Date,Stock_Price,Strike,Contracts,Premium,PnL,Capital,VIX,Status,Peak,Drawdown_%
2019-01-03,17.049999237060547,18.924149923324585,4,180.5157015956109,-569.1445729100042,49430.85542709,40.09032539330465,LOSS,49430.85542709,0.0
2019-01-04,19.0,17.135249233245847,4,163.451544713381,163.451544713381,49594.30697180338,40.09032539330465,WIN,49594.30697180338,0.0
2019-01-07,20.56999969482422,19.095,4,182.145424546638,182.145424546638,49776.45239635002,40.09032539330465,WIN,49776.45239635002,0.0
2019-01-08,20.75,20.67284969329834,4,197.19638564936707,197.19638564936707,49973.648781999385,40.09032539330465,WIN,49973.648781999385,0.0
2019-01-09,20.190000534057617,20.853749999999998,4,198.92197680751224,-66.57780956944009,49907.070972429945,40.09032539330465,LOSS,49973.648781999385,-0.1332258323979375
2019-01-10,19.739999771118164,20.2909505367279,4,193.5534852038292,-26.82682104006585,49880.24415138988,40.09032539330465,LOSS,49973.648781999385,-0.18690776616485283
2019-01-11,20.270000457763672,19.838699769973754,4,189.23950730846624,189.23950730846624,50069.483658698344,40.09032539330465,WIN,50069.483658698344,0.0
2019-01-14,20.229999542236328,20.371350460052486,4,194.3204125757837,137.7800454493204,50207.26370414766,40.09032539330465,LOSS,50207.26370414766,0.0
2019-01-15,20.3799991607666,20.331149539947507,4,193.93693974731144,193.93693974731144,50401.200643894976,40.09032539330465,WIN,50401.200643894976,0.0
2019-01-16,19.729999542236328,20.48189915657043,4,195.3749262841024,-105.38491944953898,50295.815724445434,40.09032539330465,LOSS,50401.200643894976,-0.2090920813456983
2019-01-17,20.25,19.82864953994751,4,189.14363910134819,189.14363910134819,50484.95936354678,40.09032539330465,WIN,50484.95936354678,0.0
2019-01-18,20.770000457763672,20.351249999999997,4,194.12867616154756,194.12867616154756,50679.08803970833,40.09032539330465,WIN,50679.08803970833,0.0
2019-01-22,19.760000228881836,20.873850460052488,4,199.1137132217484,-246.42637924651228,50432.66166046182,40.09032539330465,LOSS,50679.08803970833,-0.4862486457006336
2019-01-23,19.799999237060547,19.858800230026244,4,189.4312437227024,165.9108465364236,50598.57250699824,40.09032539330465,LOSS,50679.08803970833,-0.15887328644706766
2019-01-24,20.850000381469727,19.89899923324585,4,189.81469826618462,189.81469826618462,50788.38720526443,40.09032539330465,WIN,50788.38720526443,0.0
2019-01-25,21.93000030517578,20.954250383377072,4,199.8806405937029,199.8806405937029,50988.26784585813,40.09032539330465,WIN,50988.26784585813,0.0
2019-01-28,20.18000030517578,22.03965030670166,4,210.23416925758687,-533.6258313527644,50454.64201450536,40.09032539330465,LOSS,50988.26784585813,-1.0465659138803487
2019-01-29,19.25,20.280900306701657,4,193.45761699671115,-218.9025056839516,50235.73950882141,40.09032539330465,LOSS,50988.26784585813,-1.4758852748472944
2019-01-30,23.09000015258789,19.346249999999998,4,184.54207486961965,184.54207486961965,50420.28158369103,40.09032539330465,WIN,50988.26784585813,-1.1139548099264107
2019-01-31,24.40999984741211,23.205450153350828,4,221.3546252934238,221.3546252934238,50641.636208984455,40.09032539330465,WIN,50988.26784585813,-0.6798262649783875
2019-02-01,24.510000228881836,24.532049846649166,4,447.7710518373308,438.9512047303989,51080.58741371486,69.051888357987,LOSS,51080.58741371486,0.0
2019-02-04,24.1299991607666,24.632550230026244,4,420.35605821733117,219.33563051347437,51299.92304422833,65.10520463527115,LOSS,51299.92304422833,0.0
2019-02-05,23.309999465942383,24.250649156570432,4,392.80341438120666,16.54353812998687,51316.46658235832,62.22214185986712,LOSS,51316.46658235832,0.0
2019-02-06,23.260000228881836,23.426549463272092,4,371.4910909745656,304.8713972184631,51621.33797957678,61.09224245986922,LOSS,51621.33797957678,0.0
2019-02-07,22.670000076293945,23.376300230026242,4,370.9257036635386,88.4056421706199,51709.7436217474,61.12515080222191,LOSS,51709.7436217474,0.0
2019-02-08,23.049999237060547,22.78335007667541,4,361.24947977906754,361.24947977906754,52070.99310152647,61.0861224683845,WIN,52070.99310152647,0.0
2019-02-11,22.959999084472656,23.16524923324585,4,365.1335020429697,283.0334425336928,52354.02654406016,60.77458450539052,LOSS,52354.02654406016,0.0
2019-02-12,22.81999969482422,23.074799079895016,4,363.24706646872136,261.32731244040264,52615.35385650056,60.70821757775032,LOSS,52615.35385650056,0.0
2019-02-13,22.850000381469727,22.934099693298336,4,361.2727403693057,327.633015637862,52942.98687213842,60.743084434136065,LOSS,52942.98687213842,0.0
2019-02-14,23.1299991607666,22.964250383377074,4,361.8394248235519,361.8394248235519,53304.82629696197,60.75636114463009,WIN,53304.82629696197,0.0
2019-02-15,23.68000030517578,23.245649156570433,4,362.18867108876174,362.18867108876174,53667.01496805073,60.17232655128039,WIN,53667.01496805073,0.0
2019-02-19,23.950000762939453,23.79840030670166,4,370.58819696246326,370.58819696246326,54037.60316501319,60.14259993932123,WIN,54037.60316501319,0.0
2019-02-20,23.950000762939453,24.069750766754147,4,374.08351713579765,326.18351560992,54363.78668062311,60.04177643952424,LOSS,54363.78668062311,0.0
2019-02-21,23.920000076293945,24.069750766754147,4,365.117728427752,305.21745224367123,54669.00413286678,58.803715558867275,LOSS,54669.00413286678,0.0
2019-02-22,24.360000610351562,24.039600076675413,4,364.84947014540916,364.84947014540916,55033.85360301219,58.82986089978249,WIN,55033.85360301219,0.0
2019-02-25,24.709999084472656,24.48180061340332,4,366.5558660023494,366.5558660023494,55400.40946901454,58.15038151066644,WIN,55400.40946901454,0.0
2019-02-26,24.209999084472656,24.83354907989502,4,366.42545796522967,117.00545979628487,55517.41492881083,57.428047447687376,LOSS,55517.41492881083,0.0
2019-02-27,23.479999542236328,24.331049079895017,4,338.30024560053846,-2.119569462937079,55515.295359347896,54.598878237141314,LOSS,55517.41492881083,-0.003817846104061087
2019-02-28,23.530000686645508,23.597399539947506,4,323.44455520292297,296.4850138821235,55811.780373230016,53.94321715826963,LOSS,55811.780373230016,0.0
2019-03-01,23.68000030517578,23.647650690078734,4,165.4588776262451,165.4588776262451,55977.23925085626,31.641201282062465,WIN,55977.23925085626,0.0
2019-03-04,23.3700008392334,23.79840030670166,3,105.43759909786462,-23.08224114261347,55954.15700971365,28.019747739621973,LOSS,55977.23925085626,-0.04123504740770043
2019-03-05,23.5,23.48685084342956,3,104.67609725848192,104.67609725848192,56058.83310697213,28.136506875197952,WIN,56058.83310697213,0.0
2019-03-06,22.40999984741211,23.617499999999996,3,104.33133584536952,-257.91870993099656,55800.91439704114,27.962555665459767,LOSS,56058.83310697213,-0.46008576282497604
2019-03-07,22.079999923706055,22.522049846649168,3,105.45720605833088,-27.157770824603006,55773.756626216535,29.136294271038523,LOSS,56058.83310697213,-0.5085308861345912
2019-03-08,22.010000228881836,22.190399923324584,3,104.83006958185348,50.71016124902903,55824.466787465564,29.321181428976175,LOSS,56058.83310697213,-0.4180720620055483
2019-03-11,22.959999084472656,22.120050230026244,3,101.24855808495649,101.24855808495649,55925.71534555052,28.6702273948364,WIN,56058.83310697213,-0.2374608140123022
2019-03-12,23.489999771118164,23.074799079895016,4,153.586233470397,153.586233470397,56079.30157902092,30.508389294691433,WIN,56079.30157902092,0.0
2019-03-13,23.3799991607666,23.60744976997375,4,160.73198057608718,69.75173689322727,56149.05331591414,31.015296716102462,LOSS,56149.05331591414,0.0
2019-03-14,22.81999969482422,23.496899156570432,4,159.83920706044958,-110.92057763803578,56038.13273827611,30.995480940669935,LOSS,56149.05331591414,-0.19754665677790736
2019-03-15,23.290000915527344,22.934099693298336,4,160.29815395260837,160.29815395260837,56198.43089222872,31.61683648203587,WIN,56198.43089222872,0.0
2019-03-18,23.25,23.406450920104977,4,165.46895017980881,102.88858213781816,56301.31947436654,31.882276653062576,LOSS,56301.31947436654,0.0
2019-03-19,26.0,23.366249999999997,4,161.2077535742384,161.2077535742384,56462.52722794077,31.316569323027853,WIN,56462.52722794077,0.0
2019-03-20,25.700000762939453,26.129999999999995,4,261.7644705291797,89.76477570496274,56552.292003645736,41.68195302487267,LOSS,56552.292003645736,0.0
2019-03-21,27.889999389648438,25.828500766754146,4,259.86761972860097,259.86761972860097,56812.15962337434,41.82653004867481,WIN,56812.15962337434,0.0
2019-03-22,26.3700008392334,28.029449386596678,4,312.2295716256509,-351.5498473196609,56460.609776054676,45.40972608590429,LOSS,56812.15962337434,-0.6187933175753191
2019-03-25,25.969999313354492,26.501850843429562,4,310.3356775757162,97.59506554568833,56558.20484160037,47.30631757393289,LOSS,56812.15962337434,-0.44700779455933226
2019-03-26,25.690000534057617,26.09984930992126,4,306.67192115077523,142.73241080531773,56700.93725240568,47.43922486558791,LOSS,56812.15962337434,-0.19577212291521165
2019-03-27,24.889999389648438,25.8184505367279,4,301.9354362608722,-69.44502257091341,56631.49222983477,47.25512638063074,LOSS,56812.15962337434,-0.3180083185312348
2019-03-28,25.059999465942383,25.014449386596677,4,292.79534611266286,292.79534611266286,56924.28757594743,47.28998541495916,WIN,56924.28757594743,0.0
2019-03-29,25.520000457763672,25.18529946327209,4,294.8201979447967,294.8201979447967,57219.107773892225,47.29329041068254,WIN,57219.107773892225,0.0
2019-04-01,26.360000610351562,25.647600460052487,4,301.0046946010485,301.0046946010485,57520.11246849327,47.39343672489708,WIN,57520.11246849327,0.0
2019-04-02,26.75,26.491800613403317,4,312.50282613280314,312.50282613280314,57832.61529462608,47.59297864608851,WIN,57832.61529462608,0.0
2019-04-03,29.020000457763672,26.883749999999996,4,317.36448912668476,317.36448912668476,58149.97978375276,47.622421404220525,WIN,58149.97978375276,0.0
2019-04-04,29.09000015258789,29.165100460052486,4,354.2863320890302,324.2462091031922,58474.22599285595,48.76094532808182,LOSS,58474.22599285595,0.0
2019-04-05,28.979999542236328,29.235450153350826,4,352.10204819237816,249.9218037465792,58724.14779660253,48.41546233539549,LOSS,58724.14779660253,0.0
2019-04-08,28.530000686645508,29.124899539947506,4,350.8670585873236,112.90751726652417,58837.05531386905,48.42646863961715,LOSS,58837.05531386905,0.0
2019-04-09,27.239999771118164,28.672650690078733,4,345.1061026813367,-227.95426490289077,58609.101048966164,48.39021783390352,LOSS,58837.05531386905,-0.3874331638231303
2019-04-10,27.829999923706055,27.376199769973752,4,341.0394073412572,341.0394073412572,58950.14045630742,49.790975369519686,WIN,58950.14045630742,0.0
2019-04-11,27.790000915527344,27.969149923324583,4,348.3240554973517,276.6644523784561,59226.804908685874,49.77884976015284,LOSS,59226.804908685874,0.0
2019-04-12,27.850000381469727,27.928950920104977,4,343.6656273626549,312.08541190855453,59538.89032059443,49.284045355285734,LOSS,59538.89032059443,0.0
2019-04-15,27.329999923706055,27.989250383377072,4,344.2449399787973,80.54475611039015,59619.435076704816,49.26472804195001,LOSS,59619.435076704816,0.0
2019-04-16,27.93000030517578,27.46664992332458,4,340.4629353915217,340.4629353915217,59959.89801209634,49.584865236591334,WIN,59959.89801209634,0.0
2019-04-17,27.489999771118164,28.069650306701657,4,293.264544478483,61.40433024508576,60021.30234234143,43.1110533623681,LOSS,60021.30234234143,0.0
2019-04-18,27.68000030517578,27.62744976997375,4,289.3753421547156,289.3753421547156,60310.67768449614,43.19897190741138,WIN,60310.67768449614,0.0
2019-04-22,28.18000030517578,27.81840030670166,4,254.5478258208965,254.5478258208965,60565.22551031704,38.798836880809375,WIN,60565.22551031704,0.0
2019-04-23,27.969999313354492,28.320900306701656,4,241.04349162990206,100.68309429103653,60665.90860460808,36.67435163260184,LOSS,60665.90860460808,0.0
2019-04-24,28.459999084472656,28.109849309921263,4,237.72579117986967,237.72579117986967,60903.63439578794,36.49445883034062,WIN,60903.63439578794,0.0
2019-04-25,27.65999984741211,28.602299079895015,4,241.36499766482618,-135.55469532833624,60768.07970045961,36.43339840714287,LOSS,60903.63439578794,-0.22257242391713264
2019-04-26,27.8799991607666,27.79829984664917,4,233.19558705106002,233.19558705106002,61001.27528751067,36.267831301984685,WIN,61001.27528751067,0.0
2019-04-29,27.690000534057617,28.019399156570433,4,235.07604195028645,103.31659294516012,61104.591880455824,36.27087839879287,LOSS,61104.591880455824,0.0
2019-04-30,27.6299991607666,27.828450536727903,4,233.23754594223564,153.856995557715,61258.44887601354,36.24263377833167,LOSS,61258.44887601354,0.0
2019-05-01,26.809999465942383,27.76814915657043,4,227.23511402099757,-156.02476223022154,61102.42411378332,35.58466348410317,LOSS,61258.44887601354,-0.2546991722660363
2019-05-02,28.290000915527344,26.94404946327209,4,225.63699550536924,225.63699550536924,61328.06110928869,36.219423875214936,WIN,61328.06110928869,0.0
2019-05-03,28.219999313354492,28.43145092010498,4,207.66296597267964,123.08232327248501,61451.14343256118,32.6620686426805,LOSS,61451.14343256118,0.0
2019-05-06,27.420000076293945,28.36109930992126,4,207.06066297200553,-169.3790304789209,61281.764402082255,32.6517022440362,LOSS,61451.14343256118,-0.275632024105141
2019-05-07,26.65999984741211,27.55710007667541,4,206.51480888032955,-152.32528282499112,61129.439119257266,33.29384677837025,LOSS,61451.14343256118,-0.5235123308274353
2019-05-08,27.09000015258789,26.793299846649166,4,204.10298404547672,204.10298404547672,61333.542103302745,33.704720593363916,WIN,61451.14343256118,-0.19137370387174693
2019-05-09,27.209999084472656,27.225450153350828,4,195.3833292792572,189.2029017279887,61522.74500503073,32.23832090511148,LOSS,61522.74500503073,0.0
2019-05-10,27.959999084472656,27.346049079895018,4,192.5106303791191,192.5106303791191,61715.25563540985,31.783971127745094,WIN,61715.25563540985,0.0
2019-05-13,26.239999771118164,28.099799079895018,4,204.09731452115673,-539.8224089895848,61175.43322642027,32.52683931714675,LOSS,61715.25563540985,-0.8746984897521055
2019-05-14,27.31999969482422,26.371199769973753,4,216.63440225146903,216.63440225146903,61392.067628671735,35.689392624491234,WIN,61715.25563540985,-0.5236760399201532
2019-05-15,27.579999923706055,27.456599693298337,4,235.10314237756748,235.10314237756748,61627.1707710493,36.84574498959374,WIN,61715.25563540985,-0.14272786113197242
2019-05-16,28.010000228881836,27.71789992332458,4,234.85144042406003,234.85144042406003,61862.02221147336,36.54726549165594,WIN,61862.02221147336,0.0
2019-05-17,27.5,28.150050230026242,4,238.27354716241916,-21.746544848077576,61840.27566662528,36.51899126203911,LOSS,61862.02221147336,-0.03515330419322524
2019-05-20,26.68000030517578,27.637499999999996,4,235.95398521526965,-147.04589271441614,61693.22977391087,36.76178380116667,LOSS,61862.02221147336,-0.2728530874491652
2019-05-21,27.350000381469727,26.813400306701656,4,231.670196760148,231.670196760148,61924.89997067102,37.102906195806575,WIN,61924.89997067102,0.0
2019-05-22,27.40999984741211,27.48675038337707,4,241.6337097471577,210.93349536117296,62135.83346603219,37.604209265489445,LOSS,62135.83346603219,0.0
2019-05-23,26.360000610351562,27.547049846649166,4,240.10805691040264,-234.71163760863885,61901.12182842355,37.356171243695556,LOSS,62135.83346603219,-0.37773958200295377
2019-05-24,26.440000534057617,26.491800613403317,4,234.66244755893112,213.94241582065118,62115.064244244204,37.82693734786152,LOSS,62135.83346603219,-0.033425514118745045
2019-05-28,29.049999237060547,26.5722005367279,4,234.93842752965705,234.93842752965705,62350.00267177386,37.77237664389067,WIN,62350.00267177386,0.0
2019-05-29,28.09000015258789,29.195249233245846,4,312.29787304865937,-129.80175921452286,62220.20091255933,43.93908681533724,LOSS,62350.00267177386,-0.20818244370868003
2019-05-30,28.030000686645508,28.230450153350827,4,307.8736346422357,227.6938479601082,62447.89476051944,44.63326626097141,LOSS,62447.89476051944,0.0
2019-05-31,27.40999984741211,28.17015069007873,4,302.4504587175146,-1.6098783491342488,62446.28488217031,44.07098910021033,LOSS,62447.89476051944,-0.0025779545576455165
2019-06-03,27.579999923706055,27.547049846649166,4,284.0579633602422,284.0579633602422,62730.34284553055,42.65900429997737,WIN,62730.34284553055,0.0
2019-06-04,29.56999969482422,27.71789992332458,4,286.05028519912537,286.05028519912537,63016.39313072967,42.6866514172968,WIN,63016.39313072967,0.0
2019-06-05,29.5,29.717849693298337,4,327.3199938407995,240.18011652146464,63256.57324725114,44.99397950808164,LOSS,63256.57324725114,0.0
2019-06-06,31.81999969482422,29.647499999999997,4,321.466925659108,321.466925659108,63578.040172910245,44.424670028545776,WIN,63578.040172910245,0.0
2019-06-07,32.40999984741211,31.979099693298338,4,372.741397547123,372.741397547123,63950.781570457366,47.12623496505177,WIN,63950.781570457366,0.0
2019-06-10,33.22999954223633,32.572049846649165,4,379.97984030056244,379.97984030056244,64330.76141075793,47.15961761043194,WIN,64330.76141075793,0.0
2019-06-11,32.40999984741211,33.39614953994751,4,389.1962558205433,-5.263621193616302,64325.49778956431,47.120067941252586,LOSS,64330.76141075793,-0.00818212170692343
2019-06-12,32.18000030517578,32.572049846649165,4,358.9983203817453,202.1785037923919,64527.6762933567,45.018616218319515,LOSS,64527.6762933567,0.0
2019-06-13,31.389999389648438,32.340900306701656,4,352.8167238429381,-27.54364297834917,64500.13265037835,44.6451501880217,LOSS,64527.6762933567,-0.04268500674521727
2019-06-14,30.360000610351562,31.546949386596676,4,349.7153972174401,-125.06411328060534,64375.068537097744,45.2309541800641,LOSS,64527.6762933567,-0.23649969288397824
2019-06-17,29.200000762939453,30.511800613403317,4,345.24739774683314,-179.47254243871225,64195.59599465903,45.99426536803723,LOSS,64527.6762933567,-0.5146323527721067
2019-06-18,30.450000762939453,29.34600076675415,4,338.1185249473949,338.1185249473949,64533.71451960642,46.68089172667156,WIN,64533.71451960642,0.0
2019-06-19,30.5,30.602250766754146,4,353.25086359046725,312.3505568888088,64846.06507649523,46.75236688087625,LOSS,64846.06507649523,0.0
2019-06-20,30.010000228881836,30.652499999999996,4,352.3364741952175,95.33656574795333,64941.40164224318,46.59032207225147,LOSS,64941.40164224318,0.0
2019-06-21,29.100000381469727,30.160050230026243,4,348.87192453510374,-75.148014887503,64866.253627355676,46.83232051826399,LOSS,64941.40164224318,-0.11571665068378024
2019-06-24,29.260000228881836,29.24550038337707,4,335.3654670377123,335.3654670377123,65201.61909439339,46.499608512259286,WIN,65201.61909439339,0.0
2019-06-25,28.860000610351562,29.406300230026243,4,337.1755115251039,118.65566365523159,65320.274758048625,46.49577827985054,LOSS,65320.274758048625,0.0
2019-06-26,29.920000076293945,29.004300613403316,4,288.1709380306126,288.1709380306126,65608.44569607923,41.40834439129357,WIN,65608.44569607923,0.0
2019-06-27,30.739999771118164,30.06960007667541,4,298.6845736988886,298.6845736988886,65907.13026977812,41.40054069140341,WIN,65907.13026977812,0.0
2019-06-28,30.3700008392334,30.89369976997375,4,309.68980149276183,100.21022919662107,66007.34049897474,41.703863606836094,LOSS,66007.34049897474,0.0
2019-07-01,31.200000762939453,30.52185084342956,4,303.36379250774326,303.36379250774326,66310.70429148249,41.42090035163738,WIN,66310.70429148249,0.0
2019-07-02,31.239999771118164,31.356000766754146,4,314.28759380605703,267.88719555166415,66578.59148703415,41.69999644310113,LOSS,66578.59148703415,0.0
2019-07-03,31.190000534057617,31.39619976997375,4,286.7205141564799,204.24081979002614,66782.83230682417,38.73898206950922,LOSS,66782.83230682417,0.0
2019-07-05,31.5,31.3459505367279,4,286.20937724750723,286.20937724750723,67069.04168407168,38.73344242310753,WIN,67069.04168407168,0.0
2019-07-08,32.040000915527344,31.657499999999995,4,245.78015473527947,245.78015473527947,67314.82183880697,34.19011246140712,WIN,67314.82183880697,0.0
2019-07-09,33.150001525878906,32.200200920104976,4,249.56907285113948,249.56907285113948,67564.3909116581,34.14629911112589,WIN,67564.3909116581,0.0
2019-07-10,33.790000915527344,33.3157515335083,4,263.0266639619606,263.0266639619606,67827.41757562007,34.62631210658488,WIN,67827.41757562007,0.0
2019-07-11,33.060001373291016,33.958950920104975,4,265.0801289938715,-94.4996897317123,67732.91788588835,34.330282858039716,LOSS,67827.41757562007,-0.1393237323628916
2019-07-12,33.209999084472656,33.22530138015747,4,263.3800834155144,257.2591651415896,67990.17705102994,34.73310251705624,LOSS,67990.17705102994,0.0
2019-07-15,34.38999938964844,33.37604907989502,4,258.40493538433907,258.40493538433907,68248.58198641428,34.11865452217715,WIN,68248.58198641428,0.0
2019-07-16,33.849998474121094,34.56194938659667,4,263.2920205360759,-21.48834445415588,68227.09364196012,33.70567191459938,LOSS,68248.58198641428,-0.03148540794362641
2019-07-17,33.599998474121094,34.019248466491696,4,244.71678388119216,77.01678693295122,68304.11042889307,32.29477168464102,LOSS,68304.11042889307,0.0
2019-07-18,33.0,33.7679984664917,4,231.4627584562225,-75.73662814045639,68228.37380075261,31.168096590598108,LOSS,68304.11042889307,-0.11088150868943426
2019-07-19,32.5099983215332,33.165,4,232.33929302169852,-29.661378365019885,68198.71242238759,31.670166764913517,LOSS,68304.11042889307,-0.1543069748565152
2019-07-22,32.849998474121094,32.672548313140865,4,228.42130981910086,228.42130981910086,68427.13373220668,31.622549249672822,WIN,68427.13373220668,0.0
2019-07-23,33.4900016784668,33.01424846649169,4,218.0618925766526,218.0618925766526,68645.19562478333,30.339105929971602,WIN,68645.19562478333,0.0
2019-07-24,34.11000061035156,33.657451686859126,4,224.10171692950578,224.10171692950578,68869.29734171284,30.51601070643722,WIN,68869.29734171284,0.0
2019-07-25,33.66999816894531,34.280550613403314,4,224.4183933953047,-19.80258438789582,68849.49475732494,30.144462528854547,LOSS,68869.29734171284,-0.028753864424730192
2019-07-26,34.02000045776367,33.83834815979004,3,162.2677509323837,162.2677509323837,69011.76250825732,29.63698981066188,WIN,69011.76250825732,0.0
2019-07-29,33.47999954223633,34.190100460052484,3,159.94578280069499,-53.08449254415186,68958.67801571317,29.117385334431745,LOSS,69011.76250825732,-0.07692093436651064
2019-07-30,33.869998931884766,33.64739953994751,3,158.70521085909638,158.70521085909638,69117.38322657227,29.288375876278764,WIN,69117.38322657227,0.0
2019-07-31,30.450000762939453,34.039348926544186,3,156.3240826804502,-920.4803664009698,68196.9028601713,28.737686467234877,LOSS,69117.38322657227,-1.3317639115236164
2019-08-01,29.860000610351562,30.602250766754146,4,274.5119103780355,-22.388152182997942,68174.5147079883,38.200491533011146,LOSS,69117.38322657227,-1.3641554042825572
2019-08-02,29.440000534057617,30.00930061340332,4,271.28962154543234,43.56958980715166,68218.08429779546,38.43271052050562,LOSS,69117.38322657227,-1.3011183103226591
2019-08-05,27.989999771118164,29.587200536727902,4,267.38819684225257,-371.4921094016428,67846.59218839381,38.423098774189526,LOSS,69117.38322657227,-1.8385983074803431
2019-08-06,28.860000610351562,28.129949769973752,4,263.12565083160735,263.12565083160735,68109.71783922543,39.47552174713231,WIN,69117.38322657227,-1.4579044233252272
2019-08-07,29.190000534057617,29.004300613403316,4,269.6465010358744,269.6465010358744,68379.36434026131,39.285551060167364,WIN,69117.38322657227,-1.0677760815852657
2019-08-08,33.91999816894531,29.335950536727903,4,270.63152774197323,270.63152774197323,68649.99586800329,39.04782222929447,WIN,69117.38322657227,-0.6762225893837072
2019-08-09,34.189998626708984,34.089598159790036,4,459.84906570213184,459.84906570213184,69109.84493370542,53.22076080509645,WIN,69117.38322657227,-0.010906507907198862
2019-08-12,32.43000030517578,34.360948619842524,4,463.62662750209296,-308.7526983646043,68801.09223534081,53.23209754962472,LOSS,69117.38322657227,-0.4576142447329602
2019-08-13,32.11000061035156,32.592150306701654,4,445.8623079262491,253.00242938621233,69054.09466472702,53.85435340015995,LOSS,69117.38322657227,-0.0915667794276753
2019-08-14,30.239999771118164,32.270550613403316,4,440.925982299621,-371.29435461443967,68682.80031011258,53.799062767851524,LOSS,69117.38322657227,-0.628760662184066
2019-08-15,29.670000076293945,30.391199769973753,4,426.97378359348824,138.49390612156532,68821.29421623415,55.081490450965816,LOSS,69117.38322657227,-0.4283857352751927
2019-08-16,31.18000030517578,29.81835007667541,4,419.0305252010325,419.0305252010325,69240.32474143518,55.09317811667272,WIN,69240.32474143518,0.0
2019-08-19,31.479999542236328,31.335900306701657,4,450.7293562857457,450.7293562857457,69691.05409772093,56.19342214153706,WIN,69691.05409772093,0.0
2019-08-20,30.719999313354492,31.637399539947506,4,454.9961128149386,88.03602217773323,69779.09011989867,56.186073577265006,LOSS,69779.09011989867,0.0
2019-08-21,31.700000762939453,30.87359930992126,4,444.12537869963023,444.12537869963023,70223.21549859829,56.19833856950318,WIN,70223.21549859829,0.0
2019-08-22,31.899999618530273,31.858500766754148,4,461.1690754506224,461.1690754506224,70684.38457404892,56.49834477558208,WIN,70684.38457404892,0.0
2019-08-23,29.540000915527344,32.05949961662292,4,463.87523991427554,-543.9242405239559,70140.46033352497,56.47725725721318,LOSS,70684.38457404892,-0.7695111781784484
2019-08-26,30.280000686645508,29.687700920104977,4,446.19906183028587,446.19906183028587,70586.65939535525,58.34041675641471,WIN,70684.38457404892,-0.138255683037449
2019-08-27,30.200000762939453,30.431400690078732,4,460.01264825617875,367.4526774004672,70954.11207275571,58.62831655518802,LOSS,70954.11207275571,0.0
2019-08-28,30.780000686645508,30.351000766754147,4,457.95589642561436,457.95589642561436,71412.06796918133,58.53617564487012,WIN,71412.06796918133,0.0
2019-08-29,31.450000762939453,30.933900690078733,4,431.5186766358721,431.5186766358721,71843.5866458172,54.75059406595361,WIN,71843.5866458172,0.0
2019-08-30,31.450000762939453,31.60725076675415,4,440.4174791808014,377.5174776549232,72221.10412347212,54.698622306247785,LOSS,72221.10412347212,0.0
2019-09-03,30.899999618530273,31.60725076675415,4,439.1728642461194,156.2724049565693,72377.3765284287,54.56774227781683,LOSS,72377.3765284287,0.0
2019-09-04,30.950000762939453,31.054499616622923,4,421.76306759753527,379.9635261241472,72757.34005455284,53.52640662649218,LOSS,72757.34005455284,0.0
2019-09-05,31.5,31.104750766754147,4,419.8117204547227,419.8117204547227,73177.15177500756,53.24496673095709,WIN,73177.15177500756,0.0
2019-09-06,30.559999465942383,31.657499999999995,4,427.78901963306953,-11.21119398997547,73165.94058101758,53.29924710143513,LOSS,73177.15177500756,-0.015320620874186426
2019-09-09,30.5,30.71279946327209,4,292.4417834580425,207.32199814920597,73373.26257916678,40.03353752386155,LOSS,73373.26257916678,0.0
2019-09-10,30.229999542236328,30.652499999999996,4,290.8997682012607,121.89958509579344,73495.16216426257,39.928590702128474,LOSS,73495.16216426257,0.0
2019-09-11,29.760000228881836,30.381149539947508,4,274.4195740570919,25.959849630823157,73521.12201389339,38.4073699375896,LOSS,73521.12201389339,0.0
2019-09-12,30.209999084472656,29.90880023002624,4,270.8382530257701,270.8382530257701,73791.96026691915,38.483515603315084,WIN,73791.96026691915,0.0
2019-09-13,30.690000534057617,30.361049079895015,4,255.07011772509657,255.07011772509657,74047.03038464425,36.30899638454762,WIN,74047.03038464425,0.0
2019-09-16,30.829999923706055,30.843450536727904,4,257.79105046684975,252.41080525811014,74299.44118990237,36.16547663780582,LOSS,74299.44118990237,0.0
2019-09-17,30.989999771118164,30.984149923324583,4,239.87501719960864,239.87501719960864,74539.31620710198,34.117443114572275,WIN,74539.31620710198,0.0
2019-09-18,30.420000076293945,31.144949769973753,4,240.55731296757656,-49.42256450434641,74489.89364259763,34.057404187278294,LOSS,74539.31620710198,-0.06630402184939695
2019-09-19,30.290000915527344,30.57210007667541,4,234.19833407254086,121.35866961331371,74611.25231221094,33.84710051373918,LOSS,74611.25231221094,0.0
2019-09-20,30.049999237060547,30.441450920104977,4,224.2610539586533,67.68038074088133,74678.93269295183,32.871382682966235,LOSS,74678.93269295183,0.0
2019-09-23,30.639999389648438,30.200249233245845,4,222.1061178703957,222.1061178703957,74901.03881082223,32.82978010297916,WIN,74901.03881082223,0.0
2019-09-24,29.520000457763672,30.793199386596676,3,131.53180838520376,-250.42787026469745,74650.61094055753,27.31515073746325,LOSS,74901.03881082223,-0.3343449893895401
2019-09-25,29.540000915527344,29.667600460052487,3,133.29674833048466,95.0168849729417,74745.62782553046,28.296983577984996,LOSS,74901.03881082223,-0.2074884244052781
2019-09-26,29.469999313354492,29.687700920104977,3,133.39098837920773,68.0805063540624,74813.70833188453,28.297570010001216,LOSS,74901.03881082223,-0.11659448296607829
2019-09-27,28.719999313354492,29.617349309921263,3,129.43092598953592,-139.77407298049525,74673.93425890403,27.752325155658063,LOSS,74901.03881082223,-0.303206144432512
2019-09-30,28.989999771118164,28.863599309921263,3,125.01944213309251,125.01944213309251,74798.95370103713,27.580744798031525,WIN,74901.03881082223,-0.13629331636231906
2019-10-01,28.760000228881836,29.13494976997375,3,127.62808971256509,15.14322738499051,74814.09692842212,27.7987635155822,LOSS,74901.03881082223,-0.11607566968422621
2019-10-02,28.309999465942383,28.903800230026242,3,125.1480207287315,-52.99220849642626,74761.1047199257,27.573761342476008,LOSS,74901.03881082223,-0.18682530058088526
2019-10-03,28.68000030517578,28.45154946327209,3,124.09695775747514,124.09695775747514,74885.20167768317,27.715051539822777,WIN,74901.03881082223,-0.021144076758470097
2019-10-04,29.010000228881836,28.823400306701657,3,124.11968190160442,124.11968190160442,75009.32135958478,27.46917632634764,WIN,75009.32135958478,0.0
2019-10-07,28.93000030517578,29.15505023002624,3,121.36056433130253,53.845586876164646,75063.16694646094,26.8327014452941,LOSS,75063.16694646094,0.0
2019-10-08,28.229999542236328,29.074650306701656,3,121.0236696160641,-132.37155972353432,74930.79538673742,26.832362659016333,LOSS,75063.16694646094,-0.17634688903805804
2019-10-09,28.459999084472656,28.371149539947506,3,121.75302018761138,121.75302018761138,75052.54840692502,27.40370048080591,WIN,75063.16694646094,-0.01414613846960977
2019-10-10,28.3799991607666,28.602299079895015,3,122.33813359535897,55.648157856834814,75108.19656478186,27.340663170302598,LOSS,75108.19656478186,0.0
2019-10-11,29.75,28.52189915657043,3,119.24313483750788,119.24313483750788,75227.43969961937,26.913205094500334,WIN,75227.43969961937,0.0
2019-10-14,30.530000686645508,29.898749999999996,3,143.67730339912177,143.67730339912177,75371.11700301849,29.681667315529246,WIN,75371.11700301849,0.0
2019-10-15,30.719999313354492,30.68265069007873,4,203.73719519819213,203.73719519819213,75574.85419821668,30.4556323342295,WIN,75574.85419821668,0.0
2019-10-16,30.809999465942383,30.87359930992126,4,205.128452042801,179.68851445124986,75754.54271266793,30.46890960725093,LOSS,75754.54271266793,0.0
2019-10-17,31.139999389648438,30.96404946327209,4,202.27880237732245,202.27880237732245,75956.82151504525,30.098515907145817,WIN,75956.82151504525,0.0
2019-10-18,30.969999313354492,31.295699386596677,4,205.07475936677366,74.79473006989963,76031.61624511515,30.16535936265391,LOSS,76031.61624511515,0.0
2019-10-21,32.029998779296875,31.124849309921263,4,203.53529136454648,203.53529136454648,76235.1515364797,30.120517424429202,WIN,76235.1515364797,0.0
2019-10-22,31.510000228881836,32.19014877319336,4,218.02094533032053,-54.038472394287936,76181.11306408541,30.896908950363745,LOSS,76235.1515364797,-0.07088393123797503
2019-10-23,31.360000610351562,31.66755023002624,3,151.6069795556774,59.34209365327412,76240.45515773869,29.601868522950603,LOSS,76240.45515773869,0.0
2019-10-24,31.719999313354492,31.516800613403316,3,151.35245131445726,151.35245131445726,76391.80760905314,29.667559366066747,WIN,76391.80760905314,0.0
2019-10-25,32.709999084472656,31.87859930992126,3,153.32708355447522,153.32708355447522,76545.13469260761,29.700530356083718,WIN,76545.13469260761,0.0
2019-10-28,33.689998626708984,32.873549079895014,3,155.82962745909484,155.82962745909484,76700.9643200667,29.392778182757716,WIN,76700.9643200667,0.0
2019-10-29,33.029998779296875,33.85844861984253,3,164.92770181798,-83.60725034571553,76617.357069721,29.9725268921641,LOSS,76700.9643200667,-0.10900417105165029
2019-10-30,33.130001068115234,33.19514877319335,4,220.95960250389672,194.90052047264945,76812.25759019365,30.509606721674615,LOSS,76812.25759019365,0.0
2019-10-31,33.93000030517578,33.29565107345581,3,161.97424031612044,161.97424031612044,76974.23183050977,29.94430694513622,WIN,76974.23183050977,0.0
2019-11-01,34.88999938964844,34.099650306701655,4,223.74955101842193,223.74955101842193,77197.9813815282,30.19470154228498,WIN,77197.9813815282,0.0
2019-11-04,36.290000915527344,35.06444938659668,4,234.2266039159592,234.2266039159592,77432.20798544415,30.58773390483109,WIN,77432.20798544415,0.0
2019-11-05,36.150001525878906,36.47145092010498,4,251.60717507902254,123.02741738859388,77555.23540283275,31.315147643546094,LOSS,77555.23540283275,0.0
2019-11-06,35.93000030517578,36.3307515335083,4,238.41063337352546,78.11014204051867,77633.34554487327,30.19665973046248,LOSS,77633.34554487327,0.0
2019-11-07,36.279998779296875,36.10965030670166,4,240.70497713777712,240.70497713777712,77874.05052201105,30.541393481068084,WIN,77874.05052201105,0.0
2019-11-08,36.290000915527344,36.46139877319335,4,240.45943050635046,171.90028743994716,78045.950809451,30.3052701142189,LOSS,78045.950809451,0.0
2019-11-11,36.310001373291016,36.47145092010498,3,168.7805252237191,120.34566117953042,78166.29647063052,28.894085239707476,LOSS,78166.29647063052,0.0
2019-11-12,36.709999084472656,36.49155138015747,3,166.8905574510175,166.8905574510175,78333.18702808153,28.653265827741453,WIN,78333.18702808153,0.0
2019-11-13,37.52000045776367,36.89354907989502,3,168.69554017894168,168.69554017894168,78501.88256826048,28.649240070214866,WIN,78501.88256826048,0.0
2019-11-14,38.349998474121094,37.70760046005249,3,173.5723270575536,173.5723270575536,78675.45489531803,28.784929037291338,WIN,78675.45489531803,0.0
2019-11-15,38.560001373291016,38.5417484664917,3,178.8567072614627,178.8567072614627,78854.3116025795,28.9510448669678,WIN,78854.3116025795,0.0
2019-11-18,39.880001068115234,38.752801380157464,3,177.338356360276,177.338356360276,79031.64995893977,28.665409591123726,WIN,79031.64995893977,0.0
2019-11-19,41.290000915527344,40.079401073455806,3,183.41195249078308,183.41195249078308,79215.06191143056,28.665728742169463,WIN,79215.06191143056,0.0
2019-11-20,40.97999954223633,41.49645092010498,3,186.4645730367773,31.529159676182786,79246.59107110674,28.299195535219084,LOSS,79246.59107110674,0.0
2019-11-21,39.52000045776367,41.18489953994751,3,186.31904816343683,-313.1506764917142,78933.44039461503,28.43417676793884,LOSS,79246.59107110674,-0.3951598072032256
2019-11-22,39.150001525878906,39.71760046005249,4,270.6112086359467,43.571634966514125,78977.01202958154,31.03143244299226,LOSS,79246.59107110674,-0.34017746111414254
2019-11-25,39.790000915527344,39.3457515335083,4,267.3890864594564,267.3890864594564,79244.401116041,30.973265352340597,WIN,79246.59107110674,-0.0027634691109613917
2019-11-26,38.9900016784668,39.988950920104976,4,266.84362477568595,-132.73607187958578,79111.66504416142,30.56461939308243,LOSS,79246.59107110674,-0.17026098551577504
2019-11-27,39.40999984741211,39.18495168685913,4,261.8453177119778,261.8453177119778,79373.5103618734,30.595725685196097,WIN,79373.5103618734,0.0
2019-11-29,39.150001525878906,39.60704984664917,4,264.3113439657736,81.49201565766867,79455.00237753107,30.565972126241505,LOSS,79455.00237753107,0.0
2019-12-02,38.72999954223633,39.3457515335083,4,262.06697360402245,15.766177095234184,79470.76855462631,30.52368085310404,LOSS,79470.76855462631,0.0
2019-12-03,38.900001525878906,38.923649539947505,4,256.9008152512462,247.4416096238068,79718.21016425012,30.3226110328897,LOSS,79718.21016425012,0.0
2019-12-04,39.689998626708984,39.0945015335083,3,180.82175598964483,180.82175598964483,79899.03192023977,28.88302443067924,WIN,79899.03192023977,0.0
2019-12-05,39.619998931884766,39.88844861984253,3,186.55375671399744,106.01885032666877,80005.05077056643,29.11186945426035,LOSS,80005.05077056643,0.0
2019-12-06,39.630001068115234,39.81809892654419,3,185.4132709228036,128.9839133941175,80134.03468396055,29.0215555040025,LOSS,80134.03468396055,0.0
2019-12-09,38.93000030517578,39.82815107345581,3,185.42256532948846,-84.02266515451919,80050.01201880602,29.01738142034503,LOSS,80134.03468396055,-0.10485265778255061
2019-12-10,39.439998626708984,39.12465030670165,3,186.8600552895053,186.8600552895053,80236.87207409553,29.551185229157838,WIN,80236.87207409553,0.0
2019-12-11,39.470001220703125,39.63719861984252,3,190.03119285842035,139.87197311660128,80376.74404721214,29.63204224105263,LOSS,80376.74404721214,0.0
2019-12-12,42.59000015258789,39.66735122680664,3,189.79227576867243,189.79227576867243,80566.53632298081,29.589200259410354,WIN,80566.53632298081,0.0
2019-12-13,41.150001525878906,42.80295015335083,4,337.5948810840041,-323.58456990476463,80242.95175307605,34.600463705099926,LOSS,80566.53632298081,-0.40163644196835696
2019-12-16,42.349998474121094,41.3557515335083,4,338.9014088138515,338.9014088138515,80581.8531618899,35.6228274769663,WIN,80581.8531618899,0.0
2019-12-17,42.77000045776367,42.56174846649169,4,354.99370527221976,354.99370527221976,80936.84686716212,36.10773196390066,WIN,80936.84686716212,0.0
2019-12-18,42.29999923706055,42.98385046005249,4,349.64954272150766,76.10905352473156,81012.95592068686,35.422263239975095,LOSS,81012.95592068686,0.0
2019-12-19,42.83000183105469,42.51149923324584,4,336.46856001766514,336.46856001766514,81349.42448070452,34.69212733271017,WIN,81349.42448070452,0.0
2019-12-20,44.150001525878906,43.044151840209956,4,340.9092284576756,340.9092284576756,81690.3337091622,34.70948932640009,WIN,81690.3337091622,0.0
2019-12-23,45.459999084472656,44.3707515335083,4,341.4341605692952,341.4341605692952,82031.76786973148,33.96177819877001,WIN,82031.76786973148,0.0
2019-12-24,46.540000915527344,45.68729907989501,4,354.69820602807346,354.69820602807346,82386.46607575956,34.189714950740495,WIN,82386.46607575956,0.0
2019-12-26,46.630001068115234,46.772700920104974,4,365.29551319056134,308.2155723946655,82694.68164815422,34.34396572581639,LOSS,82694.68164815422,0.0
2019-12-27,46.18000030517578,46.8631510734558,4,356.3618327126504,83.10152540064155,82777.78317355487,33.66025083760524,LOSS,82777.78317355487,0.0
2019-12-30,45.52000045776367,46.410900306701656,4,357.0314084937375,0.6714689185438942,82778.45464247341,33.95449111577584,LOSS,82778.45464247341,0.0
2019-12-31,45.86000061035156,45.74760046005249,4,355.32937502963546,355.32937502963546,83133.78401750304,34.20155840924381,WIN,83133.78401750304,0.0
2020-01-02,49.099998474121094,46.08930061340332,4,353.62431469600995,353.62431469600995,83487.40833219905,33.887202124086926,WIN,83487.40833219905,0.0
2020-01-03,48.599998474121094,49.34549846649169,4,422.0687275381871,123.86873058994831,83611.277062789,36.81456581467131,LOSS,83611.277062789,0.0
2020-01-06,48.38999938964844,48.84299846649169,4,421.9898906477329,240.79025991043073,83852.06732269943,37.10167988826011,LOSS,83852.06732269943,0.0
2020-01-07,48.25,48.63194938659667,4,420.92423518962005,268.1444805509507,84120.21180325038,37.153467898165246,LOSS,84120.21180325038,0.0
2020-01-08,47.83000183105469,48.491249999999994,4,420.5056598658592,156.00639228773667,84276.21819553811,37.20824868866454,LOSS,84276.21819553811,0.0
2020-01-09,48.970001220703125,48.069151840209955,4,412.23551320984404,412.23551320984404,84688.45370874795,36.889505471779245,WIN,84688.45370874795,0.0
2020-01-10,48.16999816894531,49.21485122680664,4,423.8616798671689,5.9204567226391305,84694.3741654706,37.011121193035294,LOSS,84694.3741654706,0.0
2020-01-13,48.75,48.410848159790035,4,423.83894915553304,423.83894915553304,85118.21311462612,37.484970332326405,WIN,85118.21311462612,0.0
2020-01-14,48.209999084472656,48.99374999999999,4,370.05299299378254,56.55262678284845,85174.76574140898,33.489934321740705,LOSS,85174.76574140898,0.0
2020-01-15,48.54999923706055,48.451049079895014,4,347.46586195273625,347.46586195273625,85522.23160336171,32.22165878077247,WIN,85522.23160336171,0.0
2020-01-16,49.77000045776367,48.79274923324584,4,343.2720451942363,343.2720451942363,85865.50364855594,31.769053182086083,WIN,85865.50364855594,0.0
2020-01-17,50.93000030517578,50.018850460052484,4,356.4207667531492,356.4207667531492,86221.92441530908,32.069585512133365,WIN,86221.92441530908,0.0
2020-01-21,51.04999923706055,51.184650306701656,4,362.1293758627043,308.2689480062608,86530.19336331534,31.900845196291385,LOSS,86530.19336331534,0.0
2020-01-22,51.43000030517578,51.305249233245846,4,363.54876330500946,363.54876330500946,86893.74212662035,31.93752259219854,WIN,86893.74212662035,0.0
2020-01-23,51.709999084472656,51.68715030670165,4,358.53588303038345,358.53588303038345,87252.27800965073,31.44115295319972,WIN,87252.27800965073,0.0
2020-01-24,50.349998474121094,51.96854907989501,4,352.49139845137023,-294.92884385819735,86957.34916579253,30.929728183939467,LOSS,87252.27800965073,-0.3380185028814714
2020-01-27,49.2599983215332,50.60174846649169,4,353.57745701049186,-183.12260097290374,86774.22656481963,31.61000227840789,LOSS,87252.27800965073,-0.5478956604184301
2020-01-28,50.529998779296875,49.50629831314087,4,355.1558004742043,355.1558004742043,87129.38236529384,32.22986544833932,WIN,87252.27800965073,-0.14085092923682335
2020-01-29,47.5099983215332,50.78264877319335,4,368.6662494539818,-940.3939312100775,86188.98843408376,32.51483299291613,LOSS,87252.27800965073,-1.218638183233871
2020-01-30,48.779998779296875,47.74754831314086,4,392.66909595110843,392.66909595110843,86581.65753003486,35.719467547700646,WIN,87252.27800965073,-0.7685993935215025
2020-01-31,47.0,49.02389877319335,4,409.5349586496428,-400.024550627698,86181.63297940716,36.151296201863936,LOSS,87252.27800965073,-1.2270682836786777
2020-02-03,48.02000045776367,47.23499999999999,4,352.6886601319408,352.6886601319408,86534.3216395391,33.20281547078811,WIN,87252.27800965073,-0.8228511466854956
2020-02-04,49.45000076293945,48.260100460052485,4,366.0928017588949,366.0928017588949,86900.414441298,33.598827183384955,WIN,87252.27800965073,-0.40327149775255205
2020-02-05,49.84000015258789,49.697250766754145,4,387.88277187648856,387.88277187648856,87288.29721317449,34.32701040783462,WIN,87288.29721317449,0.0
2020-02-06,49.31999969482422,50.08920015335082,4,391.18095698305353,83.50077357241162,87371.7979867469,34.342873092543485,LOSS,87371.7979867469,0.0
2020-02-07,49.72999954223633,49.566599693298336,4,387.6044893605607,387.6044893605607,87759.40247610745,34.37672807487587,WIN,87759.40247610745,0.0
2020-02-10,52.2599983215332,49.978649539947504,4,384.91976045723294,384.91976045723294,88144.3222365647,33.98390169063653,WIN,88144.3222365647,0.0
2020-02-11,53.79999923706055,52.52129831314086,4,430.36551697395976,430.36551697395976,88574.68775353866,35.620604676348876,WIN,88574.68775353866,0.0
2020-02-12,53.88999938964844,54.06899923324585,4,450.22474800446355,378.6248105654996,88953.31256410416,36.06180049089651,LOSS,88953.31256410416,0.0
2020-02-13,54.529998779296875,54.15944938659668,4,447.59288100689236,447.59288100689236,89400.90544511104,35.85406357517511,WIN,89400.90544511104,0.0
2020-02-14,55.310001373291016,54.802648773193354,4,453.3417926054515,453.3417926054515,89854.2472377165,35.880341807533895,WIN,89854.2472377165,0.0
2020-02-18,56.88999938964844,55.586551380157466,4,455.8274820209677,455.8274820209677,90310.07471973746,35.64122939347272,WIN,90310.07471973746,0.0
2020-02-19,58.900001525878906,57.17444938659667,4,471.770811964441,471.770811964441,90781.8455317019,35.81109758954457,WIN,90781.8455317019,0.0
2020-02-20,57.27000045776367,59.194501533508294,4,499.6307925519337,-270.1696377459152,90511.67589395598,36.43950097100296,LOSS,90781.8455317019,-0.29760315640594664
2020-02-21,53.279998779296875,57.556350460052485,4,501.2495712217415,-1209.2911010805026,89302.38479287548,37.33144195173908,LOSS,90781.8455317019,-1.6296878854591805
2020-02-24,49.119998931884766,53.54639877319335,4,526.063407968285,-1244.4965285551498,88057.88826432034,41.03936100592572,LOSS,90781.8455317019,-3.0005528654188067
2020-02-25,47.56999969482422,49.36559892654419,4,533.7306472202389,-184.5090454677486,87873.37921885258,44.32105001898053,LOSS,90781.8455317019,-3.203797296491012
2020-02-26,47.4900016784668,47.80784969329834,4,521.0227534866162,393.8835475540002,88267.26276640658,44.60846810596185,LOSS,90781.8455317019,-2.7699180938298937
2020-02-27,44.0099983215332,47.727451686859126,4,514.005147739447,-972.9761983909223,87294.28656801565,44.18078242619208,LOSS,90781.8455317019,-3.8416920731891855
2020-02-28,45.47999954223633,44.23004831314086,4,489.1519522122302,489.1519522122302,87783.43852022788,45.14358775940224,WIN,90781.8455317019,-3.3028707379901685
2020-03-02,47.459999084472656,45.7073995399475,4,508.80861105290353,508.80861105290353,88292.24713128078,45.384881378333304,WIN,90781.8455317019,-2.7423967708959265
2020-03-03,46.75,47.69729907989502,4,536.3236262296415,157.40399427163436,88449.65112555241,45.758645442966724,LOSS,90781.8455317019,-2.5690096874435784
2020-03-04,50.11000061035156,46.98374999999999,4,526.5813739165013,526.5813739165013,88976.23249946891,45.63704847158407,WIN,90781.8455317019,-1.9889582786708684
2020-03-05,48.11000061035156,50.36055061340331,4,597.9953757859239,-302.22462543477593,88674.00787403414,47.85247041085521,LOSS,90781.8455317019,-2.321871344785205
2020-03-06,48.59000015258789,48.350550613403314,4,585.4379997204953,585.4379997204953,89259.44587375464,48.629940358198844,WIN,90781.8455317019,-1.6769869008838578
2020-03-09,43.27000045776367,48.83295015335082,4,591.3271824852256,-1633.8526957496344,87625.593178005,48.633220595959315,LOSS,90781.8455317019,-3.4767439846711437
2020-03-10,45.380001068115234,43.486350460052485,4,593.993340451154,593.993340451154,88219.58651845616,53.78539762470702,WIN,90781.8455317019,-2.8224354751093657
2020-03-11,45.70000076293945,45.60690107345581,4,621.5788170494159,621.5788170494159,88841.16533550558,53.68484305967434,WIN,90781.8455317019,-2.137740409252439
2020-03-12,39.0099983215332,45.92850076675415,4,619.3641280471628,-2148.036850041215,86693.12848546436,53.207378463315855,LOSS,90781.8455317019,-4.503892845855086
2020-03-13,43.900001525878906,39.205048313140864,4,614.0649088233353,614.0649088233353,87307.1933942877,60.44480870970703,WIN,90781.8455317019,-3.827474664194639
2020-03-16,38.709999084472656,44.1195015335083,4,773.5195781917492,-1390.2814014225078,85916.91199286518,66.6584112155383,LOSS,90781.8455317019,-5.3589277793849615
2020-03-17,41.880001068115234,38.903549079895015,4,720.5915632658729,720.5915632658729,86637.50355613105,69.949368762619,WIN,90781.8455317019,-4.565166032148577
2020-03-18,39.119998931884766,42.089401073455804,4,807.2685619934393,-380.4922946349759,86257.01126149608,72.13418314195195,LOSS,90781.8455317019,-4.9842942096013
2020-03-19,39.81999969482422,39.31559892654418,4,754.1147391373001,754.1147391373001,87011.12600063338,72.13818160991886,WIN,90781.8455317019,-4.1536052819632845
2020-03-20,39.61000061035156,40.01909969329834,4,771.3297947721776,607.6901615934679,87618.81616222684,72.44723747515485,LOSS,90781.8455317019,-3.484209151014117
2020-03-23,41.63999938964844,39.80805061340332,4,756.6692797115238,756.6692797115238,88375.48544193836,71.56280892225114,WIN,90781.8455317019,-2.650706290084408
2020-03-24,46.220001220703125,41.848199386596676,4,791.2385294610347,791.2385294610347,89166.72397139939,71.22845335572384,WIN,90781.8455317019,-1.77912395462206
2020-03-25,44.630001068115234,46.451101226806635,4,925.2316258630673,196.79156238650694,89363.5155337859,74.58890824640797,LOSS,90781.8455317019,-1.5623498174210375
2020-03-26,47.5,44.853151073455805,4,897.9396025139414,897.9396025139414,90261.45513629985,74.92508015138388,WIN,90781.8455317019,-0.573231786987988
2020-03-27,46.58000183105469,47.7375,4,947.3510256445776,484.3517580664537,90745.8068943663,74.34496956806296,LOSS,90781.8455317019,-0.039698066419035664
2020-03-30,47.86000061035156,46.81290184020995,4,928.254943837221,928.254943837221,91674.06183820352,74.2919022643394,WIN,91674.06183820352,0.0
2020-03-31,45.47999954223633,48.099300613403315,4,949.5933878288866,-98.12704063790818,91575.93479756561,74.00377672616304,LOSS,91674.06183820352,-0.10703904536387822
2020-04-01,43.65999984741211,45.7073995399475,4,911.6078446906895,92.64796767653229,91668.58276524214,74.67541049056663,LOSS,91674.06183820352,-0.005976688336384895
2020-04-02,44.4900016784668,43.87829984664916,4,860.7422212688807,860.7422212688807,92529.32498651103,73.58574392715401,WIN,92529.32498651103,0.0
2020-04-03,42.59000015258789,44.712451686859126,4,873.6495265355929,24.668912827098893,92553.99389933812,73.32884753259,LOSS,92553.99389933812,0.0
2020-04-06,47.52000045776367,42.80295015335083,4,841.6260970975356,841.6260970975356,93395.61999643566,73.73938263582254,WIN,93395.61999643566,0.0
2020-04-07,47.560001373291016,47.75760046005249,4,941.6533721221722,862.6137374175837,94258.23373385325,73.92067590639206,LOSS,94258.23373385325,0.0
2020-04-08,48.790000915527344,47.797801380157466,4,935.1764663091966,935.1764663091966,95193.41020016246,73.41517098565633,WIN,95193.41020016246,0.0
2020-04-09,48.380001068115234,49.03395092010498,4,961.1002522830395,699.5203114871421,95892.9305116496,73.53299323358578,LOSS,95892.9305116496,0.0
2020-04-13,50.939998626708984,48.6219010734558,4,847.3296671745725,847.3296671745725,96740.26017882417,66.30789147060563,WIN,96740.26017882417,0.0
2020-04-14,54.93000030517578,51.19469861984253,4,833.6375279080635,833.6375279080635,97573.89770673224,62.50806091246646,WIN,97573.89770673224,0.0
2020-04-15,54.9900016784668,55.20465030670165,4,817.1853564020747,731.3259051081328,98305.22361184037,57.58617734020964,LOSS,98305.22361184037,0.0
2020-04-16,56.95000076293945,55.26495168685913,4,791.9408999367894,791.9408999367894,99097.16451177715,56.01424988970938,WIN,99097.16451177715,0.0
2020-04-17,56.599998474121094,57.234750766754146,4,772.4496081722342,518.5486911190131,99615.71320289616,53.24316202466847,LOSS,99615.71320289616,0.0
2020-04-20,56.970001220703125,56.88299846649169,4,772.5174571684109,772.5174571684109,100388.23066006457,53.52451594108419,WIN,100388.23066006457,0.0
2020-04-21,52.91999816894531,57.254851226806636,4,774.3226291078703,-959.6185940366591,99428.61206602791,53.336145402611855,LOSS,100388.23066006457,-0.9559074681633986
2020-04-22,55.91999816894531,53.184598159790035,4,762.2566884578246,762.2566884578246,100190.86875448574,56.02218877248909,WIN,100388.23066006457,-0.19659864934480012
2020-04-23,55.900001525878906,56.199598159790035,4,751.3618003531492,631.5231467886975,100822.39190127443,52.82223951250531,LOSS,100822.39190127443,0.0
2020-04-24,56.18000030517578,56.179501533508294,4,736.3648476062892,736.3648476062892,101558.75674888073,51.95087681616637,WIN,101558.75674888073,0.0
2020-04-27,56.4900016784668,56.46090030670165,4,718.1509272405405,718.1509272405405,102276.90767612126,50.66153723870668,WIN,102276.90767612126,0.0
2020-04-28,55.5099983215332,56.77245168685913,4,715.3912825635667,210.40993643319678,102487.31761255446,50.267976287930345,LOSS,102487.31761255446,0.0
2020-04-29,53.65999984741211,55.78754831314086,4,706.1026194735816,-144.91676681791864,102342.40084573654,50.45398750568081,LOSS,102487.31761255446,-0.141399707001564
2020-04-30,52.38999938964844,53.92829984664917,4,669.9102702547033,54.59008745441122,102396.99093319096,49.67373160078779,LOSS,102487.31761255446,-0.08813449455762976
2020-05-01,49.880001068115234,52.65194938659668,4,643.693086464209,-465.0862409283677,101931.90469226259,49.019613115655794,LOSS,102487.31761255446,-0.5419333174389115
2020-05-04,52.560001373291016,50.1294010734558,4,634.7985714457293,634.7985714457293,102566.70326370832,50.474613219425564,WIN,102566.70326370832,0.0
2020-05-05,52.189998626708984,52.822801380157465,4,663.7808671702612,410.6597657908691,102977.36302949919,50.15215172826593,LOSS,102977.36302949919,0.0
2020-05-06,52.15999984741211,52.45094861984252,4,567.5776021487011,451.19809317653653,103428.56112267573,44.352023919351865,LOSS,103428.56112267573,0.0
2020-05-07,51.95000076293945,52.42079984664917,4,567.3819449143499,379.0623114304642,103807.6234341062,44.36030368703757,LOSS,103807.6234341062,0.0
2020-05-08,53.189998626708984,52.20975076675415,4,561.6957746213852,561.6957746213852,104369.31920872758,44.14373794704861,WIN,104369.31920872758,0.0
2020-05-11,55.7400016784668,53.45594861984252,4,576.9580104421897,576.9580104421897,104946.27721916977,44.259081300464274,WIN,104946.27721916977,0.0
2020-05-12,53.7599983215332,56.018701686859124,4,600.3098752893777,-303.17147084099076,104643.10574832879,44.00345881789856,LOSS,104946.27721916977,-0.28888253959484644
2020-05-13,52.18000030517578,54.02879831314086,4,536.6631292045587,-202.85607398147317,104440.24967434732,41.3998800469215,LOSS,104946.27721916977,-0.4821776991342616
2020-05-14,54.5099983215332,52.44090030670166,4,528.5744493911767,528.5744493911767,104968.8241237385,41.88688020961657,WIN,104968.8241237385,0.0
2020-05-15,54.20000076293945,54.782548313140865,4,559.8027534127299,326.7837333321653,105295.60785707066,42.349548396003016,LOSS,105295.60785707066,0.0
2020-05-18,54.59000015258789,54.471000766754145,4,556.579916060183,556.579916060183,105852.18777313085,42.34715359272553,WIN,105852.18777313085,0.0
2020-05-19,55.470001220703125,54.86295015335082,4,560.696149435491,560.696149435491,106412.88392256634,42.3538981541783,WIN,106412.88392256634,0.0
2020-05-20,56.38999938964844,55.747351226806636,4,516.8672156623313,516.8672156623313,106929.75113822868,39.201875629651596,WIN,106929.75113822868,0.0
2020-05-21,54.650001525878906,56.67194938659667,4,491.38938573129724,-317.3897585558093,106612.36137967286,37.20487437382177,LOSS,106929.75113822868,-0.29682081476606426
2020-05-22,55.16999816894531,54.92325153350829,4,487.8092250595069,487.8092250595069,107100.17060473237,37.905792369988035,WIN,107100.17060473237,0.0
2020-05-26,53.189998626708984,55.44584815979003,4,493.30786934513765,-409.0319438872813,106691.13866084508,37.957172959335246,LOSS,107100.17060473237,-0.3819153056225004
2020-05-27,52.7400016784668,53.45594861984252,4,488.49748097355086,202.11870442326028,106893.25736526835,38.75887995007368,LOSS,107100.17060473237,-0.1931959942693831
2020-05-28,51.7400016784668,53.003701686859124,4,482.2730222917819,-23.206981065148852,106870.0503842032,38.62771596796071,LOSS,107100.17060473237,-0.21486447615331317
2020-05-29,53.79999923706055,51.99870168685913,4,465.3616515271728,465.3616515271728,107335.41203573038,38.131252755039526,WIN,107335.41203573038,0.0
2020-06-01,53.630001068115234,54.06899923324585,4,495.4154947396754,319.8162286874302,107655.2282644178,38.83976236631956,LOSS,107655.2282644178,0.0
2020-06-02,53.540000915527344,53.89815107345581,4,464.0260313297423,320.76596815835694,107975.99423257617,37.00060998234888,LOSS,107975.99423257617,0.0
2020-06-03,52.72999954223633,53.80770092010498,4,430.04155874716207,-1.0389924002977295,107974.95524017587,34.9494758130095,LOSS,107975.99423257617,-0.0009622438836337393
2020-06-04,52.630001068115234,52.993649539947505,4,426.11985247670214,280.6604637437939,108255.61570391967,35.11156445295255,LOSS,108255.61570391967,0.0
2020-06-05,53.099998474121094,52.893151073455805,4,425.3818065974885,425.3818065974885,108680.99751051716,35.11596681229351,WIN,108680.99751051716,0.0
2020-06-08,52.970001220703125,53.365498466491694,4,429.65211157313394,271.4532132577064,108952.45072377486,35.14533618001182,LOSS,108952.45072377486,0.0
2020-06-09,56.38999938964844,53.23485122680663,4,421.6084550058147,421.6084550058147,109374.05917878068,34.708802222653034,WIN,109374.05917878068,0.0
2020-06-10,57.439998626708984,56.67194938659667,4,474.44022114583913,474.44022114583913,109848.49939992651,36.210831216595345,WIN,109848.49939992651,0.0
2020-06-11,52.83000183105469,57.727198619842525,4,467.1642588793194,-1491.7144566358156,108356.7849432907,35.28326447919599,LOSS,109848.49939992651,-1.3579743599454361
2020-06-12,53.5,53.09415184020995,4,498.3413250024384,498.3413250024384,108855.12626829313,39.582081316436,WIN,109848.49939992651,-0.9043119724528994
2020-06-15,54.68000030517578,53.76749999999999,4,484.33796728740697,484.33796728740697,109339.46423558053,38.32575751554005,WIN,109848.49939992651,-0.46339746753639105
2020-06-16,54.459999084472656,54.95340030670165,4,500.2089702571114,302.8484813655128,109642.31271694603,38.63956583988178,LOSS,109848.49939992651,-0.18770095550400975
2020-06-17,54.54999923706055,54.732299079895014,4,497.9374260909613,425.0174889571743,110067.33020590321,38.62383830458754,LOSS,110067.33020590321,0.0
2020-06-18,54.040000915527344,54.822749233245844,4,495.75380323357143,182.65447614617136,110249.98468204938,38.441563363382876,LOSS,110249.98468204938,0.0
2020-06-19,54.22999954223633,54.310200920104975,4,488.301157744864,456.2206065974051,110706.20528864679,38.26912020518708,LOSS,110706.20528864679,0.0
2020-06-22,54.7599983215332,54.501149539947505,4,479.58209176119624,479.58209176119624,111185.78738040799,37.63269342506041,WIN,111185.78738040799,0.0
2020-06-23,53.9900016784668,55.03379831314086,4,484.32943961950167,66.81078574987504,111252.59816615786,37.63633595575624,LOSS,111252.59816615786,0.0
2020-06-24,52.38999938964844,54.259951686859125,4,463.9391862389987,-284.0417326452764,110968.55643351258,36.80448799586087,LOSS,111252.59816615786,-0.2553124487223676
2020-06-25,51.93000030517578,52.65194938659668,4,460.06121132444,171.2815787560819,111139.83801226866,37.427604142940254,LOSS,111252.59816615786,-0.10135507462107175
2020-06-26,50.099998474121094,52.18965030670166,4,452.6553644255453,-383.20536860668045,110756.63264366199,37.21321456008458,LOSS,111252.59816615786,-0.4458012942359655
2020-06-29,50.279998779296875,50.35049846649169,4,430.53042023014314,402.33054535221584,111158.9631890142,36.80569304143948,LOSS,111252.59816615786,-0.08416430599113303
2020-06-30,52.61000061035156,50.53139877319335,4,432.58277555031646,432.58277555031646,111591.54596456452,36.83894494585347,WIN,111591.54596456452,0.0
2020-07-01,52.58000183105469,52.873050613403315,4,479.4149650777923,362.19545213834135,111953.74141670286,38.52278095259774,LOSS,111953.74141670286,0.0
2020-07-02,52.34000015258789,52.842901840209954,4,476.60143235847147,275.44075730964596,112229.1821740125,38.36300905130168,LOSS,112229.1821740125,0.0
2020-07-06,53.400001525878906,52.601700153350826,4,474.6319057273169,474.6319057273169,112703.81407973982,38.376020633071235,WIN,112703.81407973982,0.0
2020-07-07,52.93000030517578,53.6670015335083,4,487.90053271668177,193.1000413836751,112896.9141211235,38.60246248119816,LOSS,112896.9141211235,0.0
2020-07-08,53.43000030517578,53.194650306701654,4,484.486908890476,484.486908890476,113381.40103001398,38.657487086971585,WIN,113381.40103001398,0.0
2020-07-09,57.2599983215332,53.69715030670165,4,438.26717367738917,438.26717367738917,113819.66820369137,35.51331081859914,WIN,113819.66820369137,0.0
2020-07-10,55.880001068115234,57.546298313140866,4,532.6905396808547,-133.82835832939804,113685.83984536197,39.152447059947775,LOSS,113819.66820369137,-0.11757929050530803
2020-07-13,53.59000015258789,56.159401073455804,4,442.3143828494039,-585.4459854977613,113100.39385986421,34.563454488037095,LOSS,113819.66820369137,-0.6319420493652695
2020-07-14,54.720001220703125,53.85795015335083,4,446.8156134144522,446.8156134144522,113547.20947327866,35.959865789081896,WIN,113819.66820369137,-0.2393775475826497
2020-07-15,55.34000015258789,54.99360122680663,4,455.69886729780933,455.69886729780933,114002.90834057647,35.927330620082415,WIN,114002.90834057647,0.0
2020-07-16,54.91999816894531,55.61670015335083,4,462.0438202402623,183.3630264780565,114186.27136705452,35.99795095524698,LOSS,114186.27136705452,0.0
2020-07-17,55.040000915527344,55.19459815979003,4,459.473042773463,397.6341450683874,114583.9055121229,36.05430903677399,LOSS,114583.9055121229,0.0
2020-07-20,57.459999084472656,55.31520092010498,4,459.10249013636684,459.10249013636684,115043.00800225927,35.97171808377232,WIN,115043.00800225927,0.0
2020-07-21,57.0,57.747299079895015,4,502.42975429705643,203.51012233905044,115246.51812459833,37.30365605773495,LOSS,115246.51812459833,0.0
2020-07-22,61.790000915527344,57.285,4,499.28953944423534,499.28953944423534,115745.80766404256,37.35483123079082,WIN,115745.80766404256,0.0
2020-07-23,59.56999969482422,62.098950920104976,4,616.4567327385644,-395.1237573737384,115350.68390666881,41.380264558793804,LOSS,115745.80766404256,-0.34137198171411093
2020-07-24,69.4000015258789,59.86784969329833,4,599.9606395842741,599.9606395842741,115950.64454625308,41.69405417363937,WIN,115950.64454625308,0.0
2020-07-27,68.97000122070312,69.7470015335083,4,946.7828241251207,635.9826990030522,116586.62724525614,53.50363042455005,LOSS,116586.62724525614,0.0
2020-07-28,67.61000061035156,69.31485122680664,4,921.3252280228845,239.38498144085418,116826.012226697,52.56420275059875,LOSS,116826.012226697,0.0
2020-07-29,76.08999633789062,67.94805061340331,4,913.4332970638976,913.4332970638976,117739.44552376089,53.06683236906,WIN,117739.44552376089,0.0
2020-07-30,78.19999694824219,76.47044631958008,4,1129.796750964318,1129.796750964318,118869.24227472521,57.49130872070687,WIN,118869.24227472521,0.0
2020-07-31,77.43000030517578,78.59099693298339,4,1157.4507331662842,693.0520820432419,119562.29435676846,57.33586012187174,LOSS,119562.29435676846,0.0
2020-08-03,77.66999816894531,77.81715030670165,4,1148.799547289718,1089.9386921871835,120652.23304895563,57.45313264208569,LOSS,120652.23304895563,0.0
2020-08-04,85.04000091552734,78.05834815979003,4,1155.170668106064,1155.170668106064,121807.4037170617,57.57279794379656,WIN,121807.4037170617,0.0
2020-08-05,85.30999755859375,85.46520092010498,4,1306.075637244774,1243.9942926402834,123051.39800970198,59.17864989125846,LOSS,123051.39800970198,0.0
2020-08-06,86.70999908447266,85.7365475463867,4,1312.515938889849,1312.515938889849,124363.91394859183,59.267565009904494,WIN,124363.91394859183,0.0
2020-08-07,84.8499984741211,87.14354907989501,4,1311.734546479198,394.31430416963144,124758.22825276146,58.416232850806665,LOSS,124758.22825276146,0.0
2020-08-10,82.23999786376953,85.27424846649168,4,1281.2505982004118,67.55035711155051,124825.77860987301,58.32478658609722,LOSS,124825.77860987301,0.0
2020-08-11,76.87999725341797,82.65119785308838,4,1230.388062313641,-1078.092177554522,123747.68643231849,57.864295627111446,LOSS,124825.77860987301,-0.8636775108160691
2020-08-12,82.61000061035156,77.26439723968505,4,1214.5568763666788,1214.5568763666788,124962.24330868517,60.632883084376296,WIN,124962.24330868517,0.0
2020-08-13,81.83999633789062,83.02305061340331,4,1330.8527765602184,857.631066355143,125819.87437504031,61.664665609322505,LOSS,125819.87437504031,0.0
2020-08-14,81.30000305175781,82.24919631958007,4,1319.3670905302038,939.6897834013027,126759.56415844162,61.70180827148228,LOSS,126759.56415844162,0.0
2020-08-17,82.41999816894531,81.7065030670166,4,1314.2876336599454,1314.2876336599454,128073.85179210156,61.84930713662522,WIN,128073.85179210156,0.0
2020-08-18,81.66000366210938,82.83209815979004,4,1327.931340532482,859.0935414602177,128932.94533356177,61.670263849116786,LOSS,128932.94533356177,0.0
2020-08-19,81.08999633789062,82.06830368041992,4,1316.2905452223868,924.9676082106703,129857.91294177245,61.69472776545999,LOSS,129857.91294177245,0.0
2020-08-20,82.7699966430664,81.49544631958007,4,1273.1476944008934,1273.1476944008934,131131.06063617335,60.30990852962008,WIN,131131.06063617335,0.0
2020-08-21,83.80999755859375,83.18384662628173,4,1274.171301912286,1274.171301912286,132405.23193808564,59.29688983397178,WIN,132405.23193808564,0.0
2020-08-24,83.08000183105469,84.22904754638671,4,1048.3132753455163,588.6949892127075,132993.92692729834,49.752646890080975,LOSS,132993.92692729834,0.0
2020-08-25,86.3499984741211,83.49540184020995,4,1040.2508608955568,1040.2508608955568,134034.1777881939,49.79518206164948,WIN,134034.1777881939,0.0
2020-08-26,86.0199966430664,86.78174846649169,4,1078.421984058295,773.7212546881808,134807.89904288208,49.68898635207599,LOSS,134807.89904288208,0.0
2020-08-27,83.80000305175781,86.45009662628173,4,892.6001752063889,-167.43725460317978,134640.46178827892,42.703195774452055,LOSS,134807.89904288208,-0.12420433505154246
2020-08-28,85.55000305175781,84.21900306701659,4,876.7025694746429,876.7025694746429,135517.16435775356,42.984918979652164,WIN,135517.16435775356,0.0
2020-08-31,90.81999969482422,85.9777530670166,4,895.6777551791444,895.6777551791444,136412.8421129327,43.010702238450904,WIN,136412.8421129327,0.0
2020-09-01,92.18000030517578,91.27409969329833,4,997.5673952926298,997.5673952926298,137410.40950822533,44.711806109580834,WIN,137410.40950822533,0.0
2020-09-02,90.22000122070312,92.64090030670165,4,881.8177100533632,-86.54192434604795,137323.8675838793,40.02304788269987,LOSS,137410.40950822533,-0.06298061744794835
2020-09-03,82.54000091552734,90.67110122680663,4,874.4050700941475,-2378.035054417566,134945.83252946174,40.43863559538995,LOSS,137410.40950822533,-1.7935882642254013
2020-09-04,82.01000213623047,82.95270092010497,4,906.91637260662,529.8368590568181,135475.66938851855,44.723687436463806,LOSS,137410.40950822533,-1.4080011307956755
2020-09-08,78.69000244140625,82.42005214691162,4,895.868939442104,-596.1509427600422,134879.5184457585,44.51302020011314,LOSS,137410.40950822533,-1.8418481332852275
2020-09-09,81.91000366210938,79.08345245361328,4,868.4705071678529,868.4705071678529,135747.98895292636,44.88576328529034,WIN,137410.40950822533,-1.2098214110914658
2020-09-10,78.9800033569336,82.31955368041992,4,864.3029065236337,-471.5172228708948,135276.47173005546,43.28261912580804,LOSS,137410.40950822533,-1.5529666098856467
2020-09-11,76.33999633789062,79.37490337371825,4,774.0852944091909,-439.8775199218609,134836.5942101336,40.79947800731595,LOSS,137410.40950822533,-1.8730861128375205
2020-09-14,77.9000015258789,76.72169631958008,4,761.6705935593383,761.6705935593383,135598.26480369293,41.3825936272996,WIN,137410.40950822533,-1.3187826970444534
2020-09-15,78.93000030517578,78.28950153350829,4,784.5422463029424,784.5422463029424,136382.80704999587,41.69280458632123,WIN,137410.40950822533,-0.7478345067940076
2020-09-16,76.66000366210938,79.32465030670166,4,794.6674072417641,-271.1912505951484,136111.61579940072,41.68240885082423,LOSS,137410.40950822533,-0.94519309961511
2020-09-17,76.55000305175781,77.04330368041991,4,781.2438894182277,583.9236379533885,136695.5394373541,42.08926354904655,LOSS,137410.40950822533,-0.5202444803342471
2020-09-18,74.93000030517578,76.93275306701659,4,779.8476001215703,-21.25350461475375,136674.28593273935,42.07737103972884,LOSS,137410.40950822533,-0.5357116525017828
2020-09-21,77.94000244140625,75.30465030670165,4,759.6824145250865,759.6824145250865,137433.96834726442,41.9157621206504,WIN,137433.96834726442,0.0
2020-09-22,77.69999694824219,78.32970245361328,4,813.8729914875298,561.990789339093,137995.95913660352,42.9202872794606,LOSS,137995.95913660352,0.0
2020-09-23,74.7300033569336,78.08849693298339,4,810.8945762063952,-532.502854213523,137463.45628239,42.90018852409728,LOSS,137995.95913660352,-0.3858829327650068
2020-09-24,75.81999969482422,75.10365337371826,4,768.8496997147992,768.8496997147992,138232.3059821048,42.41119728862333,WIN,138232.3059821048,0.0
2020-09-25,78.05999755859375,76.19909969329834,4,785.9328521760765,785.9328521760765,139018.23883428087,42.66719126901346,WIN,139018.23883428087,0.0
2020-09-28,79.4800033569336,78.45029754638671,4,818.7768233342553,818.7768233342553,139837.01565761512,43.07496199838477,WIN,139837.01565761512,0.0
2020-09-29,81.7699966430664,79.87740337371825,4,831.9466234126752,831.9466234126752,140668.9622810278,43.003194958730376,WIN,140668.9622810278,0.0
2020-09-30,81.98999786376953,82.17884662628173,4,807.0581276104605,731.5186226055829,141400.4809036334,41.02710372813149,LOSS,141400.4809036334,0.0
2020-10-01,84.86000061035156,82.39994785308836,4,803.8316978477649,803.8316978477649,142204.31260148116,40.80937498291457,WIN,142204.31260148116,0.0
2020-10-02,81.80000305175781,85.28430061340332,4,851.6948790748078,-542.0241455833942,141662.28845589777,41.57812741895495,LOSS,142204.31260148116,-0.38115872554609415
2020-10-05,86.1500015258789,82.2090030670166,4,724.049069408292,724.049069408292,142386.33752530607,37.65905850708394,WIN,142386.33752530607,0.0
2020-10-06,84.4800033569336,86.58075153350829,4,810.4771730661096,-29.822097563769375,142356.5154277423,39.49881100335456,LOSS,142386.33752530607,-0.020944493749947495
2020-10-07,86.69000244140625,84.90240337371826,4,769.9258322687746,769.9258322687746,143126.44126001108,38.52636804104152,WIN,143126.44126001108,0.0
2020-10-08,86.51000213623047,87.12345245361327,4,773.5210053437905,528.1408783906708,143654.58213840175,37.89514064592499,LOSS,143654.58213840175,0.0
2020-10-09,83.0999984741211,86.94255214691161,4,741.7979638422062,-795.223505274,142859.35863312773,36.74380122350729,LOSS,143654.58213840175,-0.5535664045215548
2020-10-12,84.29000091552734,83.51549846649169,4,721.9338446925387,721.9338446925387,143581.29247782027,37.11693115629748,WIN,143654.58213840175,-0.05101797623890975
2020-10-13,85.27999877929688,84.71145092010497,4,729.2473543701783,729.2473543701783,144310.53983219046,36.99825553060136,WIN,144310.53983219046,0.0
2020-10-14,84.20999908447266,85.70639877319336,4,737.3411827677522,138.78130727947212,144449.32113946995,36.97997897101753,LOSS,144449.32113946995,0.0
2020-10-15,83.12999725341797,84.631049079895,4,712.106567991633,111.68583740081772,144561.00697687076,36.352266217721564,LOSS,144561.00697687076,0.0
2020-10-16,83.16999816894531,83.54564723968505,4,708.2369577417421,557.977329445846,145118.98430631662,36.561655064691564,LOSS,145118.98430631662,0.0
2020-10-19,82.0,83.58584815979003,4,695.5619268170763,61.22266290106336,145180.2069692177,36.04409112714548,LOSS,145180.2069692177,0.0
2020-10-20,81.55999755859375,82.41,4,666.6877704282596,326.68679386576093,145506.89376308344,35.274189446138834,LOSS,145506.89376308344,0.0
2020-10-21,79.19999694824219,81.9677975463867,4,663.7571133028899,-443.36312595491734,145063.5306371285,35.3004130618054,LOSS,145506.89376308344,-0.3047024883074062
2020-10-22,79.41999816894531,79.5959969329834,4,631.0856785281588,560.6861729129251,145624.21681004143,34.73814422387227,LOSS,145624.21681004143,0.0
2020-10-23,81.95999908447266,79.81709815979004,4,630.0795885322548,630.0795885322548,146254.29639857367,34.62324977365243,WIN,146254.29639857367,0.0
2020-10-26,82.2300033569336,82.36979907989502,4,653.0904323081646,597.1721431235952,146851.46854169728,34.73864281226956,LOSS,146851.46854169728,0.0
2020-10-27,78.87999725341797,82.64115337371825,4,649.9985659749502,-854.4638821451638,145997.00465955213,34.527760964591906,LOSS,146851.46854169728,-0.5818558647253389
2020-10-28,76.4000015258789,79.27439723968504,4,640.702015535097,-509.05626998735806,145487.94838956476,35.24823354770645,LOSS,146851.46854169728,-0.9285029054682972
2020-10-29,78.0199966430664,76.78200153350829,4,635.8440680253078,635.8440680253078,146123.79245759005,35.909922164282406,WIN,146851.46854169728,-0.4955184250681204
2020-10-30,75.29000091552734,78.41009662628173,4,632.7097519945676,-615.3285323071862,145508.46392528288,35.205551353990145,LOSS,146851.46854169728,-0.9145326429153586
2020-11-02,74.69999694824219,75.66645092010498,4,609.3049640841871,222.7233753390708,145731.18730062194,35.149956095447834,LOSS,146851.46854169728,-0.7628668968722262
2020-11-03,76.58000183105469,75.07349693298339,4,535.7720113406918,535.7720113406918,146266.95931196262,32.10582853872104,WIN,146851.46854169728,-0.3980275005344531
2020-11-04,81.3499984741211,76.96290184020995,4,566.2118487541127,566.2118487541127,146833.17116071674,32.83808492034177,WIN,146851.46854169728,-0.012459787540596078
2020-11-05,83.0,81.75674846649169,4,674.6327586247529,674.6327586247529,147507.8039193415,35.81202828500102,WIN,147507.8039193415,0.0
2020-11-06,85.87999725341797,83.41499999999999,4,698.4045729554673,698.4045729554673,148206.20849229698,36.21400748364036,WIN,148206.20849229698,0.0
2020-11-09,83.12000274658203,86.30939723968505,4,715.1233990198211,-560.6343982213882,147645.5740940756,35.92461117040759,LOSS,148206.20849229698,-0.3782799681097884
2020-11-10,77.98999786376953,83.53560276031493,4,709.8317929261751,-1508.4101656919843,146137.1639283836,36.628498507598785,LOSS,148206.20849229698,-1.3960579553055008
2020-11-11,81.27999877929688,78.37994785308837,4,723.3583303597484,723.3583303597484,146860.52225874335,39.059847638170396,WIN,148206.20849229698,-0.9079823627115932
2020-11-12,81.83999633789062,81.68639877319335,4,785.4210326151226,785.4210326151226,147645.94329135848,40.343495091987265,WIN,148206.20849229698,-0.3780308575720871
2020-11-13,81.43000030517578,82.24919631958007,4,789.4420708492906,461.7636650875771,148107.70695644605,40.287312329331655,LOSS,148206.20849229698,-0.06646248956301039
2020-11-16,83.7300033569336,81.83715030670164,4,785.811148481641,785.811148481641,148893.5181049277,40.30046988261082,WIN,148893.5181049277,0.0
2020-11-17,83.36000061035156,84.14865337371825,4,817.2128659102914,501.7517605636176,149395.2698654913,40.66410501261143,LOSS,149395.2698654913,0.0
2020-11-18,82.54000091552734,83.77680061340331,4,813.4024305089694,318.6825513585828,149713.9524168499,40.656203104073185,LOSS,149713.9524168499,0.0
2020-11-19,85.54000091552734,82.95270092010497,4,792.0458520204576,792.0458520204576,150505.99826887037,40.12108828646885,WIN,150505.99826887037,0.0
2020-11-20,84.63999938964844,85.96770092010497,4,839.116861154562,308.0362489719473,150814.03451784232,40.82796611932547,LOSS,150814.03451784232,0.0
2020-11-23,85.30999755859375,85.06319938659666,4,819.6307364282067,819.6307364282067,151633.6652542705,40.41154195998378,WIN,151633.6652542705,0.0
2020-11-24,85.06999969482422,85.7365475463867,4,826.6462442778391,560.0271036528454,152193.69235792337,40.43198860745295,LOSS,152193.69235792337,0.0
2020-11-25,86.70999908447266,85.49534969329834,4,791.6384311205048,791.6384311205048,152985.3307890439,39.161430240908814,WIN,152985.3307890439,0.0
2020-11-27,87.19000244140625,87.14354907989501,4,785.4143432794971,785.4143432794971,153770.74513232338,38.34195678175136,WIN,153770.74513232338,0.0
2020-11-30,92.66000366210938,87.62595245361327,4,785.64040609492,785.64040609492,154556.3855384183,38.185614213562545,WIN,154556.3855384183,0.0
2020-12-01,92.62999725341797,93.12330368041991,4,855.9385303551927,658.6159595544167,155215.00149797273,38.935486812134634,LOSS,155215.00149797273,0.0
2020-12-02,93.73999786376953,93.09314723968505,4,851.2359551652395,851.2359551652395,156066.23745313796,38.77748601013347,WIN,156066.23745313796,0.0
2020-12-03,92.30999755859375,94.20869785308837,4,857.4298937881381,97.9497759902913,156164.18722912826,38.636132674621464,LOSS,156164.18722912826,0.0
2020-12-04,94.04000091552734,92.77154754638671,4,797.5242785804423,797.5242785804423,156961.7115077087,36.95851416988596,WIN,156961.7115077087,0.0
2020-12-07,94.06999969482422,94.51020092010496,4,811.6199321145654,635.5394420022673,157597.250949711,36.9285885259964,LOSS,157597.250949711,0.0
2020-12-08,92.91999816894531,94.54034969329832,4,794.267137819366,146.1265280781612,157743.37747778915,36.30941953299092,LOSS,157743.37747778915,0.0
2020-12-09,89.83000183105469,93.38459815979003,4,760.0397784629789,-661.7987530311583,157081.578724758,35.436798540507695,LOSS,157743.37747778915,-0.41954138653100337
2020-12-10,91.66000366210938,90.27915184020995,4,662.1537999088878,662.1537999088878,157743.73252466688,32.76353345179308,WIN,157743.73252466688,0.0
2020-12-11,91.6500015258789,92.11830368041991,4,647.1745835735677,459.85372175716486,158203.58624642403,31.73635997467174,LOSS,158203.58624642403,0.0
2020-12-14,94.77999877929688,92.1082515335083,4,648.1287810614534,648.1287810614534,158851.71502748548,31.77334053961322,WIN,158851.71502748548,0.0
2020-12-15,97.12000274658203,95.25389877319336,4,687.0678451967519,687.0678451967519,159538.78287268223,32.35970216694473,WIN,159538.78287268223,0.0
2020-12-16,96.8499984741211,97.60560276031494,4,700.284168965057,398.04245448751954,159936.82532716976,32.232122259817736,LOSS,159936.82532716976,0.0
2020-12-17,96.83999633789062,97.33424846649169,4,697.29210360694,499.59125216651535,160436.41657933628,32.19643130389494,LOSS,160436.41657933628,0.0
2020-12-18,95.91999816894531,97.32419631958007,4,690.0461915882141,128.36693133431197,160564.7835106706,31.951434985583624,LOSS,160564.7835106706,0.0
2020-12-21,93.2300033569336,96.39959815979003,4,666.7279560067482,-601.1099651358268,159963.67354553475,31.373481363209816,LOSS,160564.7835106706,-0.37437223281024784
2020-12-22,93.16000366210938,93.69615337371825,4,672.192502452463,457.7326178089145,160421.40616334366,32.23060363018192,LOSS,160564.7835106706,-0.08929563768097157
2020-12-23,91.55000305175781,93.6258036804199,4,672.2824394513734,-158.0378120134642,160263.3683513302,32.25171333440377,LOSS,160564.7835106706,-0.18772183585347896
2020-12-24,91.80999755859375,92.0077530670166,4,671.5621339846084,592.4599306154707,160855.82828194567,32.64540240534152,LOSS,160855.82828194567,0.0
2020-12-28,91.5999984741211,92.26904754638672,4,666.94202489511,399.3223959888611,161255.15067793452,32.41027567742873,LOSS,161255.15067793452,0.0
2020-12-29,90.62000274658203,92.0579984664917,4,665.9391621990435,90.74087423517744,161345.8915521697,32.42914575109647,LOSS,161345.8915521697,0.0
2020-12-30,92.29000091552734,91.07310276031494,3,412.604346940018,412.604346940018,161758.49589910972,28.46302293584853,WIN,161758.49589910972,0.0
2020-12-31,91.70999908447266,92.75145092010497,3,429.30175902108016,116.86620833138545,161875.36210744112,28.897516844685548,LOSS,161875.36210744112,0.0
2021-01-04,92.30000305175781,92.16854907989502,3,423.55622427192174,423.55622427192174,162298.91833171304,28.750984402962878,WIN,162298.91833171304,0.0
2021-01-05,92.7699966430664,92.76150306701659,3,421.867138041217,421.867138041217,162720.78546975425,28.54010884158115,WIN,162720.78546975425,0.0
2021-01-06,90.33000183105469,93.23384662628173,3,415.35726777103434,-455.79617079707907,162264.98929895717,28.128571589948173,LOSS,162720.78546975425,-0.2801093723099092
2021-01-07,95.16000366210938,90.78165184020995,3,420.1899605537884,420.1899605537884,162685.17925951094,28.897782992054054,WIN,162720.78546975425,-0.021881783658132866
2021-01-08,94.58000183105469,95.63580368041991,4,675.2512038940647,252.93046414797504,162938.1097236589,31.853290507118626,LOSS,162938.1097236589,0.0
2021-01-11,97.25,95.05290184020996,4,636.6533114346918,636.6533114346918,163574.7630350936,30.647546822937393,WIN,163574.7630350936,0.0
2021-01-12,95.36000061035156,97.73624999999998,4,664.9605875414909,-285.53916831787774,163289.22386677572,30.998993782675242,LOSS,163574.7630350936,-0.17456187190479347
2021-01-13,91.77999877929688,95.83680061340331,4,666.1908589010401,-956.5298747415349,162332.69399203418,31.489849478673985,LOSS,163574.7630350936,-0.7593280405932487
2021-01-14,90.79000091552734,92.23889877319336,4,649.4730154024433,69.9138723360386,162402.60786437022,31.78865213278488,LOSS,163574.7630350936,-0.7165868065307313
2021-01-15,88.20999908447266,91.24395092010496,4,624.3502819517392,-589.2304523011841,161813.37741206904,31.12870411549645,LOSS,163574.7630350936,-1.0768076874099963
2021-01-19,89.44999694824219,88.651049079895,4,622.8717187777406,622.8717187777406,162436.2491308468,31.738468390593475,WIN,163574.7630350936,-0.696020512652409
2021-01-20,88.75,89.89724693298339,4,639.9535299239448,181.05475673058766,162617.30388757738,32.04629735931472,LOSS,163574.7630350936,-0.5853342714675464
2021-01-21,91.52999877929688,89.19375,4,634.5116530881772,634.5116530881772,163251.81554066556,32.03012930042038,WIN,163574.7630350936,-0.1974311247259861
2021-01-22,92.79000091552734,91.98764877319336,4,666.4393851812628,666.4393851812628,163918.25492584682,32.46560780072839,WIN,163918.25492584682,0.0
2021-01-25,94.12999725341797,93.25395092010497,4,680.8714179340034,680.8714179340034,164599.12634378084,32.65300545026374,WIN,164599.12634378084,0.0
2021-01-26,94.70999908447266,94.60064723968505,4,686.8771037215671,686.8771037215671,165286.00344750241,32.51855026183248,WIN,165286.00344750241,0.0
2021-01-27,88.83999633789062,95.18354907989502,4,691.61284302193,-1845.8082537798264,163440.19519372258,32.536128583582624,LOSS,165286.00344750241,-1.1167359699432096
2021-01-28,87.5199966430664,89.28419631958006,4,738.5114151901553,32.83154458469312,163473.02673830726,35.87770897918737,LOSS,165286.00344750241,-1.0968724945733124
2021-01-29,85.63999938964844,87.95759662628173,4,729.5411928405958,-197.49770181272015,163275.52903649455,35.95338682557448,LOSS,165286.00344750241,-1.2163609556004669
2021-02-01,87.66000366210938,86.06819938659667,4,712.4329645477311,712.4329645477311,163987.9620010423,35.89788911245299,WIN,165286.00344750241,-0.7853305297398636
2021-02-02,88.86000061035156,88.09830368041992,4,743.2630931501702,743.2630931501702,164731.22509419246,36.42704912673293,WIN,165286.00344750241,-0.3356475090077208
2021-02-03,87.88999938964844,89.30430061340331,4,756.983103515592,191.2626140136416,164922.48770820608,36.5589987314483,LOSS,165286.00344750241,-0.21993135033468747
2021-02-04,87.83999633789062,88.32944938659666,4,749.3520437824963,553.5708243000805,165476.05853250617,36.58278815274349,LOSS,165476.05853250617,0.0
2021-02-05,87.9000015258789,88.27919631958007,4,736.470429313294,584.79251183283,166060.851044339,36.113844700921604,LOSS,166060.851044339,0.0
2021-02-08,91.47000122070312,88.3395015335083,4,667.8115019403693,667.8115019403693,166728.66254627937,33.511661627505106,WIN,166728.66254627937,0.0
2021-02-09,90.91000366210938,91.92735122680664,4,738.8456702764137,331.90664439750947,167060.56919067688,35.09932395695948,LOSS,167060.56919067688,0.0
2021-02-10,92.3499984741211,91.36455368041992,4,713.2394817926659,713.2394817926659,167773.80867246955,34.33235775303031,WIN,167773.80867246955,0.0
2021-02-11,92.66000366210938,92.8117484664917,4,725.2143291824667,664.5164074295395,168438.32507989908,34.35661243620174,LOSS,168438.32507989908,0.0
2021-02-12,93.7699966430664,93.12330368041991,4,693.6064930786576,693.6064930786576,169131.93157297774,33.14158729403265,WIN,169131.93157297774,0.0
2021-02-16,91.45999908447266,94.23884662628173,4,701.0874413220995,-410.451575401529,168721.4799975762,33.11238779162727,LOSS,169131.93157297774,-0.24268130304207328
2021-02-17,89.94000244140625,91.91729907989502,4,678.331066243762,-112.58758915174462,168608.89240842446,32.914040236107226,LOSS,169131.93157297774,-0.3092492113634952
2021-02-18,88.63999938964844,90.38970245361327,4,671.009845791868,-28.87137979406407,168580.0210286304,33.05936437091249,LOSS,169131.93157297774,-0.32631954191878754
2021-02-19,89.58000183105469,89.08319938659668,4,665.0464944222524,665.0464944222524,169245.06752305265,33.19873722679994,WIN,169245.06752305265,0.0
2021-02-22,85.37000274658203,90.02790184020995,4,649.8245910735286,-1213.3350463776387,168031.732476675,32.37638735992628,LOSS,169245.06752305265,-0.7169101375509082
2021-02-23,84.73999786376953,85.79685276031493,4,660.0831359519253,237.34117733376422,168269.07365400877,33.956896265057836,LOSS,169245.06752305265,-0.5766749266775221
2021-02-24,86.94000244140625,85.16369785308837,4,647.3640624800331,647.3640624800331,168916.4377164888,33.650614055064196,WIN,169245.06752305265,-0.19417393450422302
2021-02-25,82.41999816894531,87.37470245361327,4,682.8246781792685,-1299.0570356879134,167617.3806808009,34.36020529705188,LOSS,169245.06752305265,-0.9617336954473066
2021-02-26,84.51000213623047,82.83209815979004,4,624.0611526328261,624.0611526328261,168241.44183343372,33.42673203300488,WIN,169245.06752305265,-0.5930014412279561
2021-03-01,86.38999938964844,84.93255214691162,4,653.9694271317168,653.9694271317168,168895.41126056545,33.97786562088835,WIN,169245.06752305265,-0.20659760878382818
2021-03-02,84.12999725341797,86.82194938659667,4,670.0395048073759,-406.74134846410504,168488.66991210135,34.03612975037787,LOSS,169245.06752305265,-0.4469244640457687
2021-03-03,80.86000061035156,84.55064723968505,4,654.1720643572727,-822.0865873761217,167666.58332472522,34.10142841197885,LOSS,169245.06752305265,-0.9326618621322212
2021-03-04,77.75,81.26430061340331,4,649.4768507844866,-756.2433945768363,166910.3399301484,34.949346315750006,LOSS,169245.06752305265,-1.37949520601908
2021-03-05,78.5199966430664,78.13874999999999,4,645.1357080333919,645.1357080333919,167555.4756381818,35.827239814684866,WIN,169245.06752305265,-0.9983108575029702
2021-03-08,73.95999908447266,78.91259662628173,4,655.5406031253729,-1325.498413598255,166229.97722458353,35.99638147025355,LOSS,169245.06752305265,-1.7814937490325609
2021-03-09,78.52999877929688,74.32979907989501,4,661.0389231139272,661.0389231139272,166891.01614769746,37.944582970699756,WIN,169245.06752305265,-1.3909128400652213
2021-03-10,77.5199966430664,78.92264877319334,4,743.1016233302563,182.04077127948096,167073.05691897694,39.68038367225508,LOSS,169245.06752305265,-1.2833523811734497
2021-03-11,81.2300033569336,77.90759662628173,4,734.0083219811058,734.0083219811058,167807.06524095807,39.70017868039048,WIN,169245.06752305265,-0.8496568338091863
2021-03-12,81.05000305175781,81.63615337371826,4,808.5267504987953,574.066621714617,168381.1318626727,41.30388809189776,LOSS,169245.06752305265,-0.5104643065962867
2021-03-15,82.5,81.4552530670166,4,805.6009713762901,805.6009713762901,169186.73283404898,41.257610401546586,WIN,169245.06752305265,-0.03446758588443451
2021-03-16,82.75,82.9125,4,823.9003907877286,758.9003907877309,169945.6332248367,41.413432921024395,LOSS,169945.6332248367,0.0
2021-03-17,82.62999725341797,83.16375,4,821.4789838944774,607.9778852616677,170553.61111009837,41.21687698896736,LOSS,170553.61111009837,0.0
2021-03-18,78.12000274658203,83.04314723968506,4,817.9144922152336,-1151.343305025976,169402.2678050724,41.12189202439994,LOSS,170553.61111009837,-0.6750624026850681
2021-03-19,79.05999755859375,78.51060276031494,4,808.141434519456,808.141434519456,170210.40923959186,42.59807027475204,WIN,170553.61111009837,-0.20122814654740087
2021-03-22,80.30000305175781,79.45529754638672,4,818.5625412657945,818.5625412657945,171028.97178085765,42.62722594097744,WIN,171028.97178085765,0.0
2021-03-23,78.37999725341797,80.70150306701659,4,809.9140875402711,-118.68823789917678,170910.28354295847,41.742271434702076,LOSS,171028.97178085765,-0.06939656870022236
2021-03-24,76.4800033569336,78.77189723968505,4,796.6965829415377,-120.06097015904322,170790.22257279942,42.0016765625667,LOSS,171028.97178085765,-0.13959576881754515
2021-03-25,76.22000122070312,76.86240337371825,4,769.5559815439119,512.5951203378613,171302.81769313727,41.66317235222529,LOSS,171302.81769313727,0.0
2021-03-26,77.41000366210938,76.60110122680663,4,733.9419131860404,733.9419131860404,172036.75960632332,40.2313929759111,WIN,172036.75960632332,0.0
2021-03-29,77.13999938964844,77.7970536804199,4,738.1164373909198,475.294721082332,172512.05432740564,39.920185079123016,LOSS,172512.05432740564,0.0
2021-03-30,76.0,77.52569938659667,4,724.3071955160784,114.02744087741019,172626.08176828304,39.43852435574436,LOSS,172626.08176828304,0.0
2021-03-31,78.5,76.38,4,708.054228038553,708.054228038553,173334.1359963216,39.19705925750025,WIN,173334.1359963216,0.0
2021-04-01,81.08999633789062,78.8925,4,730.9846073009547,730.9846073009547,174065.12060362255,39.181855530213326,WIN,174065.12060362255,0.0
2021-04-05,81.43000030517578,81.49544631958007,4,746.6770989266844,720.4986931649695,174785.6192967875,38.83823614217812,LOSS,174785.6192967875,0.0
2021-04-06,81.44000244140625,81.83715030670164,4,748.8964642491021,590.0373181309442,175375.65661491847,38.80122092891213,LOSS,175375.65661491847,0.0
2021-04-07,82.19999694824219,81.84720245361328,4,679.6409666564956,679.6409666564956,176055.29758157497,35.98509563993752,WIN,176055.29758157497,0.0
2021-04-08,83.3499984741211,82.61099693298338,4,615.9457806155971,615.9457806155971,176671.24336219055,33.16724302876249,WIN,176671.24336219055,0.0
2021-04-09,82.76000213623047,83.76674846649169,4,621.2870789837195,218.58854687923053,176889.8319090698,33.037258402917466,LOSS,176889.8319090698,0.0
2021-04-12,78.58000183105469,83.17380214691161,4,569.1671425779539,-1268.352983764816,175621.47892530498,31.130224713220997,LOSS,176889.8319090698,-0.7170298993877761
2021-04-13,80.19000244140625,78.97290184020996,4,598.0829491107454,598.0829491107454,176219.56187441573,33.55708249261847,WIN,176889.8319090698,-0.3789194819285137
2021-04-14,78.55000305175781,80.59095245361327,4,612.6285252334702,-203.7512355087125,176015.81063890702,33.65159432622352,LOSS,176889.8319090698,-0.49410486783212376
2021-04-15,83.01000213623047,78.9427530670166,4,606.9575664237975,606.9575664237975,176622.76820533082,33.94034347181153,WIN,176889.8319090698,-0.15097741959314653
2021-04-16,82.1500015258789,83.42505214691161,4,709.5512280656336,199.53097965255176,176822.29918498336,36.654746580949805,LOSS,176889.8319090698,-0.038177844004704156
2021-04-19,81.11000061035156,82.5607515335083,4,641.2974122592736,60.9970429965806,176883.29622797994,34.20292905271042,LOSS,176889.8319090698,-0.00369477488859375
2021-04-20,79.2699966430664,81.5155506134033,4,635.7770681426099,-262.44451999215005,176620.85170798778,34.30887407909614,LOSS,176889.8319090698,-0.15206086080758013
2021-04-21,81.61000061035156,79.66634662628174,4,627.7879847588634,627.7879847588634,177248.63969274666,34.57729187001924,WIN,177248.63969274666,0.0
2021-04-22,79.05999755859375,82.01805061340332,4,650.3813459323097,-532.8398759915175,176715.79981675514,34.74187839773213,LOSS,177248.63969274666,-0.3006171877624397
2021-04-23,82.76000213623047,79.45529754638672,4,638.3909426522143,638.3909426522143,177354.19075940736,35.090398563529156,WIN,177354.19075940736,0.0
2021-04-26,85.41000366210938,83.17380214691161,4,705.226821518288,705.226821518288,178059.41758092566,36.567332987862784,WIN,178059.41758092566,0.0
2021-04-27,85.20999908447266,85.83705368041991,4,740.0086623995347,489.1868240206319,178548.6044049463,37.03974308978833,LOSS,178548.6044049463,0.0
2021-04-28,84.0199966430664,85.63604907989502,4,737.909656423188,91.48868169174386,178640.09308663805,37.025532852272974,LOSS,178640.09308663805,0.0
2021-04-29,83.91000366210938,84.44009662628173,4,726.9902793511899,514.9530936822482,179155.0461803203,37.00136145058096,LOSS,179155.0461803203,0.0
2021-04-30,81.62000274658203,84.3295536804199,4,711.117639475401,-372.7027340597489,178782.34344626055,36.413275530748564,LOSS,179155.0461803203,-0.20803362339267556
2021-05-03,78.55000305175781,82.02810276031494,4,690.1492435862439,-701.0906398366059,178081.25280642396,36.35001777421519,LOSS,179155.0461803203,-0.599365408226099
2021-05-04,78.61000061035156,78.9427530670166,4,688.7808102447027,555.6798275786891,178636.93263400265,37.38534579841986,LOSS,179155.0461803203,-0.289198410742036
2021-05-05,77.83000183105469,79.00305061340332,4,689.3486626384836,220.1291496990316,178857.06178370168,37.387102351322014,LOSS,179155.0461803203,-0.16632766029860738
2021-05-06,77.88999938964844,78.21915184020995,4,681.449274154657,549.7882939300536,179406.85007763174,37.342085619647044,LOSS,179406.85007763174,0.0
2021-05-07,78.80999755859375,78.27944938659667,4,677.3034132896992,677.3034132896992,180084.15349092142,37.14374869213265,WIN,180084.15349092142,0.0
2021-05-10,75.98999786376953,79.2040475463867,4,688.6017998433423,-597.0180732035268,179487.1354177179,37.28216358212049,LOSS,180084.15349092142,-0.3315217145042328
2021-05-11,76.83000183105469,76.36994785308838,4,642.6525396373603,642.6525396373603,180129.78795735523,36.35474343413167,WIN,180129.78795735523,0.0
2021-05-12,74.63999938964844,77.21415184020995,4,643.8195228021384,-385.8414574224669,179743.94649993276,36.09918260263774,LOSS,180129.78795735523,-0.21420191618380155
2021-05-13,73.08999633789062,75.01319938659667,4,631.8434177307738,-137.4378017516433,179606.5086981811,36.381678871968234,LOSS,180129.78795735523,-0.2905012353081848
2021-05-14,74.58999633789062,73.45544631958008,4,555.6354952900786,555.6354952900786,180162.14419347118,33.52711532259967,WIN,180162.14419347118,0.0
2021-05-17,74.6500015258789,74.96294631958007,4,579.8012638110771,454.62334633061175,180616.76753980177,34.09298915094199,LOSS,180616.76753980177,0.0
2021-05-18,74.44000244140625,75.02325153350829,4,579.3573344373282,346.05769759651355,180962.8252373983,34.052657821310916,LOSS,180962.8252373983,0.0
2021-05-19,76.2300033569336,74.81220245361327,4,570.3641496031219,570.3641496031219,181533.18938700142,33.725520417675796,WIN,181533.18938700142,0.0
2021-05-20,78.05999755859375,76.61115337371825,4,577.3714786165636,577.3714786165636,182110.56086561797,33.43450797530858,WIN,182110.56086561797,0.0
2021-05-21,77.16999816894531,78.45029754638671,4,586.8629212297423,74.7431702531843,182185.30403587114,33.24940265721026,LOSS,182185.30403587114,0.0
2021-05-24,77.44000244140625,77.55584815979003,4,528.8663025356891,482.52801518217666,182667.83205105332,31.050659083237004,LOSS,182667.83205105332,0.0
2021-05-25,77.86000061035156,77.82720245361327,3,374.5330580353067,374.5330580353067,183042.36510908863,29.712268117262532,WIN,183042.36510908863,0.0
2021-05-26,78.33999633789062,78.2493006134033,3,378.4328496448108,378.4328496448108,183420.79795873343,29.81809026093073,WIN,183420.79795873343,0.0
2021-05-27,78.41999816894531,78.73169631958007,3,380.70961540895655,287.2001702185303,183707.99812895196,29.814925849413353,LOSS,183707.99812895196,0.0
2021-05-28,80.08000183105469,78.81209815979003,3,381.3880648170949,381.3880648170949,184089.38619376905,29.831213749777483,WIN,184089.38619376905,0.0
2021-06-01,80.80999755859375,80.48040184020995,3,387.3623255684778,387.3623255684778,184476.74851933753,29.715632488572034,WIN,184476.74851933753,0.0
2021-06-02,81.97000122070312,81.21404754638671,3,361.00851447449793,361.00851447449793,184837.75703381203,28.084891188426518,WIN,184837.75703381203,0.0
2021-06-03,80.27999877929688,82.37985122680664,3,369.79422235488903,-260.1615118980393,184577.595521914,28.278743881856315,LOSS,184837.75703381203,-0.1407512815958105
2021-06-04,81.58000183105469,80.68139877319335,3,370.40754549831775,370.40754549831775,184948.0030674123,28.731209333033412,WIN,184948.0030674123,0.0
2021-06-07,81.3499984741211,81.98790184020996,3,380.7794578264557,189.40844799979658,185137.4115154121,28.9676215417132,LOSS,185137.4115154121,0.0
2021-06-08,80.88999938964844,81.75674846649169,3,378.165518776998,118.1407957240234,185255.55231113613,28.884124813316063,LOSS,185255.55231113613,0.0
2021-06-09,79.95999908447266,81.29444938659667,3,343.29629645435705,-57.0387941828464,185198.51351695327,27.09985572903692,LOSS,185255.55231113613,-0.030789249483359975
2021-06-10,81.55999755859375,80.35979907989501,3,342.572733706747,342.572733706747,185541.08625066,27.277615004756704,WIN,185541.08625066,0.0
2021-06-11,81.30999755859375,81.9677975463867,3,330.26838670927,132.92839037138327,185674.0146410314,26.241761237127285,LOSS,185674.0146410314,0.0
2021-06-14,81.55000305175781,81.7165475463867,3,312.2957123870608,262.3323639983925,185936.3470050298,25.32197262827534,LOSS,185936.3470050298,0.0
2021-06-15,80.47000122070312,81.9577530670166,3,306.03270000407184,-140.29285388996976,185796.05415113983,24.93347348944238,LOSS,185936.3470050298,-0.07545208677578391
2021-06-16,80.11000061035156,80.87235122680663,3,310.6814275393291,81.97624260280924,185878.03039374264,25.410305491990925,LOSS,185936.3470050298,-0.03136375013626433
2021-06-17,84.55999755859375,80.51055061340331,3,310.00547866015563,310.00547866015563,186188.0358724028,25.449604482570358,WIN,186188.0358724028,0.0
2021-06-18,84.6500015258789,84.9827975463867,3,386.1377935900545,286.2989874377145,186474.3348598405,28.521710557459713,LOSS,186474.3348598405,0.0
2021-06-21,82.58999633789062,85.0732515335083,3,378.0120501346802,-366.96450855062164,186107.3703512899,28.07701489449913,LOSS,186474.3348598405,-0.19679089287351048
2021-06-22,83.58000183105469,83.00294631958008,3,381.81673753773396,381.81673753773396,186489.18708882763,28.77130559689211,WIN,186489.18708882763,0.0
2021-06-23,83.81999969482422,83.99790184020995,3,387.9347445230102,334.5641009072913,186823.75118973493,28.85261614771061,LOSS,186823.75118973493,0.0
2021-06-24,86.0999984741211,84.23909969329833,3,389.0200702983411,389.0200702983411,187212.77126003327,28.851110562902175,WIN,187212.77126003327,0.0
2021-06-25,85.62000274658203,86.5304984664917,3,411.45590571358923,138.30718974069072,187351.07844977395,29.458212145868043,LOSS,187351.07844977395,0.0
2021-06-28,87.08000183105469,86.04810276031493,3,411.210956971056,411.210956971056,187762.289406745,29.563732242268692,WIN,187762.289406745,0.0
2021-06-29,89.5199966430664,87.51540184020995,3,415.49821993736975,415.49821993736975,188177.78762668237,29.425756024683665,WIN,188177.78762668237,0.0
2021-06-30,93.93000030517578,89.96759662628173,4,585.3622416498424,585.3622416498424,188763.14986833223,30.01099840309069,WIN,188763.14986833223,0.0
2021-07-01,93.30999755859375,94.39965030670164,4,667.0672284442512,231.2061292010933,188994.35599753333,31.87244686460575,LOSS,188994.35599753333,0.0
2021-07-02,94.69999694824219,93.77654754638671,4,646.0507194500977,646.0507194500977,189640.40671698345,31.28361741843187,WIN,189640.40671698345,0.0
2021-07-06,94.47000122070312,95.17349693298338,4,655.0820498652652,373.6837649531619,190014.0904819366,31.26292172416936,LOSS,190014.0904819366,0.0
2021-07-07,90.54000091552734,94.94235122680664,4,653.2563321043983,-1107.6837924073186,188906.4066895293,31.254704166413017,LOSS,190014.0904819366,-0.5829482379953315
2021-07-08,89.73999786376953,90.99270092010497,4,683.463640824867,182.38241829069318,189088.78910782,33.350758754208044,LOSS,190014.0904819366,-0.48696460971381683
2021-07-09,90.9000015258789,90.18869785308837,4,675.3148494901164,675.3148494901164,189764.10395731012,33.273007377453624,WIN,190014.0904819366,-0.1315620983646267
2021-07-12,90.80999755859375,91.3545015335083,4,680.2816040764179,462.48001411059874,190226.5839714207,33.13611561212542,LOSS,190226.5839714207,0.0
2021-07-13,90.26000213623047,91.2640475463867,4,678.7989148229926,277.18075076049763,190503.76472218122,33.10664868970753,LOSS,190503.76472218122,0.0
2021-07-14,89.05000305175781,90.7113021469116,4,677.8794703903285,13.359832328810967,190517.12455451002,33.22359611688327,LOSS,190517.12455451002,0.0
2021-07-15,86.93000030517578,89.49525306701659,4,668.9403069396105,-357.1607977967135,190159.96375671332,33.2291033823105,LOSS,190517.12455451002,-0.18746913099379547
2021-07-16,85.88999938964844,87.36465030670165,4,670.2521069366047,80.39174011532043,190240.35549682865,33.88487952237783,LOSS,190517.12455451002,-0.14527253564662557
2021-07-19,86.58000183105469,86.31944938659667,4,599.3381425054417,599.3381425054417,190839.6936393341,31.463100002305566,WIN,190839.6936393341,0.0
2021-07-20,87.11000061035156,87.01290184020995,4,605.3970934723835,605.3970934723835,191445.09073280648,31.5106234533207,WIN,191445.09073280648,0.0
2021-07-21,89.41000366210938,87.54555061340331,4,590.6662899849639,590.6662899849639,192035.75702279145,30.810660469033273,WIN,192035.75702279145,0.0
2021-07-22,91.20999908447266,89.85705368041991,4,619.1293783916711,619.1293783916711,192654.88640118312,31.286615703795103,WIN,192654.88640118312,0.0
2021-07-23,92.1500015258789,91.666049079895,4,638.7986019896118,638.7986019896118,193293.68500317272,31.547860726899298,WIN,193293.68500317272,0.0
2021-07-26,91.81999969482422,92.61075153350829,4,631.2649972460396,314.96426177241017,193608.64926494512,31.04121269408503,LOSS,193608.64926494512,0.0
2021-07-27,91.02999877929688,92.27909969329833,4,628.0625691896109,128.42220358902705,193737.07146853415,31.007291448254477,LOSS,193737.07146853415,0.0
2021-07-28,97.93000030517578,91.48514877319334,4,620.9421053728963,620.9421053728963,194358.01357390705,30.94492101125604,WIN,194358.01357390705,0.0
2021-07-29,102.94999694824219,98.41965030670166,4,793.4582172893026,793.4582172893026,195151.47179119635,35.181459465193086,WIN,195151.47179119635,0.0
2021-07-30,106.19000244140625,103.46474693298339,4,838.7558879166089,838.7558879166089,195990.22767911296,35.330006810982454,WIN,195990.22767911296,0.0
2021-08-02,108.62999725341797,106.72095245361326,4,878.1495317214192,878.1495317214192,196868.37721083438,35.73477443735882,WIN,196868.37721083438,0.0
2021-08-03,112.55999755859375,109.17314723968505,4,903.3730567661751,903.3730567661751,197771.75026760055,35.888389256058815,WIN,197771.75026760055,0.0
2021-08-04,118.7699966430664,113.1227975463867,4,953.978541222023,953.978541222023,198725.72880882258,36.41500639396429,WIN,198725.72880882258,0.0
2021-08-05,112.3499984741211,119.36384662628173,4,980.4854185916842,-1825.053842272569,196900.67496655,35.68755671264857,LOSS,198725.72880882258,-0.918378235778575
2021-08-06,110.11000061035156,112.91174846649169,4,1029.1783111885206,-91.52083126752927,196809.15413528247,38.68101450302347,LOSS,198725.72880882258,-0.9644320768267912
2021-08-09,107.58000183105469,110.6605506134033,4,1030.4202100273196,-201.79930291212622,196607.35483237036,39.33462279530458,LOSS,198725.72880882258,-1.0659787180803995
2021-08-10,106.4800033569336,108.11790184020995,4,1027.432888229756,372.2734949192122,196979.62832728957,39.970626658173096,LOSS,198725.72880882258,-0.8786484226271407
2021-08-11,107.68000030517578,107.01240337371826,4,1019.9531141197479,1019.9531141197479,197999.5814414093,40.064601387901945,WIN,198725.72880882258,-0.36540178856852396
2021-08-12,106.5,108.21840030670165,4,1020.2645553041872,332.90443262352585,198332.48587403283,39.72113292658398,LOSS,198725.72880882258,-0.19788224561906004
2021-08-13,110.55000305175781,107.03249999999998,4,993.5588980330572,993.5588980330572,199326.04477206588,39.23902262716091,WIN,199326.04477206588,0.0
2021-08-16,107.4800033569336,111.1027530670166,4,1033.9469585250483,-415.1529255081514,198910.89184655773,39.31694742985741,LOSS,199326.04477206588,-0.20827831404716446
2021-08-17,107.55999755859375,108.01740337371825,4,1039.5746232475724,856.6122971977713,199767.5041437555,40.37361758786571,LOSS,199767.5041437555,0.0
2021-08-18,103.44000244140625,108.0977975463867,4,1042.125188124116,-820.9928538680645,198946.51128988745,40.428250782352606,LOSS,199767.5041437555,-0.4109741758986267
2021-08-19,103.69999694824219,103.95720245361328,4,1041.8971623822963,939.0149602338604,199885.5262501213,41.69721199575478,LOSS,199885.5262501213,0.0
2021-08-20,104.6500015258789,104.21849693298338,4,1041.8241541692905,1041.8241541692905,200927.3504042906,41.61136548933119,WIN,200927.3504042906,0.0
2021-08-23,108.7699966430664,105.17325153350829,4,1051.2421477269922,1051.2421477269922,201978.5925520176,41.60737578398635,WIN,201978.5925520176,0.0
2021-08-24,107.6500015258789,109.31384662628173,4,1109.9071930184214,444.36915285729174,202422.96170487488,42.13273146902834,LOSS,202422.96170487488,0.0
2021-08-25,108.30000305175781,108.18825153350829,4,1099.7212232181655,1099.7212232181655,203522.68292809304,42.17090768254778,WIN,203522.68292809304,0.0
2021-08-26,107.2699966430664,108.84150306701659,4,1006.8728571055728,378.2702875254997,203900.95321561853,39.13279516065906,LOSS,203900.95321561853,0.0
2021-08-27,111.4000015258789,107.80634662628172,4,950.0703172340966,950.0703172340966,204851.02353285262,37.67677798793529,WIN,204851.02353285262,0.0
2021-08-30,111.31999969482422,111.95700153350829,4,997.7737359675141,742.9730004938856,205593.9965333465,38.007043781617185,LOSS,205593.9965333465,0.0
2021-08-31,110.72000122070312,111.87659969329833,4,986.7274802039459,524.0880911658634,206118.08462451238,37.70016012031203,LOSS,206118.08462451238,0.0
2021-09-01,109.98999786376953,111.27360122680663,4,950.6575104905228,437.216165275682,206555.30078978807,36.781613040791015,LOSS,206555.30078978807,0.0
2021-09-02,109.19999694824219,110.53994785308836,4,856.8619630948067,320.88160115633605,206876.18239094442,34.14982422131682,LOSS,206876.18239094442,0.0
2021-09-03,109.91999816894531,109.74599693298339,4,769.8798040351974,769.8798040351974,207646.0621949796,31.70190558008584,WIN,207646.0621949796,0.0
2021-09-07,109.1500015258789,110.46959815979002,4,764.1304606464713,236.2918070820241,207882.35400206162,31.376196705933484,LOSS,207882.35400206162,0.0
2021-09-08,106.16999816894531,109.69575153350829,4,741.9674306539843,-668.3339151712051,207214.0200868904,30.866854830184476,LOSS,207882.35400206162,-0.3214962224088464
2021-09-09,106.1500015258789,106.70084815979003,4,743.3058468998071,522.9671933353587,207736.98728022576,31.53955471746482,LOSS,207882.35400206162,-0.06992739837572691
2021-09-10,105.19999694824219,106.68075153350829,4,738.8962124181636,146.59437831172443,207883.58165853747,31.40653075018046,LOSS,207883.58165853747,0.0
2021-09-13,104.80000305175781,105.72599693298339,4,731.0563017083799,360.65874921814805,208244.24040775563,31.367955667397904,LOSS,208244.24040775563,0.0
2021-09-14,105.7300033569336,105.32400306701659,3,506.8097216530024,506.8097216530024,208751.05012940863,29.710247143413024,WIN,208751.05012940863,0.0
2021-09-15,105.5999984741211,106.25865337371825,3,495.38177342175345,297.78530354260766,209048.83543295122,29.04606081081365,LOSS,209048.83543295122,0.0
2021-09-16,106.22000122070312,106.12799846649169,3,494.71919152651697,494.71919152651697,209543.55462447775,29.043828295937907,WIN,209543.55462447775,0.0
2021-09-17,103.87999725341797,106.75110122680663,3,453.11622985753695,-408.21496215906006,209135.3396623187,27.19615403629367,LOSS,209543.55462447775,-0.19481150965994215
2021-09-20,101.55000305175781,104.39939723968504,3,459.3131076793822,-395.5051486987872,208739.83451361992,27.8829309407069,LOSS,209543.55462447775,-0.3835575435847569
2021-09-21,102.81999969482422,102.05775306701659,3,460.14000058903775,460.14000058903775,209199.97451420897,28.366189148010683,WIN,209543.55462447775,-0.16396596444329317
2021-09-22,104.37999725341797,103.33409969329833,3,418.87257789446204,418.87257789446204,209618.84709210342,26.349582615527062,WIN,209618.84709210342,0.0
2021-09-23,106.1500015258789,104.90189723968504,3,433.0624785810042,433.0624785810042,210051.90957068442,26.68056409041227,WIN,210051.90957068442,0.0
2021-09-24,105.80000305175781,106.68075153350829,3,449.70147403746887,185.476929512327,210237.38650019676,27.066705839457082,LOSS,210237.38650019676,0.0
2021-09-27,108.16000366210938,106.32900306701659,3,445.8880077392051,445.8880077392051,210683.27450793597,26.969565437457852,WIN,210683.27450793597,0.0
2021-09-28,101.5199966430664,108.70080368041991,3,418.97842286211267,-1735.2636883439384,208948.01081959205,25.46699305590159,LOSS,210683.27450793597,-0.823636186781672
2021-09-29,100.3499984741211,102.02759662628172,3,495.9287467128213,-7.350698935366779,208940.66012065668,29.92660174593098,LOSS,210683.27450793597,-0.827125167552704
2021-09-30,102.9000015258789,100.85174846649169,3,491.41401752399815,491.41401752399815,209432.07413818067,29.97936530163282,WIN,210683.27450793597,-0.5938774080085655
2021-10-01,102.44999694824219,103.41450153350829,4,700.4018822153072,314.6000481088678,209746.67418628954,30.89642311524749,LOSS,210683.27450793597,-0.44455371402116256
2021-10-04,100.33999633789062,102.96224693298339,4,696.8455877859928,-352.05465025111334,209394.61953603843,30.880499497027515,LOSS,210683.27450793597,-0.6116550898059082
2021-10-05,101.80999755859375,100.84169631958007,4,688.1951271449192,688.1951271449192,210082.81466318335,31.06841555288271,WIN,210683.27450793597,-0.285005938964559
2021-10-06,103.63999938964844,102.31904754638671,4,708.6673967691411,708.6673967691411,210791.48205995248,31.405925954145605,WIN,210791.48205995248,0.0
2021-10-07,106.44999694824219,104.15819938659666,4,714.1061196312878,714.1061196312878,211505.58817958378,31.173001273916032,WIN,211505.58817958378,0.0
2021-10-08,105.05999755859375,106.98224693298339,4,757.7361872100364,-11.163562545818195,211494.42461703796,31.92697409699864,LOSS,211505.58817958378,-0.005278140706304223
2021-10-11,104.68000030517578,105.58529754638671,4,750.7131245663622,388.59422808198974,211883.01884511995,32.01735929742171,LOSS,211883.01884511995,0.0
2021-10-12,105.04000091552734,105.20340030670165,4,747.9536135772298,682.5938571075062,212565.61270222746,32.015962379201525,LOSS,212565.61270222746,0.0
2021-10-13,109.16000366210938,105.56520092010497,4,748.4606546720394,748.4606546720394,213314.0733568995,31.950938995747062,WIN,213314.0733568995,0.0
2021-10-14,111.98999786376953,109.7058036804199,4,823.2297935655595,823.2297935655595,214137.30315046504,33.326777280277994,WIN,214137.30315046504,0.0
2021-10-15,112.12000274658203,112.54994785308837,4,860.9205315620933,688.9424889595581,214826.2456394246,33.80956212496331,LOSS,214826.2456394246,0.0
2021-10-18,116.43000030517578,112.68060276031493,4,842.3089208976357,842.3089208976357,215668.55456032223,33.23109841242754,WIN,215668.55456032223,0.0
2021-10-19,116.33000183105469,117.01215030670164,4,883.9986946350697,611.1393043762879,216279.69386469852,33.495566530160644,LOSS,216279.69386469852,0.0
2021-10-20,116.38999938964844,116.91165184020994,4,884.0509394687938,675.3899592441921,216955.08382394272,33.51863658664185,LOSS,216955.08382394272,0.0
2021-10-21,119.33000183105469,116.97194938659666,4,882.8818239687873,882.8818239687873,217837.9656479115,33.472460749853425,WIN,217837.9656479115,0.0
2021-10-22,119.81999969482422,119.92665184020994,4,913.2972581421559,870.6363999878665,218708.60204789936,33.69733483978195,LOSS,218708.60204789936,0.0
2021-10-25,122.36000061035156,120.41909969329832,4,914.2275853938631,914.2275853938631,219622.82963329324,33.619502114049666,WIN,219622.82963329324,0.0
2021-10-26,122.93000030517578,122.9718006134033,4,932.4920515612248,915.771928270216,220538.60156156344,33.589344912810624,LOSS,220538.60156156344,0.0
2021-10-27,122.27999877929688,123.54465030670164,3,564.4285297302458,185.03307150881608,220723.63463307224,28.632069820562947,LOSS,220723.63463307224,0.0
2021-10-28,121.16000366210938,122.89139877319334,3,553.6589089279671,34.240375602776226,220757.875008675,28.351326100297445,LOSS,220757.875008675,0.0
2021-10-29,120.2300033569336,121.7658036804199,3,551.1131198994648,90.37302285357077,220848.24803152858,28.4432344582114,LOSS,220848.24803152858,0.0
2021-11-01,125.2300033569336,120.83115337371825,3,550.0404043686574,550.0404043686574,221398.28843589724,28.55904045261084,WIN,221398.28843589724,0.0
2021-11-02,127.62999725341797,125.85615337371824,3,576.2280665812775,576.2280665812775,221974.5165024785,28.67570292974584,WIN,221974.5165024785,0.0
2021-11-03,130.52999877929688,128.26814723968505,3,589.0145932075897,589.0145932075897,222563.5310956861,28.735933375181958,WIN,222563.5310956861,0.0
2021-11-04,137.5,131.18264877319334,3,605.3468600936219,605.3468600936219,223168.87795577972,28.835547202043383,WIN,223168.87795577972,0.0
2021-11-05,136.33999633789062,138.18749999999997,4,919.0626928642706,180.06122802053198,223348.93918380025,30.49117921866786,LOSS,223348.93918380025,0.0
2021-11-08,150.16000366210938,137.02169631958006,4,901.4791909864705,901.4791909864705,224250.4183747867,30.25273533090654,WIN,224250.4183747867,0.0
2021-11-09,148.9199981689453,150.91080368041992,4,1276.3680983404997,480.0458937506578,224730.46426853735,36.49690707819326,LOSS,224730.46426853735,0.0
2021-11-10,139.8699951171875,149.66459815979002,4,1282.4648516594461,-2635.376365381561,222095.0879031558,36.86637568748854,LOSS,224730.46426853735,-1.172683184702748
2021-11-11,146.00999450683594,140.56934509277343,4,1359.696480425936,1359.696480425936,223454.78438358175,40.535286333419016,WIN,224730.46426853735,-0.5676488450765882
2021-11-12,147.88999938964844,146.7400444793701,4,1441.332883139734,1441.332883139734,224896.11726672147,41.03243109083114,WIN,224896.11726672147,0.0
2021-11-15,146.49000549316406,148.62944938659666,4,1455.126732981794,599.3491756087544,225495.46644233022,40.92588371977357,LOSS,225495.46644233022,0.0
2021-11-16,152.4499969482422,147.22245552062986,4,1437.9603249356978,1437.9603249356978,226933.42676726592,40.84931610672301,WIN,226933.42676726592,0.0
2021-11-17,151.33999633789062,153.2122469329834,4,1513.1325324603024,764.2322944231962,227697.6590616891,41.21091248743534,LOSS,227697.6590616891,0.0
2021-11-18,155.02000427246094,152.09669631958008,4,1509.9014772406263,1509.9014772406263,229207.56053892974,41.38106170560533,WIN,229207.56053892974,0.0
2021-11-19,155.41000366210938,155.79510429382321,4,1546.0001301325053,1391.9598774469694,230599.5204163767,41.3679123821864,LOSS,230599.5204163767,0.0
2021-11-22,152.52000427246094,156.1870536804199,4,1550.8601287758124,84.04036559223005,230683.56078196893,41.388566532020334,LOSS,230683.56078196893,0.0
2021-11-23,149.9199981689453,153.28260429382323,4,1547.8193560563216,202.77690610515606,230886.3376880741,41.94798219852264,LOSS,230886.3376880741,0.0
2021-11-24,157.8000030517578,150.66959815979,4,1542.1594406536701,1542.1594406536701,232428.49712872776,42.40518558817911,WIN,232428.49712872776,0.0
2021-11-26,154.80999755859375,158.5890030670166,4,1661.6050014771715,150.002798108035,232578.4999268358,43.20971492663162,LOSS,232578.4999268358,0.0
2021-11-29,161.91000366210938,155.5840475463867,4,1644.7054020846167,1644.7054020846167,234223.20532892042,43.52128432895914,WIN,234223.20532892042,0.0
2021-11-30,158.3699951171875,162.7195536804199,4,1734.7608113945128,-5.0626138984441695,234218.14271502197,43.82001110007036,LOSS,234223.20532892042,-0.0021614484744763986
2021-12-01,149.11000061035156,159.16184509277343,4,1711.2972600242492,-2309.440532944499,231908.70218207748,44.122086243128194,LOSS,234223.20532892042,-0.9881613325172767
2021-12-02,150.67999267578125,149.8555506134033,4,1726.338869336049,1726.338869336049,233635.04105141354,46.6749995993392,WIN,234223.20532892042,-0.25111272671762597
2021-12-03,144.00999450683594,151.43339263916013,4,1739.6357337880356,-1229.7235191416423,232405.3175322719,46.56789331751356,LOSS,234223.20532892042,-0.776134795907882
2021-12-06,139.05999755859375,144.7300444793701,4,1666.8034823143337,-601.2152859962036,231804.1022462757,46.66375923739538,LOSS,234223.20532892042,-1.0328195616858584
2021-12-07,144.85000610351562,139.7552975463867,4,1636.4375442654887,1636.4375442654887,233440.5397905412,47.30413580104972,WIN,234223.20532892042,-0.3341537134547041
2021-12-08,145.24000549316406,145.5742561340332,4,1498.2715344221733,1364.5712780745216,234805.11106861572,42.593886388335164,LOSS,234805.11106861572,0.0
2021-12-09,138.10000610351562,145.96620552062987,4,1501.2455466885137,-1645.2342201571844,233159.87684845855,42.56974991668759,LOSS,234805.11106861572,-0.7006807529314796
2021-12-10,138.5500030517578,138.7905061340332,4,1395.1651757615398,1298.9639428513872,234458.84079130992,41.7967362207324,LOSS,234805.11106861572,-0.14747135432014027
2021-12-13,133.8000030517578,139.2427530670166,4,1346.434914634483,-830.6650914690294,233628.17569984088,40.5250286349331,LOSS,234805.11106861572,-0.5012392462065735
2021-12-14,135.60000610351562,134.4690030670166,4,1318.4501591783765,1318.4501591783765,234946.62585901926,40.97429098296392,WIN,234946.62585901926,0.0
2021-12-15,146.5,136.27800613403318,4,1343.247739110014,1343.247739110014,236289.87359812928,41.14649291398402,WIN,236289.87359812928,0.0
2021-12-16,138.63999938964844,147.2325,4,1583.85791887177,-1853.14232526885,234436.73127286043,44.1406913929446,LOSS,236289.87359812928,-0.7842665015855026
2021-12-17,137.75,139.33319938659668,4,1559.2199099633744,925.9401553247044,235362.67142818513,45.58004738579204,LOSS,236289.87359812928,-0.39240029876231414
2021-12-20,135.8000030517578,138.43875,4,1530.4871241626606,474.9883448657861,235837.65977305092,45.13052476517731,LOSS,236289.87359812928,-0.1913809585625599
2021-12-21,144.25,136.47900306701658,4,1508.9676182418866,1508.9676182418866,237346.6273912928,45.13408420944809,WIN,237346.6273912928,0.0
2021-12-22,143.8800048828125,144.97125,4,1699.522463509904,1263.0244166349048,238609.6518079277,47.350212589020096,LOSS,238609.6518079277,0.0
2021-12-23,146.13999938964844,144.59940490722656,4,1689.8798852317939,1689.8798852317939,240299.5316931595,47.228770267677135,WIN,240299.5316931595,0.0
2021-12-27,154.36000061035156,146.87069938659667,4,1654.1879086713589,1654.1879086713589,241953.71960183085,45.82035764673578,WIN,241953.71960183085,0.0
2021-12-28,153.14999389648438,155.1318006134033,4,1820.4705510958795,1027.7478643283096,242981.46746615914,47.38951139802811,LOSS,242981.46746615914,0.0
2021-12-29,148.25999450683594,153.9157438659668,4,1755.1396961423236,-507.16004751001697,242474.3074186491,46.28688957440229,LOSS,242981.46746615914,-0.20872375691807096
2021-12-30,145.14999389648438,149.0012944793701,4,1710.813800551697,170.29356739740615,242644.6009860465,46.54820791807356,LOSS,242981.46746615914,-0.13863875448013144
2021-12-31,143.89999389648438,145.87574386596677,4,1607.3619284935603,817.0619407006029,243461.6629267471,45.008771123743514,LOSS,243461.6629267471,0.0
2022-01-03,150.24000549316406,144.61949386596677,4,1591.5750844731108,1591.5750844731108,245053.23801122024,44.96407937529408,WIN,245053.23801122024,0.0
2022-01-04,144.4199981689453,150.99120552062988,4,1658.672814393187,-969.8101262806383,244083.4278849396,44.89749949170245,LOSS,245053.23801122024,-0.3957548711256941
2022-01-05,136.14999389648438,145.14209815979,4,1602.6871788538674,-1994.1545264683864,242089.2733584712,45.08683829934144,LOSS,245053.23801122024,-1.2095186649251006
2022-01-06,136.22999572753906,136.83074386596678,4,1545.8988746929128,1305.5996193218255,243394.872977793,45.936706535476354,LOSS,245053.23801122024,-0.6767366335927758
2022-01-07,132.0,136.91114570617674,4,1546.4288687769597,-418.02941369373616,242976.84356409928,45.92752085754948,LOSS,245053.23801122024,-0.8473238158256381
2022-01-10,132.0,132.66,4,1468.5452659655068,1204.5452659655082,244181.3888300648,45.179235006296295,LOSS,245053.23801122024,-0.35577949845964574
2022-01-11,137.30999755859375,132.66,4,1468.0752058458945,1468.0752058458945,245649.4640359107,45.167457902340395,WIN,245649.4640359107,0.0
2022-01-12,137.47000122070312,137.9965475463867,4,1536.786075599487,1326.1675453260596,246975.63158123675,45.3999856309837,LOSS,246975.63158123675,0.0
2022-01-13,132.74000549316406,138.15735122680664,4,1535.4354051387527,-631.5028883182781,246344.1286929185,45.32441018643806,LOSS,246975.63158123675,-0.2556944117422167
2022-01-14,136.8800048828125,133.40370552062987,4,1352.2598245232477,1352.2598245232477,247696.38851744172,42.07688900777474,WIN,247696.38851744172,0.0
2022-01-18,131.92999267578125,137.56440490722656,4,1355.1181613377566,-898.6467312403674,246797.74178620137,41.12694189430509,LOSS,247696.38851744172,-0.3628017092292308
2022-01-19,128.27000427246094,132.58964263916013,4,1336.4215651274128,-391.43378155226515,246406.3080046491,41.88671419909071,LOSS,247696.38851744172,-0.5208313776855034
2022-01-20,121.88999938964844,128.91135429382322,4,1311.6178239007118,-1496.9241377692024,244909.38386687989,42.20310107852008,LOSS,247696.38851744172,-1.1251696753606841
2022-01-21,118.80999755859375,122.49944938659667,4,1187.6433196500934,-288.137411551073,244621.2464553288,40.60943915789146,LOSS,247696.38851744172,-1.2414965274701142
2022-01-24,116.52999877929688,119.4040475463867,4,1163.3780597272143,13.758552891281624,244635.0050082201,40.76935509954319,LOSS,247696.38851744172,-1.2359419237176574
2022-01-25,111.12999725341797,117.11264877319334,4,1128.0512709478562,-1265.0093369622932,243369.99567125778,40.40037286284732,LOSS,247696.38851744172,-1.7466515648770924
2022-01-26,110.70999908447266,111.68564723968505,4,989.0646288077515,598.8053667227927,243968.80103798056,37.81983281599581,LOSS,247696.38851744172,-1.5049018283117512
2022-01-27,102.5999984741211,111.26354907989501,4,987.2968893762344,-2478.123352933334,241490.67768504724,37.878689885541235,LOSS,247696.38851744172,-2.505369928701042
2022-01-28,105.23999786376953,103.11299846649169,4,978.738647072012,978.738647072012,242469.41633211926,39.93410000196445,WIN,247696.38851744172,-2.110233506676421
2022-01-31,114.25,105.76619785308837,4,1040.579121211886,1040.579121211886,243509.99545333115,41.08604017180283,WIN,247696.38851744172,-1.6901308449298529
2022-02-01,116.77999877929688,114.82124999999999,4,1322.4426060007306,1322.4426060007306,244832.43805933188,46.66630288901374,WIN,247696.38851744172,-1.1562342411416213
2022-02-02,122.76000213623047,117.36389877319334,4,1315.181111075658,1315.181111075658,246147.61917040753,45.631320742810566,WIN,247696.38851744172,-0.6252692484957783
2022-02-03,120.08000183105469,123.37380214691161,4,1438.264419817894,120.74429347512296,246268.36346388265,47.13287152044364,LOSS,247696.38851744172,-0.5765223554959178
2022-02-04,123.5999984741211,120.68040184020995,4,1362.0405553706844,1362.0405553706844,247630.40401925333,45.89832710775748,WIN,247696.38851744172,-0.026639265345505033
2022-02-07,123.66999816894531,124.2179984664917,4,1424.532257849631,1205.3321388310787,248835.73615808442,46.502107719389315,LOSS,248835.73615808442,0.0
2022-02-08,128.22999572753906,124.28834815979003,4,1410.4061389848805,1410.4061389848805,250246.1422970693,46.10277166374036,WIN,250246.1422970693,0.0
2022-02-09,132.85000610351562,128.87114570617675,4,1492.5803869332979,1492.5803869332979,251738.7226840026,46.88087095393055,WIN,251738.7226840026,0.0
2022-02-10,125.7699966430664,133.5142561340332,4,1539.5124813801785,-1558.1913150065348,250180.53136899607,46.710489796094436,LOSS,251738.7226840026,-0.6189716458371235
2022-02-11,113.18000030517578,126.39884662628172,4,1507.9676147605835,-3779.570913681794,246400.96045531429,48.03843439910226,LOSS,251738.7226840026,-2.120358033034349
2022-02-14,114.2699966430664,113.74590030670164,4,1489.178307544315,1489.178307544315,247890.1387628586,51.900326716271096,WIN,251738.7226840026,-1.5288009250666454
2022-02-15,121.47000122070312,114.84134662628172,4,1484.7405044588386,1484.7405044588386,249374.87926731745,51.35681113845645,WIN,251738.7226840026,-0.9390066778293731
2022-02-16,117.69000244140625,122.07735122680663,4,1639.7413078616366,-115.19820629851415,249259.68106101893,53.02985148569394,LOSS,251738.7226840026,-0.9847676974573
2022-02-17,112.37000274658203,118.27845245361327,4,1591.4699302882432,-771.9099525242523,248487.77110849466,53.107279968929305,LOSS,251738.7226840026,-1.29139909063125
2022-02-18,113.83000183105469,112.93185276031492,4,1513.56349510393,1513.56349510393,250001.3346035986,52.93168054221061,WIN,251738.7226840026,-0.6901552776149052
2022-02-22,115.6500015258789,114.39915184020995,4,1528.4644050357394,1528.4644050357394,251529.79900863435,52.793254140073664,WIN,251738.7226840026,-0.08299226799148511
2022-02-23,109.76000213623047,116.22825153350828,4,1551.3582810341547,-1035.9414778769717,250493.85753075738,52.74909072171613,LOSS,251738.7226840026,-0.4945068203940357
2022-02-24,116.61000061035156,110.3088021469116,4,1478.9175663256794,1478.9175663256794,251972.77509708307,52.94702858626768,WIN,251972.77509708307,0.0
2022-02-25,121.05999755859375,117.1930506134033,4,1625.540216632367,1625.540216632367,253598.31531371543,54.48774779249245,WIN,253598.31531371543,0.0
2022-02-28,123.33999633789062,121.66529754638671,4,1602.4632398130357,1602.4632398130357,255200.77855352848,52.16266722839132,WIN,255200.77855352848,0.0
2022-03-01,113.83000183105469,123.95669631958006,4,1629.634631471448,-2421.0431639387016,252779.73538958977,52.08199040634784,LOSS,255200.77855352848,-0.9486817311691292
2022-03-02,118.27999877929688,114.39915184020995,4,1507.442698916302,1507.442698916302,254287.17808850607,52.18249461236075,WIN,255200.77855352848,-0.3579928204767517
2022-03-03,111.9800033569336,118.87139877319335,4,1582.1276518941256,-1174.430514609776,253112.74757389628,52.62298594780973,LOSS,255200.77855352848,-0.8181914614317021
2022-03-04,108.41000366210938,112.53990337371825,4,1498.3019859088106,-153.65789873473796,252959.08967516155,52.636094181172844,LOSS,255200.77855352848,-0.8784020531100112
2022-03-07,102.94999694824219,108.95205368041991,4,1457.223305404961,-943.5993874661274,252015.49028769543,52.84012707875464,LOSS,255200.77855352848,-1.2481499013785076
2022-03-08,105.52999877929688,103.46474693298339,4,1393.6434481805509,1393.6434481805509,253409.13373587598,53.15534111866384,WIN,255200.77855352848,-0.7020530375367576
2022-03-09,111.05000305175781,106.05764877319335,4,1442.202979275657,1442.202979275657,254851.33671515164,53.58260915929391,WIN,255200.77855352848,-0.13692820231876354
2022-03-10,106.45999908447266,111.60525306701659,4,1540.1451986573848,-517.9563943601888,254333.38032079145,54.25281067548102,LOSS,255200.77855352848,-0.33988855271266155
2022-03-11,104.29000091552734,106.992299079895,4,1465.3526129381764,384.4333471911118,254717.81366798255,53.90692820122636,LOSS,255200.77855352848,-0.1892489859487719
2022-03-14,102.25,104.81145092010497,4,1410.6398493296429,386.05948128765317,255103.87314927022,53.119083679862015,LOSS,255200.77855352848,-0.03797222124772301
2022-03-15,109.33000183105469,102.76124999999999,4,1260.4955802188833,1260.4955802188833,256364.3687294891,49.155277394163015,WIN,256364.3687294891,0.0
2022-03-16,115.37000274658203,109.87665184020995,4,1425.6839122881424,1425.6839122881424,257790.05264177723,51.51199390891434,WIN,257790.05264177723,0.0
2022-03-17,111.69000244140625,115.94685276031493,4,1489.4738149487982,-213.26631261467196,257576.78632916257,51.08278308231265,LOSS,257790.05264177723,-0.08272868189798555
2022-03-18,113.45999908447266,112.24845245361327,4,1442.685729042015,1442.685729042015,259019.47205820458,51.10416832042741,WIN,259019.47205820458,0.0
2022-03-21,115.91999816894531,114.027299079895,4,1437.1878734341244,1437.1878734341244,260456.65993163871,50.27749695443585,WIN,260456.65993163871,0.0
2022-03-22,114.77999877929688,116.49959815979003,4,1472.8335717437037,784.9938195464435,261241.65375118516,50.405456683662656,LOSS,261241.65375118516,0.0
2022-03-23,113.91999816894531,115.35389877319335,4,1456.782812153203,883.2225704539878,262124.87632163914,50.36032415505358,LOSS,262124.87632163914,0.0
2022-03-24,120.52999877929688,114.48959815979002,4,1401.7664519131217,1401.7664519131217,263526.6427735523,49.08002884539055,WIN,263526.6427735523,0.0
2022-03-25,119.66999816894531,121.13264877319335,4,1474.1134170523842,889.0531753531682,264415.6959489054,48.83341008751783,LOSS,264415.6959489054,0.0
2022-03-28,120.23999786376953,120.26834815979002,4,1440.6896084773339,1429.3494900691373,265845.0454389746,48.20038815072979,LOSS,265845.0454389746,0.0
2022-03-29,123.2300033569336,120.84119785308836,4,1441.4586880964855,1441.4586880964855,267286.50412707106,48.0327990513591,WIN,267286.50412707106,0.0
2022-03-30,119.22000122070312,123.84615337371825,4,1364.5113241967204,-485.94953700933047,266800.5545900617,45.00573783256863,LOSS,267286.50412707106,-0.18180848247329542
2022-03-31,109.33999633789062,119.81610122680662,4,1318.9161417267687,-2871.5258138396302,263929.0287762221,44.972646502454616,LOSS,267286.50412707106,-1.2561335117963153
2022-04-01,108.19000244140625,109.88669631958007,4,1281.1033177256868,602.4257664561596,264531.45454267826,47.13494603189306,LOSS,267286.50412707106,-1.0307477339308628
2022-04-04,110.52999877929688,108.73095245361327,4,1252.1407258311483,1252.1407258311483,265783.5952685094,46.661489319246584,WIN,267286.50412707106,-0.5622838547236023
2022-04-05,106.81999969482422,111.08264877319334,4,1235.9469100161689,-469.1127213314801,265314.48254717793,45.36662454618485,LOSS,267286.50412707106,-0.7377931730348831
2022-04-06,103.66999816894531,107.35409969329832,4,1208.9150334940098,-264.72557624719457,265049.7569709307,45.81410590098368,LOSS,267286.50412707106,-0.8368350521270468
2022-04-07,103.72000122070312,104.18834815979002,4,1139.1955257759487,951.856750141189,266001.6137210719,44.72723584787428,LOSS,267286.50412707106,-0.4807165293270085
2022-04-08,101.0,104.23860122680664,4,1111.9714155628717,-183.46907515978296,265818.1446459121,43.841654743534875,LOSS,267286.50412707106,-0.5493578832026934
2022-04-11,97.37000274658203,101.505,4,1087.4093684953432,-566.5895328718425,265251.55511304026,43.992240068384035,LOSS,267286.50412707106,-0.7613362375615367
2022-04-12,95.0999984741211,97.85685276031494,4,1062.7516017219336,-39.99011275560338,265211.56500028464,44.48216537384965,LOSS,267286.50412707106,-0.7762977534398732
2022-04-13,97.73999786376953,95.5754984664917,4,952.6708348980242,952.6708348980242,266164.23583518266,41.515618447973914,WIN,267286.50412707106,-0.4198746568045464
2022-04-14,93.05999755859375,98.22869785308836,4,928.0842760734128,-1139.3958417244326,265024.83999345824,39.78883744603513,LOSS,267286.50412707106,-0.8461572502506907
2022-04-18,93.88999938964844,93.52529754638671,4,902.4649328860053,902.4649328860053,265927.30492634425,40.457643025981895,WIN,267286.50412707106,-0.5085177065582906
2022-04-19,96.93000030517578,94.35944938659667,4,905.0766494933455,905.0766494933455,266832.3815758376,40.266116817365,WIN,267286.50412707106,-0.1699010403523982
2022-04-20,94.0199966430664,97.41465030670165,4,948.9254058405727,-408.93605961352296,266423.4455162241,40.76234498526971,LOSS,267286.50412707106,-0.3228964416537391
2022-04-21,89.8499984741211,94.49009662628173,4,928.5352663593155,-927.5039945049375,265495.94152171916,41.04720284941372,LOSS,267286.50412707106,-0.6699038588572561
2022-04-22,88.13999938964844,90.29924846649169,4,906.9578371277224,43.25820639042138,265539.1997281096,41.768828837140575,LOSS,267286.50412707106,-0.6537196498820581
2022-04-25,90.69000244140625,88.58069938659666,4,801.0797790003,801.0797790003,266340.2795071099,38.443737932830466,WIN,267286.50412707106,-0.3540113718241917
2022-04-26,85.16000366210938,91.14345245361328,4,858.4578693953363,-1534.9216472062253,264805.35785990366,39.690974742285064,LOSS,267286.50412707106,-0.928272183165613
2022-04-27,84.91000366210938,85.58580368041991,4,835.3608583175362,565.0408509933204,265370.39871089696,40.8268645455972,LOSS,267286.50412707106,-0.7168732377386202
2022-04-28,89.63999938964844,85.33455368041992,4,806.4942921244277,806.4942921244277,266176.89300302137,39.79804721294225,WIN,267286.50412707106,-0.4151392258556293
2022-04-29,85.5199966430664,90.08819938659667,4,933.8527356203418,-893.4283617917639,265283.4646412296,42.8392991603108,LOSS,267286.50412707106,-0.7493979138165531
2022-05-02,89.83999633789062,85.94759662628172,4,829.4492289846819,829.4492289846819,266112.91387021425,40.461692688041644,WIN,267286.50412707106,-0.4390757627997837
2022-05-03,91.12999725341797,90.28919631958007,4,933.7248425845468,933.7248425845468,267046.6387127988,42.75789224690527,WIN,267286.50412707106,-0.089740937371908
2022-05-04,99.41999816894531,91.58564723968504,4,940.6813976462528,940.6813976462528,267987.3201104451,42.52379131697374,WIN,267987.3201104451,0.0
2022-05-05,93.87000274658203,99.91709815979003,4,1169.9223380373262,-1248.9158272458733,266738.4042831992,47.302887070278196,LOSS,267987.3201104451,-0.4660354179187081
2022-05-06,95.33999633789062,94.33935276031494,4,1134.206249926697,1134.206249926697,267872.61053312593,48.34550753461522,WIN,267987.3201104451,-0.04280410628080426
2022-05-09,86.36000061035156,95.81669631958007,4,1157.0940932468427,-2625.5841904445624,265247.0263426814,48.52333060402348,LOSS,267987.3201104451,-1.0225460542813583
2022-05-10,88.7300033569336,86.79180061340331,4,1140.077723557498,1140.077723557498,266387.10406623886,52.04533267792525,WIN,267987.3201104451,-0.5971237906132039
2022-05-11,87.91999816894531,89.17365337371825,4,1172.777247719361,671.3151658101849,267058.419232049,52.097962860463866,LOSS,267987.3201104451,-0.346621205067924
2022-05-12,87.05999755859375,88.35959815979002,4,1157.6855658923469,637.8453254138369,267696.2645574629,51.932996715945556,LOSS,267987.3201104451,-0.10860795684745427
2022-05-13,95.12000274658203,87.49529754638671,4,1134.9276465098496,1134.9276465098496,268831.1922039727,51.498652863534744,WIN,268831.1922039727,0.0
2022-05-16,94.23999786376953,95.59560276031493,4,1323.3003574146242,781.0583987964637,269612.2506027692,54.394919904468246,LOSS,269612.2506027692,0.0
2022-05-17,102.47000122070312,94.71119785308836,4,1311.9181228223108,1311.9181228223108,270924.1687255915,54.4251109539189,WIN,270924.1687255915,0.0
2022-05-18,96.27999877929688,102.98235122680663,4,1505.7217381093203,-1175.219240894581,269748.9494846969,56.98234777927545,LOSS,270924.1687255915,-0.4337816173517295
2022-05-19,96.66999816894531,96.76139877319335,4,1448.2315071007388,1411.6712654015241,271160.62075009843,58.13194049593153,LOSS,271160.62075009843,0.0
2022-05-20,93.5,97.15334815979003,4,1427.780881646977,-33.558382269034155,271127.0623678294,57.23160821093629,LOSS,271160.62075009843,-0.012375831776834828
2022-05-23,95.06999969482422,93.96749999999999,4,1390.2624457551333,1390.2624457551333,272517.3248135845,57.56060418999256,WIN,272517.3248135845,0.0
2022-05-24,91.16000366210938,95.54534969329833,4,1408.4712103818176,-345.66720209376604,272171.65761149075,57.38194763254185,LOSS,272517.3248135845,-0.12684228510250076
2022-05-25,92.6500015258789,91.61580368041992,4,1326.6471836788837,1326.6471836788837,273498.3047951696,56.51498746025206,WIN,273498.3047951696,0.0
2022-05-26,98.75,93.11325153350829,4,1348.9876357512726,1348.9876357512726,274847.2924309209,56.53842457067346,WIN,274847.2924309209,0.0
2022-05-27,102.26000213623047,99.24374999999999,4,1450.9826444087078,1450.9826444087078,276298.2750753296,56.97978923849439,WIN,276298.2750753296,0.0
2022-05-31,101.86000061035156,102.77130214691161,4,1475.5680501592155,1111.047435535197,277409.32251086476,56.10694508580888,LOSS,277409.32251086476,0.0
2022-06-01,101.22000122070312,102.36930061340331,4,1450.15137470975,990.4316176296754,278399.7541284944,55.469117180448436,LOSS,278399.7541284944,0.0
2022-06-02,108.58999633789062,101.72610122680663,4,1442.5768029679796,1442.5768029679796,279842.3309314624,55.51933321382847,WIN,279842.3309314624,0.0
2022-06-03,106.30000305175781,109.13294631958007,4,1510.0778155157698,376.90050838686625,280219.23143984925,54.37616522252648,LOSS,280219.23143984925,0.0
2022-06-06,105.6500015258789,106.83150306701658,4,1435.282135796006,962.681519340935,281181.9129591902,53.03989598751565,LOSS,281181.9129591902,0.0
2022-06-07,105.27999877929688,106.17825153350829,4,1427.7206382468091,1068.419536562244,282250.33249575243,53.077927637145024,LOSS,282250.33249575243,0.0
2022-06-08,101.9000015258789,105.80639877319335,4,1268.785464054457,-293.7734348713209,281956.5590608811,48.24232342143075,LOSS,282250.33249575243,-0.10408258239191376
2022-06-09,98.80000305175781,102.40950153350829,4,1249.0819077130657,-194.71748498712554,281761.841575894,48.92487645090231,LOSS,282250.33249575243,-0.1730700954500386
2022-06-10,94.81999969482422,99.29400306701659,4,1227.7526323786622,-561.8487164982862,281199.9928593957,49.482889389895895,LOSS,282250.33249575243,-0.372130522245727
2022-06-13,86.98999786376953,95.29409969329834,4,1204.0239494706482,-2117.616782340873,279082.3760770548,50.3802952236798,LOSS,282250.33249575243,-1.1223924488185608
2022-06-14,86.98999786376953,87.42494785308837,4,1086.3717890039597,912.3917932764246,279994.76787033124,49.687346858055626,LOSS,282250.33249575243,-0.7991362155278006
2022-06-15,89.30000305175781,87.42494785308837,4,1086.069495218506,1086.069495218506,281080.83736554976,49.67585424110495,WIN,282250.33249575243,-0.4143467679423458
2022-06-16,82.05000305175781,89.74650306701659,4,1012.7396884966319,-2065.860317606879,279014.97704794287,45.89202243676685,LOSS,282250.33249575243,-1.1462716161222768
2022-06-17,81.56999969482422,82.4602530670166,4,965.2255263421431,609.1241774651927,279624.1012254081,47.2909630814031,LOSS,282250.33249575243,-0.9304617100438201
2022-06-21,83.79000091552734,81.97784969329832,4,957.9420634536481,957.9420634536481,280582.04328886175,47.224601736262116,WIN,282250.33249575243,-0.5910672246651069
2022-06-22,83.75,84.20895092010497,4,989.283414070077,805.7030460280898,281387.74633488985,47.43261213276195,LOSS,282250.33249575243,-0.3056103258534041
2022-06-23,82.43000030517578,84.16874999999999,4,982.8628675194086,287.36298958972566,281675.1093244796,47.197722025863754,LOSS,282250.33249575243,-0.20379893486272346
2022-06-24,87.08000183105469,82.84215030670165,4,951.8906898363455,951.8906898363455,282627.00001431594,46.57660242264066,WIN,282627.00001431594,0.0
2022-06-27,86.16000366210938,87.51540184020995,4,1048.3986738694546,506.2394026292259,283133.23941694514,48.20248707005063,LOSS,283133.23941694514,0.0
2022-06-28,80.77999877929688,86.59080368041991,4,971.5995337322605,-1352.7224267169536,281780.5169902282,45.67976388432935,LOSS,283133.23941694514,-0.4777688516906709
2022-06-29,77.98999786376953,81.18389877319335,4,923.5503313448681,-354.0100324246588,281426.50695780356,46.196412402495014,LOSS,283133.23941694514,-0.6028018690621586
2022-06-30,76.47000122070312,78.37994785308837,4,897.3726049304368,133.39395197633974,281559.9009097799,46.438974893269865,LOSS,283133.23941694514,-0.5556883785193244
2022-07-01,73.66999816894531,76.85235122680663,4,879.8979709480934,-393.04325219643465,281166.85765758343,46.43961631297693,LOSS,283133.23941694514,-0.6945075623798439
2022-07-05,75.19999694824219,74.03834815979003,4,753.9962610552682,753.9962610552682,281920.8539186387,42.23397664644828,WIN,283133.23941694514,-0.4282031671036161
2022-07-06,75.3499984741211,75.57599693298339,4,789.5399084587658,699.1405249138487,282619.99444355257,43.10846634858817,LOSS,283133.23941694514,-0.18127330243863202
2022-07-07,79.30000305175781,75.72674846649169,4,794.2210337161371,794.2210337161371,283414.2154772687,43.24480194434034,WIN,283414.2154772687,0.0
2022-07-08,79.3499984741211,79.6965030670166,4,894.9915525120118,756.3897153538121,284170.60519262246,45.71104704270219,LOSS,284170.60519262246,0.0
2022-07-11,76.94999694824219,79.7467484664917,4,892.8301817116499,-225.87042558815324,283944.7347670343,45.59744700977126,LOSS,284170.60519262246,-0.07948409211257304
2022-07-12,76.36000061035156,77.33474693298339,4,865.7430842826973,475.8445552299652,284420.57932226424,45.59388993427084,LOSS,284420.57932226424,0.0
2022-07-13,77.5199966430664,76.74180061340331,4,848.3400471111067,848.3400471111067,285268.91936937533,45.127645915836,WIN,285268.91936937533,0.0
2022-07-14,78.5999984741211,77.90759662628173,4,792.09958206014,792.09958206014,286061.01895143546,42.17849127989904,WIN,286061.01895143546,0.0
2022-07-15,81.11000061035156,78.99299846649168,4,807.8843576071774,807.8843576071774,286868.9033090426,42.3783243276626,WIN,286868.9033090426,0.0
2022-07-18,81.43000030517578,81.5155506134033,4,839.0296036515438,804.8094803605338,287673.71278940316,42.596317955519524,LOSS,287673.71278940316,0.0
2022-07-19,85.87999725341797,81.83715030670164,4,743.080634102909,743.080634102909,288416.7934235061,38.56501743854383,WIN,288416.7934235061,0.0
2022-07-20,89.43000030517578,86.30939723968505,4,832.2642067787027,832.2642067787027,289249.0576302848,40.43563608335511,WIN,289249.0576302848,0.0
2022-07-21,91.08999633789062,89.87715030670165,4,881.8601675586465,881.8601675586465,290130.91779784346,40.99747857311648,WIN,290130.91779784346,0.0
2022-07-22,88.0999984741211,91.54544631958007,4,901.4296060937891,-476.7495320897997,289654.16826575366,41.113674445442875,LOSS,290130.91779784346,-0.16432220864581884
2022-07-25,87.54000091552734,88.54049846649168,4,888.1499302809907,487.95090989525465,290142.1191756489,41.7259151837669,LOSS,290142.1191756489,0.0
2022-07-26,85.25,87.97770092010497,4,833.9934510774085,-257.08691696457754,289885.03225868434,39.89320744787125,LOSS,290142.1191756489,-0.08860723761685967
2022-07-27,89.81999969482422,85.67625,4,822.1142421512411,822.1142421512411,290707.1465008356,40.278727792962016,WIN,290707.1465008356,0.0
2022-07-28,91.66999816894531,90.26909969329833,4,835.4416851112657,835.4416851112657,291542.58818594686,39.14674036533551,WIN,291542.58818594686,0.0
2022-07-29,94.47000122070312,92.12834815979004,4,822.3681891579055,822.3681891579055,292364.9563751048,38.05429410837422,WIN,292364.9563751048,0.0
2022-08-01,96.77999877929688,94.94235122680664,4,838.7253843804385,838.7253843804385,293203.6817594852,37.74757203293875,WIN,293203.6817594852,0.0
2022-08-02,99.29000091552734,97.26389877319335,4,808.8201116249409,808.8201116249409,294012.5018711102,36.02481496653294,WIN,294012.5018711102,0.0
2022-08-03,98.08999633789062,99.78645092010497,4,832.0331691497213,153.45133626398388,294165.95320737414,36.09929918015162,LOSS,294165.95320737414,0.0
2022-08-04,103.91000366210938,98.58044631958006,4,834.3365188307475,834.3365188307475,295000.2897262049,36.51599970402307,WIN,295000.2897262049,0.0
2022-08-05,102.30999755859375,104.42955368041991,4,897.780196121246,49.95774739078024,295050.24747359566,36.959664730983064,LOSS,295050.24747359566,0.0
2022-08-08,100.06999969482422,102.82154754638671,4,899.4634801722583,-201.15566045273852,294849.09181314294,37.46094107905113,LOSS,295050.24747359566,-0.06817674690163758
2022-08-09,95.54000091552734,100.57034969329833,4,864.8933368237159,-1147.2461742846767,293701.84563885827,36.9692717524527,LOSS,295050.24747359566,-0.45700752542431367
2022-08-10,99.05000305175781,96.01770092010497,4,886.9109511879553,886.9109511879553,294588.7565900462,39.0867127498785,WIN,295050.24747359566,-0.15641094610189804
2022-08-11,98.12000274658203,99.54525306701659,4,931.5861642744459,361.486036100623,294950.2426261468,39.49043292323809,LOSS,295050.24747359566,-0.03389417507870167
2022-08-12,100.83000183105469,98.61060276031493,4,932.0777039891365,932.0777039891365,295882.32033013593,39.8018179401536,WIN,295882.32033013593,0.0
2022-08-15,101.01000213623047,101.33415184020996,4,954.60079667878,824.9409150869853,296707.26124522294,39.6961972391873,LOSS,296707.26124522294,0.0
2022-08-16,100.19999694824219,101.51505214691161,4,957.0555264702882,431.0334470025175,297138.29469222546,39.720772454556894,LOSS,297138.29469222546,0.0
2022-08-17,98.2699966430664,100.70099693298339,4,913.927076763494,-58.47303920329807,297079.82165302214,38.55058972644777,LOSS,297138.29469222546,-0.019678728810061167
2022-08-18,100.44000244140625,98.76134662628172,4,885.086523746714,885.086523746714,297964.90817676886,38.172419710055145,WIN,297964.90817676886,0.0
2022-08-19,95.94999694824219,100.94220245361328,4,906.9384632132549,-1089.9437389351808,296874.9644378337,38.24839514148988,LOSS,297964.90817676886,-0.3657960078602788
2022-08-22,92.83999633789062,96.42974693298339,4,887.5763657534933,-548.3238722836134,296326.6405655501,38.978461848078595,LOSS,297964.90817676886,-0.5498189774236375
2022-08-23,92.48999786376953,93.30419631958007,4,882.114165781488,556.4347834572718,296883.0753490073,39.80869909584164,LOSS,297964.90817676886,-0.36307390503841974
2022-08-24,92.7300033569336,92.95244785308837,4,862.7617623095113,773.7839638475997,297656.85931285494,39.23562059368892,LOSS,297964.90817676886,-0.10338427628906251
2022-08-25,97.18000030517578,93.19365337371825,4,814.4912956814971,814.4912956814971,298471.35060853645,37.43422162782562,WIN,298471.35060853645,0.0
2022-08-26,91.18000030517578,97.66590030670164,4,890.1940066595052,-1704.16599395084,296767.1846145856,38.68033196139329,LOSS,298471.35060853645,-0.570964680689227
2022-08-29,88.48999786376953,91.63590030670166,4,892.0261761402672,-366.3348010325832,296400.84981355304,40.74029677618747,LOSS,298471.35060853645,-0.6937016872011277
2022-08-30,86.94000244140625,88.93244785308836,4,865.5336063048173,68.55544163197237,296469.40525518503,40.73372219885917,LOSS,298471.35060853645,-0.6707328355869879
2022-08-31,84.87000274658203,87.37470245361327,4,836.5976063269017,-165.28227648559266,296304.12297869945,40.209712354045536,LOSS,298471.35060853645,-0.7261090973784785
2022-09-01,82.33000183105469,85.29435276031494,4,821.2187535025798,-364.5216182015197,295939.60136049794,40.38663096346565,LOSS,298471.35060853645,-0.8482386141506281
2022-09-02,80.23999786376953,82.74165184020995,4,723.7670334379831,-276.8945571381861,295662.70680335973,37.459281612954214,LOSS,298471.35060853645,-0.9410095137943164
2022-09-06,78.72000122070312,80.64119785308837,4,708.5869666454996,-59.89168630859899,295602.8151170511,37.59089568041705,LOSS,298471.35060853645,-0.9610756562185374
2022-09-07,79.61000061035156,79.11360122680664,4,694.2557633936492,694.2557633936492,296297.0708804448,37.55273407830575,WIN,298471.35060853645,-0.7284718361272043
2022-09-08,82.77999877929688,80.00805061340331,4,688.204659759627,688.204659759627,296985.2755402044,36.97528330505435,WIN,298471.35060853645,-0.497895381014676
2022-09-09,85.44999694824219,83.19389877319335,4,721.0398375200897,721.0398375200897,297706.31537772453,37.192279785579714,WIN,298471.35060853645,-0.25631781048738206
2022-09-12,84.63999938964844,85.87724693298338,4,773.9929109067294,279.0938935727514,297985.4092712973,38.34163155149278,LOSS,298471.35060853645,-0.16281004399531593
2022-09-13,77.02999877929688,85.06319938659666,4,744.0067379022962,-2469.2735050176198,295516.13576627965,37.45664039614432,LOSS,298471.35060853645,-0.9901167519869419
2022-09-14,77.44999694824219,77.41514877319335,4,773.6505429801583,773.6505429801583,296289.7863092598,41.60136511505635,WIN,298471.35060853645,-0.7309124627300924
2022-09-15,76.66000366210938,77.83724693298339,4,782.2954124317616,311.39810408215544,296601.184413342,41.79038599986849,LOSS,298471.35060853645,-0.6265814763733581
2022-09-16,76.51000213623047,77.04330368041991,4,773.6100113826828,560.2893937069061,297161.47380704887,41.75993042459757,LOSS,298471.35060853645,-0.4388618200095078
2022-09-19,76.7699966430664,76.89255214691161,4,756.4252915402792,707.4030900021969,297868.87689705106,41.0825428917378,LOSS,298471.35060853645,-0.20185311262104141
2022-09-20,75.25,77.15384662628173,4,746.2814403056254,-15.257210207068056,297853.619686844,40.53482039125158,LOSS,298471.35060853645,-0.20696489644081115
2022-09-21,74.4800033569336,75.62625,4,725.5741858135159,267.07552858695385,298120.695215431,40.27414088165304,LOSS,298471.35060853645,-0.11748376934353477
2022-09-22,69.5,74.85240337371826,4,717.5543134765195,-1423.4070360107849,296697.2881794202,40.24770181218555,LOSS,298471.35060853645,-0.5943828194897727
2022-09-23,67.95999908447266,69.8475,4,706.8342689793274,-48.166097231608774,296649.1220821886,42.0206521874004,LOSS,298471.35060853645,-0.6105204143153443
2022-09-26,66.30000305175781,68.29979907989501,4,638.3897368779435,-161.52867437693544,296487.59340781166,39.4520671694536,LOSS,298471.35060853645,-0.6646390672606344
2022-09-27,67.16999816894531,66.6315030670166,4,594.8582501024193,594.8582501024193,297082.4516579141,38.05845208928116,WIN,298471.35060853645,-0.46533744287034945
2022-09-28,68.36000061035156,67.50584815979003,4,610.2443419942771,610.2443419942771,297692.6959999084,38.431676730412974,WIN,298471.35060853645,-0.26088085407209677
2022-09-29,64.13999938964844,68.70180061340331,4,633.7526137510291,-1190.9678757509187,296501.72812415747,39.04594562797685,LOSS,298471.35060853645,-0.6599033643809464
2022-09-30,63.36000061035156,64.46069938659667,4,624.4289498570417,184.1494393589976,296685.8775635165,40.582451478966,LOSS,298471.35060853645,-0.5982058383089888
2022-10-03,66.11000061035156,63.676800613403316,4,613.2524657483909,613.2524657483909,297299.1300292649,40.3954366615275,WIN,298471.35060853645,-0.39274140612878905
2022-10-04,67.9000015258789,66.44055061340332,4,674.2496229571129,674.2496229571129,297973.37965222204,42.11532992559836,WIN,298471.35060853645,-0.1668404539662277
2022-10-05,67.94000244140625,68.23950153350829,4,706.1853943449873,586.3857575041718,298559.7654097262,42.78162486953328,LOSS,298559.7654097262,0.0
2022-10-06,67.8499984741211,68.27970245361327,4,703.1794750410336,531.2978832441638,299091.06329297036,42.61505120329939,LOSS,299091.06329297036,0.0
2022-10-07,58.439998626708984,68.18924846649169,4,673.5686670294214,-3226.131268883661,295864.9320240867,41.21714758753151,LOSS,299091.06329297036,-1.0786451568843891
2022-10-10,57.810001373291016,58.73219861984252,4,712.4724176191393,343.5935189985372,296208.52554308524,48.705284566916504,LOSS,299091.06329297036,-0.9637659240462051
2022-10-11,57.630001068115234,58.09905138015746,4,704.6169996276711,516.99687481078,296725.522417896,48.69528497864797,LOSS,299091.06329297036,-0.790909915204389
2022-10-12,57.849998474121094,57.9181510734558,4,654.785801040507,627.5247613066232,297353.04717920267,45.96154484096325,LOSS,299091.06329297036,-0.5810993129090061
2022-10-13,58.939998626708984,58.13924846649169,4,656.7243004772819,656.7243004772819,298009.77147967997,45.92946841260736,WIN,299091.06329297036,-0.36152595179054986
2022-10-14,55.939998626708984,59.234698619842526,4,678.6210305458153,-639.2589667076013,297370.51251297235,46.4638055346167,LOSS,299091.06329297036,-0.5752598426228037
2022-10-17,57.959999084472656,56.219698619842525,4,655.2522580510946,655.2522580510946,298025.7647710234,47.12432755395129,WIN,299091.06329297036,-0.356178653490373
2022-10-18,57.91999816894531,58.24979907989501,4,698.4836017354718,566.5632373555917,298592.32800837903,48.24099470024777,LOSS,299091.06329297036,-0.16675031313215719
2022-10-19,57.22999954223633,58.20959815979003,4,698.7864099691625,306.9469629476804,298899.2749713267,48.28580988656456,LOSS,299091.06329297036,-0.06412372189663079
2022-10-20,57.77000045776367,57.516149539947506,4,690.4302492198822,690.4302492198822,299589.7052205466,48.28398690850349,WIN,299589.7052205466,0.0
2022-10-21,58.81999969482422,58.05885046005248,4,671.9536530030105,671.9536530030105,300261.6588735496,46.8533005417967,WIN,300261.6588735496,0.0
2022-10-24,58.70000076293945,59.114099693298336,4,688.1767453754298,522.5371732318769,300784.1960467815,47.07876469598225,LOSS,300784.1960467815,0.0
2022-10-25,61.470001220703125,58.993500766754146,4,683.7169257376579,683.7169257376579,301467.9129725192,46.90659551186425,WIN,301467.9129725192,0.0
2022-10-26,59.72999954223633,61.77735122680664,4,738.300205472839,-80.6404683552845,301387.2725041639,48.10741076167101,LOSS,301467.9129725192,-0.026749270779812363
2022-10-27,58.599998474121094,60.0286495399475,4,717.8967200894527,146.43629375888963,301533.7087979228,48.13483072414336,LOSS,301533.7087979228,0.0
2022-10-28,62.0099983215332,58.89299846649169,4,676.6812135244294,676.6812135244294,302210.39001144725,46.5752602563244,WIN,302210.39001144725,0.0
2022-10-31,60.060001373291016,62.320048313140866,4,749.6866961017221,-154.33207983821808,302056.05793160904,48.368781954299926,LOSS,302210.39001144725,-0.05106776104963129
2022-11-01,59.65999984741211,60.360301380157466,4,715.1506447150015,435.03003161685876,302491.0879632259,47.76521530791322,LOSS,302491.0879632259,0.0
2022-11-02,58.630001068115234,59.95829984664916,4,701.0848770332601,169.7653656196892,302660.8533288456,47.249522102041055,LOSS,302660.8533288456,0.0
2022-11-03,60.11000061035156,58.923151073455806,4,689.7191809059663,689.7191809059663,303350.57250975154,47.29116056559031,WIN,303350.57250975154,0.0
2022-11-04,62.189998626708984,60.410550613403316,4,715.8949443842026,715.8949443842026,304066.46745413577,47.773410119791144,WIN,304066.46745413577,0.0
2022-11-07,63.08000183105469,62.500948619842525,4,538.8620218130862,538.8620218130862,304605.3294759489,37.04165428740829,WIN,304605.3294759489,0.0
2022-11-08,63.849998474121094,63.395401840209956,4,544.8851927277921,544.8851927277921,305150.21466867666,36.95312868160273,WIN,305150.21466867666,0.0
2022-11-09,59.91999816894531,64.1692484664917,4,551.2817947744492,-1148.4183242441036,304001.7963444326,36.939939775331666,LOSS,305150.21466867666,-0.3763452454034849
2022-11-10,68.47000122070312,60.21959815979003,4,572.1581359926558,572.1581359926558,304573.9544804252,39.9649813830878,WIN,305150.21466867666,-0.18884475925312047
2022-11-11,72.37000274658203,68.81235122680663,4,866.8153043580478,866.8153043580478,305440.76978478325,50.253915994814896,WIN,305440.76978478325,0.0
2022-11-14,73.52999877929688,72.73185276031494,4,898.0159390454522,898.0159390454522,306338.7857238287,49.423461260741455,WIN,306338.7857238287,0.0
2022-11-15,76.37000274658203,73.89764877319335,4,906.9046141719529,906.9046141719529,307245.69033800066,49.17584530098296,WIN,307245.69033800066,0.0
2022-11-16,72.69999694824219,76.75185276031493,4,946.4748841109563,-674.2674407181416,306571.4228972825,49.3725451783278,LOSS,307245.69033800066,-0.21945545923731988
2022-11-17,73.9000015258789,73.06349693298338,4,933.8896671803868,933.8896671803868,307505.3125644629,50.86911407192005,WIN,307505.3125644629,0.0
2022-11-18,73.56999969482422,74.26950153350829,4,949.2788962654838,669.4781607918553,308174.79072525474,50.86795989050564,LOSS,308174.79072525474,0.0
2022-11-21,72.45999908447266,73.93784969329833,4,947.7837486599769,356.64350512970645,308531.4342303845,50.991305187484514,LOSS,308531.4342303845,0.0
2022-11-22,75.25,72.82229907989502,4,938.8461943224897,938.8461943224897,309470.280424707,51.23604921511593,WIN,309470.280424707,0.0
2022-11-23,76.4000015258789,75.62625,4,969.2752794951787,969.2752794951787,310439.55570420215,50.98464732876489,WIN,310439.55570420215,0.0
2022-11-25,75.13999938964844,76.78200153350829,4,966.5452998460144,309.74444230207223,310749.30014650425,50.22525593695151,LOSS,310749.30014650425,0.0
2022-11-28,73.19000244140625,75.51569938659667,4,948.9919747015423,18.7131966253761,310768.0133431296,50.15426661273048,LOSS,310768.0133431296,0.0
2022-11-29,73.38999938964844,73.55595245361327,4,915.8572027595392,849.4759771736051,311617.4893203032,49.76986673737482,LOSS,311617.4893203032,0.0
2022-11-30,77.62999725341797,73.75694938659667,4,900.4966919162147,900.4966919162147,312517.9860122194,48.964895517486994,WIN,312517.9860122194,0.0
2022-12-01,77.4800033569336,78.01814723968505,4,971.5450290007851,756.2874759002028,313274.2734881196,49.77533293548603,LOSS,313274.2734881196,0.0
2022-12-02,74.9800033569336,77.86740337371825,4,961.3675021659367,-193.5925045479246,313080.6809835717,49.42103762108498,LOSS,313274.2734881196,-0.061796489827387814
2022-12-05,73.62000274658203,75.35490337371826,4,951.3790323309122,257.4187814764214,313338.09976504813,50.34868202867206,LOSS,313338.09976504813,0.0
2022-12-06,70.2699966430664,73.98810276031493,4,936.8382127702318,-550.4042341291779,312787.69553091895,50.47066717907984,LOSS,313338.09976504813,-0.17565825366972326
2022-12-07,70.13999938964844,70.62134662628173,4,921.611803308696,729.0729086553771,313516.76843957434,51.760386084469424,LOSS,313516.76843957434,0.0
2022-12-08,70.47000122070312,70.49069938659667,4,920.1389918812229,911.8597255238033,314428.62816509814,51.77133182562892,LOSS,314428.62816509814,0.0
2022-12-09,68.58999633789062,70.82235122680663,4,877.525663917719,-15.416291648683568,314413.21187344944,49.56829937924361,LOSS,314428.62816509814,-0.004902954205748071
2022-12-12,70.66999816894531,68.93294631958007,4,643.9319074291182,643.9319074291182,315057.14378087857,39.433948360310836,WIN,315057.14378087857,0.0
2022-12-13,71.6500015258789,71.02334815979003,4,628.4796435069148,628.4796435069148,315685.6234243855,37.796985877370474,WIN,315685.6234243855,0.0
2022-12-14,68.93000030517578,72.0082515335083,4,636.1177621110957,-595.1827292219119,315090.44069516356,37.74726455651606,LOSS,315685.6234243855,-0.18853653288538166
2022-12-15,66.52999877929688,69.27465030670166,4,604.5813046410689,-493.27930632084474,314597.16138884274,37.39279879178251,LOSS,315685.6234243855,-0.34479303293438546
2022-12-16,65.41000366210938,66.86264877319336,4,568.6833833075417,-12.37466112605091,314584.7867277167,36.65472653545152,LOSS,315685.6234243855,-0.34871296472976593
2022-12-19,64.58999633789062,65.73705368041992,4,554.2949200085598,95.47198299684214,314680.25871071353,36.41127585058122,LOSS,315685.6234243855,-0.3184702245120694
2022-12-20,65.05000305175781,64.91294631958007,4,547.9704021180395,547.9704021180395,315228.2291128316,36.44324465213546,WIN,315685.6234243855,-0.14488918012557903
2022-12-21,67.68000030517578,65.3752530670166,4,552.9557865847585,552.9557865847585,315781.18489941634,36.498293295799805,WIN,315781.18489941634,0.0
2022-12-22,63.86000061035156,68.01840030670165,4,578.0065540000604,-1085.353324539975,314695.8315748764,36.629962575507946,LOSS,315781.18489941634,-0.34370424092419244
2022-12-23,64.5199966430664,64.17930061340331,4,573.8202948038193,573.8202948038193,315269.6518696802,38.10269388766879,WIN,315781.18489941634,-0.1619897112929864
2022-12-27,63.27000045776367,64.84259662628173,4,583.3221035877558,-45.716363819468484,315223.9355058607,38.28575541418749,LOSS,315781.18489941634,-0.17646693983149236
2022-12-28,62.56999969482422,63.586350460052486,4,569.208484690368,162.66817859906098,315386.60368445975,38.13874491940497,LOSS,315781.18489941634,-0.12495399783944482
2022-12-29,64.81999969482422,62.88284969329833,4,561.7755259117445,561.7755259117445,315948.3792103715,38.07873226761381,WIN,315948.3792103715,0.0
2022-12-30,64.7699966430664,65.14409969329833,4,546.8571086240291,397.2158885312598,316345.59509890276,36.2868852004097,LOSS,316345.59509890276,0.0
2023-01-03,64.0199966430664,65.09384662628173,4,546.6919691961125,117.15197590998241,316462.74707481277,36.29999313685252,LOSS,316462.74707481277,0.0
2023-01-04,64.66000366210938,64.34009662628173,4,531.6254853433305,531.6254853433305,316994.3725601561,35.848697686799774,WIN,316994.3725601561,0.0
2023-01-05,62.33000183105469,64.98330368041991,4,539.3531763208323,-521.967563425256,316472.40499673085,35.97211825338348,LOSS,316994.3725601561,-0.16466146045737612
2023-01-06,63.959999084472656,62.64165184020995,4,509.9523498468099,509.9523498468099,316982.3573465777,35.44335994134053,WIN,316994.3725601561,-0.0037903554821420177
2023-01-09,67.23999786376953,64.27979907989501,4,538.0417292005855,538.0417292005855,317520.39907577826,36.20622504504672,WIN,317520.39907577826,0.0
2023-01-10,68.05000305175781,67.57619785308837,4,609.4414750611924,609.4414750611924,318129.84055083944,38.360908621646786,WIN,318129.84055083944,0.0
2023-01-11,69.05999755859375,68.39025306701659,4,609.543857046972,609.543857046972,318739.3844078864,38.00908584082673,WIN,318739.3844078864,0.0
2023-01-12,70.80000305175781,69.4052975463867,4,607.7685368689848,607.7685368689848,319347.1529447554,37.49082842830155,WIN,319347.1529447554,0.0
2023-01-13,71.0,71.15400306701659,4,630.1861085161997,568.5848817095641,319915.73782646493,37.82269183098248,LOSS,319915.73782646493,0.0
2023-01-17,71.58999633789062,71.35499999999999,4,607.9900473766521,607.9900473766521,320523.7278738416,36.705876387145054,WIN,320523.7278738416,0.0
2023-01-18,70.52999877929688,71.94794631958007,4,589.3879554341064,22.20893932082879,320545.9368131624,35.61313316918122,LOSS,320545.9368131624,0.0
2023-01-19,67.70999908447266,70.88264877319335,4,579.2770848391909,-689.7827906490876,319856.1540225133,35.54823219321896,LOSS,320545.9368131624,-0.21518999663725455
2023-01-20,70.06999969482422,68.04854907989501,4,582.2084988152819,582.2084988152819,320438.3625213286,36.8226864077878,WIN,320545.9368131624,-0.03355971156686194
2023-01-23,76.52999877929688,70.42034969329833,4,617.9322231779086,617.9322231779086,321056.29474450654,37.551009847471796,WIN,321056.29474450654,0.0
2023-01-24,74.69999694824219,76.91264877319335,4,772.9626331286071,-112.0980968518594,320944.1966476547,41.78864884608248,LOSS,321056.29474450654,-0.03491540227892062
2023-01-25,74.91000366210938,75.07349693298339,4,709.4333589078628,644.0360505582573,321588.23269821296,39.794328484802676,LOSS,321588.23269821296,0.0
2023-01-26,75.16000366210938,75.28455368041992,4,711.7836965769367,661.9636892527193,322250.1963874657,39.81004029711339,LOSS,322250.1963874657,0.0
2023-01-27,75.4000015258789,75.53580368041992,4,702.6367894186851,648.3159276022807,322898.512315068,39.30303318169776,LOSS,322898.512315068,0.0
2023-01-30,72.44999694824219,75.7770015335083,4,698.9172017938538,-631.8846323125902,322266.6276827554,39.041474931058545,LOSS,322898.512315068,-0.19569140402109234
2023-01-31,75.1500015258789,72.81224693298338,4,692.7021050334906,692.7021050334906,322959.3297877889,40.0060078466964,WIN,322959.3297877889,0.0
2023-02-01,84.63999938964844,75.5257515335083,4,731.2743540229416,731.2743540229416,323690.60414181184,40.56742547516093,WIN,323690.60414181184,0.0
2023-02-02,88.30999755859375,85.06319938659666,4,1007.9572306396193,1007.9572306396193,324698.5613724515,47.77013530475437,WIN,324698.5613724515,0.0
2023-02-03,86.08999633789062,88.7515475463867,4,1061.5296931828825,-3.09079021554885,324695.47058223595,48.139665079790056,LOSS,324698.5613724515,-0.000951895260165654
2023-02-06,83.68000030517578,86.52044631958007,4,1021.2965093685016,-114.88189639321558,324580.58868584275,47.61922454481504,LOSS,324698.5613724515,-0.036332987158944216
2023-02-07,85.91000366210938,84.09840030670165,4,1015.5320623002161,1015.5320623002161,325596.12074814294,48.52133628167436,WIN,325596.12074814294,0.0
2023-02-08,84.69000244140625,86.33955368041991,4,1026.4707138209421,366.6502182154777,325962.7709663584,47.90061009817671,LOSS,325962.7709663584,0.0
2023-02-09,83.20999908447266,85.11345245361328,4,1021.0106456694651,259.6292980132167,326222.40026437165,48.256624445768736,LOSS,326222.40026437165,0.0
2023-02-10,81.4800033569336,83.62604907989501,4,1013.0863485953035,154.66805941073642,326377.0683237824,48.65083270222064,LOSS,326377.0683237824,0.0
2023-02-13,83.12999725341797,81.88740337371826,4,999.6136815396483,999.6136815396483,327376.6820053221,48.958908104428744,WIN,327376.6820053221,0.0
2023-02-14,85.94999694824219,83.54564723968505,4,1021.2317998719362,1021.2317998719362,328397.913805194,49.013636017457195,WIN,328397.913805194,0.0
2023-02-15,85.18000030517578,86.3797469329834,4,1063.4487653338867,583.5501142108415,328981.4639194049,49.30506711258205,LOSS,328981.4639194049,0.0
2023-02-16,80.08000183105469,85.60590030670166,4,1050.703821002301,-1159.6555692564862,327821.80835014844,49.18013043914147,LOSS,328981.4639194049,-0.3524987564468236
2023-02-17,78.5,80.48040184020995,4,1015.2589948679536,223.0982587839735,328044.9066089324,50.31436103494726,LOSS,328981.4639194049,-0.28468391480619004
2023-02-21,76.7699966430664,78.8925,4,995.721193531873,146.71985075843622,328191.62645969086,50.33515441727091,LOSS,328981.4639194049,-0.24008570279434738
2023-02-22,76.61000061035156,77.15384662628173,4,891.7140564385209,674.1756500664524,328865.8021097573,46.79993944215741,LOSS,328981.4639194049,-0.03515754604214038
2023-02-23,79.75,76.99305061340331,4,882.2049683160521,882.2049683160521,329748.0070780734,46.46966644486454,WIN,329748.0070780734,0.0
2023-02-24,78.08999633789062,80.14874999999999,4,936.53791153165,113.03644668790298,329861.0435247613,47.223339705043294,LOSS,329861.0435247613,0.0
2023-02-27,78.7699966430664,78.48044631958007,4,924.0691737321933,924.0691737321933,330785.11269849347,47.5208717954975,WIN,330785.11269849347,0.0
2023-02-28,78.58000183105469,79.16384662628172,4,932.5347240767716,698.9968059859567,331484.10950447945,47.538457097261784,LOSS,331484.10950447945,0.0
2023-03-01,78.29000091552734,78.97290184020996,4,908.0575341968697,634.8971643238244,332119.0066688033,46.60295367132414,LOSS,332119.0066688033,0.0
2023-03-02,80.44000244140625,78.68145092010498,4,891.345481528106,891.345481528106,333010.35215033137,46.03855391014437,WIN,333010.35215033137,0.0
2023-03-03,81.5199966430664,80.84220245361327,4,683.3682610922834,683.3682610922834,333693.72041142365,36.4814449733672,WIN,333693.72041142365,0.0
2023-03-06,81.16000366210938,81.92759662628173,4,655.5643753589701,348.52718969002956,334042.2476011137,34.981248209965,LOSS,334042.2476011137,0.0
2023-03-07,82.11000061035156,81.56580368041992,4,642.7755516481012,642.7755516481012,334685.0231527618,34.5780838612848,WIN,334685.0231527618,0.0
2023-03-08,85.37000274658203,82.52055061340332,4,639.3538852735161,639.3538852735161,335324.3770380353,34.137225784307596,WIN,335324.3770380353,0.0
2023-03-09,84.02999877929688,85.79685276031493,4,683.9342027726269,-22.80738963459669,335301.5696484007,34.88087408632022,LOSS,335324.3770380353,-0.006801590100923727
2023-03-10,82.66999816894531,84.45014877319335,4,674.141976777242,-37.918264921972195,335263.6513834787,34.91799178083835,LOSS,335324.3770380353,-0.018109525794989423
2023-03-13,82.01000213623047,83.08334815979003,4,662.3294775012508,232.99106807742453,335496.64245155617,34.88191908336127,LOSS,335496.64245155617,0.0
2023-03-14,87.44999694824219,82.42005214691162,4,649.2036364231087,649.2036364231087,336145.84608797927,34.565833395804766,WIN,336145.84608797927,0.0
2023-03-15,89.68000030517578,87.88724693298339,4,771.8926388708827,771.8926388708827,336917.73872685013,37.57710303397404,WIN,336917.73872685013,0.0
2023-03-16,96.5999984741211,90.12840030670165,4,782.4503970813244,782.4503970813244,337700.18912393146,37.24056648254523,WIN,337700.18912393146,0.0
2023-03-17,97.83999633789062,97.08299846649169,4,945.2142621464315,945.2142621464315,338645.4033860779,40.7458949212667,WIN,338645.4033860779,0.0
2023-03-20,96.80999755859375,98.32919631958006,4,862.3927682266402,254.71326383211488,338900.11664991,37.536236023627126,LOSS,338900.11664991,0.0
2023-03-21,95.93000030517578,97.29404754638671,4,843.0083570475489,297.38946056317843,339197.5061104732,37.18417716785228,LOSS,339197.5061104732,0.0
2023-03-22,97.58000183105469,96.40965030670165,4,820.1282165951294,820.1282165951294,340017.63432706834,36.659562322187654,WIN,340017.63432706834,0.0
2023-03-23,100.27999877929688,98.06790184020996,4,830.328667721551,830.328667721551,340847.9629947899,36.52718659239154,WIN,340847.9629947899,0.0
2023-03-24,97.94999694824219,100.78139877319335,4,839.377912250626,-293.1828177298371,340554.78017706005,36.067926753866104,LOSS,340847.9629947899,-0.0860157165540437
2023-03-27,96.61000061035156,98.43974693298338,4,823.6770219771643,91.77849292443625,340646.55866998446,36.19629845392399,LOSS,340847.9629947899,-0.059089197141102126
2023-03-28,94.55999755859375,97.0930506134033,4,826.2199765344992,-187.00124538932346,340459.5574245951,36.66908839677225,LOSS,340847.9629947899,-0.11395273328968158
2023-03-29,96.08999633789062,95.0327975463867,4,826.4936127623965,826.4936127623965,341286.05103735754,37.29182698896909,WIN,341286.05103735754,0.0
2023-03-30,97.87999725341797,96.57044631958007,4,836.4949778681943,836.4949778681943,342122.54601522576,37.17578938728704,WIN,342122.54601522576,0.0
2023-03-31,98.01000213623047,98.36939723968504,4,847.1299397309892,703.3718983491597,342825.9179135749,37.008619418212014,LOSS,342825.9179135749,0.0
2023-04-03,96.55999755859375,98.50005214691161,4,849.6235194823861,73.6016841552406,342899.51959773013,37.05479440352761,LOSS,342899.51959773013,0.0
2023-04-04,95.87000274658203,97.04279754638671,4,845.6326680222945,376.5147481004236,343276.03434583056,37.348621368509335,LOSS,343276.03434583056,0.0
2023-04-05,92.55999755859375,96.34935276031493,4,844.7106472821598,-671.0314334063117,342605.0029124243,37.525267055725735,LOSS,343276.03434583056,-0.1954786720503363
2023-04-06,92.47000122070312,93.02279754638671,4,826.776831275927,605.658301002492,343210.6612134268,37.92654035624119,LOSS,343276.03434583056,-0.019043896416580518
2023-04-10,95.4800033569336,92.93235122680663,4,818.1006805130557,818.1006805130557,344028.76189393987,37.644988536935976,WIN,344028.76189393987,0.0
2023-04-11,94.02999877929688,95.95740337371825,4,848.409820671535,77.4479829029849,344106.20987684286,37.77242152913277,LOSS,344106.20987684286,0.0
2023-04-12,92.33000183105469,94.50014877319335,4,841.1712089322019,-26.887567923261145,344079.32230891957,37.97099152126091,LOSS,344106.20987684286,-0.007813740976343042
2023-04-13,92.08999633789062,92.79165184020995,4,757.7482433228306,477.0860423951001,344556.40835131466,35.52757678122453,LOSS,344556.40835131466,0.0
2023-04-14,91.75,92.55044631958008,4,744.1296160479825,423.9510882159524,344980.35943953064,35.10923429635275,LOSS,344980.35943953064,0.0
2023-04-17,89.87000274658203,92.20875,3,435.73902346546106,-265.885152559928,344714.47428697074,29.327621588201414,LOSS,344980.35943953064,-0.07707254783775809
2023-04-18,89.77999877929688,90.31935276031493,3,427.71478393963923,265.9085896342234,344980.38287660497,29.371989360511275,LOSS,344980.38287660497,0.0
2023-04-19,89.94000244140625,90.22889877319335,3,426.4266884458202,339.75778890969013,345320.1406655147,29.329762684847154,LOSS,345320.1406655147,0.0
2023-04-20,90.11000061035156,90.38970245361327,3,427.02346538297274,343.1129124044612,345663.25357791915,29.321761792092094,LOSS,345663.25357791915,0.0
2023-04-21,88.43000030517578,90.56055061340331,3,418.26369979911834,-220.90139266913963,345442.35218525,28.85360020453909,LOSS,345663.25357791915,-0.06390653052721165
2023-04-24,87.56999969482422,88.87215030670166,3,388.47654441878245,-2.168639144448605,345440.1835461056,27.75710808003791,LOSS,345663.25357791915,-0.06453391545228118
2023-04-25,83.80000305175781,88.00784969329833,3,377.1435852883196,-885.2104071738343,344554.97313893173,27.376679137616765,LOSS,345663.25357791915,-0.320624314998989
2023-04-26,85.94000244140625,84.21900306701659,3,391.9926485661887,391.9926485661887,344946.96578749793,29.012412217623037,WIN,345663.25357791915,-0.20722127186127318
2023-04-27,87.44000244140625,86.36970245361327,3,418.594760099974,418.594760099974,345365.5605475979,29.8637383129288,WIN,345663.25357791915,-0.08612226704455478
2023-04-28,89.37000274658203,87.87720245361328,3,427.1035500897498,427.1035500897498,345792.66409768764,29.924386323958178,WIN,345792.66409768764,0.0
2023-05-01,89.69000244140625,89.81685276031493,4,587.1366985804907,536.3965710170187,346329.0606687047,30.112958109028007,LOSS,346329.0606687047,0.0
2023-05-02,89.91000366210938,90.13845245361327,4,590.144354496436,498.7648378948785,346827.82550659956,30.146341383461834,LOSS,346827.82550659956,0.0
2023-05-03,81.62000274658203,90.3595536804199,4,589.1726612033685,-2906.647712331782,343921.1777942678,30.05735286084984,LOSS,346827.82550659956,-0.8380664694610785
2023-05-04,86.61000061035156,82.02810276031494,4,701.5752270738387,701.5752270738387,344622.75302134163,36.812991153522205,WIN,346827.82550659956,-0.6357830378912233
2023-05-05,89.83999633789062,87.04305061340331,4,811.2331447772884,811.2331447772884,345433.98616611894,39.362430711603295,WIN,346827.82550659956,-0.40188221301007004
2023-05-08,95.04000091552734,90.28919631958007,4,869.2882269702586,869.2882269702586,346303.2743930892,40.38585213126352,WIN,346827.82550659956,-0.15124251139429026
2023-05-09,95.05999755859375,95.51520092010497,4,961.6769763786771,779.5956317741876,347082.87002486334,41.84992749575674,LOSS,347082.87002486334,0.0
2023-05-10,97.0199966430664,95.53529754638672,4,957.3883316985346,957.3883316985346,348040.2583565619,41.69368372060476,WIN,348040.2583565619,0.0
2023-05-11,97.0999984741211,97.50509662628173,4,976.0162278138928,813.9769669496395,348854.23532351153,41.6557761197243,LOSS,348854.23532351153,0.0
2023-05-12,95.26000213623047,97.58549846649169,4,976.3209053761674,46.12237327168066,348900.3576967832,41.63874165038905,LOSS,348900.3576967832,0.0
2023-05-15,97.4000015258789,95.73630214691161,4,965.5140977275341,965.5140977275341,349865.87179451075,41.905857558844126,WIN,349865.87179451075,0.0
2023-05-16,101.4800033569336,97.8870015335083,4,983.2654441149404,983.2654441149404,350849.13723862567,41.77211809216159,WIN,350849.13723862567,0.0
2023-05-17,103.75,101.98740337371825,4,1048.2181443343864,1048.2181443343864,351897.35538296006,42.5465947947852,WIN,351897.35538296006,0.0
2023-05-18,107.93000030517578,104.26874999999998,4,1075.4162545499803,1075.4162545499803,352972.77163751004,42.66615142614334,WIN,352972.77163751004,0.0
2023-05-19,105.81999969482422,108.46965030670165,4,1137.1418549672005,77.28161021622714,353050.0532477263,43.229902102434366,LOSS,353050.0532477263,0.0
2023-05-22,108.0,106.34909969329833,4,1115.889248287605,1115.889248287605,354165.9424960139,43.260473477372926,WIN,354165.9424960139,0.0
2023-05-23,108.12000274658203,108.53999999999999,4,1133.1079958819253,965.109094514741,355131.05159052863,43.083792621440175,LOSS,355131.05159052863,0.0
2023-05-24,108.2699966430664,108.66060276031493,4,1075.8757453660066,919.6332984665971,356050.68488899525,41.29465325599134,LOSS,356050.68488899525,0.0
2023-05-25,120.3499984741211,108.81134662628173,4,1076.6584479732685,1076.6584479732685,357127.3433369685,41.27297034862656,WIN,357127.3433369685,0.0
2023-05-26,127.02999877929688,120.95174846649168,4,1392.8656068211526,1392.8656068211526,358520.20894378965,46.661235059553135,WIN,358520.20894378965,0.0
2023-05-30,125.2699966430664,127.66514877319335,4,1498.2292999953754,540.1684479445973,359060.3773917342,47.39158658132773,LOSS,359060.3773917342,0.0
2023-05-31,118.20999908447266,125.89634662628173,4,1493.0738021300583,-1581.46521459357,357478.91217714065,47.80349985916664,LOSS,359060.3773917342,-0.4404454833144102
2023-06-01,119.47000122070312,118.80104907989501,4,1497.253586416889,1497.253586416889,358976.16576355754,50.27463988851618,WIN,359060.3773917342,-0.02345333361157938
2023-06-02,117.86000061035156,120.06735122680662,4,1291.0699755444025,408.12972896237875,359384.2954925199,44.125243024451784,LOSS,359384.2954925199,0.0
2023-06-05,117.93000030517578,118.44930061340331,4,1255.83718967737,1048.1170663863586,360432.41255890625,43.62481307082345,LOSS,360432.41255890625,0.0
2023-06-06,124.2300033569336,118.51965030670165,4,1250.9025271195637,1250.9025271195637,361683.3150860258,43.46551013682361,WIN,361683.3150860258,0.0
2023-06-07,117.83000183105469,124.85115337371825,4,1309.6047705219528,-1498.8558465434714,360184.45923948236,43.24926622202622,LOSS,361683.3150860258,-0.41441111160655747
2023-06-08,121.05000305175781,118.41915184020995,4,1322.0873228926866,1322.0873228926866,361506.54656237504,45.49325786687222,WIN,361683.3150860258,-0.048873839703864594
2023-06-09,124.91999816894531,121.65525306701659,4,1361.5029461127149,1361.5029461127149,362868.04950848775,45.583041320459344,WIN,362868.04950848775,0.0
2023-06-12,129.19000244140625,125.54459815979003,4,1409.8713827043637,1409.8713827043637,364277.9208911921,45.711201232211565,WIN,364277.9208911921,0.0
2023-06-13,124.52999877929688,129.83595245361326,4,1442.0809875979369,-680.300482128617,363597.6204090635,45.30205867078817,LOSS,364277.9208911921,-0.18675314728499082
2023-06-14,127.33000183105469,125.15264877319335,4,1440.488471909392,1440.488471909392,365038.10888097284,46.64120572304802,WIN,365038.10888097284,0.0
2023-06-15,124.23999786376953,127.96665184020995,4,1457.4586460220946,-33.202944554072246,365004.90593641874,46.24073312659881,LOSS,365038.10888097284,-0.009095747470279573
2023-06-16,120.08000183105469,124.86119785308837,4,1444.041559256633,-468.4368495568401,364536.4690868619,46.8250827888976,LOSS,365038.10888097284,-0.13742121217117342
2023-06-20,118.93000030517578,120.68040184020995,4,1408.3282433471322,708.1676293334635,365244.6367161953,47.17316168972787,LOSS,365244.6367161953,0.0
2023-06-21,112.11000061035156,119.52465030670164,4,1387.0808601810027,-1578.77901835903,363665.8576978363,46.9573760627023,LOSS,365244.6367161953,-0.4322524849518266
2023-06-22,110.69999694824219,112.67055061340331,4,1368.9463057682967,580.7248397038488,364246.5825375401,48.76885541631249,LOSS,365244.6367161953,-0.27325635432416223
2023-06-23,110.01000213623047,111.25349693298338,4,1355.3690958499633,857.9711771487982,365104.5537146889,48.8776007329399,LOSS,365244.6367161953,-0.03835319876722697
2023-06-26,107.51000213623047,110.56005214691162,4,1347.9777413419197,127.95773706946079,365232.5114517584,48.909367372584256,LOSS,365244.6367161953,-0.003319765225289131
2023-06-27,110.38999938964844,108.04755214691161,4,1098.7202812450107,1098.7202812450107,366331.2317330034,42.18411217480991,WIN,366331.2317330034,0.0
2023-06-28,110.16999816894531,110.94194938659666,4,1071.5146675244532,762.7341804639136,367093.9659134673,40.48727667412781,LOSS,367093.9659134673,0.0
2023-06-29,111.23999786376953,110.72084815979002,4,1068.4957667662354,1068.4957667662354,368162.46168023354,40.460756999340106,WIN,368162.46168023354,0.0
2023-06-30,113.91000366210938,111.79619785308837,4,1021.7938184877123,1021.7938184877123,369184.25549872126,38.76377241922533,WIN,369184.25549872126,0.0
2023-07-03,115.81999969482422,114.47955368041991,4,1058.7948949112558,1058.7948949112558,370243.0503936325,39.125985730111125,WIN,370243.0503936325,0.0
2023-07-05,113.94999694824219,116.39909969329833,4,1080.656083285293,101.01498526283808,370344.0653788953,39.24328076973549,LOSS,370344.0653788953,0.0
2023-07-06,113.4800033569336,114.51974693298338,4,1068.657430078394,652.7599996584793,370996.8253785538,39.40143866432027,LOSS,370996.8253785538,0.0
2023-07-07,113.16999816894531,114.04740337371825,4,987.3287937915574,636.3667118823809,371633.19209043623,37.15970496775283,LOSS,371633.19209043623,0.0
2023-07-10,113.58000183105469,113.73584815979002,4,921.5495423921975,859.211010898063,372492.4031013343,35.316245445987704,LOSS,372492.4031013343,0.0
2023-07-11,111.31999969482422,114.14790184020995,4,900.8643147112963,-230.29654344299786,372262.1065578913,34.616724285666756,LOSS,372492.4031013343,-0.06182583631922895
2023-07-12,114.58000183105469,111.87659969329833,4,852.0569895674022,852.0569895674022,373114.1635474587,33.6992547558208,WIN,373114.1635474587,0.0
2023-07-13,115.91999816894531,115.15290184020995,4,865.6779833206801,865.6779833206801,373979.8415307794,33.37218812495063,WIN,373979.8415307794,0.0
2023-07-14,115.94000244140625,116.49959815979003,4,852.2348878565828,628.3966005030726,374608.23813128244,32.6998212510874,LOSS,374608.23813128244,0.0
2023-07-17,118.31999969482422,116.51970245361326,4,829.6586095882635,829.6586095882635,375437.8967408707,32.051637633925395,WIN,375437.8967408707,0.0
2023-07-18,117.93000030517578,118.91159969329833,4,851.2319843562924,458.59222910727374,375896.488969978,32.17859992170907,LOSS,375896.488969978,0.0
2023-07-19,116.43000030517578,118.51965030670165,4,812.1742535404744,-23.685747069872832,375872.8032229081,31.16196246003246,LOSS,375896.488969978,-0.0063011354893981126
2023-07-20,110.25,117.01215030670164,4,804.1917938823484,-1900.6683287983083,373972.1348941098,31.228654955125556,LOSS,375896.488969978,-0.511937230683179
2023-07-21,110.94999694824219,110.80124999999998,4,745.4457290626544,745.4457290626544,374717.58062317246,30.746891733620117,WIN,375896.488969978,-0.3136257936422768
2023-07-24,110.61000061035156,111.50474693298338,4,746.2338371197408,388.33530806701367,375105.9159312395,30.629303642417362,LOSS,375896.488969978,-0.21031668609217927
2023-07-25,113.0,111.16305061340331,4,742.8156877986091,742.8156877986091,375848.7316190381,30.59547581586383,WIN,375896.488969978,-0.012704920727185173
2023-07-26,110.08999633789062,113.56499999999998,4,751.9795783068403,-638.0218865369031,375210.7097325012,30.393928748877663,LOSS,375896.488969978,-0.18243831948416772
2023-07-27,111.0999984741211,110.64044631958006,4,735.7782210020371,735.7782210020371,375946.4879535032,30.488971908831786,WIN,375946.4879535032,0.0
2023-07-28,112.95999908447266,111.6554984664917,4,745.1437325524261,745.1437325524261,376691.6316860556,30.566821479413345,WIN,376691.6316860556,0.0
2023-07-31,114.4000015258789,113.524799079895,4,763.946089828384,763.946089828384,377455.577775884,30.752072071220958,WIN,377455.577775884,0.0
2023-08-01,117.5999984741211,114.97200153350829,4,758.981984105842,758.981984105842,378214.55975998985,30.327028548589645,WIN,378214.55975998985,0.0
2023-08-02,109.3499984741211,118.18799846649169,4,798.6019013006435,-2736.598095647596,375477.96166434226,30.84418948169337,LOSS,378214.55975998985,-0.7235570458694646
2023-08-03,113.1500015258789,109.89674846649169,4,883.4175543012275,883.4175543012275,376361.3792186435,35.10376512797274,WIN,378214.55975998985,-0.48998128007614994
2023-08-04,115.81999969482422,113.71575153350828,4,948.5464802686251,948.5464802686251,377309.9256989121,36.110081067600376,WIN,378214.55975998985,-0.2391854141341876
2023-08-07,116.80999755859375,116.39909969329833,4,984.6713958659207,984.6713958659207,378294.59709477803,36.502480246822024,WIN,378294.59709477803,0.0
2023-08-08,113.2300033569336,117.3940475463867,4,994.2802947133928,-671.3373810678504,377623.25971371017,36.53623434417452,LOSS,378294.59709477803,-0.17746417374807585
2023-08-09,110.47000122070312,113.79615337371825,4,978.8214641941746,-351.63939701187735,377271.6203166983,36.97475551431556,LOSS,378294.59709477803,-0.27041802498264567
2023-08-10,110.2300033569336,111.02235122680663,4,947.9686854244143,631.029537475198,377902.6498541735,36.76537826931079,LOSS,378294.59709477803,-0.10360899775323908
2023-08-11,107.56999969482422,110.78115337371825,4,941.2695705370122,-343.191901020602,377559.4579531529,36.62617697581055,LOSS,378294.59709477803,-0.19432980203017827
2023-08-14,111.9800033569336,108.10784969329833,4,929.6409256318971,929.6409256318971,378489.0988787848,36.96699553459766,WIN,378489.0988787848,0.0
2023-08-15,111.3499984741211,112.53990337371825,4,1002.129078324185,526.167118485324,379015.2659972701,37.982248835986596,LOSS,379015.2659972701,0.0
2023-08-16,107.19000244140625,111.90674846649169,4,996.7238825095453,-889.9745275246314,378125.2914697455,37.98916410060708,LOSS,379015.2659972701,-0.2348123169083695
2023-08-17,104.44000244140625,107.72595245361327,4,984.368220312801,-330.0117845700088,377795.2796851755,38.75684863417867,LOSS,379015.2659972701,-0.32188315921380256
2023-08-18,105.44999694824219,104.96220245361327,4,913.7966928211392,913.7966928211392,378709.07637799665,37.32183798959697,WIN,379015.2659972701,-0.08078556373390947
2023-08-21,108.22000122070312,105.97724693298339,4,924.2441872550113,924.2441872550113,379633.32056525163,37.37234932952391,WIN,379633.32056525163,0.0
2023-08-22,105.66000366210938,108.76110122680663,4,966.8234114857647,-273.61561439313743,379359.7049508585,37.93161922341157,LOSS,379633.32056525163,-0.07207365622852767
2023-08-23,109.43000030517578,106.1883036804199,4,942.2832823870718,942.2832823870718,380301.98823324556,37.879365137093465,WIN,380301.98823324556,0.0
2023-08-24,101.80000305175781,109.97715030670165,4,994.4755888505082,-2276.383313127025,378025.6049201185,38.44062361493347,LOSS,380301.98823324556,-0.5985725511723837
2023-08-25,102.25,102.30900306701659,4,1016.9353059724598,993.3340791658237,379018.93899928435,41.4229232742423,LOSS,380301.98823324556,-0.3373764202290456
2023-08-28,102.61000061035156,102.76124999999999,4,1014.3653905422011,953.8656346828302,379972.8046339672,41.19440609795693,LOSS,380301.98823324556,-0.08655847443965904
2023-08-29,105.91999816894531,103.12305061340331,4,1013.2821303049811,1013.2821303049811,380986.0867642721,41.04438437688093,WIN,380986.0867642721,0.0
2023-08-30,106.58999633789062,106.44959815979003,4,1052.0477285831014,1052.0477285831014,382038.1344928552,41.234195000747974,WIN,382038.1344928552,0.0
2023-08-31,105.72000122070312,107.12294631958007,4,962.4527436690879,401.27470411831143,382439.40919697355,38.24783553094122,LOSS,382439.40919697355,0.0
2023-09-01,109.44999694824219,106.24860122680663,4,924.1705413243857,924.1705413243857,383363.5797382979,37.29601466032889,WIN,383363.5797382979,0.0
2023-09-05,110.77999877929688,109.99724693298339,4,975.0450657264455,975.0450657264455,384338.62480402435,37.84801131715896,WIN,384338.62480402435,0.0
2023-09-06,109.27999877929688,111.33389877319335,4,989.1129138842413,167.55291632564956,384506.17772035,37.91426878788198,LOSS,384506.17772035,0.0
2023-09-07,106.58999633789062,109.82639877319335,4,958.949254123597,-335.6117199974917,384170.5660003525,37.40672890895611,LOSS,384506.17772035,-0.08728383038921486
2023-09-08,106.08999633789062,107.12294631958007,4,935.6089593509956,522.4289666752192,384692.99496702774,37.41494806502476,LOSS,384692.99496702774,0.0
2023-09-11,105.31999969482422,106.62044631958007,4,931.4549572062997,411.2763073039598,385104.2712743317,37.42226819343017,LOSS,385104.2712743317,0.0
2023-09-12,105.30999755859375,105.84659969329833,4,913.0075406564079,698.3666867745758,385802.6379611063,37.05528209908306,LOSS,385802.6379611063,0.0
2023-09-13,107.70999908447266,105.83654754638671,4,867.8767754830701,867.8767754830701,386670.5147365894,35.64070397722212,WIN,386670.5147365894,0.0
2023-09-14,106.62999725341797,108.24854907989501,4,903.2511547099311,255.8304241191131,386926.34516070853,36.11955946149173,LOSS,386926.34516070853,0.0
2023-09-15,101.48999786376953,107.16314723968505,4,861.5083965241404,-1407.751353842065,385518.59380686644,35.10578757983892,LOSS,386926.34516070853,-0.3638292846813998
2023-09-18,102.37000274658203,101.99744785308837,4,860.2215878765871,860.2215878765871,386378.81539474305,36.41710809828592,WIN,386926.34516070853,-0.141507491752225
2023-09-19,101.61000061035156,102.88185276031493,4,867.187947284945,358.44708729959893,386737.26248204266,36.40119741481322,LOSS,386926.34516070853,-0.04886787395863103
2023-09-20,100.33999633789062,102.11805061340331,4,842.2133014079243,130.99159120284935,386868.2540732455,35.79787116888873,LOSS,386926.34516070853,-0.01501347431870861
2023-09-21,96.11000061035156,100.84169631958007,4,823.2432368449871,-1069.4350468464145,385798.8190263991,35.51957817915668,LOSS,386926.34516070853,-0.2914058834223612
2023-09-22,96.19999694824219,96.59055061340331,4,785.000645536319,628.7791794718704,386427.598205871,35.397853461032625,LOSS,386926.34516070853,-0.12889971465509026
2023-09-25,97.37999725341797,96.68099693298339,4,675.1562702113446,675.1562702113446,387102.75447608234,31.59632395404208,WIN,387102.75447608234,0.0
2023-09-26,95.95999908447266,97.86689723968504,4,688.3804614719273,-74.37880061302815,387028.3756754693,31.764184566602317,LOSS,387102.75447608234,-0.019214226649902213
2023-09-27,98.06999969482422,96.43979907989501,4,681.2990704016206,681.2990704016206,387709.6747458709,31.866081366197765,WIN,387709.6747458709,0.0
2023-09-28,102.76000213623047,98.56034969329833,4,677.6679376751658,677.6679376751658,388387.34268354607,31.23844164879175,WIN,388387.34268354607,0.0
2023-09-29,102.81999969482422,103.2738021469116,4,782.9538600986775,601.4328792637225,388988.7755628098,33.583913358136584,LOSS,388988.7755628098,0.0
2023-10-02,103.2699966430664,103.33409969329833,4,782.2258078942048,756.5845878014363,389745.3601506112,33.545791958276126,LOSS,389745.3601506112,0.0
2023-10-03,100.08000183105469,103.78634662628173,4,746.853666202094,-735.6842518887217,389009.6758987225,32.30337531437695,LOSS,389745.3601506112,-0.18876023350333646
2023-10-04,104.06999969482422,100.58040184020994,4,737.6221249598036,737.6221249598036,389747.2980236823,32.76068003165376,WIN,389747.2980236823,0.0
2023-10-05,102.91000366210938,104.59034969329832,4,817.0518117639734,144.91339928839477,389892.2114229707,34.3503078533235,LOSS,389892.2114229707,0.0
2023-10-06,107.23999786376953,103.4245536804199,4,796.2971891685581,796.2971891685581,390688.50861213927,33.975995073664706,WIN,390688.50861213927,0.0
2023-10-09,106.97000122070312,107.77619785308836,4,878.2578351602444,555.7791822061495,391244.2877943454,35.47033667379481,LOSS,391244.2877943454,0.0
2023-10-10,109.01000213623047,107.50485122680664,4,874.5894174066617,874.5894174066617,392118.87721175206,35.42528320851428,WIN,392118.87721175206,0.0
2023-10-11,108.30999755859375,109.5550521469116,4,899.3392226029322,401.31738727578966,392520.19459902786,35.670135536033655,LOSS,392520.19459902786,0.0
2023-10-12,108.79000091552734,108.85154754638671,4,882.9466383167367,858.3279859729894,393378.52258500084,35.345935619756226,LOSS,393378.52258500084,0.0
2023-10-13,105.08999633789062,109.33395092010497,4,883.9476619854361,-813.6341709003011,392564.88841410057,35.25741216641626,LOSS,393378.52258500084,-0.20683238260026368
2023-10-16,106.45999908447266,105.61544631958007,4,821.4912353677875,821.4912353677875,393386.37964946835,34.23800525956619,WIN,393386.37964946835,0.0
2023-10-17,105.13999938964844,106.992299079895,4,834.3096649187136,93.38978882008644,393479.7694382884,34.303524089135905,LOSS,393479.7694382884,0.0
2023-10-18,102.16999816894531,105.66569938659667,4,827.2239874927454,-571.056499567798,392908.7129387206,34.4060345309544,LOSS,393479.7694382884,-0.1451298246878169
2023-10-19,102.4000015258789,102.68084815979003,4,821.8519825111036,709.5133289466537,393618.22626766725,34.98853841998594,LOSS,393618.22626766725,0.0
2023-10-20,101.80999755859375,102.91200153350829,4,770.6380832606408,329.83649329482546,393948.06276096206,33.27474145818972,LOSS,393948.06276096206,0.0
2023-10-23,100.01000213623047,102.31904754638671,4,768.3151401260446,-155.3030239364531,393792.7597370256,33.34351925260516,LOSS,393948.06276096206,-0.03942220780273105
2023-10-24,101.66999816894531,100.5100521469116,4,762.9339349102552,762.9339349102552,394555.6936719359,33.614766500714154,WIN,394555.6936719359,0.0
2023-10-25,96.05999755859375,102.17834815979003,4,773.2639526316988,-1674.0762878468145,392881.61738408904,33.538864484705506,LOSS,394555.6936719359,-0.4242940387621916
2023-10-26,93.66999816894531,96.54029754638671,4,797.8264349787454,-350.2933159978139,392531.3240680912,35.853485427251904,LOSS,394555.6936719359,-0.5130757549092342
2023-10-27,96.43000030517578,94.13834815979003,4,730.2206671437862,730.2206671437862,393261.544735235,34.16738649799244,WIN,394555.6936719359,-0.32800158696403103
2023-10-30,96.18000030517578,96.91215030670165,4,778.267966217478,485.4079656071315,393746.9527008421,35.077308508905894,LOSS,394555.6936719359,-0.20497511100833699
2023-10-31,98.5,96.66090030670165,4,774.921846499472,774.921846499472,394521.8745473416,35.03163031096415,WIN,394555.6936719359,-0.008571445080296424
2023-11-01,108.04000091552734,98.99249999999999,4,789.4963655335156,789.4963655335156,395311.3709128751,34.89337609024507,WIN,395311.3709128751,0.0
2023-11-02,107.83000183105469,108.58020092010497,4,1049.3246303134715,749.244994693358,396060.6159075685,40.50627139905984,LOSS,396060.6159075685,0.0
2023-11-03,112.25,108.36915184020995,4,1043.7167528850828,1043.7167528850828,397104.33266045357,40.396830574633526,WIN,397104.33266045357,0.0
2023-11-06,111.75,112.81124999999999,4,1084.6340040220703,660.1340040220755,397764.4666644756,40.34187827207842,LOSS,397764.4666644756,0.0
2023-11-07,113.44999694824219,112.30874999999999,4,1080.333098324682,1080.333098324682,398844.7997628003,40.357575987204406,WIN,398844.7997628003,0.0
2023-11-08,113.58999633789062,114.01724693298338,4,1094.2414062363903,923.341168199287,399768.14093099954,40.28393279602564,LOSS,399768.14093099954,0.0
2023-11-09,113.48999786376953,114.15794631958006,4,1093.7779166419919,826.5985343177792,400594.73946531734,40.2311236400517,LOSS,400594.73946531734,0.0
2023-11-10,118.58999633789062,114.05744785308836,4,1093.0410719383685,1093.0410719383685,401687.7805372557,40.23771115271922,WIN,401687.7805372557,0.0
2023-11-13,116.79000091552734,119.18294631958007,4,1145.5135059303961,188.33534430930627,401876.11588156497,40.33123216322948,LOSS,401876.11588156497,0.0
2023-11-14,119.87999725341797,117.37395092010497,4,1137.0804366888594,1137.0804366888594,403013.1963182538,40.58478295801884,WIN,403013.1963182538,0.0
2023-11-15,118.0,120.47939723968504,4,1168.8694156612894,177.11051978727255,403190.3068380411,40.631803944170805,LOSS,403190.3068380411,0.0
2023-11-16,119.83000183105469,118.58999999999999,4,1133.3573962161904,1133.3573962161904,404323.6642342573,40.15025961369179,WIN,404323.6642342573,0.0
2023-11-17,120.62000274658203,120.42915184020995,4,1151.474692828473,1151.474692828473,405475.1389270858,40.16518059382885,WIN,405475.1389270858,0.0
2023-11-20,121.52999877929688,121.22310276031493,4,1154.1543614141572,1154.1543614141572,406629.29328849993,40.03051213593291,WIN,406629.29328849993,0.0
2023-11-21,119.16000366210938,122.13764877319335,4,1144.6642185840972,-46.39382584949203,406582.8994626504,39.53530582777777,LOSS,406629.29328849993,-0.01140936637258009
2023-11-22,122.51000213623047,119.75580368041992,4,1141.1010948861747,1141.1010948861747,407724.0005575366,40.05595599000553,WIN,407724.0005575366,0.0
2023-11-24,122.30999755859375,123.1225521469116,4,1069.1704917527136,744.1486564255729,408468.1492139622,37.248155199000806,LOSS,408468.1492139622,0.0
2023-11-27,122.6500015258789,122.9215475463867,4,1032.8263611116179,924.2079529084983,409392.3571668707,36.31262844253804,LOSS,409392.3571668707,0.0
2023-11-28,122.01000213623047,123.26325153350828,4,1031.0162576324676,529.7164987213425,409922.073665592,36.18640220973691,LOSS,409922.073665592,0.0
2023-11-29,123.8499984741211,122.6200521469116,4,1028.0979349341237,1028.0979349341237,410950.17160052614,36.2531265542134,WIN,410950.17160052614,0.0
2023-11-30,121.16000366210938,124.46924846649169,4,1039.6126650733943,-284.08525667953245,410666.08634384663,36.146588673339664,LOSS,410950.17160052614,-0.06912888138556594
2023-12-01,121.38999938964844,121.7658036804199,3,590.7441725457668,478.0028853143259,411144.089229161,29.885595885643063,LOSS,411144.089229161,0.0
2023-12-04,118.56999969482422,121.99694938659667,3,590.4422763975401,-437.64263113419474,410706.4465980268,29.833893611035478,LOSS,411144.089229161,-0.10644507426939133
2023-12-05,118.37999725341797,119.16284969329833,3,559.4400021094017,324.5842701452943,411031.03086817206,29.19104078354742,LOSS,411144.089229161,-0.0274984765562077
2023-12-06,116.81999969482422,118.97189723968505,3,557.4699640035942,-88.09929945465478,410942.9315687174,29.15105116371404,LOSS,411144.089229161,-0.04892631700499739
2023-12-07,128.3699951171875,117.40409969329832,3,552.4228702425544,552.4228702425544,411495.35443895997,29.23783790998437,WIN,411495.35443895997,0.0
2023-12-08,128.9199981689453,129.01184509277343,4,1125.1346860680937,1088.3959165368478,412583.7503554968,37.372404888367754,LOSS,412583.7503554968,0.0
2023-12-11,134.41000366210938,129.56459815979002,4,1128.4844949325293,1128.4844949325293,413712.23485042935,37.33467321153391,WIN,413712.23485042935,0.0
2023-12-12,137.61000061035156,135.0820536804199,4,1171.2625674376252,1171.2625674376252,414883.49741786695,37.204807320208715,WIN,414883.49741786695,0.0
2023-12-13,138.19000244140625,138.29805061340332,4,1191.1226645174265,1147.9033957185989,416031.40081358555,37.01194191443971,LOSS,416031.40081358555,0.0
2023-12-14,138.0,138.88095245361328,4,1185.8590375049132,833.478056059603,416864.8788696452,36.7658233268897,LOSS,416864.8788696452,0.0
2023-12-15,139.14999389648438,138.69,4,1169.2237050831704,1169.2237050831704,418034.1025747284,36.40622997099431,WIN,418034.1025747284,0.0
2023-12-18,138.89999389648438,139.8457438659668,4,1177.1372581562127,798.8372703632444,418832.9398450916,36.362737969884265,LOSS,418832.9398450916,0.0
2023-12-19,140.14999389648438,139.59449386596677,4,1177.8751027856135,1177.8751027856135,420010.8149478772,36.43066072885466,WIN,420010.8149478772,0.0
2023-12-20,135.47000122070312,140.8507438659668,4,1188.553599320671,-963.7434587847954,419047.0714890924,36.43251238074842,LOSS,420010.8149478772,-0.22945681979745372
2023-12-21,139.91000366210938,136.14735122680662,4,1177.9489084557883,1177.9489084557883,420225.0203975482,37.14254060503486,WIN,420225.0203975482,0.0
2023-12-22,139.60000610351562,140.6095536804199,4,1223.4806691881618,819.6616384264489,421044.6820359747,37.30622693138757,LOSS,421044.6820359747,0.0
2023-12-26,143.41000366210938,140.2980061340332,4,1221.0966330698795,1221.0966330698795,422265.77866904455,37.31396947152826,WIN,422265.77866904455,0.0
2023-12-27,146.07000732421875,144.12705368041992,4,1266.0857247615145,1266.0857247615145,423531.8643938061,37.58292212563131,WIN,423531.8643938061,0.0
2023-12-28,148.75999450683594,146.80035736083983,4,1286.2507484131256,1286.2507484131256,424818.11514221923,37.507784327033065,WIN,424818.11514221923,0.0
2023-12-29,147.41000366210938,149.5037944793701,4,1311.540270915404,474.02394401111405,425292.13908623037,37.54340539590037,LOSS,425292.13908623037,0.0
2024-01-02,138.5800018310547,148.1470536804199,4,1278.4503463379644,-2548.3703934081213,422743.76869282225,37.068051645038096,LOSS,425292.13908623037,-0.5992046781968421
2024-01-03,135.32000732421875,139.27290184020995,4,1338.3457979749455,-242.81200842153612,422500.95668440073,40.325025882965676,LOSS,425292.13908623037,-0.656297670543989
2024-01-04,136.00999450683594,135.99660736083982,4,1307.3412386413895,1307.3412386413895,423808.29792304215,40.336733983374785,WIN,425292.13908623037,-0.3488992687182873
2024-01-05,138.5800018310547,136.6900444793701,4,1312.013550159173,1312.013550159173,425120.3114732013,40.28825489880785,WIN,425292.13908623037,-0.04040225464741259
2024-01-08,146.17999267578125,139.27290184020995,4,1327.2793379695988,1327.2793379695988,426447.5908111709,40.06092662007487,WIN,426447.5908111709,0.0
2024-01-09,149.25999450683594,146.91089263916015,4,1205.5461252965379,1205.5461252965379,427653.1369364675,35.66000434447383,WIN,427653.1369364675,0.0
2024-01-10,148.5399932861328,150.0062944793701,4,1237.5099554728154,650.9894781779012,428304.1264146454,35.80542364218377,LOSS,428304.1264146454,0.0
2024-01-11,148.02000427246094,149.28269325256346,4,1188.5188546075763,683.4432625665665,428987.569677212,34.84756345463762,LOSS,428987.569677212,0.0
2024-01-12,146.55999755859375,148.76010429382322,4,1173.000369878569,292.9576757867817,429280.5273529988,34.59379609832469,LOSS,429280.5273529988,0.0
2024-01-16,158.74000549316406,147.2927975463867,4,1168.1785778097708,1168.1785778097708,430448.70593080856,34.74607183904017,WIN,430448.70593080856,0.0
2024-01-17,160.1699981689453,159.53370552062987,4,1482.2398891874295,1482.2398891874295,431930.945819996,39.26660630737098,WIN,431930.945819996,0.0
2024-01-18,162.6699981689453,160.97084815979002,4,1495.6456469172517,1495.6456469172517,433426.59146691323,39.26770385738885,WIN,433426.59146691323,0.0
2024-01-19,174.22999572753906,163.48334815979,4,1517.7882588318698,1517.7882588318698,434944.3797257451,39.24326542526866,WIN,434944.3797257451,0.0
2024-01-22,168.17999267578125,175.10114570617674,4,1753.8734791363077,-1014.5877330218873,433929.79199272324,41.67719873731795,LOSS,434944.3797257451,-0.23326838564085572
2024-01-23,168.4199981689453,169.02089263916014,4,1696.7951226323141,1456.437334546384,435386.22932726966,41.75238735901396,LOSS,435386.22932726966,0.0
2024-01-24,178.2899932861328,169.26209815979,4,1686.3344886193117,1686.3344886193117,437072.56381588895,41.499427480744274,WIN,437072.56381588895,0.0
2024-01-25,180.3300018310547,179.18144325256347,4,1852.6371477919931,1852.6371477919931,438925.2009636809,42.751103152016725,WIN,438925.2009636809,0.0
2024-01-26,177.25,181.23165184020993,4,1866.7086193229593,274.0478832389854,439199.2488469199,42.62040466749956,LOSS,439199.2488469199,0.0
2024-01-29,177.8300018310547,178.13625,4,1858.6143590598708,1736.11509148175,440935.3639384017,43.06426331081622,LOSS,440935.3639384017,0.0
2024-01-30,172.05999755859375,178.71915184020995,4,1863.812629800087,-799.8490828463914,440135.5148555553,43.04783182536963,LOSS,440935.3639384017,-0.18139826111976526
2024-01-31,167.69000244140625,172.9202975463867,4,1845.4574070371912,-246.66063495499134,439888.85422060033,43.85741516258734,LOSS,440935.3639384017,-0.23733857689571697
2024-02-01,170.47999572753906,168.52845245361326,4,1690.2675997047545,1690.2675997047545,441579.12182030507,41.72114898142098,WIN,441579.12182030507,0.0
2024-02-02,177.66000366210938,171.33239570617673,4,1680.4867097360373,1680.4867097360373,443259.6085300411,40.98585361858257,WIN,443259.6085300411,0.0
2024-02-05,174.22999572753906,178.5483036804199,4,1777.8309376365894,50.50775648425201,443310.1162865254,41.480426666795466,LOSS,443310.1162865254,0.0
2024-02-06,167.8800048828125,175.10114570617674,4,1776.417316921794,-1112.0390124239009,442198.0772741015,42.10512009012745,LOSS,443310.1162865254,-0.25084900424540396
2024-02-07,170.94000244140625,168.71940490722653,4,1714.9159523282904,1714.9159523282904,443912.9932264298,42.1689863076965,WIN,443912.9932264298,0.0
2024-02-08,169.35000610351562,171.79470245361327,4,1743.979226345777,766.1006863067196,444679.0939127365,42.12651954228684,LOSS,444679.0939127365,0.0
2024-02-09,172.47999572753906,170.1967561340332,4,1731.7588116577413,1731.7588116577413,446410.85272439424,42.204657604085824,WIN,446410.85272439424,0.0
2024-02-12,171.91000366210938,173.34239570617675,4,1763.5128397470282,1190.5560221200801,447601.4087465143,42.19980687000623,LOSS,447601.4087465143,0.0
2024-02-13,171.5399932861328,172.7695536804199,4,1751.4496278735223,1259.6254701586859,448861.034216673,42.07985162822253,LOSS,448861.034216673,0.0
2024-02-14,178.6999969482422,172.39769325256347,4,1549.239744531007,1549.239744531007,450410.273961204,38.25404341459968,WIN,450410.273961204,0.0
2024-02-15,176.75999450683594,179.59349693298338,4,1664.020354471299,530.6193840123201,450940.8933452163,39.18153743069023,LOSS,450940.8933452163,0.0
2024-02-16,173.8699951171875,177.6437944793701,4,1651.5394758496868,142.01973097665223,451082.91307619296,39.286015400892865,LOSS,451082.91307619296,0.0
2024-02-20,165.69000244140625,174.73934509277342,4,1457.0497415274874,-2162.68731901938,448920.22575717355,36.100231575913654,LOSS,451082.91307619296,-0.4794434141321819
2024-02-21,164.2899932861328,166.51845245361326,4,1427.373472376264,535.9898053840834,449456.2155625576,36.8761400115593,LOSS,451082.91307619296,-0.36062051265518924
2024-02-22,181.86000061035156,165.11144325256345,4,1417.4504463654084,1417.4504463654084,450873.666008923,36.91917161959925,WIN,451082.91307619296,-0.04638771746926783
2024-02-23,176.52000427246094,182.7693006134033,4,1864.3922451930248,-635.3262911839156,450238.3397177391,42.29026135243265,LOSS,451082.91307619296,-0.18723239873890116
2024-02-26,176.00999450683594,177.40260429382323,4,1834.513104320645,1277.4691895257276,451515.80890726484,42.75612742597138,LOSS,451515.80890726484,0.0
2024-02-27,178.0,176.8900444793701,4,1820.312488441995,1820.312488441995,453336.12139570684,42.58889357585559,WIN,453336.12139570684,0.0
2024-02-28,176.5399932861328,178.89,4,1844.4659765208194,904.4632909739498,454240.5846866808,42.65527253409416,LOSS,454240.5846866808,0.0
2024-02-29,192.52999877929688,177.42269325256345,4,1795.5299588446596,1795.5299588446596,456036.11464552546,42.02195005680176,WIN,456036.11464552546,0.0
2024-03-01,202.63999938964844,193.49264877319334,4,2174.2065076381264,2174.2065076381264,458210.3211531636,45.733111429013576,WIN,458210.3211531636,0.0
2024-03-04,205.36000061035156,203.65319938659667,4,2349.1948899744957,2349.1948899744957,460559.5160431381,46.725692036794015,WIN,460559.5160431381,0.0
2024-03-05,205.1300048828125,206.3868006134033,4,2344.8803686622105,1842.1620764258923,462401.678119564,46.14839375218146,LOSS,462401.678119564,0.0
2024-03-06,210.6300048828125,206.15565490722653,4,2319.73389013188,2319.73389013188,464721.4120096959,45.785312376099995,WIN,464721.4120096959,0.0
2024-03-07,211.3800048828125,211.68315490722654,4,2314.444427196644,2193.184417431029,466914.5964271269,44.72567439579643,LOSS,466914.5964271269,0.0
2024-03-08,207.38999938964844,212.43690490722653,4,2323.510011265078,304.74780423383936,467219.34423136077,44.738573258509135,LOSS,467219.34423136077,0.0
2024-03-11,198.38999938964844,208.42694938659665,4,2296.4227388157806,-1718.357259963503,465500.98697139724,45.00601982411222,LOSS,467219.34423136077,-0.36778384310916185
2024-03-12,202.75999450683594,199.38194938659666,4,2283.8634894705674,2283.8634894705674,467784.8504608678,46.45794668925551,WIN,467784.8504608678,0.0
2024-03-13,194.7899932861328,203.77379447937008,4,2335.7821213273214,-1257.7383559675864,466527.11210490024,46.48422830948926,LOSS,467784.8504608678,-0.26887111772183836
2024-03-14,187.05999755859375,195.76394325256345,4,2309.2218185591955,-1172.3564590286846,465354.75564587157,47.592118876798125,LOSS,467784.8504608678,-0.5194898493617469
2024-03-15,191.05999755859375,187.9952975463867,4,2236.6415975863724,2236.6415975863724,467591.39724345796,47.929067117058544,WIN,467784.8504608678,-0.0413551694158649
2024-03-18,190.64999389648438,192.0152975463867,4,2287.0490498226145,1740.9275898616825,469332.32483331964,47.97372951149995,LOSS,469332.32483331964,0.0
2024-03-19,181.4199981689453,191.6032438659668,4,2270.3333890227677,-1802.9648897858228,467529.35994353384,47.76890085203875,LOSS,469332.32483331964,-0.38415527641871033
2024-03-20,179.72999572753906,182.32709815979,4,2164.442738546558,1125.6017656461781,468654.96170918003,47.842250477655014,LOSS,469332.32483331964,-0.14432483941526256
2024-03-21,178.67999267578125,180.62864570617674,4,2144.954320776963,1365.4931086187667,470020.4548177988,47.854657507079914,LOSS,470020.4548177988,0.0
2024-03-22,179.64999389648438,179.57339263916015,4,1806.888783354492,1806.888783354492,471827.3436011533,41.82933788718164,WIN,471827.3436011533,0.0
2024-03-25,178.6300048828125,180.54824386596678,4,1787.2283829523274,1019.9327896906145,472847.2763908439,41.2868323959986,LOSS,472847.2763908439,0.0
2024-03-26,177.8699951171875,179.52315490722654,4,1778.145644972249,1116.8817289566327,473964.15811980056,41.306540960790926,LOSS,473964.15811980056,0.0
2024-03-27,179.58999633789062,178.75934509277343,4,1767.768893428316,1767.768893428316,475731.9270132289,41.2542687387011,WIN,475731.9270132289,0.0
2024-03-28,180.49000549316406,180.48794631958006,4,1784.6336669016907,1784.6336669016907,477516.56068013055,41.25004179206439,WIN,477516.56068013055,0.0
2024-04-01,183.33999633789062,181.39245552062985,4,1470.751951574807,1470.751951574807,478987.31263170537,35.334786396980725,WIN,478987.31263170537,0.0
2024-04-02,178.6999969482422,184.25669631958007,4,1359.9392215953324,-862.7405269398216,478124.57210476557,32.91696410788711,LOSS,478987.31263170537,-0.1801176156837298
2024-04-03,180.77000427246094,179.59349693298338,4,1326.4047192993469,1326.4047192993469,479450.9768240649,32.933306984085824,WIN,479450.9768240649,0.0
2024-04-04,165.8300018310547,181.6738542938232,4,1356.5472493026102,-4980.993735804799,474469.9830882601,33.20366798648752,LOSS,479450.9768240649,-1.0388953149703533
2024-04-05,170.4199981689453,166.65915184020994,4,1419.0156745585587,1419.0156745585587,475888.9987628187,36.68540568731596,WIN,479450.9768240649,-0.7429285231289229
2024-04-08,169.89999389648438,171.27209815979003,4,1507.6327505984552,958.7910452761919,476847.7898080949,37.64290790762441,LOSS,479450.9768240649,-0.5429516554985031
2024-04-09,170.77999877929688,170.74949386596677,4,1501.7882693093477,1501.7882693093477,478349.57807740424,37.618688417499214,WIN,479450.9768240649,-0.22972082650794917
2024-04-10,167.13999938964844,171.63389877319335,4,1469.1558884140459,-328.4038650039197,478021.17421240034,36.83612196909916,LOSS,479450.9768240649,-0.29821664378196594
2024-04-11,170.5,167.97569938659666,4,1409.0798555034555,1409.0798555034555,479430.2540679038,36.26700027255801,WIN,479450.9768240649,-0.004322184574195974
2024-04-12,163.27999877929688,171.3525,4,1428.652219467421,-1800.3482688138258,477629.90579909,36.0971941762335,LOSS,479450.9768240649,-0.3798242391824699
2024-04-15,160.32000732421875,164.09639877319333,4,1375.2895792876475,-135.267000302184,477494.6387987878,36.24171428340701,LOSS,479450.9768240649,-0.40803713410620746
2024-04-16,163.4600067138672,161.12160736083982,4,1322.9659989741588,1322.9659989741588,478817.60479776195,35.67665579771419,WIN,479450.9768240649,-0.1321036053567964
2024-04-17,154.02000427246094,164.2773067474365,4,1377.0420264484571,-2725.8789635417725,476091.7258342202,36.24649439167428,LOSS,479450.9768240649,-0.7006453531697386
2024-04-18,155.0800018310547,154.79010429382322,4,1327.9521392684114,1327.9521392684114,477419.6779734886,36.900027449184904,WIN,479450.9768240649,-0.42367185567790017
2024-04-19,146.63999938964844,155.85540184020994,4,1344.1494505567216,-2342.0115296678778,475077.6664438207,37.050545705827574,LOSS,479450.9768240649,-0.9121496444148472
2024-04-22,148.63999938964844,147.37319938659667,4,1339.6766416743565,1339.6766416743565,476417.34308549506,38.599506455915844,WIN,479450.9768240649,-0.6327307452088167
2024-04-23,152.27000427246094,149.38319938659666,4,1367.6138194106368,1367.6138194106368,477784.9569049057,38.81456136336422,WIN,479450.9768240649,-0.347484935831216
2024-04-24,151.74000549316406,153.03135429382323,4,1434.4781264887072,917.9386062250412,478702.8955111307,39.54139992357247,LOSS,479450.9768240649,-0.15602873893168376
2024-04-25,153.75999450683594,152.49870552062987,4,1429.6577807611989,1429.6577807611989,480132.5532918919,39.54516115567087,WIN,480132.5532918919,0.0
2024-04-26,157.39999389648438,154.5287944793701,4,1452.9924270374336,1452.9924270374336,481585.5457189293,39.63770903486696,WIN,481585.5457189293,0.0
2024-04-29,160.1999969482422,158.18699386596677,4,1512.390816729533,1512.390816729533,483097.93653565884,40.16302119317176,WIN,483097.93653565884,0.0
2024-04-30,158.3800048828125,161.00099693298338,4,1542.2346606828069,493.8378406144534,483591.7743762733,40.22371046453979,LOSS,483591.7743762733,0.0
2024-05-01,144.27000427246094,159.17190490722655,4,1513.7295228315447,-4447.030731074699,479144.7436451986,39.994345568130086,LOSS,483591.7743762733,-0.9195836171552701
2024-05-02,146.16000366210938,144.99135429382324,4,1545.0835369729227,1545.0835369729227,480689.8271821715,43.80451227988489,WIN,483591.7743762733,-0.6000820005353951
2024-05-03,150.60000610351562,146.8908036804199,4,1428.3888717727293,1428.3888717727293,482118.21605394426,40.7060380085494,WIN,483591.7743762733,-0.3047112048648018
2024-05-06,155.77999877929688,151.3530061340332,4,1477.274059208964,1477.274059208964,483595.49011315324,40.82668762995965,WIN,483595.49011315324,0.0
2024-05-07,154.42999267578125,156.55889877319333,4,1573.394623720463,721.8321847556292,484317.3222979089,41.788585205700485,LOSS,484317.3222979089,0.0
2024-05-08,153.6199951171875,155.20214263916014,4,1557.8577074225955,924.998698633538,485242.3209965424,41.747859203294965,LOSS,485242.3209965424,0.0
2024-05-09,152.38999938964844,154.38809509277343,4,1541.1286495061236,741.8903682561281,485984.21136479854,41.56361998551711,LOSS,485984.21136479854,0.0
2024-05-10,151.9199981689453,153.15194938659667,4,1511.8388449861668,1019.058357925624,487003.26972272416,41.19576036546728,LOSS,487003.26972272416,0.0
2024-05-13,150.55999755859375,152.67959815979003,4,1463.8652095612754,616.0249690827625,487619.29469180695,40.25291490377611,LOSS,487619.29469180695,0.0
2024-05-14,153.16000366210938,151.3127975463867,4,1444.8947652636916,1444.8947652636916,489064.18945707066,40.12406720533498,WIN,489064.18945707066,0.0
2024-05-15,159.6699981689453,153.9258036804199,4,1466.8505129080702,1466.8505129080702,490531.03996997874,40.05937445533111,WIN,490531.03996997874,0.0
2024-05-16,162.6199951171875,160.46834815979003,4,1481.0401297796102,1481.0401297796102,492012.08009975834,39.061890824546445,WIN,492012.08009975834,0.0
2024-05-17,164.47000122070312,163.4330950927734,4,1516.3393099087748,1516.3393099087748,493528.41940966714,39.22328650580282,WIN,493528.41940966714,0.0
2024-05-20,166.3300018310547,165.29235122680663,4,1410.8735415258354,1410.8735415258354,494939.292951193,36.755692970386676,WIN,494939.292951193,0.0
2024-05-21,164.66000366210938,167.16165184020994,4,1425.683913555849,425.02464231562226,495364.31759350863,36.73292108151711,LOSS,495364.31759350863,0.0
2024-05-22,165.52000427246094,165.4833036804199,4,1405.999850498814,1405.999850498814,496770.31744400744,36.62506865147368,WIN,496770.31744400744,0.0
2024-05-23,160.42999267578125,166.34760429382322,4,1410.9164470291796,-956.12820018761,495814.1892438198,36.576580089712934,LOSS,496770.31744400744,-0.19246886672036462
2024-05-24,166.36000061035156,161.23214263916014,4,1407.295260295798,1407.295260295798,497221.4845041156,37.39635420665696,WIN,497221.4845041156,0.0
2024-05-28,171.61000061035156,167.1918006134033,4,1486.1824119881865,1486.1824119881865,498707.6669161038,37.93050218167887,WIN,498707.6669161038,0.0
2024-05-29,165.13999938964844,172.4680506134033,4,1554.7373079017816,-1376.483181600166,497331.18373450363,38.34780527889272,LOSS,498707.6669161038,-0.276010030106822
2024-05-30,166.75,165.96569938659667,4,1546.835989348566,1546.835989348566,498878.0197238522,39.36345387949888,WIN,498878.0197238522,0.0
2024-05-31,166.89999389648438,167.58374999999998,4,1207.7418127488017,934.2393713425595,499812.2590951948,32.33902865268101,LOSS,499812.2590951948,0.0
2024-06-03,163.5500030517578,167.73449386596678,4,1209.0491662310255,-464.74715945256276,499347.5119357422,32.34340732508474,LOSS,499812.2590951948,-0.09298434582095129
2024-06-04,159.99000549316406,164.3677530670166,4,1187.0129892967623,-564.0860402442502,498783.42589549796,32.38853454778758,LOSS,499812.2590951948,-0.20584393059092523
2024-06-05,166.1699981689453,160.78995552062986,4,1143.5927535864707,1143.5927535864707,499927.01864908444,32.025082963986776,WIN,499927.01864908444,0.0
2024-06-06,166.77999877929688,167.00084815979002,4,1242.679800164556,1154.3400479672962,501081.3586970517,33.1179872722868,LOSS,501081.3586970517,0.0
2024-06-07,167.8699951171875,167.61389877319334,4,1243.178546777952,1243.178546777952,502324.53724382963,33.03741820647315,WIN,502324.53724382963,0.0
2024-06-10,160.33999633789062,168.70934509277342,4,1243.8620201365484,-2103.877481816569,500220.65976201306,32.89081671163948,LOSS,502324.53724382963,-0.41882833224914545
2024-06-11,158.9600067138672,161.14169631958006,4,1287.518933820031,414.8430915348806,500635.5028535479,34.94211873631728,LOSS,502324.53724382963,-0.33624365625242186
2024-06-12,160.24000549316406,159.7548067474365,4,1276.1122025942577,1276.1122025942577,501911.61505614215,34.93534642099101,WIN,502324.53724382963,-0.08220227304704536
2024-06-13,159.89999389648438,161.04120552062986,4,1279.0268242394247,822.5421745812312,502734.15723072336,34.783421749737315,LOSS,502734.15723072336,0.0
2024-06-14,159.6300048828125,160.6994938659668,4,1205.9182303679077,778.122637106193,503512.2798678295,33.327459283461955,LOSS,503512.2798678295,0.0
2024-06-17,158.39999389648438,160.42815490722654,4,1188.6580456868871,377.3936413900203,503889.67350921954,33.012050703314756,LOSS,503889.67350921954,0.0
2024-06-18,154.6300048828125,159.1919938659668,4,1174.446097621222,-650.3494956404954,503239.32401357905,32.906553085084376,LOSS,503889.67350921954,-0.1290658510842832
2024-06-20,161.77999877929688,155.40315490722654,4,1157.7616147963436,1157.7616147963436,504397.0856283754,33.147547072540945,WIN,504397.0856283754,0.0
2024-06-21,161.22999572753906,162.58889877319334,4,1307.1485830107133,763.5873647490041,505160.6729931244,35.10701886160139,LOSS,505160.6729931244,0.0
2024-06-24,160.25,162.03614570617674,4,1301.5221818798123,587.0638994091164,505747.73689253355,35.08276330841257,LOSS,505747.73689253355,0.0
2024-06-25,160.25,161.05124999999998,4,1257.3598378851698,936.8598378851771,506684.59673041874,34.33461891083048,LOSS,506684.59673041874,0.0
2024-06-26,157.5399932861328,161.05124999999998,4,1196.4657730670658,-208.0369124798019,506476.55981793895,33.077906338064864,LOSS,506684.59673041874,-0.041058463948228735
2024-06-27,159.47000122070312,158.32769325256345,4,1132.0809967512716,1132.0809967512716,507608.6408146902,32.15105358910551,WIN,507608.6408146902,0.0
2024-06-28,162.2100067138672,160.26735122680662,4,1098.3510375322628,1098.3510375322628,508706.9918522225,31.163916035655497,WIN,508706.9918522225,0.0
2024-07-01,157.69000244140625,163.02105674743652,4,1128.2358321049257,-1004.1858903071814,507702.8059619153,31.38845222316541,LOSS,508706.9918522225,-0.19739966353733482
2024-07-02,164.30999755859375,158.47845245361327,4,1128.3129651328995,1128.3129651328995,508831.11892704817,32.049419843440035,WIN,508831.11892704817,0.0
2024-07-03,163.89999389648438,165.1315475463867,4,1244.9143035203629,752.2928435594276,509583.4117706076,33.442934877670915,LOSS,509583.4117706076,0.0
2024-07-05,171.89999389648438,164.71949386596677,4,1219.0300716124482,1219.0300716124482,510802.44184222,32.983322533059905,WIN,510802.44184222,0.0
2024-07-08,178.69000244140625,172.7594938659668,4,1318.670503160538,1318.670503160538,512121.1123453806,33.75556308705545,WIN,512121.1123453806,0.0
2024-07-09,177.10000610351562,179.58345245361326,4,1432.9505305886078,439.571990549553,512560.68433593016,34.90662662745837,LOSS,512560.68433593016,0.0
2024-07-10,183.9600067138672,177.9855061340332,4,1426.4406878188358,1426.4406878188358,513987.125023749,35.0231654115427,WIN,513987.125023749,0.0
2024-07-11,181.94000244140625,184.8798067474365,4,1417.2314381685717,241.30971575647004,514228.43473950546,33.8642706050322,LOSS,514228.43473950546,0.0
2024-07-12,181.61000061035156,182.84970245361328,4,1405.540145081965,909.6594077772797,515138.09414728277,33.93463260301428,LOSS,515138.09414728277,0.0
2024-07-15,179.8300018310547,182.5180506134033,4,1406.471088793016,331.2515758535751,515469.3457231363,33.998010320450874,LOSS,515469.3457231363,0.0
2024-07-16,177.5500030517578,180.72915184020994,4,1401.6235553227696,129.96403994191974,515599.3097630782,34.16237839082636,LOSS,515599.3097630782,0.0
2024-07-17,159.42999267578125,178.4377530670166,4,1397.1130775906379,-6205.9910789034975,509393.31868417474,34.40937343457719,LOSS,515599.3097630782,-1.203646118485921
2024-07-18,155.77000427246094,160.22714263916015,4,1630.6533335479544,-152.20201313173038,509241.116671043,42.2116221090723,LOSS,515599.3097630782,-1.2331655554304144
2024-07-19,151.5800018310547,156.5488542938232,4,1592.0418670616352,-395.49911804577437,508845.6175529972,42.18663235915301,LOSS,515599.3097630782,-1.309872236482319
2024-07-22,155.8699951171875,152.33790184020995,4,1505.266546553264,1505.266546553264,510350.8840995505,41.22769266620047,WIN,515599.3097630782,-1.0179272090064342
2024-07-23,154.0,156.64934509277342,4,1574.7336856998609,514.9956485904945,510865.879748141,41.79771067494307,LOSS,515599.3097630782,-0.9180442885216991
2024-07-24,144.6300048828125,154.76999999999998,4,1558.4836378165055,-2497.514409058487,508368.3653390825,41.85445393033975,LOSS,515599.3097630782,-1.4024348533977695
2024-07-25,138.32000732421875,145.35315490722655,4,1550.6889483946077,-1262.5700848085137,507105.795254274,43.844527030340544,LOSS,515599.3097630782,-1.6473091309426078
2024-07-26,139.99000549316406,139.01160736083983,4,1514.8943446301998,1514.8943446301998,508620.68959890417,44.6062829264238,WIN,515599.3097630782,-1.3534968011071993
2024-07-29,139.75,140.68995552062987,4,1533.0330982860444,1157.050890034098,509777.7404889383,44.60271017989446,LOSS,515599.3097630782,-1.1290878719009525
2024-07-30,138.44000244140625,140.44875,4,1517.7995307097933,714.3005072722974,510492.0409962106,44.30440614370406,LOSS,515599.3097630782,-0.9905499619878206
2024-07-31,144.47999572753906,139.13220245361327,4,1492.7332944160728,1492.7332944160728,511984.77429062664,44.04548340540456,WIN,515599.3097630782,-0.7010357469470816
2024-08-01,132.5399932861328,145.20239570617673,4,1561.8475987462334,-3503.113369271334,508481.6609213553,44.13676767906487,LOSS,515599.3097630782,-1.3804612820357614
2024-08-02,132.5,133.20269325256345,4,1553.747670912578,1272.6703698871984,509754.3312912425,47.155334126294846,LOSS,515599.3097630782,-1.1336280637228815
2024-08-05,134.82000732421875,133.1625,4,1479.6668318012246,1479.6668318012246,511233.99812304374,45.31798455419593,WIN,515599.3097630782,-0.8466480767866779
2024-08-06,130.17999267578125,135.49410736083982,4,1464.4264633714604,-661.2194106519676,510572.7787123918,44.30859332277416,LOSS,515599.3097630782,-0.9748909580573648
2024-08-07,128.6699981689453,130.83089263916014,4,1422.7463139536403,558.3885258677092,511131.1672382595,44.53012488372441,LOSS,515599.3097630782,-0.8665920299373288
2024-08-08,136.32000732421875,129.31334815979002,4,1339.6224658828785,1339.6224658828785,512470.7897041424,42.81777321335181,WIN,515599.3097630782,-0.6067735157313217
2024-08-09,134.27000427246094,137.00160736083984,4,1548.928611725877,456.2873763743155,512927.07708051667,45.963377050216295,LOSS,515599.3097630782,-0.5182770092903094
2024-08-12,136.77000427246094,134.94135429382322,4,1522.4737668862654,1522.4737668862654,514449.55084740295,45.885499176604114,WIN,515599.3097630782,-0.22299465765452695
2024-08-13,141.1300048828125,137.45385429382324,4,1573.2699325091899,1573.2699325091899,516022.8207799121,46.4283289732516,WIN,516022.8207799121,0.0
2024-08-14,140.75,141.83565490722654,4,1665.5190472836641,1231.2570843930478,517254.0778643052,47.41478854101759,LOSS,517254.0778643052,0.0
2024-08-15,147.36000061035156,141.45374999999999,4,1454.058859952666,1454.058859952666,518708.13672425784,42.55150214049896,WIN,518708.13672425784,0.0
2024-08-16,148.55999755859375,148.0968006134033,4,1580.532397786469,1580.532397786469,520288.6691220443,43.857388537480276,WIN,520288.6691220443,0.0
2024-08-19,155.27999877929688,149.3027975463867,4,1578.6364959553068,1578.6364959553068,521867.3056179996,43.52865860564265,WIN,521867.3056179996,0.0
2024-08-20,156.39999389648438,156.05639877319334,4,1683.5634363435986,1683.5634363435986,523550.8690543432,44.24254312225345,WIN,523550.8690543432,0.0
2024-08-21,157.80999755859375,157.18199386596677,4,1692.2666381111753,1692.2666381111753,525243.1356924544,44.16980371707146,WIN,525243.1356924544,0.0
2024-08-22,151.6999969482422,158.5990475463867,4,1592.568557369235,-1167.0516818885758,524076.0840105658,41.76072797198728,LOSS,525243.1356924544,-0.2221926575680038
2024-08-23,154.97999572753906,152.4584969329834,4,1517.9410508898363,1517.9410508898363,525594.0250614557,41.47802948686195,WIN,525594.0250614557,0.0
2024-08-26,149.99000549316406,155.75489570617674,4,1557.1588881173943,-748.7971970876765,524845.227864368,41.61454870765864,LOSS,525594.0250614557,-0.14246683968679322
2024-08-27,150.5,150.73995552062988,4,1544.0591664037943,1448.0769581518434,526293.3048225199,42.431194879380726,LOSS,526293.3048225199,0.0
2024-08-28,146.36000061035156,151.2525,4,1544.0836364986894,-412.91611936068466,525880.3887031592,42.31636346369891,LOSS,526293.3048225199,-0.0784574144449663
2024-08-29,145.49000549316406,147.0918006134033,4,1482.0180613094014,841.3000132137033,526721.6887163728,41.873692339132454,LOSS,526721.6887163728,0.0
2024-08-30,148.55999755859375,146.21745552062987,4,1255.8733994982997,1255.8733994982997,527977.5621158711,36.933361840214744,WIN,527977.5621158711,0.0
2024-09-03,136.94000244140625,149.3027975463867,4,1289.3729189773944,-3655.745123014786,524321.8169928563,37.089177077895805,LOSS,527977.5621158711,-0.6924053947225294
2024-09-04,140.8699951171875,137.62470245361325,4,1372.6578747931794,1372.6578747931794,525694.4748676495,41.53619229275267,WIN,527977.5621158711,-0.4324212640916302
2024-09-05,139.44000244140625,141.57434509277343,4,1392.559835128144,538.822774581273,526233.2976422308,41.07859340929377,LOSS,527977.5621158711,-0.3303671592880229
2024-09-06,134.35000610351562,140.13720245361327,4,1377.2289107425108,-937.6496292965471,525295.6480129343,41.05025465079302,LOSS,527977.5621158711,-0.5079598633300032
2024-09-09,138.14999389648438,135.02175613403318,4,1279.598844858961,1279.598844858961,526575.2468577932,39.88450679508884,WIN,527977.5621158711,-0.26560129799041965
2024-09-10,142.83999633789062,138.84074386596677,4,1329.670372753608,1329.670372753608,527904.9172305468,40.21675895923775,WIN,527977.5621158711,-0.01375908571439408
2024-09-11,149.86000061035156,143.55419631958006,4,1395.4987241076644,1395.4987241076644,529300.4159546545,40.695747331021394,WIN,529300.4159546545,0.0
2024-09-12,150.77000427246094,150.6093006134033,4,1501.2525620763643,1501.2525620763643,530801.6685167308,41.5160511078957,WIN,530801.6685167308,0.0
2024-09-13,152.30999755859375,151.52385429382323,4,1509.3334101433118,1509.3334101433118,532311.001926874,41.49334155684731,WIN,532311.001926874,0.0
2024-09-16,152.0800018310547,153.0715475463867,4,1469.4252056380917,1072.8069195052824,533383.8088463793,40.29204387654356,LOSS,533383.8088463793,0.0
2024-09-17,150.82000732421875,152.84040184020995,4,1466.382355569152,658.2245491726721,534042.033395552,40.27412607085084,LOSS,534042.033395552,0.0
2024-09-18,148.2899932861328,151.57410736083983,4,1394.5641523630804,80.91852248027249,534122.9519180323,38.96569859624594,LOSS,534122.9519180323,0.0
2024-09-19,156.74000549316406,149.03144325256346,4,1375.87062021662,1375.87062021662,535498.8225382488,39.070526824713006,WIN,535498.8225382488,0.0
2024-09-20,155.9499969482422,157.52370552062987,4,1556.2385017978486,926.7550728427736,536425.5776110917,41.22200611815598,LOSS,536425.5776110917,0.0
2024-09-23,156.75,156.72974693298337,4,1501.5130180343658,1501.5130180343658,537927.0906291261,40.22779961416836,WIN,537927.0906291261,0.0
2024-09-24,158.32000732421875,157.53374999999997,4,1496.9048838524839,1496.9048838524839,539423.9955129785,39.96806238415455,WIN,539423.9955129785,0.0
2024-09-25,162.02000427246094,159.11160736083983,4,1475.9640723183993,1475.9640723183993,540899.9595852969,39.21743149657362,WIN,540899.9595852969,0.0
2024-09-26,167.49000549316406,162.8301042938232,4,1523.424698063133,1523.424698063133,542423.3842833601,39.48211278765384,WIN,542423.3842833601,0.0
2024-09-27,164.35000610351562,168.32745552062985,4,1564.0656952346376,-26.91407161105417,542396.4702117491,39.26902317944156,LOSS,542423.3842833601,-0.00496181993454628
2024-09-30,164.0800018310547,165.1717561340332,4,1551.3548154660243,1114.653094274624,543511.1233060237,39.60328893039754,LOSS,543511.1233060237,0.0
2024-10-01,159.75,164.90040184020995,4,1543.131399868724,-517.0293362152568,542994.0939698084,39.48890882913222,LOSS,543511.1233060237,-0.09512764579136619
2024-10-02,159.77999877929688,160.54874999999998,4,1281.7006850247255,974.2001967434819,543968.2941665519,34.91974744844626,LOSS,543968.2941665519,0.0
2024-10-03,162.85000610351562,160.57889877319334,4,1265.459067765184,1265.459067765184,545233.7532343171,34.578590282369476,WIN,545233.7532343171,0.0
2024-10-04,170.89999389648438,163.6642561340332,4,1282.8769184490766,1282.8769184490766,546516.6301527661,34.438532082406674,WIN,546516.6301527661,0.0
2024-10-07,170.97000122070312,171.75449386596677,4,1317.4282855012984,1003.6312273958424,547520.261380162,33.87997322967328,LOSS,547520.261380162,0.0
2024-10-08,172.8000030517578,171.82485122680663,4,1311.1735981314362,1311.1735981314362,548831.4349782934,33.748545345788955,WIN,548831.4349782934,0.0
2024-10-09,171.02000427246094,173.66400306701658,4,1299.2325425321183,241.63302470986127,549073.0680030033,33.25140689359628,LOSS,549073.0680030033,0.0
2024-10-10,164.17999267578125,171.87510429382323,4,1221.6991711619378,-1856.3454760548532,547216.7225269484,32.010870984689944,LOSS,549073.0680030033,-0.3380871480013414
2024-10-11,167.88999938964844,165.00089263916013,4,1268.3984688128319,1268.3984688128319,548485.1209957612,33.935833848679835,WIN,549073.0680030033,-0.10707992096213909
2024-10-14,165.27000427246094,168.72944938659666,4,1309.70172467489,-74.07632097939722,548411.0446747818,34.18484344310396,LOSS,549073.0680030033,-0.12057108002568831
2024-10-15,156.63999938964844,166.09635429382323,4,1305.3938340873,-2477.148127582615,545933.8965471992,34.507629336454215,LOSS,549073.0680030033,-0.5717219872432089
2024-10-16,156.1300048828125,157.42319938659665,4,1349.2858964926595,832.0080949789995,546765.9046421782,36.87351548795196,LOSS,549073.0680030033,-0.42019241067792124
2024-10-17,156.25,156.91065490722656,4,1332.6218556317476,1068.3598927411244,547834.2645349193,36.613588091914636,LOSS,549073.0680030033,-0.22561723389375693
2024-10-18,155.97000122070312,157.03124999999997,4,1215.3555898474283,790.8560781286897,548625.120613048,34.10985088432686,LOSS,549073.0680030033,-0.08158247345557897
2024-10-21,157.89999389648438,156.7498512268066,4,1212.215735014455,1212.215735014455,549837.3363480624,34.08945375018244,WIN,549837.3363480624,0.0
2024-10-22,154.08999633789062,158.68949386596677,4,1232.1819641485888,-607.6170470818681,549229.7193009806,34.19346824807616,LOSS,549837.3363480624,-0.11050850986539396
2024-10-23,152.91000366210938,154.86044631958006,4,1221.0756136939021,440.8985507056268,549670.6178516862,34.59321535771166,LOSS,549837.3363480624,-0.03032142151049659
2024-10-24,153.44000244140625,153.6745536804199,4,1187.8735740854881,1094.0530784800262,550764.6709301663,34.07735207636162,LOSS,550764.6709301663,0.0
2024-10-25,156.22999572753906,154.20720245361326,4,1136.5441043931207,1136.5441043931207,551901.2150345594,32.88227356048231,WIN,551901.2150345594,0.0
2024-10-28,159.9199981689453,157.01114570617673,4,1166.6148119664995,1166.6148119664995,553067.8298465259,33.08136479886865,WIN,553067.8298465259,0.0
2024-10-29,166.25,160.71959815979002,4,1222.0376663456457,1222.0376663456457,554289.8675128715,33.65769365614884,WIN,554289.8675128715,0.0
2024-10-30,148.60000610351562,167.08124999999998,4,1304.9381332809553,-6087.559425312787,548202.3080875587,34.34458245155871,LOSS,554289.8675128715,-1.098262801127504
2024-10-31,144.07000732421875,149.34300613403317,4,1523.8298543362853,-585.3696695894846,547616.9384179693,42.29943960049134,LOSS,554289.8675128715,-1.2038699399005852
