Date,Stock_Price,Strike,Contracts,Premium,PnL,Capital,VIX,Status,Peak,Drawdown_%
2019-01-03,17.049999237060547,18.829999923706055,4,142.8557017481989,-569.1445729100042,49430.85542709,40.09032539330465,LOSS,49430.85542709,0.0
2019-01-04,19.0,17.049999237060547,4,129.35154623926076,129.35154623926076,49560.20697332926,40.09032539330465,WIN,49560.20697332926,0.0
2019-01-07,20.56999969482422,19.0,4,144.14542454663845,144.14542454663845,49704.3523978759,40.09032539330465,WIN,49704.3523978759,0.0
2019-01-08,20.75,20.56999969482422,4,156.05638625971898,156.05638625971898,49860.408784135616,40.09032539330465,WIN,49860.408784135616,0.0
2019-01-09,20.190000534057617,20.75,4,157.42197680751303,-66.57780956944009,49793.830974566175,40.09032539330465,LOSS,49860.408784135616,-0.1335284069925714
2019-01-10,19.739999771118164,20.190000534057617,4,153.1734841357154,-26.82682104006585,49767.00415352611,40.09032539330465,LOSS,49860.408784135616,-0.18733225997782704
2019-01-11,20.270000457763672,19.739999771118164,4,149.7595077662302,149.7595077662302,49916.763661292345,40.09032539330465,WIN,49916.763661292345,0.0
2019-01-14,20.229999542236328,20.270000457763672,4,153.7804116602579,137.7800454493204,50054.543706741664,40.09032539330465,LOSS,50054.543706741664,0.0
2019-01-15,20.3799991607666,20.229999542236328,4,153.47694066283987,153.47694066283987,50208.020647404504,40.09032539330465,WIN,50208.020647404504,0.0
2019-01-16,19.729999542236328,20.3799991607666,4,154.6149279625704,-105.38491944953898,50102.63572795496,40.09032539330465,LOSS,50208.020647404504,-0.2098965824397408
2019-01-17,20.25,19.729999542236328,4,149.6836400168757,149.6836400168757,50252.31936797184,40.09032539330465,WIN,50252.31936797184,0.0
2019-01-18,20.770000457763672,20.25,4,153.62867616154887,153.62867616154887,50405.94804413339,40.09032539330465,WIN,50405.94804413339,0.0
2019-01-22,19.760000228881836,20.770000457763672,4,157.5737123062221,-246.42637924651228,50159.52166488687,40.09032539330465,LOSS,50405.94804413339,-0.48888353221876246
2019-01-23,19.799999237060547,19.760000228881836,4,149.91124326493923,149.91124326493923,50309.432908151815,40.09032539330465,WIN,50405.94804413339,-0.19147568833953305
2019-01-24,20.850000381469727,19.799999237060547,4,150.2146997920637,150.2146997920637,50459.64760794388,40.09032539330465,WIN,50459.64760794388,0.0
2019-01-25,21.93000030517578,20.850000381469727,4,158.1806398307646,158.1806398307646,50617.82824777465,40.09032539330465,WIN,50617.82824777465,0.0
2019-01-28,20.18000030517578,21.93000030517578,4,166.3741686472355,-533.6258313527645,50084.20241642188,40.09032539330465,LOSS,50617.82824777465,-1.0542250622461768
2019-01-29,19.25,20.18000030517578,4,153.0976163863609,-218.9025056839516,49865.29991073793,40.09032539330465,LOSS,50617.82824777465,-1.4866863377723083
2019-01-30,23.09000015258789,19.25,4,146.04207486962056,146.04207486962056,50011.34198560755,40.09032539330465,WIN,50617.82824777465,-1.19816729235862
2019-01-31,24.40999984741211,23.09000015258789,4,175.17462498824887,175.17462498824887,50186.5166105958,40.09032539330465,WIN,50617.82824777465,-0.8520943155987957
2019-02-01,24.510000228881836,24.40999984741211,4,398.9510521425083,398.9510521425083,50585.46766273831,69.051888357987,WIN,50617.82824777465,-0.06393120004661797
2019-02-04,24.1299991607666,24.510000228881836,4,371.33605775956806,219.3356305134743,50804.80329325178,65.10520463527115,LOSS,50804.80329325178,0.0
2019-02-05,23.309999465942383,24.1299991607666,4,344.54341605967437,16.54353812998687,50821.34683138177,62.22214185986712,LOSS,50821.34683138177,0.0
2019-02-06,23.260000228881836,23.309999465942383,4,324.8710920426818,304.8713972184631,51126.218228600235,61.09224245986922,LOSS,51126.218228600235,0.0
2019-02-07,22.670000076293945,23.260000228881836,4,324.40570320577615,88.4056421706199,51214.623870770854,61.12515080222191,LOSS,51214.623870770854,0.0
2019-02-08,23.049999237060547,22.670000076293945,4,315.90947962648113,315.90947962648113,51530.53335039734,61.0861224683845,WIN,51530.53335039734,0.0
2019-02-11,22.959999084472656,23.049999237060547,4,319.033503568849,283.0334425336928,51813.56679293103,60.77458450539052,LOSS,51813.56679293103,0.0
2019-02-12,22.81999969482422,22.959999084472656,4,317.32706829977764,261.32731244040264,52074.89410537143,60.70821757775032,LOSS,52074.89410537143,0.0
2019-02-13,22.850000381469727,22.81999969482422,4,315.6327409796589,315.6327409796589,52390.52684635109,60.743084434136065,WIN,52390.52684635109,0.0
2019-02-14,23.1299991607666,22.850000381469727,4,316.13942406061295,316.13942406061295,52706.6662704117,60.75636114463009,WIN,52706.6662704117,0.0
2019-02-15,23.68000030517578,23.1299991607666,4,315.92867276722905,315.92867276722905,53022.59494317893,60.17232655128039,WIN,53022.59494317893,0.0
2019-02-19,23.950000762939453,23.68000030517578,4,323.22819635211226,323.22819635211226,53345.823139531036,60.14259993932123,WIN,53345.823139531036,0.0
2019-02-20,23.950000762939453,23.950000762939453,4,326.18351560992,326.18351560992,53672.006655140955,60.04177643952424,WIN,53672.006655140955,0.0
2019-02-21,23.920000076293945,23.950000762939453,4,317.21772690187436,305.21745224367123,53977.22410738462,58.803715558867275,LOSS,53977.22410738462,0.0
2019-02-22,24.360000610351562,23.920000076293945,4,317.0094699928222,317.0094699928222,54294.23357737745,58.82986089978249,WIN,54294.23357737745,0.0
2019-02-25,24.709999084472656,24.360000610351562,4,317.83586478164676,317.83586478164676,54612.069442159096,58.15038151066644,WIN,54612.069442159096,0.0
2019-02-26,24.209999084472656,24.709999084472656,4,317.00545979628487,117.00545979628487,54729.074901955384,57.428047447687376,LOSS,54729.074901955384,0.0
2019-02-27,23.479999542236328,24.209999084472656,4,289.88024743159417,-2.119569462937079,54726.95533249245,54.598878237141314,LOSS,54729.074901955384,-0.0038728399241758494
2019-02-28,23.530000686645508,23.479999542236328,4,276.4845561184516,276.4845561184516,55003.4398886109,53.94321715826963,WIN,55003.4398886109,0.0
2019-03-01,23.68000030517578,23.530000686645508,4,118.39887625295455,118.39887625295455,55121.83876486385,31.641201282062465,WIN,55121.83876486385,0.0
2019-03-04,23.3700008392334,23.68000030517578,4,93.22346485346847,-30.776321523484654,55091.062443340365,28.019747739621973,LOSS,55121.83876486385,-0.05583326357230631
2019-03-05,23.5,23.3700008392334,4,92.82812799951074,92.82812799951074,55183.89057133988,28.136506875197952,WIN,55183.89057133988,0.0
2019-03-06,22.40999984741211,23.5,4,92.10844779382755,-343.8916132413287,54839.99895809855,27.962555665459767,LOSS,55183.89057133988,-0.6231739184767286
2019-03-07,22.079999923706055,22.40999984741211,4,95.7896083829512,-36.210361099470674,54803.78859699908,29.136294271038523,LOSS,55183.89057133988,-0.6887915484128706
2019-03-08,22.010000228881836,22.079999923706055,4,95.6134262617262,67.6135483320387,54871.40214533112,29.321181428976175,LOSS,55183.89057133988,-0.5662674791020433
2019-03-11,22.959999084472656,22.010000228881836,4,90.97807698884529,90.97807698884529,54962.38022231997,28.6702273948364,WIN,55183.89057133988,-0.4014040088992088
2019-03-12,23.489999771118164,22.959999084472656,4,107.66623530145327,107.66623530145327,55070.04645762142,30.508389294691433,WIN,55183.89057133988,-0.2062995423841719
2019-03-13,23.3799991607666,23.489999771118164,4,113.75198103385227,69.75173689322727,55139.798194514646,31.015296716102462,LOSS,55183.89057133988,-0.07990081229997949
2019-03-14,22.81999969482422,23.3799991607666,4,113.07920873891734,-110.92057763803578,55028.87761687661,30.995480940669935,LOSS,55183.89057133988,-0.2809025475702369
2019-03-15,23.290000915527344,22.81999969482422,4,114.65815456296153,114.65815456296153,55143.53577143957,31.61683648203587,WIN,55183.89057133988,-0.073127863009471
2019-03-18,23.25,23.290000915527344,4,118.88894834875565,102.88858213781815,55246.42435357739,31.882276653062576,LOSS,55246.42435357739,0.0
2019-03-19,26.0,23.25,4,114.70775357423948,114.70775357423948,55361.132107151636,31.316569323027853,WIN,55361.132107151636,0.0
2019-03-20,25.700000762939453,26.0,4,209.7644705291815,89.76477570496274,55450.8968828566,41.68195302487267,LOSS,55450.8968828566,0.0
2019-03-21,27.889999389648438,25.700000762939453,4,208.46761820272363,208.46761820272363,55659.364501059325,41.82653004867481,WIN,55659.364501059325,0.0
2019-03-22,26.3700008392334,27.889999389648438,4,256.44957284635484,-351.5498473196608,55307.81465373966,45.40972608590429,LOSS,55659.364501059325,-0.63160952423913
2019-03-25,25.969999313354492,26.3700008392334,4,257.5956758972508,97.59506554568833,55405.40971928535,47.30631757393289,LOSS,55659.364501059325,-0.45626604624481426
2019-03-26,25.690000534057617,25.969999313354492,4,254.73192252406776,142.73241080531776,55548.142130090666,47.43922486558791,LOSS,55659.364501059325,-0.199826879026874
2019-03-27,24.889999389648438,25.690000534057617,4,250.55543519275844,-69.44502257091344,55478.69710751975,47.25512638063074,LOSS,55659.364501059325,-0.32459478321232954
2019-03-28,25.059999465942383,24.889999389648438,4,243.01534733336695,243.01534733336695,55721.71245485312,47.28998541495916,WIN,55721.71245485312,0.0
2019-03-29,25.520000457763672,25.059999465942383,4,244.70019901291323,244.70019901291323,55966.412653866035,47.29329041068254,WIN,55966.412653866035,0.0
2019-04-01,26.360000610351562,25.520000457763672,4,249.96469368552235,249.96469368552235,56216.377347551555,47.39343672489708,WIN,56216.377347551555,0.0
2019-04-02,26.75,26.360000610351562,4,259.7828249121013,259.7828249121013,56476.16017246366,47.59297864608851,WIN,56476.16017246366,0.0
2019-04-03,29.020000457763672,26.75,4,263.8644891266865,263.8644891266865,56740.024661590345,47.622421404220525,WIN,56740.024661590345,0.0
2019-04-04,29.09000015258789,29.020000457763672,4,296.2463311735047,296.2463311735047,57036.27099276385,48.76094532808182,WIN,57036.27099276385,0.0
2019-04-05,28.979999542236328,29.09000015258789,4,293.9220478872042,249.9218037465792,57286.192796510426,48.41546233539549,LOSS,57286.192796510426,0.0
2019-04-08,28.530000686645508,28.979999542236328,4,292.9070595028523,112.90751726652417,57399.10031377695,48.42646863961715,LOSS,57399.10031377695,0.0
2019-04-09,27.239999771118164,28.530000686645508,4,288.04610130804673,-227.95426490289077,57171.14604887406,48.39021783390352,LOSS,57399.10031377695,-0.3971390904330506
2019-04-10,27.829999923706055,27.239999771118164,4,286.559407799022,286.559407799022,57457.70545667309,49.790975369519686,WIN,57457.70545667309,0.0
2019-04-11,27.790000915527344,27.829999923706055,4,292.66405564994045,276.6644523784561,57734.369909051544,49.77884976015284,LOSS,57734.369909051544,0.0
2019-04-12,27.850000381469727,27.790000915527344,4,288.0856255316014,288.0856255316014,58022.45553458315,49.284045355285734,WIN,58022.45553458315,0.0
2019-04-15,27.329999923706055,27.850000381469727,4,288.5449392158589,80.54475611039015,58103.00029069354,49.26472804195001,LOSS,58103.00029069354,0.0
2019-04-16,27.93000030517578,27.329999923706055,4,285.80293554411094,285.80293554411094,58388.80322623765,49.584865236591334,WIN,58388.80322623765,0.0
2019-04-17,27.489999771118164,27.93000030517578,4,237.4045438681326,61.40433024508573,58450.20755648274,43.1110533623681,LOSS,58450.20755648274,0.0
2019-04-18,27.68000030517578,27.489999771118164,4,234.39534261248087,234.39534261248087,58684.60289909522,43.19897190741138,WIN,58684.60289909522,0.0
2019-04-22,28.18000030517578,27.68000030517578,4,199.18782521054567,199.18782521054567,58883.79072430576,38.798836880809375,WIN,58883.79072430576,0.0
2019-04-23,27.969999313354492,28.18000030517578,4,184.68349101955215,100.68309429103653,58984.4738185968,36.67435163260184,LOSS,58984.4738185968,0.0
2019-04-24,28.459999084472656,27.969999313354492,4,181.78579255316154,181.78579255316154,59166.259611149966,36.49445883034062,WIN,59166.259611149966,0.0
2019-04-25,27.65999984741211,28.459999084472656,4,184.4449994958825,-135.55469532833624,59030.70491582163,36.43339840714287,LOSS,59166.259611149966,-0.22910810353607056
2019-04-26,27.8799991607666,27.65999984741211,4,177.8755873562363,177.8755873562363,59208.580503177865,36.267831301984685,WIN,59208.580503177865,0.0
2019-04-29,27.690000534057617,27.8799991607666,4,179.31604362875387,103.31659294516012,59311.89709612302,36.27087839879287,LOSS,59311.89709612302,0.0
2019-04-30,27.6299991607666,27.690000534057617,4,177.85754487412126,153.856995557715,59465.75409168074,36.24263377833167,LOSS,59465.75409168074,0.0
2019-05-01,26.809999465942383,27.6299991607666,4,171.975115699466,-156.0247622302215,59309.72932945052,35.58466348410317,LOSS,59465.75409168074,-0.2623775055297707
2019-05-02,28.290000915527344,26.809999465942383,4,172.0169965734861,172.0169965734861,59481.74632602401,36.219423875214936,WIN,59481.74632602401,0.0
2019-05-03,28.219999313354492,28.290000915527344,4,151.08296414162567,123.08232327248504,59604.8286492965,32.6620686426805,LOSS,59604.8286492965,0.0
2019-05-06,27.420000076293945,28.219999313354492,4,150.62066434529788,-169.37903047892087,59435.449618817576,32.6517022440362,LOSS,59604.8286492965,-0.28416998138777627
2019-05-07,26.65999984741211,27.420000076293945,4,151.67480872774325,-152.32528282499112,59283.12433599259,33.29384677837025,LOSS,59604.8286492965,-0.5397286102385406
2019-05-08,27.09000015258789,26.65999984741211,4,150.782984350654,150.782984350654,59433.90732034324,33.704720593363916,WIN,59604.8286492965,-0.2867575208695339
2019-05-09,27.209999084472656,27.09000015258789,4,141.20332897408244,141.20332897408244,59575.11064931732,32.23832090511148,WIN,59604.8286492965,-0.04985837666614569
2019-05-10,27.959999084472656,27.209999084472656,4,138.0906322101746,138.0906322101746,59713.201281527494,31.783971127745094,WIN,59713.201281527494,0.0
2019-05-13,26.239999771118164,27.959999084472656,4,148.1773163522122,-539.8224089895847,59173.37887253791,32.52683931714675,LOSS,59713.201281527494,-0.9040252363032784
2019-05-14,27.31999969482422,26.239999771118164,4,164.1544027092334,164.1544027092334,59337.533275247144,35.689392624491234,WIN,59713.201281527494,-0.6291205264799028
2019-05-15,27.579999923706055,27.31999969482422,4,180.46314298792032,180.46314298792032,59517.99641823507,36.84574498959374,WIN,59713.201281527494,-0.3269040331167346
2019-05-16,28.010000228881836,27.579999923706055,4,179.69144057664974,179.69144057664974,59697.68785881172,36.54726549165594,WIN,59713.201281527494,-0.025979887835246736
2019-05-17,27.5,28.010000228881836,4,182.25354670465677,-21.746544848077605,59675.94131396364,36.51899126203911,LOSS,59713.201281527494,-0.062398208041447384
2019-05-20,26.68000030517578,27.5,4,180.95398521527136,-147.04589271441614,59528.895421249224,36.76178380116667,LOSS,59713.201281527494,-0.30865178272611743
2019-05-21,27.350000381469727,26.68000030517578,4,178.31019614979823,178.31019614979823,59707.20561739902,37.102906195806575,WIN,59713.201281527494,-0.010040768205017033
2019-05-22,27.40999984741211,27.350000381469727,4,186.9337089842198,186.9337089842198,59894.13932638324,37.604209265489445,WIN,59894.13932638324,0.0
2019-05-23,26.360000610351562,27.40999984741211,4,185.28805721557993,-234.71163760863882,59659.4276887746,37.356171243695556,LOSS,59894.13932638324,-0.39187746956278824
2019-05-24,26.440000534057617,26.360000610351562,4,181.94244633822933,181.94244633822933,59841.37013511283,37.82693734786152,WIN,59894.13932638324,-0.08810409810357799
2019-05-28,29.049999237060547,26.440000534057617,4,182.05842646154323,182.05842646154323,60023.42856157438,37.77237664389067,WIN,60023.42856157438,0.0
2019-05-29,28.09000015258789,29.049999237060547,4,254.19787457453964,-129.80175921452286,59893.62680235985,43.93908681533724,LOSS,60023.42856157438,-0.21625182420456102
2019-05-30,28.030000686645508,28.09000015258789,4,251.69363433706133,227.6938479601082,60121.32065031996,44.63326626097141,LOSS,60121.32065031996,0.0
2019-05-31,27.40999984741211,28.030000686645508,4,246.39045734422513,-1.6098783491342488,60119.71077197083,44.07098910021033,LOSS,60121.32065031996,-0.0026777162106865976
2019-06-03,27.579999923706055,27.40999984741211,4,229.23796366541947,229.23796366541947,60348.94873563625,42.65900429997737,WIN,60348.94873563625,0.0
2019-06-04,29.56999969482422,27.579999923706055,4,230.8902853517151,230.8902853517151,60579.839020987965,42.6866514172968,WIN,60579.839020987965,0.0
2019-06-05,29.5,29.56999969482422,4,268.17999445115214,240.18011652146464,60820.01913750943,44.99397950808164,LOSS,60820.01913750943,0.0
2019-06-06,31.81999969482422,29.5,4,262.4669256591091,262.4669256591091,61082.48606316854,44.424670028545776,WIN,61082.48606316854,0.0
2019-06-07,32.40999984741211,31.81999969482422,4,309.10139815747544,309.10139815747544,61391.58746132601,47.12623496505177,WIN,61391.58746132601,0.0
2019-06-10,33.22999954223633,32.40999984741211,4,315.15984060574027,315.15984060574027,61706.74730193175,47.15961761043194,WIN,61706.74730193175,0.0
2019-06-11,32.40999984741211,33.22999954223633,4,322.7362567360712,-5.263621193616302,61701.48368073813,47.120067941252586,LOSS,61706.74730193175,-0.008530057771257645
2019-06-12,32.18000030517578,32.40999984741211,4,294.17832068692314,202.1785037923919,61903.66218453052,45.018616218319515,LOSS,61903.66218453052,0.0
2019-06-13,31.389999389648438,32.18000030517578,4,288.45672323258833,-27.54364297834917,61876.11854155217,44.6451501880217,LOSS,61903.66218453052,-0.04449436754847489
2019-06-14,30.360000610351562,31.389999389648438,4,286.93539843814466,-125.06411328060534,61751.054428271564,45.2309541800641,LOSS,61903.66218453052,-0.24652460108748184
2019-06-17,29.200000762939453,30.360000610351562,4,284.5273965261315,-179.47254243871225,61571.58188583285,45.99426536803723,LOSS,61903.66218453052,-0.5364469354135498
2019-06-18,30.450000762939453,29.200000762939453,4,279.71852342151686,279.71852342151686,61851.30040925436,46.68089172667156,WIN,61903.66218453052,-0.08458590885959175
2019-06-19,30.5,30.450000762939453,4,292.35086206459005,292.35086206459005,62143.65127131895,46.75236688087625,WIN,62143.65127131895,0.0
2019-06-20,30.010000228881836,30.5,4,291.33647419521895,95.33656574795333,62238.9878370669,46.59032207225147,LOSS,62238.9878370669,0.0
2019-06-21,29.100000381469727,30.010000228881836,4,288.85192407734075,-75.148014887503,62163.8398221794,46.83232051826399,LOSS,62238.9878370669,-0.1207410619919341
2019-06-24,29.260000228881836,29.100000381469727,4,277.16546627477476,277.16546627477476,62441.00528845417,46.499608512259286,WIN,62441.00528845417,0.0
2019-06-25,28.860000610351562,29.260000228881836,4,278.65551106734097,118.65566365523159,62559.66095210941,46.49577827985054,LOSS,62559.66095210941,0.0
2019-06-26,29.920000076293945,28.860000610351562,4,230.45093680991107,230.45093680991107,62790.11188891932,41.40834439129357,WIN,62790.11188891932,0.0
2019-06-27,30.739999771118164,29.920000076293945,4,238.8445735463026,238.8445735463026,63028.95646246562,41.40054069140341,WIN,63028.95646246562,0.0
2019-06-28,30.3700008392334,30.739999771118164,4,248.20980195052732,100.21022919662107,63129.16669166224,41.703863606836094,LOSS,63129.16669166224,0.0
2019-07-01,31.200000762939453,30.3700008392334,4,242.62379082927805,242.62379082927805,63371.79048249152,41.42090035163738,WIN,63371.79048249152,0.0
2019-07-02,31.239999771118164,31.200000762939453,4,251.88759228017977,251.88759228017977,63623.6780747717,41.69999644310113,WIN,63623.6780747717,0.0
2019-07-03,31.190000534057617,31.239999771118164,4,224.2405146142449,204.24081979002614,63827.91889456173,38.73898206950922,LOSS,63827.91889456173,0.0
2019-07-05,31.5,31.190000534057617,4,223.8293761793935,223.8293761793935,64051.74827074112,38.73344242310753,WIN,64051.74827074112,0.0
2019-07-08,32.040000915527344,31.5,4,182.78015473528134,182.78015473528134,64234.5284254764,34.19011246140712,WIN,64234.5284254764,0.0
2019-07-09,33.150001525878906,32.040000915527344,4,185.48907102008664,185.48907102008664,64420.01749649648,34.14629911112589,WIN,64420.01749649648,0.0
2019-07-10,33.790000915527344,33.150001525878906,4,196.72666091020403,196.72666091020403,64616.74415740668,34.62631210658488,WIN,64616.74415740668,0.0
2019-07-11,33.060001373291016,33.790000915527344,4,197.50012716281896,-94.4996897317123,64522.24446767497,34.330282858039716,LOSS,64616.74415740668,-0.14624644272003068
2019-07-12,33.209999084472656,33.060001373291016,4,197.26008066893334,197.26008066893334,64719.5045483439,34.73310251705624,WIN,64719.5045483439,0.0
2019-07-15,34.38999938964844,33.209999084472656,4,191.98493721539404,191.98493721539404,64911.489485559294,34.11865452217715,WIN,64911.489485559294,0.0
2019-07-16,33.849998474121094,34.38999938964844,4,194.51202175678165,-21.48834445415585,64890.00114110514,33.70567191459938,LOSS,64911.489485559294,-0.03310406928643358
2019-07-17,33.599998474121094,33.849998474121094,4,177.0167869329512,77.01678693295119,64967.01792803809,32.29477168464102,LOSS,64967.01792803809,0.0
2019-07-18,33.0,33.599998474121094,4,164.26276150798108,-75.73662814045642,64891.28129989764,31.168096590598108,LOSS,64967.01792803809,-0.11657704256080353
2019-07-19,32.5099983215332,33.0,4,166.33929302169886,-29.661378365019885,64861.61992153262,31.670166764913517,LOSS,64967.01792803809,-0.16223309898911656
2019-07-22,32.849998474121094,32.5099983215332,4,163.40131317603607,163.40131317603607,65025.021234708656,31.622549249672822,WIN,65025.021234708656,0.0
2019-07-23,33.4900016784668,32.849998474121094,4,152.3618956284127,152.3618956284127,65177.38313033707,30.339105929971602,WIN,65177.38313033707,0.0
2019-07-24,34.11000061035156,33.4900016784668,4,157.12171357257412,157.12171357257412,65334.50484390964,30.51601070643722,WIN,65334.50484390964,0.0
2019-07-25,33.66999816894531,34.11000061035156,4,156.19839217460415,-19.80258438789585,65314.70225952175,30.144462528854547,LOSS,65334.50484390964,-0.03030953465585055
2019-07-26,34.02000045776367,33.66999816894531,4,149.01700490528842,149.01700490528842,65463.71926442704,29.63698981066188,WIN,65463.71926442704,0.0
2019-07-29,33.47999954223633,34.02000045776367,4,145.22104281873501,-70.77932339220249,65392.939941034834,29.117385334431745,LOSS,65463.71926442704,-0.10811992381048101
2019-07-30,33.869998931884766,33.47999954223633,4,144.64694872765688,144.64694872765688,65537.58688976249,29.288375876278764,WIN,65537.58688976249,0.0
2019-07-31,30.450000762939453,33.869998931884766,4,140.6921123768322,-1227.3071552012927,64310.2797345612,28.737686467234877,LOSS,65537.58688976249,-1.8726767545861642
2019-08-01,29.860000610351562,30.450000762939453,4,213.61190885215834,-22.388152182997914,64287.8915823782,38.200491533011146,LOSS,65537.58688976249,-1.9068375365823873
2019-08-02,29.440000534057617,29.860000610351562,4,211.56962032472978,43.56958980715166,64331.46117218535,38.43271052050562,LOSS,65537.58688976249,-1.840357228296951
2019-08-05,27.989999771118164,29.440000534057617,4,208.5081957741385,-371.4921094016428,63959.969062783704,38.423098774189526,LOSS,65537.58688976249,-2.407195476440745
2019-08-06,28.860000610351562,27.989999771118164,4,207.14565128937213,207.14565128937213,64167.114714073075,39.47552174713231,WIN,65537.58688976249,-2.091123949977922
2019-08-07,29.190000534057617,28.860000610351562,4,211.92649981517286,211.92649981517286,64379.041213888246,39.285551060167364,WIN,65537.58688976249,-1.7677576042324779
2019-08-08,33.91999816894531,29.190000534057617,4,212.2515266738587,212.2515266738587,64591.2927405621,39.04782222929447,WIN,65537.58688976249,-1.443895318868091
2019-08-09,34.189998626708984,33.91999816894531,4,392.00906936424246,392.00906936424246,64983.30180992634,53.22076080509645,WIN,65537.58688976249,-0.8457514323322313
2019-08-12,32.43000030517578,34.189998626708984,4,395.246630248677,-308.75269836460427,64674.54911156174,53.23209754962472,LOSS,65537.58688976249,-1.3168592546021292
2019-08-13,32.11000061035156,32.43000030517578,4,381.0023073158998,253.00242938621233,64927.551540947956,53.85435340015995,LOSS,65537.58688976249,-0.9308175319922045
2019-08-14,30.239999771118164,32.11000061035156,4,376.7059810789197,-371.29435461443967,64556.25718633352,53.799062767851524,LOSS,65537.58688976249,-1.497354037583986
2019-08-15,29.670000076293945,30.239999771118164,4,366.4937840512528,138.49390612156532,64694.75109245508,55.081490450965816,LOSS,65537.58688976249,-1.286034224490293
2019-08-16,31.18000030517578,29.670000076293945,4,359.69052504844603,359.69052504844603,65054.44161750353,55.09317811667272,WIN,65537.58688976249,-0.7372033289410469
2019-08-19,31.479999542236328,31.18000030517578,4,388.36935567539564,388.36935567539564,65442.81097317892,56.19342214153706,WIN,65537.58688976249,-0.144613070272155
2019-08-20,30.719999313354492,31.479999542236328,4,392.03611373046755,88.03602217773317,65530.84699535665,56.186073577265006,LOSS,65537.58688976249,-0.010284013686945268
2019-08-21,31.700000762939453,30.719999313354492,4,382.6853800729229,382.6853800729229,65913.53237542958,56.19833856950318,WIN,65913.53237542958,0.0
2019-08-22,31.899999618530273,31.700000762939453,4,397.76907392474465,397.76907392474465,66311.30144935433,56.49834477558208,WIN,66311.30144935433,0.0
2019-08-23,29.540000915527344,31.899999618530273,4,400.075240677216,-543.9242405239559,65767.37720883038,56.47725725721318,LOSS,66311.30144935433,-0.8202587321248322
2019-08-26,30.280000686645508,29.540000915527344,4,387.1190599992327,387.1190599992327,66154.49626882961,58.34041675641471,WIN,66311.30144935433,-0.23646825970454552
2019-08-27,30.200000762939453,30.280000686645508,4,399.4526468828891,367.4526774004672,66521.94894623007,58.62831655518802,LOSS,66521.94894623007,0.0
2019-08-28,30.780000686645508,30.200000762939453,4,397.5558948997367,397.5558948997367,66919.5048411298,58.53617564487012,WIN,66919.5048411298,0.0
2019-08-29,31.450000762939453,30.780000686645508,4,369.9586752625819,369.9586752625819,67289.46351639238,54.75059406595361,WIN,67289.46351639238,0.0
2019-08-30,31.450000762939453,31.450000762939453,4,377.51747765492325,377.51747765492325,67666.9809940473,54.698622306247785,WIN,67666.9809940473,0.0
2019-09-03,30.899999618530273,31.450000762939453,4,376.27286272024116,156.2724049565693,67823.25339900388,54.56774227781683,LOSS,67823.25339900388,0.0
2019-09-04,30.950000762939453,30.899999618530273,4,359.96306836047535,359.96306836047535,68183.21646736436,53.52640662649218,WIN,68183.21646736436,0.0
2019-09-05,31.5,30.950000762939453,4,357.91171892884495,357.91171892884495,68541.12818629321,53.24496673095709,WIN,68541.12818629321,0.0
2019-09-06,30.559999465942383,31.5,4,364.78901963307135,-11.211193989975527,68529.91699230323,53.29924710143513,LOSS,68541.12818629321,-0.01635688569278452
2019-09-09,30.5,30.559999465942383,4,231.3217845261591,207.32199814920597,68737.23899045243,40.03353752386155,LOSS,68737.23899045243,0.0
2019-09-10,30.229999542236328,30.5,4,229.8997682012622,121.89958509579344,68859.13857554822,39.928590702128474,LOSS,68859.13857554822,0.0
2019-09-11,29.760000228881836,30.229999542236328,4,213.95957497262,25.95984963082313,68885.09842517904,38.4073699375896,LOSS,68885.09842517904,0.0
2019-09-12,30.209999084472656,29.760000228881836,4,211.3182525680081,211.3182525680081,69096.41667774704,38.483515603315084,WIN,69096.41667774704,0.0
2019-09-13,30.690000534057617,30.209999084472656,4,194.65011955615324,194.65011955615324,69291.0667973032,36.30899638454762,WIN,69291.0667973032,0.0
2019-09-16,30.829999923706055,30.690000534057617,4,196.41104939873514,196.41104939873514,69487.47784670194,36.16547663780582,WIN,69487.47784670194,0.0
2019-09-17,30.989999771118164,30.829999923706055,4,178.21501735219718,178.21501735219718,69665.69286405413,34.117443114572275,WIN,69665.69286405413,0.0
2019-09-18,30.420000076293945,30.989999771118164,4,178.57731342534112,-49.42256450434638,69616.27029954978,34.057404187278294,LOSS,69665.69286405413,-0.07094247178563391
2019-09-19,30.290000915527344,30.420000076293945,4,173.35833391995433,121.35866961331371,69737.6289691631,33.84710051373918,LOSS,69737.6289691631,0.0
2019-09-20,30.049999237060547,30.290000915527344,4,163.68105212760008,67.68038074088133,69805.30934990398,32.871382682966235,LOSS,69805.30934990398,0.0
2019-09-23,30.639999389648438,30.049999237060547,4,162.00611939627635,162.00611939627635,69967.31546930026,32.82978010297916,WIN,69967.31546930026,0.0
2019-09-24,29.520000457763672,30.639999389648438,4,114.09574573430963,-333.90382701959663,69633.41164228065,27.31515073746325,LOSS,69967.31546930026,-0.4772282954976473
2019-09-25,29.540000915527344,29.520000457763672,4,118.6889968584535,118.6889968584535,69752.10063913911,28.296983577984996,WIN,69967.31546930026,-0.30759337944811593
2019-09-26,29.469999313354492,29.540000915527344,4,118.77464934122382,90.7740084720832,69842.8746476112,28.297570010001216,LOSS,69967.31546930026,-0.17785564710376808
2019-09-27,28.719999313354492,29.469999313354492,4,113.63456935933965,-186.36543064066035,69656.50921697055,27.752325155658063,LOSS,69967.31546930026,-0.4442163462253821
2019-09-30,28.989999771118164,28.719999313354492,4,109.25259088408181,109.25259088408181,69765.76180785462,27.580744798031525,WIN,69967.31546930026,-0.28806830745717577
2019-10-01,28.760000228881836,28.989999771118164,4,112.19078674118525,20.190969846654,69785.95277770127,27.7987635155822,LOSS,69967.31546930026,-0.2592105905200336
2019-10-02,28.309999465942383,28.760000228881836,4,109.34402718054625,-70.656277995235,69715.29649970603,27.573761342476008,LOSS,69967.31546930026,-0.3601952824741482
2019-10-03,28.68000030517578,28.309999465942383,4,108.84261141141695,108.84261141141695,69824.13911111745,27.715051539822777,WIN,69967.31546930026,-0.20463320226375495
2019-10-04,29.010000228881836,28.68000030517578,4,108.1329085917888,108.1329085917888,69932.27201970923,27.46917632634764,WIN,69967.31546930026,-0.05008545683935305
2019-10-07,28.93000030517578,29.010000228881836,4,103.79408531730805,71.79411583488617,70004.06613554411,26.8327014452941,LOSS,70004.06613554411,0.0
2019-10-08,28.229999542236328,28.93000030517578,4,103.50489221106882,-176.49541296471244,69827.5707225794,26.832362659016333,LOSS,70004.06613554411,-0.2521216590804489
2019-10-09,28.459999084472656,28.229999542236328,4,105.87736116567727,105.87736116567727,69933.44808374508,27.40370048080591,WIN,70004.06613554411,-0.10087707142938789
2019-10-10,28.3799991607666,28.459999084472656,4,106.19751329153495,74.19754380911307,70007.6456275542,27.340663170302598,LOSS,70007.6456275542,0.0
2019-10-11,29.75,28.3799991607666,4,102.23084812847884,102.23084812847884,70109.87647568269,26.913205094500334,WIN,70109.87647568269,0.0
2019-10-14,30.530000686645508,29.75,4,132.06973786549722,132.06973786549722,70241.94621354819,29.681667315529246,WIN,70241.94621354819,0.0
2019-10-15,30.719999313354492,30.530000686645508,4,142.67719382490293,142.67719382490293,70384.62340737309,30.4556323342295,WIN,70384.62340737309,0.0
2019-10-16,30.809999465942383,30.719999313354492,4,143.6884534160936,143.6884534160936,70528.31186078918,30.46890960725093,WIN,70528.31186078918,0.0
2019-10-17,31.139999389648438,30.809999465942383,4,140.65880344543953,140.65880344543953,70668.97066423461,30.098515907145817,WIN,70668.97066423461,0.0
2019-10-18,30.969999313354492,31.139999389648438,4,142.79476058747775,74.79473006989963,70743.76539430452,30.16535936265391,LOSS,70743.76539430452,0.0
2019-10-21,32.029998779296875,30.969999313354492,4,141.59529273783812,141.59529273783812,70885.36068704235,30.120517424429202,WIN,70885.36068704235,0.0
2019-10-22,31.510000228881836,32.029998779296875,4,153.96094777172772,-54.03847239428791,70831.32221464807,30.896908950363745,LOSS,70885.36068704235,-0.07623361420542564
2019-10-23,31.360000610351562,31.510000228881836,4,139.12263894980825,79.12279153769887,70910.44500618576,29.601868522950603,LOSS,70910.44500618576,0.0
2019-10-24,31.719999313354492,31.360000610351562,4,139.08326719857507,139.08326719857507,71049.52827338433,29.667559366066747,WIN,71049.52827338433,0.0
2019-10-25,32.709999084472656,31.719999313354492,4,140.99611277925996,140.99611277925996,71190.5243861636,29.700530356083718,WIN,71190.5243861636,0.0
2019-10-28,33.689998626708984,32.709999084472656,4,142.35283844318343,142.35283844318343,71332.87722460678,29.392778182757716,WIN,71332.87722460678,0.0
2019-10-29,33.029998779296875,33.689998626708984,4,152.52360517055635,-111.4763337942874,71221.4008908125,29.9725268921641,LOSS,71332.87722460678,-0.156276233528726
2019-10-30,33.130001068115234,33.029998779296875,4,154.8996049453057,154.8996049453057,71376.30049575781,30.509606721674615,WIN,71376.30049575781,0.0
2019-10-31,33.93000030517578,33.130001068115234,4,149.70565161859778,149.70565161859778,71526.0061473764,29.94430694513622,WIN,71526.0061473764,0.0
2019-11-01,34.88999938964844,33.93000030517578,4,155.88955040807255,155.88955040807255,71681.89569778448,30.19470154228498,WIN,71681.89569778448,0.0
2019-11-04,36.290000915527344,34.88999938964844,4,164.446605136663,164.446605136663,71846.34230292114,30.58773390483109,WIN,71846.34230292114,0.0
2019-11-05,36.150001525878906,36.290000915527344,4,179.02717324796888,123.02741738859388,71969.36972030974,31.315147643546094,LOSS,71969.36972030974,0.0
2019-11-06,35.93000030517578,36.150001525878906,4,166.11063032176864,78.11014204051864,72047.47986235026,30.19665973046248,LOSS,72047.47986235026,0.0
2019-11-07,36.279998779296875,35.93000030517578,4,168.8449765274257,168.8449765274257,72216.32483887768,30.541393481068084,WIN,72216.32483887768,0.0
2019-11-08,36.290000915527344,36.279998779296875,4,167.8994329477597,167.8994329477597,72384.22427182544,30.3052701142189,WIN,72384.22427182544,0.0
2019-11-11,36.310001373291016,36.290000915527344,4,152.46069846723847,152.46069846723847,72536.68497029268,28.894085239707476,WIN,72536.68497029268,0.0
2019-11-12,36.709999084472656,36.310001373291016,4,149.90074052144251,149.90074052144251,72686.58571081412,28.653265827741453,WIN,72686.58571081412,0.0
2019-11-13,37.52000045776367,36.709999084472656,4,151.5073887363113,151.5073887363113,72838.09309955043,28.649240070214866,WIN,72838.09309955043,0.0
2019-11-14,38.349998474121094,37.52000045776367,4,156.38976849454437,156.38976849454437,72994.48286804497,28.784929037291338,WIN,72994.48286804497,0.0
2019-11-15,38.560001373291016,38.349998474121094,4,161.77561273370898,161.77561273370898,73156.25848077868,28.9510448669678,WIN,73156.25848077868,0.0
2019-11-18,39.880001068115234,38.560001373291016,4,159.33113906712177,159.33113906712177,73315.58961984579,28.665409591123726,WIN,73315.58961984579,0.0
2019-11-19,41.290000915527344,39.880001068115234,4,164.78926785148224,164.78926785148224,73480.37888769727,28.665728742169463,WIN,73480.37888769727,0.0
2019-11-20,40.97999954223633,41.290000915527344,4,166.03942888465,42.03887956824374,73522.4177672655,28.299195535219084,LOSS,73522.4177672655,0.0
2019-11-21,39.52000045776367,40.97999954223633,4,166.4653984667769,-417.5342353222856,73104.88353194323,28.43417676793884,LOSS,73522.4177672655,-0.567900577812853
2019-11-22,39.150001525878906,39.52000045776367,4,191.57120772042035,43.5716349665141,73148.45516690974,31.03143244299226,LOSS,73522.4177672655,-0.5086375172529541
2019-11-25,39.790000915527344,39.150001525878906,4,189.08908340769938,189.08908340769938,73337.54425031744,30.973265352340597,WIN,73522.4177672655,-0.2514519007430897
2019-11-26,38.9900016784668,39.790000915527344,4,187.2636229446329,-132.73607187958584,73204.80817843786,30.56461939308243,LOSS,73522.4177672655,-0.43199013100063827
2019-11-27,39.40999984741211,38.9900016784668,4,183.86531435504477,183.86531435504477,73388.6734927929,30.595725685196097,WIN,73522.4177672655,-0.18190951621853038
2019-11-29,39.150001525878906,39.40999984741211,4,185.49134427094992,81.49201565766867,73470.16550845058,30.565972126241505,LOSS,73522.4177672655,-0.07106983203454154
2019-12-02,38.72999954223633,39.150001525878906,4,183.7669705522654,15.766177095234156,73485.93168554582,30.52368085310404,LOSS,73522.4177672655,-0.04962579146293294
2019-12-03,38.900001525878906,38.72999954223633,4,179.4408161667756,179.4408161667756,73665.3725017126,30.3226110328897,WIN,73665.3725017126,0.0
2019-12-04,39.689998626708984,38.900001525878906,4,163.2956716011023,163.2956716011023,73828.6681733137,28.88302443067924,WIN,73828.6681733137,0.0
2019-12-05,39.619998931884766,39.689998626708984,4,169.3583450319125,141.358467102225,73970.02664041592,29.11186945426035,LOSS,73970.02664041592,0.0
2019-12-06,39.630001068115234,39.619998931884766,4,167.9776966999692,167.9776966999692,74138.00433711588,29.0215555040025,WIN,74138.00433711588,0.0
2019-12-09,38.93000030517578,39.630001068115234,4,167.97008496975565,-112.0302202060256,74025.97411690986,29.01738142034503,LOSS,74138.00433711588,-0.15111038017237352
2019-12-10,39.439998626708984,38.93000030517578,4,171.28673977565828,171.28673977565828,74197.26085668552,29.551185229157838,WIN,74197.26085668552,0.0
2019-12-11,39.470001220703125,39.439998626708984,4,174.4949265578121,174.4949265578121,74371.75578324334,29.63204224105263,WIN,74371.75578324334,0.0
2019-12-12,42.59000015258789,39.470001220703125,4,174.11636525015822,174.11636525015822,74545.8721484935,29.589200259410354,WIN,74545.8721484935,0.0
2019-12-13,41.150001525878906,42.59000015258789,4,252.41488077882912,-323.58456990476463,74222.28757858873,34.600463705099926,LOSS,74545.8721484935,-0.4340744303858861
2019-12-16,42.349998474121094,41.150001525878906,4,256.6014057620953,256.6014057620953,74478.88898435082,35.6228274769663,WIN,74545.8721484935,-0.08985496072705806
2019-12-17,42.77000045776367,42.349998474121094,4,270.29370832398007,270.29370832398007,74749.1826926748,36.10773196390066,WIN,74749.1826926748,0.0
2019-12-18,42.29999923706055,42.77000045776367,4,264.10954180598156,76.10905352473156,74825.29174619954,35.422263239975095,LOSS,74825.29174619954,0.0
2019-12-19,42.83000183105469,42.29999923706055,4,251.8685615435468,251.8685615435468,75077.16030774309,34.69212733271017,WIN,75077.16030774309,0.0
2019-12-20,44.150001525878906,42.83000183105469,4,255.24922479556818,255.24922479556818,75332.40953253866,34.70948932640009,WIN,75332.40953253866,0.0
2019-12-23,45.459999084472656,44.150001525878906,4,253.13415751753877,253.13415751753877,75585.54369005619,33.96177819877001,WIN,75585.54369005619,0.0
2019-12-24,46.540000915527344,45.459999084472656,4,263.7782078591309,263.7782078591309,75849.32189791532,34.189714950740495,WIN,75849.32189791532,0.0
2019-12-26,46.630001068115234,46.540000915527344,4,272.21551135950926,272.21551135950926,76121.53740927482,34.34396572581639,WIN,76121.53740927482,0.0
2019-12-27,46.18000030517578,46.630001068115234,4,263.1018305764228,83.10152540064155,76204.63893467546,33.66025083760524,LOSS,76204.63893467546,0.0
2019-12-30,45.52000045776367,46.18000030517578,4,264.67140788338764,0.6714689185438942,76205.310403594,33.95449111577584,LOSS,76205.310403594,0.0
2019-12-31,45.86000061035156,45.52000045776367,4,264.2893741141087,264.2893741141087,76469.5997777081,34.20155840924381,WIN,76469.5997777081,0.0
2020-01-02,49.099998474121094,45.86000061035156,4,261.9043134753081,261.9043134753081,76731.50409118341,33.887202124086926,WIN,76731.50409118341,0.0
2020-01-03,48.599998474121094,49.099998474121094,4,323.8687305899483,123.86873058994831,76855.37282177336,36.81456581467131,LOSS,76855.37282177336,0.0
2020-01-06,48.38999938964844,48.599998474121094,4,324.7898936994933,240.7902599104308,77096.16308168379,37.10167988826011,LOSS,77096.16308168379,0.0
2020-01-07,48.25,48.38999938964844,4,324.14423641032573,268.14448055095073,77364.30756223474,37.153467898165246,LOSS,77364.30756223474,0.0
2020-01-08,47.83000183105469,48.25,4,324.0056598658617,156.00639228773667,77520.31395452247,37.20824868866454,LOSS,77520.31395452247,0.0
2020-01-09,48.970001220703125,47.83000183105469,4,316.57550954773717,316.57550954773717,77836.8894640702,36.889505471779245,WIN,77836.8894640702,0.0
2020-01-10,48.16999816894531,48.970001220703125,4,325.9216774257642,5.920456722639187,77842.80992079285,37.011121193035294,LOSS,77842.80992079285,0.0
2020-01-13,48.75,48.16999816894531,4,327.498952817644,327.498952817644,78170.30887361048,37.484970332326405,WIN,78170.30887361048,0.0
2020-01-14,48.209999084472656,48.75,4,272.55299299378595,56.55262678284845,78226.86150039334,33.489934321740705,LOSS,78226.86150039334,0.0
2020-01-15,48.54999923706055,48.209999084472656,4,251.04586378379298,251.04586378379298,78477.90736417712,32.22165878077247,WIN,78477.90736417712,0.0
2020-01-16,49.77000045776367,48.54999923706055,4,246.17204672011792,246.17204672011792,78724.07941089725,31.769053182086083,WIN,78724.07941089725,0.0
2020-01-17,50.93000030517578,49.77000045776367,4,256.8807658376245,256.8807658376245,78980.96017673486,32.069585512133365,WIN,78980.96017673486,0.0
2020-01-21,51.04999923706055,50.93000030517578,4,260.26937525235456,260.26937525235456,79241.22955198721,31.900845196291385,WIN,79241.22955198721,0.0
2020-01-22,51.43000030517578,51.04999923706055,4,261.44876483088996,261.44876483088996,79502.6783168181,31.93752259219854,WIN,79502.6783168181,0.0
2020-01-23,51.709999084472656,51.43000030517578,4,255.6758824200346,255.6758824200346,79758.35419923814,31.44115295319972,WIN,79758.35419923814,0.0
2020-01-24,50.349998474121094,51.709999084472656,4,249.07140028242765,-294.92884385819735,79463.42535537994,30.929728183939467,LOSS,79758.35419923814,-0.36977799607231354
2020-01-27,49.2599983215332,50.349998474121094,4,252.87746006225248,-183.12260097290377,79280.30275440704,31.61000227840789,LOSS,79758.35419923814,-0.599374760964748
2020-01-28,50.529998779296875,49.2599983215332,4,256.6358038311387,256.6358038311387,79536.93855823818,32.22986544833932,WIN,79758.35419923814,-0.27760808660476466
2020-01-29,47.5099983215332,50.529998779296875,4,267.6062518953913,-940.3939312100774,78596.54462702811,32.51483299291613,LOSS,79758.35419923814,-1.4566619182083422
2020-01-30,48.779998779296875,47.5099983215332,4,297.6490993080453,297.6490993080453,78894.19372633616,35.719467547700646,WIN,79758.35419923814,-1.083473300794651
2020-01-31,47.0,48.779998779296875,4,311.974961091052,-400.024550627698,78494.16917570846,36.151296201863936,LOSS,79758.35419923814,-1.5850189440615978
2020-02-03,48.02000045776367,47.0,4,258.6886601319439,258.6886601319439,78752.8578358404,33.20281547078811,WIN,79758.35419923814,-1.260678424840587
2020-02-04,49.45000076293945,48.02000045776367,4,270.0528008433698,270.0528008433698,79022.91063668378,33.598827183384955,WIN,79758.35419923814,-0.9220896919678173
2020-02-05,49.84000015258789,49.45000076293945,4,288.9827703506118,288.9827703506118,79311.8934070344,34.32701040783462,WIN,79758.35419923814,-0.5597668064820777
2020-02-06,49.31999969482422,49.84000015258789,4,291.50095667788037,83.50077357241162,79395.3941806068,34.342873092543485,LOSS,79758.35419923814,-0.4550746091433263
2020-02-07,49.72999954223633,49.31999969482422,4,288.96448997091375,288.96448997091375,79684.35867057771,34.37672807487587,WIN,79758.35419923814,-0.09277464336285214
2020-02-10,52.2599983215332,49.72999954223633,4,285.45976137276244,285.45976137276244,79969.81843195048,33.98390169063653,WIN,79969.81843195048,0.0
2020-02-11,53.79999923706055,52.2599983215332,4,325.8455203308967,325.8455203308967,80295.66395228138,35.620604676348876,WIN,80295.66395228138,0.0
2020-02-12,53.88999938964844,53.79999923706055,4,342.62474953034337,342.62474953034337,80638.28870181172,36.06180049089651,WIN,80638.28870181172,0.0
2020-02-13,54.529998779296875,53.88999938964844,4,339.8128822275966,339.8128822275966,80978.10158403931,35.85406357517511,WIN,80978.10158403931,0.0
2020-02-14,55.310001373291016,54.529998779296875,4,344.2817950468597,344.2817950468597,81322.38337908617,35.880341807533895,WIN,81322.38337908617,0.0
2020-02-18,56.88999938964844,55.310001373291016,4,345.20747927438737,345.20747927438737,81667.59085836055,35.64122939347272,WIN,81667.59085836055,0.0
2020-02-19,58.900001525878906,56.88999938964844,4,357.99081318514794,357.99081318514794,82025.58167154569,35.81109758954457,WIN,82025.58167154569,0.0
2020-02-20,57.27000045776367,58.900001525878906,4,381.8307895001785,-270.1696377459152,81755.41203379977,36.43950097100296,LOSS,82025.58167154569,-0.32937241314271143
2020-02-21,53.279998779296875,57.27000045776367,4,386.7095703062163,-1209.2911010805024,80546.12093271928,37.33144195173908,LOSS,82025.58167154569,-1.8036577232095756
2020-02-24,49.119998931884766,53.279998779296875,4,419.50341040969386,-1244.4965285551498,79301.62440416413,41.03936100592572,LOSS,82025.58167154569,-3.320863091576814
2020-02-25,47.56999969482422,49.119998931884766,4,435.49064935647016,-184.5090454677486,79117.11535869638,44.32105001898053,LOSS,82025.58167154569,-3.5458039474753837
2020-02-26,47.4900016784668,47.56999969482422,4,425.88275409696894,393.8835475540002,79510.99890625037,44.60846810596185,LOSS,82025.58167154569,-3.06560796528629
2020-02-27,44.0099983215332,47.4900016784668,4,419.02514438251524,-972.9761983909223,78538.02270785945,44.18078242619208,LOSS,82025.58167154569,-4.251794248349794
2020-02-28,45.47999954223633,44.0099983215332,4,401.1319555691664,401.1319555691664,78939.15466342862,45.14358775940224,WIN,82025.58167154569,-3.762761501010772
2020-03-02,47.459999084472656,45.47999954223633,4,417.84861196843383,417.84861196843383,79357.00327539706,45.384881378333304,WIN,82025.58167154569,-3.2533489452527085
2020-03-03,46.75,47.459999084472656,4,441.4036280606969,157.40399427163442,79514.40726966869,45.758645442966724,LOSS,82025.58167154569,-3.061452720850515
2020-03-04,50.11000061035156,46.75,4,433.08137391650394,433.08137391650394,79947.4886435852,45.63704847158407,WIN,82025.58167154569,-2.5334694196766367
2020-03-05,48.11000061035156,50.11000061035156,4,497.7753745652241,-302.2246254347759,79645.26401815042,47.85247041085521,LOSS,82025.58167154569,-2.9019210896019607
2020-03-06,48.59000015258789,48.11000061035156,4,489.2179984997947,489.2179984997947,80134.48201665022,48.629940358198844,WIN,82025.58167154569,-2.3054998408520713
2020-03-09,43.27000045776367,48.59000015258789,4,494.14718218005305,-1633.8526957496344,78500.62932090058,48.633220595959315,LOSS,82025.58167154569,-4.297381717767078
2020-03-10,45.380001068115234,43.27000045776367,4,507.45333953562886,507.45333953562886,79008.08266043621,53.78539762470702,WIN,82025.58167154569,-3.6787291837715044
2020-03-11,45.70000076293945,45.380001068115234,4,530.818814913186,530.818814913186,79538.9014753494,53.68484305967434,WIN,82025.58167154569,-3.031591054305087
2020-03-12,39.0099983215332,45.70000076293945,4,527.9641265212849,-2148.036850041215,77390.86462530818,53.207378463315855,LOSS,82025.58167154569,-5.650331215932444
2020-03-13,43.900001525878906,39.0099983215332,4,536.0449121802709,536.0449121802709,77926.90953748845,60.44480870970703,WIN,82025.58167154569,-4.996821784781139
2020-03-16,38.709999084472656,43.900001525878906,4,685.7195751399923,-1390.2814014225078,76536.62813606593,66.6584112155383,LOSS,82025.58167154569,-6.691758136454458
2020-03-17,41.880001068115234,38.709999084472656,4,643.1715650969294,643.1715650969294,77179.79970116286,69.949368762619,WIN,82025.58167154569,-5.907647189613053
2020-03-18,39.119998931884766,41.880001068115234,4,723.5085598572115,-380.492294634976,76799.30740652789,72.13418314195195,LOSS,82025.58167154569,-6.371517468715212
2020-03-19,39.81999969482422,39.119998931884766,4,675.8747412735331,675.8747412735331,77475.18214780143,72.13818160991886,WIN,82025.58167154569,-5.547537037854096
2020-03-20,39.61000061035156,39.81999969482422,4,691.6897953825304,607.6901615934679,78082.8723093949,72.44723747515485,LOSS,82025.58167154569,-4.8066826004825565
2020-03-23,41.63999938964844,39.61000061035156,4,677.4492784908219,677.4492784908219,78760.32158788572,71.56280892225114,WIN,82025.58167154569,-3.980782601134151
2020-03-24,46.220001220703125,41.63999938964844,4,707.9585306817394,707.9585306817394,79468.28011856746,71.22845335572384,WIN,82025.58167154569,-3.11768780039672
2020-03-25,44.630001068115234,46.220001220703125,4,832.7916234216632,196.79156238650694,79665.07168095397,74.58890824640797,LOSS,82025.58167154569,-2.8777729367941394
2020-03-26,47.5,44.630001068115234,4,808.679600377713,808.679600377713,80473.75128133169,74.92508015138388,WIN,82025.58167154569,-1.8918858709566777
2020-03-27,46.58000183105469,47.5,4,852.3510256445787,484.3517580664537,80958.10303939813,74.34496956806296,LOSS,82025.58167154569,-1.3013972109604173
2020-03-30,47.86000061035156,46.58000183105469,4,835.0949401751147,835.0949401751147,81793.19797957325,74.2919022643394,WIN,82025.58167154569,-0.28330636276737875
2020-03-31,45.47999954223633,47.86000061035156,4,853.8733866081856,-98.12704063790818,81695.07093893534,74.00377672616304,LOSS,82025.58167154569,-0.4029361643954046
2020-04-01,43.65999984741211,45.47999954223633,4,820.6478456062198,92.64796767653229,81787.71890661187,74.67541049056663,LOSS,82025.58167154569,-0.28998607518114006
2020-04-02,44.4900016784668,43.65999984741211,4,773.4222215740591,773.4222215740591,82561.14112818593,73.58574392715401,WIN,82561.14112818593,0.0
2020-04-03,42.59000015258789,44.4900016784668,4,784.6695231786614,24.668912827098893,82585.81004101303,73.32884753259,LOSS,82585.81004101303,0.0
2020-04-06,47.52000045776367,42.59000015258789,4,756.4460967923607,756.4460967923607,83342.2561378054,73.73938263582254,WIN,83342.2561378054,0.0
2020-04-07,47.560001373291016,47.52000045776367,4,846.6133712066462,846.6133712066462,84188.86950901205,73.92067590639206,WIN,84188.86950901205,0.0
2020-04-08,48.790000915527344,47.560001373291016,4,840.0564635626164,840.0564635626164,85028.92597257467,73.41517098565633,WIN,85028.92597257467,0.0
2020-04-09,48.380001068115234,48.790000915527344,4,863.5202504519858,699.5203114871421,85728.4462840618,73.53299323358578,LOSS,85728.4462840618,0.0
2020-04-13,50.939998626708984,48.380001068115234,4,750.5696650383453,750.5696650383453,86479.01594910015,66.30789147060563,WIN,86479.01594910015,0.0
2020-04-14,54.93000030517578,50.939998626708984,4,731.7575306546468,731.7575306546468,87210.7734797548,62.50806091246646,WIN,87210.7734797548,0.0
2020-04-15,54.9900016784668,54.93000030517578,4,707.3253557917265,707.3253557917265,87918.09883554652,57.58617734020964,WIN,87918.09883554652,0.0
2020-04-16,56.95000076293945,54.9900016784668,4,681.960896579857,681.960896579857,88600.05973212638,56.01424988970938,WIN,88600.05973212638,0.0
2020-04-17,56.599998474121094,56.95000076293945,4,658.5496066463569,518.5486911190131,89118.60842324539,53.24316202466847,LOSS,89118.60842324539,0.0
2020-04-20,56.970001220703125,56.599998474121094,4,659.3174602201716,659.3174602201716,89777.92588346556,53.52451594108419,WIN,89777.92588346556,0.0
2020-04-21,52.91999816894531,56.970001220703125,4,660.3826266664659,-959.6185940366591,88818.3072894289,53.336145402611855,LOSS,89777.92588346556,-1.0688803339946498
2020-04-22,55.91999816894531,52.91999816894531,4,656.4166921199356,656.4166921199356,89474.72398154884,56.02218877248909,WIN,89777.92588346556,-0.33772433360766796
2020-04-23,55.900001525878906,55.91999816894531,4,639.52180401526,631.5231467886975,90106.24712833753,52.82223951250531,LOSS,90106.24712833753,0.0
2020-04-24,56.18000030517578,55.900001525878906,4,624.5648445545341,624.5648445545341,90730.81197289207,51.95087681616637,WIN,90730.81197289207,0.0
2020-04-27,56.4900016784668,56.18000030517578,4,605.7909266301917,605.7909266301917,91336.60289952226,50.66153723870668,WIN,91336.60289952226,0.0
2020-04-28,55.5099983215332,56.4900016784668,4,602.4112792066343,210.40993643319678,91547.01283595545,50.267976287930345,LOSS,91547.01283595545,0.0
2020-04-29,53.65999984741211,55.5099983215332,4,595.0826228305189,-144.91676681791864,91402.09606913754,50.45398750568081,LOSS,91547.01283595545,-0.15829764656285727
2020-04-30,52.38999938964844,53.65999984741211,4,562.59027055988,54.59008745441122,91456.68615659195,49.67373160078779,LOSS,91547.01283595545,-0.09866698711989144
2020-05-01,49.880001068115234,52.38999938964844,4,538.9130876849134,-465.08624092836783,90991.59991566358,49.019613115655794,LOSS,91547.01283595545,-0.6066969342703988
2020-05-04,52.560001373291016,49.880001068115234,4,535.0385693095019,535.0385693095019,91526.63848497308,50.474613219425564,WIN,91547.01283595545,-0.02225561528575274
2020-05-05,52.189998626708984,52.560001373291016,4,558.6608644236816,410.6597657908691,91937.29825076395,50.15215172826593,LOSS,91937.29825076395,0.0
2020-05-06,52.15999984741211,52.189998626708984,4,463.1976048952866,451.1980931765366,92388.4963439405,44.352023919351865,LOSS,92388.4963439405,0.0
2020-05-07,51.95000076293945,52.15999984741211,4,463.0619452195267,379.0623114304642,92767.55865537096,44.36030368703757,LOSS,92767.55865537096,0.0
2020-05-08,53.189998626708984,51.95000076293945,4,457.7957730955074,457.7957730955074,93225.35442846647,44.14373794704861,WIN,93225.35442846647,0.0
2020-05-11,55.7400016784668,53.189998626708984,4,470.57801318877404,470.57801318877404,93695.93244165524,44.259081300464274,WIN,93695.93244165524,0.0
2020-05-12,53.7599983215332,55.7400016784668,4,488.82987193244674,-303.17147084099076,93392.76097081426,44.00345881789856,LOSS,93695.93244165524,-0.3235695114403939
2020-05-13,52.18000030517578,53.7599983215332,4,429.1431325614956,-202.85607398147317,93189.90489683278,41.3998800469215,LOSS,93695.93244165524,-0.5400741863981785
2020-05-14,54.5099983215332,52.18000030517578,4,424.2144487808264,424.2144487808264,93614.11934561361,41.88688020961657,WIN,93695.93244165524,-0.08731766033981929
2020-05-15,54.20000076293945,54.5099983215332,4,450.7827567696653,326.7837333321653,93940.90307894578,42.349548396003016,LOSS,93940.90307894578,0.0
2020-05-18,54.59000015258789,54.20000076293945,4,448.17991453430636,448.17991453430636,94389.08299348009,42.34715359272553,WIN,94389.08299348009,0.0
2020-05-19,55.470001220703125,54.59000015258789,4,451.51614913031784,451.51614913031784,94840.5991426104,42.3538981541783,WIN,94840.5991426104,0.0
2020-05-20,56.38999938964844,55.470001220703125,4,405.927213220927,405.927213220927,95246.52635583133,39.201875629651596,WIN,95246.52635583133,0.0
2020-05-21,54.650001525878906,56.38999938964844,4,378.6093869520032,-317.3897585558093,94929.13659727552,37.20487437382177,LOSS,95246.52635583133,-0.3332297467417125
2020-05-22,55.16999816894531,54.650001525878906,4,378.5092220077525,378.5092220077525,95307.64581928327,37.905792369988035,WIN,95307.64581928327,0.0
2020-05-26,53.189998626708984,55.16999816894531,4,382.9678730072499,-409.03194388728133,94898.61387539598,37.957172959335246,LOSS,95307.64581928327,-0.4291701262487012
2020-05-27,52.7400016784668,53.189998626708984,4,382.1174837201353,202.11870442326028,95100.73257981925,38.75887995007368,LOSS,95307.64581928327,-0.2171003571490528
2020-05-28,51.7400016784668,52.7400016784668,4,376.79301893485115,-23.206981065148852,95077.5255987541,38.62771596796071,LOSS,95307.64581928327,-0.24144990525262086
2020-05-29,53.79999923706055,51.7400016784668,4,361.8816481702402,361.8816481702402,95439.40724692434,38.131252755039526,WIN,95439.40724692434,0.0
2020-06-01,53.630001068115234,53.79999923706055,4,387.8154962655552,319.8162286874302,95759.22347561177,38.83976236631956,LOSS,95759.22347561177,0.0
2020-06-02,53.540000915527344,53.630001068115234,4,356.7660291935132,320.76596815835694,96079.98944377013,37.00060998234888,LOSS,96079.98944377013,0.0
2020-06-03,52.72999954223633,53.540000915527344,4,322.96155691610846,-1.0389924002977864,96078.95045136983,34.9494758130095,LOSS,96079.98944377013,-0.001081382716953506
2020-06-04,52.630001068115234,52.72999954223633,4,320.65985339223147,280.66046374379397,96359.61091511363,35.11156445295255,LOSS,96359.61091511363,0.0
2020-06-05,53.099998474121094,52.630001068115234,4,320.12180446126035,320.12180446126035,96679.7327195749,35.11596681229351,WIN,96679.7327195749,0.0
2020-06-08,52.970001220703125,53.099998474121094,4,323.45211462489385,271.45321325770635,96951.1859328326,35.14533618001182,LOSS,96951.1859328326,0.0
2020-06-09,56.38999938964844,52.970001220703125,4,315.6684525644115,315.6684525644115,97266.854385397,34.708802222653034,WIN,97266.854385397,0.0
2020-06-10,57.439998626708984,56.38999938964844,4,361.6602223665451,361.6602223665451,97628.51460776354,36.210831216595345,WIN,97628.51460776354,0.0
2020-06-11,52.83000183105469,57.439998626708984,4,352.284261625903,-1491.7144566358156,96136.80015112773,35.28326447919599,LOSS,97628.51460776354,-1.527949557185207
2020-06-12,53.5,52.83000183105469,4,392.6813213403321,392.6813213403321,96529.48147246806,39.582081316436,WIN,97628.51460776354,-1.1257296494891926
2020-06-15,54.68000030517578,53.5,4,377.3379672874105,377.3379672874105,96906.81943975548,38.32575751554005,WIN,97628.51460776354,-0.73922579986757
2020-06-16,54.459999084472656,54.68000030517578,4,390.8489696467628,302.8484813655128,97209.66792112098,38.63956583988178,LOSS,97628.51460776354,-0.42902085351327424
2020-06-17,54.54999923706055,54.459999084472656,4,389.01742792201804,389.01742792201804,97598.68534904301,38.62383830458754,WIN,97628.51460776354,-0.03055383853823784
2020-06-18,54.040000915527344,54.54999923706055,4,386.65380475945256,182.6544761461713,97781.33982518918,38.441563363382876,LOSS,97781.33982518918,0.0
2020-06-19,54.22999954223633,54.040000915527344,4,380.2211559138113,380.2211559138113,98161.56098110299,38.26912020518708,WIN,98161.56098110299,0.0
2020-06-22,54.7599983215332,54.22999954223633,4,371.1220926767254,371.1220926767254,98532.68307377971,37.63269342506041,WIN,98532.68307377971,0.0
2020-06-23,53.9900016784668,54.7599983215332,4,374.80944297643754,66.81078574987504,98599.49385952958,37.63633595575624,LOSS,98599.49385952958,0.0
2020-06-24,52.38999938964844,53.9900016784668,4,355.9591828820673,-284.04173264527645,98315.45212688431,36.80448799586087,LOSS,98599.49385952958,-0.2880762583324569
2020-06-25,51.93000030517578,52.38999938964844,4,355.28121254514446,171.28157875608196,98486.73370564039,37.427604142940254,LOSS,98599.49385952958,-0.11436179789100633
2020-06-26,50.099998474121094,51.93000030517578,4,348.79536381519455,-383.20536860668045,98103.52833703371,37.21321456008458,LOSS,98599.49385952958,-0.5030102113936308
2020-06-29,50.279998779296875,50.099998474121094,4,330.33042328190334,330.33042328190334,98433.85876031562,36.80569304143948,WIN,98599.49385952958,-0.16798777836520784
2020-06-30,52.61000061035156,50.279998779296875,4,332.02277799172555,332.02277799172555,98765.88153830734,36.83894494585347,WIN,98765.88153830734,0.0
2020-07-01,52.58000183105469,52.61000061035156,4,374.19496385709135,362.19545213834135,99128.07699044568,38.52278095259774,LOSS,99128.07699044568,0.0
2020-07-02,52.34000015258789,52.58000183105469,4,371.4414286963647,275.44075730964596,99403.51774775532,38.36300905130168,LOSS,99403.51774775532,0.0
2020-07-06,53.400001525878906,52.34000015258789,4,369.95190542214254,369.95190542214254,99773.46965317747,38.376020633071235,WIN,99773.46965317747,0.0
2020-07-07,52.93000030517578,53.400001525878906,4,381.10052966492503,193.10004138367503,99966.56969456114,38.60246248119816,LOSS,99966.56969456114,0.0
2020-07-08,53.43000030517578,52.93000030517578,4,378.62690828012705,378.62690828012705,100345.19660284127,38.657487086971585,WIN,100345.19660284127,0.0
2020-07-09,57.2599983215332,53.43000030517578,4,331.4071730670412,331.4071730670412,100676.60377590831,35.51331081859914,WIN,100676.60377590831,0.0
2020-07-10,55.880001068115234,57.2599983215332,4,418.1705430377895,-133.828358329398,100542.77541757892,39.152447059947775,LOSS,100676.60377590831,-0.132928955993866
2020-07-13,53.59000015258789,55.880001068115234,4,330.55438071317604,-585.4459854977615,99957.32943208115,34.563454488037095,LOSS,100676.60377590831,-0.7144404130160755
2020-07-14,54.720001220703125,53.59000015258789,4,339.6356131092773,339.6356131092773,100296.96504519043,35.959865789081896,WIN,100676.60377590831,-0.3770873435131985
2020-07-15,55.34000015258789,54.720001220703125,4,346.25886485640643,346.25886485640643,100643.22391004684,35.927330620082415,WIN,100676.60377590831,-0.03315553426471111
2020-07-16,54.91999816894531,55.34000015258789,4,351.3638199350877,183.36302647805644,100826.5869365249,35.99795095524698,LOSS,100826.5869365249,0.0
2020-07-17,55.040000915527344,54.91999816894531,4,349.63304643557484,349.63304643557484,101176.21998296047,36.05430903677399,WIN,101176.21998296047,0.0
2020-07-20,57.459999084472656,55.040000915527344,4,349.0224883053132,349.0224883053132,101525.24247126578,35.97171808377232,WIN,101525.24247126578,0.0
2020-07-21,57.0,57.459999084472656,4,387.50975612811294,203.51012233905044,101728.75259360483,37.30365605773495,LOSS,101728.75259360483,0.0
2020-07-22,61.790000915527344,57.0,4,385.28953944423665,385.28953944423665,102114.04213304906,37.35483123079082,WIN,102114.04213304906,0.0
2020-07-23,59.56999969482422,61.790000915527344,4,492.8767309075116,-395.1237573737384,101718.91837567532,41.380264558793804,LOSS,102114.04213304906,-0.386943606501171
2020-07-24,69.4000015258789,59.56999969482422,4,480.8206401946287,480.8206401946287,102199.73901586994,41.69405417363937,WIN,102199.73901586994,0.0
2020-07-27,68.97000122070312,69.4000015258789,4,807.9828210733647,635.9826990030522,102835.721714873,53.50363042455005,LOSS,102835.721714873,0.0
2020-07-28,67.61000061035156,68.97000122070312,4,783.3852255814792,239.38498144085418,103075.10669631386,52.56420275059875,LOSS,103075.10669631386,0.0
2020-07-29,76.08999633789062,67.61000061035156,4,778.2132958431984,778.2132958431984,103853.31999215706,53.06683236906,WIN,103853.31999215706,0.0
2020-07-30,78.19999694824219,76.08999633789062,4,977.6167582885373,977.6167582885373,104830.9367504456,57.49130872070687,WIN,104830.9367504456,0.0
2020-07-31,77.43000030517578,78.19999694824219,4,1001.0507392698044,693.0520820432419,105523.98883248885,57.33586012187174,LOSS,105523.98883248885,0.0
2020-08-03,77.66999816894531,77.43000030517578,4,993.939546679371,993.939546679371,106517.92837916821,57.45313264208569,WIN,106517.92837916821,0.0
2020-08-04,85.04000091552734,77.66999816894531,4,999.8306717681775,999.8306717681775,107517.7590509364,57.57279794379656,WIN,107517.7590509364,0.0
2020-08-05,85.30999755859375,85.04000091552734,4,1135.9956354137212,1135.9956354137212,108653.75468635012,59.17864989125846,WIN,108653.75468635012,0.0
2020-08-06,86.70999908447266,85.30999755859375,4,1141.8959437726678,1141.8959437726678,109795.6506301228,59.267565009904494,WIN,109795.6506301228,0.0
2020-08-07,84.8499984741211,86.70999908447266,4,1138.3145483102564,394.31430416963144,110189.96493429242,58.416232850806665,LOSS,110189.96493429242,0.0
2020-08-10,82.23999786376953,84.8499984741211,4,1111.5506012521755,67.55035711155051,110257.51529140398,58.32478658609722,LOSS,110257.51529140398,0.0
2020-08-11,76.87999725341797,82.23999786376953,4,1065.908066586103,-1078.092177554522,109179.42311384945,57.864295627111446,LOSS,110257.51529140398,-0.9777947332707396
2020-08-12,82.61000061035156,76.87999725341797,4,1060.7968818598451,1060.7968818598451,110240.2199957093,60.632883084376296,WIN,110257.51529140398,-0.015686273764624968
2020-08-13,81.83999633789062,82.61000061035156,4,1165.632775339518,857.631066355143,111097.85106206444,61.664665609322505,LOSS,111097.85106206444,0.0
2020-08-14,81.30000305175781,81.83999633789062,4,1155.6870978544277,939.6897834013027,112037.54084546574,61.70180827148228,LOSS,112037.54084546574,0.0
2020-08-17,82.41999816894531,81.30000305175781,4,1151.6876275564312,1151.6876275564312,113189.22847302217,61.84930713662522,WIN,113189.22847302217,0.0
2020-08-18,81.66000366210938,82.41999816894531,4,1163.0913441945927,859.0935414602177,114048.32201448239,61.670263849116786,LOSS,114048.32201448239,0.0
2020-08-19,81.08999633789062,81.66000366210938,4,1152.9705378981703,924.9676082106703,114973.28962269306,61.69472776545999,LOSS,114973.28962269306,0.0
2020-08-20,82.7699966430664,81.08999633789062,4,1110.967701725116,1110.967701725116,116084.25732441817,60.30990852962008,WIN,116084.25732441817,0.0
2020-08-21,83.80999755859375,82.7699966430664,4,1108.6313086261546,1108.6313086261546,117192.88863304432,59.29688983397178,WIN,117192.88863304432,0.0
2020-08-24,83.08000183105469,83.80999755859375,4,880.6932802283326,588.6949892127076,117781.58362225702,49.752646890080975,LOSS,117781.58362225702,0.0
2020-08-25,86.3499984741211,83.08000183105469,4,874.0908572334515,874.0908572334515,118655.67447949047,49.79518206164948,WIN,118655.67447949047,0.0
2020-08-26,86.0199966430664,86.3499984741211,4,905.7219871100557,773.7212546881807,119429.39573417864,49.68898635207599,LOSS,119429.39573417864,0.0
2020-08-27,83.80000305175781,86.0199966430664,4,720.5601819202577,-167.43725460317978,119261.95847957546,42.703195774452055,LOSS,119429.39573417864,-0.14019769050482037
2020-08-28,85.55000305175781,83.80000305175781,4,709.1025633711331,709.1025633711331,119971.0610429466,42.984918979652164,WIN,119971.0610429466,0.0
2020-08-31,90.81999969482422,85.55000305175781,4,724.5777490756321,724.5777490756321,120695.63879202223,43.010702238450904,WIN,120695.63879202223,0.0
2020-09-01,92.18000030517578,90.81999969482422,4,815.9273959029873,815.9273959029873,121511.56618792521,44.711806109580834,WIN,121511.56618792521,0.0
2020-09-02,90.22000122070312,92.18000030517578,4,697.4577094430146,-86.54192434604795,121425.02426357917,40.02304788269987,LOSS,121511.56618792521,-0.0712211413785966
2020-09-03,82.54000091552734,90.22000122070312,4,693.9650676527468,-2378.035054417566,119046.9892091616,40.43863559538995,LOSS,121511.56618792521,-2.0282653380929903
2020-09-04,82.01000213623047,82.54000091552734,4,741.836370775568,529.836859056818,119576.82606821842,44.723687436463806,LOSS,121511.56618792521,-1.5922271273457207
2020-09-08,78.69000244140625,82.01000213623047,4,731.8489351696452,-596.1509427600423,118980.67512545838,44.51302020011314,LOSS,121511.56618792521,-2.0828396356546457
2020-09-09,81.91000366210938,78.69000244140625,4,711.0905022850424,711.0905022850424,119691.76562774343,44.88576328529034,WIN,121511.56618792521,-1.4976356714613905
2020-09-10,78.9800033569336,81.91000366210938,4,700.4828991994178,-471.51722287089467,119220.24840487253,43.28261912580804,LOSS,121511.56618792521,-1.885678750538873
2020-09-11,76.33999633789062,78.9800033569336,4,616.1252876953266,-439.8775199218609,118780.37088495067,40.79947800731595,LOSS,121511.56618792521,-2.247683400566647
2020-09-14,77.9000015258789,76.33999633789062,4,608.9906008835579,608.9906008835579,119389.36148583422,41.3825936272996,WIN,121511.56618792521,-1.7465042782913967
2020-09-15,78.93000030517578,77.9000015258789,4,628.7422432511905,628.7422432511905,120018.10372908541,41.69280458632123,WIN,121511.56618792521,-1.2290702076295086
2020-09-16,76.66000366210938,78.93000030517578,4,636.8074066314141,-271.1912505951484,119746.91247849027,41.68240885082423,LOSS,121511.56618792521,-1.4522516372686702
2020-09-17,76.55000305175781,76.66000366210938,4,627.9238820940135,583.9236379533885,120330.83611644365,42.08926354904655,LOSS,121511.56618792521,-0.97170179639977
2020-09-18,74.93000030517578,76.55000305175781,4,626.7475940180587,-21.25350461475375,120309.5826118289,42.07737103972884,LOSS,121511.56618792521,-0.9891927277419628
2020-09-21,77.94000244140625,74.93000030517578,4,609.8224139147407,609.8224139147407,120919.40502574363,41.9157621206504,WIN,121511.56618792521,-0.48732905085411266
2020-09-22,77.69999694824219,77.94000244140625,4,657.9929866047181,561.9907893390931,121481.39581508272,42.9202872794606,LOSS,121511.56618792521,-0.024829218969847317
2020-09-23,74.7300033569336,77.69999694824219,4,655.4945823099144,-532.502854213523,120948.8929608692,42.90018852409728,LOSS,121511.56618792521,-0.4630614555537929
2020-09-24,75.81999969482422,74.7300033569336,4,619.3896930009329,619.3896930009329,121568.28265387013,42.41119728862333,WIN,121568.28265387013,0.0
2020-09-25,78.05999755859375,75.81999969482422,4,634.2928527864294,634.2928527864294,122202.57550665656,42.66719126901346,WIN,122202.57550665656,0.0
2020-09-28,79.4800033569336,78.05999755859375,4,662.6568282170723,662.6568282170723,122865.23233487364,43.07496199838477,WIN,122865.23233487364,0.0
2020-09-29,81.7699966430664,79.4800033569336,4,672.9866166988119,672.9866166988119,123538.21895157245,43.003194958730376,WIN,123538.21895157245,0.0
2020-09-30,81.98999786376953,81.7699966430664,4,643.5181343243328,643.5181343243328,124181.73708589678,41.02710372813149,WIN,124181.73708589678,0.0
2020-10-01,84.86000061035156,81.98999786376953,4,639.8517021202321,639.8517021202321,124821.588788017,40.80937498291457,WIN,124821.588788017,0.0
2020-10-02,81.80000305175781,84.86000061035156,4,681.9748778541059,-542.0241455833941,124279.56464243362,41.57812741895495,LOSS,124821.588788017,-0.4342391014617691
2020-10-05,86.1500015258789,81.80000305175781,4,560.4490633047786,560.4490633047786,124840.0137057384,37.65905850708394,WIN,124840.0137057384,0.0
2020-10-06,84.4800033569336,86.1500015258789,4,638.1771700143556,-29.822097563769375,124810.19160817463,39.49881100335456,LOSS,124840.0137057384,-0.02388825239482978
2020-10-07,86.69000244140625,84.4800033569336,4,600.965825554909,600.965825554909,125411.15743372955,38.52636804104152,WIN,125411.15743372955,0.0
2020-10-08,86.51000213623047,86.69000244140625,4,600.1410004609833,528.1408783906708,125939.29831212021,37.89514064592499,LOSS,125939.29831212021,0.0
2020-10-09,83.0999984741211,86.51000213623047,4,568.77795956975,-795.223505274,125144.07480684621,36.74380122350729,LOSS,125939.29831212021,-0.6314339653562042
2020-10-12,84.29000091552734,83.0999984741211,4,555.7338477442993,555.7338477442993,125699.80865459051,37.11693115629748,WIN,125939.29831212021,-0.19016276947658237
2020-10-13,85.27999877929688,84.29000091552734,4,560.6673525391295,560.6673525391295,126260.47600712963,36.99825553060136,WIN,126260.47600712963,0.0
2020-10-14,84.20999908447266,85.27999877929688,4,566.7811852091596,138.78130727947212,126399.2573144091,36.97997897101753,LOSS,126399.2573144091,0.0
2020-10-15,83.12999725341797,84.20999908447266,4,543.6865698226927,111.68583740081772,126510.94315180992,36.352266217721564,LOSS,126510.94315180992,0.0
2020-10-16,83.16999816894531,83.12999725341797,4,541.9769632349085,541.9769632349085,127052.92011504482,36.561655064691564,WIN,127052.92011504482,0.0
2020-10-19,82.0,83.16999816894531,4,529.2219304791884,61.22266290106336,127114.14277794589,36.04409112714548,LOSS,127114.14277794589,0.0
2020-10-20,81.55999755859375,82.0,4,502.6877704282609,326.6867938657609,127440.82957181166,35.274189446138834,LOSS,127440.82957181166,0.0
2020-10-21,79.19999694824219,81.55999755859375,4,500.63711818570766,-443.36312595491734,126997.46644585674,35.3004130618054,LOSS,127440.82957181166,-0.3478972378354489
2020-10-22,79.41999816894531,79.19999694824219,4,472.68568463167514,472.68568463167514,127470.15213048842,34.73814422387227,WIN,127470.15213048842,0.0
2020-10-23,81.95999908447266,79.41999816894531,4,471.23959219436574,471.23959219436574,127941.39172268279,34.62324977365243,WIN,127941.39172268279,0.0
2020-10-26,82.2300033569336,81.95999908447266,4,489.1704341392202,489.1704341392202,128430.56215682201,34.73864281226956,WIN,128430.56215682201,0.0
2020-10-27,78.87999725341797,82.2300033569336,4,485.5385592610863,-854.4638821451638,127576.09827467684,34.527760964591906,LOSS,128430.56215682201,-0.6653119536312633
2020-10-28,76.4000015258789,78.87999725341797,4,482.94202102826694,-509.05626998735806,127067.04200468949,35.24823354770645,LOSS,128430.56215682201,-1.061678878636049
2020-10-29,78.0199966430664,76.4000015258789,4,483.04406497355325,483.04406497355325,127550.08606966304,35.909922164282406,WIN,128430.56215682201,-0.6855658593815463
2020-10-30,75.29000091552734,78.0199966430664,4,476.6697587084388,-615.3285323071862,126934.75753735585,35.205551353990145,LOSS,128430.56215682201,-1.1646796481663642
2020-11-02,74.69999694824219,75.29000091552734,4,458.7249622531333,222.7233753390708,127157.48091269493,35.149956095447834,LOSS,128430.56215682201,-0.9912603532581041
2020-11-03,76.58000183105469,74.69999694824219,4,386.3720174442113,386.3720174442113,127543.85293013914,32.10582853872104,WIN,128430.56215682201,-0.6904191742150442
2020-11-04,81.3499984741211,76.58000183105469,4,413.05184509200694,413.05184509200694,127956.90477523115,32.83808492034177,WIN,128430.56215682201,-0.36880425783116716
2020-11-05,83.0,81.3499984741211,4,511.9327616765159,511.9327616765159,128468.83753690767,35.81202828500102,WIN,128468.83753690767,0.0
2020-11-06,85.87999725341797,83.0,4,532.4045729554705,532.4045729554705,129001.24210986313,36.21400748364036,WIN,129001.24210986313,0.0
2020-11-09,83.12000274658203,85.87999725341797,4,543.3634045129868,-560.6343982213882,128440.60771164174,35.92461117040759,LOSS,129001.24210986313,-0.4345961240775702
2020-11-10,77.98999786376953,83.12000274658203,4,543.5917874330156,-1508.4101656919843,126932.19754594976,36.628498507598785,LOSS,129001.24210986313,-1.60389507114302
2020-11-11,81.27999877929688,77.98999786376953,4,567.3783346322139,567.3783346322139,127499.57588058198,39.059847638170396,WIN,129001.24210986313,-1.164071139719932
2020-11-12,81.83999633789062,81.27999877929688,4,622.8610350565341,622.8610350565341,128122.43691563851,40.343495091987265,WIN,129001.24210986313,-0.6812377771341106
2020-11-13,81.43000030517578,81.83999633789062,4,625.7620781735146,461.7636650875771,128584.20058072609,40.287312329331655,LOSS,129001.24210986313,-0.3232848942507652
2020-11-16,83.7300033569336,81.43000030517578,4,622.9511478712956,622.9511478712956,129207.15172859738,40.30046988261082,WIN,129207.15172859738,0.0
2020-11-17,83.36000061035156,83.7300033569336,4,649.7528591964301,501.7517605636176,129708.903489161,40.66410501261143,LOSS,129708.903489161,0.0
2020-11-18,82.54000091552734,83.36000061035156,4,646.6824292882703,318.6825513585828,130027.58604051959,40.656203104073185,LOSS,130027.58604051959,0.0
2020-11-19,85.54000091552734,82.54000091552734,4,626.9658501894056,626.9658501894056,130654.55189070899,40.12108828646885,WIN,130654.55189070899,0.0
2020-11-20,84.63999938964844,85.54000091552734,4,668.0368593235099,308.03624897194743,130962.58813968093,40.82796611932547,LOSS,130962.58813968093,0.0
2020-11-23,85.30999755859375,84.63999938964844,4,650.3507376489157,650.3507376489157,131612.93887732984,40.41154195998378,WIN,131612.93887732984,0.0
2020-11-24,85.06999969482422,85.30999755859375,4,656.0262491606578,560.0271036528453,132172.9659809827,40.43198860745295,LOSS,132172.9659809827,0.0
2020-11-25,86.70999908447266,85.06999969482422,4,621.4984317308575,621.4984317308575,132794.46441271357,39.161430240908814,WIN,132794.46441271357,0.0
2020-11-27,87.19000244140625,86.70999908447266,4,611.9943451105556,611.9943451105556,133406.45875782412,38.34195678175136,WIN,133406.45875782412,0.0
2020-11-30,92.66000366210938,87.19000244140625,4,611.2604012121136,611.2604012121136,134017.71915903623,38.185614213562545,WIN,134017.71915903623,0.0
2020-12-01,92.62999725341797,92.66000366210938,4,670.6185230309793,658.6159595544168,134676.33511859065,38.935486812134634,LOSS,134676.33511859065,0.0
2020-12-02,93.73999786376953,92.62999725341797,4,665.975960658406,665.975960658406,135342.31107924905,38.77748601013347,WIN,135342.31107924905,0.0
2020-12-03,92.30999755859375,93.73999786376953,4,669.9498980606038,97.9497759902913,135440.26085523935,38.636132674621464,LOSS,135440.26085523935,0.0
2020-12-04,94.04000091552734,92.30999755859375,4,612.9042834632569,612.9042834632569,136053.1651387026,36.95851416988596,WIN,136053.1651387026,0.0
2020-12-07,94.06999969482422,94.04000091552734,4,623.5399302835174,623.5399302835174,136676.70506898614,36.9285885259964,WIN,136676.70506898614,0.0
2020-12-08,92.91999816894531,94.06999969482422,4,606.1271384297237,146.1265280781612,136822.8315970643,36.30941953299092,LOSS,136822.8315970643,0.0
2020-12-09,89.83000183105469,92.91999816894531,4,574.1997821250917,-661.7987530311583,136161.03284403315,35.436798540507695,LOSS,136822.8315970643,-0.483690291529788
2020-12-10,91.66000366210938,89.83000183105469,4,482.49379624678346,482.49379624678346,136643.52664027995,32.76353345179308,WIN,136822.8315970643,-0.13104900307311185
2020-12-11,91.6500015258789,91.66000366210938,4,463.8545762493523,459.8537217571648,137103.3803620371,31.73635997467174,LOSS,137103.3803620371,0.0
2020-12-14,94.77999877929688,91.6500015258789,4,464.82877800969817,464.82877800969817,137568.2091400468,31.77334053961322,WIN,137568.2091400468,0.0
2020-12-15,97.12000274658203,94.77999877929688,4,497.50784763815955,497.50784763815955,138065.71698768495,32.35970216694473,WIN,138065.71698768495,0.0
2020-12-16,96.8499984741211,97.12000274658203,4,506.0441634718946,398.0424544875196,138463.75944217248,32.232122259817736,LOSS,138463.75944217248,0.0
2020-12-17,96.83999633789062,96.8499984741211,4,503.59210665870285,499.59125216651535,138963.350694339,32.19643130389494,LOSS,138963.350694339,0.0
2020-12-18,95.91999816894531,96.83999633789062,4,496.3661989124369,128.36693133431191,139091.7176256733,31.951434985583624,LOSS,139091.7176256733,0.0
2020-12-21,93.2300033569336,95.91999816894531,4,474.88795966886073,-601.1099651358268,138490.60766053747,31.373481363209816,LOSS,139091.7176256733,-0.4321680509788214
2020-12-22,93.16000366210938,93.2300033569336,4,485.732495738602,457.7326178089145,138948.34027834638,32.23060363018192,LOSS,139091.7176256733,-0.10308115376990676
2020-12-23,91.55000305175781,93.16000366210938,4,485.96243212716075,-158.03781201346425,138790.3024663329,32.25171333440377,LOSS,139091.7176256733,-0.21670244963943147
2020-12-24,91.80999755859375,91.55000305175781,4,488.46212788109574,488.46212788109574,139278.764594214,32.64540240534152,WIN,139278.764594214,0.0
2020-12-28,91.5999984741211,91.80999755859375,4,483.3220297779236,399.3223959888611,139678.08699020286,32.41027567742873,LOSS,139678.08699020286,0.0
2020-12-29,90.62000274658203,91.5999984741211,4,482.7391652508025,90.7408742351775,139768.82786443803,32.42914575109647,LOSS,139768.82786443803,0.0
2020-12-30,92.29000091552734,90.62000274658203,4,368.89912376019424,368.89912376019424,140137.72698819824,28.46302293584853,WIN,140137.72698819824,0.0
2020-12-31,91.70999908447266,92.29000091552734,4,387.82234353038893,155.82161110851393,140293.54859930676,28.897516844685548,LOSS,140293.54859930676,0.0
2021-01-04,92.30000305175781,91.70999908447266,4,381.3216341936186,381.3216341936186,140674.87023350038,28.750984402962878,WIN,140674.87023350038,0.0
2021-01-05,92.7699966430664,92.30000305175781,4,377.88951128477794,377.88951128477794,141052.75974478514,28.54010884158115,WIN,141052.75974478514,0.0
2021-01-06,90.33000183105469,92.7699966430664,4,368.2696970752488,-607.7282277294387,140445.0315170557,28.128571589948173,LOSS,141052.75974478514,-0.4308517102600764
2021-01-07,95.16000366210938,90.33000183105469,4,379.593277076281,379.593277076281,140824.624794132,28.897782992054054,WIN,141052.75974478514,-0.1617373180545583
2021-01-08,94.58000183105469,95.16000366210938,4,484.9311965698501,252.9304641479751,141077.55525827996,31.853290507118626,LOSS,141077.55525827996,0.0
2021-01-11,97.25,94.58000183105469,4,447.4933077725846,447.4933077725846,141525.04856605254,30.647546822937393,WIN,141525.04856605254,0.0
2021-01-12,95.36000061035156,97.25,4,470.46058754149726,-285.53916831787774,141239.50939773466,30.998993782675242,LOSS,141525.04856605254,-0.2017587495718984
2021-01-13,91.77999877929688,95.36000061035156,4,475.47085768034015,-956.5298747415349,140282.97952299312,31.489849478673985,LOSS,141525.04856605254,-0.8776319497108158
2021-01-14,90.79000091552734,91.77999877929688,4,465.91301784385104,69.91387233603854,140352.89339532916,31.78865213278488,LOSS,141525.04856605254,-0.8282315975862891
2021-01-15,88.20999908447266,90.79000091552734,4,442.77028012069087,-589.2304523011842,139763.66294302797,31.12870411549645,LOSS,141525.04856605254,-1.2445751765296158
2021-01-19,89.44999694824219,88.20999908447266,4,446.45172060880196,446.45172060880196,140210.11466363678,31.738468390593475,WIN,141525.04856605254,-0.92911743591599
2021-01-20,88.75,89.44999694824219,4,461.05353602746266,181.05475673058766,140391.16942036737,32.04629735931472,LOSS,141525.04856605254,-0.8011861908360144
2021-01-21,91.52999877929688,88.75,4,457.0116530881795,457.0116530881795,140848.18107345555,32.03012930042038,WIN,141525.04856605254,-0.478266921265948
2021-01-22,92.79000091552734,91.52999877929688,4,483.3793876226702,483.3793876226702,141331.56046107822,32.46560780072839,WIN,141525.04856605254,-0.13671650844480893
2021-01-25,94.12999725341797,92.79000091552734,4,495.291416102953,495.291416102953,141826.85187718118,32.65300545026374,WIN,141826.85187718118,0.0
2021-01-26,94.70999908447266,94.12999725341797,4,498.6171092147364,498.6171092147364,142325.46898639592,32.51855026183248,WIN,142325.46898639592,0.0
2021-01-27,88.83999633789062,94.70999908447266,4,502.192844852986,-1845.8082537798264,140479.6607326161,32.536128583582624,LOSS,142325.46898639592,-1.2968924444269796
2021-01-28,87.5199966430664,88.83999633789062,4,560.8314225143806,32.83154458469312,140512.49227720077,35.87770897918737,LOSS,142325.46898639592,-1.2738245108951252
2021-01-29,85.63999938964844,87.5199966430664,4,554.5011995544673,-197.49770181272015,140314.99457538806,35.95338682557448,LOSS,142325.46898639592,-1.4125893456216403
2021-02-01,87.66000366210938,85.63999938964844,4,541.1529657684363,541.1529657684363,140856.1475411565,35.89788911245299,WIN,142325.46898639592,-1.0323671902882405
2021-02-02,88.86000061035156,87.66000366210938,4,567.9430858259533,567.9430858259533,141424.09062698245,36.42704912673293,WIN,142325.46898639592,-0.6333218965184865
2021-02-03,87.88999938964844,88.86000061035156,4,579.2631022948916,191.2626140136416,141615.35324099608,36.5589987314483,LOSS,142325.46898639592,-0.4989379275944783
2021-02-04,87.83999633789062,87.88999938964844,4,573.5720450032055,553.5708243000805,142168.92406529616,36.58278815274349,LOSS,142325.46898639592,-0.10999079940830865
2021-02-05,87.9000015258789,87.83999633789062,4,560.7904366375175,560.7904366375175,142729.7145019337,36.113844700921604,WIN,142729.7145019337,0.0
2021-02-08,91.47000122070312,87.9000015258789,4,492.01149888861295,492.01149888861295,143221.7260008223,33.511661627505106,WIN,143221.7260008223,0.0
2021-02-09,90.91000366210938,91.47000122070312,4,555.9056678350095,331.90664439750947,143553.6326452198,35.09932395695948,LOSS,143553.6326452198,0.0
2021-02-10,92.3499984741211,90.91000366210938,4,531.4194744684492,531.4194744684492,144085.05211968825,34.33235775303031,WIN,144085.05211968825,0.0
2021-02-11,92.66000366210938,92.3499984741211,4,540.514332234227,540.514332234227,144625.56645192247,34.35661243620174,WIN,144625.56645192247,0.0
2021-02-12,93.7699966430664,92.66000366210938,4,508.28648575444413,508.28648575444413,145133.85293767691,33.14158729403265,WIN,145133.85293767691,0.0
2021-02-16,91.45999908447266,93.7699966430664,4,513.547448035971,-410.451575401529,144723.40136227538,33.11238779162727,LOSS,145133.85293767691,-0.2828089843227585
2021-02-17,89.94000244140625,91.45999908447266,4,495.4110680748179,-112.58758915174462,144610.81377312363,32.914040236107226,LOSS,145133.85293767691,-0.3603839862074649
2021-02-18,88.63999938964844,89.94000244140625,4,491.129840909061,-28.871379794064012,144581.94239332958,33.05936437091249,LOSS,145133.85293767691,-0.38027691897929455
2021-02-19,89.58000183105469,88.63999938964844,4,487.7664956429574,487.7664956429574,145069.70888897253,33.19873722679994,WIN,145133.85293767691,-0.04419647615359044
2021-02-22,85.37000274658203,89.58000183105469,4,470.6645874114238,-1213.3350463776387,143856.37384259488,32.37638735992628,LOSS,145133.85293767691,-0.8802075251392961
2021-02-23,84.73999786376953,85.37000274658203,4,489.34313045876416,237.34117733376416,144093.71501992864,33.956896265057836,LOSS,145133.85293767691,-0.7166749153933976
2021-02-24,86.94000244140625,84.73999786376953,4,477.8840667524995,477.8840667524995,144571.59908668115,33.650614055064196,WIN,145133.85293767691,-0.38740365505021673
2021-02-25,82.41999816894531,86.94000244140625,4,508.94467329646164,-1299.0570356879134,143272.54205099324,34.36020529705188,LOSS,145133.85293767691,-1.2824787938916984
2021-02-26,84.51000213623047,82.41999816894531,4,459.2211562949368,459.2211562949368,143731.76320728817,33.42673203300488,WIN,145133.85293767691,-0.9660666357357918
2021-03-01,86.38999938964844,84.51000213623047,4,484.94942285925697,484.94942285925697,144216.71263014743,33.97786562088835,WIN,145133.85293767691,-0.6319272099275948
2021-03-02,84.12999725341797,86.38999938964844,4,497.2595060280825,-406.741348464105,143809.97128168333,34.03612975037787,LOSS,145133.85293767691,-0.9121797769415513
2021-03-03,80.86000061035156,84.12999725341797,4,485.9120698504409,-822.0865873761215,142987.8846943072,34.10142841197885,LOSS,145133.85293767691,-1.4786131560162148
2021-03-04,77.75,80.86000061035156,4,487.7568495637887,-756.2433945768363,142231.64129973037,34.949346315750006,LOSS,145133.85293767691,-1.9996793161639592
2021-03-05,78.5199966430664,77.75,4,489.6357080333969,489.6357080333969,142721.27700776377,35.827239814684866,WIN,145133.85293767691,-1.6623109502571736
2021-03-08,73.95999908447266,78.5199966430664,4,498.5006098392451,-1325.498413598255,141395.77859416552,35.99638147025355,LOSS,145133.85293767691,-2.5756047041048338
2021-03-09,78.52999877929688,73.95999908447266,4,513.1189249449853,513.1189249449853,141908.8975191105,37.944582970699756,WIN,145133.85293767691,-2.2220559526875308
2021-03-10,77.5199966430664,78.52999877929688,4,586.0416257716685,182.04077127948096,142090.93829038998,39.68038367225508,LOSS,145133.85293767691,-2.0966263801965033
2021-03-11,81.2300033569336,77.5199966430664,4,578.9683286949762,578.9683286949762,142669.90661908497,39.70017868039048,WIN,145133.85293767691,-1.6977061303884817
2021-03-12,81.05000305175781,81.2300033569336,4,646.0667437849296,574.0666217146171,143243.9732407996,41.30388809189776,LOSS,145133.85293767691,-1.3021632504229543
2021-03-15,82.5,81.05000305175781,4,643.5009652727754,643.5009652727754,143887.47420607237,41.257610401546586,WIN,145133.85293767691,-0.8587787799857878
2021-03-16,82.75,82.5,4,658.9003907877309,658.9003907877309,144546.37459686009,41.413432921024395,WIN,145133.85293767691,-0.4047838108929027
2021-03-17,82.62999725341797,82.75,4,655.97898389448,607.9778852616676,145154.35248212176,41.21687698896736,LOSS,145154.35248212176,0.0
2021-03-18,78.12000274658203,82.62999725341797,4,652.654497708399,-1151.343305025976,144003.00917709578,41.12189202439994,LOSS,145154.35248212176,-0.7931855196472906
2021-03-19,79.05999755859375,78.12000274658203,4,651.9014290262929,651.9014290262929,144654.91060612208,42.59807027475204,WIN,145154.35248212176,-0.34407640381378973
2021-03-22,80.30000305175781,79.05999755859375,4,660.4425461486078,660.4425461486078,145315.3531522707,42.62722594097744,WIN,145315.3531522707,0.0
2021-03-23,78.37999725341797,80.30000305175781,4,649.3140814367607,-118.68823789917678,145196.6649143715,41.742271434702076,LOSS,145315.3531522707,-0.08167632347479326
2021-03-24,76.4800033569336,78.37999725341797,4,639.9365884347068,-120.06097015904322,145076.60394421246,42.0016765625667,LOSS,145315.3531522707,-0.1642973043653921
2021-03-25,76.22000122070312,76.4800033569336,4,616.5959748300488,512.5951203378613,145589.1990645503,41.66317235222529,LOSS,145589.1990645503,0.0
2021-03-26,77.41000366210938,76.22000122070312,4,581.5019107446369,581.5019107446369,146170.70097529495,40.2313929759111,WIN,146170.70097529495,0.0
2021-03-29,77.13999938964844,77.41000366210938,4,583.296430066707,475.294721082332,146645.99569637727,39.920185079123016,LOSS,146645.99569637727,0.0
2021-03-30,76.0,77.13999938964844,4,570.0271967367852,114.02744087741019,146760.02313725467,39.43852435574436,LOSS,146760.02313725467,0.0
2021-03-31,78.5,76.0,4,556.0542280385548,556.0542280385548,147316.07736529323,39.19705925750025,WIN,147316.07736529323,0.0
2021-04-01,81.08999633789062,78.5,4,573.9846073009554,573.9846073009554,147890.06197259418,39.181855530213326,WIN,147890.06197259418,0.0
2021-04-05,81.43000030517578,81.08999633789062,4,584.497106250907,584.497106250907,148474.55907884508,38.83823614217812,WIN,148474.55907884508,0.0
2021-04-06,81.44000244140625,81.43000030517578,4,586.0364636387567,586.0364636387567,149060.59554248385,38.80122092891213,WIN,149060.59554248385,0.0
2021-04-07,82.19999694824219,81.44000244140625,4,516.7609617736845,516.7609617736845,149577.35650425754,35.98509563993752,WIN,149577.35650425754,0.0
2021-04-08,83.3499984741211,82.19999694824219,4,451.5457867191189,451.5457867191189,150028.90229097666,33.16724302876249,WIN,150028.90229097666,0.0
2021-04-09,82.76000213623047,83.3499984741211,4,454.58708203548053,218.58854687923053,150247.4908378559,33.037258402917466,LOSS,150247.4908378559,0.0
2021-04-12,78.58000183105469,82.76000213623047,4,403.6471383054966,-1268.352983764816,148979.1378540911,31.130224713220997,LOSS,150247.4908378559,-0.8441758173077183
2021-04-13,80.19000244140625,78.58000183105469,4,440.9229454486376,440.9229454486376,149420.06079953973,33.55708249261847,WIN,150247.4908378559,-0.5507113853961936
2021-04-14,78.55000305175781,80.19000244140625,4,452.24852035066243,-203.75123550871257,149216.30956403102,33.65159432622352,LOSS,150247.4908378559,-0.686321793511823
2021-04-15,83.01000213623047,78.55000305175781,4,449.85756032028394,449.85756032028394,149666.1671243513,33.94034347181153,WIN,150247.4908378559,-0.38691076320997986
2021-04-16,82.1500015258789,83.01000213623047,4,543.5312237931768,199.53097965255176,149865.69810400385,36.654746580949805,LOSS,150247.4908378559,-0.2541092245354541
2021-04-19,81.11000061035156,82.1500015258789,4,476.9974092075181,60.9970429965806,149926.69514700043,34.20292905271042,LOSS,150247.4908378559,-0.21351151294877416
2021-04-20,79.2699966430664,81.11000061035156,4,473.55706692191245,-262.44451999215005,149664.25062700827,34.30887407909614,LOSS,150247.4908378559,-0.3881863235087628
2021-04-21,81.61000061035156,79.2699966430664,4,469.2479914727313,469.2479914727313,150133.498618481,34.57729187001924,WIN,150247.4908378559,-0.0758696326569018
2021-04-22,79.05999755859375,81.61000061035156,4,487.16134471160746,-532.8398759915176,149600.6587424895,34.74187839773213,LOSS,150247.4908378559,-0.4305110799250925
2021-04-23,82.76000213623047,79.05999755859375,4,480.2709475350276,480.2709475350276,150080.92969002452,35.090398563529156,WIN,150247.4908378559,-0.11085785652895183
2021-04-26,85.41000366210938,82.76000213623047,4,539.7068172458307,539.7068172458307,150620.63650727036,36.567332987862784,WIN,150620.63650727036,0.0
2021-04-27,85.20999908447266,85.41000366210938,4,569.1886550753194,489.1868240206319,151109.823331291,37.03974308978833,LOSS,151109.823331291,0.0
2021-04-28,84.0199966430664,85.20999908447266,4,567.4896582542439,91.48868169174386,151201.31201298276,37.025532852272974,LOSS,151201.31201298276,0.0
2021-04-29,83.91000366210938,84.0199966430664,4,558.9502860650607,514.9530936822482,151716.265106665,37.00136145058096,LOSS,151716.265106665,0.0
2021-04-30,81.62000274658203,83.91000366210938,4,543.2976321511886,-372.7027340597489,151343.56237260526,36.413275530748564,LOSS,151716.265106665,-0.2456577307632182
2021-05-03,78.55000305175781,81.62000274658203,4,526.9092380930816,-701.0906398366059,150642.47173276867,36.35001777421519,LOSS,151716.265106665,-0.7077641762018042
2021-05-04,78.61000061035156,78.55000305175781,4,531.6808041411891,531.6808041411891,151174.15253690985,37.38534579841986,WIN,151716.265106665,-0.35732000743230236
2021-05-05,77.83000183105469,78.61000061035156,4,532.1286614177816,220.1291496990316,151394.28168660888,37.387102351322014,LOSS,151716.265106665,-0.2122273573171235
2021-05-06,77.88999938964844,77.83000183105469,4,525.7892704925536,525.7892704925536,151920.07095710144,37.342085619647044,WIN,151920.07095710144,0.0
2021-05-07,78.80999755859375,77.88999938964844,4,521.5234145104073,521.5234145104073,152441.59437161186,37.14374869213265,WIN,152441.59437161186,0.0
2021-05-10,75.98999786376953,78.80999755859375,4,530.9818047261607,-597.0180732035268,151844.57629840833,37.28216358212049,LOSS,152441.59437161186,-0.39163725337860633
2021-05-11,76.83000183105469,75.98999786376953,4,490.67254390982214,490.67254390982214,152335.24884231813,36.35474343413167,WIN,152441.59437161186,-0.06976149110228196
2021-05-12,74.63999938964844,76.83000183105469,4,490.1595191400331,-385.8414574224669,151949.40738489566,36.09918260263774,LOSS,152441.59437161186,-0.32286922000853774
2021-05-13,73.08999633789062,74.63999938964844,4,482.5634189514817,-137.4378017516433,151811.969583144,36.381678871968234,LOSS,152441.59437161186,-0.4130268979823201
2021-05-14,74.58999633789062,73.08999633789062,4,409.455502614298,409.455502614298,152221.4250857583,33.52711532259967,WIN,152441.59437161186,-0.1444286165866608
2021-05-17,74.6500015258789,74.58999633789062,4,430.6212711352993,430.6212711352993,152652.04635689358,34.09298915094199,WIN,152652.04635689358,0.0
2021-05-18,74.44000244140625,74.6500015258789,4,430.057331385576,346.0576975965135,152998.1040544901,34.052657821310916,LOSS,152998.1040544901,0.0
2021-05-19,76.2300033569336,74.44000244140625,4,421.484144720315,421.484144720315,153419.5881992104,33.725520417675796,WIN,153419.5881992104,0.0
2021-05-20,78.05999755859375,76.2300033569336,4,424.9114719027001,424.9114719027001,153844.49967111312,33.43450797530858,WIN,153844.49967111312,0.0
2021-05-21,77.16999816894531,78.05999755859375,4,430.7429261125593,74.7431702531843,153919.2428413663,33.24940265721026,LOSS,153919.2428413663,0.0
2021-05-24,77.44000244140625,77.16999816894531,4,374.52630619780166,374.52630619780166,154293.7691475641,31.050659083237004,WIN,154293.7691475641,0.0
2021-05-25,77.86000061035156,77.44000244140625,4,344.4974058309352,344.4974058309352,154638.26655339505,29.712268117262532,WIN,154638.26655339505,0.0
2021-05-26,78.33999633789062,77.86000061035156,4,348.85713163905007,348.85713163905007,154987.1236850341,29.81809026093073,WIN,154987.1236850341,0.0
2021-05-27,78.41999816894531,78.33999633789062,4,350.93282786949874,350.93282786949874,155338.0565129036,29.814925849413353,WIN,155338.0565129036,0.0
2021-05-28,80.08000183105469,78.41999816894531,4,351.67742341824135,351.67742341824135,155689.73393632183,29.831213749777483,WIN,155689.73393632183,0.0
2021-06-01,80.80999755859375,80.08000183105469,4,356.32309709586536,356.32309709586536,156046.0570334177,29.715632488572034,WIN,156046.0570334177,0.0
2021-06-02,81.97000122070312,80.80999755859375,4,319.7246908488137,319.7246908488137,156365.7817242665,28.084891188426518,WIN,156365.7817242665,0.0
2021-06-03,80.27999877929688,81.97000122070312,4,329.11896069844755,-346.88201586405245,156018.89970840246,28.278743881856315,LOSS,156365.7817242665,-0.2218401059611189
2021-06-04,81.58000183105469,80.27999877929688,4,333.3167297725,333.3167297725,156352.21643817495,28.731209333033412,WIN,156365.7817242665,-0.008675354634480577
2021-06-07,81.3499984741211,81.58000183105469,4,344.54594010649964,252.54459733306214,156604.761035508,28.9676215417132,LOSS,156604.761035508,0.0
2021-06-08,80.88999938964844,81.3499984741211,4,341.520694754427,157.52106096536448,156762.28209647338,28.884124813316063,LOSS,156762.28209647338,0.0
2021-06-09,79.95999908447266,80.88999938964844,4,295.94839649318396,-76.05172557712854,156686.23037089626,27.09985572903692,LOSS,156762.28209647338,-0.04851404595546992
2021-06-10,81.55999755859375,79.95999908447266,4,296.84364677338704,296.84364677338704,156983.07401766966,27.277615004756704,WIN,156983.07401766966,0.0
2021-06-11,81.30999755859375,81.55999755859375,4,277.237853828511,177.237853828511,157160.31187149815,26.241761237127285,LOSS,157160.31187149815,0.0
2021-06-14,81.55000305175781,81.30999755859375,4,253.7742880655649,253.7742880655649,157414.0861595637,25.32197262827534,WIN,157414.0861595637,0.0
2021-06-16,80.11000061035156,80.47000122070312,4,253.30190094437066,109.30165680374566,157523.38781636747,25.410305491990925,LOSS,157523.38781636747,0.0
2021-06-17,84.55999755859375,80.11000061035156,4,253.12063699284164,253.12063699284164,157776.50845336032,25.449604482570358,WIN,157776.50845336032,0.0
2021-06-18,84.6500015258789,84.55999755859375,4,345.73039633622346,345.73039633622346,158122.23884969656,28.521710557459713,WIN,158122.23884969656,0.0
2021-06-21,82.58999633789062,84.6500015258789,4,334.7160637944836,-489.2860114008289,157632.95283829572,28.07701489449913,LOSS,158122.23884969656,-0.3094352919363406
2021-06-22,83.58000183105469,82.58999633789062,4,343.9089907078649,343.9089907078649,157976.86182900358,28.77130559689211,WIN,158122.23884969656,-0.09193964223537532
2021-06-23,83.81999969482422,83.58000183105469,4,350.0863223685758,350.0863223685758,158326.94815137217,28.85261614771061,WIN,158326.94815137217,0.0
2021-06-24,86.0999984741211,83.81999969482422,4,351.05342767481096,351.05342767481096,158678.00157904698,28.851110562902175,WIN,158678.00157904698,0.0
2021-06-25,85.62000274658203,86.0999984741211,4,376.407877336546,184.409586320921,158862.4111653679,29.458212145868043,LOSS,158862.4111653679,0.0
2021-06-28,87.08000183105469,85.62000274658203,4,377.0412704682474,377.0412704682474,159239.45243583614,29.563732242268692,WIN,159239.45243583614,0.0
2021-06-29,89.5199966430664,87.08000183105469,4,379.837622921056,379.837622921056,159619.2900587572,29.425756024683665,WIN,159619.2900587572,0.0
2021-06-30,93.93000030517578,89.5199966430664,4,406.3222483637118,406.3222483637118,160025.61230712093,30.01099840309069,WIN,160025.61230712093,0.0
2021-07-01,93.30999755859375,93.93000030517578,4,479.2072278339058,231.2061292010933,160256.81843632204,31.87244686460575,LOSS,160256.81843632204,0.0
2021-07-02,94.69999694824219,93.30999755859375,4,459.43072433291417,459.43072433291417,160716.24916065496,31.28361741843187,WIN,160716.24916065496,0.0
2021-07-06,94.47000122070312,94.69999694824219,4,465.6820559687869,373.6837649531619,161089.93292560813,31.26292172416936,LOSS,161089.93292560813,0.0
2021-07-07,90.54000091552734,94.47000122070312,4,464.3163296629939,-1107.6837924073186,159982.24913320082,31.254704166413017,LOSS,161089.93292560813,-0.6876182591241355
2021-07-08,89.73999786376953,90.54000091552734,4,502.3836389938181,182.38241829069312,160164.6315514915,33.350758754208044,LOSS,161089.93292560813,-0.5744004962395315
2021-07-09,90.9000015258789,89.73999786376953,4,495.8348537625805,495.8348537625805,160660.4664052541,33.273007377453624,WIN,161089.93292560813,-0.2666004712736236
2021-07-12,90.80999755859375,90.9000015258789,4,498.4816010246612,462.4800141105987,161122.94641936469,33.13611561212542,LOSS,161122.94641936469,0.0
2021-07-13,90.26000213623047,90.80999755859375,4,497.1789197058102,277.1807507604977,161400.1271701252,33.10664868970753,LOSS,161400.1271701252,0.0
2021-07-14,89.05000305175781,90.26000213623047,4,497.3594661178734,13.35983232881091,161413.487002454,33.22359611688327,LOSS,161413.487002454,0.0
2021-07-15,86.93000030517578,89.05000305175781,4,490.840300836099,-357.1607977967135,161056.3262046573,33.2291033823105,LOSS,161413.487002454,-0.2212707280100311
2021-07-16,85.88999938964844,86.93000030517578,4,496.39210632625793,80.39174011532043,161136.71794477262,33.88487952237783,LOSS,161413.487002454,-0.17146588108660882
2021-07-19,86.58000183105469,85.88999938964844,4,427.5581437261473,427.5581437261473,161564.27608849877,31.463100002305566,WIN,161564.27608849877,0.0
2021-07-20,87.11000061035156,86.58000183105469,4,432.23708981027886,432.23708981027886,161996.51317830905,31.5106234533207,WIN,161996.51317830905,0.0
2021-07-21,89.41000366210938,87.11000061035156,4,416.446288764266,416.446288764266,162412.95946707332,30.810660469033273,WIN,162412.95946707332,0.0
2021-07-22,91.20999908447266,89.41000366210938,4,440.30937106745733,440.30937106745733,162853.26883814076,31.286615703795103,WIN,162853.26883814076,0.0
2021-07-23,92.1500015258789,91.20999908447266,4,456.3786038206729,456.3786038206729,163309.64744196142,31.547860726899298,WIN,163309.64744196142,0.0
2021-07-26,91.81999969482422,92.1500015258789,4,446.9649941942851,314.9642617724101,163624.61170373383,31.04121269408503,LOSS,163624.61170373383,0.0
2021-07-27,91.02999877929688,91.81999969482422,4,444.4225697999645,128.422203589027,163753.03390732285,31.007291448254477,LOSS,163753.03390732285,0.0
2021-07-28,97.93000030517578,91.02999877929688,4,438.8821078143085,438.8821078143085,164191.91601513716,30.94492101125604,WIN,164191.91601513716,0.0
2021-07-29,102.94999694824219,97.93000030517578,4,597.5982166789531,597.5982166789531,164789.5142318161,35.181459465193086,WIN,164789.5142318161,0.0
2021-07-30,106.19000244140625,102.94999694824219,4,632.8558940201287,632.8558940201287,165422.37012583623,35.330006810982454,WIN,165422.37012583623,0.0
2021-08-02,108.62999725341797,106.19000244140625,4,665.7695268386133,665.7695268386133,166088.13965267484,35.73477443735882,WIN,166088.13965267484,0.0
2021-08-03,112.55999755859375,108.62999725341797,4,686.1130622593423,686.1130622593423,166774.25271493418,35.888389256058815,WIN,166774.25271493418,0.0
2021-08-04,118.7699966430664,112.55999755859375,4,728.8585461048402,728.8585461048402,167503.111261039,36.41500639396429,WIN,167503.111261039,0.0
2021-08-05,112.3499984741211,118.7699966430664,4,742.9454253055557,-1825.0538422725695,165678.05741876643,35.68755671264857,LOSS,167503.111261039,-1.0895641451270675
2021-08-06,110.11000061035156,112.3499984741211,4,804.4783142402833,-91.52083126752916,165586.5365874989,38.68101450302347,LOSS,167503.111261039,-1.1442024324869344
2021-08-09,107.58000183105469,110.11000061035156,4,810.2002088066238,-201.79930291212622,165384.7372845868,39.33462279530458,LOSS,167503.111261039,-1.2646773904700293
2021-08-10,106.4800033569336,107.58000183105469,4,812.2728845676496,372.2734949192121,165757.010779506,39.970626658173096,LOSS,167503.111261039,-1.042428685883848
2021-08-11,107.68000030517578,106.4800033569336,4,806.9931074058825,806.9931074058825,166564.00388691187,40.064601387901945,WIN,167503.111261039,-0.5606507049672781
2021-08-12,106.5,107.68000030517578,4,804.9045546938383,332.90443262352585,166896.9083195354,39.72113292658398,LOSS,167503.111261039,-0.36190548159961883
2021-08-13,110.55000305175781,106.5,4,780.5588980330632,780.5588980330632,167677.46721756845,39.23902262716091,WIN,167677.46721756845,0.0
2021-08-16,107.4800033569336,110.55000305175781,4,812.8469524215361,-415.1529255081514,167262.3142920603,39.31694742985741,LOSS,167677.46721756845,-0.2475901696257595
2021-08-17,107.55999755859375,107.4800033569336,4,824.6146165337087,824.6146165337087,168086.928908594,40.37361758786571,WIN,168086.928908594,0.0
2021-08-18,103.44000244140625,107.55999755859375,4,827.0051930069355,-820.9928538680645,167265.93605472596,40.428250782352606,LOSS,168086.928908594,-0.48843349045571033
2021-08-19,103.69999694824219,103.44000244140625,4,835.0171574994855,835.0171574994855,168100.95321222543,41.69721199575478,WIN,168100.95321222543,0.0
2021-08-20,104.6500015258789,103.69999694824219,4,834.4241602728116,834.4241602728116,168935.37737249825,41.61136548933119,WIN,168935.37737249825,0.0
2021-08-23,108.7699966430664,104.6500015258789,4,841.9421446752378,841.9421446752378,169777.31951717348,41.60737578398635,WIN,169777.31951717348,0.0
2021-08-24,107.6500015258789,108.7699966430664,4,892.3671997322919,444.36915285729185,170221.68867003077,42.13273146902834,LOSS,170221.68867003077,0.0
2021-08-25,108.30000305175781,107.6500015258789,4,884.4212201664109,884.4212201664109,171106.10989019717,42.17090768254778,WIN,171106.10989019717,0.0
2021-08-26,107.2699966430664,108.30000305175781,4,790.2728510020622,378.2702875254997,171484.38017772266,39.13279516065906,LOSS,171484.38017772266,0.0
2021-08-27,111.4000015258789,107.2699966430664,4,735.5303239479698,735.5303239479698,172219.91050167065,37.67677798793529,WIN,172219.91050167065,0.0
2021-08-30,111.31999969482422,111.4000015258789,4,774.9737329157606,742.9730004938856,172962.88350216454,38.007043781617185,LOSS,172962.88350216454,0.0
2021-08-31,110.72000122070312,111.31999969482422,4,764.0874808143009,524.0880911658634,173486.9715933304,37.70016012031203,LOSS,173486.9715933304,0.0
2021-09-01,109.98999786376953,110.72000122070312,4,729.2175080491195,437.216165275682,173924.1877586061,36.781613040791015,LOSS,173924.1877586061,0.0
2021-09-02,109.19999694824219,109.98999786376953,4,636.8819673672734,320.88160115633593,174245.06935976245,34.14982422131682,LOSS,174245.06935976245,0.0
2021-09-03,109.91999816894531,109.19999694824219,4,551.4798101387171,551.4798101387171,174796.54916990118,31.70190558008584,WIN,174796.54916990118,0.0
2021-09-07,109.1500015258789,109.91999816894531,4,544.2904643085866,236.2918070820241,175032.8409769832,31.376196705933484,LOSS,175032.8409769832,0.0
2021-09-08,106.16999816894531,109.1500015258789,4,523.6674276022324,-668.3339151712051,174364.50706181198,30.866854830184476,LOSS,175032.8409769832,-0.38183343847975326
2021-09-09,106.1500015258789,106.16999816894531,4,530.9658505619212,522.9671933353587,174887.47425514733,31.53955471746482,LOSS,175032.8409769832,-0.08305111259376532
2021-09-10,105.19999694824219,106.1500015258789,4,526.5962093664119,146.59437831172443,175034.06863345904,31.40653075018046,LOSS,175034.06863345904,0.0
2021-09-13,104.80000305175781,105.19999694824219,4,520.656307811898,360.65874921814805,175394.7273826772,31.367955667397904,LOSS,175394.7273826772,0.0
2021-09-14,105.7300033569336,104.80000305175781,4,466.14628943382525,466.14628943382525,175860.87367211102,29.710247143413024,WIN,175860.87367211102,0.0
2021-09-15,105.5999984741211,105.7300033569336,4,449.04902451514357,397.04707139014357,176257.92074350116,29.04606081081365,LOSS,176257.92074350116,0.0
2021-09-16,106.22000122070312,105.5999984741211,4,448.4255917537842,448.4255917537842,176706.34633525496,29.043828295937907,WIN,176706.34633525496,0.0
2021-09-17,103.87999725341797,106.22000122070312,4,391.7149707019824,-544.2866162120802,176162.05971904288,27.19615403629367,LOSS,176706.34633525496,-0.30801758256007006
2021-09-20,101.55000305175781,103.87999725341797,4,404.6574823990129,-527.3401982650496,175634.71952077784,27.8829309407069,LOSS,176706.34633525496,-0.6064450070423502
2021-09-21,102.81999969482422,101.55000305175781,4,410.41999468187214,410.41999468187214,176045.1395154597,28.366189148010683,WIN,176706.34633525496,-0.3741839687753921
2021-09-22,104.37999725341797,102.81999969482422,4,352.856771136306,352.856771136306,176397.99628659603,26.349582615527062,WIN,176706.34633525496,-0.174498570681733
2021-09-23,106.1500015258789,104.37999725341797,4,368.6566436011764,368.6566436011764,176766.6529301972,26.68056409041227,WIN,176766.6529301972,0.0
2021-09-24,105.80000305175781,106.1500015258789,4,387.30196233154015,247.30257268310265,177013.9555028803,27.066705839457082,LOSS,177013.9555028803,0.0
2021-09-27,108.16000366210938,105.80000305175781,4,382.91733754876395,382.91733754876395,177396.87284042907,26.969565437457852,WIN,177396.87284042907,0.0
2021-09-28,101.5199966430664,108.16000366210938,4,342.3178898252698,-2313.6849177919175,175083.18792263715,25.46699305590159,LOSS,177396.87284042907,-1.304242222957962
2021-09-29,100.3499984741211,101.5199966430664,4,458.19833566430253,-9.800931913822467,175073.38699072332,29.92660174593098,LOSS,177396.87284042907,-1.309767084674466
2021-09-30,102.9000015258789,100.3499984741211,4,454.518693083761,454.518693083761,175527.90568380707,29.97936530163282,WIN,177396.87284042907,-1.0535513544836652
2021-10-01,102.44999694824219,102.9000015258789,4,494.60187916355534,314.60004810886784,175842.50573191594,30.89642311524749,LOSS,177396.87284042907,-0.876208855108348
2021-10-04,100.33999633789062,102.44999694824219,4,491.94559388951166,-352.05465025111334,175490.45108166483,30.880499497027515,LOSS,177396.87284042907,-1.0746648056637962
2021-10-05,101.80999755859375,100.33999633789062,4,487.5151344691427,487.5151344691427,175977.96621613397,31.06841555288271,WIN,177396.87284042907,-0.7998487242621432
2021-10-06,103.63999938964844,101.80999755859375,4,505.04740165195585,505.04740165195585,176483.0136177859,31.405925954145605,WIN,177396.87284042907,-0.515149567188365
2021-10-07,106.44999694824219,103.63999938964844,4,506.82612085199736,506.82612085199736,176989.8397386379,31.173001273916032,WIN,177396.87284042907,-0.22944773223668863
2021-10-08,105.05999755859375,106.44999694824219,4,544.8361933135568,-11.163562545818195,176978.6761760921,31.92697409699864,LOSS,177396.87284042907,-0.23574071946192376
2021-10-11,104.68000030517578,105.05999755859375,4,540.5931294491772,388.59422808198974,177367.27040417408,32.01735929742171,LOSS,177396.87284042907,-0.016687124063129367
2021-10-12,105.04000091552734,104.68000030517578,4,538.5936129668812,538.5936129668812,177905.86401714096,32.015962379201525,WIN,177905.86401714096,0.0
2021-10-13,109.16000366210938,105.04000091552734,4,538.3806528409885,538.3806528409885,178444.24466998194,31.950938995747062,WIN,178444.24466998194,0.0
2021-10-14,111.98999786376953,109.16000366210938,4,604.9097862413477,604.9097862413477,179049.1544562233,33.326777280277994,WIN,179049.1544562233,0.0
2021-10-15,112.12000274658203,111.98999786376953,4,636.9405358345582,636.9405358345582,179686.09499205786,33.80956212496331,WIN,179686.09499205786,0.0
2021-10-18,116.43000030517578,112.12000274658203,4,618.0689154044777,618.0689154044777,180304.16390746232,33.23109841242754,WIN,180304.16390746232,0.0
2021-10-19,116.33000183105469,116.43000030517578,4,651.1386940247254,611.1393043762879,180915.30321183862,33.495566530160644,LOSS,180915.30321183862,0.0
2021-10-20,116.38999938964844,116.33000183105469,4,651.3909358066921,651.3909358066921,181566.69414764532,33.51863658664185,WIN,181566.69414764532,0.0
2021-10-21,119.33000183105469,116.38999938964844,4,650.1018251894974,650.1018251894974,182216.7959728348,33.472460749853425,WIN,182216.7959728348,0.0
2021-10-22,119.81999969482422,119.33000183105469,4,674.637254480054,674.637254480054,182891.43322731485,33.69733483978195,WIN,182891.43322731485,0.0
2021-10-25,122.36000061035156,119.81999969482422,4,674.5875860042221,674.5875860042221,183566.02081331908,33.619502114049666,WIN,183566.02081331908,0.0
2021-10-26,122.93000030517578,122.36000061035156,4,687.7720503405285,687.7720503405285,184253.7928636596,33.589344912810624,WIN,184253.7928636596,0.0
2021-10-27,122.27999877929688,122.93000030517578,4,506.7113723633172,246.7107620117547,184500.50362567135,28.632069820562947,LOSS,184500.50362567135,0.0
2021-10-28,121.16000366210938,122.27999877929688,4,493.651881012035,45.653834137035005,184546.1574598084,28.351326100297445,LOSS,184546.1574598084,0.0
2021-10-29,120.2300033569336,121.16000366210938,4,492.4974858750735,120.497363804761,184666.65482361315,28.4432344582114,LOSS,184666.65482361315,0.0
2021-11-01,125.2300033569336,120.2300033569336,4,492.92719911101335,492.92719911101335,185159.58202272415,28.55904045261084,WIN,185159.58202272415,0.0
2021-11-02,127.62999725341797,125.2300033569336,4,517.844082061177,517.844082061177,185677.42610478532,28.67570292974584,WIN,185677.42610478532,0.0
2021-11-03,130.52999877929688,127.62999725341797,4,530.0927964366206,530.0927964366206,186207.51890122195,28.735933375181958,WIN,186207.51890122195,0.0
2021-11-04,137.5,130.52999877929688,4,546.0691492329116,546.0691492329116,186753.58805045485,28.835547202043383,WIN,186753.58805045485,0.0
2021-11-05,136.33999633789062,137.5,4,644.062692864282,180.06122802053198,186933.64927847538,30.49117921866786,LOSS,186933.64927847538,0.0
2021-11-08,150.16000366210938,136.33999633789062,4,628.7991983106969,628.7991983106969,187562.44847678608,30.25273533090654,WIN,187562.44847678608,0.0
2021-11-09,148.9199981689453,150.16000366210938,4,976.0480910162828,480.0458937506578,188042.49437053673,36.49690707819326,LOSS,188042.49437053673,0.0
2021-11-10,139.8699951171875,148.9199981689453,4,984.6248553215642,-2635.376365381561,185407.11800515518,36.86637568748854,LOSS,188042.49437053673,-1.4014791572529133
2021-11-11,146.00999450683594,139.8699951171875,4,1079.9564901915633,1079.9564901915633,186487.07449534675,40.535286333419016,WIN,188042.49437053673,-0.8271640303414799
2021-11-12,147.88999938964844,146.00999450683594,4,1149.3128941260638,1149.3128941260638,187636.3873894728,41.03243109083114,WIN,188042.49437053673,-0.2159655361004196
2021-11-15,146.49000549316406,147.88999938964844,4,1159.3467342025044,599.3491756087544,188235.73656508155,40.92588371977357,LOSS,188235.73656508155,0.0
2021-11-16,152.4499969482422,146.49000549316406,4,1144.980313949377,1144.980313949377,189380.71687903092,40.84931610672301,WIN,189380.71687903092,0.0
2021-11-17,151.33999633789062,152.4499969482422,4,1208.2325385638212,764.2322944231962,190144.9491734541,41.21091248743534,LOSS,190144.9491734541,0.0
2021-11-18,155.02000427246094,151.33999633789062,4,1207.221484564846,1207.221484564846,191352.17065801896,41.38106170560533,WIN,191352.17065801896,0.0
2021-11-19,155.41000366210938,155.02000427246094,4,1235.9601215875944,1235.9601215875944,192588.13077960655,41.3679123821864,WIN,192588.13077960655,0.0
2021-11-22,152.52000427246094,155.41000366210938,4,1240.040121451605,84.04036559223005,192672.17114519878,41.388566532020334,LOSS,192672.17114519878,0.0
2021-11-23,149.9199981689453,152.52000427246094,4,1242.779347511406,202.77690610515606,192874.94805130395,41.94798219852264,LOSS,192874.94805130395,0.0
2021-11-24,157.8000030517578,149.9199981689453,4,1242.31944431579,1242.31944431579,194117.26749561974,42.40518558817911,WIN,194117.26749561974,0.0
2021-11-26,154.80999755859375,157.8000030517578,4,1346.0049953736602,150.00279810803522,194267.27029372778,43.20971492663162,LOSS,194267.27029372778,0.0
2021-11-29,161.91000366210938,154.80999755859375,4,1335.0854069674367,1335.0854069674367,195602.35570069522,43.52128432895914,WIN,195602.35570069522,0.0
2021-11-30,158.3699951171875,161.91000366210938,4,1410.940804070306,-5.062613898443942,195597.29308679677,43.82001110007036,LOSS,195602.35570069522,-0.0025882172432515746
2021-12-01,149.11000061035156,158.3699951171875,4,1394.557269789876,-2309.440532944499,193287.85255385228,44.122086243128194,LOSS,195602.35570069522,-1.183269566745157
2021-12-02,150.67999267578125,149.11000061035156,4,1428.118868115356,1428.118868115356,194715.97142196764,46.6749995993392,WIN,195602.35570069522,-0.4531562391221388
2021-12-03,144.00999450683594,150.67999267578125,4,1438.2757484364827,-1229.7235191416423,193486.247902826,46.56789331751356,LOSS,195602.35570069522,-1.0818416732706548
2021-12-06,139.05999755859375,144.00999450683594,4,1378.7834933006716,-601.2152859962034,192885.0326168298,46.66375923739538,LOSS,195602.35570069522,-1.3892077496364064
2021-12-07,144.85000610351562,139.05999755859375,4,1358.317549148303,1358.317549148303,194243.3501659781,47.30413580104972,WIN,195602.35570069522,-0.6947797381318984
2021-12-08,145.24000549316406,144.85000610351562,4,1208.5715222151466,1208.5715222151466,195451.92168819325,42.593886388335164,WIN,195602.35570069522,-0.0769080781072779
2021-12-09,138.10000610351562,145.24000549316406,4,1210.7655357021906,-1645.2342201571844,193806.68746803608,42.56974991668759,LOSS,195602.35570069522,-0.9180197376594057
2021-12-10,138.5500030517578,138.10000610351562,4,1118.9651635545122,1118.9651635545122,194925.65263159058,41.7967362207324,WIN,195602.35570069522,-0.34595854772838674
2021-12-13,133.8000030517578,138.5500030517578,4,1069.3349085309706,-830.6650914690294,194094.98754012154,40.5250286349331,LOSS,195602.35570069522,-0.7706288378654331
2021-12-14,135.60000610351562,133.8000030517578,4,1050.8501530748667,1050.8501530748667,195145.8376931964,40.97429098296392,WIN,195602.35570069522,-0.23339085353213568
2021-12-15,146.5,135.60000610351562,4,1072.0477269029932,1072.0477269029932,196217.8854200994,41.14649291398402,WIN,196217.8854200994,0.0
2021-12-16,138.63999938964844,146.5,4,1290.857918871775,-1853.14232526885,194364.74309483054,44.1406913929446,LOSS,196217.8854200994,-0.9444308918635557
2021-12-17,137.75,138.63999938964844,4,1281.9399111840794,925.9401553247044,195290.68325015524,45.58004738579204,LOSS,196217.8854200994,-0.4725370309434477
2021-12-20,135.8000030517578,137.75,4,1254.987124162661,474.9883448657861,195765.67159502103,45.13052476517731,LOSS,196217.8854200994,-0.23046514037707538
2021-12-21,144.25,135.8000030517578,4,1237.3676121383805,1237.3676121383805,197003.03920715943,45.13408420944809,WIN,197003.03920715943,0.0
2021-12-22,143.8800048828125,144.25,4,1411.0224635099048,1263.0244166349048,198266.06362379433,47.350212589020096,LOSS,198266.06362379433,0.0
2021-12-23,146.13999938964844,143.8800048828125,4,1402.1198754661714,1402.1198754661714,199668.18349926049,47.228770267677135,WIN,199668.18349926049,0.0
2021-12-27,154.36000061035156,146.13999938964844,4,1361.907909892066,1361.907909892066,201030.09140915255,45.82035764673578,WIN,201030.09140915255,0.0
2021-12-28,153.14999389648438,154.36000061035156,4,1511.7505498751848,1027.7478643283098,202057.83927348084,47.38951139802811,LOSS,202057.83927348084,0.0
2021-12-29,148.25999450683594,153.14999389648438,4,1448.839708349358,-507.16004751001697,201550.67922597082,46.28688957440229,LOSS,202057.83927348084,-0.2509974615850453
2021-12-30,145.14999389648438,148.25999450683594,4,1414.2938115380312,170.29356739740615,201720.97279336822,46.54820791807356,LOSS,202057.83927348084,-0.1667178473866027
2021-12-31,143.89999389648438,145.14999389648438,4,1317.0619407006031,817.0619407006031,202538.03473406882,45.008771123743514,LOSS,202538.03473406882,0.0
2022-01-03,150.24000549316406,143.89999389648438,4,1303.7750966801511,1303.7750966801511,203841.80983074897,44.96407937529408,WIN,203841.80983074897,0.0
2022-01-04,144.4199981689453,150.24000549316406,4,1358.1928034068617,-969.8101262806383,202871.99970446833,44.89749949170245,LOSS,203841.80983074897,-0.4757660497058399
2022-01-05,136.14999389648438,144.4199981689453,4,1313.8471825159886,-1994.1545264683864,200877.84517799993,45.08683829934144,LOSS,203841.80983074897,-1.4540513819073906
2022-01-06,136.22999572753906,136.14999389648438,4,1273.5988868999505,1273.5988868999505,202151.44406489987,45.936706535476354,WIN,203841.80983074897,-0.8292537076925581
2022-01-07,132.0,136.22999572753906,4,1273.9688773218888,-418.02941369373616,201733.41465120614,45.92752085754948,LOSS,203841.80983074897,-1.0343291110363677
2022-01-10,132.0,132.0,4,1204.5452659655082,1204.5452659655082,202937.95991717165,45.179235006296295,WIN,203841.80983074897,-0.4434075199429342
2022-01-11,137.30999755859375,132.0,4,1204.0752058458959,1204.0752058458959,204142.03512301756,45.167457902340395,WIN,204142.03512301756,0.0
2022-01-12,137.47000122070312,137.30999755859375,4,1262.1660804823096,1262.1660804823096,205404.20120349986,45.3999856309837,WIN,205404.20120349986,0.0
2022-01-13,132.74000549316406,137.47000122070312,4,1260.495402697347,-631.5028883182781,204772.6983151816,45.32441018643806,LOSS,205404.20120349986,-0.3074439980381022
2022-01-14,136.8800048828125,132.74000549316406,4,1086.7798135369246,1086.7798135369246,205859.47812871853,42.07688900777474,WIN,205859.47812871853,0.0
2022-01-18,131.92999267578125,136.8800048828125,4,1081.3581515721326,-898.6467312403674,204960.83139747818,41.12694189430509,LOSS,205859.47812871853,-0.4365340568280536
2022-01-19,128.27000427246094,131.92999267578125,4,1072.5615797758599,-391.43378155226515,204569.3976159259,41.88671419909071,LOSS,205859.47812871853,-0.6266801628565167
2022-01-20,121.88999938964844,128.27000427246094,4,1055.0778153557976,-1496.9241377692024,203072.4734781567,42.20310107852008,LOSS,205859.47812871853,-1.3538383930125366
2022-01-21,118.80999755859375,121.88999938964844,4,943.8633208708019,-288.1374115510731,202784.3360666056,40.60943915789146,LOSS,205859.47812871853,-1.4938064013696355
2022-01-24,116.52999877929688,118.80999755859375,4,925.7580646100317,13.758552891281738,202798.0946194969,40.76935509954319,LOSS,205859.47812871853,-1.4871229331046052
2022-01-25,111.12999725341797,116.52999877929688,4,894.9912733892692,-1265.0093369622932,201533.0852825346,40.40037286284732,LOSS,205859.47812871853,-2.101624314562169
2022-01-26,110.70999908447266,111.12999725341797,4,766.8046343009177,598.8053667227927,202131.89064925737,37.81983281599581,LOSS,205859.47812871853,-1.8107436749307197
2022-01-27,102.5999984741211,110.70999908447266,4,765.8768912072911,-2478.123352933334,199653.76729632405,37.878689885541235,LOSS,205859.47812871853,-3.014537338190577
2022-01-28,105.23999786376953,102.5999984741211,4,773.5386501237739,773.5386501237739,200427.30594644783,39.93410000196445,WIN,205859.47812871853,-2.6387768159375735
2022-01-31,114.25,105.23999786376953,4,830.0991254843499,830.0991254843499,201257.40507193218,41.08604017180283,WIN,205859.47812871853,-2.23554101011992
2022-02-01,116.77999877929688,114.25,4,1093.9426060007338,1093.9426060007338,202351.3476779329,46.66630288901374,WIN,205859.47812871853,-1.7041384164940339
2022-02-02,122.76000213623047,116.77999877929688,4,1081.6211135170715,1081.6211135170715,203432.96879144997,45.631320742810566,WIN,205859.47812871853,-1.178721212802907
2022-02-03,120.08000183105469,122.76000213623047,4,1192.7444155454355,120.74429347512296,203553.71308492508,47.13287152044364,LOSS,205859.47812871853,-1.1200674677469626
2022-02-04,123.5999984741211,120.08000183105469,4,1121.8805517085782,1121.8805517085782,204675.59363663365,45.89832710775748,WIN,205859.47812871853,-0.5750935069137924
2022-02-07,123.66999816894531,123.5999984741211,4,1177.3322609013912,1177.3322609013912,205852.92589753505,46.502107719389315,WIN,205859.47812871853,-0.0031828659253582527
2022-02-08,128.22999572753906,123.66999816894531,4,1163.0661426469924,1163.0661426469924,207015.99204018206,46.10277166374036,WIN,207015.99204018206,0.0
2022-02-09,132.85000610351562,128.22999572753906,4,1236.1203954782238,1236.1203954782238,208252.11243566027,46.88087095393055,WIN,208252.11243566027,0.0
2022-02-10,125.7699966430664,132.85000610351562,4,1273.8124691731527,-1558.1913150065348,206693.92112065374,46.710489796094436,LOSS,208252.11243566027,-0.7482235338611165
2022-02-11,113.18000030517578,125.7699966430664,4,1256.4276214744564,-3779.5709136817936,202914.35020697195,48.03843439910226,LOSS,208252.11243566027,-2.563125130525348
2022-02-14,114.2699966430664,113.18000030517578,4,1262.8183069339705,1262.8183069339705,204177.16851390593,51.900326716271096,WIN,208252.11243566027,-1.9567359361184387
2022-02-15,121.47000122070312,114.2699966430664,4,1256.200511172713,1256.200511172713,205433.36902507863,51.35681113845645,WIN,208252.11243566027,-1.3535245225675632
2022-02-16,117.69000244140625,121.47000122070312,4,1396.801305420236,-115.19820629851392,205318.1708187801,53.02985148569394,LOSS,208252.11243566027,-1.4088412273784734
2022-02-17,112.37000274658203,117.69000244140625,4,1356.0899254054355,-771.909952524252,204546.26086625585,53.107279968929305,LOSS,208252.11243566027,-1.779502510712512
2022-02-18,113.83000183105469,112.37000274658203,4,1288.8234896107726,1288.8234896107726,205835.08435586662,52.93168054221061,WIN,208252.11243566027,-1.1606259602962667
2022-02-22,115.6500015258789,113.83000183105469,4,1300.8044013736333,1300.8044013736333,207135.88875724026,52.793254140073664,WIN,208252.11243566027,-0.5359963293360904
2022-02-23,109.76000213623047,115.6500015258789,4,1320.0582779824033,-1035.9414778769717,206099.9472793633,52.74909072171613,LOSS,208252.11243566027,-1.0334421731073158
2022-02-24,116.61000061035156,109.76000213623047,4,1259.3975620532258,1259.3975620532258,207359.34484141652,52.94702858626768,WIN,208252.11243566027,-0.42869557662689767
2022-02-25,121.05999755859375,116.61000061035156,4,1392.3202154116714,1392.3202154116714,208751.66505682818,54.48774779249245,WIN,208751.66505682818,0.0
2022-02-28,123.33999633789062,121.05999755859375,4,1360.3432446958516,1360.3432446958516,210112.00830152404,52.16266722839132,WIN,210112.00830152404,0.0
2022-03-01,113.83000183105469,123.33999633789062,4,1382.9546387956736,-2421.0431639387016,207690.96513758533,52.08199040634784,LOSS,210112.00830152404,-1.152263111237488
2022-03-02,118.27999877929688,113.83000183105469,4,1279.782695254196,1279.782695254196,208970.74783283952,52.18249461236075,WIN,210112.00830152404,-0.5431676551521673
2022-03-03,111.9800033569336,118.27999877929688,4,1345.5676543355362,-1174.4305146097763,207796.31731822973,52.62298594780973,LOSS,210112.00830152404,-1.1021221499968448
2022-03-04,108.41000366210938,111.9800033569336,4,1274.3419791949495,-153.65789873473796,207642.659419495,52.636094181172844,LOSS,210112.00830152404,-1.1752535716499197
2022-03-07,102.94999694824219,108.41000366210938,4,1240.4032980807476,-943.5993874661274,206699.06003202888,52.84012707875464,LOSS,210112.00830152404,-1.6243470790100494
2022-03-08,105.52999877929688,102.94999694824219,4,1187.7434542840706,1187.7434542840706,207886.80348631294,53.15534111866384,WIN,210112.00830152404,-1.0590564685944959
2022-03-09,111.05000305175781,105.52999877929688,4,1231.1429817170672,1231.1429817170672,209117.94646803002,53.58260915929391,WIN,210112.00830152404,-0.47311043358715654
2022-03-10,106.45999908447266,111.05000305175781,4,1318.0451925538734,-517.956394360189,208599.99007366982,54.25281067548102,LOSS,210112.00830152404,-0.7196248515622095
2022-03-11,104.29000091552734,106.45999908447266,4,1252.4326147692368,384.4333471911118,208984.42342086093,53.90692820122636,LOSS,210112.00830152404,-0.5366589419510738
2022-03-14,102.25,104.29000091552734,4,1202.0598474985907,386.05948128765317,209370.4829021486,53.119083679862015,LOSS,210112.00830152404,-0.35291909556702206
2022-03-15,109.33000183105469,102.25,4,1055.9955802188874,1055.9955802188874,210426.47848236747,49.155277394163015,WIN,210426.47848236747,0.0
2022-03-16,115.37000274658203,109.33000183105469,4,1207.0239086260394,1207.0239086260394,211633.5023909935,51.51199390891434,WIN,211633.5023909935,0.0
2022-03-17,111.69000244140625,115.37000274658203,4,1258.7338094556405,-213.26631261467196,211420.23607837883,51.08278308231265,LOSS,211633.5023909935,-0.10077152728902783
2022-03-18,113.45999908447266,111.69000244140625,4,1219.3057241592078,1219.3057241592078,212639.54180253803,51.10416832042741,WIN,212639.54180253803,0.0
2022-03-21,115.91999816894531,113.45999908447266,4,1210.2678752651861,1210.2678752651861,213849.80967780322,50.27749695443585,WIN,213849.80967780322,0.0
2022-03-22,114.77999877929688,115.91999816894531,4,1240.9935754058185,784.9938195464435,214634.80349734967,50.405456683662656,LOSS,214634.80349734967,0.0
2022-03-23,113.91999816894531,114.77999877929688,4,1227.2228145946128,883.2225704539878,215518.02606780364,50.36032415505358,LOSS,215518.02606780364,0.0
2022-03-24,120.52999877929688,113.91999816894531,4,1173.9264555752386,1173.9264555752386,216691.9525233789,49.08002884539055,WIN,216691.9525233789,0.0
2022-03-25,119.66999816894531,120.52999877929688,4,1233.0534194937932,889.0531753531682,217581.00569873204,48.83341008751783,LOSS,217581.00569873204,0.0
2022-03-28,120.23999786376953,119.66999816894531,4,1201.3496121394498,1201.3496121394498,218782.3553108715,48.20038815072979,WIN,218782.3553108715,0.0
2022-03-29,123.2300033569336,120.23999786376953,4,1200.978692368954,1200.978692368954,219983.33400324045,48.0327990513591,WIN,219983.33400324045,0.0
2022-03-30,119.22000122070312,123.2300033569336,4,1118.051317482857,-485.94953700933047,219497.38446623113,45.00573783256863,LOSS,219983.33400324045,-0.2209028875806395
2022-03-31,109.33999633789062,119.22000122070312,4,1080.4761392853695,-2871.5258138396302,216625.8586523915,44.972646502454616,LOSS,219983.33400324045,-1.526240779130793
2022-04-01,108.19000244140625,109.33999633789062,4,1062.4233250499096,602.4257664561596,217228.28441884767,47.13494603189306,LOSS,219983.33400324045,-1.252390139860411
2022-04-04,110.52999877929688,108.19000244140625,4,1035.7607209483403,1035.7607209483403,218264.045139796,46.661489319246584,WIN,219983.33400324045,-0.7815541441967204
2022-04-05,106.81999969482422,110.52999877929688,4,1014.8869124575824,-469.1127213314801,217794.93241846454,45.36662454618485,LOSS,219983.33400324045,-0.9948033539412029
2022-04-06,103.66999816894531,106.81999969482422,4,995.2750341043678,-264.7255762471947,217530.20684221733,45.81410590098368,LOSS,219983.33400324045,-1.1151422775449817
2022-04-07,103.72000122070312,103.66999816894531,4,931.8555294380641,931.8555294380641,218462.0623716554,44.72723584787428,WIN,219983.33400324045,-0.6915394925156679
2022-04-08,101.0,103.72000122070312,4,904.531413121467,-183.46907515978296,218278.59329649562,43.841654743534875,LOSS,219983.33400324045,-0.774940844709502
2022-04-11,97.37000274658203,101.0,4,885.4093684953451,-566.5895328718424,217712.00376362377,43.992240068384035,LOSS,219983.33400324045,-1.0325010528221314
2022-04-12,95.0999984741211,97.37000274658203,4,868.0115962287715,-39.99011275560349,217672.01365086818,44.48216537384965,LOSS,219983.33400324045,-1.0506797539209176
2022-04-13,97.73999786376953,95.0999984741211,4,762.4708379497838,762.4708379497838,218434.48448881795,41.515618447973914,WIN,219983.33400324045,-0.7040758434908012
2022-04-14,93.05999755859375,97.73999786376953,4,732.60428034588,-1139.3958417244326,217295.0886470935,39.78883744603513,LOSS,219983.33400324045,-1.222022281063958
2022-04-18,93.88999938964844,93.05999755859375,4,716.3449377688212,716.3449377688212,218011.43358486233,40.457643025981895,WIN,219983.33400324045,-0.8963862773118416
2022-04-19,96.93000030517578,93.88999938964844,4,717.2966507140543,717.2966507140543,218728.7302355764,40.266116817365,WIN,219983.33400324045,-0.5703176439927828
2022-04-20,94.0199966430664,96.93000030517578,4,755.065405230227,-408.93605961352296,218319.79417596286,40.76234498526971,LOSS,219983.33400324045,-0.7562117534108689
2022-04-21,89.8499984741211,94.0199966430664,4,740.4952730731876,-927.5039945049374,217392.2901814579,41.04720284941372,LOSS,219983.33400324045,-1.177836418164467
2022-04-22,88.13999938964844,89.8499984741211,4,727.2578401794838,43.258206390421265,217435.54838784834,41.768828837140575,LOSS,219983.33400324045,-1.1581721074172766
2022-04-25,90.69000244140625,88.13999938964844,4,624.7997802210098,624.7997802210098,218060.34816806935,38.443737932830466,WIN,219983.33400324045,-0.8741506914077293
2022-04-26,85.16000366210938,90.69000244140625,4,677.0778645125249,-1534.921647206225,216525.42652086314,39.690974742285064,LOSS,219983.33400324045,-1.571895206537044
2022-04-27,84.91000366210938,85.16000366210938,4,665.0408509933204,565.0408509933204,217090.46737185647,40.8268645455972,LOSS,219983.33400324045,-1.3150389980639923
2022-04-28,89.63999938964844,84.91000366210938,4,636.6742848002115,636.6742848002115,217727.1416566567,39.79804721294225,WIN,219983.33400324045,-1.0256196710567747
2022-04-29,85.5199966430664,89.63999938964844,4,754.5727368410486,-893.4283617917639,216833.71329486492,42.8392991603108,LOSS,219983.33400324045,-1.4317542384047754
2022-05-02,89.83999633789062,85.5199966430664,4,658.4092356985553,658.4092356985553,217492.12253056347,40.461692688041644,WIN,219983.33400324045,-1.1324546397866135
2022-05-03,91.12999725341797,89.83999633789062,4,754.0448499087682,754.0448499087682,218246.16738047224,42.75789224690527,WIN,219983.33400324045,-0.7896810140820146
2022-05-04,99.41999816894531,91.12999725341797,4,758.4214031394223,758.4214031394223,219004.58878361166,42.52379131697374,WIN,219983.33400324045,-0.4449178952867288
2022-05-05,93.87000274658203,99.41999816894531,4,971.0823416994394,-1248.915827245873,217755.6729563658,47.302887070278196,LOSS,219983.33400324045,-1.0126499159440128
2022-05-06,95.33999633789062,93.87000274658203,4,946.4662444335343,946.4662444335343,218702.13920079934,48.34550753461522,WIN,219983.33400324045,-0.5824053936841587
2022-05-09,86.36000061035156,95.33999633789062,4,966.4141005710627,-2625.5841904445624,216076.5550103548,48.52333060402348,LOSS,219983.33400324045,-1.7759431688712004
2022-05-10,88.7300033569336,86.36000061035156,4,967.3577223367987,967.3577223367987,217043.9127326916,52.04533267792525,WIN,219983.33400324045,-1.336201800862588
2022-05-11,87.91999816894531,88.7300033569336,4,995.3172410054973,671.3151658101848,217715.22789850176,52.097962860463866,LOSS,219983.33400324045,-1.0310354259406214
2022-05-12,87.05999755859375,87.91999816894531,4,981.8455695544619,637.8453254138369,218353.0732239156,51.932996715945556,LOSS,219983.33400324045,-0.7410837674188747
2022-05-13,95.12000274658203,87.05999755859375,4,960.807651392666,960.807651392666,219313.88087530827,51.498652863534744,WIN,219983.33400324045,-0.3043199299462933
2022-05-16,94.23999786376953,95.12000274658203,4,1133.0603519214637,781.0583987964637,220094.93927410472,54.394919904468246,LOSS,220094.93927410472,0.0
2022-05-17,102.47000122070312,94.23999786376953,4,1123.4381270947774,1123.4381270947774,221218.37740119948,54.4251109539189,WIN,221218.37740119948,0.0
2022-05-18,96.27999877929688,102.47000122070312,4,1300.781735667919,-1175.219240894581,220043.1581603049,56.98234777927545,LOSS,221218.37740119948,-0.531248468007341
2022-05-19,96.66999816894531,96.27999877929688,4,1255.6715095421491,1255.6715095421491,221298.82966984707,58.13194049593153,WIN,221298.82966984707,0.0
2022-05-20,93.5,96.66999816894531,4,1234.4408853090908,-33.558382269034155,221265.27128757804,57.23160821093629,LOSS,221298.82966984707,-0.015164283660735791
2022-05-23,95.06999969482422,93.5,4,1203.2624457551385,1203.2624457551385,222468.53373333317,57.56060418999256,WIN,222468.53373333317,0.0
2022-05-24,91.16000366210938,95.06999969482422,4,1218.3312109921715,-345.66720209376604,222122.86653123942,57.38194763254185,LOSS,222468.53373333317,-0.15537801966551212
2022-05-25,92.6500015258789,91.16000366210938,4,1144.3271763546677,1144.3271763546677,223267.1937075941,56.51498746025206,WIN,223267.1937075941,0.0
2022-05-26,98.75,92.6500015258789,4,1163.687632699519,1163.687632699519,224430.88134029362,56.53842457067346,WIN,224430.88134029362,0.0
2022-05-27,102.26000213623047,98.75,4,1253.4826444087112,1253.4826444087112,225684.36398470233,56.97978923849439,WIN,225684.36398470233,0.0
2022-05-31,101.86000061035156,102.26000213623047,4,1271.0480458867596,1111.047435535197,226795.41142023753,56.10694508580888,LOSS,226795.41142023753,0.0
2022-06-01,101.22000122070312,101.86000061035156,4,1246.4313734890504,990.4316176296754,227785.84303786722,55.469117180448436,LOSS,227785.84303786722,0.0
2022-06-02,108.58999633789062,101.22000122070312,4,1240.136800526576,1240.136800526576,229025.9798383938,55.51933321382847,WIN,229025.9798383938,0.0
2022-06-03,106.30000305175781,108.58999633789062,4,1292.8978228399912,376.90050838686625,229402.88034678067,54.37616522252648,LOSS,229402.88034678067,0.0
2022-06-06,105.6500015258789,106.30000305175781,4,1222.6821296924975,962.681519340935,230365.5618661216,53.03989598751565,LOSS,230365.5618661216,0.0
2022-06-07,105.27999877929688,105.6500015258789,4,1216.4206351950565,1068.419536562244,231433.98140268386,53.077927637145024,LOSS,231433.98140268386,0.0
2022-06-08,101.9000015258789,105.27999877929688,4,1058.2254664958666,-293.7734348713209,231140.20796781254,48.24232342143075,LOSS,231433.98140268386,-0.12693617120994927
2022-06-09,98.80000305175781,101.9000015258789,4,1045.281904661312,-194.71748498712554,230945.4904828254,48.92487645090231,LOSS,231433.98140268386,-0.21107138929978464
2022-06-10,94.81999969482422,98.80000305175781,4,1030.1526262751513,-561.8487164982862,230383.6417663271,49.482889389895895,LOSS,231433.98140268386,-0.4538398509980281
2022-06-13,86.98999786376953,94.81999969482422,4,1014.3839500810016,-2117.616782340873,228266.02498398625,50.3802952236798,LOSS,231433.98140268386,-1.368838058913015
2022-06-14,86.98999786376953,86.98999786376953,4,912.3917932764246,912.3917932764246,229178.41677726267,49.687346858055626,WIN,231433.98140268386,-0.9746039072354794
2022-06-15,89.30000305175781,86.98999786376953,4,912.0894994909709,912.0894994909709,230090.50627675364,49.67585424110495,WIN,231433.98140268386,-0.5805003732760543
2022-06-16,82.05000305175781,89.30000305175781,4,834.1396823931208,-2065.860317606879,228024.64595914676,45.89202243676685,LOSS,231433.98140268386,-1.4731351994524184
2022-06-17,81.56999969482422,82.05000305175781,4,801.1255202386302,609.1241774651927,228633.77013661194,47.2909630814031,LOSS,231433.98140268386,-1.2099395469499714
2022-06-21,83.79000091552734,81.56999969482422,4,794.8020640640058,794.8020640640058,229428.57220067596,47.224601736262116,WIN,231433.98140268386,-0.8665145843550878
2022-06-22,83.75,83.79000091552734,4,821.7034122390273,805.7030460280898,230234.27524670406,47.43261213276195,LOSS,231433.98140268386,-0.518379431018979
2022-06-23,82.43000030517578,83.75,4,815.3628675194132,287.36298958972566,230521.63823629377,47.197722025863754,LOSS,231433.98140268386,-0.3942131405511501
2022-06-24,87.08000183105469,82.43000030517578,4,787.0306892259962,787.0306892259962,231308.66892551977,46.57660242264066,WIN,231433.98140268386,-0.054146100933228684
2022-06-27,86.16000366210938,87.08000183105469,4,874.2386702073509,506.2394026292259,231814.908328149,48.20248707005063,LOSS,231814.908328149,0.0
2022-06-28,80.77999877929688,86.16000366210938,4,799.2795264080465,-1352.7224267169536,230462.18590143204,45.67976388432935,LOSS,231814.908328149,-0.5835355613980183
2022-06-29,77.98999786376953,80.77999877929688,4,761.9903337862786,-354.0100324246589,230108.1758690074,46.196412402495014,LOSS,231814.908328149,-0.7362479279053186
2022-06-30,76.47000122070312,77.98999786376953,4,741.3926092029023,133.39395197633985,230241.56982098374,46.438974893269865,LOSS,231814.908328149,-0.6787046262521204
2022-07-01,73.66999816894531,76.47000122070312,4,726.9579685066903,-393.04325219643465,229848.52656878732,46.43961631297693,LOSS,231814.908328149,-0.8482550900385334
2022-07-05,75.19999694824219,73.66999816894531,4,606.65626471738,606.65626471738,230455.1828335047,42.23397664644828,WIN,231814.908328149,-0.5865565353197795
2022-07-06,75.3499984741211,75.19999694824219,4,639.1399145622862,639.1399145622862,231094.32274806697,43.10846634858817,WIN,231814.908328149,-0.3108452278927603
2022-07-07,79.30000305175781,75.3499984741211,4,643.5210367679006,643.5210367679006,231737.84378483487,43.24480194434034,WIN,231814.908328149,-0.033243997924862864
2022-07-08,79.3499984741211,79.30000305175781,4,736.3915464084997,736.3915464084997,232474.23533124337,45.71104704270219,WIN,232474.23533124337,0.0
2022-07-11,76.94999694824219,79.3499984741211,4,734.1301847634094,-225.87042558815313,232248.3649056552,45.59744700977126,LOSS,232474.23533124337,-0.0971593369331128
2022-07-12,76.36000061035156,76.94999694824219,4,711.8430903862152,475.8445552299652,232724.20946088518,45.59388993427084,LOSS,232724.20946088518,0.0
2022-07-13,77.5199966430664,76.36000061035156,4,695.6200458904065,695.6200458904065,233419.8295067756,45.127645915836,WIN,233419.8295067756,0.0
2022-07-14,78.5999984741211,77.5199966430664,4,637.0595887740104,637.0595887740104,234056.88909554962,42.17849127989904,WIN,234056.88909554962,0.0
2022-07-15,81.11000061035156,78.5999984741211,4,650.6843606589412,650.6843606589412,234707.57345620857,42.3783243276626,WIN,234707.57345620857,0.0
2022-07-18,81.43000030517578,81.11000061035156,4,676.8096024308462,676.8096024308462,235384.38305863942,42.596317955519524,WIN,235384.38305863942,0.0
2022-07-19,85.87999725341797,81.43000030517578,4,580.2206334925636,580.2206334925636,235964.603692132,38.56501743854383,WIN,235964.603692132,0.0
2022-07-20,89.43000030517578,85.87999725341797,4,660.5042122718684,660.5042122718684,236625.10790440385,40.43563608335511,WIN,236625.10790440385,0.0
2022-07-21,91.08999633789062,89.43000030517578,4,703.0001669482984,703.0001669482984,237328.10807135215,40.99747857311648,WIN,237328.10807135215,0.0
2022-07-22,88.0999984741211,91.08999633789062,4,719.2496134180129,-476.7495320897996,236851.35853926235,41.113674445442875,LOSS,237328.10807135215,-0.20088203456560985
2022-07-25,87.54000091552734,88.0999984741211,4,711.9499333327545,487.95090989525454,237339.3094491576,41.7259151837669,LOSS,237339.3094491576,0.0
2022-07-26,85.25,87.54000091552734,4,658.9134492463601,-257.0869169645774,237082.222532193,39.89320744787125,LOSS,237339.3094491576,-0.10832041163398648
2022-07-27,89.81999969482422,85.25,4,651.6142421512426,651.6142421512426,237733.83677434424,40.278727792962016,WIN,237733.83677434424,0.0
2022-07-28,91.66999816894531,89.81999969482422,4,655.8016857216214,655.8016857216214,238389.63846006585,39.14674036533551,WIN,238389.63846006585,0.0
2022-07-29,94.47000122070312,91.66999816894531,4,639.0281928200159,639.0281928200159,239028.66665288588,38.05429410837422,WIN,239028.66665288588,0.0
2022-08-01,96.77999877929688,94.47000122070312,4,649.7853819390341,649.7853819390341,239678.4520348249,37.74757203293875,WIN,239678.4520348249,0.0
2022-08-02,99.29000091552734,96.77999877929688,4,615.260114066352,615.260114066352,240293.71214889127,36.02481496653294,WIN,240293.71214889127,0.0
2022-08-03,98.08999633789062,99.29000091552734,4,633.4531673186714,153.45133626398388,240447.16348515524,36.09929918015162,LOSS,240447.16348515524,0.0
2022-08-04,103.91000366210938,98.08999633789062,4,638.1565261549727,638.1565261549727,241085.32001131022,36.51599970402307,WIN,241085.32001131022,0.0
2022-08-05,102.30999755859375,103.91000366210938,4,689.9601887970304,49.957747390780355,241135.277758701,36.959664730983064,LOSS,241135.277758701,0.0
2022-08-08,100.06999969482422,102.30999755859375,4,694.8434850550741,-201.1556604527384,240934.12209824828,37.46094107905113,LOSS,241135.277758701,-0.0834202536942856
2022-08-09,95.54000091552734,100.06999969482422,4,664.753337434073,-1147.246174284677,239786.8759239636,36.9692717524527,LOSS,241135.277758701,-0.5591889528859026
2022-08-10,99.05000305175781,95.54000091552734,4,695.8309493569044,695.8309493569044,240482.7068733205,39.0867127498785,WIN,241135.277758701,-0.27062439450834364
2022-08-11,98.12000274658203,99.05000305175781,4,733.4861581709355,361.486036100623,240844.19290942114,39.49043292323809,LOSS,241135.277758701,-0.12071433594679212
2022-08-12,100.83000183105469,98.12000274658203,4,735.8376984959759,735.8376984959759,241580.0306079171,39.8018179401536,WIN,241580.0306079171,0.0
2022-08-15,101.01000213623047,100.83000183105469,4,752.9407930166728,752.9407930166728,242332.97140093378,39.6961972391873,WIN,242332.97140093378,0.0
2022-08-16,100.19999694824219,101.01000213623047,4,755.0355221978301,431.0334470025176,242764.0048479363,39.720772454556894,LOSS,242764.0048479363,0.0
2022-08-17,98.2699966430664,100.19999694824219,4,713.5270828670143,-58.473039203298185,242705.531808733,38.55058972644777,LOSS,242764.0048479363,-0.02408637114053253
2022-08-18,100.44000244140625,98.2699966430664,4,688.5465304605881,688.5465304605881,243394.0783391936,38.172419710055145,WIN,243394.0783391936,0.0
2022-08-19,95.94999694824219,100.44000244140625,4,706.0584583304442,-1089.9437389351808,242304.1346002584,38.24839514148988,LOSS,243394.0783391936,-0.4478102944707847
2022-08-22,92.83999633789062,95.94999694824219,4,695.6763718570116,-548.3238722836134,241755.81072797478,38.978461848078595,LOSS,243394.0783391936,-0.6730926333120286
2022-08-23,92.48999786376953,92.83999633789062,4,696.4341731057094,556.4347834572719,242312.24551143206,39.80869909584164,LOSS,243394.0783391936,-0.44447787519871207
2022-08-24,92.7300033569336,92.48999786376953,4,677.7817665819746,677.7817665819746,242990.02727801402,39.23562059368892,WIN,243394.0783391936,-0.16600693983051276
2022-08-25,97.18000030517578,92.7300033569336,4,629.0312889676352,629.0312889676352,243619.05856698166,37.43422162782562,WIN,243619.05856698166,0.0
2022-08-26,91.18000030517578,97.18000030517578,4,695.83400604916,-1704.16599395084,241914.8925730308,38.68033196139329,LOSS,243619.05856698166,-0.6995208026724653
2022-08-29,88.48999786376953,91.18000030517578,4,709.6661755299168,-366.3348010325832,241548.55777199822,40.74029677618747,LOSS,243619.05856698166,-0.8498927822652954
2022-08-30,86.94000244140625,88.48999786376953,4,688.5536105772849,68.55544163197237,241617.1132136302,40.73372219885917,LOSS,243619.05856698166,-0.8217523559639944
2022-08-31,84.87000274658203,86.94000244140625,4,662.7176014440948,-165.28227648559266,241451.8309371446,40.209712354045536,LOSS,243619.05856698166,-0.8895969151942147
2022-09-01,82.33000183105469,84.87000274658203,4,651.4787480094178,-364.5216182015197,241087.3093189431,40.38663096346565,LOSS,243619.05856698166,-1.0392246250892068
2022-09-02,80.23999786376953,82.33000183105469,4,559.1070297758764,-276.8945571381861,240810.41476180492,37.459281612954214,LOSS,243619.05856698166,-1.1528834491430098
2022-09-06,78.72000122070312,80.23999786376953,4,548.1069709179635,-59.89168630859899,240750.5230754963,37.59089568041705,LOSS,243619.05856698166,-1.177467603872488
2022-09-07,79.61000061035156,78.72000122070312,4,536.8157609522445,536.8157609522445,241287.33883644856,37.55273407830575,WIN,243619.05856698166,-0.9571171255027298
2022-09-08,82.77999877929688,79.61000061035156,4,528.9846585389269,528.9846585389269,241816.32349498747,36.97528330505435,WIN,243619.05856698166,-0.7399811339056374
2022-09-09,85.44999694824219,82.77999877929688,4,555.4798399614982,555.4798399614982,242371.80333494899,37.192279785579714,WIN,243619.05856698166,-0.5119694819318719
2022-09-12,84.63999938964844,85.44999694824219,4,603.0929170102514,279.0938935727514,242650.89722852173,38.34163155149278,LOSS,243619.05856698166,-0.39740788103971053
2022-09-13,77.02999877929688,84.63999938964844,4,574.7267391230052,-2469.2735050176198,240181.6237235041,37.45664039614432,LOSS,243619.05856698166,-1.410987655767686
2022-09-14,77.44999694824219,77.02999877929688,4,619.5905454215678,619.5905454215678,240801.21426892566,41.60136511505635,WIN,243619.05856698166,-1.1566600390918333
2022-09-15,76.66000366210938,77.44999694824219,4,627.3954185352804,311.39810408215544,241112.6123730078,41.79038599986849,LOSS,243619.05856698166,-1.0288383054746602
2022-09-16,76.51000213623047,76.66000366210938,4,620.2900040584686,560.2893937069061,241672.90176671473,41.75993042459757,LOSS,243619.05856698166,-0.7988524427089734
2022-09-19,76.7699966430664,76.51000213623047,4,603.4052872678219,603.4052872678219,242276.30705398254,41.0825428917378,WIN,243619.05856698166,-0.5511685008954013
2022-09-20,75.25,76.7699966430664,4,592.7414470194944,-15.257210207068056,242261.0498437755,40.53482039125158,LOSS,243619.05856698166,-0.5574312334980152
2022-09-21,74.4800033569336,75.25,4,575.0741858135164,267.07552858695385,242528.12537236244,40.27414088165304,LOSS,243619.05856698166,-0.4478028940085077
2022-09-22,69.5,74.4800033569336,4,568.5943067626528,-1423.4070360107849,241104.71833635165,40.24770181218555,LOSS,243619.05856698166,-1.032078625301275
2022-09-23,67.95999908447266,69.5,4,567.8342689793287,-48.166097231608774,241056.55223912004,42.0206521874004,LOSS,243619.05856698166,-1.051849696380418
2022-09-26,66.30000305175781,67.95999908447266,4,502.469738709002,-161.5286743769355,240895.0235647431,39.4520671694536,LOSS,243619.05856698166,-1.1181534885907114
2022-09-27,67.16999816894531,66.30000305175781,4,462.25824399890627,462.25824399890627,241357.28180874203,38.05845208928116,WIN,243619.05856698166,-0.9284071498937227
2022-09-28,68.36000061035156,67.16999816894531,4,475.90434565638856,475.90434565638856,241833.18615439843,38.431676730412974,WIN,243619.05856698166,-0.733059401463955
2022-09-29,64.13999938964844,68.36000061035156,4,497.03261253033116,-1190.967875750919,240642.21827864752,39.04594562797685,LOSS,243619.05856698166,-1.2219242229423863
2022-09-30,63.36000061035156,64.13999938964844,4,496.1489510777476,184.1494393589976,240826.3677180065,40.582451478966,LOSS,243619.05856698166,-1.1463351288697787
2022-10-03,66.11000061035156,63.36000061035156,4,486.5324645276896,486.5324645276896,241312.9001825342,40.3954366615275,WIN,243619.05856698166,-0.9466247829758306
2022-10-04,67.9000015258789,66.11000061035156,4,542.029621736411,542.029621736411,241854.92980427062,42.11532992559836,WIN,243619.05856698166,-0.7241341351074986
2022-10-05,67.94000244140625,67.9000015258789,4,570.3853912932343,570.3853912932343,242425.31519556386,42.78162486953328,WIN,243619.05856698166,-0.4900040983819791
2022-10-06,67.8499984741211,67.94000244140625,4,567.2994701582263,531.2978832441638,242956.61307880803,42.61505120329939,LOSS,243619.05856698166,-0.2719185814403332
2022-10-07,58.439998626708984,67.8499984741211,4,537.8686700811826,-3226.131268883661,239730.4818099244,41.21714758753151,LOSS,243619.05856698166,-1.5961709974296352
2022-10-10,57.810001373291016,58.439998626708984,4,595.5924203657247,343.5935189985372,240074.07532892292,48.705284566916504,LOSS,243619.05856698166,-1.455133789167022
2022-10-11,57.630001068115234,57.810001373291016,4,588.9969968810925,516.99687481078,240591.0722037337,48.69528497864797,LOSS,243619.05856698166,-1.2429185060722336
2022-10-12,57.849998474121094,57.630001068115234,4,539.5257989042794,539.5257989042794,241130.59800263797,45.96154484096325,WIN,243619.05856698166,-1.0214556196798976
2022-10-13,58.939998626708984,57.849998474121094,4,541.024303529042,541.024303529042,241671.622306167,45.92946841260736,WIN,243619.05856698166,-0.7993776317295906
2022-10-14,55.939998626708984,58.939998626708984,4,560.7410332923988,-639.2589667076012,241032.3633394594,46.4638055346167,LOSS,243619.05856698166,-1.0617786813304921
2022-10-17,57.959999084472656,55.939998626708984,4,543.3722607976783,543.3722607976783,241575.7356002571,47.12432755395129,WIN,243619.05856698166,-0.8387369111201026
2022-10-18,57.91999816894531,57.959999084472656,4,582.5636035665292,566.5632373555917,242142.29883761267,48.24099470024777,LOSS,243619.05856698166,-0.6061757803579082
2022-10-19,57.22999954223633,57.91999816894531,4,582.9464136312741,306.9469629476804,242449.24580056034,48.28580988656456,LOSS,243619.05856698166,-0.4801811374292341
2022-10-20,57.77000045776367,57.22999954223633,4,575.9702501354111,575.9702501354111,243025.21605069574,48.28398690850349,WIN,243619.05856698166,-0.24375864506620556
2022-10-21,58.81999969482422,57.77000045776367,4,556.4136520874861,556.4136520874861,243581.62970278322,46.8533005417967,WIN,243619.05856698166,-0.015363684770235232
2022-10-24,58.70000076293945,58.81999969482422,4,570.5367459857831,522.5371732318769,244104.1668760151,47.07876469598225,LOSS,244104.1668760151,0.0
2022-10-25,61.470001220703125,58.70000076293945,4,566.3169242117809,566.3169242117809,244670.48380022688,46.90659551186425,WIN,244670.48380022688,0.0
2022-10-26,59.72999954223633,61.470001220703125,4,615.3602030314343,-80.6404683552845,244589.84333187158,48.10741076167101,LOSS,244670.48380022688,-0.03295880528896987
2022-10-27,58.599998474121094,59.72999954223633,4,598.4367210049834,146.43629375888963,244736.27962563047,48.13483072414336,LOSS,244736.27962563047,0.0
2022-10-28,62.0099983215332,58.599998474121094,4,559.4812165761908,559.4812165761908,245295.76084220666,46.5752602563244,WIN,245295.76084220666,0.0
2022-10-31,60.060001373291016,62.0099983215332,4,625.6666994586569,-154.33207983821808,245141.42876236845,48.368781954299926,LOSS,245295.76084220666,-0.06291673337864288
2022-11-01,59.65999984741211,60.060001373291016,4,595.0306419684213,435.03003161685876,245576.4587939853,47.76521530791322,LOSS,245576.4587939853,0.0
2022-11-02,58.630001068115234,59.65999984741211,4,581.7648773384392,169.7653656196892,245746.224159605,47.249522102041055,LOSS,245746.224159605,0.0
2022-11-03,60.11000061035156,58.630001068115234,4,572.4591787697377,572.4591787697377,246318.6833383747,47.29116056559031,WIN,246318.6833383747,0.0
2022-11-04,62.189998626708984,60.11000061035156,4,595.6749431635011,595.6749431635011,246914.3582815382,47.773410119791144,WIN,246914.3582815382,0.0
2022-11-07,63.08000183105469,62.189998626708984,4,414.48202455967,414.48202455967,247328.84030609787,37.04165428740829,WIN,247328.84030609787,0.0
2022-11-08,63.849998474121094,63.08000183105469,4,418.7251890656845,418.7251890656845,247747.56549516355,36.95312868160273,WIN,247747.56549516355,0.0
2022-11-09,59.91999816894531,63.849998474121094,4,423.5817978262088,-1148.4183242441036,246599.14717091946,36.939939775331666,LOSS,247747.56549516355,-0.4635437373315021
2022-11-10,68.47000122070312,59.91999816894531,4,452.3181396547683,452.3181396547683,247051.46531057422,39.9649813830878,WIN,247747.56549516355,-0.28097155392750867
2022-11-11,72.37000274658203,68.47000122070312,4,729.8753019166472,729.8753019166472,247781.34061249087,50.253915994814896,WIN,247781.34061249087,0.0
2022-11-14,73.52999877929688,72.37000274658203,4,753.2759335522902,753.2759335522902,248534.61654604317,49.423461260741455,WIN,248534.61654604317,0.0
2022-11-15,76.37000274658203,73.52999877929688,4,759.8446166133616,759.8446166133616,249294.46116265652,49.17584530098296,WIN,249294.46116265652,0.0
2022-11-16,72.69999694824219,76.37000274658203,4,793.7348786177959,-674.2674407181416,248620.19372193838,49.3725451783278,LOSS,249294.46116265652,-0.27047028545018315
2022-11-17,73.9000015258789,72.69999694824219,4,788.4896732839084,788.4896732839084,249408.6833952223,50.86911407192005,WIN,249408.6833952223,0.0
2022-11-18,73.56999969482422,73.9000015258789,4,801.4788932137303,669.4781607918553,250078.16155601415,50.86795989050564,LOSS,250078.16155601415,0.0
2022-11-21,72.45999908447266,73.56999969482422,4,800.6437492703315,356.64350512970645,250434.80506114385,50.991305187484514,LOSS,250434.80506114385,0.0
2022-11-22,75.25,72.45999908447266,4,793.9261961535451,793.9261961535451,251228.7312572974,51.23604921511593,WIN,251228.7312572974,0.0
2022-11-23,76.4000015258789,75.25,4,818.7752794951791,818.7752794951791,252047.50653679256,50.98464732876489,WIN,252047.50653679256,0.0
2022-11-25,75.13999938964844,76.4000015258789,4,813.7452967942597,309.74444230207223,252357.25097909462,50.22525593695151,LOSS,252357.25097909462,0.0
2022-11-28,73.19000244140625,75.13999938964844,4,798.7119759222511,18.7131966253761,252375.96417572,50.15426661273048,LOSS,252375.96417572,0.0
2022-11-29,73.38999938964844,73.19000244140625,4,769.4771978767301,769.4771978767301,253145.44137359672,49.76986673737482,WIN,253145.44137359672,0.0
2022-11-30,77.62999725341797,73.38999938964844,4,753.7166931369203,753.7166931369203,253899.15806673365,48.964895517486994,WIN,253899.15806673365,0.0
2022-12-01,77.4800033569336,77.62999725341797,4,816.2850344939528,756.2874759002028,254655.44554263385,49.77533293548603,LOSS,254655.44554263385,0.0
2022-12-02,74.9800033569336,77.4800033569336,4,806.4074954520754,-193.5925045479246,254461.85303808592,49.42103762108498,LOSS,254655.44554263385,-0.07602134882111805
2022-12-05,73.62000274658203,74.9800033569336,4,801.4190256170464,257.4187814764214,254719.27181956233,50.34868202867206,LOSS,254719.27181956233,0.0
2022-12-06,70.2699966430664,73.62000274658203,4,789.5982072770722,-550.4042341291778,254168.86758543315,50.47066717907984,LOSS,254719.27181956233,-0.21608268200416078
2022-12-07,70.13999938964844,70.2699966430664,4,781.0718100225646,729.0729086553771,254897.94049408854,51.760386084469424,LOSS,254897.94049408854,0.0
2022-12-08,70.47000122070312,70.13999938964844,4,779.8589931019281,779.8589931019281,255677.79948719047,51.77133182562892,WIN,255677.79948719047,0.0
2022-12-09,68.58999633789062,70.47000122070312,4,736.5856614763163,-15.416291648683682,255662.38319554177,49.56829937924361,LOSS,255677.79948719047,-0.006029577726191672
2022-12-12,70.66999816894531,68.58999633789062,4,506.75191475334077,506.75191475334077,256169.13511029512,39.433948360310836,WIN,256169.13511029512,0.0
2022-12-13,71.6500015258789,70.66999816894531,4,487.1396471690269,487.1396471690269,256656.27475746415,37.796985877370474,WIN,256656.27475746415,0.0
2022-12-14,68.93000030517578,71.6500015258789,4,492.81775905933813,-595.1827292219118,256061.09202824224,37.74726455651606,LOSS,256656.27475746415,-0.2318987641289297
2022-12-15,66.52999877929688,68.93000030517578,4,466.72130403071776,-493.27930632084474,255567.8127219214,37.39279879178251,LOSS,256656.27475746415,-0.4240932884151536
2022-12-16,65.41000366210938,66.52999877929688,4,435.62338574894915,-12.374661126050853,255555.43806079534,36.65472653545152,LOSS,256656.27475746415,-0.4289147801701288
2022-12-19,64.58999633789062,65.41000366210938,4,423.4749126843421,95.47198299684209,255650.9100437922,36.41127585058122,LOSS,256656.27475746415,-0.39171639759129956
2022-12-20,65.05000305175781,64.58999633789062,4,418.7904094422605,418.7904094422605,256069.70045323446,36.44324465213546,WIN,256656.27475746415,-0.2285446965144332
2022-12-21,67.68000030517578,65.05000305175781,4,422.855780481243,422.855780481243,256492.5562337157,36.498293295799805,WIN,256656.27475746415,-0.06378902051125111
2022-12-22,63.86000061035156,67.68000030517578,4,442.6465533897128,-1085.3533245399747,255407.2029091757,36.629962575507946,LOSS,256656.27475746415,-0.48667107378099056
2022-12-23,64.5199966430664,63.86000061035156,4,446.1002935831188,446.1002935831188,255853.30320275883,38.10269388766879,WIN,256656.27475746415,-0.312858727285789
2022-12-27,63.27000045776367,64.5199966430664,4,454.28211030162527,-45.716363819468484,255807.58683893937,38.28575541418749,LOSS,256656.27475746415,-0.3306710187883688
2022-12-28,62.56999969482422,63.27000045776367,4,442.66848377484223,162.66817859906098,255970.25501753844,38.13874491940497,LOSS,256656.27475746415,-0.2672912402293663
2022-12-29,64.81999969482422,62.56999969482422,4,436.63552652209887,436.63552652209887,256406.89054406053,38.07873226761381,WIN,256656.27475746415,-0.0971666146246718
2022-12-30,64.7699966430664,64.81999969482422,4,417.2171092343848,397.2158885312598,256804.1064325918,36.2868852004097,LOSS,256804.1064325918,0.0
2023-01-03,64.0199966430664,64.7699966430664,4,417.1519759099824,117.15197590998241,256921.25840850177,36.29999313685252,LOSS,256921.25840850177,0.0
2023-01-04,64.66000366210938,64.0199966430664,4,403.5854920571991,403.5854920571991,257324.84390055898,35.848697686799774,WIN,257324.84390055898,0.0
2023-01-05,62.33000183105469,64.66000366210938,4,410.033168996619,-521.967563425256,256802.87633713373,35.97211825338348,LOSS,257324.84390055898,-0.202843827868777
2023-01-06,63.959999084472656,62.33000183105469,4,385.29234618470383,385.29234618470383,257188.16868331842,35.44335994134053,WIN,257324.84390055898,-0.053113883280298826
2023-01-09,67.23999786376953,63.959999084472656,4,410.1217310316424,410.1217310316424,257598.29041435005,36.20622504504672,WIN,257598.29041435005,0.0
2023-01-10,68.05000305175781,67.23999786376953,4,474.9614793336554,474.9614793336554,258073.25189368372,38.360908621646786,WIN,258073.25189368372,0.0
2023-01-11,69.05999755859375,68.05000305175781,4,473.44385094346205,473.44385094346205,258546.69574462718,38.00908584082673,WIN,258546.69574462718,0.0
2023-01-12,70.80000305175781,69.05999755859375,4,469.64854175180255,469.64854175180255,259016.344286379,37.49082842830155,WIN,259016.344286379,0.0
2023-01-13,71.0,70.80000305175781,4,488.5861024126891,488.5861024126891,259504.9303887917,37.82269183098248,WIN,259504.9303887917,0.0
2023-01-17,71.58999633789062,71.0,4,465.9900473766562,465.9900473766562,259970.92043616835,36.705876387145054,WIN,259970.92043616835,0.0
2023-01-18,70.52999877929688,71.58999633789062,4,446.2079627583288,22.20893932082879,259993.12937548917,35.61313316918122,LOSS,259993.12937548917,0.0
2023-01-19,67.70999908447266,70.52999877929688,4,438.2170872805999,-689.7827906490876,259303.34658484007,35.54823219321896,LOSS,259993.12937548917,-0.2653080842197553
2023-01-20,70.06999969482422,67.70999908447266,4,446.78850064634,446.78850064634,259750.1350854864,36.8226864077878,WIN,259993.12937548917,-0.09346181208189862
2023-01-23,76.52999877929688,70.06999969482422,4,477.7922237882624,477.7922237882624,260227.92730927467,37.551009847471796,WIN,260227.92730927467,0.0
2023-01-24,74.69999694824219,76.52999877929688,4,619.9026355700156,-112.0980968518594,260115.8292124228,41.78864884608248,LOSS,260227.92730927467,-0.043076889560221855
2023-01-25,74.91000366210938,74.69999694824219,4,560.0333650113823,560.0333650113823,260675.8625774342,39.794328484802676,WIN,260675.8625774342,0.0
2023-01-26,75.16000366210938,74.91000366210938,4,561.9636892527193,561.9636892527193,261237.8262666869,39.81004029711339,WIN,261237.8262666869,0.0
2023-01-27,75.4000015258789,75.16000366210938,4,552.3167820944682,552.3167820944682,261790.14304878138,39.30303318169776,WIN,261790.14304878138,0.0
2023-01-30,72.44999694824219,75.4000015258789,4,548.1171987420973,-631.8846323125902,261158.2584164688,39.041474931058545,LOSS,261790.14304878138,-0.24137067383581068
2023-01-31,75.1500015258789,72.44999694824219,4,547.8021111370117,547.8021111370117,261706.06052760582,40.0060078466964,WIN,261790.14304878138,-0.03211829146672282
2023-02-01,84.63999938964844,75.1500015258789,4,580.9743509711847,580.9743509711847,262287.034878577,40.56742547516093,WIN,262287.034878577,0.0
2023-02-02,88.30999755859375,84.63999938964844,4,838.6772318603283,838.6772318603283,263125.71211043734,47.77013530475437,WIN,263125.71211043734,0.0
2023-02-03,86.08999633789062,88.30999755859375,4,884.9096980657011,-3.09079021554885,263122.6213202218,48.139665079790056,LOSS,263125.71211043734,-0.0011746439337837068
2023-02-06,83.68000030517578,86.08999633789062,4,849.1165166927219,-114.88189639321558,263007.7394238286,47.61922454481504,LOSS,263125.71211043734,-0.04483510397464111
2023-02-07,85.91000366210938,83.68000030517578,4,848.1720616898691,848.1720616898691,263855.9114855185,48.52133628167436,WIN,263855.9114855185,0.0
2023-02-08,84.69000244140625,85.91000366210938,4,854.6507064967276,366.6502182154776,264222.561703734,47.90061009817671,LOSS,264222.561703734,0.0
2023-02-09,83.20999908447266,84.69000244140625,4,851.6306407866542,259.6292980132167,264482.1910017472,48.256624445768736,LOSS,264482.1910017472,0.0
2023-02-10,81.4800033569336,83.20999908447266,4,846.6663504263614,154.66805941073642,264636.859061158,48.65083270222064,LOSS,264636.859061158,0.0
2023-02-13,83.12999725341797,81.4800033569336,4,836.6536748257829,836.6536748257829,265473.51273598376,48.958908104428744,WIN,265473.51273598376,0.0
2023-02-14,85.94999694824219,83.12999725341797,4,854.9718053651026,854.9718053651026,266328.4845413489,49.013636017457195,WIN,266328.4845413489,0.0
2023-02-15,85.18000030517578,85.94999694824219,4,891.548771437404,583.5501142108415,266912.03465555975,49.30506711258205,LOSS,266912.03465555975,0.0
2023-02-16,80.08000183105469,85.18000030517578,4,880.343820391951,-1159.6555692564866,265752.3790863033,49.18013043914147,LOSS,266912.03465555975,-0.43447106862489404
2023-02-17,78.5,80.08000183105469,4,855.0989912058485,223.0982587839735,265975.4773450873,50.31436103494726,LOSS,266912.03465555975,-0.35088613058645646
2023-02-21,76.7699966430664,78.5,4,838.7211935318737,146.71985075843622,266122.1971958457,50.33515441727091,LOSS,266912.03465555975,-0.2959167655116383
2023-02-22,76.61000061035156,76.7699966430664,4,738.1740631523899,674.1756500664524,266796.3728459122,46.79993944215741,LOSS,266912.03465555975,-0.04333330634447771
2023-02-23,79.75,76.61000061035156,4,728.9849670953522,728.9849670953522,267525.35781300755,46.46966644486454,WIN,267525.35781300755,0.0
2023-02-24,78.08999633789062,79.75,4,777.037911531653,113.03644668790298,267638.39425969543,47.223339705043294,LOSS,267638.39425969543,0.0
2023-02-27,78.7699966430664,78.08999633789062,4,767.8891810564162,767.8891810564162,268406.28344075184,47.5208717954975,WIN,268406.28344075184,0.0
2023-02-28,78.58000183105469,78.7699966430664,4,774.9947307906442,698.9968059859567,269105.2802467378,47.538457097261784,LOSS,269105.2802467378,0.0
2023-03-01,78.29000091552734,78.58000183105469,4,750.8975305347619,634.8971643238244,269740.17741106165,46.60295367132414,LOSS,269740.17741106165,0.0
2023-03-02,80.44000244140625,78.29000091552734,4,734.7654796970519,734.7654796970519,270474.9428907587,46.03855391014437,WIN,270474.9428907587,0.0
2023-03-03,81.5199966430664,80.44000244140625,4,522.4882562094762,522.4882562094762,270997.43114696816,36.4814449733672,WIN,270997.43114696816,0.0
2023-03-06,81.16000366210938,81.5199966430664,4,492.52438207284206,348.52718969002956,271345.9583366582,34.981248209965,LOSS,271345.9583366582,0.0
2023-03-07,82.11000061035156,81.16000366210938,4,480.4555443238838,480.4555443238838,271826.4138809821,34.5780838612848,WIN,271826.4138809821,0.0
2023-03-08,85.37000274658203,82.11000061035156,4,475.1338840528148,475.1338840528148,272301.5477650349,34.137225784307596,WIN,272301.5477650349,0.0
2023-03-09,84.02999877929688,85.37000274658203,4,513.1941972794658,-22.80738963459669,272278.7403754003,34.88087408632022,LOSS,272301.5477650349,-0.008375784060648579
2023-03-10,82.66999816894531,84.02999877929688,4,506.0819792186528,-37.918264921972195,272240.8221104783,34.91799178083835,LOSS,272301.5477650349,-0.02230088482970721
2023-03-13,82.01000213623047,82.66999816894531,4,496.9894811633621,232.9910680774246,272473.81317855575,34.88191908336127,LOSS,272473.81317855575,0.0
2023-03-14,87.44999694824219,82.01000213623047,4,485.1836321506501,485.1836321506501,272958.9968107064,34.565833395804766,WIN,272958.9968107064,0.0
2023-03-15,89.68000030517578,87.44999694824219,4,596.9926449744027,596.9926449744027,273555.98945568077,37.57710303397404,WIN,273555.98945568077,0.0
2023-03-16,96.5999984741211,89.68000030517578,4,603.0903964709769,603.0903964709769,274159.07985215174,37.24056648254523,WIN,274159.07985215174,0.0
2023-03-17,97.83999633789062,96.5999984741211,4,752.0142651981938,752.0142651981938,274911.09411734995,40.7458949212667,WIN,274911.09411734995,0.0
2023-03-20,96.80999755859375,97.83999633789062,4,666.7127755508649,254.71326383211488,275165.80738118204,37.536236023627126,LOSS,275165.80738118204,0.0
2023-03-21,95.93000030517578,96.80999755859375,4,649.3883619303658,297.3894605631783,275463.19684174523,37.18417716785228,LOSS,275463.19684174523,0.0
2023-03-22,97.58000183105469,95.93000030517578,4,628.2682159847819,628.2682159847819,276091.46505773003,36.659562322187654,WIN,276091.46505773003,0.0
2023-03-23,100.27999877929688,97.58000183105469,4,635.1686640594436,635.1686640594436,276726.63372178946,36.52718659239154,WIN,276726.63372178946,0.0
2023-03-24,97.94999694824219,100.27999877929688,4,638.817914692038,-293.182817729837,276433.45090405963,36.067926753866104,LOSS,276726.63372178946,-0.10594672937213019
2023-03-27,96.61000061035156,97.94999694824219,4,627.7770280806864,91.77849292443636,276525.22939698404,36.19629845392399,LOSS,276726.63372178946,-0.07278096874762931
2023-03-28,94.55999755859375,96.61000061035156,4,632.9999753138014,-187.00124538932357,276338.2281515947,36.66908839677225,LOSS,276726.63372178946,-0.14035713330913202
2023-03-29,96.08999633789062,94.55999755859375,4,637.3736176452153,637.3736176452153,276975.60176923993,37.29182698896909,WIN,276975.60176923993,0.0
2023-03-30,97.87999725341797,96.08999633789062,4,644.3149851924159,644.3149851924159,277619.9167544324,37.17578938728704,WIN,277619.9167544324,0.0
2023-03-31,98.01000213623047,97.87999725341797,4,651.3699452241597,651.3699452241597,278271.2866996565,37.008619418212014,WIN,278271.2866996565,0.0
2023-04-03,96.55999755859375,98.01000213623047,4,653.603515209928,73.60168415524049,278344.88838381175,37.05479440352761,LOSS,278344.88838381175,0.0
2023-04-04,95.87000274658203,96.55999755859375,4,652.5126729051111,376.5147481004236,278721.4031319122,37.348621368509335,LOSS,278721.4031319122,0.0
2023-04-05,92.55999755859375,95.87000274658203,4,652.9706417890008,-671.0314334063117,278050.3716985059,37.525267055725735,LOSS,278721.4031319122,-0.2407534641638923
2023-04-06,92.47000122070312,92.55999755859375,4,641.6568361587421,605.6583010024921,278656.0299995084,37.92654035624119,LOSS,278721.4031319122,-0.023454651013229078
2023-04-10,95.4800033569336,92.47000122070312,4,633.1606780716535,633.1606780716535,279289.1906775801,37.644988536935976,WIN,279289.1906775801,0.0
2023-04-11,94.02999877929688,95.4800033569336,4,657.4498139576724,77.4479829029849,279366.63866048306,37.77242152913277,LOSS,279366.63866048306,0.0
2023-04-12,92.33000183105469,94.02999877929688,4,653.1112113736139,-26.887567923261145,279339.7510925598,37.97099152126091,LOSS,279366.63866048306,-0.009624473434698327
2023-04-13,92.08999633789062,92.33000183105469,4,573.0882396607251,477.0860423951001,279816.83713495487,35.52757678122453,LOSS,279816.83713495487,0.0
2023-04-14,91.75,92.08999633789062,4,559.9496233722024,423.9510882159524,280240.78822317085,35.10923429635275,LOSS,280240.78822317085,0.0
2023-04-17,89.87000274658203,91.75,4,397.4853646206168,-354.5135367465707,279886.2746864243,29.327621588201414,LOSS,280240.78822317085,-0.12650318998683277
2023-04-18,89.77999877929688,89.87000274658203,4,390.546373093027,354.5447861789645,280240.81947260327,29.371989360511275,LOSS,280240.81947260327,0.0
2023-04-19,89.94000244140625,89.77999877929688,4,389.0089203691702,389.0089203691702,280629.8283929724,29.329762684847154,WIN,280629.8283929724,0.0
2023-04-20,90.11000061035156,89.94000244140625,4,389.48461562782325,389.48461562782325,281019.31300860026,29.321761792092094,WIN,281019.31300860026,0.0
2023-04-21,88.43000030517578,90.11000061035156,4,377.464931844793,-294.5351902255195,280724.77781837474,28.85360020453909,LOSS,281019.31300860026,-0.10480959015671168
2023-04-24,87.56999969482422,88.43000030517578,4,341.10872528136025,-2.8915188592647496,280721.8862995155,27.75710808003791,LOSS,281019.31300860026,-0.10583852970833688
2023-04-25,83.80000305175781,87.56999969482422,4,327.71811432811666,-1180.280542898446,279541.60575661703,27.376679137616765,LOSS,281019.31300860026,-0.5258383262569593
2023-04-26,85.94000244140625,83.80000305175781,4,355.0568586514086,355.0568586514086,279896.66261526843,29.012412217623037,WIN,281019.31300860026,-0.39949225599931404
2023-04-27,87.44000244140625,85.94000244140625,4,386.2463419171567,386.2463419171567,280282.9089571856,29.8637383129288,WIN,281019.31300860026,-0.2620474883134293
2023-04-28,89.37000274658203,87.44000244140625,4,394.59139523685474,394.59139523685474,280677.5003524224,29.924386323958178,WIN,281019.31300860026,-0.12163315485985383
2023-05-01,89.69000244140625,89.37000274658203,4,408.3966930873312,408.3966930873312,281085.8970455098,30.112958109028007,WIN,281085.8970455098,0.0
2023-05-02,89.91000366210938,89.69000244140625,4,410.76434961362855,410.76434961362855,281496.6613951234,30.146341383461834,WIN,281496.6613951234,0.0
2023-05-03,81.62000274658203,89.91000366210938,4,409.3526538791557,-2906.647712331782,278590.0136827916,30.05735286084984,LOSS,281496.6613951234,-1.0325691601194043
2023-05-04,86.61000061035156,81.62000274658203,4,538.3352215806765,538.3352215806765,279128.3489043723,36.812991153522205,WIN,281496.6613951234,-0.8413288026271852
2023-05-05,89.83999633789062,86.61000061035156,4,638.0131435565896,638.0131435565896,279766.3620479289,39.362430711603295,WIN,281496.6613951234,-0.6146784614137059
2023-05-08,95.04000091552734,89.83999633789062,4,689.60823429448,689.60823429448,280455.97028222337,40.38585213126352,WIN,281496.6613951234,-0.3696992737826002
2023-05-09,95.05999755859375,95.04000091552734,4,771.596974547625,771.596974547625,281227.56725677097,41.84992749575674,WIN,281496.6613951234,-0.09559407810336999
2023-05-10,97.0199966430664,95.05999755859375,4,767.2683365813484,767.2683365813484,281994.8355933523,41.69368372060476,WIN,281994.8355933523,0.0
2023-05-11,97.0999984741211,97.0199966430664,4,781.9762345277645,781.9762345277645,282776.8118278801,41.6557761197243,WIN,282776.8118278801,0.0
2023-05-12,95.26000213623047,97.0999984741211,4,782.1209084279307,46.12237327168066,282822.9342011518,41.63874165038905,LOSS,282822.9342011518,0.0
2023-05-15,97.4000015258789,95.26000213623047,4,774.9940934550768,774.9940934550768,283597.92829460686,41.905857558844126,WIN,283597.92829460686,0.0
2023-05-16,101.4800033569336,97.4000015258789,4,788.4654410631841,788.4654410631841,284386.39373567,41.77211809216159,WIN,284386.39373567,0.0
2023-05-17,103.75,101.4800033569336,4,845.2581376205233,845.2581376205233,285231.65187329054,42.5465947947852,WIN,285231.65187329054,0.0
2023-05-18,107.93000030517578,103.75,4,867.9162545499871,867.9162545499871,286099.5681278405,42.66615142614334,WIN,286099.5681278405,0.0
2023-05-19,105.81999969482422,107.93000030517578,4,921.281854356852,77.28161021622702,286176.8497380568,43.229902102434366,LOSS,286176.8497380568,0.0
2023-05-22,108.0,105.81999969482422,4,904.2492488979614,904.2492488979614,287081.0989869547,43.260473477372926,WIN,287081.0989869547,0.0
2023-05-23,108.12000274658203,108.0,4,917.1079958819284,917.1079958819284,287998.20698283665,43.083792621440175,WIN,287998.20698283665,0.0
2023-05-24,108.2699966430664,108.12000274658203,4,859.6357398728471,859.6357398728471,288857.8427227095,41.29465325599134,WIN,288857.8427227095,0.0
2023-05-25,120.3499984741211,108.2699966430664,4,860.118454687138,860.118454687138,289717.96117739665,41.27297034862656,WIN,289717.96117739665,0.0
2023-05-26,127.02999877929688,120.3499984741211,4,1152.1656098729184,1152.1656098729184,290870.12678726955,46.661235059553135,WIN,290870.12678726955,0.0
2023-05-30,125.2699966430664,127.02999877929688,4,1244.1693024367848,540.1684479445973,291410.2952352141,47.39158658132773,LOSS,291410.2952352141,0.0
2023-05-31,118.20999908447266,125.2699966430664,4,1242.5338088439303,-1581.4652145935697,289828.83002062055,47.80349985916664,LOSS,291410.2952352141,-0.54269366609614
2023-06-01,119.47000122070312,118.20999908447266,4,1260.833588247948,1260.833588247948,291089.6636088685,50.27463988851618,WIN,291410.2952352141,-0.11002755619420528
2023-06-02,117.86000061035156,119.47000122070312,4,1052.1299731030037,408.12972896237875,291497.79333783087,44.125243024451784,LOSS,291497.79333783087,0.0
2023-06-05,117.93000030517578,117.86000061035156,4,1020.117188456671,1020.117188456671,292517.9105262875,43.62481307082345,WIN,292517.9105262875,0.0
2023-06-06,124.2300033569336,117.93000030517578,4,1015.0425265092165,1015.0425265092165,293532.9530527967,43.46551013682361,WIN,293532.9530527967,0.0
2023-06-07,117.83000183105469,124.2300033569336,4,1061.1447638080913,-1498.8558465434712,292034.09720625327,43.24926622202622,LOSS,293532.9530527967,-0.5106260918765919
2023-06-08,121.05000305175781,117.83000183105469,4,1086.427319230582,1086.427319230582,293120.52452548384,45.49325786687222,WIN,293532.9530527967,-0.14050501758781922
2023-06-09,124.91999816894531,121.05000305175781,4,1119.4029400092047,1119.4029400092047,294239.92746549303,45.583041320459344,WIN,294239.92746549303,0.0
2023-06-12,129.19000244140625,124.91999816894531,4,1160.0313863664778,1160.0313863664778,295399.9588518595,45.711201232211565,WIN,295399.9588518595,0.0
2023-06-13,124.52999877929688,129.19000244140625,4,1183.700982715133,-680.300482128617,294719.65836973087,45.30205867078817,LOSS,295399.9588518595,-0.23029809644279442
2023-06-14,127.33000183105469,124.52999877929688,4,1191.4284743508026,1191.4284743508026,295911.08684408164,46.64120572304802,WIN,295911.08684408164,0.0
2023-06-15,124.23999786376953,127.33000183105469,4,1202.7986423599903,-33.202944554072246,295877.88389952754,46.24073312659881,LOSS,295911.08684408164,-0.011220581461887716
2023-06-16,120.08000183105469,124.23999786376953,4,1195.5615635290974,-468.4368495568401,295409.4470499707,46.8250827888976,LOSS,295911.08684408164,-0.16952382536963867
2023-06-20,118.93000030517578,120.08000183105469,4,1168.168239685026,708.1676293334635,296117.6146793041,47.17316168972787,LOSS,296117.6146793041,0.0
2023-06-21,112.11000061035156,118.93000030517578,4,1149.2208595706572,-1578.7790183590303,294538.8356609451,46.9573760627023,LOSS,296117.6146793041,-0.5331594407407497
2023-06-22,110.69999694824219,112.11000061035156,4,1144.7263045475988,580.7248397038488,295119.5605006489,48.76885541631249,LOSS,296117.6146793041,-0.3370465413670511
2023-06-23,110.01000213623047,110.69999694824219,4,1133.9691019534857,857.9711771487982,295977.5316777977,48.8776007329399,LOSS,296117.6146793041,-0.04730654123973968
2023-06-26,107.51000213623047,110.01000213623047,4,1127.9577370694608,127.95773706946079,296105.4894148672,48.909367372584256,LOSS,296117.6146793041,-0.004094746085966399
2023-06-27,110.38999938964844,107.51000213623047,4,883.700276972553,883.700276972553,296989.18969183974,42.18411217480991,WIN,296989.18969183974,0.0
2023-06-28,110.16999816894531,110.38999938964844,4,850.7346687451635,762.7341804639135,297751.9238723036,40.48727667412781,LOSS,297751.9238723036,0.0
2023-06-29,111.23999786376953,110.16999816894531,4,848.1557704283512,848.1557704283512,298600.079642732,40.460756999340106,WIN,298600.079642732,0.0
2023-06-30,113.91000366210938,111.23999786376953,4,799.3138227601758,799.3138227601758,299399.3934654922,38.76377241922533,WIN,299399.3934654922,0.0
2023-07-03,115.81999969482422,113.91000366210938,4,830.9748875870412,830.9748875870412,300230.3683530792,39.125985730111125,WIN,300230.3683530792,0.0
2023-07-05,113.94999694824219,115.81999969482422,4,849.0160838956506,101.01498526283808,300331.383338342,39.24328076973549,LOSS,300331.383338342,0.0
2023-07-06,113.4800033569336,113.94999694824219,4,840.7574361819167,652.7599996584792,300984.1433380005,39.40143866432027,LOSS,300984.1433380005,0.0
2023-07-07,113.16999816894531,113.4800033569336,4,760.3687870776934,636.3667118823809,301620.5100498829,37.15970496775283,LOSS,301620.5100498829,0.0
2023-07-10,113.58000183105469,113.16999816894531,4,695.209546054313,695.209546054313,302315.71959593723,35.316245445987704,WIN,302315.71959593723,0.0
2023-07-11,111.31999969482422,113.58000183105469,4,673.7043110491896,-230.29654344299786,302085.42305249424,34.616724285666756,LOSS,302315.71959593723,-0.07617749541796845
2023-07-12,114.58000183105469,111.31999969482422,4,629.416990177757,629.416990177757,302714.840042672,33.6992547558208,WIN,302714.840042672,0.0
2023-07-13,115.91999816894531,114.58000183105469,4,636.5179796585753,636.5179796585753,303351.35802233056,33.37218812495063,WIN,303351.35802233056,0.0
2023-07-14,115.94000244140625,115.91999816894531,4,620.3948915186976,620.3948915186976,303971.75291384925,32.6998212510874,WIN,303971.75291384925,0.0
2023-07-17,118.31999969482422,115.94000244140625,4,597.7786047054582,597.7786047054582,304569.5315185547,32.051637633925395,WIN,304569.5315185547,0.0
2023-07-18,117.93000030517578,118.31999969482422,4,614.5919849666486,458.5922291072736,305028.123747662,32.17859992170907,LOSS,305028.123747662,0.0
2023-07-19,116.43000030517578,117.93000030517578,4,576.3142529301272,-23.685747069872832,305004.4380005921,31.16196246003246,LOSS,305028.123747662,-0.007765102699016388
2023-07-20,110.25,116.43000030517578,4,571.3317932720042,-1900.6683287983083,303103.7696717938,31.228654955125556,LOSS,305028.123747662,-0.630877589982539
2023-07-21,110.94999694824219,110.25,4,524.9457290626617,524.9457290626617,303628.71540085645,30.746891733620117,WIN,305028.123747662,-0.45878010512998585
2023-07-24,110.61000061035156,110.94999694824219,4,524.3338432232637,388.33530806701367,304017.0507089235,30.629303642417362,LOSS,305028.123747662,-0.3314687925546609
2023-07-25,113.0,110.61000061035156,4,521.5956865779085,521.5956865779085,304538.6463955014,30.59547581586383,WIN,305028.123747662,-0.16046958101658093
2023-07-26,110.08999633789062,113.0,4,525.9795783068469,-638.0218865369031,303900.6245089645,30.393928748877663,LOSS,305028.123747662,-0.3696377976052653
2023-07-27,111.0999984741211,110.08999633789062,4,515.5982283262613,515.5982283262613,304416.2227372907,30.488971908831786,WIN,305028.123747662,-0.2006047845206172
2023-07-28,112.95999908447266,111.0999984741211,4,522.9437356041864,522.9437356041864,304939.1664728949,30.566821479413345,WIN,305028.123747662,-0.02916363044631762
2023-07-31,114.4000015258789,112.95999908447266,4,538.0260916594448,538.0260916594448,305477.19256455434,30.752072071220958,WIN,305477.19256455434,0.0
2023-08-01,117.5999984741211,114.4000015258789,4,530.1819810540883,530.1819810540883,306007.3745456084,30.327028548589645,WIN,306007.3745456084,0.0
2023-08-02,109.3499984741211,117.5999984741211,4,563.4019043524042,-2736.598095647596,303270.77644996083,30.84418948169337,LOSS,306007.3745456084,-0.8942915508853893
2023-08-03,113.1500015258789,109.3499984741211,4,664.7175573529904,664.7175573529904,303935.4940073138,35.10376512797274,WIN,306007.3745456084,-0.6770688259951773
2023-08-04,115.81999969482422,113.1500015258789,4,722.2464772168748,722.2464772168748,304657.7404845307,36.110081067600376,WIN,306007.3745456084,-0.4410462535688243
2023-08-07,116.80999755859375,115.81999969482422,4,753.0313964762781,753.0313964762781,305410.77188100695,36.502480246822024,WIN,306007.3745456084,-0.19496349246071698
2023-08-08,113.2300033569336,116.80999755859375,4,760.6602995962121,-671.3373810678504,304739.4344999391,36.53623434417452,LOSS,306007.3745456084,-0.41434950629934814
2023-08-09,110.47000122070312,113.2300033569336,4,752.36145748031,-351.63939701187746,304387.7951029272,36.97475551431556,LOSS,306007.3745456084,-0.5292615725637791
2023-08-10,110.2300033569336,110.47000122070312,4,727.0286829830105,631.029537475198,305018.8246404024,36.76537826931079,LOSS,306007.3745456084,-0.3230477391840378
2023-08-11,107.56999969482422,110.2300033569336,4,720.8095638231481,-343.1919010206019,304675.6327393818,36.62617697581055,LOSS,306007.3745456084,-0.4351992523723053
2023-08-14,111.9800033569336,107.56999969482422,4,714.5009262422509,714.5009262422509,305390.1336656241,36.96699553459766,WIN,306007.3745456084,-0.20170784475403025
2023-08-15,111.3499984741211,111.9800033569336,4,778.169071610324,526.167118485324,305916.3007841094,37.982248835986596,LOSS,306007.3745456084,-0.029761949898840512
2023-08-16,107.19000244140625,111.3499984741211,4,774.023885561306,-889.9745275246315,305026.3262565848,37.98916410060708,LOSS,306007.3745456084,-0.3205962897071985
2023-08-17,104.44000244140625,107.19000244140625,4,769.9882154299912,-330.0117845700088,304696.3144720148,38.75684863417867,LOSS,306007.3745456084,-0.42844067909815237
2023-08-18,105.44999694824219,104.44000244140625,4,704.9166879383301,704.9166879383301,305401.2311599531,37.32183798959697,WIN,306007.3745456084,-0.19808130001944224
2023-08-21,108.22000122070312,105.44999694824219,4,713.34419335853,713.34419335853,306114.57535331167,37.37234932952391,WIN,306114.57535331167,0.0
2023-08-22,105.66000366210938,108.22000122070312,4,750.3834090443627,-273.6156143931373,305840.9597389185,37.93161922341157,LOSS,306114.57535331167,-0.08938339968861068
2023-08-23,109.43000030517578,105.66000366210938,4,730.9632750628592,730.9632750628592,306571.9230139814,37.879365137093465,WIN,306571.9230139814,0.0
2023-08-24,101.80000305175781,109.43000030517578,4,775.6155882401627,-2276.383313127025,304295.53970085434,38.44062361493347,LOSS,306571.9230139814,-0.7425283081201213
2023-08-25,102.25,101.80000305175781,4,813.3352998689487,813.3352998689487,305108.8750007233,41.4229232742423,WIN,306571.9230139814,-0.4772283119975609
2023-08-28,102.61000061035156,102.25,4,809.8653905422052,809.8653905422052,305918.7403912655,41.19440609795693,WIN,306571.9230139814,-0.21306015772556583
2023-08-29,105.91999816894531,102.61000061035156,4,808.062129084283,808.062129084283,306726.8025203498,41.04438437688093,WIN,306726.8025203498,0.0
2023-08-30,106.58999633789062,105.91999816894531,4,840.2077322452151,840.2077322452151,307567.010252595,41.234195000747974,WIN,307567.010252595,0.0
2023-08-31,105.72000122070312,106.58999633789062,4,749.2727509933114,401.27470411831143,307968.2849567133,38.24783553094122,LOSS,307968.2849567133,0.0
2023-09-01,109.44999694824219,105.72000122070312,4,712.7305388829845,712.7305388829845,308681.01549559634,37.29601466032889,WIN,308681.01549559634,0.0
2023-09-05,110.77999877929688,109.44999694824219,4,756.1450718299657,756.1450718299657,309437.1605674263,37.84801131715896,WIN,309437.1605674263,0.0
2023-09-06,109.27999877929688,110.77999877929688,4,767.5529163256496,167.55291632564956,309604.7134837519,37.91426878788198,LOSS,309604.7134837519,0.0
2023-09-07,106.58999633789062,109.27999877929688,4,740.3892565650083,-335.6117199974917,309269.10176375444,37.40672890895611,LOSS,309604.7134837519,-0.10840006801611443
2023-09-08,106.08999633789062,106.58999633789062,4,722.428966675219,522.428966675219,309791.5307304297,37.41494806502476,LOSS,309791.5307304297,0.0
2023-09-11,105.31999969482422,106.08999633789062,4,719.2749645305223,411.2763073039598,310202.80703773367,37.42226819343017,LOSS,310202.80703773367,0.0
2023-09-12,105.30999755859375,105.31999969482422,4,702.3675412667633,698.3666867745758,310901.17372450826,37.05528209908306,LOSS,310901.17372450826,0.0
2023-09-13,107.70999908447266,105.30999755859375,4,657.2567803658857,657.2567803658857,311558.43050487415,35.64070397722212,WIN,311558.43050487415,0.0
2023-09-14,106.62999725341797,107.70999908447266,4,687.831156540988,255.830424119113,311814.2609289933,36.11955946149173,LOSS,311814.2609289933,0.0
2023-09-15,101.48999786376953,106.62999725341797,4,648.2484020173097,-1407.7513538420653,310406.5095751512,35.10578757983892,LOSS,311814.2609289933,-0.45147112567845793
2023-09-18,102.37000274658203,101.48999786376953,4,657.2415921490499,657.2415921490499,311063.7511673003,36.41710809828592,WIN,311814.2609289933,-0.24069128828713876
2023-09-19,101.61000061035156,102.37000274658203,4,662.4479417917864,358.44708729959893,311422.1982545999,36.40119741481322,LOSS,311814.2609289933,-0.12573596641325288
2023-09-20,100.33999633789062,101.61000061035156,4,638.9933001872242,130.99159120284924,311553.1898458027,35.79787116888873,LOSS,311814.2609289933,-0.08372647306532631
2023-09-21,96.11000061035156,100.33999633789062,4,622.5632441692105,-1069.4350468464145,310483.75479895633,35.51957817915668,LOSS,311814.2609289933,-0.4266982934240908
2023-09-22,96.19999694824219,96.11000061035156,4,592.7806443156204,592.7806443156204,311076.535443272,35.397853461032625,WIN,311814.2609289933,-0.23659132315609765
2023-09-25,97.37999725341797,96.19999694824219,4,482.7562763148633,482.7562763148633,311559.2917195868,31.59632395404208,WIN,311814.2609289933,-0.08176957931520926
2023-09-26,95.95999908447266,97.37999725341797,4,493.62046696509685,-74.37880061302815,311484.9129189738,31.764184566602317,LOSS,311814.2609289933,-0.1056231389283748
2023-09-27,98.06999969482422,95.95999908447266,4,489.37907223267894,489.37907223267894,311974.29199120647,31.866081366197765,WIN,311974.29199120647,0.0
2023-09-28,102.76000213623047,98.06999969482422,4,481.5279382855194,481.5279382855194,312455.81992949196,31.23844164879175,WIN,312455.81992949196,0.0
2023-09-29,102.81999969482422,102.76000213623047,4,577.4338558262225,577.4338558262225,313033.2537853182,33.583913358136584,WIN,313033.2537853182,0.0
2023-10-02,103.2699966430664,102.81999969482422,4,576.5858085045613,576.5858085045613,313609.8395938227,33.545791958276126,WIN,313609.8395938227,0.0
2023-10-03,100.08000183105469,103.2699966430664,4,540.3136729159658,-735.6842518887217,312874.155341934,32.30337531437695,LOSS,313609.8395938227,-0.23458583214147477
2023-10-04,104.06999969482422,100.08000183105469,4,537.4621212977008,537.4621212977008,313411.6174632317,32.76068003165376,WIN,313609.8395938227,-0.06320660437431505
2023-10-05,102.91000366210938,104.06999969482422,4,608.9118123743323,144.91339928839477,313556.5308625201,34.3503078533235,LOSS,313609.8395938227,-0.016998424338873653
2023-10-06,107.23999786376953,102.91000366210938,4,590.4771818443462,590.4771818443462,314147.00804436445,33.975995073664706,WIN,314147.00804436445,0.0
2023-10-09,106.97000122070312,107.23999786376953,4,663.777839432712,555.7791822061495,314702.7872265706,35.47033667379481,LOSS,314702.7872265706,0.0
2023-10-10,109.01000213623047,106.97000122070312,4,660.6494149652572,660.6494149652572,315363.43664153584,35.42528320851428,WIN,315363.43664153584,0.0
2023-10-11,108.30999755859375,109.01000213623047,4,681.3192183304773,401.31738727578977,315764.75402881164,35.670135536033655,LOSS,315764.75402881164,0.0
2023-10-12,108.79000091552734,108.30999755859375,4,666.3266431995519,666.3266431995519,316431.0806720112,35.345935619756226,WIN,316431.0806720112,0.0
2023-10-13,105.08999633789062,108.79000091552734,4,666.3676601543864,-813.6341709003011,315617.4465011109,35.25741216641626,LOSS,316431.0806720112,-0.25712839875663984
2023-10-16,106.45999908447266,105.08999633789062,4,611.3112426920084,611.3112426920084,316228.7577438029,34.23800525956619,WIN,316431.0806720112,-0.06393901881528147
2023-10-17,105.13999938964844,106.45999908447266,4,621.3896667497738,93.38978882008632,316322.14753262297,34.303524089135905,LOSS,316431.0806720112,-0.03442554984070247
2023-10-18,102.16999816894531,105.13999938964844,4,616.943988713452,-571.056499567798,315751.09103305516,34.4060345309544,LOSS,316431.0806720112,-0.2148934414128735
2023-10-19,102.4000015258789,102.16999816894531,4,617.5119861732162,617.5119861732162,316368.6030192284,34.98853841998594,WIN,316431.0806720112,-0.019744474104794654
2023-10-20,101.80999755859375,102.4000015258789,4,565.838080208888,329.83649329482546,316698.4395125232,33.27474145818972,LOSS,316698.4395125232,0.0
2023-10-23,100.01000213623047,101.80999755859375,4,564.6951450088594,-155.3030239364531,316543.1364885867,33.34351925260516,LOSS,316698.4395125232,-0.04903813993384665
2023-10-24,101.66999816894531,100.01000213623047,4,562.9139306378008,562.9139306378008,317106.05041922454,33.614766500714154,WIN,317106.05041922454,0.0
2023-10-25,96.05999755859375,101.66999816894531,4,569.9239562938104,-1674.0762878468145,315431.9741313777,33.538864484705506,LOSS,317106.05041922454,-0.5279231618676635
2023-10-26,93.66999816894531,96.05999755859375,4,605.7064398615611,-350.2933159978139,315081.6808153799,35.853485427251904,LOSS,317106.05041922454,-0.6383888295945056
2023-10-27,96.43000030517578,93.66999816894531,4,542.8806708059003,542.8806708059003,315624.5614861858,34.16738649799244,WIN,317106.05041922454,-0.4671903708807027
2023-10-30,96.18000030517578,96.43000030517578,4,585.4079656071315,485.4079656071315,316109.96945179295,35.077308508905894,LOSS,317106.05041922454,-0.3141160397648501
2023-10-31,98.5,96.18000030517578,4,582.561845889125,582.561845889125,316692.5312976821,35.03163031096415,WIN,317106.05041922454,-0.13040404653136414
2023-11-01,108.04000091552734,98.5,4,592.4963655335185,592.4963655335185,317285.0276632156,34.89337609024507,WIN,317285.0276632156,0.0
2023-11-02,107.83000183105469,108.04000091552734,4,833.2446284824205,749.244994693358,318034.27265790896,40.50627139905984,LOSS,318034.27265790896,0.0
2023-11-03,112.25,107.83000183105469,4,828.0567492229771,828.0567492229771,318862.32940713194,40.396830574633526,WIN,318862.32940713194,0.0
2023-11-06,111.75,112.25,4,860.1340040220755,660.1340040220755,319522.463411154,40.34187827207842,LOSS,319522.463411154,0.0
2023-11-07,113.44999694824219,111.75,4,856.8330983246863,856.8330983246863,320379.2965094787,40.357575987204406,WIN,320379.2965094787,0.0
2023-11-08,113.58999633789062,113.44999694824219,4,867.3414123399119,867.3414123399119,321246.6379218186,40.28393279602564,WIN,321246.6379218186,0.0
2023-11-09,113.48999786376953,113.58999633789062,4,866.5979239662167,826.5985343177792,322073.2364561364,40.2311236400517,LOSS,322073.2364561364,0.0
2023-11-10,118.58999633789062,113.48999786376953,4,866.0610762108361,866.0610762108361,322939.2975323472,40.23771115271922,WIN,322939.2975323472,0.0
2023-11-13,116.79000091552734,118.58999633789062,4,908.3335132546188,188.33534430930627,323127.6328766565,40.33123216322948,LOSS,323127.6328766565,0.0
2023-11-14,119.87999725341797,116.79000091552734,4,903.5004348578072,903.5004348578072,324031.1333115143,40.58478295801884,WIN,324031.1333115143,0.0
2023-11-15,118.0,119.87999725341797,4,929.1094211544599,177.11051978727244,324208.2438313016,40.631803944170805,LOSS,324208.2438313016,0.0
2023-11-16,119.83000183105469,118.0,4,897.3573962161948,897.3573962161948,325105.60122751776,40.15025961369179,WIN,325105.60122751776,0.0
2023-11-17,120.62000274658203,119.83000183105469,4,911.8146891663663,911.8146891663663,326017.41591668414,40.16518059382885,WIN,326017.41591668414,0.0
2023-11-20,121.52999877929688,120.62000274658203,4,912.9143559209977,912.9143559209977,326930.3302726051,40.03051213593291,WIN,326930.3302726051,0.0
2023-11-21,119.16000366210938,121.52999877929688,4,901.604221025508,-46.39382584949203,326883.9364467556,39.53530582777777,LOSS,326930.3302726051,-0.014190737766922238
2023-11-22,122.51000213623047,119.16000366210938,4,902.7810875619583,902.7810875619583,327786.7175343176,40.05595599000553,WIN,327786.7175343176,0.0
2023-11-24,122.30999755859375,122.51000213623047,4,824.1504874802603,744.1486564255728,328530.86619074317,37.248155199000806,LOSS,328530.86619074317,0.0
2023-11-27,122.6500015258789,122.30999755859375,4,788.2063659944356,788.2063659944356,329319.0725567376,36.31262844253804,WIN,329319.0725567376,0.0
2023-11-28,122.01000213623047,122.6500015258789,4,785.7162545807173,529.7164987213423,329848.7890554589,36.18640220973691,LOSS,329848.7890554589,0.0
2023-11-29,123.8499984741211,122.01000213623047,4,784.0779306616695,784.0779306616695,330632.8669861206,36.2531265542134,WIN,330632.8669861206,0.0
2023-11-30,121.16000366210938,123.8499984741211,4,791.912668125155,-284.08525667953245,330348.7817294411,36.146588673339664,LOSS,330632.8669861206,-0.08592166267954023
2023-12-01,121.38999938964844,121.16000366210938,4,545.3388894034762,545.3388894034762,330894.1206188446,29.885595885643063,WIN,330894.1206188446,0.0
2023-12-04,118.56999969482422,121.38999938964844,4,544.4763697507611,-583.5235081789264,330310.59711066564,29.833893611035478,LOSS,330894.1206188446,-0.17634749964357974
2023-12-05,118.37999725341797,118.56999969482422,4,508.78000342289243,432.77902686039243,330743.376137526,29.19104078354742,LOSS,330894.1206188446,-0.0455567119284703
2023-12-06,116.81999969482422,118.37999725341797,4,506.53329083129347,-117.46573260620653,330625.9104049198,29.15105116371404,LOSS,330894.1206188446,-0.08105620414867035
2023-12-07,128.3699951171875,116.81999969482422,4,502.92382760043176,502.92382760043176,331128.83423252025,29.23783790998437,WIN,331128.83423252025,0.0
2023-12-08,128.9199981689453,128.3699951171875,4,868.3946958337228,868.3946958337228,331997.228928354,37.372404888367754,WIN,331997.228928354,0.0
2023-12-11,134.41000366210938,128.9199981689453,4,870.6444985946449,870.6444985946449,332867.8734269486,37.33467321153391,WIN,332867.8734269486,0.0
2023-12-12,137.61000061035156,134.41000366210938,4,902.4425601134137,902.4425601134137,333770.31598706206,37.204807320208715,WIN,333770.31598706206,0.0
2023-12-13,138.19000244140625,137.61000061035156,4,915.9026632967239,915.9026632967239,334686.2186503588,37.01194191443971,WIN,334686.2186503588,0.0
2023-12-14,138.0,138.19000244140625,4,909.479032622103,833.478056059603,335519.6967064184,36.7658233268897,LOSS,335519.6967064184,0.0
2023-12-15,139.14999389648438,138.0,4,893.2237050831712,893.2237050831712,336412.9204115016,36.40622997099431,WIN,336412.9204115016,0.0
2023-12-18,138.89999389648438,139.14999389648438,4,898.8372703632444,798.8372703632444,337211.75768186484,36.362737969884265,LOSS,337211.75768186484,0.0
2023-12-19,140.14999389648438,138.89999389648438,4,900.0751149926562,900.0751149926562,338111.8327968575,36.43066072885466,WIN,338111.8327968575,0.0
2023-12-20,135.47000122070312,140.14999389648438,4,908.2536115277046,-963.7434587847954,337148.08933807275,36.43251238074842,LOSS,338111.8327968575,-0.2850368917327417
2023-12-21,139.91000366210938,135.47000122070312,4,907.0089060143904,907.0089060143904,338055.09824408713,37.14254060503486,WIN,338111.8327968575,-0.016779818766199266
2023-12-22,139.60000610351562,139.91000366210938,4,943.6606618639489,819.6616384264489,338874.75988251355,37.30622693138757,LOSS,338874.75988251355,0.0
2023-12-26,143.41000366210938,139.60000610351562,4,941.8966208628547,941.8966208628547,339816.6565033764,37.31396947152826,WIN,339816.6565033764,0.0
2023-12-27,146.07000732421875,143.41000366210938,4,979.2657174372966,979.2657174372966,340795.9222208137,37.58292212563131,WIN,340795.9222208137,0.0
2023-12-28,148.75999450683594,146.07000732421875,4,994.1107337646954,994.1107337646954,341790.0329545784,37.507784327033065,WIN,341790.0329545784,0.0
2023-12-29,147.41000366210938,148.75999450683594,4,1014.0202819017392,474.02394401111417,342264.05689858954,37.54340539590037,LOSS,342264.05689858954,0.0
2024-01-02,138.5800018310547,147.41000366210938,4,983.6303390137539,-2548.3703934081213,339715.6865051814,37.068051645038096,LOSS,342264.05689858954,-0.744562667929568
2024-01-03,135.32000732421875,138.5800018310547,4,1061.1857943128389,-242.81200842153612,339472.8744967599,40.325025882965676,LOSS,342264.05689858954,-0.8155055564764254
2024-01-04,136.00999450683594,135.32000732421875,4,1036.7012239929625,1036.7012239929625,340509.5757207529,40.336733983374785,WIN,342264.05689858954,-0.5126104078046667
2024-01-05,138.5800018310547,136.00999450683594,4,1039.9935611455076,1039.9935611455076,341549.5692818984,40.28825489880785,WIN,342264.05689858954,-0.20875333015258857
2024-01-08,146.17999267578125,138.5800018310547,4,1050.1193343074922,1050.1193343074922,342599.6886162059,40.06092662007487,WIN,342599.6886162059,0.0
2024-01-09,149.25999450683594,146.17999267578125,4,913.1861399449766,913.1861399449766,343512.8747561509,35.66000434447383,WIN,343512.8747561509,0.0
2024-01-10,148.5399932861328,149.25999450683594,4,938.9899664591512,650.9894781779012,344163.8642343288,35.80542364218377,LOSS,344163.8642343288,0.0
2024-01-11,148.02000427246094,148.5399932861328,4,891.4388680353167,683.4432625665667,344847.3074968954,34.84756345463762,LOSS,344847.3074968954,0.0
2024-01-12,146.55999755859375,148.02000427246094,4,876.9603613336567,292.9576757867817,345140.2651726822,34.59379609832469,LOSS,345140.2651726822,0.0
2024-01-16,158.74000549316406,146.55999755859375,4,875.0585826925875,875.0585826925875,346015.32375537476,34.74607183904017,WIN,346015.32375537476,0.0
2024-01-17,160.1699981689453,158.74000549316406,4,1164.7598782011082,1164.7598782011082,347180.0836335759,39.26660630737098,WIN,347180.0836335759,0.0
2024-01-18,162.6699981689453,160.1699981689453,4,1175.3056505793675,1175.3056505793675,348355.3892841553,39.26770385738885,WIN,348355.3892841553,0.0
2024-01-19,174.22999572753906,162.6699981689453,4,1192.4482624939901,1192.4482624939901,349547.8375466493,39.24326542526866,WIN,349547.8375466493,0.0
2024-01-22,168.17999267578125,174.22999572753906,4,1405.4134876812375,-1014.5877330218875,348533.2498136274,41.67719873731795,LOSS,349547.8375466493,-0.2902571905873903
2024-01-23,168.4199981689453,168.17999267578125,4,1360.435137280759,1360.435137280759,349893.6849509082,41.75238735901396,WIN,349893.6849509082,0.0
2024-01-24,178.2899932861328,168.4199981689453,4,1349.4944922814311,1349.4944922814311,351243.1794431896,41.499427480744274,WIN,351243.1794431896,0.0
2024-01-25,180.3300018310547,178.2899932861328,4,1496.0571612197307,1496.0571612197307,352739.2366044093,42.751103152016725,WIN,352739.2366044093,0.0
2024-01-26,177.25,180.3300018310547,4,1506.0486156608602,274.04788323898515,353013.2844876483,42.62040466749956,LOSS,353013.2844876483,0.0
2024-01-29,177.8300018310547,177.25,4,1504.114359059875,1504.114359059875,354517.3988467082,43.06426331081622,WIN,354517.3988467082,0.0
2024-01-30,172.05999755859375,177.8300018310547,4,1508.1526261379836,-799.8490828463914,353717.5497638618,43.04783182536963,LOSS,354517.3988467082,-0.2256163126121267
2024-01-31,167.69000244140625,172.05999755859375,4,1501.337411920009,-246.6606349549911,353470.8891289068,43.85741516258734,LOSS,354517.3988467082,-0.29519276661901134
2024-02-01,170.47999572753906,167.69000244140625,4,1354.8875948219527,1354.8875948219527,354825.7767237288,41.72114898142098,WIN,354825.7767237288,0.0
2024-02-02,177.66000366210938,170.47999572753906,4,1339.5267182809716,1339.5267182809716,356165.3034420098,40.98585361858257,WIN,356165.3034420098,0.0
2024-02-05,174.22999572753906,177.66000366210938,4,1422.510930312377,50.50775648425201,356215.81119849405,41.480426666795466,LOSS,356215.81119849405,0.0
2024-02-06,167.8800048828125,174.22999572753906,4,1427.957325466724,-1112.039012423901,355103.77218607016,42.10512009012745,LOSS,356215.81119849405,-0.3121812613208878
2024-02-07,170.94000244140625,167.8800048828125,4,1379.155942562677,1379.155942562677,356482.92812863283,42.1689863076965,WIN,356482.92812863283,0.0
2024-02-08,169.35000610351562,170.94000244140625,4,1402.0992214629696,766.1006863067196,357249.02881493955,42.12651954228684,LOSS,357249.02881493955,0.0
2024-02-09,172.47999572753906,169.35000610351562,4,1393.0587994507134,1393.0587994507134,358642.08761439024,42.204657604085824,WIN,358642.08761439024,0.0
2024-02-12,171.91000366210938,172.47999572753906,4,1418.5528482919553,1190.5560221200803,359832.6436365103,42.19980687000623,LOSS,359832.6436365103,0.0
2024-02-13,171.5399932861328,171.91000366210938,4,1407.6296205493106,1259.6254701586856,361092.269106669,42.07985162822253,LOSS,361092.269106669,0.0
2024-02-14,178.6999969482422,171.5399932861328,4,1206.1597579587437,1206.1597579587437,362298.4288646277,38.25404341459968,WIN,362298.4288646277,0.0
2024-02-15,176.75999450683594,178.6999969482422,4,1306.62036057482,530.6193840123201,362829.04824864,39.18153743069023,LOSS,362829.04824864,0.0
2024-02-16,173.8699951171875,176.75999450683594,4,1298.019486836027,142.019730976652,362971.0679796167,39.286015400892865,LOSS,362971.0679796167,0.0
2024-02-20,165.69000244140625,173.8699951171875,4,1109.3097512931197,-2162.68731901938,360808.3806605973,36.100231575913654,LOSS,362971.0679796167,-0.5958291196754149
2024-02-21,164.2899932861328,165.69000244140625,4,1095.9934674934584,535.9898053840834,361344.37046598137,36.8761400115593,LOSS,362971.0679796167,-0.4481617564424388
2024-02-22,181.86000061035156,164.2899932861328,4,1088.8704597931546,1088.8704597931546,362433.2409257745,36.91917161959925,WIN,362971.0679796167,-0.14817353262778388
2024-02-23,176.52000427246094,181.86000061035156,4,1500.6722439723344,-635.3262911839156,361797.91463459056,42.29026135243265,LOSS,362971.0679796167,-0.3232085002135803
2024-02-26,176.00999450683594,176.52000427246094,4,1481.4730957757279,1277.4691895257279,363075.3838241163,42.75612742597138,LOSS,363075.3838241163,0.0
2024-02-27,178.0,176.00999450683594,4,1468.2924994283342,1468.2924994283342,364543.67632354464,42.58889357585559,WIN,364543.67632354464,0.0
2024-02-28,176.5399932861328,178.0,4,1488.465976520825,904.46329097395,365448.1396145186,42.65527253409416,LOSS,365448.1396145186,0.0
2024-02-29,192.52999877929688,176.5399932861328,4,1442.4499722724054,1442.4499722724054,366890.589586791,42.02195005680176,WIN,366890.589586791,0.0
2024-03-01,202.63999938964844,192.52999877929688,4,1789.146510079541,1789.146510079541,368679.73609687056,45.733111429013576,WIN,368679.73609687056,0.0
2024-03-04,205.36000061035156,202.63999938964844,4,1943.9148911952036,1943.9148911952036,370623.65098806575,46.725692036794015,WIN,370623.65098806575,0.0
2024-03-05,205.1300048828125,205.36000061035156,4,1934.160367441517,1842.162076425892,372465.81306449167,46.14839375218146,LOSS,372465.81306449167,0.0
2024-03-06,210.6300048828125,205.1300048828125,4,1909.4738803662665,1909.4738803662665,374375.2869448579,45.785312376099995,WIN,374375.2869448579,0.0
2024-03-07,211.3800048828125,210.6300048828125,4,1893.1844174310288,1893.1844174310288,376268.4713622889,44.72567439579643,WIN,376268.4713622889,0.0
2024-03-08,207.38999938964844,211.3800048828125,4,1900.7500014994644,304.74780423383936,376573.2191665228,44.738573258509135,LOSS,376573.2191665228,0.0
2024-03-11,198.38999938964844,207.38999938964844,4,1881.642740036497,-1718.357259963503,374854.86190655926,45.00601982411222,LOSS,376573.2191665228,-0.45631424979365187
2024-03-12,202.75999450683594,198.38999938964844,4,1887.0834906912787,1887.0834906912787,376741.9453972505,46.45794668925551,WIN,376741.9453972505,0.0
2024-03-13,194.7899932861328,202.75999450683594,4,1930.2621323136639,-1257.7383559675861,375484.20704128296,46.48422830948926,LOSS,376741.9453972505,-0.3338461170394393
2024-03-14,187.05999755859375,194.7899932861328,4,1919.6418319869401,-1172.3564590286849,374311.8505822543,47.592118876798125,LOSS,376741.9453972505,-0.6450290031904607
2024-03-15,191.05999755859375,187.05999755859375,4,1862.5216024691945,1862.5216024691945,376174.3721847235,47.929067117058544,WIN,376741.9453972505,-0.15065304499836343
2024-03-18,190.64999389648438,191.05999755859375,4,1904.9290547054322,1740.9275898616822,377915.2997745852,47.97372951149995,LOSS,377915.2997745852,0.0
2024-03-19,181.4199981689453,190.64999389648438,4,1889.033401229802,-1802.964889785823,376112.3348847994,47.76890085203875,LOSS,377915.2997745852,-0.4770817405014329
2024-03-20,179.72999572753906,181.4199981689453,4,1801.6027422086784,1125.6017656461784,377237.93665044557,47.842250477655014,LOSS,377915.2997745852,-0.17923675610477616
2024-03-21,178.67999267578125,179.72999572753906,4,1785.4943293218917,1365.4931086187667,378603.42975906434,47.854657507079914,LOSS,378603.42975906434,0.0
2024-03-22,179.64999389648438,178.67999267578125,4,1449.5287980029334,1449.5287980029334,380052.95855706726,41.82933788718164,WIN,380052.95855706726,0.0
2024-03-25,178.6300048828125,179.64999389648438,4,1427.9283951593645,1019.9327896906145,381072.8913467579,41.2868323959986,LOSS,381072.8913467579,0.0
2024-03-26,177.8699951171875,178.6300048828125,4,1420.885635206633,1116.881728956633,382189.77307571453,41.306540960790926,LOSS,382189.77307571453,0.0
2024-03-27,179.58999633789062,177.8699951171875,4,1412.0289031939442,1412.0289031939442,383601.8019789085,41.2542687387011,WIN,383601.8019789085,0.0
2024-03-28,180.49000549316406,179.58999633789062,4,1425.453674225916,1425.453674225916,385027.2556531344,41.25004179206439,WIN,385027.2556531344,0.0
2024-04-01,183.33999633789062,180.49000549316406,4,1109.7719405884911,1109.7719405884911,386137.02759372286,35.334786396980725,WIN,386137.02759372286,0.0
2024-04-02,178.6999969482422,183.33999633789062,4,993.2592289195533,-862.7405269398217,385274.28706678306,32.91696410788711,LOSS,386137.02759372286,-0.2234285927760183
2024-04-03,180.77000427246094,178.6999969482422,4,969.0047254028678,969.0047254028678,386243.2917921859,32.933306984085824,WIN,386243.2917921859,0.0
2024-04-04,165.8300018310547,180.77000427246094,4,995.0072407577005,-4980.993735804799,381262.2980563811,33.20366798648752,LOSS,386243.2917921859,-1.2896000633934053
2024-04-05,170.4199981689453,165.8300018310547,4,1087.355670896456,1087.355670896456,382349.6537272776,36.68540568731596,WIN,386243.2917921859,-1.008079142770785
2024-04-08,169.89999389648438,170.4199981689453,4,1166.7927542605669,958.7910452761919,383308.4447725538,37.64290790762441,LOSS,386243.2917921859,-0.7598441402086996
2024-04-09,170.77999877929688,169.89999389648438,4,1161.9882815163899,1161.9882815163899,384470.4330540702,37.618688417499214,WIN,386243.2917921859,-0.4590005252620841
2024-04-10,167.13999938964844,170.77999877929688,4,1127.5958908554553,-328.4038650039197,384142.0291890663,36.83612196909916,LOSS,386243.2917921859,-0.5440256563083974
2024-04-11,170.5,167.13999938964844,4,1074.7998567241668,1074.7998567241668,385216.8290457905,36.26700027255801,WIN,386243.2917921859,-0.26575548836915874
2024-04-12,163.27999877929688,170.5,4,1087.6522194674242,-1800.3482688138258,383416.4807769767,36.0971941762335,LOSS,386243.2917921859,-0.7318731678400714
2024-04-15,160.32000732421875,163.27999877929688,4,1048.729581729066,-135.267000302184,383281.21377667447,36.24171428340701,LOSS,386243.2917921859,-0.766894358674108
2024-04-16,163.4600067138672,160.32000732421875,4,1002.3259843257317,1002.3259843257317,384283.5397610002,35.67665579771419,WIN,386243.2917921859,-0.5073879787251155
2024-04-17,154.02000427246094,163.4600067138672,4,1050.1220130207273,-2725.8789635417725,381557.66079745843,36.24649439167428,LOSS,386243.2917921859,-1.2131294172090217
2024-04-18,155.0800018310547,154.02000427246094,4,1019.9121307234988,1019.9121307234988,382577.5729281819,36.900027449184904,WIN,386243.2917921859,-0.9490699105724048
2024-04-19,146.63999938964844,155.0800018310547,4,1033.9894468946222,-2342.0115296678778,380235.561398514,37.050545705827574,LOSS,386243.2917921859,-1.5554264685855805
2024-04-22,148.63999938964844,146.63999938964844,4,1046.3966428950646,1046.3966428950646,381281.9580414091,38.599506455915844,WIN,386243.2917921859,-1.2845100112304921
2024-04-23,152.27000427246094,148.63999938964844,4,1070.3338206313485,1070.3338206313485,382352.2918620404,38.81456136336422,WIN,386243.2917921859,-1.007396118672016
2024-04-24,151.74000549316406,152.27000427246094,4,1129.9381179437912,917.9386062250412,383270.2304682654,39.54139992357247,LOSS,386243.2917921859,-0.7697379830534692
2024-04-25,153.75999450683594,151.74000549316406,4,1126.1777697748762,1126.1777697748762,384396.4082380403,39.54516115567087,WIN,386243.2917921859,-0.47816585903046094
2024-04-26,157.39999389648438,153.75999450683594,4,1145.4724380237662,1145.4724380237662,385541.88067606406,39.63770903486696,WIN,386243.2917921859,-0.18159826488306946
2024-04-29,160.1999969482422,157.39999389648438,4,1197.5908289365752,1197.5908289365752,386739.4715050006,40.16302119317176,WIN,386739.4715050006,0.0
2024-04-30,158.3800048828125,160.1999969482422,4,1221.8346667863284,493.8378406144534,387233.30934561504,40.22371046453979,LOSS,387233.30934561504,0.0
2024-05-01,144.27000427246094,158.3800048828125,4,1196.9695130659256,-4447.030731074699,382786.27861454035,39.994345568130086,LOSS,387233.30934561504,-1.1484112094049237
2024-05-02,146.16000366210938,144.27000427246094,4,1256.5435284280036,1256.5435284280036,384042.82214296836,43.80451227988489,WIN,387233.30934561504,-0.8239185849064162
2024-05-03,150.60000610351562,146.16000366210938,4,1136.0688644485165,1136.0688644485165,385178.8910074169,40.7060380085494,WIN,387233.30934561504,-0.5305376083658492
2024-05-06,155.77999877929688,150.60000610351562,4,1176.0740470019364,1176.0740470019364,386354.96505441883,40.82668762995965,WIN,387233.30934561504,-0.22682560358263534
2024-05-07,154.42999267578125,155.77999877929688,4,1261.8346261618792,721.8321847556292,387076.7972391745,41.788585205700485,LOSS,387233.30934561504,-0.040418038082788765
2024-05-08,153.6199951171875,154.42999267578125,4,1248.997722071038,924.998698633538,388001.795937808,41.747859203294965,LOSS,388001.795937808,0.0
2024-05-09,152.38999938964844,153.6199951171875,4,1233.888659271753,741.8903682561281,388743.68630606413,41.56361998551711,LOSS,388743.68630606413,0.0
2024-05-10,151.9199981689453,152.38999938964844,4,1207.058846206874,1019.058357925624,389762.74466398975,41.19576036546728,LOSS,389762.74466398975,0.0
2024-05-13,150.55999755859375,151.9199981689453,4,1160.0252132233875,616.0249690827625,390378.76963307254,40.25291490377611,LOSS,390378.76963307254,0.0
2024-05-14,153.16000366210938,150.55999755859375,4,1143.7747701465155,1143.7747701465155,391522.5444032191,40.12406720533498,WIN,391522.5444032191,0.0
2024-05-15,159.6699981689453,153.16000366210938,4,1160.5305055838587,1160.5305055838587,392683.0749088029,40.05937445533111,WIN,392683.0749088029,0.0
2024-05-16,162.6199951171875,159.6699981689453,4,1161.700133441725,1161.700133441725,393844.77504224464,39.061890824546445,WIN,393844.77504224464,0.0
2024-05-17,164.47000122070312,162.6199951171875,4,1191.0993196744093,1191.0993196744093,395035.87436191906,39.22328650580282,WIN,395035.87436191906,0.0
2024-05-20,166.3300018310547,164.47000122070312,4,1081.9335390844333,1081.9335390844333,396117.8079010035,36.755692970386676,WIN,396117.8079010035,0.0
2024-05-21,164.66000366210938,166.3300018310547,4,1093.0239098937473,425.02464231562226,396542.83254331915,36.73292108151711,LOSS,396542.83254331915,0.0
2024-05-22,165.52000427246094,164.66000366210938,4,1076.6798431746008,1076.6798431746008,397619.51238649373,36.62506865147368,WIN,397619.51238649373,0.0
2024-05-23,160.42999267578125,165.52000427246094,4,1079.876438484265,-956.12820018761,396663.3841863061,36.576580089712934,LOSS,397619.51238649373,-0.24046309861631338
2024-05-24,166.36000061035156,160.42999267578125,4,1086.43527494424,1086.43527494424,397749.8194612503,37.39635420665696,WIN,397749.8194612503,0.0
2024-05-28,171.61000061035156,166.36000061035156,4,1153.4624107674906,1153.4624107674906,398903.28187201783,37.93050218167887,WIN,398903.28187201783,0.0
2024-05-29,165.13999938964844,171.61000061035156,4,1211.517306681084,-1376.483181600166,397526.79869041767,38.34780527889272,LOSS,398903.28187201783,-0.3450668982066164
2024-05-30,166.75,165.13999938964844,4,1216.5559905692737,1216.5559905692737,398743.35468098696,39.36345387949888,WIN,398903.28187201783,-0.040091721050864816
2024-05-31,166.89999389648438,166.75,4,874.2418127488094,874.2418127488094,399617.5964937358,32.33902865268101,WIN,399617.5964937358,0.0
2024-06-03,163.5500030517578,166.89999389648438,4,875.2491784380621,-464.74715945256287,399152.8493342832,32.34340732508474,LOSS,399617.5964937358,-0.11629797174356166
2024-06-04,159.99000549316406,163.5500030517578,4,859.9129831932497,-564.0860402442503,398588.76329403894,32.38853454778758,LOSS,399617.5964937358,-0.25745442861472584
2024-06-05,166.1699981689453,159.99000549316406,4,823.6127426001517,823.6127426001517,399412.3760366391,32.025082963986776,WIN,399617.5964937358,-0.05135420934846584
2024-06-06,166.77999877929688,166.1699981689453,4,910.3398038266713,910.3398038266713,400322.71584046574,33.1179872722868,WIN,400322.71584046574,0.0
2024-06-07,167.8699951171875,166.77999877929688,4,909.6185492193657,909.6185492193657,401232.33438968513,33.03741820647315,WIN,401232.33438968513,0.0
2024-06-10,160.33999633789062,167.8699951171875,4,908.122029902181,-2103.877481816569,399128.45690786856,32.89081671163948,LOSS,401232.33438968513,-0.5243539220279391
2024-06-11,158.9600067138672,160.33999633789062,4,966.8389411442556,414.8430915348806,399543.2999994034,34.94211873631728,LOSS,401232.33438968513,-0.4209616836716072
2024-06-12,160.24000549316406,158.9600067138672,4,958.1921891665312,958.1921891665312,400501.49218857,34.93534642099101,WIN,401232.33438968513,-0.18214937792260458
2024-06-13,159.89999389648438,160.24000549316406,4,958.5468132531062,822.5421745812312,401324.0343631512,34.783421749737315,LOSS,401324.0343631512,0.0
2024-06-14,159.6300048828125,159.89999389648438,4,886.118242574943,778.122637106193,402102.1570002574,33.327459283461955,LOSS,402102.1570002574,0.0
2024-06-17,158.39999389648438,159.6300048828125,4,869.3980359212704,377.39364139002043,402479.5506416474,33.012050703314756,LOSS,402479.5506416474,0.0
2024-06-18,154.6300048828125,158.39999389648438,4,857.6461098282547,-650.3494956404953,401829.20114600693,32.906553085084376,LOSS,402479.5506416474,-0.1615857239463917
2024-06-20,161.77999877929688,154.6300048828125,4,848.501605030729,848.501605030729,402677.70275103766,33.147547072540945,WIN,402677.70275103766,0.0
2024-06-21,161.22999572753906,161.77999877929688,4,983.5885854521292,763.5873647490042,403441.29011578666,35.10701886160139,LOSS,403441.29011578666,0.0
2024-06-24,160.25,161.22999572753906,4,979.0621904247414,587.0638994091164,404028.3540151958,35.08276330841257,LOSS,404028.3540151958,0.0
2024-06-25,160.25,160.25,4,936.8598378851772,936.8598378851772,404965.213853081,34.33461891083048,WIN,404965.213853081,0.0
2024-06-26,157.5399932861328,160.25,4,875.965773067073,-208.03691247980203,404757.1769406012,33.077906338064864,LOSS,404965.213853081,-0.051371551274836585
2024-06-27,159.47000122070312,157.5399932861328,4,817.0010101790169,817.0010101790169,405574.1779507802,32.15105358910551,WIN,405574.1779507802,0.0
2024-06-28,162.2100067138672,159.47000122070312,4,779.4110350908628,779.4110350908628,406353.58898587106,31.163916035655497,WIN,406353.58898587106,0.0
2024-07-01,157.69000244140625,162.2100067138672,4,803.8158186771935,-1004.1858903071815,405349.4030955639,31.38845222316541,LOSS,406353.58898587106,-0.247121206142983
2024-07-02,164.30999755859375,157.69000244140625,4,812.9329602500907,812.9329602500907,406162.33605581394,32.049419843440035,WIN,406353.58898587106,-0.047065643134695814
2024-07-03,163.89999389648438,164.30999755859375,4,916.2943084031775,752.2928435594275,406914.62889937335,33.442934877670915,LOSS,406914.62889937335,0.0
2024-07-05,171.89999389648438,163.89999389648438,4,891.2300838194907,891.2300838194907,407805.8589831928,32.983322533059905,WIN,407805.8589831928,0.0
2024-07-08,178.69000244140625,171.89999389648438,4,974.8705153675724,974.8705153675724,408780.7294985604,33.75556308705545,WIN,408780.7294985604,0.0
2024-07-09,177.10000610351562,178.69000244140625,4,1075.570525705803,439.571990549553,409220.30148911,34.90662662745837,LOSS,409220.30148911,0.0
2024-07-10,183.9600067138672,177.10000610351562,4,1072.240675611811,1072.240675611811,410292.5421647218,35.0231654115427,WIN,410292.5421647218,0.0
2024-07-11,181.94000244140625,183.9600067138672,4,1049.311424740845,241.30971575647004,410533.85188047827,33.8642706050322,LOSS,410533.85188047827,0.0
2024-07-12,181.61000061035156,181.94000244140625,4,1041.6601401991547,909.6594077772797,411443.51128825557,33.93463260301428,LOSS,411443.51128825557,0.0
2024-07-15,179.8300018310547,181.61000061035156,4,1043.251087572325,331.2515758535751,411774.7628641091,33.998010320450874,LOSS,411774.7628641091,0.0
2024-07-16,177.5500030517578,179.8300018310547,4,1041.9635516606697,129.96403994191974,411904.72690405103,34.16237839082636,LOSS,411904.72690405103,0.0
2024-07-17,159.42999267578125,177.5500030517578,4,1042.0130714871282,-6205.991078903497,405698.73582514754,34.40937343457719,LOSS,411904.72690405103,-1.5066569217471284
2024-07-18,155.77000427246094,159.42999267578125,4,1311.7933481963946,-152.20201313173038,405546.5338120158,42.2116221090723,LOSS,411904.72690405103,-1.5436077026414707
2024-07-19,151.5800018310547,155.77000427246094,4,1280.5018585167256,-395.49911804577437,405151.03469397,42.18663235915301,LOSS,411904.72690405103,-1.6396248377247287
2024-07-22,155.8699951171875,151.5800018310547,4,1202.1065428911584,1202.1065428911584,406353.1412368612,41.22769266620047,WIN,411904.72690405103,-1.3477839181202296
2024-07-23,154.0,155.8699951171875,4,1262.9936954654945,514.9956485904945,406868.1368854517,41.79771067494307,LOSS,411904.72690405103,-1.222756062173711
2024-07-24,144.6300048828125,154.0,4,1250.4836378165128,-2497.514409058487,404370.6224763932,41.85445393033975,LOSS,411904.72690405103,-1.8290890916172562
2024-07-25,138.32000732421875,144.6300048828125,4,1261.4289386289863,-1262.5700848085137,403108.0523915847,43.844527030340544,LOSS,411904.72690405103,-2.1356090226455335
2024-07-26,139.99000549316406,138.32000732421875,4,1238.254329981767,1238.254329981767,404346.3067215664,44.6062829264238,WIN,411904.72690405103,-1.8349923389554268
2024-07-29,139.75,139.99000549316406,4,1253.053087299723,1157.050890034098,405503.35761160054,44.60271017989446,LOSS,411904.72690405103,-1.554089786869967
2024-07-30,138.44000244140625,139.75,4,1238.2995307097974,714.3005072722974,406217.65811887285,44.30440614370406,LOSS,411904.72690405103,-1.3806757761493056
2024-07-31,144.47999572753906,138.44000244140625,4,1215.853289533263,1215.853289533263,407433.51140840614,44.04548340540456,WIN,411904.72690405103,-1.0854974958047563
2024-08-01,132.5399932861328,144.47999572753906,4,1272.8876072911662,-3503.113369271334,403930.3980391348,44.13676767906487,LOSS,411904.72690405103,-1.935964397605412
2024-08-02,132.5,132.5399932861328,4,1288.6676843403234,1272.6703698871984,405203.068409022,47.155334126294846,LOSS,411904.72690405103,-1.6269923740375307
2024-08-05,134.82000732421875,132.5,4,1214.6668318012269,1214.6668318012269,406417.73524082324,45.31798455419593,WIN,411904.72690405103,-1.3321021354789957
2024-08-06,130.17999267578125,134.82000732421875,4,1194.7864487230324,-661.2194106519676,405756.5158301713,44.30859332277416,LOSS,411904.72690405103,-1.4926294048846633
2024-08-07,128.6699981689453,130.17999267578125,4,1162.3863286020842,558.3885258677092,406314.904356039,44.53012488372441,LOSS,411904.72690405103,-1.3570668610739463
2024-08-08,136.32000732421875,128.6699981689453,4,1082.2824695449938,1082.2824695449938,407397.186825584,42.81777321335181,WIN,411904.72690405103,-1.094316181401102
2024-08-09,134.27000427246094,136.32000732421875,4,1276.2885970774405,456.2873763743155,407853.4742019583,45.963377050216295,LOSS,411904.72690405103,-0.9835412020014157
2024-08-12,136.77000427246094,134.27000427246094,4,1253.9337583413508,1253.9337583413508,409107.40796029964,45.885499176604114,WIN,411904.72690405103,-0.6791179515652901
2024-08-13,141.1300048828125,136.77000427246094,4,1299.7299239642684,1299.7299239642684,410407.1378842639,46.4283289732516,WIN,411904.72690405103,-0.363576555929157
2024-08-14,140.75,141.1300048828125,4,1383.2590375180478,1231.2570843930478,411638.39496865694,47.41478854101759,LOSS,411904.72690405103,-0.06465862564770443
2024-08-15,147.36000061035156,140.75,4,1172.5588599526718,1172.5588599526718,412810.9538286096,42.55150214049896,WIN,412810.9538286096,0.0
2024-08-16,148.55999755859375,147.36000061035156,4,1285.8123965657726,1285.8123965657726,414096.7662251754,43.857388537480276,WIN,414096.7662251754,0.0
2024-08-19,155.27999877929688,148.55999755859375,4,1281.516500838127,1281.516500838127,415378.2827260135,43.52865860564265,WIN,415378.2827260135,0.0
2024-08-20,156.39999389648438,155.27999877929688,4,1373.003438785014,1373.003438785014,416751.28616479854,44.24254312225345,WIN,416751.28616479854,0.0
2024-08-21,157.80999755859375,156.39999389648438,4,1379.466650318216,1379.466650318216,418130.7528151168,44.16980371707146,WIN,418130.7528151168,0.0
2024-08-22,151.6999969482422,157.80999755859375,4,1276.9485622520492,-1167.0516818885758,416963.7011332282,41.76072797198728,LOSS,418130.7528151168,-0.2791116592193379
2024-08-23,154.97999572753906,151.6999969482422,4,1214.5410569933538,1214.5410569933538,418178.24219022156,41.47802948686195,WIN,418178.24219022156,0.0
2024-08-26,149.99000549316406,154.97999572753906,4,1247.1988966623235,-748.7971970876765,417429.4449931339,41.61454870765864,LOSS,418178.24219022156,-0.17906173051132915
2024-08-27,150.5,149.99000549316406,4,1244.0791554174684,1244.0791554174684,418673.52414855134,42.431194879380726,WIN,418673.52414855134,0.0
2024-08-28,146.36000061035156,150.5,4,1243.0836364986903,-412.91611936068466,418260.6080291907,42.31636346369891,LOSS,418673.52414855134,-0.09862484622126415
2024-08-29,145.49000549316406,146.36000061035156,4,1189.2980600887033,841.3000132137033,419101.9080424044,41.873692339132454,LOSS,419101.9080424044,0.0
2024-08-30,148.55999755859375,145.49000549316406,4,964.893388511977,964.893388511977,420066.80143091636,36.933361840214744,WIN,420066.80143091636,0.0
2024-09-03,136.94000244140625,148.55999755859375,4,992.2529238602147,-3655.7451230147853,416411.05630790157,37.089177077895805,LOSS,420066.80143091636,-0.8702770870161242
2024-09-04,140.8699951171875,136.94000244140625,4,1098.7778699103783,1098.7778699103783,417509.8341778119,41.53619229275267,WIN,420066.80143091636,-0.6087049117888812
2024-09-05,139.44000244140625,140.8699951171875,4,1110.819844893773,538.822774581273,418048.6569523932,41.07859340929377,LOSS,420066.80143091636,-0.4804341765758592
2024-09-06,134.35000610351562,139.44000244140625,4,1098.3489058597029,-937.6496292965471,417111.0073230966,41.05025465079302,LOSS,420066.80143091636,-0.7036485858323271
2024-09-09,138.14999389648438,134.35000610351562,4,1010.898832651938,1010.898832651938,418121.9061557486,39.88450679508884,WIN,420066.80143091636,-0.4629966635170113
2024-09-10,142.83999633789062,138.14999389648438,4,1053.3703849606493,1053.3703849606493,419175.27654070925,40.21675895923775,WIN,420066.80143091636,-0.21223407495431948
2024-09-11,149.86000061035156,142.83999633789062,4,1109.8187314318914,1109.8187314318914,420285.09527214116,40.695747331021394,WIN,420285.09527214116,0.0
2024-09-12,150.77000427246094,149.86000061035156,4,1201.5325608556725,1201.5325608556725,421486.62783299683,41.5160511078957,WIN,421486.62783299683,0.0
2024-09-13,152.30999755859375,150.77000427246094,4,1207.793401598393,1207.793401598393,422694.42123459524,41.49334155684731,WIN,422694.42123459524,0.0
2024-09-16,152.0800018310547,152.30999755859375,4,1164.8052105209074,1072.8069195052824,423767.22815410054,40.29204387654356,LOSS,423767.22815410054,0.0
2024-09-17,150.82000732421875,152.0800018310547,4,1162.2223519070471,658.2245491726721,424425.4527032732,40.27412607085084,LOSS,424425.4527032732,0.0
2024-09-18,148.2899932861328,150.82000732421875,4,1092.9241377146475,80.91852248027249,424506.3712257535,38.96569859624594,LOSS,424506.3712257535,0.0
2024-09-19,156.74000549316406,148.2899932861328,4,1079.2906336443598,1079.2906336443598,425585.6618593979,39.070526824713006,WIN,425585.6618593979,0.0
2024-09-20,155.9499969482422,156.74000549316406,4,1242.7584908115236,926.7550728427736,426512.41693224065,41.22200611815598,LOSS,426512.41693224065,0.0
2024-09-23,156.75,155.9499969482422,4,1189.613024137891,1189.613024137891,427702.02995637857,40.22779961416836,WIN,427702.02995637857,0.0
2024-09-24,158.32000732421875,156.75,4,1183.4048838524961,1183.4048838524961,428885.4348402311,39.96806238415455,WIN,428885.4348402311,0.0
2024-09-25,162.02000427246094,158.32000732421875,4,1159.3240576699686,1159.3240576699686,430044.75889790105,39.21743149657362,WIN,430044.75889790105,0.0
2024-09-26,167.49000549316406,162.02000427246094,4,1199.3846895182235,1199.3846895182235,431244.1435874193,39.48211278765384,WIN,431244.1435874193,0.0
2024-09-27,164.35000610351562,167.49000549316406,4,1229.0856842483208,-26.91407161105417,431217.2295158082,39.26902317944156,LOSS,431244.1435874193,-0.006241028895413782
2024-09-30,164.0800018310547,164.35000610351562,4,1222.654803258999,1114.653094274624,432331.88261008286,39.60328893039754,LOSS,432331.88261008286,0.0
2024-10-01,159.75,164.0800018310547,4,1214.9713962066182,-517.0293362152568,431814.85327386763,39.48890882913222,LOSS,432331.88261008286,-0.1195908414373258
2024-10-02,159.77999877929688,159.75,4,962.2006850247319,962.2006850247319,432777.05395889236,34.91974744844626,WIN,432777.05395889236,0.0
2024-10-03,162.85000610351562,159.77999877929688,4,945.8990702065963,945.8990702065963,433722.953029099,34.578590282369476,WIN,433722.953029099,0.0
2024-10-04,170.89999389648438,162.85000610351562,4,957.1769062420486,957.1769062420486,434680.129935341,34.438532082406674,WIN,434680.129935341,0.0
2024-10-07,170.97000122070312,170.89999389648438,4,975.6282977083424,975.6282977083424,435655.75823304936,33.87997322967328,WIN,435655.75823304936,0.0
2024-10-08,172.8000030517578,170.97000122070312,4,969.2335956900346,969.2335956900346,436624.9918287394,33.748545345788955,WIN,436624.9918287394,0.0
2024-10-09,171.02000427246094,172.8000030517578,4,953.6325364286114,241.6330247098614,436866.6248534493,33.25140689359628,LOSS,436866.6248534493,0.0
2024-10-10,164.17999267578125,171.02000427246094,4,879.6591626170219,-1856.345476054853,435010.2793773944,32.010870984689944,LOSS,436866.6248534493,-0.4249227041954978
2024-10-11,167.88999938964844,164.17999267578125,4,940.0384834612807,940.0384834612807,435950.3178608557,33.935833848679835,WIN,436866.6248534493,-0.20974524957152627
2024-10-14,165.27000427246094,167.88999938964844,4,973.9217258956028,-74.07632097939722,435876.2415398763,34.18484344310396,LOSS,436866.6248534493,-0.22670152793319887
2024-10-15,156.63999938964844,165.27000427246094,4,974.853825542385,-2477.148127582615,433399.0934122937,34.507629336454215,LOSS,436866.6248534493,-0.793727706326571
2024-10-16,156.1300048828125,156.63999938964844,4,1036.0058977133745,832.0080949789995,434231.1015072727,36.87351548795196,LOSS,436866.6248534493,-0.6032787116801868
2024-10-17,156.25,156.1300048828125,4,1020.3618458661244,1020.3618458661244,435251.4633531388,36.613588091914636,WIN,436866.6248534493,-0.3697150133298205
2024-10-18,155.97000122070312,156.25,4,902.8555898474397,790.8560781286897,436042.3194312675,34.10985088432686,LOSS,436866.6248534493,-0.188685831163758
2024-10-21,157.89999389648438,155.97000122070312,4,900.2757325730603,900.2757325730603,436942.59516384057,34.08945375018244,WIN,436942.59516384057,0.0
2024-10-22,154.08999633789062,157.89999389648438,4,916.3819763556319,-607.6170470818681,436334.9781167587,34.19346824807616,LOSS,436942.59516384057,-0.13906106976227336
2024-10-23,152.91000366210938,154.08999633789062,4,912.8956210181268,440.8985507056268,436775.8766674643,34.59321535771166,LOSS,436942.59516384057,-0.038155697847156916
2024-10-24,153.44000244140625,152.91000366210938,4,882.0535667612761,882.0535667612761,437657.9302342256,34.07735207636162,WIN,437657.9302342256,0.0
2024-10-25,156.22999572753906,153.44000244140625,4,829.6640995103155,829.6640995103155,438487.5943337359,32.88227356048231,WIN,438487.5943337359,0.0
2024-10-28,159.9199981689453,156.22999572753906,4,854.154820511431,854.154820511431,439341.7491542473,33.08136479886865,WIN,439341.7491542473,0.0
2024-10-29,166.25,159.9199981689453,4,902.1976700077608,902.1976700077608,440243.94682425505,33.65769365614884,WIN,440243.94682425505,0.0
2024-10-30,148.60000610351562,166.25,4,972.4381332809621,-6087.559425312787,434156.38739894226,34.34458245155871,LOSS,440243.94682425505,-1.3827695915471476
2024-10-31,144.07000732421875,148.60000610351562,4,1226.6298421292654,-585.3696695894846,433571.01772935275,42.29943960049134,LOSS,440243.94682425505,-1.5157344338379115
