Date,Stock_Price,Strike,Contracts,Premium,PnL,Capital,VIX,Status,Peak,Drawdown_%
2019-01-03,17.049999237060547,18.829999923706055,10,357.13925437049727,-1422.8614322750104,48577.13856772499,40.09032539330465,LOSS,48577.13856772499,0.0
2019-01-04,19.0,17.049999237060547,10,323.3788655981519,323.3788655981519,48900.51743332315,40.09032539330465,WIN,48900.51743332315,0.0
2019-01-07,20.56999969482422,19.0,10,360.3635613665961,360.3635613665961,49260.880994689745,40.09032539330465,WIN,49260.880994689745,0.0
2019-01-08,20.75,20.56999969482422,10,390.1409656492974,390.1409656492974,49651.02196033904,40.09032539330465,WIN,49651.02196033904,0.0
2019-01-09,20.190000534057617,20.75,10,393.5549420187826,-166.44452392360023,49484.57743641544,40.09032539330465,LOSS,49651.02196033904,-0.33522879761982755
2019-01-10,19.739999771118164,20.190000534057617,10,382.9337103392885,-67.06705260016463,49417.51038381528,40.09032539330465,LOSS,49651.02196033904,-0.47030568013341595
2019-01-11,20.270000457763672,19.739999771118164,10,374.3987694155755,374.3987694155755,49791.90915323085,40.09032539330465,WIN,49791.90915323085,0.0
2019-01-14,20.229999542236328,20.270000457763672,10,384.45102915064473,344.450113623301,50136.35926685415,40.09032539330465,LOSS,50136.35926685415,0.0
2019-01-15,20.3799991607666,20.229999542236328,10,383.69235165709966,383.69235165709966,50520.05161851125,40.09032539330465,WIN,50520.05161851125,0.0
2019-01-16,19.729999542236328,20.3799991607666,10,386.537319906426,-263.46229862384746,50256.589319887404,40.09032539330465,LOSS,50520.05161851125,-0.5215004541430639
2019-01-17,20.25,19.729999542236328,10,374.2091000421892,374.2091000421892,50630.79841992959,40.09032539330465,WIN,50630.79841992959,0.0
2019-01-18,20.770000457763672,20.25,10,384.07169040387214,384.07169040387214,51014.87011033346,40.09032539330465,WIN,51014.87011033346,0.0
2019-01-22,19.760000228881836,20.770000457763672,10,393.93428076555523,-616.0659481162807,50398.80416221718,40.09032539330465,LOSS,51014.87011033346,-1.2076203404691042
2019-01-23,19.799999237060547,19.760000228881836,10,374.7781081623481,374.7781081623481,50773.58227037953,40.09032539330465,WIN,51014.87011033346,-0.4729755058320895
2019-01-24,20.850000381469727,19.799999237060547,10,375.53674948015924,375.53674948015924,51149.11901985969,40.09032539330465,WIN,51149.11901985969,0.0
2019-01-25,21.93000030517578,20.850000381469727,10,395.45159957691146,395.45159957691146,51544.5706194366,40.09032539330465,WIN,51544.5706194366,0.0
2019-01-28,20.18000030517578,21.93000030517578,10,415.93542161808875,-1334.0645783819114,50210.50604105469,40.09032539330465,LOSS,51544.5706194366,-2.588176722300329
2019-01-29,19.25,20.18000030517578,10,382.74404096590223,-547.256264209879,49663.24977684481,40.09032539330465,LOSS,51544.5706194366,-3.649891385228411
2019-01-30,23.09000015258789,19.25,10,365.1051871740514,365.1051871740514,50028.35496401886,40.09032539330465,WIN,51544.5706194366,-2.9415622968561546
2019-01-31,24.40999984741211,23.09000015258789,10,437.93656247062216,437.93656247062216,50466.29152648948,40.09032539330465,WIN,51544.5706194366,-2.0919353483575667
2019-02-01,24.510000228881836,24.40999984741211,10,997.3776303562706,997.3776303562706,51463.669156845746,69.051888357987,WIN,51544.5706194366,-0.15695438262191372
2019-02-04,24.1299991607666,24.510000228881836,10,928.3401443989202,548.3390762836858,52012.00823312943,65.10520463527115,LOSS,52012.00823312943,0.0
2019-02-05,23.309999465942383,24.1299991607666,10,861.358540149186,41.358845324967206,52053.3670784544,62.22214185986712,LOSS,52053.3670784544,0.0
2019-02-06,23.260000228881836,23.309999465942383,10,812.1777301067045,762.1784930461577,52815.54557150056,61.09224245986922,LOSS,52815.54557150056,0.0
2019-02-07,22.670000076293945,23.260000228881836,10,811.0142580144404,221.0141054265498,53036.55967692711,61.12515080222191,LOSS,53036.55967692711,0.0
2019-02-08,23.049999237060547,22.670000076293945,10,789.7736990662029,789.7736990662029,53826.33337599331,61.0861224683845,WIN,53826.33337599331,0.0
2019-02-11,22.959999084472656,23.049999237060547,10,797.5837589221226,707.583606334232,54533.91698232754,60.77458450539052,LOSS,54533.91698232754,0.0
2019-02-12,22.81999969482422,22.959999084472656,10,793.3176707494441,653.3182811010066,55187.23526342854,60.70821757775032,LOSS,55187.23526342854,0.0
2019-02-13,22.850000381469727,22.81999969482422,10,789.0818524491472,789.0818524491472,55976.31711587769,60.743084434136065,WIN,55976.31711587769,0.0
2019-02-14,23.1299991607666,22.850000381469727,10,790.3485601515324,790.3485601515324,56766.665676029224,60.75636114463009,WIN,56766.665676029224,0.0
2019-02-15,23.68000030517578,23.1299991607666,10,789.8216819180726,789.8216819180726,57556.4873579473,60.17232655128039,WIN,57556.4873579473,0.0
2019-02-19,23.950000762939453,23.68000030517578,10,808.0704908802807,808.0704908802807,58364.55784882758,60.14259993932123,WIN,58364.55784882758,0.0
2019-02-20,23.950000762939453,23.950000762939453,10,815.4587890248,815.4587890248,59180.01663785238,60.04177643952424,WIN,59180.01663785238,0.0
2019-02-21,23.920000076293945,23.950000762939453,10,793.0443172546859,763.0436306091781,59943.06026846156,58.803715558867275,LOSS,59943.06026846156,0.0
2019-02-22,24.360000610351562,23.920000076293945,10,792.5236749820555,792.5236749820555,60735.58394344361,58.82986089978249,WIN,60735.58394344361,0.0
2019-02-25,24.709999084472656,24.360000610351562,10,794.5896619541169,794.5896619541169,61530.17360539773,58.15038151066644,WIN,61530.17360539773,0.0
2019-02-26,24.209999084472656,24.709999084472656,10,792.5136494907122,292.51364949071217,61822.68725488844,57.428047447687376,LOSS,61822.68725488844,0.0
2019-02-27,23.479999542236328,24.209999084472656,10,724.7006185789854,-5.298923657342698,61817.3883312311,54.598878237141314,LOSS,61822.68725488844,-0.008571163585132291
2019-02-28,23.530000686645508,23.479999542236328,10,691.211390296129,691.211390296129,62508.59972152723,53.94321715826963,WIN,62508.59972152723,0.0
2019-03-01,23.68000030517578,23.530000686645508,10,295.9971906323864,295.9971906323864,62804.59691215961,31.641201282062465,WIN,62804.59691215961,0.0
2019-03-04,23.3700008392334,23.68000030517578,10,233.0586621336712,-76.94080380871162,62727.6561083509,28.019747739621973,LOSS,62804.59691215961,-0.12250823600750882
2019-03-05,23.5,23.3700008392334,10,232.07031999877685,232.07031999877685,62959.72642834968,28.136506875197952,WIN,62959.72642834968,0.0
2019-03-06,22.40999984741211,23.5,10,230.27111948456889,-859.7290331033217,62099.997395246355,27.962555665459767,LOSS,62959.72642834968,-1.365522186761283
2019-03-07,22.079999923706055,22.40999984741211,10,239.474020957378,-90.52590274867669,62009.47149249768,29.136294271038523,LOSS,62959.72642834968,-1.509306011571413
2019-03-08,22.010000228881836,22.079999923706055,10,239.0335656543155,169.03387083009676,62178.50536332778,29.321181428976175,LOSS,62959.72642834968,-1.240826651162398
2019-03-11,22.959999084472656,22.010000228881836,10,227.4451924721132,227.4451924721132,62405.95055579989,28.6702273948364,WIN,62959.72642834968,-0.8795715991237671
2019-03-12,23.489999771118164,22.959999084472656,10,269.1655882536332,269.1655882536332,62675.11614405353,30.508389294691433,WIN,62959.72642834968,-0.4520513357376869
2019-03-13,23.3799991607666,23.489999771118164,10,284.3799525846307,174.3793422330682,62849.4954862866,31.015296716102462,LOSS,62959.72642834968,-0.17508167254907597
2019-03-14,22.81999969482422,23.3799991607666,10,282.6980218472934,-277.30144409508944,62572.19404219151,30.995480940669935,LOSS,62959.72642834968,-0.6155242535864396
2019-03-15,23.290000915527344,22.81999969482422,10,286.6453864074038,286.6453864074038,62858.83942859892,31.61683648203587,WIN,62959.72642834968,-0.1602405306915844
2019-03-18,23.25,23.290000915527344,10,297.2223708718891,257.22145534454535,63116.060883943464,31.882276653062576,LOSS,63116.060883943464,0.0
2019-03-19,26.0,23.25,10,286.7693839355987,286.7693839355987,63402.830267879064,31.316569323027853,WIN,63402.830267879064,0.0
2019-03-20,25.700000762939453,26.0,10,524.4111763229537,224.4119392624068,63627.24220714147,41.68195302487267,LOSS,63627.24220714147,0.0
2019-03-21,27.889999389648438,25.700000762939453,10,521.1690455068091,521.1690455068091,64148.41125264828,41.82653004867481,WIN,64148.41125264828,0.0
2019-03-22,26.3700008392334,27.889999389648438,10,641.1239321158871,-878.874618299152,63269.536634349126,45.40972608590429,LOSS,64148.41125264828,-1.3700645131142972
2019-03-25,25.969999313354492,26.3700008392334,10,643.9891897431271,243.98766386422085,63513.52429821335,47.30631757393289,LOSS,64148.41125264828,-0.9897157888048531
2019-03-26,25.690000534057617,25.969999313354492,10,636.8298063101694,356.8310270132944,63870.35532522664,47.43922486558791,LOSS,64148.41125264828,-0.4334572314293389
2019-03-27,24.889999389648438,25.690000534057617,10,626.3885879818961,-173.6125564272836,63696.74276879936,47.25512638063074,LOSS,64148.41125264828,-0.7040992520765974
2019-03-28,25.059999465942383,24.889999389648438,10,607.5383683334173,607.5383683334173,64304.28113713278,47.28998541495916,WIN,64304.28113713278,0.0
2019-03-29,25.520000457763672,25.059999465942383,10,611.7504975322831,611.7504975322831,64916.03163466506,47.29329041068254,WIN,64916.03163466506,0.0
2019-04-01,26.360000610351562,25.520000457763672,10,624.9117342138059,624.9117342138059,65540.94336887887,47.39343672489708,WIN,65540.94336887887,0.0
2019-04-02,26.75,26.360000610351562,10,649.4570622802532,649.4570622802532,66190.40043115913,47.59297864608851,WIN,66190.40043115913,0.0
2019-04-03,29.020000457763672,26.75,10,659.6612228167163,659.6612228167163,66850.06165397585,47.622421404220525,WIN,66850.06165397585,0.0
2019-04-04,29.09000015258789,29.020000457763672,10,740.6158279337617,740.6158279337617,67590.67748190962,48.76094532808182,WIN,67590.67748190962,0.0
2019-04-05,28.979999542236328,29.09000015258789,10,734.8051197180105,624.804509366448,68215.48199127607,48.41546233539549,LOSS,68215.48199127607,0.0
2019-04-08,28.530000686645508,28.979999542236328,10,732.2676487571307,282.2687931663104,68497.75078444238,48.42646863961715,LOSS,68497.75078444238,0.0
2019-04-09,27.239999771118164,28.530000686645508,10,720.1152532701168,-569.885662257227,67927.86512218516,48.39021783390352,LOSS,68497.75078444238,-0.8319771900987092
2019-04-10,27.829999923706055,27.239999771118164,10,716.398519497555,716.398519497555,68644.26364168272,49.790975369519686,WIN,68644.26364168272,0.0
2019-04-11,27.790000915527344,27.829999923706055,10,731.6601391248512,691.6611309461402,69335.92477262886,49.77884976015284,LOSS,69335.92477262886,0.0
2019-04-12,27.850000381469727,27.790000915527344,10,720.2140638290035,720.2140638290035,70056.13883645786,49.284045355285734,WIN,70056.13883645786,0.0
2019-04-15,27.329999923706055,27.850000381469727,10,721.3623480396473,201.36189027597538,70257.50072673384,49.26472804195001,LOSS,70257.50072673384,0.0
2019-04-16,27.93000030517578,27.329999923706055,10,714.5073388602773,714.5073388602773,70972.00806559411,49.584865236591334,WIN,70972.00806559411,0.0
2019-04-17,27.489999771118164,27.93000030517578,10,593.5113596703316,153.51082561271437,71125.51889120683,43.1110533623681,LOSS,71125.51889120683,0.0
2019-04-18,27.68000030517578,27.489999771118164,10,585.9883565312022,585.9883565312022,71711.50724773803,43.19897190741138,WIN,71711.50724773803,0.0
2019-04-22,28.18000030517578,27.68000030517578,10,497.9695630263642,497.9695630263642,72209.47681076439,38.798836880809375,WIN,72209.47681076439,0.0
2019-04-23,27.969999313354492,28.18000030517578,10,461.70872754888035,251.70773572759128,72461.18454649198,36.67435163260184,LOSS,72461.18454649198,0.0
2019-04-24,28.459999084472656,27.969999313354492,10,454.46448138290384,454.46448138290384,72915.64902787488,36.49445883034062,WIN,72915.64902787488,0.0
2019-04-25,27.65999984741211,28.459999084472656,10,461.11249873970627,-338.8867383208406,72576.76228955404,36.43339840714287,LOSS,72915.64902787488,-0.4647654417658531
2019-04-26,27.8799991607666,27.65999984741211,10,444.6889683905908,444.6889683905908,73021.45125794463,36.267831301984685,WIN,73021.45125794463,0.0
2019-04-29,27.690000534057617,27.8799991607666,10,448.2901090718847,258.2914823629003,73279.74274030753,36.27087839879287,LOSS,73279.74274030753,0.0
2019-04-30,27.6299991607666,27.690000534057617,10,444.64386218530313,384.6424888942875,73664.38522920181,36.24263377833167,LOSS,73664.38522920181,0.0
2019-05-01,26.809999465942383,27.6299991607666,10,429.93778924866496,-390.0619055755538,73274.32332362626,35.58466348410317,LOSS,73664.38522920181,-0.5295121982785858
2019-05-02,28.290000915527344,26.809999465942383,10,430.0424914337152,430.0424914337152,73704.36581505998,36.219423875214936,WIN,73704.36581505998,0.0
2019-05-03,28.219999313354492,28.290000915527344,10,377.70741035406417,307.7058081812126,74012.0716232412,32.6620686426805,LOSS,74012.0716232412,0.0
2019-05-06,27.420000076293945,28.219999313354492,10,376.5516608632447,-423.44757619730217,73588.6240470439,32.6517022440362,LOSS,74012.0716232412,-0.5721331222193897
2019-05-07,26.65999984741211,27.420000076293945,10,379.18702181935816,-380.8132070624778,73207.81083998142,33.29384677837025,LOSS,74012.0716232412,-1.0866616291378315
2019-05-08,27.09000015258789,26.65999984741211,10,376.957460876635,376.957460876635,73584.76830085806,33.704720593363916,WIN,74012.0716232412,-0.5773427401928695
2019-05-09,27.209999084472656,27.09000015258789,10,353.0083224352061,353.0083224352061,73937.77662329328,32.23832090511148,WIN,74012.0716232412,-0.10038227321364007
2019-05-10,27.959999084472656,27.209999084472656,10,345.2265805254365,345.2265805254365,74283.00320381872,31.783971127745094,WIN,74283.00320381872,0.0
2019-05-13,26.239999771118164,27.959999084472656,10,370.44329088053047,-1349.5560224739618,72933.44718134476,32.52683931714675,LOSS,74283.00320381872,-1.8167763341110885
2019-05-14,27.31999969482422,26.239999771118164,10,410.3860067730835,410.3860067730835,73343.83318811785,35.689392624491234,WIN,74283.00320381872,-1.2643134703694827
2019-05-15,27.579999923706055,27.31999969482422,10,451.1578574698008,451.1578574698008,73794.99104558765,36.84574498959374,WIN,74283.00320381872,-0.6569634198715057
2019-05-16,28.010000228881836,27.579999923706055,10,449.22860144162433,449.22860144162433,74244.21964702928,36.54726549165594,WIN,74283.00320381872,-0.05221053958066478
2019-05-17,27.5,28.010000228881836,10,455.6338667616419,-54.366362120194026,74189.85328490908,36.51899126203911,LOSS,74283.00320381872,-0.1253986980763954
2019-05-20,26.68000030517578,27.5,10,452.3849630381784,-367.61473178604035,73822.23855312304,36.76178380116667,LOSS,74283.00320381872,-0.6202827441311553
2019-05-21,27.350000381469727,26.68000030517578,10,445.7754903744956,445.7754903744956,74268.01404349753,37.102906195806575,WIN,74283.00320381872,-0.020178452236320824
2019-05-22,27.40999984741211,27.350000381469727,10,467.3342724605495,467.3342724605495,74735.34831595808,37.604209265489445,WIN,74735.34831595808,0.0
2019-05-23,26.360000610351562,27.40999984741211,10,463.2201430389498,-586.7790940215971,74148.56922193649,37.356171243695556,LOSS,74735.34831595808,-0.7851426496881652
2019-05-24,26.440000534057617,26.360000610351562,10,454.8561158455733,454.8561158455733,74603.42533778206,37.82693734786152,WIN,74735.34831595808,-0.17652018910555214
2019-05-28,29.049999237060547,26.440000534057617,10,455.1460661538581,455.1460661538581,75058.57140393592,37.77237664389067,WIN,75058.57140393592,0.0
2019-05-29,28.09000015258789,29.049999237060547,10,635.4946864363491,-324.5043980363072,74734.0670058996,43.93908681533724,LOSS,75058.57140393592,-0.4323348978892173
2019-05-30,28.030000686645508,28.09000015258789,10,629.2340858426533,569.2346199002704,75303.30162579987,44.63326626097141,LOSS,75303.30162579987,0.0
2019-05-31,27.40999984741211,28.030000686645508,10,615.9761433605628,-4.02469587283565,75299.27692992703,44.07098910021033,LOSS,75303.30162579987,-0.005344647294268942
2019-06-03,27.579999923706055,27.40999984741211,10,573.0949091635487,573.0949091635487,75872.37183909059,42.65900429997737,WIN,75872.37183909059,0.0
2019-06-04,29.56999969482422,27.579999923706055,10,577.2257133792878,577.2257133792878,76449.59755246987,42.6866514172968,WIN,76449.59755246987,0.0
2019-06-05,29.5,29.56999969482422,10,670.4499861278804,600.4502913036616,77050.04784377353,44.99397950808164,LOSS,77050.04784377353,0.0
2019-06-06,31.81999969482422,29.5,10,656.1673141477728,656.1673141477728,77706.2151579213,44.424670028545776,WIN,77706.2151579213,0.0
2019-06-07,32.40999984741211,31.81999969482422,10,772.7534953936886,772.7534953936886,78478.96865331498,47.12623496505177,WIN,78478.96865331498,0.0
2019-06-10,33.22999954223633,32.40999984741211,10,787.8996015143507,787.8996015143507,79266.86825482933,47.15961761043194,WIN,79266.86825482933,0.0
2019-06-11,32.40999984741211,33.22999954223633,10,806.840641840178,-13.159052984040727,79253.70920184528,47.120067941252586,LOSS,79266.86825482933,-0.016600949771022586
2019-06-12,32.18000030517578,32.40999984741211,10,735.4458017173079,505.44625948097973,79759.15546132626,45.018616218319515,LOSS,79759.15546132626,0.0
2019-06-13,31.389999389648438,32.18000030517578,10,721.1418080814708,-68.85910744587295,79690.29635388039,44.6451501880217,LOSS,79759.15546132626,-0.08633379710151994
2019-06-14,30.360000610351562,31.389999389648438,10,717.3384960953616,-312.6602832015134,79377.63607067887,45.2309541800641,LOSS,79759.15546132626,-0.47833930592755414
2019-06-17,29.200000762939453,30.360000610351562,10,711.3184913153287,-448.68135609678063,78928.95471458208,45.99426536803723,LOSS,79759.15546132626,-1.0408845754976952
2019-06-18,30.450000762939453,29.200000762939453,10,699.2963085537922,699.2963085537922,79628.25102313588,46.68089172667156,WIN,79759.15546132626,-0.1641246543211627
2019-06-19,30.5,30.450000762939453,10,730.8771551614751,730.8771551614751,80359.12817829735,46.75236688087625,WIN,80359.12817829735,0.0
2019-06-20,30.010000228881836,30.5,10,728.3411854880474,238.3414143698833,80597.46959266724,46.59032207225147,LOSS,80597.46959266724,0.0
2019-06-21,29.100000381469727,30.010000228881836,10,722.1298101933519,-187.8700372187575,80409.59955544848,46.83232051826399,LOSS,80597.46959266724,-0.23309669418685067
2019-06-24,29.260000228881836,29.100000381469727,10,692.9136656869368,692.9136656869368,81102.51322113542,46.499608512259286,WIN,81102.51322113542,0.0
2019-06-25,28.860000610351562,29.260000228881836,10,696.6387776683524,296.639159138079,81399.1523802735,46.49577827985054,LOSS,81399.1523802735,0.0
2019-06-26,29.920000076293945,28.860000610351562,10,576.1273420247777,576.1273420247777,81975.27972229828,41.40834439129357,WIN,81975.27972229828,0.0
2019-06-27,30.739999771118164,29.920000076293945,10,597.1114338657565,597.1114338657565,82572.39115616403,41.40054069140341,WIN,82572.39115616403,0.0
2019-06-28,30.3700008392334,30.739999771118164,10,620.5245048763184,250.52557299155274,82822.91672915558,41.703863606836094,LOSS,82822.91672915558,0.0
2019-07-01,31.200000762939453,30.3700008392334,10,606.5594770731951,606.5594770731951,83429.47620622878,41.42090035163738,WIN,83429.47620622878,0.0
2019-07-02,31.239999771118164,31.200000762939453,10,629.7189807004495,629.7189807004495,84059.19518692922,41.69999644310113,WIN,84059.19518692922,0.0
2019-07-03,31.190000534057617,31.239999771118164,10,560.6012865356122,510.6020494750653,84569.7972364043,38.73898206950922,LOSS,84569.7972364043,0.0
2019-07-05,31.5,31.190000534057617,10,559.5734404484838,559.5734404484838,85129.37067685278,38.73344242310753,WIN,85129.37067685278,0.0
2019-07-08,32.040000915527344,31.5,10,456.95038683820337,456.95038683820337,85586.32106369098,34.19011246140712,WIN,85586.32106369098,0.0
2019-07-09,33.150001525878906,32.040000915527344,10,463.7226775502166,463.7226775502166,86050.0437412412,34.14629911112589,WIN,86050.0437412412,0.0
2019-07-10,33.790000915527344,33.150001525878906,10,491.8166522755101,491.8166522755101,86541.8603935167,34.62631210658488,WIN,86541.8603935167,0.0
2019-07-11,33.060001373291016,33.790000915527344,10,493.75031790704736,-236.24922432928076,86305.61116918742,34.330282858039716,LOSS,86541.8603935167,-0.2729883818709525
2019-07-12,33.209999084472656,33.060001373291016,10,493.15020167233337,493.15020167233337,86798.76137085976,34.73310251705624,WIN,86798.76137085976,0.0
2019-07-15,34.38999938964844,33.209999084472656,10,479.9623430384851,479.9623430384851,87278.72371389825,34.11865452217715,WIN,87278.72371389825,0.0
2019-07-16,33.849998474121094,34.38999938964844,10,486.28005439195414,-53.72086113538961,87225.00285276286,33.70567191459938,LOSS,87278.72371389825,-0.06155092426819121
2019-07-17,33.599998474121094,33.849998474121094,10,442.54196733237796,192.54196733237796,87417.54482009524,32.29477168464102,LOSS,87417.54482009524,0.0
2019-07-18,33.0,33.599998474121094,10,410.6569037699527,-189.34157035114106,87228.2032497441,31.168096590598108,LOSS,87417.54482009524,-0.2165944728152748
2019-07-19,32.5099983215332,33.0,10,415.84823255424715,-74.15344591254973,87154.04980383154,31.670166764913517,LOSS,87417.54482009524,-0.3014212041827154
2019-07-22,32.849998474121094,32.5099983215332,10,408.5032829400902,408.5032829400902,87562.55308677163,31.622549249672822,WIN,87562.55308677163,0.0
2019-07-23,33.4900016784668,32.849998474121094,10,380.9047390710317,380.9047390710317,87943.45782584266,30.339105929971602,WIN,87943.45782584266,0.0
2019-07-24,34.11000061035156,33.4900016784668,10,392.8042839314353,392.8042839314353,88336.26210977409,30.51601070643722,WIN,88336.26210977409,0.0
2019-07-25,33.66999816894531,34.11000061035156,10,390.49598043651037,-49.506460969739635,88286.75564880435,30.144462528854547,LOSS,88336.26210977409,-0.05604319198861152
2019-07-26,34.02000045776367,33.66999816894531,10,372.54251226322106,372.54251226322106,88659.29816106756,29.63698981066188,WIN,88659.29816106756,0.0
2019-07-29,33.47999954223633,34.02000045776367,10,363.0526070468375,-176.94830848050623,88482.34985258705,29.117385334431745,LOSS,88659.29816106756,-0.19958234742513772
2019-07-30,33.869998931884766,33.47999954223633,10,361.6173718191422,361.6173718191422,88843.9672244062,29.288375876278764,WIN,88843.9672244062,0.0
2019-07-31,30.450000762939453,33.869998931884766,10,351.7302809420805,-3068.2678880032317,85775.69933640296,28.737686467234877,LOSS,88843.9672244062,-3.453546688491814
2019-08-01,29.860000610351562,30.450000762939453,10,534.0297721303958,-55.9703804574948,85719.72895594547,38.200491533011146,LOSS,88843.9672244062,-3.516545203985977
2019-08-02,29.440000534057617,29.860000610351562,10,528.9240508118245,108.92397451787917,85828.65293046334,38.43271052050562,LOSS,88843.9672244062,-3.393943773724817
2019-08-05,27.989999771118164,29.440000534057617,10,521.2704894353462,-928.7302735041069,84899.92265695924,38.423098774189526,LOSS,88843.9672244062,-4.439293618535632
2019-08-06,28.860000610351562,27.989999771118164,10,517.8641282234303,517.8641282234303,85417.78678518267,39.47552174713231,WIN,88843.9672244062,-3.8564018990389255
2019-08-07,29.190000534057617,28.860000610351562,10,529.8162495379322,529.8162495379322,85947.60303472061,39.285551060167364,WIN,88843.9672244062,-3.2600572443706994
2019-08-08,33.91999816894531,29.190000534057617,10,530.6288166846467,530.6288166846467,86478.23185140526,39.04782222929447,WIN,88843.9672244062,-2.662797989452059
2019-08-09,34.189998626708984,33.91999816894531,10,980.0226734106061,980.0226734106061,87458.25452481587,53.22076080509645,WIN,88843.9672244062,-1.5597150182299113
2019-08-12,32.43000030517578,34.189998626708984,10,988.1165756216924,-771.8817459115107,86686.37277890436,53.23209754962472,LOSS,88843.9672244062,-2.428521049777168
2019-08-13,32.11000061035156,32.43000030517578,10,952.5057682897495,632.5060734655308,87318.87885236989,53.85435340015995,LOSS,88843.9672244062,-1.7165919304168022
2019-08-14,30.239999771118164,32.11000061035156,10,941.7649526972992,-928.2358865360992,86390.64296583379,53.799062767851524,LOSS,88843.9672244062,-2.7613853086678217
2019-08-15,29.670000076293945,30.239999771118164,10,916.234460128132,346.23476530391326,86736.8777311377,55.081490450965816,LOSS,88843.9672244062,-2.371674249919869
2019-08-16,31.18000030517578,29.670000076293945,10,899.2263126211151,899.2263126211151,87636.10404375882,55.09317811667272,WIN,88843.9672244062,-1.359533143760335
2019-08-19,31.479999542236328,31.18000030517578,10,970.9233891884891,970.9233891884891,88607.02743294732,56.19342214153706,WIN,88843.9672244062,-0.2666920432091958
2019-08-20,30.719999313354492,31.479999542236328,10,980.0902843261689,220.09005544433296,88827.11748839165,56.186073577265006,LOSS,88843.9672244062,-0.018965537605925772
2019-08-21,31.700000762939453,30.719999313354492,10,956.7134501823073,956.7134501823073,89783.83093857396,56.19833856950318,WIN,89783.83093857396,0.0
2019-08-22,31.899999618530273,31.700000762939453,10,994.4226848118616,994.4226848118616,90778.25362338581,56.49834477558208,WIN,90778.25362338581,0.0
2019-08-23,29.540000915527344,31.899999618530273,10,1000.18810169304,-1359.8106013098895,89418.44302207592,56.47725725721318,LOSS,90778.25362338581,-1.4979475227088754
2019-08-26,30.280000686645508,29.540000915527344,10,967.7976499980819,967.7976499980819,90386.24067207401,58.34041675641471,WIN,90778.25362338581,-0.4318357488327056
2019-08-27,30.200000762939453,30.280000686645508,10,998.6316172072227,918.631693501168,91304.87236557518,58.62831655518802,LOSS,91304.87236557518,0.0
2019-08-28,30.780000686645508,30.200000762939453,10,993.8897372493418,993.8897372493418,92298.76210282452,58.53617564487012,WIN,92298.76210282452,0.0
2019-08-29,31.450000762939453,30.780000686645508,10,924.8966881564547,924.8966881564547,93223.65879098098,54.75059406595361,WIN,93223.65879098098,0.0
2019-08-30,31.450000762939453,31.450000762939453,10,943.7936941373082,943.7936941373082,94167.45248511828,54.698622306247785,WIN,94167.45248511828,0.0
2019-09-03,30.899999618530273,31.450000762939453,10,940.6821568006029,390.6810123914232,94558.1334975097,54.56774227781683,LOSS,94558.1334975097,0.0
2019-09-04,30.950000762939453,30.899999618530273,10,899.9076709011883,899.9076709011883,95458.04116841088,53.52640662649218,WIN,95458.04116841088,0.0
2019-09-05,31.5,30.950000762939453,10,894.7792973221124,894.7792973221124,96352.82046573299,53.24496673095709,WIN,96352.82046573299,0.0
2019-09-06,30.559999465942383,31.5,10,911.9725490826784,-28.027984974938818,96324.79248075806,53.29924710143513,LOSS,96352.82046573299,-0.02908890973762709
2019-09-09,30.5,30.559999465942383,10,578.3044613153977,518.3049953730149,96843.09747613106,40.03353752386155,LOSS,96843.09747613106,0.0
2019-09-10,30.229999542236328,30.5,10,574.7494205031555,304.74896273948366,97147.84643887055,39.928590702128474,LOSS,97147.84643887055,0.0
2019-09-11,29.760000228881836,30.229999542236328,10,534.89893743155,64.89962407705787,97212.74606294761,38.4073699375896,LOSS,97212.74606294761,0.0
2019-09-12,30.209999084472656,29.760000228881836,10,528.2956314200202,528.2956314200202,97741.04169436764,38.483515603315084,WIN,97741.04169436764,0.0
2019-09-13,30.690000534057617,30.209999084472656,10,486.6252988903831,486.6252988903831,98227.66699325803,36.30899638454762,WIN,98227.66699325803,0.0
2019-09-16,30.829999923706055,30.690000534057617,10,491.02762349683786,491.02762349683786,98718.69461675486,36.16547663780582,WIN,98718.69461675486,0.0
2019-09-17,30.989999771118164,30.829999923706055,10,445.53754338049293,445.53754338049293,99164.23216013535,34.117443114572275,WIN,99164.23216013535,0.0
2019-09-18,30.420000076293945,30.989999771118164,10,446.4432835633528,-123.55641126086596,99040.67574887448,34.057404187278294,LOSS,99164.23216013535,-0.12459775926197349
2019-09-19,30.290000915527344,30.420000076293945,10,433.39583479988585,303.3966740332843,99344.07242290776,33.84710051373918,LOSS,99344.07242290776,0.0
2019-09-20,30.049999237060547,30.290000915527344,10,409.2026303190002,169.20095185220333,99513.27337475997,32.871382682966235,LOSS,99513.27337475997,0.0
2019-09-23,30.639999389648438,30.049999237060547,10,405.01529849069084,405.01529849069084,99918.28867325066,32.82978010297916,WIN,99918.28867325066,0.0
2019-09-24,29.520000457763672,30.639999389648438,10,285.2393643357741,-834.7595675489915,99083.52910570167,27.31515073746325,LOSS,99918.28867325066,-0.8354422184699225
2019-09-25,29.540000915527344,29.520000457763672,10,296.7224921461338,296.7224921461338,99380.2515978478,28.296983577984996,WIN,99918.28867325066,-0.5384770721627606
2019-09-26,29.469999313354492,29.540000915527344,10,296.93662335305953,226.93502118020797,99607.18661902801,28.297570010001216,LOSS,99918.28867325066,-0.31135646772334363
2019-09-27,28.719999313354492,29.469999313354492,10,284.0864233983491,-465.9135766016509,99141.27304242636,27.752325155658063,LOSS,99918.28867325066,-0.7776510598227637
2019-09-30,28.989999771118164,28.719999313354492,10,273.13147721020454,273.13147721020454,99414.40451963656,27.580744798031525,WIN,99918.28867325066,-0.5042962207468161
2019-10-01,28.760000228881836,28.989999771118164,10,280.47696685296313,50.477424616635005,99464.8819442532,27.7987635155822,LOSS,99918.28867325066,-0.4537775166267887
2019-10-02,28.309999465942383,28.760000228881836,10,273.36006795136564,-176.6406949880875,99288.2412492651,27.573761342476008,LOSS,99918.28867325066,-0.6305626651051973
2019-10-03,28.68000030517578,28.309999465942383,10,272.1065285285424,272.1065285285424,99560.34777779365,27.715051539822777,WIN,99918.28867325066,-0.35823361289496847
2019-10-04,29.010000228881836,28.68000030517578,10,270.332271479472,270.332271479472,99830.68004927313,27.46917632634764,WIN,99918.28867325066,-0.08768026868837492
2019-10-07,28.93000030517578,29.010000228881836,10,259.48521329327014,179.48528958721545,100010.16533886034,26.8327014452941,LOSS,100010.16533886034,0.0
2019-10-08,28.229999542236328,28.93000030517578,10,258.76223052767205,-441.2385324117811,99568.92680644857,26.832362659016333,LOSS,100010.16533886034,-0.44119368357881233
2019-10-09,28.459999084472656,28.229999542236328,10,264.6934029141932,264.6934029141932,99833.62020936277,27.40370048080591,WIN,100010.16533886034,-0.17652718491105235
2019-10-10,28.3799991607666,28.459999084472656,10,265.49378322883734,185.49385952278266,100019.11406888555,27.340663170302598,LOSS,100019.11406888555,0.0
2019-10-11,29.75,28.3799991607666,10,255.5771203211971,255.5771203211971,100274.69118920674,26.913205094500334,WIN,100274.69118920674,0.0
2019-10-14,30.530000686645508,29.75,10,330.17434466374306,330.17434466374306,100604.86553387048,29.681667315529246,WIN,100604.86553387048,0.0
2019-10-15,30.719999313354492,30.530000686645508,10,356.6929845622573,356.6929845622573,100961.55851843274,30.4556323342295,WIN,100961.55851843274,0.0
2019-10-16,30.809999465942383,30.719999313354492,10,359.221133540234,359.221133540234,101320.77965197297,30.46890960725093,WIN,101320.77965197297,0.0
2019-10-17,31.139999389648438,30.809999465942383,10,351.6470086135988,351.6470086135988,101672.42666058657,30.098515907145817,WIN,101672.42666058657,0.0
2019-10-18,30.969999313354492,31.139999389648438,10,356.9869014686944,186.98682517474907,101859.41348576132,30.16535936265391,LOSS,101859.41348576132,0.0
2019-10-21,32.029998779296875,30.969999313354492,10,353.9882318445953,353.9882318445953,102213.40171760591,30.120517424429202,WIN,102213.40171760591,0.0
2019-10-22,31.510000228881836,32.029998779296875,10,384.90236942931926,-135.0961809857198,102078.30553662019,30.896908950363745,LOSS,102213.40171760591,-0.13217071217233103
2019-10-23,31.360000610351562,31.510000228881836,10,347.8065973745206,197.80697884424717,102276.11251546444,29.601868522950603,LOSS,102276.11251546444,0.0
2019-10-24,31.719999313354492,31.360000610351562,10,347.7081679964377,347.7081679964377,102623.82068346087,29.667559366066747,WIN,102623.82068346087,0.0
2019-10-25,32.709999084472656,31.719999313354492,10,352.4902819481499,352.4902819481499,102976.31096540902,29.700530356083718,WIN,102976.31096540902,0.0
2019-10-28,33.689998626708984,32.709999084472656,10,355.88209610795855,355.88209610795855,103332.19306151698,29.392778182757716,WIN,103332.19306151698,0.0
2019-10-29,33.029998779296875,33.689998626708984,10,381.3090129263909,-278.6908344857185,103053.50222703126,29.9725268921641,LOSS,103332.19306151698,-0.26970378371802134
2019-10-30,33.130001068115234,33.029998779296875,10,387.2490123632642,387.2490123632642,103440.75123939452,30.509606721674615,WIN,103440.75123939452,0.0
2019-10-31,33.93000030517578,33.130001068115234,10,374.2641290464945,374.2641290464945,103815.01536844102,29.94430694513622,WIN,103815.01536844102,0.0
2019-11-01,34.88999938964844,33.93000030517578,10,389.72387602018136,389.72387602018136,104204.7392444612,30.19470154228498,WIN,104204.7392444612,0.0
2019-11-04,36.290000915527344,34.88999938964844,10,411.11651284165754,411.11651284165754,104615.85575730287,30.58773390483109,WIN,104615.85575730287,0.0
2019-11-05,36.150001525878906,36.290000915527344,10,447.5679331199222,307.5685434714847,104923.42430077435,31.315147643546094,LOSS,104923.42430077435,0.0
2019-11-06,35.93000030517578,36.150001525878906,10,415.2765758044216,195.2753551012966,105118.69965587565,30.19665973046248,LOSS,105118.69965587565,0.0
2019-11-07,36.279998779296875,35.93000030517578,10,422.11244131856427,422.11244131856427,105540.81209719421,30.541393481068084,WIN,105540.81209719421,0.0
2019-11-08,36.290000915527344,36.279998779296875,10,419.74858236939923,419.74858236939923,105960.56067956361,30.3052701142189,WIN,105960.56067956361,0.0
2019-11-11,36.310001373291016,36.290000915527344,10,381.15174616809617,381.15174616809617,106341.7124257317,28.894085239707476,WIN,106341.7124257317,0.0
2019-11-12,36.709999084472656,36.310001373291016,10,374.75185130360626,374.75185130360626,106716.46427703531,28.653265827741453,WIN,106716.46427703531,0.0
2019-11-13,37.52000045776367,36.709999084472656,10,378.76847184077826,378.76847184077826,107095.2327488761,28.649240070214866,WIN,107095.2327488761,0.0
2019-11-14,38.349998474121094,37.52000045776367,10,390.9744212363609,390.9744212363609,107486.20717011245,28.784929037291338,WIN,107486.20717011245,0.0
2019-11-15,38.560001373291016,38.349998474121094,10,404.43903183427244,404.43903183427244,107890.64620194673,28.9510448669678,WIN,107890.64620194673,0.0
2019-11-18,39.880001068115234,38.560001373291016,10,398.3278476678044,398.3278476678044,108288.97404961454,28.665409591123726,WIN,108288.97404961454,0.0
2019-11-19,41.290000915527344,39.880001068115234,10,411.9731696287056,411.9731696287056,108700.94721924324,28.665728742169463,WIN,108700.94721924324,0.0
2019-11-20,40.97999954223633,41.290000915527344,10,415.09857221162497,105.09719892060934,108806.04441816386,28.299195535219084,LOSS,108806.04441816386,0.0
2019-11-21,39.52000045776367,40.97999954223633,10,416.1634961669422,-1043.835588305714,107762.20882985815,28.43417676793884,LOSS,108806.04441816386,-0.9593544126041702
2019-11-22,39.150001525878906,39.52000045776367,10,478.9280193010509,108.92908741628526,107871.13791727443,31.03143244299226,LOSS,108806.04441816386,-0.859241327895708
2019-11-25,39.790000915527344,39.150001525878906,10,472.72270851924844,472.72270851924844,108343.86062579368,30.973265352340597,WIN,108806.04441816386,-0.42477768109454983
2019-11-26,38.9900016784668,39.790000915527344,10,468.1590573615823,-331.84017969896456,108012.02044609471,30.56461939308243,LOSS,108806.04441816386,-0.7297609028203891
2019-11-27,39.40999984741211,38.9900016784668,10,459.66328588761195,459.66328588761195,108471.68373198232,30.595725685196097,WIN,108806.04441816386,-0.3072997350188733
2019-11-29,39.150001525878906,39.40999984741211,10,463.7283606773748,203.73003914417166,108675.41377112649,30.565972126241505,LOSS,108806.04441816386,-0.1200582630642533
2019-12-02,38.72999954223633,39.150001525878906,10,459.4174263806635,39.4154427380854,108714.82921386458,30.52368085310404,LOSS,108806.04441816386,-0.08383284659142959
2019-12-03,38.900001525878906,38.72999954223633,10,448.60204041693896,448.60204041693896,109163.43125428152,30.3226110328897,WIN,109163.43125428152,0.0
2019-12-04,39.689998626708984,38.900001525878906,10,408.23917900275575,408.23917900275575,109571.67043328428,28.88302443067924,WIN,109571.67043328428,0.0
2019-12-05,39.619998931884766,39.689998626708984,10,423.39586257978124,353.3961677555625,109925.06660103984,29.11186945426035,LOSS,109925.06660103984,0.0
2019-12-06,39.630001068115234,39.619998931884766,10,419.944241749923,419.944241749923,110345.01084278976,29.0215555040025,WIN,110345.01084278976,0.0
2019-12-09,38.93000030517578,39.630001068115234,10,419.9252124243891,-280.07555051506404,110064.9352922747,29.01738142034503,LOSS,110345.01084278976,-0.25381804612270786
2019-12-10,39.439998626708984,38.93000030517578,10,428.2168494391457,428.2168494391457,110493.15214171386,29.551185229157838,WIN,110493.15214171386,0.0
2019-12-11,39.470001220703125,39.439998626708984,10,436.23731639453024,436.23731639453024,110929.38945810839,29.63204224105263,WIN,110929.38945810839,0.0
2019-12-12,42.59000015258789,39.470001220703125,10,435.29091312539555,435.29091312539555,111364.68037123379,29.589200259410354,WIN,111364.68037123379,0.0
2019-12-13,41.150001525878906,42.59000015258789,10,631.0372019470728,-808.9614247619115,110555.71894647187,34.600463705099926,LOSS,111364.68037123379,-0.7264075307047506
2019-12-16,42.349998474121094,41.150001525878906,10,641.5035144052382,641.5035144052382,111197.2224608771,35.6228274769663,WIN,111364.68037123379,-0.15036895881033283
2019-12-17,42.77000045776367,42.349998474121094,10,675.7342708099502,675.7342708099502,111872.95673168705,36.10773196390066,WIN,111872.95673168705,0.0
2019-12-18,42.29999923706055,42.77000045776367,10,660.2738545149539,190.27263381182888,112063.22936549888,35.422263239975095,LOSS,112063.22936549888,0.0
2019-12-19,42.83000183105469,42.29999923706055,10,629.671403858867,629.671403858867,112692.90076935774,34.69212733271017,WIN,112692.90076935774,0.0
2019-12-20,44.150001525878906,42.83000183105469,10,638.1230619889204,638.1230619889204,113331.02383134667,34.70948932640009,WIN,113331.02383134667,0.0
2019-12-23,45.459999084472656,44.150001525878906,10,632.835393793847,632.835393793847,113963.85922514052,33.96177819877001,WIN,113963.85922514052,0.0
2019-12-24,46.540000915527344,45.459999084472656,10,659.4455196478272,659.4455196478272,114623.30474478834,34.189714950740495,WIN,114623.30474478834,0.0
2019-12-26,46.630001068115234,46.540000915527344,10,680.5387783987732,680.5387783987732,115303.84352318711,34.34396572581639,WIN,115303.84352318711,0.0
2019-12-27,46.18000030517578,46.630001068115234,10,657.754576441057,207.75381350160387,115511.59733668872,33.66025083760524,LOSS,115511.59733668872,0.0
2019-12-30,45.52000045776367,46.18000030517578,10,661.6785197084691,1.678672296359764,115513.27600898508,33.95449111577584,LOSS,115513.27600898508,0.0
2019-12-31,45.86000061035156,45.52000045776367,10,660.7234352852718,660.7234352852718,116173.99944427035,34.20155840924381,WIN,116173.99944427035,0.0
2020-01-02,49.099998474121094,45.86000061035156,10,654.7607836882702,654.7607836882702,116828.76022795861,33.887202124086926,WIN,116828.76022795861,0.0
2020-01-03,48.599998474121094,49.099998474121094,10,809.6718264748708,309.67182647487084,117138.43205443349,36.81456581467131,LOSS,117138.43205443349,0.0
2020-01-06,48.38999938964844,48.599998474121094,10,811.9747342487333,601.975649776077,117740.40770420957,37.10167988826011,LOSS,117740.40770420957,0.0
2020-01-07,48.25,48.38999938964844,10,810.3605910258143,670.3612013773768,118410.76890558696,37.153467898165246,LOSS,118410.76890558696,0.0
2020-01-08,47.83000183105469,48.25,10,810.0141496646542,390.01598071934166,118800.7848863063,37.20824868866454,LOSS,118800.7848863063,0.0
2020-01-09,48.970001220703125,47.83000183105469,10,791.4387738693429,791.4387738693429,119592.22366017564,36.889505471779245,WIN,119592.22366017564,0.0
2020-01-10,48.16999816894531,48.970001220703125,10,814.8041935644105,14.801141806598025,119607.02480198225,37.011121193035294,LOSS,119607.02480198225,0.0
2020-01-13,48.75,48.16999816894531,10,818.74738204411,818.74738204411,120425.77218402635,37.484970332326405,WIN,120425.77218402635,0.0
2020-01-14,48.209999084472656,48.75,10,681.3824824844648,141.3815669571211,120567.15375098347,33.489934321740705,LOSS,120567.15375098347,0.0
2020-01-15,48.54999923706055,48.209999084472656,10,627.6146594594825,627.6146594594825,121194.76841044295,32.22165878077247,WIN,121194.76841044295,0.0
2020-01-16,49.77000045776367,48.54999923706055,10,615.4301168002949,615.4301168002949,121810.19852724325,31.769053182086083,WIN,121810.19852724325,0.0
2020-01-17,50.93000030517578,49.77000045776367,10,642.2019145940612,642.2019145940612,122452.40044183731,32.069585512133365,WIN,122452.40044183731,0.0
2020-01-21,51.04999923706055,50.93000030517578,10,650.6734381308864,650.6734381308864,123103.0738799682,31.900845196291385,WIN,123103.0738799682,0.0
2020-01-22,51.43000030517578,51.04999923706055,10,653.6219120772249,653.6219120772249,123756.69579204543,31.93752259219854,WIN,123756.69579204543,0.0
2020-01-23,51.709999084472656,51.43000030517578,10,639.1897060500866,639.1897060500866,124395.88549809552,31.44115295319972,WIN,124395.88549809552,0.0
2020-01-24,50.349998474121094,51.709999084472656,10,622.6785007060691,-737.3221096454934,123658.56338845003,30.929728183939467,LOSS,124395.88549809552,-0.5927222646417697
2020-01-27,49.2599983215332,50.349998474121094,10,632.1936501556312,-457.80650243225944,123200.75688601777,31.61000227840789,LOSS,124395.88549809552,-0.9607460948505796
2020-01-28,50.529998779296875,49.2599983215332,10,641.5895095778467,641.5895095778467,123842.34639559561,32.22986544833932,WIN,124395.88549809552,-0.44498184186999196
2020-01-29,47.5099983215332,50.529998779296875,10,669.0156297384783,-2350.9848280251936,121491.36156757042,32.51483299291613,LOSS,124395.88549809552,-2.334903537118653
2020-01-30,48.779998779296875,47.5099983215332,10,744.1227482701133,744.1227482701133,122235.48431584053,35.719467547700646,WIN,124395.88549809552,-1.7367143403533791
2020-01-31,47.0,48.779998779296875,10,779.9374027276301,-1000.0613765692449,121235.42293927129,36.151296201863936,LOSS,124395.88549809552,-2.5406487892821987
2020-02-03,48.02000045776367,47.0,10,646.7216503298597,646.7216503298597,121882.14458960114,33.20281547078811,WIN,124395.88549809552,-2.0207588847726514
2020-02-04,49.45000076293945,48.02000045776367,10,675.1320021084246,675.1320021084246,122557.27659170957,33.598827183384955,WIN,124395.88549809552,-1.4780303215206447
2020-02-05,49.84000015258789,49.45000076293945,10,722.4569258765296,722.4569258765296,123279.7335175861,34.32701040783462,WIN,124395.88549809552,-0.8972579567565493
2020-02-06,49.31999969482422,49.84000015258789,10,728.7523916947009,208.75193393102904,123488.48545151712,34.342873092543485,LOSS,124395.88549809552,-0.7294453855487824
2020-02-07,49.72999954223633,49.31999969482422,10,722.4112249272844,722.4112249272844,124210.8966764444,34.37672807487587,WIN,124395.88549809552,-0.14870975909725673
2020-02-10,52.2599983215332,49.72999954223633,10,713.6494034319061,713.6494034319061,124924.54607987631,33.98390169063653,WIN,124924.54607987631,0.0
2020-02-11,53.79999923706055,52.2599983215332,10,814.6138008272418,814.6138008272418,125739.15988070355,35.620604676348876,WIN,125739.15988070355,0.0
2020-02-12,53.88999938964844,53.79999923706055,10,856.5618738258584,856.5618738258584,126595.72175452941,36.06180049089651,WIN,126595.72175452941,0.0
2020-02-13,54.529998779296875,53.88999938964844,10,849.5322055689916,849.5322055689916,127445.2539600984,35.85406357517511,WIN,127445.2539600984,0.0
2020-02-14,55.310001373291016,54.529998779296875,10,860.7044876171493,860.7044876171493,128305.95844771554,35.880341807533895,WIN,128305.95844771554,0.0
2020-02-18,56.88999938964844,55.310001373291016,10,863.0186981859684,863.0186981859684,129168.97714590152,35.64122939347272,WIN,129168.97714590152,0.0
2020-02-19,58.900001525878906,56.88999938964844,10,894.9770329628699,894.9770329628699,130063.95417886438,35.81109758954457,WIN,130063.95417886438,0.0
2020-02-20,57.27000045776367,58.900001525878906,10,954.5769737504463,-675.4240943647881,129388.5300844996,36.43950097100296,LOSS,130063.95417886438,-0.5193015225693844
2020-02-21,53.279998779296875,57.27000045776367,10,966.7739257655408,-3023.227752701256,126365.30233179833,37.33144195173908,LOSS,130063.95417886438,-2.8437178236021134
2020-02-24,49.119998931884766,53.279998779296875,10,1048.7585260242347,-3111.2413213878745,123254.06101041046,41.03936100592572,LOSS,130063.95417886438,-5.235803579436729
2020-02-25,47.56999969482422,49.119998931884766,10,1088.7266233911755,-461.27261366937137,122792.78839674109,44.32105001898053,LOSS,130063.95417886438,-5.5904541946525494
2020-02-26,47.4900016784668,47.56999969482422,10,1064.7068852424222,984.7088688850004,123777.4972656261,44.60846810596185,LOSS,130063.95417886438,-4.833358291255033
2020-02-27,44.0099983215332,47.4900016784668,10,1047.5628609562882,-2432.4404959773055,121345.05676964879,44.18078242619208,LOSS,130063.95417886438,-6.703546316318618
2020-02-28,45.47999954223633,44.0099983215332,10,1002.829888922916,1002.829888922916,122347.8866585717,45.14358775940224,WIN,130063.95417886438,-5.932518020851125
2020-03-02,47.459999084472656,45.47999954223633,10,1044.6215299210846,1044.6215299210846,123392.5081884928,45.384881378333304,WIN,130063.95417886438,-5.129358116543955
2020-03-03,46.75,47.459999084472656,10,1103.5090701517422,393.50998567908596,123786.01817417188,45.758645442966724,LOSS,130063.95417886438,-4.826806969176918
2020-03-04,50.11000061035156,46.75,10,1082.70343479126,1082.70343479126,124868.72160896314,45.63704847158407,WIN,130063.95417886438,-3.9943676960310945
2020-03-05,48.11000061035156,50.11000061035156,10,1244.4384364130603,-755.5615635869397,124113.16004537621,47.85247041085521,LOSS,130063.95417886438,-4.575283114416639
2020-03-06,48.59000015258789,48.11000061035156,10,1223.0449962494868,1223.0449962494868,125336.2050416257,48.629940358198844,WIN,130063.95417886438,-3.6349418769300756
2020-03-09,43.27000045776367,48.59000015258789,10,1235.3679554501327,-4084.631739374086,121251.5733022516,48.633220595959315,LOSS,130063.95417886438,-6.7754213165732
2020-03-10,45.380001068115234,43.27000045776367,10,1268.6333488390721,1268.6333488390721,122520.20665109067,53.78539762470702,WIN,130063.95417886438,-5.800029358941005
2020-03-11,45.70000076293945,45.380001068115234,10,1327.047037282965,1327.047037282965,123847.25368837363,53.68484305967434,WIN,130063.95417886438,-4.779725889266387
2020-03-12,39.0099983215332,45.70000076293945,10,1319.9103163032123,-5370.092125103038,118477.1615632706,53.207378463315855,LOSS,130063.95417886438,-8.908534796396852
2020-03-13,43.900001525878906,39.0099983215332,10,1340.1122804506772,1340.1122804506772,119817.27384372127,60.44480870970703,WIN,130063.95417886438,-7.8781860814809965
2020-03-16,38.709999084472656,43.900001525878906,10,1714.2989378499808,-3475.7035035562694,116341.570340165,66.6584112155383,LOSS,130063.95417886438,-10.550489507514373
2020-03-17,41.880001068115234,38.709999084472656,10,1607.9289127423235,1607.9289127423235,117949.49925290732,69.949368762619,WIN,130063.95417886438,-9.31422929776318
2020-03-18,39.119998931884766,41.880001068115234,10,1808.7713996430286,-951.2307365874401,116998.26851631988,72.13418314195195,LOSS,130063.95417886438,-10.045585454503815
2020-03-19,39.81999969482422,39.119998931884766,10,1689.6868531838327,1689.6868531838327,118687.9553695037,72.13818160991886,WIN,130063.95417886438,-8.746465445542558
2020-03-20,39.61000061035156,39.81999969482422,10,1729.224488456326,1519.2254039836698,120207.18077348737,72.44723747515485,LOSS,130063.95417886438,-7.578405152761958
2020-03-23,41.63999938964844,39.61000061035156,10,1693.623196227055,1693.623196227055,121900.80396971443,71.56280892225114,WIN,130063.95417886438,-6.276258676499998
2020-03-24,46.220001220703125,41.63999938964844,10,1769.8963267043484,1769.8963267043484,123670.70029641877,71.22845335572384,WIN,130063.95417886438,-4.915469411035735
2020-03-25,44.630001068115234,46.220001220703125,10,2081.9790585541577,491.9789059662671,124162.67920238504,74.58890824640797,LOSS,130063.95417886438,-4.537210185355343
2020-03-26,47.5,44.630001068115234,10,2021.6990009442825,2021.6990009442825,126184.37820332932,74.92508015138388,WIN,130063.95417886438,-2.9828217971905215
2020-03-27,46.58000183105469,47.5,10,2130.8775641114466,1210.8793951661341,127395.25759849546,74.34496956806296,LOSS,130063.95417886438,-2.051834112854145
2020-03-30,47.86000061035156,46.58000183105469,10,2087.737350437787,2087.737350437787,129482.99494893325,74.2919022643394,WIN,130063.95417886438,-0.44667197272212433
2020-03-31,45.47999954223633,47.86000061035156,10,2134.6834665204638,-245.31760159477062,129237.67734733848,74.00377672616304,LOSS,130063.95417886438,-0.6352850309237893
2020-04-01,43.65999984741211,45.47999954223633,10,2051.6196140155494,231.6199191913306,129469.29726652981,74.67541049056663,LOSS,130063.95417886438,-0.4572034704686856
2020-04-02,44.4900016784668,43.65999984741211,10,1933.5555539351478,1933.5555539351478,131402.85282046496,73.58574392715401,WIN,131402.85282046496,0.0
2020-04-03,42.59000015258789,44.4900016784668,10,1961.6738079466536,61.672282067747346,131464.5251025327,73.32884753259,LOSS,131464.5251025327,0.0
2020-04-06,47.52000045776367,42.59000015258789,10,1891.1152419809016,1891.1152419809016,133355.6403445136,73.73938263582254,WIN,133355.6403445136,0.0
2020-04-07,47.560001373291016,47.52000045776367,10,2116.5334280166153,2116.5334280166153,135472.17377253022,73.92067590639206,WIN,135472.17377253022,0.0
2020-04-08,48.790000915527344,47.560001373291016,10,2100.141158906541,2100.141158906541,137572.31493143676,73.41517098565633,WIN,137572.31493143676,0.0
2020-04-09,48.380001068115234,48.790000915527344,10,2158.8006261299647,1748.8007787178553,139321.1157101546,73.53299323358578,LOSS,139321.1157101546,0.0
2020-04-13,50.939998626708984,48.380001068115234,10,1876.4241625958632,1876.4241625958632,141197.53987275047,66.30789147060563,WIN,141197.53987275047,0.0
2020-04-14,54.93000030517578,50.939998626708984,10,1829.393826636617,1829.393826636617,143026.9336993871,62.50806091246646,WIN,143026.9336993871,0.0
2020-04-15,54.9900016784668,54.93000030517578,10,1768.3133894793161,1768.3133894793161,144795.24708886642,57.58617734020964,WIN,144795.24708886642,0.0
2020-04-16,56.95000076293945,54.9900016784668,10,1704.9022414496426,1704.9022414496426,146500.14933031605,56.01424988970938,WIN,146500.14933031605,0.0
2020-04-17,56.599998474121094,56.95000076293945,10,1646.3740166158923,1296.371727797533,147796.52105811358,53.24316202466847,LOSS,147796.52105811358,0.0
2020-04-20,56.970001220703125,56.599998474121094,10,1648.293650550429,1648.293650550429,149444.814708664,53.52451594108419,WIN,149444.814708664,0.0
2020-04-21,52.91999816894531,56.970001220703125,10,1650.9565666661647,-2399.046485091648,147045.76822357235,53.336145402611855,LOSS,149444.814708664,-1.6053059383615824
2020-04-22,55.91999816894531,52.91999816894531,10,1641.0417302998392,1641.0417302998392,148686.80995387217,56.02218877248909,WIN,149444.814708664,-0.5072138208806498
2020-04-23,55.900001525878906,55.91999816894531,10,1598.80451003815,1578.8078669717438,150265.6178208439,52.82223951250531,LOSS,150265.6178208439,0.0
2020-04-24,56.18000030517578,55.900001525878906,10,1561.4121113863353,1561.4121113863353,151827.02993223025,51.95087681616637,WIN,151827.02993223025,0.0
2020-04-27,56.4900016784668,56.18000030517578,10,1514.4773165754793,1514.4773165754793,153341.50724880572,50.66153723870668,WIN,153341.50724880572,0.0
2020-04-28,55.5099983215332,56.4900016784668,10,1506.0281980165857,526.024841082992,153867.5320898887,50.267976287930345,LOSS,153867.5320898887,0.0
2020-04-29,53.65999984741211,55.5099983215332,10,1487.706557076297,-362.2919170447967,153505.2401728439,50.45398750568081,LOSS,153867.5320898887,-0.23545702730393864
2020-04-30,52.38999938964844,53.65999984741211,10,1406.4756763997,136.4752186360281,153641.71539147996,49.67373160078779,LOSS,153867.5320898887,-0.14676046033988688
2020-05-01,49.880001068115234,52.38999938964844,10,1347.2827192122836,-1162.7156023209195,152478.99978915905,49.019613115655794,LOSS,153867.5320898887,-0.9024205963857792
2020-05-04,52.560001373291016,49.880001068115234,10,1337.5964232737547,1337.5964232737547,153816.5962124328,50.474613219425564,WIN,153867.5320898887,-0.03310372030022338
2020-05-05,52.189998626708984,52.560001373291016,10,1396.652161059204,1026.6494144771727,154843.24562690998,50.15215172826593,LOSS,154843.24562690998,0.0
2020-05-06,52.15999984741211,52.189998626708984,10,1157.9940122382166,1127.9952329413416,155971.24085985133,44.352023919351865,LOSS,155971.24085985133,0.0
2020-05-07,51.95000076293945,52.15999984741211,10,1157.6548630488169,947.6557785761606,156918.89663842748,44.36030368703757,LOSS,156918.89663842748,0.0
2020-05-08,53.189998626708984,51.95000076293945,10,1144.4894327387685,1144.4894327387685,158063.38607116626,44.14373794704861,WIN,158063.38607116626,0.0
2020-05-11,55.7400016784668,53.189998626708984,10,1176.445032971935,1176.445032971935,159239.8311041382,44.259081300464274,WIN,159239.8311041382,0.0
2020-05-12,53.7599983215332,55.7400016784668,10,1222.0746798311168,-757.928677102477,158481.90242703573,44.00345881789856,LOSS,159239.8311041382,-0.47596676776603736
2020-05-13,52.18000030517578,53.7599983215332,10,1072.857831403739,-507.1401849536828,157974.76224208204,41.3998800469215,LOSS,159239.8311041382,-0.7944424791739686
2020-05-14,54.5099983215332,52.18000030517578,10,1060.536121952066,1060.536121952066,159035.2983640341,41.88688020961657,WIN,159239.8311041382,-0.12844320336558326
2020-05-15,54.20000076293945,54.5099983215332,10,1126.9568919241633,816.9593333304133,159852.25769736452,42.349548396003016,LOSS,159852.25769736452,0.0
2020-05-18,54.59000015258789,54.20000076293945,10,1120.449786335766,1120.449786335766,160972.70748370027,42.34715359272553,WIN,160972.70748370027,0.0
2020-05-19,55.470001220703125,54.59000015258789,10,1128.7903728257945,1128.7903728257945,162101.49785652605,42.3538981541783,WIN,162101.49785652605,0.0
2020-05-20,56.38999938964844,55.470001220703125,10,1014.8180330523176,1014.8180330523176,163116.31588957837,39.201875629651596,WIN,163116.31588957837,0.0
2020-05-21,54.650001525878906,56.38999938964844,10,946.523467380008,-793.4743963895232,162322.84149318884,37.20487437382177,LOSS,163116.31588957837,-0.4864469823648257
2020-05-22,55.16999816894531,54.650001525878906,10,946.2730550193812,946.2730550193812,163269.11454820822,37.905792369988035,WIN,163269.11454820822,0.0
2020-05-26,53.189998626708984,55.16999816894531,10,957.4196825181248,-1022.5798597182034,162246.53468849,37.957172959335246,LOSS,163269.11454820822,-0.6263155542601287
2020-05-27,52.7400016784668,53.189998626708984,10,955.2937093003382,505.29676105815065,162751.83144954816,38.75887995007368,LOSS,163269.11454820822,-0.3168285073949628
2020-05-28,51.7400016784668,52.7400016784668,10,941.9825473371279,-58.017452662872074,162693.8139968853,38.62771596796071,LOSS,163269.11454820822,-0.35236336824320863
2020-05-29,53.79999923706055,51.7400016784668,10,904.7041204256005,904.7041204256005,163598.5181173109,38.131252755039526,WIN,163598.5181173109,0.0
2020-06-01,53.630001068115234,53.79999923706055,10,969.5387406638881,799.5405717185756,164398.05868902945,38.83976236631956,LOSS,164398.05868902945,0.0
2020-06-02,53.540000915527344,53.630001068115234,10,891.9150729837829,801.9149203958923,165199.97360942533,37.00060998234888,LOSS,165199.97360942533,0.0
2020-06-03,52.72999954223633,53.540000915527344,10,807.4038922902712,-2.5974810007444376,165197.3761284246,34.9494758130095,LOSS,165199.97360942533,-0.0015723253121535214
2020-06-04,52.630001068115234,52.72999954223633,10,801.6496334805787,701.651159359485,165899.0272877841,35.11156445295255,LOSS,165899.0272877841,0.0
2020-06-05,53.099998474121094,52.630001068115234,10,800.3045111531509,800.3045111531509,166699.33179893723,35.11596681229351,WIN,166699.33179893723,0.0
2020-06-08,52.970001220703125,53.099998474121094,10,808.6302865622347,678.6330331442659,167377.9648320815,35.14533618001182,LOSS,167377.9648320815,0.0
2020-06-09,56.38999938964844,52.970001220703125,10,789.1711314110287,789.1711314110287,168167.1359634925,34.708802222653034,WIN,168167.1359634925,0.0
2020-06-10,57.439998626708984,56.38999938964844,10,904.1505559163627,904.1505559163627,169071.28651940887,36.210831216595345,WIN,169071.28651940887,0.0
2020-06-11,52.83000183105469,57.439998626708984,10,880.7106540647576,-3729.2861415895395,165342.00037781932,35.28326447919599,LOSS,169071.28651940887,-2.2057477756055492
2020-06-12,53.5,52.83000183105469,10,981.7033033508302,981.7033033508302,166323.70368117015,39.582081316436,WIN,169071.28651940887,-1.6251031708588184
2020-06-15,54.68000030517578,53.5,10,943.3449182185262,943.3449182185262,167267.04859938868,38.32575751554005,WIN,169071.28651940887,-1.0671462654381956
2020-06-16,54.459999084472656,54.68000030517578,10,977.1224241169069,757.1212034137819,168024.16980280247,38.63956583988178,LOSS,169071.28651940887,-0.619334446530157
2020-06-17,54.54999923706055,54.459999084472656,10,972.5435698050451,972.5435698050451,168996.7133726075,38.62383830458754,WIN,169071.28651940887,-0.04410751721156024
2020-06-18,54.040000915527344,54.54999923706055,10,966.6345118986314,456.6361903654283,169453.34956297293,38.441563363382876,LOSS,169453.34956297293,0.0
2020-06-19,54.22999954223633,54.040000915527344,10,950.5528897845282,950.5528897845282,170403.90245275747,38.26912020518708,WIN,170403.90245275747,0.0
2020-06-22,54.7599983215332,54.22999954223633,10,927.8052316918136,927.8052316918136,171331.70768444927,37.63269342506041,WIN,171331.70768444927,0.0
2020-06-23,53.9900016784668,54.7599983215332,10,937.0236074410939,167.02696437468762,171498.73464882397,37.63633595575624,LOSS,171498.73464882397,0.0
2020-06-24,52.38999938964844,53.9900016784668,10,889.8979572051683,-710.1043316131911,170788.63031721077,36.80448799586087,LOSS,171498.73464882397,-0.4140580588348193
2020-06-25,51.93000030517578,52.38999938964844,10,888.2030313628611,428.20394689020486,171216.83426410097,37.427604142940254,LOSS,171498.73464882397,-0.16437461494992914
2020-06-26,50.099998474121094,51.93000030517578,10,871.9884095379864,-958.0134215167011,170258.82084258427,37.21321456008458,LOSS,171498.73464882397,-0.7229871455195593
2020-06-29,50.279998779296875,50.099998474121094,10,825.8260582047583,825.8260582047583,171084.64690078903,36.80569304143948,WIN,171498.73464882397,-0.2414523634141484
2020-06-30,52.61000061035156,50.279998779296875,10,830.0569449793138,830.0569449793138,171914.70384576835,36.83894494585347,WIN,171914.70384576835,0.0
2020-07-01,52.58000183105469,52.61000061035156,10,935.4874096427284,905.4886303458534,172820.1924761142,38.52278095259774,LOSS,172820.1924761142,0.0
2020-07-02,52.34000015258789,52.58000183105469,10,928.6035717409118,688.6018932741149,173508.7943693883,38.36300905130168,LOSS,173508.7943693883,0.0
2020-07-06,53.400001525878906,52.34000015258789,10,924.8797635553564,924.8797635553564,174433.67413294368,38.376020633071235,WIN,174433.67413294368,0.0
2020-07-07,52.93000030517578,53.400001525878906,10,952.7513241623126,482.7501034591876,174916.42423640288,38.60246248119816,LOSS,174916.42423640288,0.0
2020-07-08,53.43000030517578,52.93000030517578,10,946.5672707003176,946.5672707003176,175862.9915071032,38.657487086971585,WIN,175862.9915071032,0.0
2020-07-09,57.2599983215332,53.43000030517578,10,828.517932667603,828.517932667603,176691.5094397708,35.51331081859914,WIN,176691.5094397708,0.0
2020-07-10,55.880001068115234,57.2599983215332,10,1045.4263575944738,-334.570895823495,176356.9385439473,39.152447059947775,LOSS,176691.5094397708,-0.18935312561668416
2020-07-13,53.59000015258789,55.880001068115234,10,826.3859517829401,-1463.6149637444037,174893.32358020288,34.563454488037095,LOSS,176691.5094397708,-1.0176979444396412
2020-07-14,54.720001220703125,53.59000015258789,10,849.0890327731933,849.0890327731933,175742.41261297607,35.959865789081896,WIN,176691.5094397708,-0.5371490853205102
2020-07-15,55.34000015258789,54.720001220703125,10,865.6471621410161,865.6471621410161,176608.0597751171,35.927330620082415,WIN,176691.5094397708,-0.04722901791846489
2020-07-16,54.91999816894531,55.34000015258789,10,878.4095498377192,458.40756619514104,177066.46734131224,35.99795095524698,LOSS,177066.46734131224,0.0
2020-07-17,55.040000915527344,54.91999816894531,10,874.0826160889371,874.0826160889371,177940.54995740118,36.05430903677399,WIN,177940.54995740118,0.0
2020-07-20,57.459999084472656,55.040000915527344,10,872.5562207632829,872.5562207632829,178813.10617816445,35.97171808377232,WIN,178813.10617816445,0.0
2020-07-21,57.0,57.459999084472656,10,968.7743903202824,508.7753058476261,179321.8814840121,37.30365605773495,LOSS,179321.8814840121,0.0
2020-07-22,61.790000915527344,57.0,10,963.2238486105916,963.2238486105916,180285.10533262268,37.35483123079082,WIN,180285.10533262268,0.0
2020-07-23,59.56999969482422,61.790000915527344,10,1232.191827268779,-987.809393434346,179297.29593918833,41.380264558793804,LOSS,180285.10533262268,-0.5479151434123517
2020-07-24,69.4000015258789,59.56999969482422,10,1202.0516004865717,1202.0516004865717,180499.3475396749,41.69405417363937,WIN,180499.3475396749,0.0
2020-07-27,68.97000122070312,69.4000015258789,10,2019.9570526834118,1589.9567475076306,182089.30428718252,53.50363042455005,LOSS,182089.30428718252,0.0
2020-07-28,67.61000061035156,68.97000122070312,10,1958.4630639536979,598.4624536021354,182687.76674078466,52.56420275059875,LOSS,182687.76674078466,0.0
2020-07-29,76.08999633789062,67.61000061035156,10,1945.533239607996,1945.533239607996,184633.29998039265,53.06683236906,WIN,184633.29998039265,0.0
2020-07-30,78.19999694824219,76.08999633789062,10,2444.0418957213433,2444.0418957213433,187077.341876114,57.49130872070687,WIN,187077.341876114,0.0
2020-07-31,77.43000030517578,78.19999694824219,10,2502.626848174511,1732.6302051081047,188809.9720812221,57.33586012187174,LOSS,188809.9720812221,0.0
2020-08-03,77.66999816894531,77.43000030517578,10,2484.8488666984276,2484.8488666984276,191294.82094792053,57.45313264208569,WIN,191294.82094792053,0.0
2020-08-04,85.04000091552734,77.66999816894531,10,2499.5766794204437,2499.5766794204437,193794.39762734098,57.57279794379656,WIN,193794.39762734098,0.0
2020-08-05,85.30999755859375,85.04000091552734,10,2839.989088534303,2839.989088534303,196634.38671587527,59.17864989125846,WIN,196634.38671587527,0.0
2020-08-06,86.70999908447266,85.30999755859375,10,2854.7398594316696,2854.7398594316696,199489.12657530693,59.267565009904494,WIN,199489.12657530693,0.0
2020-08-07,84.8499984741211,86.70999908447266,10,2845.786370775641,985.7857604240785,200474.912335731,58.416232850806665,LOSS,200474.912335731,0.0
2020-08-10,82.23999786376953,84.8499984741211,10,2778.876503130439,168.87589277887628,200643.7882285099,58.32478658609722,LOSS,200643.7882285099,0.0
2020-08-11,76.87999725341797,82.23999786376953,10,2664.7701664652573,-2695.2304438863052,197948.55778462358,57.864295627111446,LOSS,200643.7882285099,-1.3432912464834212
2020-08-12,82.61000061035156,76.87999725341797,10,2651.992204649613,2651.992204649613,200600.5499892732,60.632883084376296,WIN,200643.7882285099,-0.0215497522342713
2020-08-13,81.83999633789062,82.61000061035156,10,2914.081938348795,2144.0776658878576,202744.62765516105,61.664665609322505,LOSS,202744.62765516105,0.0
2020-08-14,81.30000305175781,81.83999633789062,10,2889.2177446360693,2349.2244585032568,205093.8521136643,61.70180827148228,LOSS,205093.8521136643,0.0
2020-08-17,82.41999816894531,81.30000305175781,10,2879.2190688910778,2879.2190688910778,207973.07118255537,61.84930713662522,WIN,207973.07118255537,0.0
2020-08-18,81.66000366210938,82.41999816894531,10,2907.7283604864815,2147.733853650544,210120.80503620591,61.670263849116786,LOSS,210120.80503620591,0.0
2020-08-19,81.08999633789062,81.66000366210938,10,2882.426344745426,2312.419020526676,212433.22405673258,61.69472776545999,LOSS,212433.22405673258,0.0
2020-08-20,82.7699966430664,81.08999633789062,10,2777.41925431279,2777.41925431279,215210.64331104537,60.30990852962008,WIN,215210.64331104537,0.0
2020-08-21,83.80999755859375,82.7699966430664,10,2771.5782715653863,2771.5782715653863,217982.22158261074,59.29688983397178,WIN,217982.22158261074,0.0
2020-08-24,83.08000183105469,83.80999755859375,10,2201.7332005708313,1471.7374730317688,219453.9590556425,49.752646890080975,LOSS,219453.9590556425,0.0
2020-08-25,86.3499984741211,83.08000183105469,10,2185.227143083629,2185.227143083629,221639.18619872615,49.79518206164948,WIN,221639.18619872615,0.0
2020-08-26,86.0199966430664,86.3499984741211,10,2264.304967775139,1934.3031367204517,223573.4893354466,49.68898635207599,LOSS,223573.4893354466,0.0
2020-08-27,83.80000305175781,86.0199966430664,10,1801.4004548006442,-418.59313650794957,223154.89619893863,42.703195774452055,LOSS,223573.4893354466,-0.1872284311311652
2020-08-28,85.55000305175781,83.80000305175781,10,1772.7564084278329,1772.7564084278329,224927.65260736647,42.984918979652164,WIN,224927.65260736647,0.0
2020-08-31,90.81999969482422,85.55000305175781,10,1811.4443726890804,1811.4443726890804,226739.09698005556,43.010702238450904,WIN,226739.09698005556,0.0
2020-09-01,92.18000030517578,90.81999969482422,10,2039.8184897574683,2039.8184897574683,228778.91546981304,44.711806109580834,WIN,228778.91546981304,0.0
2020-09-02,90.22000122070312,92.18000030517578,10,1743.6442736075364,-216.35481086511982,228562.5606589479,40.02304788269987,LOSS,228778.91546981304,-0.09456938390534415
2020-09-03,82.54000091552734,90.22000122070312,10,1734.912669131867,-5945.087636043914,222617.473022904,40.43863559538995,LOSS,228778.91546981304,-2.693186316691855
2020-09-04,82.01000213623047,82.54000091552734,10,1854.59092693892,1324.592147642045,223942.06517054606,44.723687436463806,LOSS,228778.91546981304,-2.114202827360284
2020-09-08,78.69000244140625,82.01000213623047,10,1829.622337924113,-1490.3773569001057,222451.68781364596,44.51302020011314,LOSS,228778.91546981304,-2.765651565037668
2020-09-09,81.91000366210938,78.69000244140625,10,1777.726255712606,1777.726255712606,224229.41406935855,44.88576328529034,WIN,228778.91546981304,-1.9886016992045719
2020-09-10,78.9800033569336,81.91000366210938,10,1751.2072479985445,-1178.7930571772367,223050.6210121813,43.28261912580804,LOSS,228778.91546981304,-2.5038559370160036
2020-09-11,76.33999633789062,78.9800033569336,10,1540.3132192383166,-1099.6937998046521,221950.92721237664,40.79947800731595,LOSS,228778.91546981304,-2.9845356349446206
2020-09-14,77.9000015258789,76.33999633789062,10,1522.4765022088948,1522.4765022088948,223473.40371458553,41.3825936272996,WIN,228778.91546981304,-2.3190562575805074
2020-09-15,78.93000030517578,77.9000015258789,10,1571.8556081279762,1571.8556081279762,225045.2593227135,41.69280458632123,WIN,228778.91546981304,-1.631993114152246
2020-09-16,76.66000366210938,78.93000030517578,10,1592.0185165785351,-677.9781264878711,224367.28119622564,41.68240885082423,LOSS,228778.91546981304,-1.9283395344924226
2020-09-17,76.55000305175781,76.66000366210938,10,1569.8097052350338,1459.8090948834713,225827.0902911091,42.08926354904655,LOSS,228778.91546981304,-1.2902522824894769
2020-09-18,74.93000030517578,76.55000305175781,10,1566.868985045147,-53.13376153688432,225773.95652957223,42.07737103972884,LOSS,228778.91546981304,-1.3134772206039744
2020-09-21,77.94000244140625,74.93000030517578,10,1524.5560347868516,1524.5560347868516,227298.5125643591,41.9157621206504,WIN,228778.91546981304,-0.647088872859568
2020-09-22,77.69999694824219,77.94000244140625,10,1644.9824665117953,1404.9769733477328,228703.48953770683,42.9202872794606,LOSS,228778.91546981304,-0.03296891759073184
2020-09-23,74.7300033569336,77.69999694824219,10,1638.736455774786,-1331.2571355338077,227372.23240217302,42.90018852409728,LOSS,228778.91546981304,-0.6148656945729936
2020-09-24,75.81999969482422,74.7300033569336,10,1548.4742325023321,1548.4742325023321,228920.70663467536,42.41119728862333,WIN,228920.70663467536,0.0
2020-09-25,78.05999755859375,75.81999969482422,10,1585.7321319660737,1585.7321319660737,230506.43876664143,42.66719126901346,WIN,230506.43876664143,0.0
2020-09-28,79.4800033569336,78.05999755859375,10,1656.6420705426808,1656.6420705426808,232163.0808371841,43.07496199838477,WIN,232163.0808371841,0.0
2020-09-29,81.7699966430664,79.4800033569336,10,1682.4665417470296,1682.4665417470296,233845.54737893114,43.003194958730376,WIN,233845.54737893114,0.0
2020-09-30,81.98999786376953,81.7699966430664,10,1608.795335810832,1608.795335810832,235454.34271474197,41.02710372813149,WIN,235454.34271474197,0.0
2020-10-01,84.86000061035156,81.98999786376953,10,1599.62925530058,1599.62925530058,237053.97197004256,40.80937498291457,WIN,237053.97197004256,0.0
2020-10-02,81.80000305175781,84.86000061035156,10,1704.9371946352649,-1355.0603639584851,235698.9116060841,41.57812741895495,LOSS,237053.97197004256,-0.5716252517083821
2020-10-05,86.1500015258789,81.80000305175781,10,1401.1226582619465,1401.1226582619465,237100.03426434603,37.65905850708394,WIN,237100.03426434603,0.0
2020-10-06,84.4800033569336,86.1500015258789,10,1595.442925035889,-74.55524390942355,237025.4790204366,39.49881100335456,LOSS,237100.03426434603,-0.03144463649730836
2020-10-07,86.69000244140625,84.4800033569336,10,1502.4145638872724,1502.4145638872724,238527.89358432387,38.52636804104152,WIN,238527.89358432387,0.0
2020-10-08,86.51000213623047,86.69000244140625,10,1500.3525011524582,1320.352195976677,239848.24578030055,37.89514064592499,LOSS,239848.24578030055,0.0
2020-10-09,83.0999984741211,86.51000213623047,10,1421.9448989243751,-1988.0587631849999,237860.18701711556,36.74380122350729,LOSS,239848.24578030055,-0.828881927702753
2020-10-12,84.29000091552734,83.0999984741211,10,1389.334619360748,1389.334619360748,239249.5216364763,37.11693115629748,WIN,239848.24578030055,-0.24962623423674174
2020-10-13,85.27999877929688,84.29000091552734,10,1401.668381347824,1401.668381347824,240651.19001782412,36.99825553060136,WIN,240651.19001782412,0.0
2020-10-14,84.20999908447266,85.27999877929688,10,1416.952963022899,346.95326819868023,240998.1432860228,36.97997897101753,LOSS,240998.1432860228,0.0
2020-10-15,83.12999725341797,84.20999908447266,10,1359.216424556732,279.2145935020444,241277.35787952485,36.352266217721564,LOSS,241277.35787952485,0.0
2020-10-16,83.16999816894531,83.12999725341797,10,1354.9424080872711,1354.9424080872711,242632.30028761213,36.561655064691564,WIN,242632.30028761213,0.0
2020-10-19,82.0,83.16999816894531,10,1323.054826197971,153.0566572526584,242785.3569448648,36.04409112714548,LOSS,242785.3569448648,0.0
2020-10-20,81.55999755859375,82.0,10,1256.7194260706522,816.7169846644022,243602.0739295292,35.274189446138834,LOSS,243602.0739295292,0.0
2020-10-21,79.19999694824219,81.55999755859375,10,1251.592795464269,-1108.4078148872934,242493.6661146419,35.3004130618054,LOSS,243602.0739295292,-0.45500754447925656
2020-10-22,79.41999816894531,79.19999694824219,10,1181.7142115791878,1181.7142115791878,243675.3803262211,34.73814422387227,WIN,243675.3803262211,0.0
2020-10-23,81.95999908447266,79.41999816894531,10,1178.0989804859144,1178.0989804859144,244853.479306707,34.62324977365243,WIN,244853.479306707,0.0
2020-10-26,82.2300033569336,81.95999908447266,10,1222.9260853480505,1222.9260853480505,246076.40539205505,34.73864281226956,WIN,246076.40539205505,0.0
2020-10-27,78.87999725341797,82.2300033569336,10,1213.8463981527157,-2136.1597053629093,243940.24568669213,34.527760964591906,LOSS,246076.40539205505,-0.8680879834698252
2020-10-28,76.4000015258789,78.87999725341797,10,1207.3550525706673,-1272.6406749683952,242667.60501172373,35.24823354770645,LOSS,246076.40539205505,-1.3852609618952834
2020-10-29,78.0199966430664,76.4000015258789,10,1207.610162433883,1207.610162433883,243875.2151741576,35.909922164282406,WIN,246076.40539205505,-0.8945149431902869
2020-10-30,75.29000091552734,78.0199966430664,10,1191.674396771097,-1538.3213307679655,242336.89384338964,35.205551353990145,LOSS,246076.40539205505,-1.5196546547026837
2020-11-02,74.69999694824219,75.29000091552734,10,1146.8124056328334,556.8084383476771,242893.70228173732,35.149956095447834,LOSS,246076.40539205505,-1.2933800399298612
2020-11-03,76.58000183105469,74.69999694824219,10,965.9300436105282,965.9300436105282,243859.63232534786,32.10582853872104,WIN,246076.40539205505,-0.9008474677510712
2020-11-04,81.3499984741211,76.58000183105469,10,1032.6296127300175,1032.6296127300175,244892.2619380779,32.83808492034177,WIN,246076.40539205505,-0.4812096682290816
2020-11-05,83.0,81.3499984741211,10,1279.8319041912898,1279.8319041912898,246172.09384226918,35.81202828500102,WIN,246172.09384226918,0.0
2020-11-06,85.87999725341797,83.0,10,1331.0114323886762,1331.0114323886762,247503.10527465786,36.21400748364036,WIN,247503.10527465786,0.0
2020-11-09,83.12000274658203,85.87999725341797,10,1358.4085112824669,-1401.5859955534706,246101.5192791044,35.92461117040759,LOSS,247503.10527465786,-0.5662902669435634
2020-11-10,77.98999786376953,83.12000274658203,10,1358.979468582539,-3771.025414229961,242330.49386487444,36.628498507598785,LOSS,247503.10527465786,-2.0899177826651094
2020-11-11,81.27999877929688,77.98999786376953,10,1418.4458365805347,1418.4458365805347,243748.93970145498,39.059847638170396,WIN,247503.10527465786,-1.5168155442077527
2020-11-12,81.83999633789062,81.27999877929688,10,1557.1525876413352,1557.1525876413352,245306.0922890963,40.343495091987265,WIN,247503.10527465786,-0.8876708771485954
2020-11-13,81.43000030517578,81.83999633789062,10,1564.4051954337865,1154.4091627189428,246460.50145181525,40.287312329331655,LOSS,247503.10527465786,-0.42124878461045
2020-11-16,83.7300033569336,81.43000030517578,10,1557.377869678239,1557.377869678239,248017.87932149347,40.30046988261082,WIN,248017.87932149347,0.0
2020-11-17,83.36000061035156,83.7300033569336,10,1624.3821479910753,1254.379401409044,249272.2587229025,40.66410501261143,LOSS,249272.2587229025,0.0
2020-11-18,82.54000091552734,83.36000061035156,10,1616.7060732206758,796.706378396457,250068.96510129896,40.656203104073185,LOSS,250068.96510129896,0.0
2020-11-19,85.54000091552734,82.54000091552734,10,1567.414625473514,1567.414625473514,251636.3797267725,40.12108828646885,WIN,251636.3797267725,0.0
2020-11-20,84.63999938964844,85.54000091552734,10,1670.0921483087748,770.0906224298685,252406.47034920237,40.82796611932547,LOSS,252406.47034920237,0.0
2020-11-23,85.30999755859375,84.63999938964844,10,1625.8768441222892,1625.8768441222892,254032.34719332465,40.41154195998378,WIN,254032.34719332465,0.0
2020-11-24,85.06999969482422,85.30999755859375,10,1640.0656229016445,1400.0677591321132,255432.41495245675,40.43198860745295,LOSS,255432.41495245675,0.0
2020-11-25,86.70999908447266,85.06999969482422,10,1553.746079327144,1553.746079327144,256986.16103178388,39.161430240908814,WIN,256986.16103178388,0.0
2020-11-27,87.19000244140625,86.70999908447266,10,1529.985862776389,1529.985862776389,258516.14689456025,38.34195678175136,WIN,258516.14689456025,0.0
2020-11-30,92.66000366210938,87.19000244140625,10,1528.151003030284,1528.151003030284,260044.29789759053,38.185614213562545,WIN,260044.29789759053,0.0
2020-12-01,92.62999725341797,92.66000366210938,10,1676.5463075774483,1646.539898886042,261690.83779647658,38.935486812134634,LOSS,261690.83779647658,0.0
2020-12-02,93.73999786376953,92.62999725341797,10,1664.9399016460152,1664.9399016460152,263355.7776981226,38.77748601013347,WIN,263355.7776981226,0.0
2020-12-03,92.30999755859375,93.73999786376953,10,1674.8747451515096,244.87443997572836,263600.6521380983,38.636132674621464,LOSS,263600.6521380983,0.0
2020-12-04,94.04000091552734,92.30999755859375,10,1532.2607086581422,1532.2607086581422,265132.91284675646,36.95851416988596,WIN,265132.91284675646,0.0
2020-12-07,94.06999969482422,94.04000091552734,10,1558.8498257087936,1558.8498257087936,266691.76267246524,36.9285885259964,WIN,266691.76267246524,0.0
2020-12-08,92.91999816894531,94.06999969482422,10,1515.3178460743093,365.316320195403,267057.0789926606,36.30941953299092,LOSS,267057.0789926606,0.0
2020-12-09,89.83000183105469,92.91999816894531,10,1435.4994553127292,-1654.4968825778958,265402.58211008273,35.436798540507695,LOSS,267057.0789926606,-0.6195293114186132
2020-12-10,91.66000366210938,89.83000183105469,10,1206.2344906169587,1206.2344906169587,266608.8166006997,32.76353345179308,WIN,267057.0789926606,-0.16785265294288124
2020-12-11,91.6500015258789,91.66000366210938,10,1159.6364406233808,1149.634304392912,267758.4509050926,31.73635997467174,LOSS,267758.4509050926,0.0
2020-12-14,94.77999877929688,91.6500015258789,10,1162.0719450242455,1162.0719450242455,268920.52285011683,31.77334053961322,WIN,268920.52285011683,0.0
2020-12-15,97.12000274658203,94.77999877929688,10,1243.7696190953989,1243.7696190953989,270164.2924692122,32.35970216694473,WIN,270164.2924692122,0.0
2020-12-16,96.8499984741211,97.12000274658203,10,1265.1104086797366,995.1061362187991,271159.398605431,32.232122259817736,LOSS,271159.398605431,0.0
2020-12-17,96.83999633789062,96.8499984741211,10,1258.9802666467572,1248.9781304162884,272408.3767358473,32.19643130389494,LOSS,272408.3767358473,0.0
2020-12-18,95.91999816894531,96.83999633789062,10,1240.9154972810923,320.91732833577976,272729.2940641831,31.951434985583624,LOSS,272729.2940641831,0.0
2020-12-21,93.2300033569336,95.91999816894531,10,1187.2198991721518,-1502.774912839567,271226.5191513435,31.373481363209816,LOSS,272729.2940641831,-0.5510133841676441
2020-12-22,93.16000366210938,93.2300033569336,10,1214.3312393465048,1144.331544522286,272370.8506958658,32.23060363018192,LOSS,272729.2940641831,-0.1314282609600836
2020-12-23,91.55000305175781,93.16000366210938,10,1214.9060803179018,-395.0945300336607,271975.75616583216,32.25171333440377,LOSS,272729.2940641831,-0.27629518161462324
2020-12-24,91.80999755859375,91.55000305175781,10,1221.1553197027392,1221.1553197027392,273196.9114855349,32.64540240534152,WIN,273196.9114855349,0.0
2020-12-28,91.5999984741211,91.80999755859375,10,1208.305074444809,998.3059899721527,274195.21747550706,32.41027567742873,LOSS,274195.21747550706,0.0
2020-12-29,90.62000274658203,91.5999984741211,10,1206.8479131270062,226.85218558794372,274422.069661095,32.42914575109647,LOSS,274422.069661095,0.0
2020-12-30,92.29000091552734,90.62000274658203,10,922.2478094004856,922.2478094004856,275344.3174704955,28.46302293584853,WIN,275344.3174704955,0.0
2020-12-31,91.70999908447266,92.29000091552734,10,969.5558588259723,389.55402777128484,275733.87149826676,28.897516844685548,LOSS,275733.87149826676,0.0
2021-01-04,92.30000305175781,91.70999908447266,10,953.3040854840465,953.3040854840465,276687.1755837508,28.750984402962878,WIN,276687.1755837508,0.0
2021-01-05,92.7699966430664,92.30000305175781,10,944.7237782119448,944.7237782119448,277631.89936196274,28.54010884158115,WIN,277631.89936196274,0.0
2021-01-06,90.33000183105469,92.7699966430664,10,920.674242688122,-1519.3205693235968,276112.57879263913,28.128571589948173,LOSS,277631.89936196274,-0.5472427962403534
2021-01-07,95.16000366210938,90.33000183105469,10,948.9831926907026,948.9831926907026,277061.56198532984,28.897782992054054,WIN,277631.89936196274,-0.20542933933154583
2021-01-08,94.58000183105469,95.16000366210938,10,1212.3279914246252,632.3261603699377,277693.8881456998,31.853290507118626,LOSS,277693.8881456998,0.0
2021-01-11,97.25,94.58000183105469,10,1118.7332694314616,1118.7332694314616,278812.62141513126,30.647546822937393,WIN,278812.62141513126,0.0
2021-01-12,95.36000061035156,97.25,10,1176.1514688537432,-713.8479207946943,278098.7734943366,30.998993782675242,LOSS,278812.62141513126,-0.2560314225272513
2021-01-13,91.77999877929688,95.36000061035156,10,1188.6771442008503,-2391.324686853837,275707.4488074827,31.489849478673985,LOSS,278812.62141513126,-1.1137130707670384
2021-01-14,90.79000091552734,91.77999877929688,10,1164.7825446096276,174.78468084009637,275882.2334883228,31.78865213278488,LOSS,278812.62141513126,-1.05102412937229
2021-01-15,88.20999908447266,90.79000091552734,10,1106.9257003017271,-1473.0761307529604,274409.15735756984,31.12870411549645,LOSS,278812.62141513126,-1.579363242313549
2021-01-19,89.44999694824219,88.20999908447266,10,1116.1293015220049,1116.1293015220049,275525.2866590918,31.738468390593475,WIN,278812.62141513126,-1.1790480428591628
2021-01-20,88.75,89.44999694824219,10,1152.6338400686566,452.6368918264691,275977.9235509183,32.04629735931472,LOSS,278812.62141513126,-1.0167035659380408
2021-01-21,91.52999877929688,88.75,10,1142.5291327204488,1142.5291327204488,277120.4526836387,32.03012930042038,WIN,278812.62141513126,-0.6069197021654995
2021-01-22,92.79000091552734,91.52999877929688,10,1208.4484690566755,1208.4484690566755,278328.9011526954,32.46560780072839,WIN,278812.62141513126,-0.17349295737785966
2021-01-25,94.12999725341797,92.79000091552734,10,1238.2285402573825,1238.2285402573825,279567.1296929528,32.65300545026374,WIN,279567.1296929528,0.0
2021-01-26,94.70999908447266,94.12999725341797,10,1246.542773036841,1246.542773036841,280813.67246598966,32.51855026183248,WIN,280813.67246598966,0.0
2021-01-27,88.83999633789062,94.70999908447266,10,1255.482112132465,-4614.520634449566,276199.1518315401,32.536128583582624,LOSS,280813.67246598966,-1.6432677917448746
2021-01-28,87.5199966430664,88.83999633789062,10,1402.0785562859514,82.07886146173269,276281.2306930018,35.87770897918737,LOSS,280813.67246598966,-1.6140388511662562
2021-01-29,85.63999938964844,87.5199966430664,10,1386.2529988861684,-493.7442545318004,275787.48643847,35.95338682557448,LOSS,280813.67246598966,-1.7898651384677067
2021-02-01,87.66000366210938,85.63999938964844,10,1352.8824144210907,1352.8824144210907,277140.3688528911,35.89788911245299,WIN,280813.67246598966,-1.3080928648669905
2021-02-02,88.86000061035156,87.66000366210938,10,1419.8577145648833,1419.8577145648833,278560.226567456,36.42704912673293,WIN,280813.67246598966,-0.8024701499556098
2021-02-03,87.88999938964844,88.86000061035156,10,1448.157755737229,478.1565350341041,279038.3831024901,36.5589987314483,LOSS,280813.67246598966,-0.6321947745313462
2021-02-04,87.83999633789062,87.88999938964844,10,1433.9301125080137,1383.9270607502012,280422.3101632403,36.58278815274349,LOSS,280813.67246598966,-0.1393672534932425
2021-02-05,87.9000015258789,87.83999633789062,10,1401.9760915937936,1401.9760915937936,281824.2862548341,36.113844700921604,WIN,281824.2862548341,0.0
2021-02-08,91.47000122070312,87.9000015258789,10,1230.0287472215323,1230.0287472215323,283054.3150020556,33.511661627505106,WIN,283054.3150020556,0.0
2021-02-09,90.91000366210938,91.47000122070312,10,1389.7641695875236,829.7666109937736,283884.0816130494,35.09932395695948,LOSS,283884.0816130494,0.0
2021-02-10,92.3499984741211,90.91000366210938,10,1328.5486861711229,1328.5486861711229,285212.6302992205,34.33235775303031,WIN,285212.6302992205,0.0
2021-02-11,92.66000366210938,92.3499984741211,10,1351.2858305855675,1351.2858305855675,286563.9161298061,34.35661243620174,WIN,286563.9161298061,0.0
2021-02-12,93.7699966430664,92.66000366210938,10,1270.7162143861103,1270.7162143861103,287834.6323441922,33.14158729403265,WIN,287834.6323441922,0.0
2021-02-16,91.45999908447266,93.7699966430664,10,1283.8686200899274,-1026.1289385038226,286808.5034056884,33.11238779162727,LOSS,287834.6323441922,-0.35649946990282705
2021-02-17,89.94000244140625,91.45999908447266,10,1238.5276701870448,-281.46897287936144,286527.03443280904,32.914040236107226,LOSS,287834.6323441922,-0.45428790160994886
2021-02-18,88.63999938964844,89.94000244140625,10,1227.8246022726526,-72.17844948515994,286454.8559833239,33.05936437091249,LOSS,287834.6323441922,-0.4793642619135447
2021-02-19,89.58000183105469,88.63999938964844,10,1219.4162391073935,1219.4162391073935,287674.27222243126,33.19873722679994,WIN,287834.6323441922,-0.05571258762537179
2021-02-22,85.37000274658203,89.58000183105469,10,1176.6614685285595,-3033.337615944097,284640.93460648716,32.37638735992628,LOSS,287834.6323441922,-1.109559927412071
2021-02-23,84.73999786376953,85.37000274658203,10,1223.3578261469104,593.3529433344104,285234.2875498216,33.956896265057836,LOSS,287834.6323441922,-0.9034162335479823
2021-02-24,86.94000244140625,84.73999786376953,10,1194.7101668812488,1194.7101668812488,286428.99771670287,33.650614055064196,WIN,287834.6323441922,-0.48834798510571836
2021-02-25,82.41999816894531,86.94000244140625,10,1272.3616832411542,-3247.642589219783,283181.3551274831,34.36020529705188,LOSS,287834.6323441922,-1.61664952504559
2021-02-26,84.51000213623047,82.41999816894531,10,1148.052890737342,1148.052890737342,284329.40801822045,33.42673203300488,WIN,287834.6323441922,-1.2177910272382353
2021-03-01,86.38999938964844,84.51000213623047,10,1212.3735571481425,1212.3735571481425,285541.7815753686,33.97786562088835,WIN,287834.6323441922,-0.7965861335552551
2021-03-02,84.12999725341797,86.38999938964844,10,1243.1487650702063,-1016.8533711602624,284524.9282042083,34.03612975037787,LOSS,287834.6323441922,-1.1498630699957344
2021-03-03,80.86000061035156,84.12999725341797,10,1214.7801746261023,-2055.216468440304,282469.711735768,34.10142841197885,LOSS,287834.6323441922,-1.8638898886944262
2021-03-04,77.75,80.86000061035156,10,1219.3921239094718,-1890.6084864420907,280579.10324932594,34.949346315750006,LOSS,287834.6323441922,-2.52072832090271
2021-03-05,78.5199966430664,77.75,10,1224.0892700834922,1224.0892700834922,281803.1925194094,35.827239814684866,WIN,287834.6323441922,-2.09545313420464
2021-03-08,73.95999908447266,78.5199966430664,10,1246.2515245981128,-3313.746033995637,278489.44648541376,35.99638147025355,LOSS,287834.6323441922,-3.2467204459272523
2021-03-09,78.52999877929688,73.95999908447266,10,1282.7973123624633,1282.7973123624633,279772.24379777623,37.944582970699756,WIN,287834.6323441922,-2.8010488108237657
2021-03-10,77.5199966430664,78.52999877929688,10,1465.104064429171,455.10192819870235,280227.34572597494,39.68038367225508,LOSS,287834.6323441922,-2.6429365209675195
2021-03-11,81.2300033569336,77.5199966430664,10,1447.4208217374405,1447.4208217374405,281674.7665477124,39.70017868039048,WIN,287834.6323441922,-2.1400711048258594
2021-03-12,81.05000305175781,81.2300033569336,10,1615.166859462324,1435.1665542865428,283109.93310199893,41.30388809189776,LOSS,287834.6323441922,-1.6414630872297065
2021-03-15,82.5,81.05000305175781,10,1608.7524131819384,1608.7524131819384,284718.68551518087,41.257610401546586,WIN,287834.6323441922,-1.0825475738045554
2021-03-16,82.75,82.5,10,1647.2509769693272,1647.2509769693272,286365.9364921502,41.413432921024395,WIN,287834.6323441922,-0.5102568235380853
2021-03-17,82.62999725341797,82.75,10,1639.9474597362,1519.9447131541688,287885.88120530435,41.21687698896736,LOSS,287885.88120530435,0.0
2021-03-18,78.12000274658203,82.62999725341797,10,1631.6362442709976,-2878.3582625649397,285007.5229427394,41.12189202439994,LOSS,287885.88120530435,-0.9998261291988273
2021-03-19,79.05999755859375,78.12000274658203,10,1629.7535725657324,1629.7535725657324,286637.27651530516,42.59807027475204,WIN,287885.88120530435,-0.4337151529528315
2021-03-22,80.30000305175781,79.05999755859375,10,1651.1063653715196,1651.1063653715196,288288.38288067665,42.62722594097744,WIN,288288.38288067665,0.0
2021-03-23,78.37999725341797,80.30000305175781,10,1623.2852035919018,-296.72059474794196,287991.66228592873,41.742271434702076,LOSS,288288.38288067665,-0.10292492253173337
2021-03-24,76.4800033569336,78.37999725341797,10,1599.841471086767,-300.1524253976081,287691.50986053114,42.0016765625667,LOSS,288288.38288067665,-0.20704026092947547
2021-03-25,76.22000122070312,76.4800033569336,10,1541.489937075122,1281.4878008446533,288972.9976613758,41.66317235222529,LOSS,288972.9976613758,0.0
2021-03-26,77.41000366210938,76.22000122070312,10,1453.7547768615923,1453.7547768615923,290426.75243823737,40.2313929759111,WIN,290426.75243823737,0.0
2021-03-29,77.13999938964844,77.41000366210938,10,1458.2410751667676,1188.23680270583,291614.9892409432,39.920185079123016,LOSS,291614.9892409432,0.0
2021-03-30,76.0,77.13999938964844,10,1425.067991841963,285.0686021935255,291900.0578431368,39.43852435574436,LOSS,291900.0578431368,0.0
2021-03-31,78.5,76.0,10,1390.135570096387,1390.135570096387,293290.19341323315,39.19705925750025,WIN,293290.19341323315,0.0
2021-04-01,81.08999633789062,78.5,10,1434.9615182523885,1434.9615182523885,294725.15493148554,39.181855530213326,WIN,294725.15493148554,0.0
2021-04-05,81.43000030517578,81.08999633789062,10,1461.2427656272675,1461.2427656272675,296186.3976971128,38.83823614217812,WIN,296186.3976971128,0.0
2021-04-06,81.44000244140625,81.43000030517578,10,1465.0911590968917,1465.0911590968917,297651.48885620973,38.80122092891213,WIN,297651.48885620973,0.0
2021-04-07,82.19999694824219,81.44000244140625,10,1291.9024044342111,1291.9024044342111,298943.39126064396,35.98509563993752,WIN,298943.39126064396,0.0
2021-04-08,83.3499984741211,82.19999694824219,10,1128.8644667977971,1128.8644667977971,300072.25572744175,33.16724302876249,WIN,300072.25572744175,0.0
2021-04-09,82.76000213623047,83.3499984741211,10,1136.4677050887012,546.4713671980762,300618.72709463985,33.037258402917466,LOSS,300618.72709463985,0.0
2021-04-12,78.58000183105469,82.76000213623047,10,1009.1178457637415,-3170.8824594120397,297447.8446352278,31.130224713220997,LOSS,300618.72709463985,-1.0547854054394257
2021-04-13,80.19000244140625,78.58000183105469,10,1102.307363621594,1102.307363621594,298550.1519988494,33.55708249261847,WIN,300618.72709463985,-0.6881058661189846
2021-04-14,78.55000305175781,80.19000244140625,10,1130.621300876656,-509.37808877178145,298040.77391007764,33.65159432622352,LOSS,300618.72709463985,-0.8575490986463489
2021-04-15,83.01000213623047,78.55000305175781,10,1124.6439008007098,1124.6439008007098,299165.41781087837,33.94034347181153,WIN,300618.72709463985,-0.48343937112871743
2021-04-16,82.1500015258789,83.01000213623047,10,1358.8280594829419,498.82744913137935,299664.2452600098,36.654746580949805,LOSS,300618.72709463985,-0.31750578011382086
2021-04-19,81.11000061035156,82.1500015258789,10,1192.4935230187953,152.4926074914515,299816.7378675012,34.20292905271042,LOSS,300618.72709463985,-0.2667795299679233
2021-04-20,79.2699966430664,81.11000061035156,10,1183.892667304781,-656.1112999803752,299160.62656752084,34.30887407909614,LOSS,300618.72709463985,-0.4850331651693719
2021-04-21,81.61000061035156,79.2699966430664,10,1173.1199786818283,1173.1199786818283,300333.7465462027,34.57729187001924,WIN,300618.72709463985,-0.09479800250349814
2021-04-22,79.05999755859375,81.61000061035156,10,1217.9033617790187,-1332.0996899787938,299001.6468562239,34.74187839773213,LOSS,300618.72709463985,-0.5379173327105772
2021-04-23,82.76000213623047,79.05999755859375,10,1200.677368837569,1200.677368837569,300202.32422506146,35.090398563529156,WIN,300618.72709463985,-0.13851527933830352
2021-04-26,85.41000366210938,82.76000213623047,10,1349.2670431145768,1349.2670431145768,301551.59126817604,36.567332987862784,WIN,301551.59126817604,0.0
2021-04-27,85.20999908447266,85.41000366210938,10,1422.9716376882984,1222.9670600515797,302774.5583282276,37.03974308978833,LOSS,302774.5583282276,0.0
2021-04-28,84.0199966430664,85.20999908447266,10,1418.7241456356096,228.7217042293596,303003.28003245697,37.025532852272974,LOSS,303003.28003245697,0.0
2021-04-29,83.91000366210938,84.0199966430664,10,1397.3757151626519,1287.3827342056206,304290.6627666626,37.00136145058096,LOSS,304290.6627666626,0.0
2021-04-30,81.62000274658203,83.91000366210938,10,1358.2440803779716,-931.7568351493721,303358.90593151323,36.413275530748564,LOSS,304290.6627666626,-0.3062061867681631
2021-05-03,78.55000305175781,81.62000274658203,10,1317.273095232704,-1752.7265995915147,301606.17933192174,36.35001777421519,LOSS,304290.6627666626,-0.8822102559221109
2021-05-04,78.61000061035156,78.55000305175781,10,1329.2020103529728,1329.2020103529728,302935.3813422747,37.38534579841986,WIN,304290.6627666626,-0.44539040799524776
2021-05-05,77.83000183105469,78.61000061035156,10,1330.321653544454,550.322874247579,303485.7042165223,37.387102351322014,LOSS,304290.6627666626,-0.26453606654292294
2021-05-06,77.88999938964844,77.83000183105469,10,1314.4731762313838,1314.4731762313838,304800.17739275366,37.342085619647044,WIN,304800.17739275366,0.0
2021-05-07,78.80999755859375,77.88999938964844,10,1303.8085362760182,1303.8085362760182,306103.9859290297,37.14374869213265,WIN,306103.9859290297,0.0
2021-05-10,75.98999786376953,78.80999755859375,10,1327.4545118154017,-1492.545183008817,304611.4407460209,37.28216358212049,LOSS,306103.9859290297,-0.48759416787041604
2021-05-11,76.83000183105469,75.98999786376953,10,1226.6813597745554,1226.6813597745554,305838.1221057954,36.35474343413167,WIN,306103.9859290297,-0.08685408732178967
2021-05-12,74.63999938964844,76.83000183105469,10,1225.3987978500827,-964.6036435561673,304873.51846223924,36.09918260263774,LOSS,306103.9859290297,-0.401976950106016
2021-05-13,73.08999633789062,74.63999938964844,10,1206.4085473787043,-343.59450437910823,304529.92395786016,36.381678871968234,LOSS,306103.9859290297,-0.5142245914871862
2021-05-14,74.58999633789062,73.08999633789062,10,1023.638756535745,1023.638756535745,305553.5627143959,33.52711532259967,WIN,306103.9859290297,-0.1798157619422147
2021-05-17,74.6500015258789,74.58999633789062,10,1076.5531778382483,1076.5531778382483,306630.1158922342,34.09298915094199,WIN,306630.1158922342,0.0
2021-05-18,74.44000244140625,74.6500015258789,10,1075.14332846394,865.1442439912837,307495.2601362255,34.052657821310916,LOSS,307495.2601362255,0.0
2021-05-19,76.2300033569336,74.44000244140625,10,1053.7103618007875,1053.7103618007875,308548.9704980263,33.725520417675796,WIN,308548.9704980263,0.0
2021-05-20,78.05999755859375,76.2300033569336,10,1062.2786797567503,1062.2786797567503,309611.24917778303,33.43450797530858,WIN,309611.24917778303,0.0
2021-05-21,77.16999816894531,78.05999755859375,10,1076.8573152813983,186.85792563296081,309798.107103416,33.24940265721026,LOSS,309798.107103416,0.0
2021-05-24,77.44000244140625,77.16999816894531,10,936.3157654945041,936.3157654945041,310734.4228689105,31.050659083237004,WIN,310734.4228689105,0.0
2021-05-25,77.86000061035156,77.44000244140625,10,861.2435145773379,861.2435145773379,311595.6663834878,29.712268117262532,WIN,311595.6663834878,0.0
2021-05-26,78.33999633789062,77.86000061035156,10,872.1428290976252,872.1428290976252,312467.80921258545,29.81809026093073,WIN,312467.80921258545,0.0
2021-05-27,78.41999816894531,78.33999633789062,10,877.3320696737469,877.3320696737469,313345.1412822592,29.814925849413353,WIN,313345.1412822592,0.0
2021-05-28,80.08000183105469,78.41999816894531,10,879.1935585456033,879.1935585456033,314224.3348408048,29.831213749777483,WIN,314224.3348408048,0.0
2021-06-01,80.80999755859375,80.08000183105469,10,890.8077427396634,890.8077427396634,315115.1425835445,29.715632488572034,WIN,315115.1425835445,0.0
2021-06-02,81.97000122070312,80.80999755859375,10,799.3117271220342,799.3117271220342,315914.45431066654,28.084891188426518,WIN,315914.45431066654,0.0
2021-06-03,80.27999877929688,81.97000122070312,10,822.7974017461189,-867.2050396601311,315047.2492710064,28.278743881856315,LOSS,315914.45431066654,-0.27450628732782073
2021-06-04,81.58000183105469,80.27999877929688,10,833.29182443125,833.29182443125,315880.54109543766,28.731209333033412,WIN,315914.45431066654,-0.010734936235469124
2021-06-07,81.3499984741211,81.58000183105469,10,861.364850266249,631.3614933326553,316511.9025887703,28.9676215417132,LOSS,316511.9025887703,0.0
2021-06-08,80.88999938964844,81.3499984741211,10,853.8017368860675,393.80265241341124,316905.70524118375,28.884124813316063,LOSS,316905.70524118375,0.0
2021-06-09,79.95999908447266,80.88999938964844,10,739.8709912329599,-190.12931394282134,316715.57592724095,27.09985572903692,LOSS,316905.70524118375,-0.0599955478233193
2021-06-10,81.55999755859375,79.95999908447266,10,742.1091169334676,742.1091169334676,317457.68504417443,27.277615004756704,WIN,317457.68504417443,0.0
2021-06-11,81.30999755859375,81.55999755859375,10,693.0946345712775,443.09463457127754,317900.7796787457,26.241761237127285,LOSS,317900.7796787457,0.0
2021-06-14,81.55000305175781,81.30999755859375,10,634.4357201639123,634.4357201639123,318535.21539890964,25.32197262827534,WIN,318535.21539890964,0.0
2021-06-15,80.47000122070312,81.55000305175781,10,612.3589847547885,-467.642846299899,318067.5725526097,24.93347348944238,LOSS,318535.21539890964,-0.14681040704220932
2021-06-16,80.11000061035156,80.47000122070312,10,633.2547523609267,273.25414200936416,318340.8266946191,25.410305491990925,LOSS,318535.21539890964,-0.061025812812287486
2021-06-17,84.55999755859375,80.11000061035156,10,632.8015924821041,632.8015924821041,318973.62828710116,25.449604482570358,WIN,318973.62828710116,0.0
2021-06-18,84.6500015258789,84.55999755859375,10,864.3259908405587,864.3259908405587,319837.9542779417,28.521710557459713,WIN,319837.9542779417,0.0
2021-06-21,82.58999633789062,84.6500015258789,10,836.790159486209,-1223.2150285020723,318614.7392494397,28.07701489449913,LOSS,319837.9542779417,-0.3824483655367128
2021-06-22,83.58000183105469,82.58999633789062,10,859.7724767696623,859.7724767696623,319474.5117262093,28.77130559689211,WIN,319837.9542779417,-0.11363334053111722
2021-06-23,83.81999969482422,83.58000183105469,10,875.2158059214395,875.2158059214395,320349.7275321307,28.85261614771061,WIN,320349.7275321307,0.0
2021-06-24,86.0999984741211,83.81999969482422,10,877.6335691870274,877.6335691870274,321227.36110131774,28.851110562902175,WIN,321227.36110131774,0.0
2021-06-25,85.62000274658203,86.0999984741211,10,941.0196933413649,461.0239658023024,321688.38506712,29.458212145868043,LOSS,321688.38506712,0.0
2021-06-28,87.08000183105469,85.62000274658203,10,942.6031761706184,942.6031761706184,322630.98824329063,29.563732242268692,WIN,322630.98824329063,0.0
2021-06-29,89.5199966430664,87.08000183105469,10,949.59405730264,949.59405730264,323580.58230059326,29.425756024683665,WIN,323580.58230059326,0.0
2021-06-30,93.93000030517578,89.5199966430664,10,1015.8056209092796,1015.8056209092796,324596.3879215025,30.01099840309069,WIN,324596.3879215025,0.0
2021-07-01,93.30999755859375,93.93000030517578,10,1198.0180695847644,578.0153230027331,325174.4032445052,31.87244686460575,LOSS,325174.4032445052,0.0
2021-07-02,94.69999694824219,93.30999755859375,10,1148.5768108322854,1148.5768108322854,326322.98005533754,31.28361741843187,WIN,326322.98005533754,0.0
2021-07-06,94.47000122070312,94.69999694824219,10,1164.2051399219672,934.2094123829047,327257.18946772045,31.26292172416936,LOSS,327257.18946772045,0.0
2021-07-07,90.54000091552734,94.47000122070312,10,1160.7908241574846,-2769.2094810182966,324487.97998670215,31.254704166413017,LOSS,327257.18946772045,-0.8461875155508081
2021-07-08,89.73999786376953,90.54000091552734,10,1255.9590974845453,455.9560457267328,324943.9360324289,33.350758754208044,LOSS,327257.18946772045,-0.7068609979368397
2021-07-09,90.9000015258789,89.73999786376953,10,1239.5871344064512,1239.5871344064512,326183.5231668353,33.273007377453624,WIN,327257.18946772045,-0.32808027919308685
2021-07-12,90.80999755859375,90.9000015258789,10,1246.204002561653,1156.2000352764967,327339.7232021118,33.13611561212542,LOSS,327339.7232021118,0.0
2021-07-13,90.26000213623047,90.80999755859375,10,1242.9472992645256,692.9518769012443,328032.67507901305,33.10664868970753,LOSS,328032.67507901305,0.0
2021-07-14,89.05000305175781,90.26000213623047,10,1243.3986652946835,33.39958082202725,328066.0746598351,33.22359611688327,LOSS,328066.0746598351,0.0
2021-07-15,86.93000030517578,89.05000305175781,10,1227.1007520902476,-892.9019944917836,327173.17266534327,33.2291033823105,LOSS,328066.0746598351,-0.272171389686557
2021-07-16,85.88999938964844,86.93000030517578,10,1240.9802658156448,200.97935028830102,327374.15201563155,33.88487952237783,LOSS,328066.0746598351,-0.21090953854980862
2021-07-19,86.58000183105469,85.88999938964844,10,1068.8953593153683,1068.8953593153683,328443.04737494694,31.463100002305566,WIN,328443.04737494694,0.0
2021-07-20,87.11000061035156,86.58000183105469,10,1080.5927245256971,1080.5927245256971,329523.64009947266,31.5106234533207,WIN,329523.64009947266,0.0
2021-07-21,89.41000366210938,87.11000061035156,10,1041.115721910665,1041.115721910665,330564.7558213833,30.810660469033273,WIN,330564.7558213833,0.0
2021-07-22,91.20999908447266,89.41000366210938,10,1100.7734276686433,1100.7734276686433,331665.529249052,31.286615703795103,WIN,331665.529249052,0.0
2021-07-23,92.1500015258789,91.20999908447266,10,1140.946509551682,1140.946509551682,332806.47575860366,31.547860726899298,WIN,332806.47575860366,0.0
2021-07-26,91.81999969482422,92.1500015258789,10,1117.4124854857128,787.4106544310253,333593.8864130347,31.04121269408503,LOSS,333593.8864130347,0.0
2021-07-27,91.02999877929688,91.81999969482422,10,1111.0564244999111,321.0555089725674,333914.94192200725,31.007291448254477,LOSS,333914.94192200725,0.0
2021-07-28,97.93000030517578,91.02999877929688,10,1097.205269535771,1097.205269535771,335012.147191543,30.94492101125604,WIN,335012.147191543,0.0
2021-07-29,102.94999694824219,97.93000030517578,10,1493.9955416973828,1493.9955416973828,336506.1427332404,35.181459465193086,WIN,336506.1427332404,0.0
2021-07-30,106.19000244140625,102.94999694824219,10,1582.1397350503219,1582.1397350503219,338088.2824682907,35.330006810982454,WIN,338088.2824682907,0.0
2021-08-02,108.62999725341797,106.19000244140625,10,1664.4238170965332,1664.4238170965332,339752.7062853872,35.73477443735882,WIN,339752.7062853872,0.0
2021-08-03,112.55999755859375,108.62999725341797,10,1715.2826556483558,1715.2826556483558,341467.9889410356,35.888389256058815,WIN,341467.9889410356,0.0
2021-08-04,118.7699966430664,112.55999755859375,10,1822.1463652621005,1822.1463652621005,343290.1353062977,36.41500639396429,WIN,343290.1353062977,0.0
2021-08-05,112.3499984741211,118.7699966430664,10,1857.363563263889,-4562.634605681424,338727.5007006163,35.68755671264857,LOSS,343290.1353062977,-1.3290899261088396
2021-08-06,110.11000061035156,112.3499984741211,10,2011.1957856007084,-228.80207816882285,338498.69862244744,38.68101450302347,LOSS,343290.1353062977,-1.3957396939399753
2021-08-09,107.58000183105469,110.11000061035156,10,2025.5005220165594,-504.49825728031556,337994.2003651671,39.33462279530458,LOSS,343290.1353062977,-1.5426994243237782
2021-08-10,106.4800033569336,107.58000183105469,10,2030.682211419124,930.6837372980303,338924.8841024651,39.970626658173096,LOSS,343290.1353062977,-1.2715923805785179
2021-08-11,107.68000030517578,106.4800033569336,10,2017.482768514706,2017.482768514706,340942.36687097984,40.064601387901945,WIN,343290.1353062977,-0.6839020973390546
2021-08-12,106.5,107.68000030517578,10,2012.2613867345958,832.2610815588146,341774.62795253866,39.72113292658398,LOSS,343290.1353062977,-0.44146545382284963
2021-08-13,110.55000305175781,106.5,10,1951.397245082658,1951.397245082658,343726.0251976213,39.23902262716091,WIN,343726.0251976213,0.0
2021-08-16,107.4800033569336,110.55000305175781,10,2032.1173810538403,-1037.8823137703785,342688.14288385096,39.31694742985741,LOSS,343726.0251976213,-0.3019504598680417
2021-08-17,107.55999755859375,107.4800033569336,10,2061.536541334272,2061.536541334272,344749.67942518526,40.37361758786571,WIN,344749.67942518526,0.0
2021-08-18,103.44000244140625,107.55999755859375,10,2067.512982517339,-2052.482134670161,342697.1972905151,40.428250782352606,LOSS,344749.67942518526,-0.5953543272592219
2021-08-19,103.69999694824219,103.44000244140625,10,2087.5428937487136,2087.5428937487136,344784.74018426385,41.69721199575478,WIN,344784.74018426385,0.0
2021-08-20,104.6500015258789,103.69999694824219,10,2086.060400682029,2086.060400682029,346870.8005849459,41.61136548933119,WIN,346870.8005849459,0.0
2021-08-23,108.7699966430664,104.6500015258789,10,2104.8553616880945,2104.8553616880945,348975.65594663395,41.60737578398635,WIN,348975.65594663395,0.0
2021-08-24,107.6500015258789,108.7699966430664,10,2230.91799933073,1110.9228821432298,350086.5788287772,42.13273146902834,LOSS,350086.5788287772,0.0
2021-08-25,108.30000305175781,107.6500015258789,10,2211.053050416027,2211.053050416027,352297.63187919324,42.17090768254778,WIN,352297.63187919324,0.0
2021-08-26,107.2699966430664,108.30000305175781,10,1975.6821275051557,945.6757188137494,353243.30759800697,39.13279516065906,LOSS,353243.30759800697,0.0
2021-08-27,111.4000015258789,107.2699966430664,10,1838.8258098699246,1838.8258098699246,355082.1334078769,37.67677798793529,WIN,355082.1334078769,0.0
2021-08-30,111.31999969482422,111.4000015258789,10,1937.4343322894015,1857.432501234714,356939.5659091116,38.007043781617185,LOSS,356939.5659091116,0.0
2021-08-31,110.72000122070312,111.31999969482422,10,1910.2187020357521,1310.2202279146584,358249.7861370262,37.70016012031203,LOSS,358249.7861370262,0.0
2021-09-01,109.98999786376953,110.72000122070312,10,1823.0437701227988,1093.040413189205,359342.8265502154,36.781613040791015,LOSS,359342.8265502154,0.0
2021-09-02,109.19999694824219,109.98999786376953,10,1592.2049184181835,802.2040028908398,360145.0305531063,34.14982422131682,LOSS,360145.0305531063,0.0
2021-09-03,109.91999816894531,109.19999694824219,10,1378.6995253467926,1378.6995253467926,361523.7300784531,31.70190558008584,WIN,361523.7300784531,0.0
2021-09-07,109.1500015258789,109.91999816894531,10,1360.7261607714665,590.7295177050603,362114.4595961581,31.376196705933484,LOSS,362114.4595961581,0.0
2021-09-08,106.16999816894531,109.1500015258789,10,1309.1685690055808,-1670.834787928013,360443.6248082301,30.866854830184476,LOSS,362114.4595961581,-0.4614106793170875
2021-09-09,106.1500015258789,106.16999816894531,10,1327.4146264048031,1307.4179833383969,361751.0427915685,31.53955471746482,LOSS,362114.4595961581,-0.10035965009376219
2021-09-10,105.19999694824219,106.1500015258789,10,1316.4905234160299,366.4859457793111,362117.5287373478,31.40653075018046,LOSS,362117.5287373478,0.0
2021-09-13,104.80000305175781,105.19999694824219,10,1301.640769529745,901.6468730453701,363019.17561039317,31.367955667397904,LOSS,363019.17561039317,0.0
2021-09-14,105.7300033569336,104.80000305175781,10,1165.365723584563,1165.365723584563,364184.5413339777,29.710247143413024,WIN,364184.5413339777,0.0
2021-09-15,105.5999984741211,105.7300033569336,10,1122.6225612878588,992.6176784753588,365177.15901245305,29.04606081081365,LOSS,365177.15901245305,0.0
2021-09-16,106.22000122070312,105.5999984741211,10,1121.0639793844605,1121.0639793844605,366298.22299183754,29.043828295937907,WIN,366298.22299183754,0.0
2021-09-17,103.87999725341797,106.22000122070312,10,979.287426754956,-1360.7165405302003,364937.50645130733,27.19615403629367,LOSS,366298.22299183754,-0.37147778916757923
2021-09-20,101.55000305175781,103.87999725341797,10,1011.6437059975323,-1318.3504956626239,363619.15595564473,27.8829309407069,LOSS,366298.22299183754,-0.7313895804109608
2021-09-21,102.81999969482422,101.55000305175781,10,1026.0499867046804,1026.0499867046804,364645.2059423494,28.366189148010683,WIN,366298.22299183754,-0.4512762950326901
2021-09-22,104.37999725341797,102.81999969482422,10,882.141927840765,882.141927840765,365527.34787019016,26.349582615527062,WIN,366298.22299183754,-0.21045013960238448
2021-09-23,106.1500015258789,104.37999725341797,10,921.6416090029411,921.6416090029411,366448.9894791931,26.68056409041227,WIN,366448.9894791931,0.0
2021-09-24,105.80000305175781,106.1500015258789,10,968.2549058288504,618.2564317077566,367067.2459109009,27.066705839457082,LOSS,367067.2459109009,0.0
2021-09-27,108.16000366210938,105.80000305175781,10,957.2933438719099,957.2933438719099,368024.53925477277,26.969565437457852,WIN,368024.53925477277,0.0
2021-09-28,101.5199966430664,108.16000366210938,10,855.7947245631744,-5784.212294479794,362240.326960293,25.46699305590159,LOSS,368024.53925477277,-1.5716920143945972
2021-09-29,100.3499984741211,101.5199966430664,10,1145.4958391607563,-24.502329784556196,362215.82463050843,29.92660174593098,LOSS,368024.53925477277,-1.5783498122235622
2021-09-30,102.9000015258789,100.3499984741211,10,1136.2967327094025,1136.2967327094025,363352.1213632178,29.97936530163282,WIN,368024.53925477277,-1.2695941148425327
2021-10-01,102.44999694824219,102.9000015258789,10,1236.5046979088884,786.5001202721696,364138.62148349,30.89642311524749,LOSS,368024.53925477277,-1.05588550675222
2021-10-04,100.33999633789062,102.44999694824219,10,1229.8639847237791,-880.1366256277834,363258.48485786223,30.880499497027515,LOSS,368024.53925477277,-1.2950371207750178
2021-10-05,101.80999755859375,100.33999633789062,10,1218.7878361728567,1218.7878361728567,364477.2726940351,31.06841555288271,WIN,368024.53925477277,-0.9638668573352968
2021-10-06,103.63999938964844,101.80999755859375,10,1262.6185041298895,1262.6185041298895,365739.89119816496,31.405925954145605,WIN,368024.53925477277,-0.6207868804710911
2021-10-07,106.44999694824219,103.63999938964844,10,1267.0653021299934,1267.0653021299934,367006.95650029497,31.173001273916032,WIN,368024.53925477277,-0.27649861515711516
2021-10-08,105.05999755859375,106.44999694824219,10,1362.090483283892,-27.9089063645456,366979.04759393045,31.92697409699864,LOSS,368024.53925477277,-0.28408205141955467
2021-10-11,104.68000030517578,105.05999755859375,10,1351.4828236229432,971.4855702049745,367950.5331641354,32.01735929742171,LOSS,368024.53925477277,-0.02010900979244821
2021-10-12,105.04000091552734,104.68000030517578,10,1346.484032417203,1346.484032417203,369297.0171965526,32.015962379201525,WIN,369297.0171965526,0.0
2021-10-13,109.16000366210938,105.04000091552734,10,1345.9516321024714,1345.9516321024714,370642.9688286551,31.950938995747062,WIN,370642.9688286551,0.0
2021-10-14,111.98999786376953,109.16000366210938,10,1512.2744656033692,1512.2744656033692,372155.2432942584,33.326777280277994,WIN,372155.2432942584,0.0
2021-10-15,112.12000274658203,111.98999786376953,10,1592.3513395863956,1592.3513395863956,373747.5946338448,33.80956212496331,WIN,373747.5946338448,0.0
2021-10-18,116.43000030517578,112.12000274658203,10,1545.1722885111942,1545.1722885111942,375292.766922356,33.23109841242754,WIN,375292.766922356,0.0
2021-10-19,116.33000183105469,116.43000030517578,10,1627.8467350618134,1527.8482609407197,376820.6151832967,33.495566530160644,LOSS,376820.6151832967,0.0
2021-10-20,116.38999938964844,116.33000183105469,10,1628.4773395167304,1628.4773395167304,378449.0925228134,33.51863658664185,WIN,378449.0925228134,0.0
2021-10-21,119.33000183105469,116.38999938964844,10,1625.2545629737435,1625.2545629737435,380074.34708578716,33.472460749853425,WIN,380074.34708578716,0.0
2021-10-22,119.81999969482422,119.33000183105469,10,1686.5931362001352,1686.5931362001352,381760.9402219873,33.69733483978195,WIN,381760.9402219873,0.0
2021-10-25,122.36000061035156,119.81999969482422,10,1686.4689650105552,1686.4689650105552,383447.40918699786,33.619502114049666,WIN,383447.40918699786,0.0
2021-10-26,122.93000030517578,122.36000061035156,10,1719.4301258513212,1719.4301258513212,385166.83931284916,33.589344912810624,WIN,385166.83931284916,0.0
2021-10-27,122.27999877929688,122.93000030517578,10,1266.778430908293,616.7769050293869,385783.61621787853,28.632069820562947,LOSS,385783.61621787853,0.0
2021-10-28,121.16000366210938,122.27999877929688,10,1234.1297025300876,114.13458534258757,385897.75080322113,28.351326100297445,LOSS,385897.75080322113,0.0
2021-10-29,120.2300033569336,121.16000366210938,10,1231.2437146876837,301.2434095119024,386198.99421273306,28.4432344582114,LOSS,386198.99421273306,0.0
2021-11-01,125.2300033569336,120.2300033569336,10,1232.3179977775335,1232.3179977775335,387431.3122105106,28.55904045261084,WIN,387431.3122105106,0.0
2021-11-02,127.62999725341797,125.2300033569336,10,1294.6102051529424,1294.6102051529424,388725.92241566355,28.67570292974584,WIN,388725.92241566355,0.0
2021-11-03,130.52999877929688,127.62999725341797,10,1325.2319910915514,1325.2319910915514,390051.1544067551,28.735933375181958,WIN,390051.1544067551,0.0
2021-11-04,137.5,130.52999877929688,10,1365.172873082279,1365.172873082279,391416.3272798374,28.835547202043383,WIN,391416.3272798374,0.0
2021-11-05,136.33999633789062,137.5,10,1610.156732160705,450.1530700513299,391866.48034988873,30.49117921866786,LOSS,391866.48034988873,0.0
2021-11-08,150.16000366210938,136.33999633789062,10,1571.997995776742,1571.997995776742,393438.4783456655,30.25273533090654,WIN,393438.4783456655,0.0
2021-11-09,148.9199981689453,150.16000366210938,10,2440.1202275407068,1200.1147343766443,394638.59308004216,36.49690707819326,LOSS,394638.59308004216,0.0
2021-11-10,139.8699951171875,148.9199981689453,10,2461.5621383039106,-6588.440913453902,388050.15216658823,36.86637568748854,LOSS,394638.59308004216,-1.6694872293236758
2021-11-11,146.00999450683594,139.8699951171875,10,2699.8912254789084,2699.8912254789084,390750.04339206713,40.535286333419016,WIN,394638.59308004216,-0.9853445041008286
2021-11-12,147.88999938964844,146.00999450683594,10,2873.2822353151596,2873.2822353151596,393623.3256273823,41.03243109083114,WIN,394638.59308004216,-0.25726512066039153
2021-11-15,146.49000549316406,147.88999938964844,10,2898.366835506261,1498.372939021886,395121.69856640423,40.92588371977357,LOSS,395121.69856640423,0.0
2021-11-16,152.4499969482422,146.49000549316406,10,2862.4507848734424,2862.4507848734424,397984.1493512777,40.84931610672301,WIN,397984.1493512777,0.0
2021-11-17,151.33999633789062,152.4499969482422,10,3020.581346409553,1910.5807360579906,399894.7300873357,41.21091248743534,LOSS,399894.7300873357,0.0
2021-11-18,155.02000427246094,151.33999633789062,10,3018.053711412115,3018.053711412115,402912.7837987478,41.38106170560533,WIN,402912.7837987478,0.0
2021-11-19,155.41000366210938,155.02000427246094,10,3089.900303968986,3089.900303968986,406002.6841027168,41.3679123821864,WIN,406002.6841027168,0.0
2021-11-22,152.52000427246094,155.41000366210938,10,3100.1003036290126,210.10091398057511,406212.78501669737,41.388566532020334,LOSS,406212.78501669737,0.0
2021-11-23,149.9199981689453,152.52000427246094,10,3106.948368778515,506.94226526289003,406719.72728196025,41.94798219852264,LOSS,406719.72728196025,0.0
2021-11-24,157.8000030517578,149.9199981689453,10,3105.798610789475,3105.798610789475,409825.5258927497,42.40518558817911,WIN,409825.5258927497,0.0
2021-11-26,154.80999755859375,157.8000030517578,10,3365.0124884341503,375.0069952700878,410200.5328880198,43.20971492663162,LOSS,410200.5328880198,0.0
2021-11-29,161.91000366210938,154.80999755859375,10,3337.713517418592,3337.713517418592,413538.2464054384,43.52128432895914,WIN,413538.2464054384,0.0
2021-11-30,158.3699951171875,161.91000366210938,10,3527.352010175765,-12.656534746110083,413525.5898706923,43.82001110007036,LOSS,413538.2464054384,-0.0030605475687262057
2021-12-01,149.11000061035156,158.3699951171875,10,3486.39317447469,-5773.601332361248,407751.98853833106,44.122086243128194,LOSS,413538.2464054384,-1.399207429398058
2021-12-02,150.67999267578125,149.11000061035156,10,3570.29717028839,3570.29717028839,411322.28570861946,46.6749995993392,WIN,413538.2464054384,-0.5358538698852028
2021-12-03,144.00999450683594,150.67999267578125,10,3595.689371091207,-3074.3087978541057,408247.97691076534,46.56789331751356,LOSS,413538.2464054384,-1.2792697025383262
2021-12-06,139.05999755859375,144.00999450683594,10,3446.958733251679,-1503.0382149905085,406744.9386957748,46.66375923739538,LOSS,413538.2464054384,-1.6427277933087074
2021-12-07,144.85000610351562,139.05999755859375,10,3395.7938728707577,3395.7938728707577,410140.73256864556,47.30413580104972,WIN,413538.2464054384,-0.8215718537099655
2021-12-08,145.24000549316406,144.85000610351562,10,3021.4288055378665,3021.4288055378665,413162.16137418343,42.593886388335164,WIN,413538.2464054384,-0.09094322823196745
2021-12-09,138.10000610351562,145.24000549316406,10,3026.9138392554764,-4113.0855503929615,409049.07582379045,42.56974991668759,LOSS,413538.2464054384,-1.085551486632438
2021-12-10,138.5500030517578,138.10000610351562,10,2797.4129088862805,2797.4129088862805,411846.4887326767,41.7967362207324,WIN,413538.2464054384,-0.4090934000583495
2021-12-13,133.8000030517578,138.5500030517578,10,2673.3372713274266,-2076.6627286725734,409769.82600400416,40.5250286349331,LOSS,413538.2464054384,-0.9112628479203904
2021-12-14,135.60000610351562,133.8000030517578,10,2627.125382687167,2627.125382687167,412396.9513866913,40.97429098296392,WIN,413538.2464054384,-0.275982942005359
2021-12-15,146.5,135.60000610351562,10,2680.119317257483,2680.119317257483,415077.0707039488,41.14649291398402,WIN,415077.0707039488,0.0
2021-12-16,138.63999938964844,146.5,10,3227.1447971794373,-4632.855813172126,410444.21489077667,44.1406913929446,LOSS,415077.0707039488,-1.1161435165076796
2021-12-17,137.75,138.63999938964844,10,3204.8497779601985,2314.850388311761,412759.06527908845,45.58004738579204,LOSS,415077.0707039488,-0.5584518125583584
2021-12-20,135.8000030517578,137.75,10,3137.4678104066525,1187.470862164465,413946.5361412529,45.13052476517731,LOSS,415077.0707039488,-0.27236738487591255
2021-12-21,144.25,135.8000030517578,10,3093.4190303459513,3093.4190303459513,417039.9551715989,45.13408420944809,WIN,417039.9551715989,0.0
2021-12-22,143.8800048828125,144.25,10,3527.556158774762,3157.561041587262,420197.51621318614,47.350212589020096,LOSS,420197.51621318614,0.0
2021-12-23,146.13999938964844,143.8800048828125,10,3505.299688665428,3505.299688665428,423702.8159018516,47.228770267677135,WIN,423702.8159018516,0.0
2021-12-27,154.36000061035156,146.13999938964844,10,3404.7697747301654,3404.7697747301654,427107.5856765817,45.82035764673578,WIN,427107.5856765817,0.0
2021-12-28,153.14999389648438,154.36000061035156,10,3779.376374687962,2569.3696608207747,429676.95533740247,47.38951139802811,LOSS,429676.95533740247,0.0
2021-12-29,148.25999450683594,153.14999389648438,10,3622.099270873395,-1267.9001187750423,428409.05521862744,46.28688957440229,LOSS,429676.95533740247,-0.2950821781399496
2021-12-30,145.14999389648438,148.25999450683594,10,3535.734528845078,425.7339184935154,428834.78913712094,46.54820791807356,LOSS,429676.95533740247,-0.1959998528709132
2021-12-31,143.89999389648438,145.14999389648438,10,3292.654851751508,2042.654851751508,430877.44398887246,45.008771123743514,LOSS,430877.44398887246,0.0
2022-01-03,150.24000549316406,143.89999389648438,10,3259.437741700378,3259.437741700378,434136.88173057284,44.96407937529408,WIN,434136.88173057284,0.0
2022-01-04,144.4199981689453,150.24000549316406,10,3395.482008517154,-2424.525315701596,431712.35641487123,44.89749949170245,LOSS,434136.88173057284,-0.5584702469960344
2022-01-05,136.14999389648438,144.4199981689453,10,3284.6179562899715,-4985.386316170966,426726.97009870026,45.08683829934144,LOSS,434136.88173057284,-1.70681458860047
2022-01-06,136.22999572753906,136.14999389648438,10,3183.997217249876,3183.997217249876,429910.96731595014,45.936706535476354,WIN,434136.88173057284,-0.9734059907044075
2022-01-07,132.0,136.22999572753906,10,3184.922193304722,-1045.0735342343405,428865.8937817158,45.92752085754948,LOSS,434136.88173057284,-1.2141304207662942
2022-01-10,132.0,132.0,10,3011.3631649137706,3011.3631649137706,431877.25694662955,45.179235006296295,WIN,434136.88173057284,-0.5204867126091405
2022-01-11,137.30999755859375,132.0,10,3010.1880146147396,3010.1880146147396,434887.4449612443,45.167457902340395,WIN,434887.4449612443,0.0
2022-01-12,137.47000122070312,137.30999755859375,10,3155.415201205774,3155.415201205774,438042.86016245006,45.3999856309837,WIN,438042.86016245006,0.0
2022-01-13,132.74000549316406,137.47000122070312,10,3151.238506743367,-1578.7572207956955,436464.1029416544,45.32441018643806,LOSS,438042.86016245006,-0.36041158625669195
2022-01-14,136.8800048828125,132.74000549316406,10,2716.9495338423117,2716.9495338423117,439181.0524754967,42.07688900777474,WIN,439181.0524754967,0.0
2022-01-18,131.92999267578125,136.8800048828125,10,2703.3953789303314,-2246.6168281009186,436934.4356473958,41.12694189430509,LOSS,439181.0524754967,-0.5115468473509057
2022-01-19,128.27000427246094,131.92999267578125,10,2681.4039494396498,-978.5844538806627,435955.8511935151,41.88671419909071,LOSS,439181.0524754967,-0.7343671280448841
2022-01-20,121.88999938964844,128.27000427246094,10,2637.694538389494,-3742.310344423006,432213.5408490921,42.20310107852008,LOSS,439181.0524754967,-1.5864781932488612
2022-01-21,118.80999755859375,121.88999938964844,10,2359.6583021770048,-720.3435288776827,431493.1973202144,40.60943915789146,LOSS,439181.0524754967,-1.7504979124096511
2022-01-24,116.52999877929688,118.80999755859375,10,2314.3951615250794,34.3963822282044,431527.5937024426,40.76935509954319,LOSS,439181.0524754967,-1.7426659756641334
2022-01-25,111.12999725341797,116.52999877929688,10,2237.478183473173,-3162.5233424057333,428365.07036003686,40.40037286284732,LOSS,439181.0524754967,-2.4627615546012924
2022-01-26,110.70999908447266,111.12999725341797,10,1917.0115857522942,1497.0134168069817,429862.08377684385,37.81983281599581,LOSS,439181.0524754967,-2.1218967999929372
2022-01-27,102.5999984741211,110.70999908447266,10,1914.6922280182278,-6195.3083823333345,423666.77539451054,37.878689885541235,LOSS,439181.0524754967,-3.5325469970842542
2022-01-28,105.23999786376953,102.5999984741211,10,1933.8466253094348,1933.8466253094348,425600.62201982,39.93410000196445,WIN,439181.0524754967,-3.092216838392508
2022-01-31,114.25,105.23999786376953,10,2075.2478137108747,2075.2478137108747,427675.86983353086,41.08604017180283,WIN,439181.0524754967,-2.619690120308132
2022-02-01,116.77999877929688,114.25,10,2734.8565150018344,2734.8565150018344,430410.7263485327,46.66630288901374,WIN,439181.0524754967,-1.9969727923208458
2022-02-02,122.76000213623047,116.77999877929688,10,2704.052783792679,2704.052783792679,433114.7791323254,45.631320742810566,WIN,439181.0524754967,-1.3812693669223808
2022-02-03,120.08000183105469,122.76000213623047,10,2981.861038863589,301.8607336878076,433416.6398660132,47.13287152044364,LOSS,439181.0524754967,-1.3125367264802794
2022-02-04,123.5999984741211,120.08000183105469,10,2804.7013792714456,2804.7013792714456,436221.34124528465,45.89832710775748,WIN,439181.0524754967,-0.6739159655293183
2022-02-07,123.66999816894531,123.5999984741211,10,2943.330652253478,2943.330652253478,439164.6718975381,46.502107719389315,WIN,439181.0524754967,-0.003729800697517643
2022-02-08,128.22999572753906,123.66999816894531,10,2907.665356617481,2907.665356617481,442072.3372541556,46.10277166374036,WIN,442072.3372541556,0.0
2022-02-09,132.85000610351562,128.22999572753906,10,3090.3009886955597,3090.3009886955597,445162.6382428512,46.88087095393055,WIN,445162.6382428512,0.0
2022-02-10,125.7699966430664,132.85000610351562,10,3184.531172932882,-3895.478287516337,441267.15995533485,46.710489796094436,LOSS,445162.6382428512,-0.8750685598622098
2022-02-11,113.18000030517578,125.7699966430664,10,3141.069053686141,-9448.927284204485,431818.2326711304,48.03843439910226,LOSS,445162.6382428512,-2.9976472473956752
2022-02-14,114.2699966430664,113.18000030517578,10,3157.045767334926,3157.045767334926,434975.2784384653,51.900326716271096,WIN,445162.6382428512,-2.2884579542877805
2022-02-15,121.47000122070312,114.2699966430664,10,3140.5012779317826,3140.5012779317826,438115.7797163971,51.35681113845645,WIN,445162.6382428512,-1.582985165662033
2022-02-16,117.69000244140625,121.47000122070312,10,3492.0032635505904,-287.9955157462846,437827.7842006508,53.02985148569394,LOSS,445162.6382428512,-1.6476796146128871
2022-02-17,112.37000274658203,117.69000244140625,10,3390.2248135135887,-1929.77488131063,435898.00931934017,53.107279968929305,LOSS,445162.6382428512,-2.0811784565030926
2022-02-18,113.83000183105469,112.37000274658203,10,3222.0587240269315,3222.0587240269315,439120.0680433671,52.93168054221061,WIN,445162.6382428512,-1.3573848477795296
2022-02-22,115.6500015258789,113.83000183105469,10,3252.0110034340832,3252.0110034340832,442372.0790468012,52.793254140073664,WIN,445162.6382428512,-0.626862848837652
2022-02-23,109.76000213623047,115.6500015258789,10,3300.1456949560084,-2589.853694692429,439782.22535210877,52.74909072171613,LOSS,445162.6382428512,-1.2086398157716056
2022-02-24,116.61000061035156,109.76000213623047,10,3148.4939051330643,3148.4939051330643,442930.7192572418,52.94702858626768,WIN,445162.6382428512,-0.5013715873414754
2022-02-25,121.05999755859375,116.61000061035156,10,3480.8005385291785,3480.8005385291785,446411.519795771,54.48774779249245,WIN,446411.519795771,0.0
2022-02-28,123.33999633789062,121.05999755859375,10,3400.858111739629,3400.858111739629,449812.3779075106,52.16266722839132,WIN,449812.3779075106,0.0
2022-03-01,113.83000183105469,123.33999633789062,10,3457.386596989184,-6052.6079098467535,443759.76999766385,52.08199040634784,LOSS,449812.3779075106,-1.3455850054644969
2022-03-02,118.27999877929688,113.83000183105469,10,3199.45673813549,3199.45673813549,446959.22673579934,52.18249461236075,WIN,449812.3779075106,-0.6342980566661801
2022-03-03,111.9800033569336,118.27999877929688,10,3363.9191358388407,-2936.0762865244405,444023.1504492749,52.62298594780973,LOSS,449812.3779075106,-1.2870316030800866
2022-03-04,108.41000366210938,111.9800033569336,10,3185.8549479873736,-384.1447468368451,443639.00570243807,52.636094181172844,LOSS,449812.3779075106,-1.3724327093421833
2022-03-07,102.94999694824219,108.41000366210938,10,3101.008245201869,-2358.9984686653183,441280.0072337728,52.84012707875464,LOSS,449812.3779075106,-1.8968732504493782
2022-03-08,105.52999877929688,102.94999694824219,10,2969.3586357101767,2969.3586357101767,444249.365869483,53.15534111866384,WIN,449812.3779075106,-1.2367405414467025
2022-03-09,111.05000305175781,105.52999877929688,10,3077.857454292668,3077.857454292668,447327.22332377563,53.58260915929391,WIN,449812.3779075106,-0.5524869269484567
2022-03-10,106.45999908447266,111.05000305175781,10,3295.1129813846837,-1294.8909859004725,446032.33233787515,54.25281067548102,LOSS,449812.3779075106,-0.8403605047997826
2022-03-11,104.29000091552734,106.45999908447266,10,3131.0815369230922,961.0833679777797,446993.4157058529,53.90692820122636,LOSS,449812.3779075106,-0.6266973387373821
2022-03-14,102.25,104.29000091552734,10,3005.149618746477,965.148703219133,447958.56440907205,53.119083679862015,LOSS,449812.3779075106,-0.41213038802141316
2022-03-15,109.33000183105469,102.25,10,2639.9889505472183,2639.9889505472183,450598.5533596193,49.155277394163015,WIN,450598.5533596193,0.0
2022-03-16,115.37000274658203,109.33000183105469,10,3017.5597715650983,3017.5597715650983,453616.11313118436,51.51199390891434,WIN,453616.11313118436,0.0
2022-03-17,111.69000244140625,115.37000274658203,10,3146.8345236391015,-533.1657815366798,453082.9473496477,51.08278308231265,LOSS,453616.11313118436,-0.11753678189612138
2022-03-18,113.45999908447266,111.69000244140625,10,3048.2643103980195,3048.2643103980195,456131.2116600457,51.10416832042741,WIN,456131.2116600457,0.0
2022-03-21,115.91999816894531,113.45999908447266,10,3025.6696881629655,3025.6696881629655,459156.8813482087,50.27749695443585,WIN,459156.8813482087,0.0
2022-03-22,114.77999877929688,115.91999816894531,10,3102.4839385145465,1962.484548866109,461119.3658970748,50.405456683662656,LOSS,461119.3658970748,0.0
2022-03-23,113.91999816894531,114.77999877929688,10,3068.057036486532,2208.0564261349696,463327.42232320976,50.36032415505358,LOSS,463327.42232320976,0.0
2022-03-24,120.52999877929688,113.91999816894531,10,2934.8161389380966,2934.8161389380966,466262.2384621478,49.08002884539055,WIN,466262.2384621478,0.0
2022-03-25,119.66999816894531,120.52999877929688,10,3082.633548734483,2222.6329383829207,468484.87140053074,48.83341008751783,LOSS,468484.87140053074,0.0
2022-03-28,120.23999786376953,119.66999816894531,10,3003.3740303486247,3003.3740303486247,471488.24543087935,48.20038815072979,WIN,471488.24543087935,0.0
2022-03-29,123.2300033569336,120.23999786376953,10,3002.4467309223846,3002.4467309223846,474490.69216180174,48.0327990513591,WIN,474490.69216180174,0.0
2022-03-30,119.22000122070312,123.2300033569336,10,2795.128293707143,-1214.873842523326,473275.8183192784,45.00573783256863,LOSS,474490.69216180174,-0.2560374444835356
2022-03-31,109.33999633789062,119.22000122070312,10,2701.190348213424,-7178.814534599076,466097.00378467934,44.972646502454616,LOSS,474490.69216180174,-1.7689890477894008
2022-04-01,108.19000244140625,109.33999633789062,10,2656.058312624774,1506.0644161403989,467603.0682008197,47.13494603189306,LOSS,474490.69216180174,-1.4515825230631358
2022-04-04,110.52999877929688,108.19000244140625,10,2589.401802370851,2589.401802370851,470192.47000319057,46.661489319246584,WIN,474490.69216180174,-0.905860163247517
2022-04-05,106.81999969482422,110.52999877929688,10,2537.217281143956,-1172.7818033287003,469019.68819986185,45.36662454618485,LOSS,474490.69216180174,-1.1530266140761876
2022-04-06,103.66999816894531,106.81999969482422,10,2488.1875852609196,-661.8139406179866,468357.87425924384,45.81410590098368,LOSS,474490.69216180174,-1.2925054176756336
2022-04-07,103.72000122070312,103.66999816894531,10,2329.6388235951604,2329.6388235951604,470687.513082839,44.72723584787428,WIN,474490.69216180174,-0.8015287005178648
2022-04-08,101.0,103.72000122070312,10,2261.3285328036677,-458.6726878994573,470228.8403949396,43.841654743534875,LOSS,474490.69216180174,-0.8981950198949012
2022-04-11,97.37000274658203,101.0,10,2213.523421238363,-1416.4738321796058,468812.36656275997,43.992240068384035,LOSS,474490.69216180174,-1.1967201238808396
2022-04-12,95.0999984741211,97.37000274658203,10,2170.0289905719287,-99.97528188900878,468712.39128087094,44.48216537384965,LOSS,474490.69216180174,-1.2177901434914529
2022-04-13,97.73999786376953,95.0999984741211,10,1906.1770948744595,1906.1770948744595,470618.5683757454,41.515618447973914,WIN,474490.69216180174,-0.8160589554275088
2022-04-14,93.05999755859375,97.73999786376953,10,1831.5107008647,-2848.489604311081,467770.0787714343,39.78883744603513,LOSS,474490.69216180174,-1.4163846628366916
2022-04-18,93.88999938964844,93.05999755859375,10,1790.862344422053,1790.862344422053,469560.94111585635,40.457643025981895,WIN,474490.69216180174,-1.0389563225118739
2022-04-19,96.93000030517578,93.88999938964844,10,1793.2416267851358,1793.2416267851358,471354.1827426415,40.266116817365,WIN,474490.69216180174,-0.6610265429802576
2022-04-20,94.0199966430664,96.93000030517578,10,1887.6635130755676,-1022.3401490338074,470331.84259360767,40.76234498526971,LOSS,474490.69216180174,-0.8764870706411872
2022-04-21,89.8499984741211,94.0199966430664,10,1851.238182682969,-2318.759986262344,468013.0826073453,41.04720284941372,LOSS,474490.69216180174,-1.3651710479175343
2022-04-22,88.13999938964844,89.8499984741211,10,1818.1446004487093,108.14551597605305,468121.2281233214,41.768828837140575,LOSS,474490.69216180174,-1.3423791327624972
2022-04-25,90.69000244140625,88.13999938964844,10,1561.9994505525244,1561.9994505525244,469683.2275738739,38.443737932830466,WIN,474490.69216180174,-1.0131841714375514
2022-04-26,85.16000366210938,90.69000244140625,10,1692.6946612813122,-3837.304118015563,465845.9234558583,39.690974742285064,LOSS,474490.69216180174,-1.8219048020852537
2022-04-27,84.91000366210938,85.16000366210938,10,1662.602127483301,1412.602127483301,467258.5255833416,40.8268645455972,LOSS,474490.69216180174,-1.524195668730623
2022-04-28,89.63999938964844,84.91000366210938,10,1591.6857120005286,1591.6857120005286,468850.21129534213,39.79804721294225,WIN,474490.69216180174,-1.1887442598212647
2022-04-29,85.5199966430664,89.63999938964844,10,1886.4318421026214,-2233.57090447941,466616.6403908627,42.8392991603108,LOSS,474490.69216180174,-1.659474443021101
2022-05-02,89.83999633789062,85.5199966430664,10,1646.0230892463883,1646.0230892463883,468262.6634801091,40.461692688041644,WIN,474490.69216180174,-1.3125713074196292
2022-05-03,91.12999725341797,89.83999633789062,10,1885.1121247719207,1885.1121247719207,470147.77560488106,42.75789224690527,WIN,474490.69216180174,-0.9152796100454892
2022-05-04,99.41999816894531,91.12999725341797,10,1896.0535078485557,1896.0535078485557,472043.82911272964,42.52379131697374,WIN,474490.69216180174,-0.5156819911311801
2022-05-05,93.87000274658203,99.41999816894531,10,2427.7058542485984,-3122.289568114683,468921.53954461496,47.302887070278196,LOSS,474490.69216180174,-1.173711667938828
2022-05-06,95.33999633789062,93.87000274658203,10,2366.1656110838358,2366.1656110838358,471287.7051556988,48.34550753461522,WIN,474490.69216180174,-0.6750368466681534
2022-05-09,86.36000061035156,95.33999633789062,10,2416.035251427657,-6563.960476111406,464723.7446795874,48.52333060402348,LOSS,474490.69216180174,-2.0584065490759453
2022-05-10,88.7300033569336,86.36000061035156,10,2418.394305841997,2418.394305841997,467142.1389854294,52.04533267792525,WIN,474490.69216180174,-1.5487244107765235
2022-05-11,87.91999816894531,88.7300033569336,10,2488.293102513743,1678.287914525462,468820.4268999549,52.097962860463866,LOSS,474490.69216180174,-1.1950213893580999
2022-05-12,87.05999755859375,87.91999816894531,10,2454.6139238861547,1594.6133135345922,470415.0402134895,51.932996715945556,LOSS,474490.69216180174,-0.8589529817209646
2022-05-13,95.12000274658203,87.05999755859375,10,2402.019128481665,2402.019128481665,472817.0593419712,51.498652863534744,WIN,474490.69216180174,-0.3527219495508768
2022-05-16,94.23999786376953,95.12000274658203,10,2832.6508798036593,1952.6459969911593,474769.7053389623,54.394919904468246,LOSS,474769.7053389623,0.0
2022-05-17,102.47000122070312,94.23999786376953,10,2808.595317736944,2808.595317736944,477578.3006566993,54.4251109539189,WIN,477578.3006566993,0.0
2022-05-18,96.27999877929688,102.47000122070312,10,3251.9543391697975,-2938.0481022364525,474640.2525544628,56.98234777927545,LOSS,477578.3006566993,-0.6151971515867606
2022-05-19,96.66999816894531,96.27999877929688,10,3139.178773855373,3139.178773855373,477779.4313283182,58.13194049593153,WIN,477779.4313283182,0.0
2022-05-20,93.5,96.66999816894531,10,3086.102213272727,-83.89595567258539,477695.5353726456,57.23160821093629,LOSS,477779.4313283182,-0.017559557856929343
2022-05-23,95.06999969482422,93.5,10,3008.156114387846,3008.156114387846,480703.69148703344,57.56060418999256,WIN,480703.69148703344,0.0
2022-05-24,91.16000366210938,95.06999969482422,10,3045.828027480429,-864.168005234415,479839.52348179906,57.38194763254185,LOSS,480703.69148703344,-0.1797714518399319
2022-05-25,92.6500015258789,91.16000366210938,10,2860.817940886669,2860.817940886669,482700.3414226857,56.51498746025206,WIN,482700.3414226857,0.0
2022-05-26,98.75,92.6500015258789,10,2909.2190817487976,2909.2190817487976,485609.5605044345,56.53842457067346,WIN,485609.5605044345,0.0
2022-05-27,102.26000213623047,98.75,10,3133.706611021778,3133.706611021778,488743.2671154563,56.97978923849439,WIN,488743.2671154563,0.0
2022-05-31,101.86000061035156,102.26000213623047,10,3177.620114716899,2777.618588837993,491520.88570429425,56.10694508580888,LOSS,491520.88570429425,0.0
2022-06-01,101.22000122070312,101.86000061035156,10,3116.078433722626,2476.0790440741885,493996.9647483684,55.469117180448436,LOSS,493996.9647483684,0.0
2022-06-02,108.58999633789062,101.22000122070312,10,3100.34200131644,3100.34200131644,497097.30674968485,55.51933321382847,WIN,497097.30674968485,0.0
2022-06-03,106.30000305175781,108.58999633789062,10,3232.244557099978,942.2512709671655,498039.55802065204,54.37616522252648,LOSS,498039.55802065204,0.0
2022-06-06,105.6500015258789,106.30000305175781,10,3056.7053242312436,2406.7037983523373,500446.2618190044,53.03989598751565,LOSS,500446.2618190044,0.0
2022-06-07,105.27999877929688,105.6500015258789,10,3041.051587987641,2671.04884140561,503117.31066041,53.077927637145024,LOSS,503117.31066041,0.0
2022-06-08,101.9000015258789,105.27999877929688,10,2645.5636662396664,-734.4335871783023,502382.8770732317,48.24232342143075,LOSS,503117.31066041,-0.14597660855959274
2022-06-09,98.80000305175781,101.9000015258789,10,2613.20476165328,-486.79371246781375,501896.08336076385,48.92487645090231,LOSS,503117.31066041,-0.24273211709672604
2022-06-10,94.81999969482422,98.80000305175781,10,2575.3815656878783,-1404.6217912457155,500491.46156951814,49.482889389895895,LOSS,503117.31066041,-0.5219158703653125
2022-06-13,86.98999786376953,94.81999969482422,10,2535.959875202504,-5294.0419558521835,495197.41961366596,50.3802952236798,LOSS,503117.31066041,-1.5741638935754525
2022-06-14,86.98999786376953,86.98999786376953,10,2280.9794831910613,2280.9794831910613,497478.399096857,49.687346858055626,WIN,503117.31066041,-1.1207945829077386
2022-06-15,89.30000305175781,86.98999786376953,10,2280.223748727427,2280.223748727427,499758.6228455844,49.67585424110495,WIN,503117.31066041,-0.6675754826278644
2022-06-16,82.05000305175781,89.30000305175781,10,2085.349205982802,-5164.650794017198,494593.9720515672,45.89202243676685,LOSS,503117.31066041,-1.6941056147829037
2022-06-17,81.56999969482422,82.05000305175781,10,2002.8138005965754,1522.8104436629817,496116.7824952302,47.2909630814031,LOSS,503117.31066041,-1.3914305902117787
2022-06-21,83.79000091552734,81.56999969482422,10,1987.0051601600144,1987.0051601600144,498103.7876553902,47.224601736262116,WIN,503117.31066041,-0.9964918516595712
2022-06-22,83.75,83.79000091552734,10,2054.258530597568,2014.2576150702243,500118.0452704604,47.43261213276195,LOSS,503117.31066041,-0.5961363933219878
2022-06-23,82.43000030517578,83.75,10,2038.407168798533,718.4074739743141,500836.45274443476,47.197722025863754,LOSS,503117.31066041,-0.45334514787043906
2022-06-24,87.08000183105469,82.43000030517578,10,1967.5767230649903,1967.5767230649903,502804.02946749976,46.57660242264066,WIN,503117.31066041,-0.06226802105039737
2022-06-27,86.16000366210938,87.08000183105469,10,2185.596675518377,1265.5985065730647,504069.6279740728,48.20248707005063,LOSS,504069.6279740728,0.0
2022-06-28,80.77999877929688,86.16000366210938,10,1998.1988160201163,-3381.8060667923837,500687.8219072804,45.67976388432935,LOSS,504069.6279740728,-0.6709005818073899
2022-06-29,77.98999786376953,80.77999877929688,10,1904.9758344656966,-885.0250810616471,499802.7968262188,46.196412402495014,LOSS,504069.6279740728,-0.84647654035476
2022-06-30,76.47000122070312,77.98999786376953,10,1853.4815230072559,333.4848799408496,500136.28170615964,46.438974893269865,LOSS,504069.6279740728,-0.7803180452910549
2022-07-01,73.66999816894531,76.47000122070312,10,1817.3949212667258,-982.6081304910867,499153.67357566854,46.43961631297693,LOSS,504069.6279740728,-0.9752530455290868
2022-07-05,75.19999694824219,73.66999816894531,10,1516.6406617934501,1516.6406617934501,500670.314237462,42.23397664644828,WIN,504069.6279740728,-0.6743738459849556
2022-07-06,75.3499984741211,75.19999694824219,10,1597.8497864057156,1597.8497864057156,502268.16402386775,43.10846634858817,WIN,504069.6279740728,-0.35738395059535905
2022-07-07,79.30000305175781,75.3499984741211,10,1608.8025919197514,1608.8025919197514,503876.9666157875,43.24480194434034,WIN,504069.6279740728,-0.038221179692908565
2022-07-08,79.3499984741211,79.30000305175781,10,1840.9788660212494,1840.9788660212494,505717.94548180874,45.71104704270219,WIN,505717.94548180874,0.0
2022-07-11,76.94999694824219,79.3499984741211,10,1835.3254619085235,-564.6760639703828,505153.26941783837,45.59744700977126,LOSS,505717.94548180874,-0.11165830064274111
2022-07-12,76.36000061035156,76.94999694824219,10,1779.607725965538,1189.611388074913,506342.8808059133,45.59388993427084,LOSS,506342.8808059133,0.0
2022-07-13,77.5199966430664,76.36000061035156,10,1739.050114726016,1739.050114726016,508081.9309206393,45.127645915836,WIN,508081.9309206393,0.0
2022-07-14,78.5999984741211,77.5199966430664,10,1592.648971935026,1592.648971935026,509674.57989257434,42.17849127989904,WIN,509674.57989257434,0.0
2022-07-15,81.11000061035156,78.5999984741211,10,1626.7109016473528,1626.7109016473528,511301.2907942217,42.3783243276626,WIN,511301.2907942217,0.0
2022-07-18,81.43000030517578,81.11000061035156,10,1692.0240060771155,1692.0240060771155,512993.3148002988,42.596317955519524,WIN,512993.3148002988,0.0
2022-07-19,85.87999725341797,81.43000030517578,10,1450.551583731409,1450.551583731409,514443.8663840302,38.56501743854383,WIN,514443.8663840302,0.0
2022-07-20,89.43000030517578,85.87999725341797,10,1651.2605306796709,1651.2605306796709,516095.12691470986,40.43563608335511,WIN,516095.12691470986,0.0
2022-07-21,91.08999633789062,89.43000030517578,10,1757.5004173707462,1757.5004173707462,517852.6273320806,40.99747857311648,WIN,517852.6273320806,0.0
2022-07-22,88.0999984741211,91.08999633789062,10,1798.1240335450323,-1191.873830224499,516660.7535018561,41.113674445442875,LOSS,517852.6273320806,-0.23015695341064615
2022-07-25,87.54000091552734,88.0999984741211,10,1779.8748333318863,1219.8772747381363,517880.6307765943,41.7259151837669,LOSS,517880.6307765943,0.0
2022-07-26,85.25,87.54000091552734,10,1647.2836231159001,-642.7172924114436,517237.91348418285,39.89320744787125,LOSS,517880.6307765943,-0.12410529651352917
2022-07-27,89.81999969482422,85.25,10,1629.0356053781065,1629.0356053781065,518866.94908956095,40.278727792962016,WIN,518866.94908956095,0.0
2022-07-28,91.66999816894531,89.81999969482422,10,1639.5042143040537,1639.5042143040537,520506.453303865,39.14674036533551,WIN,520506.453303865,0.0
2022-07-29,94.47000122070312,91.66999816894531,10,1597.5704820500396,1597.5704820500396,522104.023785915,38.05429410837422,WIN,522104.023785915,0.0
2022-08-01,96.77999877929688,94.47000122070312,10,1624.4634548475851,1624.4634548475851,523728.48724076257,37.74757203293875,WIN,523728.48724076257,0.0
2022-08-02,99.29000091552734,96.77999877929688,10,1538.15028516588,1538.15028516588,525266.6375259284,36.02481496653294,WIN,525266.6375259284,0.0
2022-08-03,98.08999633789062,99.29000091552734,10,1583.6329182966783,383.6283406599596,525650.2658665885,36.09929918015162,LOSS,525650.2658665885,0.0
2022-08-04,103.91000366210938,98.08999633789062,10,1595.3913153874316,1595.3913153874316,527245.6571819759,36.51599970402307,WIN,527245.6571819759,0.0
2022-08-05,102.30999755859375,103.91000366210938,10,1724.9004719925758,124.89436847695083,527370.5515504528,36.959664730983064,LOSS,527370.5515504528,0.0
2022-08-08,100.06999969482422,102.30999755859375,10,1737.1087126376851,-502.8891511318461,526867.662399321,37.46094107905113,LOSS,527370.5515504528,-0.0953578370376147
2022-08-09,95.54000091552734,100.06999969482422,10,1661.8833435851825,-2868.1154357116925,523999.5469636093,36.9692717524527,LOSS,527370.5515504528,-0.6392098642847792
2022-08-10,99.05000305175781,95.54000091552734,10,1739.577373392261,1739.577373392261,525739.1243370016,39.0867127498785,WIN,527370.5515504528,-0.30935121588698844
2022-08-11,98.12000274658203,99.05000305175781,10,1833.7153954273388,903.7150902515575,526642.8394272531,39.49043292323809,LOSS,527370.5515504528,-0.13798876730228196
2022-08-12,100.83000183105469,98.12000274658203,10,1839.5942462399398,1839.5942462399398,528482.4336734931,39.8018179401536,WIN,528482.4336734931,0.0
2022-08-15,101.01000213623047,100.83000183105469,10,1882.351982541682,1882.351982541682,530364.7856560348,39.6961972391873,WIN,530364.7856560348,0.0
2022-08-16,100.19999694824219,101.01000213623047,10,1887.5888054945754,1077.583617506294,531442.3692735411,39.720772454556894,LOSS,531442.3692735411,0.0
2022-08-17,98.2699966430664,100.19999694824219,10,1783.817707167536,-146.18259800824535,531296.186675533,38.55058972644777,LOSS,531442.3692735411,-0.02750676394281801
2022-08-18,100.44000244140625,98.2699966430664,10,1721.3663261514703,1721.3663261514703,533017.5530016844,38.172419710055145,WIN,533017.5530016844,0.0
2022-08-19,95.94999694824219,100.44000244140625,10,1765.1461458261106,-2724.859347337952,530292.6936543464,38.24839514148988,LOSS,533017.5530016844,-0.5112138112512333
2022-08-22,92.83999633789062,95.94999694824219,10,1739.1909296425292,-1370.8096807090333,528921.8839736374,38.978461848078595,LOSS,533017.5530016844,-0.768392899067259
2022-08-23,92.48999786376953,92.83999633789062,10,1741.0854327642735,1391.0869586431797,530312.9709322805,39.80869909584164,LOSS,533017.5530016844,-0.5074095691920477
2022-08-24,92.7300033569336,92.48999786376953,10,1694.4544164549366,1694.4544164549366,532007.4253487354,39.23562059368892,WIN,533017.5530016844,-0.1895111422241967
2022-08-25,97.18000030517578,92.7300033569336,10,1572.578222419088,1572.578222419088,533580.0035711545,37.43422162782562,WIN,533580.0035711545,0.0
2022-08-26,91.18000030517578,97.18000030517578,10,1739.5850151229001,-4260.414984877099,529319.5885862774,38.68033196139329,LOSS,533580.0035711545,-0.798458517253817
2022-08-29,88.48999786376953,91.18000030517578,10,1774.165438824792,-915.8370025814579,528403.751583696,40.74029677618747,LOSS,533580.0035711545,-0.9700985705638961
2022-08-30,86.94000244140625,88.48999786376953,10,1721.3840264432122,171.38860407993093,528575.140187776,40.73372219885917,LOSS,533580.0035711545,-0.9379780632486139
2022-08-31,84.87000274658203,86.94000244140625,10,1656.794003610237,-413.2056912139817,528161.934496562,40.209712354045536,LOSS,533580.0035711545,-1.015418313716855
2022-09-01,82.33000183105469,84.87000274658203,10,1628.6968700235445,-911.3040455037992,527250.6304510582,40.38663096346565,LOSS,533580.0035711545,-1.1862088304912188
2022-09-02,80.23999786376953,82.33000183105469,10,1397.767574439691,-692.2363928454652,526558.3940582126,37.459281612954214,LOSS,533580.0035711545,-1.3159431511577548
2022-09-06,78.72000122070312,80.23999786376953,10,1370.2674272949089,-149.72921577149737,526408.6648424411,37.59089568041705,LOSS,533580.0035711545,-1.3440044005991565
2022-09-07,79.61000061035156,78.72000122070312,10,1342.0394023806114,1342.0394023806114,527750.7042448217,37.55273407830575,WIN,533580.0035711545,-1.0924883405147159
2022-09-08,82.77999877929688,79.61000061035156,10,1322.4616463473171,1322.4616463473171,529073.165891169,36.97528330505435,WIN,533580.0035711545,-0.8446414126882774
2022-09-09,85.44999694824219,82.77999877929688,10,1388.6995999037456,1388.6995999037456,530461.8654910728,37.192279785579714,WIN,533580.0035711545,-0.5843806100702146
2022-09-12,84.63999938964844,85.44999694824219,10,1507.7322925256285,697.7347339318785,531159.6002250046,38.34163155149278,LOSS,533580.0035711545,-0.4536158270457339
2022-09-13,77.02999877929688,84.63999938964844,10,1436.816847807513,-6173.183762544049,524986.4164624605,37.45664039614432,LOSS,533580.0035711545,-1.610552691476197
2022-09-14,77.44999694824219,77.02999877929688,10,1548.9763635539193,1548.9763635539193,526535.3928260144,41.60136511505635,WIN,533580.0035711545,-1.3202538884500565
2022-09-15,76.66000366210938,77.44999694824219,10,1568.488546338201,778.4952602053886,527313.8880862198,41.79038599986849,LOSS,533580.0035711545,-1.17435350706488
2022-09-16,76.51000213623047,76.66000366210938,10,1550.7250101461716,1400.7234842672653,528714.611570487,41.75993042459757,LOSS,533580.0035711545,-0.9118392683579459
2022-09-19,76.7699966430664,76.51000213623047,10,1508.5132181695549,1508.5132181695549,530223.1247886566,41.0825428917378,WIN,533580.0035711545,-0.6291237977493476
2022-09-20,75.25,76.7699966430664,10,1481.853617548736,-38.14302551767014,530184.9817631389,40.53482039125158,LOSS,533580.0035711545,-0.636272308799689
2022-09-21,74.4800033569336,75.25,10,1437.6854645337908,667.6888214673845,530852.6705846062,40.27414088165304,LOSS,533580.0035711545,-0.51113852998515
2022-09-22,69.5,74.4800033569336,10,1421.4857669066319,-3558.517590026962,527294.1529945793,40.24770181218555,LOSS,533580.0035711545,-1.1780521261113988
2022-09-23,67.95999908447266,69.5,10,1419.585672448322,-120.41524307902182,527173.7377515002,42.0206521874004,LOSS,533580.0035711545,-1.2006195466056364
2022-09-26,66.30000305175781,67.95999908447266,10,1256.174346772505,-403.8216859423387,526769.9160655579,39.4520671694536,LOSS,533580.0035711545,-1.2763011094902366
2022-09-27,67.16999816894531,66.30000305175781,10,1155.6456099972656,1155.6456099972656,527925.5616755551,38.05845208928116,WIN,533580.0035711545,-1.0597177288795157
2022-09-28,68.36000061035156,67.16999816894531,10,1189.7608641409713,1189.7608641409713,529115.322539696,38.431676730412974,WIN,533580.0035711545,-0.8367406952241916
2022-09-29,64.13999938964844,68.36000061035156,10,1242.5815313258279,-2977.419689377297,526137.9028503187,39.04594562797685,LOSS,533580.0035711545,-1.3947488044955234
2022-09-30,63.36000061035156,64.13999938964844,10,1240.3723776943689,460.3735983974939,526598.2764487162,40.582451478966,LOSS,533580.0035711545,-1.308468659940578
2022-10-03,66.11000061035156,63.36000061035156,10,1216.331161319224,1216.331161319224,527814.6076100355,40.3954366615275,WIN,533580.0035711545,-1.0805119986754268
2022-10-04,67.9000015258789,66.11000061035156,10,1355.0740543410275,1355.0740543410275,529169.6816643765,42.11532992559836,WIN,533580.0035711545,-0.8265530711909259
2022-10-05,67.94000244140625,67.9000015258789,10,1425.9634782330859,1425.9634782330859,530595.6451426096,42.78162486953328,WIN,533580.0035711545,-0.5593085214159405
2022-10-06,67.8499984741211,67.94000244140625,10,1418.248675395566,1328.2447081104096,531923.8898507201,42.61505120329939,LOSS,533580.0035711545,-0.31037777078421513
2022-10-07,58.439998626708984,67.8499984741211,10,1344.6716752029565,-8065.328172209152,523858.5616785109,41.21714758753151,LOSS,533580.0035711545,-1.8219277011094455
2022-10-10,57.810001373291016,58.439998626708984,10,1488.9810509143117,858.983797496343,524717.5454760073,48.705284566916504,LOSS,533580.0035711545,-1.6609426957218116
2022-10-11,57.630001068115234,57.810001373291016,10,1472.4924922027312,1292.49218702695,526010.0376630343,48.69528497864797,LOSS,533580.0035711545,-1.4187124437677305
2022-10-12,57.849998474121094,57.630001068115234,10,1348.8144972606985,1348.8144972606985,527358.852160295,45.96154484096325,WIN,533580.0035711545,-1.1659266406579147
2022-10-13,58.939998626708984,57.849998474121094,10,1352.5607588226048,1352.5607588226048,528711.4129191176,45.92946841260736,WIN,533580.0035711545,-0.9124387382308837
2022-10-14,55.939998626708984,58.939998626708984,10,1401.852583230997,-1598.147416769003,527113.2655023485,46.4638055346167,LOSS,533580.0035711545,-1.211952851592132
2022-10-17,57.959999084472656,55.939998626708984,10,1358.4306519941958,1358.4306519941958,528471.6961543427,47.12432755395129,WIN,533580.0035711545,-0.9573648529972713
2022-10-18,57.91999816894531,57.959999084472656,10,1456.409008916323,1416.4080933889793,529888.1042477317,48.24099470024777,LOSS,533580.0035711545,-0.6919111096205997
2022-10-19,57.22999954223633,57.91999816894531,10,1457.3660340781853,767.3674073692009,530655.4716551009,48.28580988656456,LOSS,533580.0035711545,-0.54809623608086
2022-10-20,57.77000045776367,57.22999954223633,10,1439.9256253385279,1439.9256253385279,532095.3972804395,48.28398690850349,WIN,533580.0035711545,-0.2782349939613266
2022-10-21,58.81999969482422,57.77000045776367,10,1391.0341302187153,1391.0341302187153,533486.4314106582,46.8533005417967,WIN,533580.0035711545,-0.017536669266110968
2022-10-24,58.70000076293945,58.81999969482422,10,1426.3418649644577,1306.342933079692,534792.7743437379,47.07876469598225,LOSS,534792.7743437379,0.0
2022-10-25,61.470001220703125,58.70000076293945,10,1415.7923105294524,1415.7923105294524,536208.5666542674,46.90659551186425,WIN,536208.5666542674,0.0
2022-10-26,59.72999954223633,61.470001220703125,10,1538.4005075785856,-201.6011708882113,536006.9654833792,48.10741076167101,LOSS,536208.5666542674,-0.03759752891418416
2022-10-27,58.599998474121094,59.72999954223633,10,1496.0918025124583,366.09073439722397,536373.0562177764,48.13483072414336,LOSS,536373.0562177764,0.0
2022-10-28,62.0099983215332,58.599998474121094,10,1398.7030414404771,1398.7030414404771,537771.7592592168,46.5752602563244,WIN,537771.7592592168,0.0
2022-10-31,60.060001373291016,62.0099983215332,10,1564.1667486466422,-385.8301995955453,537385.9290596213,48.368781954299926,LOSS,537771.7592592168,-0.07174608799224111
2022-11-01,59.65999984741211,60.060001373291016,10,1487.576604921053,1087.5750790421469,538473.5041386634,47.76521530791322,LOSS,538473.5041386634,0.0
2022-11-02,58.630001068115234,59.65999984741211,10,1454.4121933460979,424.41341404922287,538897.9175527126,47.249522102041055,LOSS,538897.9175527126,0.0
2022-11-03,60.11000061035156,58.630001068115234,10,1431.1479469243443,1431.1479469243443,540329.0654996369,47.29116056559031,WIN,540329.0654996369,0.0
2022-11-04,62.189998626708984,60.11000061035156,10,1489.1873579087528,1489.1873579087528,541818.2528575456,47.773410119791144,WIN,541818.2528575456,0.0
2022-11-07,63.08000183105469,62.189998626708984,10,1036.205061399175,1036.205061399175,542854.4579189448,37.04165428740829,WIN,542854.4579189448,0.0
2022-11-08,63.849998474121094,63.08000183105469,10,1046.8129726642112,1046.8129726642112,543901.270891609,36.95312868160273,WIN,543901.270891609,0.0
2022-11-09,59.91999816894531,63.849998474121094,10,1058.954494565522,-2871.045810610259,541030.2250809987,36.939939775331666,LOSS,543901.270891609,-0.5278615741978001
2022-11-10,68.47000122070312,59.91999816894531,10,1130.7953491369208,1130.7953491369208,542161.0204301357,39.9649813830878,WIN,543901.270891609,-0.3199570500397244
2022-11-11,72.37000274658203,68.47000122070312,10,1824.688254791618,1824.688254791618,543985.7086849273,50.253915994814896,WIN,543985.7086849273,0.0
2022-11-14,73.52999877929688,72.37000274658203,10,1883.1898338807255,1883.1898338807255,545868.8985188081,49.423461260741455,WIN,545868.8985188081,0.0
2022-11-15,76.37000274658203,73.52999877929688,10,1899.611541533404,1899.611541533404,547768.5100603414,49.17584530098296,WIN,547768.5100603414,0.0
2022-11-16,72.69999694824219,76.37000274658203,10,1984.3371965444896,-1685.668601795354,546082.8414585461,49.3725451783278,LOSS,547768.5100603414,-0.30773375446676215
2022-11-17,73.9000015258789,72.69999694824219,10,1971.224183209771,1971.224183209771,548054.0656417559,50.86911407192005,WIN,548054.0656417559,0.0
2022-11-18,73.56999969482422,73.9000015258789,10,2003.6972330343258,1673.6954019796383,549727.7610437355,50.86795989050564,LOSS,549727.7610437355,0.0
2022-11-21,72.45999908447266,73.56999969482422,10,2001.6093731758288,891.6087628242663,550619.3698065598,50.991305187484514,LOSS,550619.3698065598,0.0
2022-11-22,75.25,72.45999908447266,10,1984.8154903838627,1984.8154903838627,552604.1852969436,51.23604921511593,WIN,552604.1852969436,0.0
2022-11-23,76.4000015258789,75.25,10,2046.938198737948,2046.938198737948,554651.1234956816,50.98464732876489,WIN,554651.1234956816,0.0
2022-11-25,75.13999938964844,76.4000015258789,10,2034.3632419856494,774.3611057551807,555425.4846014368,50.22525593695151,LOSS,555425.4846014368,0.0
2022-11-28,73.19000244140625,75.13999938964844,10,1996.7799398056277,46.78299156344019,555472.2675930002,50.15426661273048,LOSS,555472.2675930002,0.0
2022-11-29,73.38999938964844,73.19000244140625,10,1923.6929946918253,1923.6929946918253,557395.960587692,49.76986673737482,WIN,557395.960587692,0.0
2022-11-30,77.62999725341797,73.38999938964844,10,1884.2917328423007,1884.2917328423007,559280.2523205343,48.964895517486994,WIN,559280.2523205343,0.0
2022-12-01,77.4800033569336,77.62999725341797,10,2040.712586234882,1890.718689750507,561170.9710102848,49.77533293548603,LOSS,561170.9710102848,0.0
2022-12-02,74.9800033569336,77.4800033569336,10,2016.0187386301886,-483.98126136981136,560686.9897489151,49.42103762108498,LOSS,561170.9710102848,-0.08624488549335566
2022-12-05,73.62000274658203,74.9800033569336,10,2003.547564042616,643.5469536910534,561330.5367026061,50.34868202867206,LOSS,561330.5367026061,0.0
2022-12-06,70.2699966430664,73.62000274658203,10,1973.9955181926805,-1376.0105853229445,559954.5261172832,50.47066717907984,LOSS,561330.5367026061,-0.245133748362596
2022-12-07,70.13999938964844,70.2699966430664,10,1952.6795250564114,1822.6822716384427,561777.2083889216,51.760386084469424,LOSS,561777.2083889216,0.0
2022-12-08,70.47000122070312,70.13999938964844,10,1949.6474827548204,1949.6474827548204,563726.8558716764,51.77133182562892,WIN,563726.8558716764,0.0
2022-12-09,68.58999633789062,70.47000122070312,10,1841.4641536907907,-38.54072912170932,563688.3151425547,49.56829937924361,LOSS,563726.8558716764,-0.006836773646708699
2022-12-12,70.66999816894531,68.58999633789062,10,1266.879786883352,1266.879786883352,564955.1949294381,39.433948360310836,WIN,564955.1949294381,0.0
2022-12-13,71.6500015258789,70.66999816894531,10,1217.8491179225673,1217.8491179225673,566173.0440473607,37.796985877370474,WIN,566173.0440473607,0.0
2022-12-14,68.93000030517578,71.6500015258789,10,1232.0443976483452,-1487.9568230547798,564685.0872243058,37.74726455651606,LOSS,566173.0440473607,-0.2628095489000973
2022-12-15,66.52999877929688,68.93000030517578,10,1166.8032600767945,-1233.1982658021118,563451.8889585037,37.39279879178251,LOSS,566173.0440473607,-0.48062250887191776
2022-12-16,65.41000366210938,66.52999877929688,10,1089.0584643723728,-30.936652815127218,563420.9523056886,36.65472653545152,LOSS,566173.0440473607,-0.48608667802308947
2022-12-19,64.58999633789062,65.41000366210938,10,1058.6872817108551,238.67995749210513,563659.6322631808,36.41127585058122,LOSS,566173.0440473607,-0.44392996286301645
2022-12-20,65.05000305175781,64.58999633789062,10,1046.9760236056513,1046.9760236056513,564706.6082867865,36.44324465213546,WIN,566173.0440473607,-0.2590084031714365
2022-12-21,67.68000030517578,65.05000305175781,10,1057.1394512031075,1057.1394512031075,565763.7477379895,36.498293295799805,WIN,566173.0440473607,-0.07229173371540658
2022-12-22,63.86000061035156,67.68000030517578,10,1106.616383474282,-2713.383311349937,563050.3644266396,36.629962575507946,LOSS,566173.0440473607,-0.5515415566940722
2022-12-23,64.5199966430664,63.86000061035156,10,1115.250733957797,1115.250733957797,564165.6151605974,38.10269388766879,WIN,566173.0440473607,-0.3545610141402923
2022-12-27,63.27000045776367,64.5199966430664,10,1135.7052757540632,-114.29090954867115,564051.3242510487,38.28575541418749,LOSS,566173.0440473607,-0.37474758267270003
2022-12-28,62.56999969482422,63.27000045776367,10,1106.6712094371055,406.6704464976524,564457.9946975464,38.13874491940497,LOSS,566173.0440473607,-0.3029196405314626
2022-12-29,64.81999969482422,62.56999969482422,10,1091.5888163052473,1091.5888163052473,565549.5835138516,38.07873226761381,WIN,566173.0440473607,-0.11011837106410848
2022-12-30,64.7699966430664,64.81999969482422,10,1043.042773085962,993.0397213281494,566542.6232351798,36.2868852004097,LOSS,566542.6232351798,0.0
2023-01-03,64.0199966430664,64.7699966430664,10,1042.879939774956,292.87993977495603,566835.5031749548,36.29999313685252,LOSS,566835.5031749548,0.0
2023-01-04,64.66000366210938,64.0199966430664,10,1008.9637301429977,1008.9637301429977,567844.4669050978,35.848697686799774,WIN,567844.4669050978,0.0
2023-01-05,62.33000183105469,64.66000366210938,10,1025.0829224915474,-1304.9189085631401,566539.5479965347,35.97211825338348,LOSS,567844.4669050978,-0.2298021702448288
2023-01-06,63.959999084472656,62.33000183105469,10,963.2308654617595,963.2308654617595,567502.7788619965,35.44335994134053,WIN,567844.4669050978,-0.0601728224919812
2023-01-09,67.23999786376953,63.959999084472656,10,1025.304327579106,1025.304327579106,568528.0831895756,36.20622504504672,WIN,568528.0831895756,0.0
2023-01-10,68.05000305175781,67.23999786376953,10,1187.4036983341384,1187.4036983341384,569715.4868879097,38.360908621646786,WIN,569715.4868879097,0.0
2023-01-11,69.05999755859375,68.05000305175781,10,1183.6096273586552,1183.6096273586552,570899.0965152683,38.00908584082673,WIN,570899.0965152683,0.0
2023-01-12,70.80000305175781,69.05999755859375,10,1174.1213543795063,1174.1213543795063,572073.2178696478,37.49082842830155,WIN,572073.2178696478,0.0
2023-01-13,71.0,70.80000305175781,10,1221.4652560317227,1221.4652560317227,573294.6831256795,37.82269183098248,WIN,573294.6831256795,0.0
2023-01-17,71.58999633789062,71.0,10,1164.9751184416405,1164.9751184416405,574459.6582441211,36.705876387145054,WIN,574459.6582441211,0.0
2023-01-18,70.52999877929688,71.58999633789062,10,1115.519906895822,55.52234830207203,574515.1805924232,35.61313316918122,LOSS,574515.1805924232,0.0
2023-01-19,67.70999908447266,70.52999877929688,10,1095.5427182014998,-1724.456976622719,572790.7236158005,35.54823219321896,LOSS,574515.1805924232,-0.3001586441709831
2023-01-20,70.06999969482422,67.70999908447266,10,1116.9712516158502,1116.9712516158502,573907.6948674164,36.8226864077878,WIN,574515.1805924232,-0.1057388465140931
2023-01-23,76.52999877929688,70.06999969482422,10,1194.4805594706559,1194.4805594706559,575102.1754268871,37.551009847471796,WIN,575102.1754268871,0.0
2023-01-24,74.69999694824219,76.52999877929688,10,1549.756588925039,-280.24524212964843,574821.9301847575,41.78864884608248,LOSS,575102.1754268871,-0.04872964389704169
2023-01-25,74.91000366210938,74.69999694824219,10,1400.083412528456,1400.083412528456,576222.013597286,39.794328484802676,WIN,576222.013597286,0.0
2023-01-26,75.16000366210938,74.91000366210938,10,1404.9092231317982,1404.9092231317982,577626.9228204178,39.81004029711339,WIN,577626.9228204178,0.0
2023-01-27,75.4000015258789,75.16000366210938,10,1380.7919552361705,1380.7919552361705,579007.7147756539,39.30303318169776,WIN,579007.7147756539,0.0
2023-01-30,72.44999694824219,75.4000015258789,10,1370.2929968552435,-1579.7115807814753,577428.0031948724,39.041474931058545,LOSS,579007.7147756539,-0.2728308346277535
2023-01-31,75.1500015258789,72.44999694824219,10,1369.5052778425293,1369.5052778425293,578797.5084727149,40.0060078466964,WIN,579007.7147756539,-0.036304577223194814
2023-02-01,84.63999938964844,75.1500015258789,10,1452.4358774279617,1452.4358774279617,580249.9443501428,40.56742547516093,WIN,580249.9443501428,0.0
2023-02-02,88.30999755859375,84.63999938964844,10,2096.693079650821,2096.693079650821,582346.6374297937,47.77013530475437,WIN,582346.6374297937,0.0
2023-02-03,86.08999633789062,88.30999755859375,10,2212.274245164253,-7.726975538872011,582338.9104542548,48.139665079790056,LOSS,582346.6374297937,-0.001326868748309006
2023-02-06,83.68000030517578,86.08999633789062,10,2122.791291731805,-287.20474098303885,582051.7057132717,47.61922454481504,LOSS,582346.6374297937,-0.05064538842770004
2023-02-07,85.91000366210938,83.68000030517578,10,2120.4301542246726,2120.4301542246726,584172.1358674964,48.52133628167436,WIN,584172.1358674964,0.0
2023-02-08,84.69000244140625,85.91000366210938,10,2136.626766241819,916.625545538694,585088.7614130351,47.90061009817671,LOSS,585088.7614130351,0.0
2023-02-09,83.20999908447266,84.69000244140625,10,2129.0766019666357,649.073245033042,585737.8346580681,48.256624445768736,LOSS,585737.8346580681,0.0
2023-02-10,81.4800033569336,83.20999908447266,10,2116.6658760659034,386.6701485268409,586124.5048065949,48.65083270222064,LOSS,586124.5048065949,0.0
2023-02-13,83.12999725341797,81.4800033569336,10,2091.6341870644574,2091.6341870644574,588216.1389936594,48.958908104428744,WIN,588216.1389936594,0.0
2023-02-14,85.94999694824219,83.12999725341797,10,2137.4295134127565,2137.4295134127565,590353.5685070722,49.013636017457195,WIN,590353.5685070722,0.0
2023-02-15,85.18000030517578,85.94999694824219,10,2228.87192859351,1458.8752855271036,591812.4437925993,49.30506711258205,LOSS,591812.4437925993,0.0
2023-02-16,80.08000183105469,85.18000030517578,10,2200.8595509798774,-2899.1389231412163,588913.3048694581,49.18013043914147,LOSS,591812.4437925993,-0.48987461374792884
2023-02-17,78.5,80.08000183105469,10,2137.7474780146213,557.7456469599338,589471.0505164181,50.31436103494726,LOSS,591812.4437925993,-0.3956309639548117
2023-02-21,76.7699966430664,78.5,10,2096.8029838296843,366.79962689609056,589837.8501433141,50.33515441727091,LOSS,591812.4437925993,-0.333651931451638
2023-02-22,76.61000061035156,76.7699966430664,10,1845.4351578809747,1685.439125166131,591523.2892684803,46.79993944215741,LOSS,591812.4437925993,-0.048859149068572645
2023-02-23,79.75,76.61000061035156,10,1822.4624177383805,1822.4624177383805,593345.7516862187,46.46966644486454,WIN,593345.7516862187,0.0
2023-02-24,78.08999633789062,79.75,10,1942.5947788291323,282.59111671975734,593628.3428029384,47.223339705043294,LOSS,593628.3428029384,0.0
2023-02-27,78.7699966430664,78.08999633789062,10,1919.7229526410406,1919.7229526410406,595548.0657555795,47.5208717954975,WIN,595548.0657555795,0.0
2023-02-28,78.58000183105469,78.7699966430664,10,1937.4868269766105,1747.4920149648917,597295.5577705444,47.538457097261784,LOSS,597295.5577705444,0.0
2023-03-01,78.29000091552734,78.58000183105469,10,1877.243826336905,1587.2429108095612,598882.800681354,46.60295367132414,LOSS,598882.800681354,0.0
2023-03-02,80.44000244140625,78.29000091552734,10,1836.9136992426297,1836.9136992426297,600719.7143805966,46.03855391014437,WIN,600719.7143805966,0.0
2023-03-03,81.5199966430664,80.44000244140625,10,1306.2206405236905,1306.2206405236905,602025.9350211204,36.4814449733672,WIN,602025.9350211204,0.0
2023-03-06,81.16000366210938,81.5199966430664,10,1231.310955182105,871.3179742250738,602897.2529953454,34.981248209965,LOSS,602897.2529953454,0.0
2023-03-07,82.11000061035156,81.16000366210938,10,1201.1388608097095,1201.1388608097095,604098.3918561551,34.5780838612848,WIN,604098.3918561551,0.0
2023-03-08,85.37000274658203,82.11000061035156,10,1187.834710132037,1187.834710132037,605286.2265662871,34.137225784307596,WIN,605286.2265662871,0.0
2023-03-09,84.02999877929688,85.37000274658203,10,1282.9854931986645,-57.01847408649178,605229.2080922006,34.88087408632022,LOSS,605286.2265662871,-0.009420084512742951
2023-03-10,82.66999816894531,84.02999877929688,10,1265.2049480466321,-94.79566230493037,605134.4124298956,34.91799178083835,LOSS,605286.2265662871,-0.02508137963963399
2023-03-13,82.01000213623047,82.66999816894531,10,1242.4737029084051,582.4776701935614,605716.8901000891,34.88191908336127,LOSS,605716.8901000891,0.0
2023-03-14,87.44999694824219,82.01000213623047,10,1212.9590803766253,1212.9590803766253,606929.8491804658,34.565833395804766,WIN,606929.8491804658,0.0
2023-03-15,89.68000030517578,87.44999694824219,10,1492.4816124360066,1492.4816124360066,608422.3307929018,37.57710303397404,WIN,608422.3307929018,0.0
2023-03-16,96.5999984741211,89.68000030517578,10,1507.7259911774422,1507.7259911774422,609930.0567840793,37.24056648254523,WIN,609930.0567840793,0.0
2023-03-17,97.83999633789062,96.5999984741211,10,1880.0356629954845,1880.0356629954845,611810.0924470748,40.7458949212667,WIN,611810.0924470748,0.0
2023-03-20,96.80999755859375,97.83999633789062,10,1666.7819388771622,636.7831595802872,612446.8756066551,37.536236023627126,LOSS,612446.8756066551,0.0
2023-03-21,95.93000030517578,96.80999755859375,10,1623.4709048259147,743.4736514079459,613190.3492580631,37.18417716785228,LOSS,613190.3492580631,0.0
2023-03-22,97.58000183105469,95.93000030517578,10,1570.6705399619548,1570.6705399619548,614761.0197980251,36.659562322187654,WIN,614761.0197980251,0.0
2023-03-23,100.27999877929688,97.58000183105469,10,1587.921660148609,1587.921660148609,616348.9414581738,36.52718659239154,WIN,616348.9414581738,0.0
2023-03-24,97.94999694824219,100.27999877929688,10,1597.044786730095,-732.9570443245925,615615.9844138492,36.067926753866104,LOSS,616348.9414581738,-0.1189191698115935
2023-03-27,96.61000061035156,97.94999694824219,10,1569.4425702017159,229.44623231109085,615845.4306461603,36.19629845392399,LOSS,616348.9414581738,-0.08169249237652748
2023-03-28,94.55999755859375,96.61000061035156,10,1582.4999382845035,-467.503113473309,615377.927532687,36.66908839677225,LOSS,616348.9414581738,-0.1575428884796293
2023-03-29,96.08999633789062,94.55999755859375,10,1593.4340441130382,1593.4340441130382,616971.3615768,37.29182698896909,WIN,616971.3615768,0.0
2023-03-30,97.87999725341797,96.08999633789062,10,1610.7874629810397,1610.7874629810397,618582.1490397811,37.17578938728704,WIN,618582.1490397811,0.0
2023-03-31,98.01000213623047,97.87999725341797,10,1628.4248630603993,1628.4248630603993,620210.5739028414,37.008619418212014,WIN,620210.5739028414,0.0
2023-04-03,96.55999755859375,98.01000213623047,10,1634.00878802482,184.00421038810123,620394.5781132295,37.05479440352761,LOSS,620394.5781132295,0.0
2023-04-04,95.87000274658203,96.55999755859375,10,1631.2816822627778,941.2868702510591,621335.8649834805,37.348621368509335,LOSS,621335.8649834805,0.0
2023-04-05,92.55999755859375,95.87000274658203,10,1632.4266044725018,-1677.5785835157794,619658.2863999647,37.525267055725735,LOSS,621335.8649834805,-0.26999545303254513
2023-04-06,92.47000122070312,92.55999755859375,10,1604.142090396855,1514.14575250623,621172.4321524709,37.92654035624119,LOSS,621335.8649834805,-0.026303460047966534
2023-04-10,95.4800033569336,92.47000122070312,10,1582.9016951791336,1582.9016951791336,622755.3338476501,37.644988536935976,WIN,622755.3338476501,0.0
2023-04-11,94.02999877929688,95.4800033569336,10,1643.6245348941811,193.61995725746237,622948.9538049075,37.77242152913277,LOSS,622948.9538049075,0.0
2023-04-12,92.33000183105469,94.02999877929688,10,1632.7780284340347,-67.2189198081528,622881.7348850993,37.97099152126091,LOSS,622948.9538049075,-0.010790437867757104
2023-04-13,92.08999633789062,92.33000183105469,10,1432.7205991518126,1192.7151059877501,624074.4499910871,35.52757678122453,LOSS,624074.4499910871,0.0
2023-04-14,91.75,92.08999633789062,10,1399.874058430506,1059.877720539881,625134.327711627,35.10923429635275,LOSS,625134.327711627,0.0
2023-04-17,89.87000274658203,91.75,10,993.713411551542,-886.2838418664268,624248.0438697606,29.327621588201414,LOSS,625134.327711627,-0.14177494381259742
2023-04-18,89.77999877929688,89.87000274658203,10,976.3659327325674,886.3619654474112,625134.405835208,29.371989360511275,LOSS,625134.405835208,0.0
2023-04-19,89.94000244140625,89.77999877929688,10,972.5223009229255,972.5223009229255,626106.9281361309,29.329762684847154,WIN,626106.9281361309,0.0
2023-04-20,90.11000061035156,89.94000244140625,10,973.7115390695581,973.7115390695581,627080.6396752005,29.321761792092094,WIN,627080.6396752005,0.0
2023-04-21,88.43000030517578,90.11000061035156,10,943.6623296119825,-736.3379755637988,626344.3016996366,28.85360020453909,LOSS,627080.6396752005,-0.11742317159483995
2023-04-24,87.56999969482422,88.43000030517578,10,852.7718132034006,-7.228797148161902,626337.0729024884,27.75710808003791,LOSS,627080.6396752005,-0.11857594154033833
2023-04-25,83.80000305175781,87.56999969482422,10,819.2952858202916,-2950.7013572461146,623386.3715452423,27.376679137616765,LOSS,627080.6396752005,-0.5891217008185189
2023-04-26,85.94000244140625,83.80000305175781,10,887.6421466285216,887.6421466285216,624274.0136918707,29.012412217623037,WIN,627080.6396752005,-0.4475701856755502
2023-04-27,87.44000244140625,85.94000244140625,10,965.6158547928918,965.6158547928918,625239.6295466636,29.8637383129288,WIN,627080.6396752005,-0.29358427163217865
2023-04-28,89.37000274658203,87.44000244140625,10,986.4784880921368,986.4784880921368,626226.1080347558,29.924386323958178,WIN,627080.6396752005,-0.13627141174175914
2023-05-01,89.69000244140625,89.37000274658203,10,1020.991732718328,1020.991732718328,627247.0997674741,30.112958109028007,WIN,627247.0997674741,0.0
2023-05-02,89.91000366210938,89.69000244140625,10,1026.9108740340714,1026.9108740340714,628274.0106415082,30.146341383461834,WIN,628274.0106415082,0.0
2023-05-03,81.62000274658203,89.91000366210938,10,1023.3816346978892,-7266.6192808294545,621007.3913606787,30.05735286084984,LOSS,628274.0106415082,-1.1566003300709127
2023-05-04,86.61000061035156,81.62000274658203,10,1345.838053951691,1345.838053951691,622353.2294146304,36.812991153522205,WIN,628274.0106415082,-0.9423883730018064
2023-05-05,89.83999633789062,86.61000061035156,10,1595.032858891474,1595.032858891474,623948.262273522,39.362430711603295,WIN,628274.0106415082,-0.6885130205480422
2023-05-08,95.04000091552734,89.83999633789062,10,1724.0205857362,1724.0205857362,625672.2828592581,40.38585213126352,WIN,628274.0106415082,-0.41410717906244465
2023-05-09,95.05999755859375,95.04000091552734,10,1928.9924363690625,1928.9924363690625,627601.2752956272,41.84992749575674,WIN,628274.0106415082,-0.10707674270881595
2023-05-10,97.0199966430664,95.05999755859375,10,1918.170841453371,1918.170841453371,629519.4461370806,41.69368372060476,WIN,629519.4461370806,0.0
2023-05-11,97.0999984741211,97.0199966430664,10,1954.9405863194113,1954.9405863194113,631474.3867234,41.6557761197243,WIN,631474.3867234,0.0
2023-05-12,95.26000213623047,97.0999984741211,10,1955.3022710698267,115.3059331792017,631589.6926565792,41.63874165038905,LOSS,631589.6926565792,0.0
2023-05-15,97.4000015258789,95.26000213623047,10,1937.485233637692,1937.485233637692,633527.1778902169,41.905857558844126,WIN,633527.1778902169,0.0
2023-05-16,101.4800033569336,97.4000015258789,10,1971.1636026579604,1971.1636026579604,635498.3414928749,41.77211809216159,WIN,635498.3414928749,0.0
2023-05-17,103.75,101.4800033569336,10,2113.1453440513083,2113.1453440513083,637611.4868369262,42.5465947947852,WIN,637611.4868369262,0.0
2023-05-18,107.93000030517578,103.75,10,2169.790636374968,2169.790636374968,639781.2774733012,42.66615142614334,WIN,639781.2774733012,0.0
2023-05-19,105.81999969482422,107.93000030517578,10,2303.20463589213,193.20402554056773,639974.4814988418,43.229902102434366,LOSS,639974.4814988418,0.0
2023-05-22,108.0,105.81999969482422,10,2260.6231222449032,2260.6231222449032,642235.1046210867,43.260473477372926,WIN,642235.1046210867,0.0
2023-05-23,108.12000274658203,108.0,10,2292.769989704821,2292.769989704821,644527.8746107916,43.083792621440175,WIN,644527.8746107916,0.0
2023-05-24,108.2699966430664,108.12000274658203,10,2149.0893496821177,2149.0893496821177,646676.9639604737,41.29465325599134,WIN,646676.9639604737,0.0
2023-05-25,120.3499984741211,108.2699966430664,10,2150.296136717845,2150.296136717845,648827.2600971916,41.27297034862656,WIN,648827.2600971916,0.0
2023-05-26,127.02999877929688,120.3499984741211,10,2880.414024682296,2880.414024682296,651707.6741218738,46.661235059553135,WIN,651707.6741218738,0.0
2023-05-30,125.2699966430664,127.02999877929688,10,3110.4232560919622,1350.4211198614935,653058.0952417353,47.39158658132773,LOSS,653058.0952417353,0.0
2023-05-31,118.20999908447266,125.2699966430664,10,3106.3345221098257,-3953.6630364839243,649104.4322052514,47.80349985916664,LOSS,653058.0952417353,-0.6054075533694193
2023-06-01,119.47000122070312,118.20999908447266,10,3152.08397061987,3152.08397061987,652256.5161758712,50.27463988851618,WIN,653058.0952417353,-0.12274238260033804
2023-06-02,117.86000061035156,119.47000122070312,10,2630.3249327575095,1020.324322405947,653276.8404982772,44.125243024451784,LOSS,653276.8404982772,0.0
2023-06-05,117.93000030517578,117.86000061035156,10,2550.2929711416773,2550.2929711416773,655827.1334694189,43.62481307082345,WIN,655827.1334694189,0.0
2023-06-06,124.2300033569336,117.93000030517578,10,2537.606316273041,2537.606316273041,658364.7397856918,43.46551013682361,WIN,658364.7397856918,0.0
2023-06-07,117.83000183105469,124.2300033569336,10,2652.8619095202284,-3747.139616358678,654617.6001693332,43.24926622202622,LOSS,658364.7397856918,-0.5691586122273846
2023-06-08,121.05000305175781,117.83000183105469,10,2716.068298076455,2716.068298076455,657333.6684674097,45.49325786687222,WIN,658364.7397856918,-0.15661095681062656
2023-06-09,124.91999816894531,121.05000305175781,10,2798.507350023012,2798.507350023012,660132.1758174327,45.583041320459344,WIN,660132.1758174327,0.0
2023-06-12,129.19000244140625,124.91999816894531,10,2900.0784659161945,2900.0784659161945,663032.2542833489,45.711201232211565,WIN,663032.2542833489,0.0
2023-06-13,124.52999877929688,129.19000244140625,10,2959.2524567878327,-1700.7512053215423,661331.5030780274,45.30205867078817,LOSS,663032.2542833489,-0.25651108137413425
2023-06-14,127.33000183105469,124.52999877929688,10,2978.5711858770064,2978.5711858770064,664310.0742639044,46.64120572304802,WIN,664310.0742639044,0.0
2023-06-15,124.23999786376953,127.33000183105469,10,3006.9966058999757,-83.0073613851805,664227.0669025192,46.24073312659881,LOSS,664310.0742639044,-0.012495273608056233
2023-06-16,120.08000183105469,124.23999786376953,10,2988.9039088227437,-1171.0921238921,663055.974778627,46.8250827888976,LOSS,664310.0742639044,-0.1887822470052005
2023-06-20,118.93000030517578,120.08000183105469,10,2920.4205992125653,1770.419073333659,664826.3938519607,47.17316168972787,LOSS,664826.3938519607,0.0
2023-06-21,112.11000061035156,118.93000030517578,10,2873.052148926643,-3946.9475458975758,660879.4463060631,46.9573760627023,LOSS,664826.3938519607,-0.5936809342103897
2023-06-22,110.69999694824219,112.11000061035156,10,2861.8157613689973,1451.8120992596223,662331.2584053227,48.76885541631249,LOSS,664826.3938519607,-0.37530631601151293
2023-06-23,110.01000213623047,110.69999694824219,10,2834.9227548837143,2144.9279428719956,664476.1863481947,48.8776007329399,LOSS,664826.3938519607,-0.05267653435611341
2023-06-26,107.51000213623047,110.01000213623047,10,2819.894342673652,319.89434267365186,664796.0806908684,48.909367372584256,LOSS,664826.3938519607,-0.00455956041645636
2023-06-27,110.38999938964844,107.51000213623047,10,2209.2506924313825,2209.2506924313825,667005.3313832998,42.18411217480991,WIN,667005.3313832998,0.0
2023-06-28,110.16999816894531,110.38999938964844,10,2126.8366718629086,1906.8354511597836,668912.1668344595,40.48727667412781,LOSS,668912.1668344595,0.0
2023-06-29,111.23999786376953,110.16999816894531,10,2120.389426070878,2120.389426070878,671032.5562605304,40.460756999340106,WIN,671032.5562605304,0.0
2023-06-30,113.91000366210938,111.23999786376953,10,1998.2845569004394,1998.2845569004394,673030.8408174308,38.76377241922533,WIN,673030.8408174308,0.0
2023-07-03,115.81999969482422,113.91000366210938,10,2077.437218967603,2077.437218967603,675108.2780363983,39.125985730111125,WIN,675108.2780363983,0.0
2023-07-05,113.94999694824219,115.81999969482422,10,2122.5402097391266,252.53746315709532,675360.8154995554,39.24328076973549,LOSS,675360.8154995554,0.0
2023-07-06,113.4800033569336,113.94999694824219,10,2101.8935904547916,1631.8999991461978,676992.7154987017,39.40143866432027,LOSS,676992.7154987017,0.0
2023-07-07,113.16999816894531,113.4800033569336,10,1900.9219676942334,1590.9167797059522,678583.6322784076,37.15970496775283,LOSS,678583.6322784076,0.0
2023-07-10,113.58000183105469,113.16999816894531,10,1738.0238651357827,1738.0238651357827,680321.6561435433,35.316245445987704,WIN,680321.6561435433,0.0
2023-07-11,111.31999969482422,113.58000183105469,10,1684.260777622974,-575.7413586074947,679745.9147849358,34.616724285666756,LOSS,680321.6561435433,-0.08462781588802815
2023-07-12,114.58000183105469,111.31999969482422,10,1573.5424754443925,1573.5424754443925,681319.4572603801,33.6992547558208,WIN,681319.4572603801,0.0
2023-07-13,115.91999816894531,114.58000183105469,10,1591.2949491464383,1591.2949491464383,682910.7522095266,33.37218812495063,WIN,682910.7522095266,0.0
2023-07-14,115.94000244140625,115.91999816894531,10,1550.987228796744,1550.987228796744,684461.7394383233,32.6998212510874,WIN,684461.7394383233,0.0
2023-07-17,118.31999969482422,115.94000244140625,10,1494.4465117636455,1494.4465117636455,685956.1859500869,32.051637633925395,WIN,685956.1859500869,0.0
2023-07-18,117.93000030517578,118.31999969482422,10,1536.4799624166217,1146.4805727681842,687102.666522855,32.17859992170907,LOSS,687102.666522855,0.0
2023-07-19,116.43000030517578,117.93000030517578,10,1440.785632325318,-59.21436767468208,687043.4521551804,31.16196246003246,LOSS,687102.666522855,-0.008617979606209842
2023-07-20,110.25,116.43000030517578,10,1428.3294831800106,-4751.670821995771,682291.7813331846,31.228654955125556,LOSS,687102.666522855,-0.7001697743390235
2023-07-21,110.94999694824219,110.25,10,1312.3643226566542,1312.3643226566542,683604.1456558412,30.746891733620117,WIN,687102.666522855,-0.5091700320009553
2023-07-24,110.61000061035156,110.94999694824219,10,1310.8346080581591,970.8382701675341,684574.9839260088,30.629303642417362,LOSS,687102.666522855,-0.36787553301718595
2023-07-25,113.0,110.61000061035156,10,1303.9892164447713,1303.9892164447713,685878.9731424536,30.59547581586383,WIN,687102.666522855,-0.17809469239787418
2023-07-26,110.08999633789062,113.0,10,1314.948945767117,-1595.054716342258,684283.9184261113,30.393928748877663,LOSS,687102.666522855,-0.41023681526492156
2023-07-27,111.0999984741211,110.08999633789062,10,1288.995570815653,1288.995570815653,685572.913996927,30.488971908831786,WIN,687102.666522855,-0.22263812970913524
2023-07-28,112.95999908447266,111.0999984741211,10,1307.3593390104659,1307.3593390104659,686880.2733359374,30.566821479413345,WIN,687102.666522855,-0.032366805974292846
2023-07-31,114.4000015258789,112.95999908447266,10,1345.065229148612,1345.065229148612,688225.338565086,30.752072071220958,WIN,688225.338565086,0.0
2023-08-01,117.5999984741211,114.4000015258789,10,1325.4549526352207,1325.4549526352207,689550.7935177212,30.327028548589645,WIN,689550.7935177212,0.0
2023-08-02,109.3499984741211,117.5999984741211,10,1408.5047608810105,-6841.495239118989,682709.2982786022,30.84418948169337,LOSS,689550.7935177212,-0.9921669735477175
2023-08-03,113.1500015258789,109.3499984741211,10,1661.793893382476,1661.793893382476,684371.0921719846,35.10376512797274,WIN,689550.7935177212,-0.7511703843182526
2023-08-04,115.81999969482422,113.1500015258789,10,1805.6161930421872,1805.6161930421872,686176.7083650267,36.110081067600376,WIN,689550.7935177212,-0.48931640488465
2023-08-07,116.80999755859375,115.81999969482422,10,1882.5784911906953,1882.5784911906953,688059.2868562174,36.502480246822024,WIN,689550.7935177212,-0.21630120297519134
2023-08-08,113.2300033569336,116.80999755859375,10,1901.6507489905302,-1678.343452669626,686380.9434035477,36.53623434417452,LOSS,689550.7935177212,-0.4596978415473355
2023-08-09,110.47000122070312,113.2300033569336,10,1880.903643700775,-879.0984925296937,685501.844911018,36.97475551431556,LOSS,689550.7935177212,-0.5871864182836505
2023-08-10,110.2300033569336,110.47000122070312,10,1817.5717074575264,1577.5738436879951,687079.418754706,36.76537826931079,LOSS,689550.7935177212,-0.3584035848044715
2023-08-11,107.56999969482422,110.2300033569336,10,1802.0239095578702,-857.9797525515048,686221.4390021545,36.62617697581055,LOSS,689550.7935177212,-0.4828294807090466
2023-08-14,111.9800033569336,107.56999969482422,10,1786.2523156056272,1786.2523156056272,688007.6913177602,36.96699553459766,WIN,689550.7935177212,-0.22378368852118863
2023-08-15,111.3499984741211,111.9800033569336,10,1945.4226790258099,1315.4177962133099,689323.1091139734,37.982248835986596,LOSS,689550.7935177212,-0.03301923598496076
2023-08-16,107.19000244140625,111.3499984741211,10,1935.059713903265,-2224.9363188115785,687098.1727951618,37.98916410060708,LOSS,689550.7935177212,-0.3556838373062311
2023-08-17,104.44000244140625,107.19000244140625,10,1924.970538574978,-825.029461425022,686273.1433337368,38.75684863417867,LOSS,689550.7935177212,-0.4753312177720224
2023-08-18,105.44999694824219,104.44000244140625,10,1762.2917198458254,1762.2917198458254,688035.4350535827,37.32183798959697,WIN,689550.7935177212,-0.21976023788008855
2023-08-21,108.22000122070312,105.44999694824219,10,1783.360483396325,1783.360483396325,689818.795536979,37.37234932952391,WIN,689818.795536979,0.0
2023-08-22,105.66000366210938,108.22000122070312,10,1875.9585226109066,-684.0390359828434,689134.7565009962,37.93161922341157,LOSS,689818.795536979,-0.09916213365139198
2023-08-23,109.43000030517578,105.66000366210938,10,1827.4081876571481,1827.4081876571481,690962.1646886533,37.879365137093465,WIN,690962.1646886533,0.0
2023-08-24,101.80000305175781,109.43000030517578,10,1939.0389706004066,-5690.958282817563,685271.2064058357,38.44062361493347,LOSS,690962.1646886533,-0.8236280615136083
2023-08-25,102.25,101.80000305175781,10,2033.3382496723718,2033.3382496723718,687304.544655508,41.4229232742423,WIN,690962.1646886533,-0.5293517098426683
2023-08-28,102.61000061035156,102.25,10,2024.663476355513,2024.663476355513,689329.2081318635,41.19440609795693,WIN,690962.1646886533,-0.23633082102630293
2023-08-29,105.91999816894531,102.61000061035156,10,2020.1553227107074,2020.1553227107074,691349.3634545743,41.04438437688093,WIN,691349.3634545743,0.0
2023-08-30,106.58999633789062,105.91999816894531,10,2100.5193306130377,2100.5193306130377,693449.8827851873,41.234195000747974,WIN,693449.8827851873,0.0
2023-08-31,105.72000122070312,106.58999633789062,10,1873.1818774832786,1003.1867602957786,694453.0695454831,38.24783553094122,LOSS,694453.0695454831,0.0
2023-09-01,109.44999694824219,105.72000122070312,10,1781.8263472074614,1781.8263472074614,696234.8958926905,37.29601466032889,WIN,696234.8958926905,0.0
2023-09-05,110.77999877929688,109.44999694824219,10,1890.3626795749142,1890.3626795749142,698125.2585722654,37.84801131715896,WIN,698125.2585722654,0.0
2023-09-06,109.27999877929688,110.77999877929688,10,1918.882290814124,418.88229081412396,698544.1408630795,37.91426878788198,LOSS,698544.1408630795,0.0
2023-09-07,106.58999633789062,109.27999877929688,10,1850.9731414125208,-839.0292999937292,697705.1115630857,37.40672890895611,LOSS,698544.1408630795,-0.1201111355621868
2023-09-08,106.08999633789062,106.58999633789062,10,1806.0724166880477,1306.0724166880477,699011.1839797738,37.41494806502476,LOSS,699011.1839797738,0.0
2023-09-11,105.31999969482422,106.08999633789062,10,1798.1874113263057,1028.1907682598994,700039.3747480337,37.42226819343017,LOSS,700039.3747480337,0.0
2023-09-12,105.30999755859375,105.31999969482422,10,1755.9188531669083,1745.9167169364396,701785.2914649701,37.05528209908306,LOSS,701785.2914649701,0.0
2023-09-13,107.70999908447266,105.30999755859375,10,1643.1419509147142,1643.1419509147142,703428.4334158849,35.64070397722212,WIN,703428.4334158849,0.0
2023-09-14,106.62999725341797,107.70999908447266,10,1719.57789135247,639.5760602977825,704068.0094761826,36.11955946149173,LOSS,704068.0094761826,0.0
2023-09-15,101.48999786376953,106.62999725341797,10,1620.6210050432742,-3519.3783846051633,700548.6310915775,35.10578757983892,LOSS,704068.0094761826,-0.49986341336876505
2023-09-18,102.37000274658203,101.48999786376953,10,1643.1039803726248,1643.1039803726248,702191.7350719501,36.41710809828592,WIN,704068.0094761826,-0.26649050645383393
2023-09-19,101.61000061035156,102.37000274658203,10,1656.119854479466,896.1177182489973,703087.8527901991,36.40119741481322,LOSS,704068.0094761826,-0.13921335336805787
2023-09-20,100.33999633789062,101.61000061035156,10,1597.4832504680605,327.47897800712303,703415.3317682062,35.79787116888873,LOSS,704068.0094761826,-0.09270094638471253
2023-09-21,96.11000061035156,100.33999633789062,10,1556.4081104230263,-2673.587617116036,700741.7441510902,35.51957817915668,LOSS,704068.0094761826,-0.4724352307339138
2023-09-22,96.19999694824219,96.11000061035156,10,1481.951610789051,1481.951610789051,702223.6957618792,35.397853461032625,WIN,704068.0094761826,-0.2619510742542572
2023-09-25,97.37999725341797,96.19999694824219,10,1206.8906907871583,1206.8906907871583,703430.5864526663,31.59632395404208,WIN,704068.0094761826,-0.0905342971044156
2023-09-26,95.95999908447266,97.37999725341797,10,1234.0511674127422,-185.9470015325703,703244.6394511338,31.764184566602317,LOSS,704068.0094761826,-0.11694467210084204
2023-09-27,98.06999969482422,95.95999908447266,10,1223.4476805816973,1223.4476805816973,704468.0871317155,31.866081366197765,WIN,704468.0871317155,0.0
2023-09-28,102.76000213623047,98.06999969482422,10,1203.8198457137985,1203.8198457137985,705671.9069774293,31.23844164879175,WIN,705671.9069774293,0.0
2023-09-29,102.81999969482422,102.76000213623047,10,1443.5846395655562,1443.5846395655562,707115.4916169948,33.583913358136584,WIN,707115.4916169948,0.0
2023-10-02,103.2699966430664,102.81999969482422,10,1441.4645212614032,1441.4645212614032,708556.9561382562,33.545791958276126,WIN,708556.9561382562,0.0
2023-10-03,100.08000183105469,103.2699966430664,10,1350.7841822899145,-1839.2106297218043,706717.7455085345,32.30337531437695,LOSS,708556.9561382562,-0.25957131798489896
2023-10-04,104.06999969482422,100.08000183105469,10,1343.655303244252,1343.655303244252,708061.4008117787,32.76068003165376,WIN,708556.9561382562,-0.06993867213983197
2023-10-05,102.91000366210938,104.06999969482422,10,1522.2795309358307,362.283498220987,708423.6843099997,34.3503078533235,LOSS,708556.9561382562,-0.018808908317391914
2023-10-06,107.23999786376953,102.91000366210938,10,1476.1929546108654,1476.1929546108654,709899.8772646106,33.975995073664706,WIN,709899.8772646106,0.0
2023-10-09,106.97000122070312,107.23999786376953,10,1659.44459858178,1389.4479555153737,711289.325220126,35.47033667379481,LOSS,711289.325220126,0.0
2023-10-10,109.01000213623047,106.97000122070312,10,1651.623537413143,1651.623537413143,712940.9487575392,35.42528320851428,WIN,712940.9487575392,0.0
2023-10-11,108.30999755859375,109.01000213623047,10,1703.2980458261932,1003.2934681894744,713944.2422257286,35.670135536033655,LOSS,713944.2422257286,0.0
2023-10-12,108.79000091552734,108.30999755859375,10,1665.8166079988796,1665.8166079988796,715610.0588337275,35.345935619756226,WIN,715610.0588337275,0.0
2023-10-13,105.08999633789062,108.79000091552734,10,1665.919150385966,-2034.0854272507527,713575.9734064768,35.25741216641626,LOSS,715610.0588337275,-0.2842449462722455
2023-10-16,106.45999908447266,105.08999633789062,10,1528.278106730021,1528.278106730021,715104.2515132067,34.23800525956619,WIN,715610.0588337275,-0.07068197466998884
2023-10-17,105.13999938964844,106.45999908447266,10,1553.4741668744346,233.4744720502158,715337.725985257,34.303524089135905,LOSS,715610.0588337275,-0.03805603975360251
2023-10-18,102.16999816894531,105.13999938964844,10,1542.35997178363,-1427.641248919495,713910.0847363374,34.4060345309544,LOSS,715610.0588337275,-0.23755592538213152
2023-10-19,102.4000015258789,102.16999816894531,10,1543.7799654330406,1543.7799654330406,715453.8647017705,34.98853841998594,WIN,715610.0588337275,-0.021826709955918833
2023-10-20,101.80999755859375,102.4000015258789,10,1414.5952005222198,824.5912332370635,716278.4559350075,33.27474145818972,LOSS,716278.4559350075,0.0
2023-10-23,100.01000213623047,101.80999755859375,10,1411.7378625221486,-388.25755984113266,715890.1983751664,33.34351925260516,LOSS,716278.4559350075,-0.0542048356507289
2023-10-24,101.66999816894531,100.01000213623047,10,1407.2848265945022,1407.2848265945022,717297.4832017609,33.614766500714154,WIN,717297.4832017609,0.0
2023-10-25,96.05999755859375,101.66999816894531,10,1424.809890734526,-4185.190719617036,713112.2924821439,33.538864484705506,LOSS,717297.4832017609,-0.5834665278533896
2023-10-26,93.66999816894531,96.05999755859375,10,1514.2660996539028,-875.7332899945347,712236.5591921493,35.853485427251904,LOSS,717297.4832017609,-0.7055544077781274
2023-10-27,96.43000030517578,93.66999816894531,10,1357.2016770147507,1357.2016770147507,713593.760869164,34.16738649799244,WIN,717297.4832017609,-0.5163439743389027
2023-10-30,96.18000030517578,96.43000030517578,10,1463.5199140178288,1213.5199140178288,714807.2807831819,35.077308508905894,LOSS,717297.4832017609,-0.3471645275351648
2023-10-31,98.5,96.18000030517578,10,1456.4046147228125,1456.4046147228125,716263.6853979047,35.03163031096415,WIN,717297.4832017609,-0.14412399709555565
2023-11-01,108.04000091552734,98.5,10,1481.2409138337964,1481.2409138337964,717744.9263117386,34.89337609024507,WIN,717744.9263117386,0.0
2023-11-02,107.83000183105469,108.04000091552734,10,2083.111571206051,1873.1124867333947,719618.0387984719,40.50627139905984,LOSS,719618.0387984719,0.0
2023-11-03,112.25,107.83000183105469,10,2070.141873057443,2070.141873057443,721688.1806715294,40.396830574633526,WIN,721688.1806715294,0.0
2023-11-06,111.75,112.25,10,2150.335010055189,1650.3350100551888,723338.5156815846,40.34187827207842,LOSS,723338.5156815846,0.0
2023-11-07,113.44999694824219,111.75,10,2142.0827458117155,2142.0827458117155,725480.5984273963,40.357575987204406,WIN,725480.5984273963,0.0
2023-11-08,113.58999633789062,113.44999694824219,10,2168.35353084978,2168.35353084978,727648.9519582461,40.28393279602564,WIN,727648.9519582461,0.0
2023-11-09,113.48999786376953,113.58999633789062,10,2166.4948099155417,2066.496335794448,729715.4482940405,40.2311236400517,LOSS,729715.4482940405,0.0
2023-11-10,118.58999633789062,113.48999786376953,10,2165.1526905270903,2165.1526905270903,731880.6009845677,40.23771115271922,WIN,731880.6009845677,0.0
2023-11-13,116.79000091552734,118.58999633789062,10,2270.833783136547,470.8383607732658,732351.439345341,40.33123216322948,LOSS,732351.439345341,0.0
2023-11-14,119.87999725341797,116.79000091552734,10,2258.7510871445184,2258.7510871445184,734610.1904324854,40.58478295801884,WIN,734610.1904324854,0.0
2023-11-15,118.0,119.87999725341797,10,2322.77355288615,442.77629946818115,735052.9667319536,40.631803944170805,LOSS,735052.9667319536,0.0
2023-11-16,119.83000183105469,118.0,10,2243.393490540487,2243.393490540487,737296.360222494,40.15025961369179,WIN,737296.360222494,0.0
2023-11-17,120.62000274658203,119.83000183105469,10,2279.5367229159156,2279.5367229159156,739575.89694541,40.16518059382885,WIN,739575.89694541,0.0
2023-11-20,121.52999877929688,120.62000274658203,10,2282.2858898024942,2282.2858898024942,741858.1828352124,40.03051213593291,WIN,741858.1828352124,0.0
2023-11-21,119.16000366210938,121.52999877929688,10,2254.01055256377,-115.98456462372997,741742.1982705888,39.53530582777777,LOSS,741858.1828352124,-0.01563433110360966
2023-11-22,122.51000213623047,119.16000366210938,10,2256.952718904896,2256.952718904896,743999.1509894937,40.05595599000553,WIN,743999.1509894937,0.0
2023-11-24,122.30999755859375,122.51000213623047,10,2060.3762187006505,1860.3716410639317,745859.5226305577,37.248155199000806,LOSS,745859.5226305577,0.0
2023-11-27,122.6500015258789,122.30999755859375,10,1970.515914986089,1970.515914986089,747830.0385455438,36.31262844253804,WIN,747830.0385455438,0.0
2023-11-28,122.01000213623047,122.6500015258789,10,1964.2906364517933,1324.2912468033558,749154.3297923472,36.18640220973691,LOSS,749154.3297923472,0.0
2023-11-29,123.8499984741211,122.01000213623047,10,1960.1948266541738,1960.1948266541738,751114.5246190013,36.2531265542134,WIN,751114.5246190013,0.0
2023-11-30,121.16000366210938,123.8499984741211,10,1979.7816703128876,-710.2131416988311,750404.3114773025,36.146588673339664,LOSS,751114.5246190013,-0.09455457435856504
2023-12-01,121.38999938964844,121.16000366210938,10,1363.3472235086904,1363.3472235086904,751767.6587008111,29.885595885643063,WIN,751767.6587008111,0.0
2023-12-04,118.56999969482422,121.38999938964844,10,1361.1909243769028,-1458.808770447316,750308.8499303638,29.833893611035478,LOSS,751767.6587008111,-0.1940504826941283
2023-12-05,118.37999725341797,118.56999969482422,10,1271.950008557231,1081.947567150981,751390.7974975148,29.19104078354742,LOSS,751767.6587008111,-0.05013001010812654
2023-12-06,116.81999969482422,118.37999725341797,10,1266.3332270782337,-293.6643315155163,751097.1331659992,29.15105116371404,LOSS,751767.6587008111,-0.08919318715714418
2023-12-07,128.3699951171875,116.81999969482422,10,1257.3095690010794,1257.3095690010794,752354.4427350003,29.23783790998437,WIN,752354.4427350003,0.0
2023-12-08,128.9199981689453,128.3699951171875,10,2170.986739584307,2170.986739584307,754525.4294745846,37.372404888367754,WIN,754525.4294745846,0.0
2023-12-11,134.41000366210938,128.9199981689453,10,2176.6112464866123,2176.6112464866123,756702.0407210713,37.33467321153391,WIN,756702.0407210713,0.0
2023-12-12,137.61000061035156,134.41000366210938,10,2256.106400283534,2256.106400283534,758958.1471213548,37.204807320208715,WIN,758958.1471213548,0.0
2023-12-13,138.19000244140625,137.61000061035156,10,2289.7566582418094,2289.7566582418094,761247.9037795967,37.01194191443971,WIN,761247.9037795967,0.0
2023-12-14,138.0,138.19000244140625,10,2273.6975815552573,2083.6951401490073,763331.5989197457,36.7658233268897,LOSS,763331.5989197457,0.0
2023-12-15,139.14999389648438,138.0,10,2233.059262707928,2233.059262707928,765564.6581824536,36.40622997099431,WIN,765564.6581824536,0.0
2023-12-18,138.89999389648438,139.14999389648438,10,2247.0931759081113,1997.0931759081113,767561.7513583617,36.362737969884265,LOSS,767561.7513583617,0.0
2023-12-19,140.14999389648438,138.89999389648438,10,2250.1877874816405,2250.1877874816405,769811.9391458433,36.43066072885466,WIN,769811.9391458433,0.0
2023-12-20,135.47000122070312,140.14999389648438,10,2270.6340288192614,-2409.3586469619886,767402.5804988813,36.43251238074842,LOSS,769811.9391458433,-0.3129801610553505
2023-12-21,139.91000366210938,135.47000122070312,10,2267.522265035976,2267.522265035976,769670.1027639173,37.14254060503486,WIN,769811.9391458433,-0.018424809322046265
2023-12-22,139.60000610351562,139.91000366210938,10,2359.1516546598723,2049.1540960661223,771719.2568599834,37.30622693138757,LOSS,771719.2568599834,0.0
2023-12-26,143.41000366210938,139.60000610351562,10,2354.7415521571365,2354.7415521571365,774073.9984121405,37.31396947152826,WIN,774073.9984121405,0.0
2023-12-27,146.07000732421875,143.41000366210938,10,2448.1642935932414,2448.1642935932414,776522.1627057338,37.58292212563131,WIN,776522.1627057338,0.0
2023-12-28,148.75999450683594,146.07000732421875,10,2485.2768344117385,2485.2768344117385,779007.4395401456,37.507784327033065,WIN,779007.4395401456,0.0
2023-12-29,147.41000366210938,148.75999450683594,10,2535.050704754348,1185.0598600277854,780192.4994001733,37.54340539590037,LOSS,780192.4994001733,0.0
2024-01-02,138.5800018310547,147.41000366210938,10,2459.0758475343846,-6370.925983520303,773821.573416653,37.068051645038096,LOSS,780192.4994001733,-0.8165838544229057
2024-01-03,135.32000732421875,138.5800018310547,10,2652.964485782097,-607.0300210538403,773214.5433955991,40.325025882965676,LOSS,780192.4994001733,-0.8943890142418673
2024-01-04,136.00999450683594,135.32000732421875,10,2591.7530599824063,2591.7530599824063,775806.2964555816,40.336733983374785,WIN,780192.4994001733,-0.5621949644432565
2024-01-05,138.5800018310547,136.00999450683594,10,2599.983902863769,2599.983902863769,778406.2803584454,40.28825489880785,WIN,780192.4994001733,-0.22894593873963512
2024-01-08,146.17999267578125,138.5800018310547,10,2625.2983357687303,2625.2983357687303,781031.5786942141,40.06092662007487,WIN,781031.5786942141,0.0
2024-01-09,149.25999450683594,146.17999267578125,10,2282.9653498624416,2282.9653498624416,783314.5440440766,35.66000434447383,WIN,783314.5440440766,0.0
2024-01-10,148.5399932861328,149.25999450683594,10,2347.474916147878,1627.473695444753,784942.0177395213,35.80542364218377,LOSS,784942.0177395213,0.0
2024-01-11,148.02000427246094,148.5399932861328,10,2228.5971700882915,1708.6081564164165,786650.6258959378,34.84756345463762,LOSS,786650.6258959378,0.0
2024-01-12,146.55999755859375,148.02000427246094,10,2192.4009033341417,732.3941894669542,787383.0200854047,34.59379609832469,LOSS,787383.0200854047,0.0
2024-01-16,158.74000549316406,146.55999755859375,10,2187.646456731469,2187.646456731469,789570.6665421362,34.74607183904017,WIN,789570.6665421362,0.0
2024-01-17,160.1699981689453,158.74000549316406,10,2911.8996955027706,2911.8996955027706,792482.566237639,39.26660630737098,WIN,792482.566237639,0.0
2024-01-18,162.6699981689453,160.1699981689453,10,2938.2641264484187,2938.2641264484187,795420.8303640875,39.26770385738885,WIN,795420.8303640875,0.0
2024-01-19,174.22999572753906,162.6699981689453,10,2981.1206562349753,2981.1206562349753,798401.9510203225,39.24326542526866,WIN,798401.9510203225,0.0
2024-01-22,168.17999267578125,174.22999572753906,10,3513.533719203094,-2536.4693325547187,795865.4816877678,41.67719873731795,LOSS,798401.9510203225,-0.3176932783434748
2024-01-23,168.4199981689453,168.17999267578125,10,3401.087843201897,3401.087843201897,799266.5695309697,41.75238735901396,WIN,799266.5695309697,0.0
2024-01-24,178.2899932861328,168.4199981689453,10,3373.736230703578,3373.736230703578,802640.3057616733,41.499427480744274,WIN,802640.3057616733,0.0
2024-01-25,180.3300018310547,178.2899932861328,10,3740.142903049327,3740.142903049327,806380.4486647226,42.751103152016725,WIN,806380.4486647226,0.0
2024-01-26,177.25,180.3300018310547,10,3765.1215391521505,685.119708097463,807065.56837282,42.62040466749956,LOSS,807065.56837282,0.0
2024-01-29,177.8300018310547,177.25,10,3760.2858976496873,3760.2858976496873,810825.8542704697,43.06426331081622,WIN,810825.8542704697,0.0
2024-01-30,172.05999755859375,177.8300018310547,10,3770.381565344959,-1999.6227071159783,808826.2315633538,43.04783182536963,LOSS,810825.8542704697,-0.24661555827115147
2024-01-31,167.69000244140625,172.05999755859375,10,3753.343529800022,-616.6515873874778,808209.5799759664,43.85741516258734,LOSS,810825.8542704697,-0.32266784300524576
2024-02-01,170.47999572753906,167.69000244140625,10,3387.218987054882,3387.218987054882,811596.7989630213,41.72114898142098,WIN,811596.7989630213,0.0
2024-02-02,177.66000366210938,170.47999572753906,10,3348.816795702429,3348.816795702429,814945.6157587237,40.98585361858257,WIN,814945.6157587237,0.0
2024-02-05,174.22999572753906,177.66000366210938,10,3556.2773257809426,126.26939121063015,815071.8851499343,41.480426666795466,LOSS,815071.8851499343,0.0
2024-02-06,167.8800048828125,174.22999572753906,10,3569.8933136668097,-2780.097531059753,812291.7876188746,42.10512009012745,LOSS,815071.8851499343,-0.3410861767791624
2024-02-07,170.94000244140625,167.8800048828125,10,3447.889856406692,3447.889856406692,815739.6774752813,42.1689863076965,WIN,815739.6774752813,0.0
2024-02-08,169.35000610351562,170.94000244140625,10,3505.248053657424,1915.251715766799,817654.9291910481,42.12651954228684,LOSS,817654.9291910481,0.0
2024-02-09,172.47999572753906,169.35000610351562,10,3482.6469986267834,3482.6469986267834,821137.5761896749,42.204657604085824,WIN,821137.5761896749,0.0
2024-02-12,171.91000366210938,172.47999572753906,10,3546.3821207298884,2976.390055300201,824113.9662449751,42.19980687000623,LOSS,824113.9662449751,0.0
2024-02-13,171.5399932861328,171.91000366210938,10,3519.0740513732767,3149.063675396714,827263.0299203718,42.07985162822253,LOSS,827263.0299203718,0.0
2024-02-14,178.6999969482422,171.5399932861328,10,3015.399394896859,3015.399394896859,830278.4293152686,38.25404341459968,WIN,830278.4293152686,0.0
2024-02-15,176.75999450683594,178.6999969482422,10,3266.55090143705,1326.5484600308,831604.9777752995,39.18153743069023,LOSS,831604.9777752995,0.0
2024-02-16,173.8699951171875,176.75999450683594,10,3245.0487170900674,355.0493274416299,831960.0271027411,39.286015400892865,LOSS,831960.0271027411,0.0
2024-02-20,165.69000244140625,173.8699951171875,10,2773.2743782327993,-5406.71829754845,826553.3088051926,36.100231575913654,LOSS,831960.0271027411,-0.649877172149376
2024-02-21,164.2899932861328,165.69000244140625,10,2739.983668733646,1339.9745134602085,827893.2833186528,36.8761400115593,LOSS,831960.0271027411,-0.48881480499135554
2024-02-22,181.86000061035156,164.2899932861328,10,2722.1761494828866,2722.1761494828866,830615.4594681356,36.91917161959925,WIN,831960.0271027411,-0.16161445151251347
2024-02-23,176.52000427246094,181.86000061035156,10,3751.680609930836,-1588.315727959789,829027.1437401759,42.29026135243265,LOSS,831960.0271027411,-0.35252695646674376
2024-02-26,176.00999450683594,176.52000427246094,10,3703.6827394393194,3193.6729738143194,832220.8167139902,42.75612742597138,LOSS,832220.8167139902,0.0
2024-02-27,178.0,176.00999450683594,10,3670.7312485708353,3670.7312485708353,835891.547962561,42.58889357585559,WIN,835891.547962561,0.0
2024-02-28,176.5399932861328,178.0,10,3721.1649413020627,2261.1582274348752,838152.7061899959,42.65527253409416,LOSS,838152.7061899959,0.0
2024-02-29,192.52999877929688,176.5399932861328,10,3606.124930681013,3606.124930681013,841758.8311206768,42.02195005680176,WIN,841758.8311206768,0.0
2024-03-01,202.63999938964844,192.52999877929688,10,4472.866275198852,4472.866275198852,846231.6973958757,45.733111429013576,WIN,846231.6973958757,0.0
2024-03-04,205.36000061035156,202.63999938964844,10,4859.787227988009,4859.787227988009,851091.4846238637,46.725692036794015,WIN,851091.4846238637,0.0
2024-03-05,205.1300048828125,205.36000061035156,10,4835.400918603793,4605.40519106473,855696.8898149284,46.14839375218146,LOSS,855696.8898149284,0.0
2024-03-06,210.6300048828125,205.1300048828125,10,4773.684700915666,4773.684700915666,860470.5745158441,45.785312376099995,WIN,860470.5745158441,0.0
2024-03-07,211.3800048828125,210.6300048828125,10,4732.961043577572,4732.961043577572,865203.5355594216,44.72567439579643,WIN,865203.5355594216,0.0
2024-03-08,207.38999938964844,211.3800048828125,10,4751.875003748661,761.8695105845982,865965.4050700063,44.738573258509135,LOSS,865965.4050700063,0.0
2024-03-11,198.38999938964844,207.38999938964844,10,4704.106850091242,-4295.893149908758,861669.5119200975,45.00601982411222,LOSS,865965.4050700063,-0.4960813820918701
2024-03-12,202.75999450683594,198.38999938964844,10,4717.708726728197,4717.708726728197,866387.2206468257,46.45794668925551,WIN,866387.2206468257,0.0
2024-03-13,194.7899932861328,202.75999450683594,10,4825.65533078416,-3144.3458899189654,863242.8747569068,46.48422830948926,LOSS,866387.2206468257,-0.36292616222703195
2024-03-14,187.05999755859375,194.7899932861328,10,4799.10457996735,-2930.8911475717123,860311.983609335,47.592118876798125,LOSS,866387.2206468257,-0.7012149870995402
2024-03-15,191.05999755859375,187.05999755859375,10,4656.304006172986,4656.304006172986,864968.2876155081,47.929067117058544,WIN,866387.2206468257,-0.1637758495858604
2024-03-18,190.64999389648438,191.05999755859375,10,4762.322636763581,4352.318974654206,869320.6065901623,47.97372951149995,LOSS,869320.6065901623,0.0
2024-03-19,181.4199981689453,190.64999389648438,10,4722.583503074505,-4507.412224464558,864813.1943656977,47.76890085203875,LOSS,869320.6065901623,-0.518498260629589
2024-03-20,179.72999572753906,181.4199981689453,10,4504.006855521696,2814.004414115446,867627.1987798131,47.842250477655014,LOSS,869320.6065901623,-0.19479669497210989
2024-03-21,178.67999267578125,179.72999572753906,10,4463.735823304729,3413.7327715469164,871040.9315513601,47.854657507079914,LOSS,871040.9315513601,0.0
2024-03-22,179.64999389648438,178.67999267578125,10,3623.8219950073335,3623.8219950073335,874664.7535463674,41.82933788718164,WIN,874664.7535463674,0.0
2024-03-25,178.6300048828125,179.64999389648438,10,3569.820987898411,2549.831974226536,877214.5855205939,41.2868323959986,LOSS,877214.5855205939,0.0
2024-03-26,177.8699951171875,178.6300048828125,10,3552.2140880165825,2792.2043223915825,880006.7898429855,41.306540960790926,LOSS,880006.7898429855,0.0
2024-03-27,179.58999633789062,177.8699951171875,10,3530.0722579848607,3530.0722579848607,883536.8621009703,41.2542687387011,WIN,883536.8621009703,0.0
2024-03-28,180.49000549316406,179.58999633789062,10,3563.63418556479,3563.63418556479,887100.4962865352,41.25004179206439,WIN,887100.4962865352,0.0
2024-04-01,183.33999633789062,180.49000549316406,10,2774.4298514712277,2774.4298514712277,889874.9261380064,35.334786396980725,WIN,889874.9261380064,0.0
2024-04-02,178.6999969482422,183.33999633789062,10,2483.148072298883,-2156.8513173495544,887718.0748206568,32.91696410788711,LOSS,889874.9261380064,-0.24237690646146973
2024-04-03,180.77000427246094,178.6999969482422,10,2422.51181350717,2422.51181350717,890140.586634164,32.933306984085824,WIN,890140.586634164,0.0
2024-04-04,165.8300018310547,180.77000427246094,10,2487.5181018942512,-12452.484339511999,877688.102294652,33.20366798648752,LOSS,890140.586634164,-1.398934564549831
2024-04-05,170.4199981689453,165.8300018310547,10,2718.3891772411403,2718.3891772411403,880406.4914718932,36.68540568731596,WIN,890140.586634164,-1.093545818315934
2024-04-08,169.89999389648438,170.4199981689453,10,2916.981885651417,2396.9776131904796,882803.4690850836,37.64290790762441,LOSS,890140.586634164,-0.8242650272608971
2024-04-09,170.77999877929688,169.89999389648438,10,2904.9707037909748,2904.9707037909748,885708.4397888746,37.618688417499214,WIN,890140.586634164,-0.4979153755979609
2024-04-10,167.13999938964844,170.77999877929688,10,2818.989727138638,-821.0096625097995,884887.4301263648,36.83612196909916,LOSS,890140.586634164,-0.5901490828165267
2024-04-11,170.5,167.13999938964844,10,2686.999641810417,2686.999641810417,887574.4297681752,36.26700027255801,WIN,890140.586634164,-0.28828669364375337
2024-04-12,163.27999877929688,170.5,10,2719.1305486685606,-4500.870672034564,883073.5590961407,36.0971941762335,LOSS,890140.586634164,-0.7939226279688516
2024-04-15,160.32000732421875,163.27999877929688,10,2621.823954322665,-338.16750075545997,882735.3915953852,36.24171428340701,LOSS,890140.586634164,-0.8319129753177137
2024-04-16,163.4600067138672,160.32000732421875,10,2505.8149608143294,2505.8149608143294,885241.2065561995,35.67665579771419,WIN,890140.586634164,-0.5504052002044134
2024-04-17,154.02000427246094,163.4600067138672,10,2625.3050325518184,-6814.697408854432,878426.5091473451,36.24649439167428,LOSS,890140.586634164,-1.315980606065008
2024-04-18,155.0800018310547,154.02000427246094,10,2549.780326808747,2549.780326808747,880976.2894741539,36.900027449184904,WIN,890140.586634164,-1.029533682388588
2024-04-19,146.63999938964844,155.0800018310547,10,2584.9736172365556,-5855.028824169694,875121.2606499842,37.050545705827574,LOSS,890140.586634164,-1.6872981874662554
2024-04-22,148.63999938964844,146.63999938964844,10,2615.9916072376614,2615.9916072376614,877737.2522572218,38.599506455915844,WIN,890140.586634164,-1.3934129690504429
2024-04-23,152.27000427246094,148.63999938964844,10,2675.8345515783712,2675.8345515783712,880413.0868088002,38.81456136336422,WIN,890140.586634164,-1.0928048862647377
2024-04-24,151.74000549316406,152.27000427246094,10,2824.845294859478,2294.846515562603,882707.9333243628,39.54139992357247,LOSS,890140.586634164,-0.8349976870401765
2024-04-25,153.75999450683594,151.74000549316406,10,2815.4444244371907,2815.4444244371907,885523.3777488001,39.54516115567087,WIN,890140.586634164,-0.5187055791740341
2024-04-26,157.39999389648438,153.75999450683594,10,2863.6810950594154,2863.6810950594154,888387.0588438595,39.63770903486696,WIN,890140.586634164,-0.19699447667418662
2024-04-29,160.1999969482422,157.39999389648438,10,2993.977072341438,2993.977072341438,891381.035916201,40.16302119317176,WIN,891381.035916201,0.0
2024-04-30,158.3800048828125,160.1999969482422,10,3054.5866669658208,1234.5946015361333,892615.6305177371,40.22371046453979,LOSS,892615.6305177371,0.0
2024-05-01,144.27000427246094,158.3800048828125,10,2992.423782664814,-11117.57682768675,881498.0536900504,39.994345568130086,LOSS,892615.6305177371,-1.2455055062432976
2024-05-02,146.16000366210938,144.27000427246094,10,3141.358821070009,3141.358821070009,884639.4125111204,43.80451227988489,WIN,892615.6305177371,-0.8935781241014462
2024-05-03,150.60000610351562,146.16000366210938,10,2840.172161121291,2840.172161121291,887479.5846722417,40.7060380085494,WIN,892615.6305177371,-0.5753927748852435
2024-05-06,155.77999877929688,150.60000610351562,10,2940.185117504841,2940.185117504841,890419.7697897465,40.82668762995965,WIN,892615.6305177371,-0.2460029438109861
2024-05-07,154.42999267578125,155.77999877929688,10,3154.586565404698,1804.580461889073,892224.3502516355,41.788585205700485,LOSS,892615.6305177371,-0.04383524696678649
2024-05-08,153.6199951171875,154.42999267578125,10,3122.494305177595,2312.496746583845,894536.8469982194,41.747859203294965,LOSS,894536.8469982194,0.0
2024-05-09,152.38999938964844,153.6199951171875,10,3084.721648179383,1854.7259206403205,896391.5729188597,41.56361998551711,LOSS,896391.5729188597,0.0
2024-05-10,151.9199981689453,152.38999938964844,10,3017.647115517185,2547.64589481406,898939.2188136737,41.19576036546728,LOSS,898939.2188136737,0.0
2024-05-13,150.55999755859375,151.9199981689453,10,2900.0630330584686,1540.062422706906,900479.2812363806,40.25291490377611,LOSS,900479.2812363806,0.0
2024-05-14,153.16000366210938,150.55999755859375,10,2859.436925366289,2859.436925366289,903338.7181617469,40.12406720533498,WIN,903338.7181617469,0.0
2024-05-15,159.6699981689453,153.16000366210938,10,2901.326263959647,2901.326263959647,906240.0444257065,40.05937445533111,WIN,906240.0444257065,0.0
2024-05-16,162.6199951171875,159.6699981689453,10,2904.250333604313,2904.250333604313,909144.2947593108,39.061890824546445,WIN,909144.2947593108,0.0
2024-05-17,164.47000122070312,162.6199951171875,10,2977.7482991860234,2977.7482991860234,912122.0430584968,39.22328650580282,WIN,912122.0430584968,0.0
2024-05-20,166.3300018310547,164.47000122070312,10,2704.8338477110833,2704.8338477110833,914826.8769062079,36.755692970386676,WIN,914826.8769062079,0.0
2024-05-21,164.66000366210938,166.3300018310547,10,2732.559774734368,1062.5616057890556,915889.4385119969,36.73292108151711,LOSS,915889.4385119969,0.0
2024-05-22,165.52000427246094,164.66000366210938,10,2691.699607936502,2691.699607936502,918581.1381199334,36.62506865147368,WIN,918581.1381199334,0.0
2024-05-23,160.42999267578125,165.52000427246094,10,2699.6910962106626,-2390.320500469025,916190.8176194644,36.576580089712934,LOSS,918581.1381199334,-0.26021876579801695
2024-05-24,166.36000061035156,160.42999267578125,10,2716.0881873606004,2716.0881873606004,918906.9058068249,37.39635420665696,WIN,918906.9058068249,0.0
2024-05-28,171.61000061035156,166.36000061035156,10,2883.6560269187266,2883.6560269187266,921790.5618337436,37.93050218167887,WIN,921790.5618337436,0.0
2024-05-29,165.13999938964844,171.61000061035156,10,3028.79326670271,-3441.207954000415,918349.3538797431,38.34780527889272,LOSS,921790.5618337436,-0.3733177683176489
2024-05-30,166.75,165.13999938964844,10,3041.389976423184,3041.389976423184,921390.7438561664,39.36345387949888,WIN,921790.5618337436,-0.043374058504335955
2024-05-31,166.89999389648438,166.75,10,2185.6045318720235,2185.6045318720235,923576.3483880383,32.33902865268101,WIN,923576.3483880383,0.0
2024-06-03,163.5500030517578,166.89999389648438,10,2188.1229460951554,-1161.8678986314071,922414.480489407,32.34340732508474,LOSS,923576.3483880383,-0.12580095848699877
2024-06-04,159.99000549316406,163.5500030517578,10,2149.7824579831245,-1410.2151006106255,921004.2653887963,32.38853454778758,LOSS,923576.3483880383,-0.27849164865808684
2024-06-05,166.1699981689453,159.99000549316406,10,2059.031856500379,2059.031856500379,923063.2972452968,32.025082963986776,WIN,923576.3483880383,-0.05555048520211992
2024-06-06,166.77999877929688,166.1699981689453,10,2275.849509566678,2275.849509566678,925339.1467548634,33.1179872722868,WIN,925339.1467548634,0.0
2024-06-07,167.8699951171875,166.77999877929688,10,2274.0463730484144,2274.0463730484144,927613.1931279119,33.03741820647315,WIN,927613.1931279119,0.0
2024-06-10,160.33999633789062,167.8699951171875,10,2270.3050747554526,-5259.693704541422,922353.4994233705,32.89081671163948,LOSS,927613.1931279119,-0.567013680217908
2024-06-11,158.9600067138672,160.33999633789062,10,2417.097352860639,1037.1077288372016,923390.6071522076,34.94211873631728,LOSS,927613.1931279119,-0.45520978000169315
2024-06-12,160.24000549316406,158.9600067138672,10,2395.480472916328,2395.480472916328,925786.0876251239,34.93534642099101,WIN,927613.1931279119,-0.1969684687889116
2024-06-13,159.89999389648438,160.24000549316406,10,2396.3670331327653,2056.355436453078,927842.443061577,34.783421749737315,LOSS,927842.443061577,0.0
2024-06-14,159.6300048828125,159.89999389648438,10,2215.2956064373575,1945.3065927654825,929787.7496543425,33.327459283461955,LOSS,929787.7496543425,0.0
2024-06-17,158.39999389648438,159.6300048828125,10,2173.495089803176,943.4841034750511,930731.2337578175,33.012050703314756,LOSS,930731.2337578175,0.0
2024-06-18,154.6300048828125,158.39999389648438,10,2144.1152745706368,-1625.8737391012382,929105.3600187163,32.906553085084376,LOSS,930731.2337578175,-0.1746877809759083
2024-06-20,161.77999877929688,154.6300048828125,10,2121.254012576823,2121.254012576823,931226.6140312931,33.147547072540945,WIN,931226.6140312931,0.0
2024-06-21,161.22999572753906,161.77999877929688,10,2458.971463630323,1908.9684118725104,933135.5824431656,35.10701886160139,LOSS,933135.5824431656,0.0
2024-06-24,160.25,161.22999572753906,10,2447.6554760618537,1467.6597485227912,934603.2421916884,35.08276330841257,LOSS,934603.2421916884,0.0
2024-06-25,160.25,160.25,10,2342.149594712943,2342.149594712943,936945.3917864013,34.33461891083048,WIN,936945.3917864013,0.0
2024-06-26,157.5399932861328,160.25,10,2189.9144326676824,-520.0922811995051,936425.2995052018,33.077906338064864,LOSS,936945.3917864013,-0.05550934833116649
2024-06-27,159.47000122070312,157.5399932861328,10,2042.5025254475422,2042.5025254475422,938467.8020306493,32.15105358910551,WIN,938467.8020306493,0.0
2024-06-28,162.2100067138672,159.47000122070312,10,1948.527587727157,1948.527587727157,940416.3296183764,31.163916035655497,WIN,940416.3296183764,0.0
2024-07-01,157.69000244140625,162.2100067138672,10,2009.5395466929838,-2510.4647257679535,937905.8648926085,31.38845222316541,LOSS,940416.3296183764,-0.26695248122570503
2024-07-02,164.30999755859375,157.69000244140625,10,2032.3324006252267,2032.3324006252267,939938.1972932337,32.049419843440035,WIN,940416.3296183764,-0.05084262257938097
2024-07-03,163.89999389648438,164.30999755859375,10,2290.7357710079436,1880.7321088985686,941818.9294021323,33.442934877670915,LOSS,941818.9294021323,0.0
2024-07-05,171.89999389648438,163.89999389648438,10,2228.075209548727,2228.075209548727,944047.004611681,32.983322533059905,WIN,944047.004611681,0.0
2024-07-08,178.69000244140625,171.89999389648438,10,2437.176288418931,2437.176288418931,946484.1809000999,33.75556308705545,WIN,946484.1809000999,0.0
2024-07-09,177.10000610351562,178.69000244140625,10,2688.9263142645077,1098.9299763738827,947583.1108764738,34.90662662745837,LOSS,947583.1108764738,0.0
2024-07-10,183.9600067138672,177.10000610351562,10,2680.6016890295273,2680.6016890295273,950263.7125655033,35.0231654115427,WIN,950263.7125655033,0.0
2024-07-11,181.94000244140625,183.9600067138672,10,2623.2785618521125,603.274289391175,950866.9868548944,33.8642706050322,LOSS,950866.9868548944,0.0
2024-07-12,181.61000061035156,181.94000244140625,10,2604.150350497887,2274.1485194431993,953141.1353743377,33.93463260301428,LOSS,953141.1353743377,0.0
2024-07-15,179.8300018310547,181.61000061035156,10,2608.127718930813,828.128939633938,953969.2643139716,33.998010320450874,LOSS,953969.2643139716,0.0
2024-07-16,177.5500030517578,179.8300018310547,10,2604.9088791516742,324.9100998547992,954294.1744138264,34.16237839082636,LOSS,954294.1744138264,0.0
2024-07-17,159.42999267578125,177.5500030517578,10,2605.0326787178205,-15514.977697258742,938779.1967165677,34.40937343457719,LOSS,954294.1744138264,-1.6258066027479157
2024-07-18,155.77000427246094,159.42999267578125,10,3279.4833704909865,-380.50503282932596,938398.6916837384,42.2116221090723,LOSS,954294.1744138264,-1.6656795311416241
2024-07-19,151.5800018310547,155.77000427246094,10,3201.254646291814,-988.747795114436,937409.943888624,42.18663235915301,LOSS,954294.1744138264,-1.7692899084890228
2024-07-22,155.8699951171875,151.5800018310547,10,3005.266357227896,3005.266357227896,940415.2102458519,41.22769266620047,WIN,954294.1744138264,-1.4543695791184799
2024-07-23,154.0,155.8699951171875,10,3157.4842386637365,1287.4891214762365,941702.6993673281,41.79771067494307,LOSS,954294.1744138264,-1.3194542504917464
2024-07-24,144.6300048828125,154.0,10,3126.209094541282,-6243.786022646218,935458.9133446818,41.85445393033975,LOSS,954294.1744138264,-1.9737374044763623
2024-07-25,138.32000732421875,144.6300048828125,10,3153.572346572466,-3156.425212021284,932302.4881326605,43.844527030340544,LOSS,954294.1744138264,-2.304497593173958
2024-07-26,139.99000549316406,138.32000732421875,10,3095.6358249544173,3095.6358249544173,935398.1239576149,44.6062829264238,WIN,954294.1744138264,-1.9801074933542815
2024-07-29,139.75,139.99000549316406,10,3132.632718249308,2892.6272250852453,938290.7511827002,44.60271017989446,LOSS,954294.1744138264,-1.6769905612130924
2024-07-30,138.44000244140625,139.75,10,3095.7488267744934,1785.7512681807434,940076.502450881,44.30440614370406,LOSS,954294.1744138264,-1.489862596266887
2024-07-31,144.47999572753906,138.44000244140625,10,3039.6332238331574,3039.6332238331574,943116.1356747141,44.04548340540456,WIN,954294.1744138264,-1.1713409804663655
2024-08-01,132.5399932861328,144.47999572753906,10,3182.2190182279155,-8757.783423178334,934358.3522515357,44.13676767906487,LOSS,954294.1744138264,-2.0890646403176705
2024-08-02,132.5,132.5399932861328,10,3221.6692108508087,3181.675924717996,937540.0281762538,47.155334126294846,LOSS,954294.1744138264,-1.7556584423103976
2024-08-05,134.82000732421875,132.5,10,3036.6670795030673,3036.6670795030673,940576.6952557568,45.31798455419593,WIN,954294.1744138264,-1.4374476472619702
2024-08-06,130.17999267578125,134.82000732421875,10,2986.966121807581,-1653.0485266299188,938923.6467291269,44.30859332277416,LOSS,954294.1744138264,-1.6106697595781543
2024-08-07,128.6699981689453,130.17999267578125,10,2905.9658215052104,1395.971314669273,940319.6180437962,44.53012488372441,LOSS,954294.1744138264,-1.4643866372352239
2024-08-08,136.32000732421875,128.6699981689453,10,2705.7061738624843,2705.7061738624843,943025.3242176586,42.81777321335181,WIN,954294.1744138264,-1.1808570667519476
2024-08-09,134.27000427246094,136.32000732421875,10,3190.7214926936012,1140.7184409357887,944166.0426585944,45.963377050216295,LOSS,954294.1744138264,-1.061321762909554
2024-08-12,136.77000427246094,134.27000427246094,10,3134.834395853377,3134.834395853377,947300.8770544478,45.885499176604114,WIN,954294.1744138264,-0.7328240648303528
2024-08-13,141.1300048828125,136.77000427246094,10,3249.3248099106713,3249.3248099106713,950550.2018643585,46.4283289732516,WIN,954294.1744138264,-0.39232897463380806
2024-08-14,140.75,141.1300048828125,10,3458.1475937951195,3078.1427109826195,953628.3445753411,47.41478854101759,LOSS,954294.1744138264,-0.06977196930855471
2024-08-15,147.36000061035156,140.75,10,2931.3971498816795,2931.3971498816795,956559.7417252228,42.55150214049896,WIN,956559.7417252228,0.0
2024-08-16,148.55999755859375,147.36000061035156,10,3214.5309914144314,3214.5309914144314,959774.2727166372,43.857388537480276,WIN,959774.2727166372,0.0
2024-08-19,155.27999877929688,148.55999755859375,10,3203.7912520953178,3203.7912520953178,962978.0639687326,43.52865860564265,WIN,962978.0639687326,0.0
2024-08-20,156.39999389648438,155.27999877929688,10,3432.5085969625347,3432.5085969625347,966410.5725656952,44.24254312225345,WIN,966410.5725656952,0.0
2024-08-21,157.80999755859375,156.39999389648438,10,3448.66662579554,3448.66662579554,969859.2391914907,44.16980371707146,WIN,969859.2391914907,0.0
2024-08-22,151.6999969482422,157.80999755859375,10,3192.3714056301233,-2917.6292047214392,966941.6099867693,41.76072797198728,LOSS,969859.2391914907,-0.3008301706909204
2024-08-23,154.97999572753906,151.6999969482422,10,3036.3526424833844,3036.3526424833844,969977.9626292527,41.47802948686195,WIN,969977.9626292527,0.0
2024-08-26,149.99000549316406,154.97999572753906,10,3117.9972416558085,-1871.9929927191915,968105.9696365335,41.61454870765864,LOSS,969977.9626292527,-0.19299335292575995
2024-08-27,150.5,149.99000549316406,10,3110.197888543671,3110.197888543671,971216.1675250772,42.431194879380726,WIN,971216.1675250772,0.0
2024-08-28,146.36000061035156,150.5,10,3107.7090912467256,-1032.2902984017119,970183.8772266755,42.31636346369891,LOSS,971216.1675250772,-0.10628841785369816
2024-08-29,145.49000549316406,146.36000061035156,10,2973.245150221758,2103.250033034258,972287.1272597098,41.873692339132454,LOSS,972287.1272597098,0.0
2024-08-30,148.55999755859375,145.49000549316406,10,2412.2334712799425,2412.2334712799425,974699.3607309897,36.933361840214744,WIN,974699.3607309897,0.0
2024-09-03,136.94000244140625,148.55999755859375,10,2480.6323096505366,-9139.362807536963,965559.9979234528,37.089177077895805,LOSS,974699.3607309897,-0.9376596698168312
2024-09-04,140.8699951171875,136.94000244140625,10,2746.9446747759457,2746.9446747759457,968306.9425982287,41.53619229275267,WIN,974699.3607309897,-0.6558348543459537
2024-09-05,139.44000244140625,140.8699951171875,10,2777.0496122344325,1347.0569364531825,969653.9995346819,41.07859340929377,LOSS,974699.3607309897,-0.5176325541574146
2024-09-06,134.35000610351562,139.44000244140625,10,2745.872264649257,-2344.124073241368,967309.8754614405,41.05025465079302,LOSS,974699.3607309897,-0.7581296928323966
2024-09-09,138.14999389648438,134.35000610351562,10,2527.247081629845,2527.247081629845,969837.1225430703,39.88450679508884,WIN,974699.3607309897,-0.498844914012549
2024-09-10,142.83999633789062,138.14999389648438,10,2633.425962401623,2633.425962401623,972470.548505472,40.21675895923775,WIN,974699.3607309897,-0.22866663458629652
2024-09-11,149.86000061035156,142.83999633789062,10,2774.5468285797283,2774.5468285797283,975245.0953340518,40.695747331021394,WIN,975245.0953340518,0.0
2024-09-12,150.77000427246094,149.86000061035156,10,3003.831402139181,3003.831402139181,978248.9267361909,41.5160511078957,WIN,978248.9267361909,0.0
2024-09-13,152.30999755859375,150.77000427246094,10,3019.4835039959826,3019.4835039959826,981268.4102401868,41.49334155684731,WIN,981268.4102401868,0.0
2024-09-16,152.0800018310547,152.30999755859375,10,2912.0130263022684,2682.017298763206,983950.42753895,40.29204387654356,LOSS,983950.42753895,0.0
2024-09-17,150.82000732421875,152.0800018310547,10,2905.5558797676176,1645.5613729316801,985595.9889118817,40.27412607085084,LOSS,985595.9889118817,0.0
2024-09-18,148.2899932861328,150.82000732421875,10,2732.3103442866186,202.2963062006811,985798.2852180824,38.96569859624594,LOSS,985798.2852180824,0.0
2024-09-19,156.74000549316406,148.2899932861328,10,2698.2265841108992,2698.2265841108992,988496.5118021932,39.070526824713006,WIN,988496.5118021932,0.0
2024-09-20,155.9499969482422,156.74000549316406,10,3106.8962270288093,2316.8876821069343,990813.3994843002,41.22200611815598,LOSS,990813.3994843002,0.0
2024-09-23,156.75,155.9499969482422,10,2974.0325603447272,2974.0325603447272,993787.4320446448,40.22779961416836,WIN,993787.4320446448,0.0
2024-09-24,158.32000732421875,156.75,10,2958.5122096312402,2958.5122096312402,996745.9442542761,39.96806238415455,WIN,996745.9442542761,0.0
2024-09-25,162.02000427246094,158.32000732421875,10,2898.3101441749213,2898.3101441749213,999644.2543984511,39.21743149657362,WIN,999644.2543984511,0.0
2024-09-26,167.49000549316406,162.02000427246094,10,2998.4617237955586,2998.4617237955586,1002642.7161222466,39.48211278765384,WIN,1002642.7161222466,0.0
2024-09-27,164.35000610351562,167.49000549316406,10,3072.714210620802,-67.28517902763542,1002575.430943219,39.26902317944156,LOSS,1002642.7161222466,-0.006710783207782795
2024-09-30,164.0800018310547,164.35000610351562,10,3056.6370081474975,2786.63273568656,1005362.0636789056,39.60328893039754,LOSS,1005362.0636789056,0.0
2024-10-01,159.75,164.0800018310547,10,3037.4284905165455,-1292.573340538142,1004069.4903383674,39.48890882913222,LOSS,1005362.0636789056,-0.12856794454808623
2024-10-02,159.77999877929688,159.75,10,2405.5017125618297,2405.5017125618297,1006474.9920509292,34.91974744844626,WIN,1006474.9920509292,0.0
2024-10-03,162.85000610351562,159.77999877929688,10,2364.7476755164907,2364.7476755164907,1008839.7397264458,34.578590282369476,WIN,1008839.7397264458,0.0
2024-10-04,170.89999389648438,162.85000610351562,10,2392.9422656051215,2392.9422656051215,1011232.6819920508,34.438532082406674,WIN,1011232.6819920508,0.0
2024-10-07,170.97000122070312,170.89999389648438,10,2439.0707442708563,2439.0707442708563,1013671.7527363217,33.87997322967328,WIN,1013671.7527363217,0.0
2024-10-08,172.8000030517578,170.97000122070312,10,2423.0839892250865,2423.0839892250865,1016094.8367255467,33.748545345788955,WIN,1016094.8367255467,0.0
2024-10-09,171.02000427246094,172.8000030517578,10,2384.0813410715286,604.0825617746536,1016698.9192873214,33.25140689359628,LOSS,1016698.9192873214,0.0
2024-10-10,164.17999267578125,171.02000427246094,10,2199.1479065425547,-4640.863690137133,1012058.0555971842,32.010870984689944,LOSS,1016698.9192873214,-0.45646391494054944
2024-10-11,167.88999938964844,164.17999267578125,10,2350.0962086532018,2350.0962086532018,1014408.1518058374,33.935833848679835,WIN,1016698.9192873214,-0.22531424377727785
2024-10-14,165.27000427246094,167.88999938964844,10,2434.804314739007,-185.19080244849283,1014222.9610033889,34.18484344310396,LOSS,1016698.9192873214,-0.24352915469489342
2024-10-15,156.63999938964844,165.27000427246094,10,2437.1345638559624,-6192.870318956538,1008030.0906844323,34.507629336454215,LOSS,1016698.9192873214,-0.852644616654624
2024-10-16,156.1300048828125,156.63999938964844,10,2590.014744283436,2080.0202374474984,1010110.1109218798,36.87351548795196,LOSS,1016698.9192873214,-0.6480589524045333
2024-10-17,156.25,156.1300048828125,10,2550.904614665311,2550.904614665311,1012661.0155365451,36.613588091914636,WIN,1016698.9192873214,-0.39715826132743165
2024-10-18,155.97000122070312,156.25,10,2257.138974618599,1977.1401953217241,1014638.1557318668,34.10985088432686,LOSS,1016698.9192873214,-0.20269162446824432
2024-10-21,157.89999389648438,155.97000122070312,10,2250.6893314326508,2250.6893314326508,1016888.8450632995,34.08945375018244,WIN,1016888.8450632995,0.0
2024-10-22,154.08999633789062,157.89999389648438,10,2290.95494088908,-1519.0426177046702,1015369.8024455948,34.19346824807616,LOSS,1016888.8450632995,-0.14938138274200083
2024-10-23,152.91000366210938,154.08999633789062,10,2282.239052545317,1102.246376764067,1016472.0488223588,34.59321535771166,LOSS,1016888.8450632995,-0.040987394341487265
2024-10-24,153.44000244140625,152.91000366210938,10,2205.1339169031903,2205.1339169031903,1018677.182739262,34.07735207636162,WIN,1018677.182739262,0.0
2024-10-25,156.22999572753906,153.44000244140625,10,2074.1602487757887,2074.1602487757887,1020751.3429880377,32.88227356048231,WIN,1020751.3429880377,0.0
2024-10-28,159.9199981689453,156.22999572753906,10,2135.3870512785775,2135.3870512785775,1022886.7300393163,33.08136479886865,WIN,1022886.7300393163,0.0
2024-10-29,166.25,159.9199981689453,10,2255.494175019402,2255.494175019402,1025142.2242143358,33.65769365614884,WIN,1025142.2242143358,0.0
2024-10-30,148.60000610351562,166.25,10,2431.0953332024055,-15218.89856328197,1009923.3256510538,34.34458245155871,LOSS,1025142.2242143358,-1.4845646002871138
2024-10-31,144.07000732421875,148.60000610351562,10,3066.5746053231633,-1463.4241739737117,1008459.9014770801,42.29943960049134,LOSS,1025142.2242143358,-1.6273178826519383
