Date,Stock_Price,Strike,Contracts,Premium,PnL,Capital,VIX,Status,Peak,Drawdown_%
2019-01-03,17.049999237060547,19.018299922943115,2,109.08785072151144,-284.5722864550021,49715.427713544996,40.09032539330465,LOSS,49715.427713544996,0.0
2019-01-04,19.0,17.22049922943115,2,98.77577159375133,98.77577159375133,49814.20348513874,40.09032539330465,WIN,49814.20348513874,0.0
2019-01-07,20.56999969482422,19.19,2,110.07271227331947,110.07271227331947,49924.276197412066,40.09032539330465,WIN,49924.276197412066,0.0
2019-01-08,20.75,20.775699691772463,2,119.1681925195083,114.02825416501574,50038.30445157708,40.09032539330465,LOSS,50038.30445157708,0.0
2019-01-09,20.190000534057617,20.9575,2,120.21098840375643,-33.288904784720046,50005.01554679236,40.09032539330465,LOSS,50038.30445157708,-0.06652684408388469
2019-01-10,19.739999771118164,20.391900539398193,2,116.96674313597293,-13.413410520032926,49991.602136272326,40.09032539330465,LOSS,50038.30445157708,-0.09333312912301092
2019-01-11,20.270000457763672,19.937399768829344,2,114.35975342535114,114.35975342535114,50105.961889697675,40.09032539330465,WIN,50105.961889697675,0.0
2019-01-14,20.229999542236328,20.472700462341308,2,117.43020674565618,68.8900227246602,50174.85191242234,40.09032539330465,LOSS,50174.85191242234,0.0
2019-01-15,20.3799991607666,20.432299537658693,2,117.19846941589292,106.7383940374746,50281.59030645981,40.09032539330465,LOSS,50281.59030645981,0.0
2019-01-16,19.729999542236328,20.58379915237427,2,118.06746230281861,-52.692459724769506,50228.89784673504,40.09032539330465,LOSS,50281.59030645981,-0.10479473581407628
2019-01-17,20.25,19.92729953765869,2,114.30181909291034,114.30181909291034,50343.199665827946,40.09032539330465,WIN,50343.199665827946,0.0
2019-01-18,20.770000457763672,20.4525,2,117.31433808077453,117.31433808077453,50460.51400390872,40.09032539330465,WIN,50460.51400390872,0.0
2019-01-22,19.760000228881836,20.977700462341307,2,120.32685706863808,-123.21318962325614,50337.30081428547,40.09032539330465,LOSS,50460.51400390872,-0.24417743666604133
2019-01-23,19.799999237060547,19.957600231170655,2,114.47562209023347,82.95542326821179,50420.25623755368,40.09032539330465,LOSS,50460.51400390872,-0.07978072984338144
2019-01-24,20.850000381469727,19.99799922943115,2,114.70734837015277,114.70734837015277,50534.96358592383,40.09032539330465,WIN,50534.96358592383,0.0
2019-01-25,21.93000030517578,21.058500385284425,2,120.79032067832203,120.79032067832203,50655.753906602156,40.09032539330465,WIN,50655.753906602156,0.0
2019-01-28,20.18000030517578,22.149300308227538,2,127.0470849339691,-266.8129156763822,50388.940990925774,40.09032539330465,LOSS,50655.753906602156,-0.5267178851356663
2019-01-29,19.25,20.38180030822754,2,116.90880880353211,-109.45125284197582,50279.4897380838,40.09032539330465,LOSS,50655.753906602156,-0.7427866323184174
2019-01-30,23.09000015258789,19.4425,2,111.52103743481008,111.52103743481008,50391.01077551861,40.09032539330465,WIN,50655.753906602156,-0.5226319039129738
2019-01-31,24.40999984741211,23.32090015411377,2,133.76731279930007,133.76731279930007,50524.77808831791,40.09032539330465,WIN,50655.753906602156,-0.2585605941740376
2019-02-01,24.510000228881836,24.65409984588623,2,248.29552576607807,219.47560236519945,50744.25369068311,69.051888357987,LOSS,50744.25369068311,0.0
2019-02-04,24.1299991607666,24.755100231170655,2,234.68802933754782,109.66781525673719,50853.92150593985,65.10520463527115,LOSS,50853.92150593985,0.0
2019-02-05,23.309999465942383,24.371299152374267,2,220.5317063513702,8.271769064993435,50862.19327500484,62.22214185986712,LOSS,50862.19327500484,0.0
2019-02-06,23.260000228881836,23.543099460601805,2,209.05554495322542,152.43569860923154,51014.628973614075,61.09224245986922,LOSS,51014.628973614075,0.0
2019-02-07,22.670000076293945,23.492600231170655,2,208.72285206065197,44.20282108530995,51058.831794699385,61.12515080222191,LOSS,51058.831794699385,0.0
2019-02-08,23.049999237060547,22.896700077056884,2,203.2947399658284,203.2947399658284,51262.126534665214,61.0861224683845,WIN,51262.126534665214,0.0
2019-02-11,22.959999084472656,23.280499229431154,2,205.6167502585459,141.51672126684636,51403.64325593206,60.77458450539052,LOSS,51403.64325593206,0.0
2019-02-12,22.81999969482422,23.189599075317382,2,204.58353231883396,130.66365622020132,51534.306912152264,60.70821757775032,LOSS,51534.306912152264,0.0
2019-02-13,22.850000381469727,23.04819969177246,2,203.4563698794777,163.816507818931,51698.1234199712,60.743084434136065,LOSS,51698.1234199712,0.0
2019-02-14,23.1299991607666,23.078500385284425,2,203.76971279324616,203.76971279324616,51901.893132764446,60.75636114463009,WIN,51901.893132764446,0.0
2019-02-15,23.68000030517578,23.36129915237427,2,204.22433470514792,204.22433470514792,52106.117467469594,60.17232655128039,WIN,52106.117467469594,0.0
2019-02-19,23.950000762939453,23.91680030822754,2,208.97409878640784,208.97409878640784,52315.091566256,60.14259993932123,WIN,52315.091566256,0.0
2019-02-20,23.950000762939453,24.18950077056885,2,210.99175933083907,163.09175780496,52478.18332406096,60.04177643952424,LOSS,52478.18332406096,0.0
2019-02-21,23.920000076293945,24.18950077056885,2,206.50886497681623,152.6087261218356,52630.7920501828,58.803715558867275,LOSS,52630.7920501828,0.0
2019-02-22,24.360000610351562,24.159200077056884,2,206.34473514899878,206.34473514899878,52837.13678533179,58.82986089978249,WIN,52837.13678533179,0.0
2019-02-25,24.709999084472656,24.60360061645508,2,207.63793361152673,207.63793361152673,53044.77471894332,58.15038151066644,WIN,53044.77471894332,0.0
2019-02-26,24.209999084472656,24.957099075317384,2,207.92272806708797,58.50272989814246,53103.277448841465,57.428047447687376,LOSS,53103.277448841465,0.0
2019-02-27,23.479999542236328,24.452099075317385,2,193.3601218847428,-1.0597847314685396,53102.217664109994,54.598878237141314,LOSS,53103.277448841465,-0.0019957049402310957
2019-02-28,23.530000686645508,23.714799537658692,2,185.20227714369858,148.24250694106175,53250.460171051054,53.94321715826963,LOSS,53250.460171051054,0.0
2019-03-01,23.68000030517578,23.765300693511964,2,106.25943949976855,89.19936183253196,53339.65953288358,31.641201282062465,LOSS,53339.65953288358,0.0
2019-03-04,23.3700008392334,23.91680030822754,2,93.97173303708595,-15.388160761742313,53324.27137212184,28.019747739621973,LOSS,53339.65953288358,-0.0288493794233114
2019-03-05,23.5,23.60370084762573,2,93.15406567822194,72.41389615307568,53396.685268274916,28.136506875197952,LOSS,53396.685268274916,0.0
2019-03-06,22.40999984741211,23.735,2,93.05422389691367,-171.94580662066434,53224.73946165425,27.962555665459767,LOSS,53396.685268274916,-0.3220158812420219
2019-03-07,22.079999923706055,22.63409984588623,2,92.71480388629962,-18.105180549735337,53206.63428110452,29.136294271038523,LOSS,53396.685268274916,-0.3559228184587608
2019-03-08,22.010000228881836,22.300799922943117,2,91.96671297827558,33.80677416601935,53240.44105527054,29.321181428976175,LOSS,53396.685268274916,-0.2926103225684856
2019-03-11,22.959999084472656,22.230100231170656,2,89.5090389521867,89.5090389521867,53329.950094222724,28.6702273948364,WIN,53396.685268274916,-0.12497999401442572
2019-03-12,23.489999771118164,23.189599075317382,2,99.75311581967178,99.75311581967178,53429.7032100424,30.508389294691433,WIN,53429.7032100424,0.0
2019-03-13,23.3799991607666,23.724899768829346,2,103.85599005916247,34.87586844661364,53464.57907848901,31.015296716102462,LOSS,53464.57907848901,0.0
2019-03-14,22.81999969482422,23.613799152374266,2,103.29960269099163,-55.460288819017876,53409.11878966999,30.995480940669935,LOSS,53464.57907848901,-0.10373276994774686
2019-03-15,23.290000915527344,23.04819969177246,2,102.96907667112905,102.96907667112905,53512.08786634112,31.61683648203587,WIN,53512.08786634112,0.0
2019-03-18,23.25,23.522900924682617,2,106.02447600543239,51.44429106890907,53563.53215741003,31.882276653062576,LOSS,53563.53215741003,0.0
2019-03-19,26.0,23.4825,2,103.85387678712009,103.85387678712009,53667.38603419715,31.316569323027853,WIN,53667.38603419715,0.0
2019-03-20,25.700000762939453,26.26,2,156.88223526459106,44.88238785248137,53712.26842204963,41.68195302487267,LOSS,53712.26842204963,0.0
2019-03-21,27.889999389648438,25.957000770568847,2,155.63381062724056,155.63381062724056,53867.90223267687,41.82653004867481,WIN,53867.90223267687,0.0
2019-03-22,26.3700008392334,28.16889938354492,2,184.00478520247424,-175.77492365983045,53692.127309017036,45.40972608590429,LOSS,53867.90223267687,-0.3263073488560781
2019-03-25,25.969999313354492,26.633700847625732,2,181.5378396270922,48.797532772844164,53740.92484178988,47.30631757393289,LOSS,53867.90223267687,-0.23571994754598832
2019-03-26,25.690000534057617,26.229699306488037,2,179.3059598887428,71.36620540265886,53812.291047192535,47.43922486558791,LOSS,53867.90223267687,-0.10323621893447078
2019-03-27,24.889999389648438,25.946900539398193,2,176.6577186644944,-34.722511285456704,53777.56853590708,47.25512638063074,LOSS,53867.90223267687,-0.16769484799984122
2019-03-28,25.059999465942383,25.13889938354492,2,171.2876724459801,155.50768892547254,53933.07622483255,47.28998541495916,LOSS,53933.07622483255,0.0
2019-03-29,25.520000457763672,25.310599460601807,2,172.4700984383415,172.4700984383415,54105.546323270886,47.29329041068254,WIN,54105.546323270886,0.0
2019-04-01,26.360000610351562,25.77520046234131,2,176.0223477582888,176.0223477582888,54281.56867102918,47.39343672489708,WIN,54281.56867102918,0.0
2019-04-02,26.75,26.62360061645508,2,182.6114136767539,182.6114136767539,54464.180084705935,47.59297864608851,WIN,54464.180084705935,0.0
2019-04-03,29.020000457763672,27.017500000000002,2,185.43224456334363,185.43224456334363,54649.61232926928,47.622421404220525,WIN,54649.61232926928,0.0
2019-04-04,29.09000015258789,29.31020046234131,2,206.16316650227998,162.12310455159607,54811.735433820875,48.76094532808182,LOSS,54811.735433820875,0.0
2019-04-05,28.979999542236328,29.38090015411377,2,205.14102424877817,124.96090187328957,54936.69633569416,48.41546233539549,LOSS,54936.69633569416,0.0
2019-04-08,28.530000686645508,29.26979953765869,2,204.41352883589886,56.45375863326208,54993.15009432742,48.42646863961715,LOSS,54993.15009432742,0.0
2019-04-09,27.239999771118164,28.815300693511965,2,201.08305202731475,-113.97713245144541,54879.17296187598,48.39021783390352,LOSS,54993.15009432742,-0.20725696246886002
2019-04-10,27.829999923706055,27.512399768829347,2,197.7597034417476,197.7597034417476,55076.93266531773,49.790975369519686,WIN,55076.93266531773,0.0
2019-04-11,27.790000915527344,28.108299922943115,2,201.99202767238216,138.332226189228,55215.26489150695,49.77884976015284,LOSS,55215.26489150695,0.0
2019-04-12,27.850000381469727,28.06790092468262,2,199.62281459685562,156.04270595427727,55371.30759746123,49.284045355285734,LOSS,55371.30759746123,0.0
2019-04-15,27.329999923706055,28.128500385284426,2,199.97247037086925,40.27237805519508,55411.579975516426,49.26472804195001,LOSS,55411.579975516426,0.0
2019-04-16,27.93000030517578,27.603299922943116,2,197.56146761946763,197.56146761946763,55609.14144313589,49.584865236591334,WIN,55609.14144313589,0.0
2019-04-17,27.489999771118164,28.20930030822754,2,174.5622725444181,30.70216512254288,55639.84360825844,43.1110533623681,LOSS,55639.84360825844,0.0
2019-04-18,27.68000030517578,27.764899768829345,2,172.1776708484766,155.19777811776387,55795.0413863762,43.19897190741138,LOSS,55795.0413863762,0.0
2019-04-22,28.18000030517578,27.95680030822754,2,154.95391321562437,154.95391321562437,55949.99529959183,38.798836880809375,WIN,55949.99529959183,0.0
2019-04-23,27.969999313354492,28.461800308227538,2,148.7017461201274,50.34154714551826,56000.336846737344,36.67435163260184,LOSS,56000.336846737344,0.0
2019-04-24,28.459999084472656,28.249699306488036,2,146.8328949032896,146.8328949032896,56147.16974164063,36.49445883034062,WIN,56147.16974164063,0.0
2019-04-25,27.65999984741211,28.74459907531738,2,149.14249791688633,-67.77734766416813,56079.392393976465,36.43339840714287,LOSS,56147.16974164063,-0.12071373851263052
2019-04-26,27.8799991607666,27.93659984588623,2,144.2577933729426,132.9376563490166,56212.33005032548,36.267831301984685,LOSS,56212.33005032548,0.0
2019-04-29,27.690000534057617,28.158799152374268,2,145.41802013591024,51.658296472580076,56263.98834679806,36.27087839879287,LOSS,56263.98834679806,0.0
2019-04-30,27.6299991607666,27.966900539398193,2,144.30877350517574,76.92849777885752,56340.91684457692,36.24263377833167,LOSS,56340.91684457692,0.0
2019-05-01,26.809999465942383,27.906299152374267,2,141.247556171266,-78.01238111511077,56262.904463461804,35.58466348410317,LOSS,56340.91684457692,-0.13846487683244446
2019-05-02,28.290000915527344,27.078099460601806,2,139.62849721862761,139.62849721862761,56402.53296068043,36.219423875214936,WIN,56402.53296068043,0.0
2019-05-03,28.219999313354492,28.572900924682617,2,132.12148390186752,61.54116163624249,56464.07412231667,32.6620686426805,LOSS,56464.07412231667,0.0
2019-05-06,27.420000076293945,28.502199306488038,2,131.75033079935804,-84.68951523946043,56379.38460707721,32.6517022440362,LOSS,56464.07412231667,-0.1499883183349408
2019-05-07,26.65999984741211,27.694200077056884,2,130.67740451645935,-76.16264141249556,56303.221965664714,33.29384677837025,LOSS,56464.07412231667,-0.2848752222581492
2019-05-08,27.09000015258789,26.92659984588623,2,128.71149187015112,128.71149187015112,56431.93345753486,33.704720593363916,WIN,56464.07412231667,-0.056922326773980354
2019-05-09,27.209999084472656,27.36090015411377,2,124.7816647922174,94.60145086399434,56526.534908398855,32.23832090511148,LOSS,56526.534908398855,0.0
2019-05-10,27.959999084472656,27.482099075317382,2,123.46531427403251,123.46531427403251,56650.00022267289,31.783971127745094,WIN,56650.00022267289,0.0
2019-05-13,26.239999771118164,28.239599075317383,2,130.00865634505138,-269.9112044947924,56380.0890181781,32.52683931714675,LOSS,56650.00022267289,-0.4764540219485554
2019-05-14,27.31999969482422,26.502399768829346,2,134.557200896853,134.557200896853,56514.64621907495,35.689392624491234,WIN,56650.00022267289,-0.23893027902189867
2019-05-15,27.579999923706055,27.593199691772462,2,144.87157088360877,142.23161727032735,56656.87783634528,36.84574498959374,LOSS,56656.87783634528,0.0
2019-05-16,28.010000228881836,27.855799922943117,2,145.0057201357373,145.0057201357373,56801.883556481014,36.54726549165594,WIN,56801.883556481014,0.0
2019-05-17,27.5,28.290100231170655,2,147.14677381009218,-10.873272424038788,56791.010284056974,36.51899126203911,LOSS,56801.883556481014,-0.019142450466854758
2019-05-20,26.68000030517578,27.775,2,145.4769926076354,-73.52294635720807,56717.487337699764,36.76178380116667,LOSS,56801.883556481014,-0.14857996512973182
2019-05-21,27.350000381469727,26.94680030822754,2,142.51509868525102,142.51509868525102,56860.00243638502,37.102906195806575,WIN,56860.00243638502,0.0
2019-05-22,27.40999984741211,27.623500385284423,2,148.1668552550492,105.46674768058648,56965.4691840656,37.604209265489445,LOSS,56965.4691840656,0.0
2019-05-23,26.360000610351562,27.68409984588623,2,147.4640283026141,-117.35581880431943,56848.113365261284,37.356171243695556,LOSS,56965.4691840656,-0.20601220438493972
2019-05-24,26.440000534057617,26.62360061645508,2,143.6912243898179,106.9712079103256,56955.08457317161,37.82693734786152,LOSS,56965.4691840656,-0.018229659200095553
2019-05-28,29.049999237060547,26.704400539398193,2,143.90921429888687,143.90921429888687,57098.9937874705,37.77237664389067,WIN,57098.9937874705,0.0
2019-05-29,28.09000015258789,29.340499229431153,2,185.19893576139097,-64.90087960726143,57034.09290786324,43.93908681533724,LOSS,57098.9937874705,-0.1136637886279196
2019-05-30,28.030000686645508,28.37090015411377,2,182.02681747370644,113.8469239800541,57147.939831843294,44.63326626097141,LOSS,57147.939831843294,0.0
2019-05-31,27.40999984741211,28.310300693511962,2,179.25523004540347,-0.8049391745671244,57147.13489266873,44.07098910021033,LOSS,57147.939831843294,-0.0014085182719355436
2019-06-03,27.579999923706055,27.68409984588623,2,169.43898152753388,148.61899709149878,57295.75388976023,42.65900429997737,LOSS,57295.75388976023,0.0
2019-06-04,29.56999969482422,27.855799922943117,2,170.60514252326996,170.60514252326996,57466.3590322835,42.6866514172968,WIN,57466.3590322835,0.0
2019-06-05,29.5,29.865699691772463,2,193.22999661522485,120.09005826073232,57586.449090544236,44.99397950808164,LOSS,57586.449090544236,0.0
2019-06-06,31.81999969482422,29.795,2,190.2334628295549,190.2334628295549,57776.682553373794,44.424670028545776,WIN,57776.682553373794,0.0
2019-06-07,32.40999984741211,32.13819969177246,2,218.19069846838664,218.19069846838664,57994.87325184218,47.12623496505177,WIN,57994.87325184218,0.0
2019-06-10,33.22999954223633,32.73409984588623,2,222.39991999769373,222.39991999769373,58217.27317183988,47.15961761043194,WIN,58217.27317183988,0.0
2019-06-11,32.40999984741211,33.56229953765869,2,227.82812745250772,-2.6318105968081227,58214.64136124307,47.120067941252586,LOSS,58217.27317183988,-0.00452066964565836
2019-06-12,32.18000030517578,32.73409984588623,2,211.9091600382852,101.08925189619598,58315.73061313927,45.018616218319515,LOSS,58315.73061313927,0.0
2019-06-13,31.389999389648438,32.50180030822754,2,208.58836222664533,-13.771821489174584,58301.9587916501,44.6451501880217,LOSS,58315.73061313927,-0.02361596321331012
2019-06-14,30.360000610351562,31.703899383544922,2,206.24769799836918,-62.5320566403027,58239.426735009794,45.2309541800641,LOSS,58315.73061313927,-0.13084613247095672
2019-06-17,29.200000762939453,30.663600616455078,2,202.98369948376882,-89.73627121935613,58149.69046379044,45.99426536803723,LOSS,58315.73061313927,-0.2847261752584828
2019-06-18,30.450000762939453,29.492000770568847,2,198.2592632366372,198.2592632366372,58347.94972702707,46.68089172667156,WIN,58347.94972702707,0.0
2019-06-19,30.5,30.754500770568846,2,207.07543255817367,156.17527844440443,58504.12500547148,46.75236688087625,LOSS,58504.12500547148,0.0
2019-06-20,30.010000228881836,30.805,2,206.66823709760945,47.66828287397669,58551.793288345456,46.59032207225147,LOSS,58551.793288345456,0.0
2019-06-21,29.100000381469727,30.310100231170654,2,204.44596249643405,-37.574007443751526,58514.21928090171,46.83232051826399,LOSS,58551.793288345456,-0.06417225730168709
2019-06-24,29.260000228881836,29.391000385284425,2,196.78273390032703,170.58270261980925,58684.80198352152,46.499608512259286,LOSS,58684.80198352152,0.0
2019-06-25,28.860000610351562,29.552600231170654,2,197.84775599143413,59.327831827615796,58744.12981534913,46.49577827985054,LOSS,58744.12981534913,0.0
2019-06-26,29.920000076293945,29.148600616455077,2,172.9454696256585,172.9454696256585,58917.07528497479,41.40834439129357,WIN,58917.07528497479,0.0
2019-06-27,30.739999771118164,30.219200077056886,2,179.26228692573943,179.26228692573943,59096.33757190053,41.40054069140341,WIN,59096.33757190053,0.0
2019-06-28,30.3700008392334,31.047399768829347,2,185.5849005175003,50.105114598310536,59146.442686498835,41.703863606836094,LOSS,59146.442686498835,0.0
2019-07-01,31.200000762939453,30.67370084762573,2,182.05189709310565,182.05189709310565,59328.49458359194,41.42090035163738,WIN,59328.49458359194,0.0
2019-07-02,31.239999771118164,31.512000770568847,2,188.34379766596857,133.94359777583207,59462.438181367776,41.69999644310113,LOSS,59462.438181367776,0.0
2019-07-03,31.190000534057617,31.552399768829346,2,174.60025684935889,102.12040989501307,59564.55859126279,38.73898206950922,LOSS,59564.55859126279,0.0
2019-07-05,31.5,31.501900539398193,2,174.2946891578119,173.91458127817333,59738.47317254096,38.73344242310753,LOSS,59738.47317254096,0.0
2019-07-08,32.040000915527344,31.815,2,154.3900773676409,154.3900773676409,59892.8632499086,34.19011246140712,WIN,59892.8632499086,0.0
2019-07-09,33.150001525878906,32.360400924682615,2,156.8245373410976,156.8245373410976,60049.6877872497,34.14629911112589,WIN,60049.6877872497,0.0
2019-07-10,33.790000915527344,33.481501541137696,2,164.66333350686,164.66333350686,60214.35112075656,34.62631210658488,WIN,60214.35112075656,0.0
2019-07-11,33.060001373291016,34.12790092468262,2,166.33006541246485,-47.24984486585615,60167.1012758907,34.330282858039716,LOSS,60214.35112075656,-0.07846940801720498
2019-07-12,33.209999084472656,33.39060138702393,2,164.7500430810491,128.6295825707948,60295.730858461495,34.73310251705624,LOSS,60295.730858461495,0.0
2019-07-15,34.38999938964844,33.54209907531738,2,162.41246677664202,162.41246677664202,60458.14332523814,34.11865452217715,WIN,60458.14332523814,0.0
2019-07-16,33.849998474121094,34.73389938354492,2,166.0360096576879,-10.74417222707794,60447.39915301106,33.70567191459938,LOSS,60458.14332523814,-0.01777125732969094
2019-07-17,33.599998474121094,34.188498458862306,2,156.20839041471797,38.50839346647561,60485.90754647753,32.29477168464102,LOSS,60485.90754647753,0.0
2019-07-18,33.0,33.93599845886231,2,149.33137770223337,-37.868314070228195,60448.039232407304,31.168096590598108,LOSS,60485.90754647753,-0.06260683786736407
2019-07-19,32.5099983215332,33.33,2,149.1696465108491,-14.830689182509929,60433.20854322479,31.670166764913517,LOSS,60485.90754647753,-0.0871260850508776
2019-07-22,32.849998474121094,32.835098304748534,2,146.72065323108424,146.72065323108424,60579.92919645587,31.622549249672822,WIN,60579.92919645587,0.0
2019-07-23,33.4900016784668,33.17849845886231,2,141.8809447624491,141.8809447624491,60721.810141218324,30.339105929971602,WIN,60721.810141218324,0.0
2019-07-24,34.11000061035156,33.82490169525146,2,145.54086014322013,145.54086014322013,60867.351001361545,30.51601070643722,WIN,60867.351001361545,0.0
2019-07-25,33.66999816894531,34.45110061645508,2,146.31919730800544,-9.90129219394791,60857.449709167595,30.144462528854547,LOSS,60867.351001361545,-0.01626700033935883
2019-07-26,34.02000045776367,34.00669815063477,2,141.84849879053547,141.84849879053547,60999.29820795813,29.63698981066188,WIN,60999.29820795813,0.0
2019-07-29,33.47999954223633,34.36020046234131,2,140.65052232489532,-35.38966169610123,60963.90854626203,29.117385334431745,LOSS,60999.29820795813,-0.05801650631364507
2019-07-30,33.869998931884766,33.81479953765869,2,139.2834734483015,139.2834734483015,61103.19201971033,29.288375876278764,WIN,61103.19201971033,0.0
2019-07-31,30.450000762939453,34.20869892120361,2,138.08605405218557,-613.6535776006465,60489.53844210968,28.737686467234877,LOSS,61103.19201971033,-1.0042905408324665
2019-08-01,29.860000610351562,30.754500770568846,2,167.70595595195778,-11.194076091498971,60478.34436601818,38.200491533011146,LOSS,61103.19201971033,-1.022610493884823
2019-08-02,29.440000534057617,30.15860061645508,2,165.50481138306816,21.78479490357583,60500.12916092176,38.43271052050562,LOSS,61103.19201971033,-0.9869580276494235
2019-08-05,27.989999771118164,29.734400539398194,2,163.13409895518473,-185.74605470082136,60314.383106220936,38.423098774189526,LOSS,61103.19201971033,-1.2909455094178166
2019-08-06,28.860000610351562,28.269899768829347,2,159.55282518692272,159.55282518692272,60473.93593140786,39.47552174713231,WIN,61103.19201971033,-1.0298252308970843
2019-08-07,29.190000534057617,29.148600616455077,2,163.68325112828938,163.68325112828938,60637.61918253615,39.285551060167364,WIN,61103.19201971033,-0.7619451975994919
2019-08-08,33.91999816894531,29.481900539398193,2,164.50576440504457,164.50576440504457,60802.1249469412,39.04782222929447,WIN,61103.19201971033,-0.4927190590501649
2019-08-09,34.189998626708984,34.25919815063477,2,263.844531020012,250.0046262348556,61052.129573176055,53.22076080509645,LOSS,61103.19201971033,-0.08356755980572286
2019-08-12,32.43000030517578,34.53189861297607,2,266.00331237775595,-154.37634918230214,60897.75322399375,53.23209754962472,LOSS,61103.19201971033,-0.33621614342228223
2019-08-13,32.11000061035156,32.75430030822754,2,255.36115426830204,126.50121469310616,61024.254438686854,53.85435340015995,LOSS,61103.19201971033,-0.12918732788626588
2019-08-14,30.239999771118164,32.431100616455076,2,252.57299176016258,-185.64717730721983,60838.607261379635,53.799062767851524,LOSS,61103.19201971033,-0.4330129893137964
2019-08-15,29.670000076293945,30.542399768829345,2,243.72689156786254,69.24695306078266,60907.85421444042,55.081490450965816,LOSS,61103.19201971033,-0.3196851077876599
2019-08-16,31.18000030517578,29.966700077056885,2,239.1852626768109,239.1852626768109,61147.03947711723,55.09317811667272,WIN,61147.03947711723,0.0
2019-08-19,31.479999542236328,31.49180030822754,2,256.54467844804935,254.18452524980717,61401.22400236704,56.19342214153706,LOSS,61401.22400236704,0.0
2019-08-20,30.719999313354492,31.79479953765869,2,258.97805594970623,44.018011088866615,61445.24201345591,56.186073577265006,LOSS,61445.24201345591,0.0
2019-08-21,31.700000762939453,31.027199306488036,2,252.78268866317023,252.78268866317023,61698.02470211908,56.19833856950318,WIN,61698.02470211908,0.0
2019-08-22,31.899999618530273,32.01700077056885,2,262.2845384882515,238.88430808053636,61936.90901019962,56.49834477558208,LOSS,61936.90901019962,0.0
2019-08-23,29.540000915527344,32.21899961471558,2,263.83761957566895,-271.962120261978,61664.946889937644,56.47725725721318,LOSS,61936.90901019962,-0.4390954030611838
2019-08-26,30.280000686645508,29.835400924682617,2,252.63953183067093,252.63953183067093,61917.58642176831,58.34041675641471,WIN,61936.90901019962,-0.03119721138832573
2019-08-27,30.200000762939453,30.582800693511963,2,260.2863248147356,183.7263387002336,62101.31276046854,58.62831655518802,LOSS,62101.31276046854,0.0
2019-08-28,30.780000686645508,30.50200077056885,2,259.1779489757474,259.1779489757474,62360.49070944429,58.53617564487012,WIN,62360.49070944429,0.0
2019-08-29,31.450000762939453,31.087800693511962,2,246.53933900458185,246.53933900458185,62607.03004844887,54.75059406595361,WIN,62607.03004844887,0.0
2019-08-30,31.450000762939453,31.764500770568848,2,251.65874035334053,188.7587388274616,62795.78878727633,54.698622306247785,LOSS,62795.78878727633,0.0
2019-09-03,30.899999618530273,31.764500770568848,2,251.03643288599952,78.13620247828464,62873.92498975462,54.56774227781683,LOSS,62873.92498975462,0.0
2019-09-04,30.950000762939453,31.208999614715577,2,241.7815334172983,189.9817630620736,63063.90675281669,53.52640662649218,LOSS,63063.90675281669,0.0
2019-09-05,31.5,31.25950077056885,2,240.85586099030164,240.85586099030164,63304.762613807,53.24496673095709,WIN,63304.762613807,0.0
2019-09-06,30.559999465942383,31.815,2,245.39450981653596,-5.605596994987735,63299.15701681201,53.29924710143513,LOSS,63304.762613807,-0.008854937233057162
2019-09-09,30.5,30.865599460601807,2,176.78089119496437,103.66099907460298,63402.81801588661,40.03353752386155,LOSS,63402.81801588661,0.0
2019-09-10,30.229999542236328,30.805,2,175.94988410063104,60.94979254789672,63463.7678084345,39.928590702128474,LOSS,63463.7678084345,0.0
2019-09-11,29.760000228881836,30.53229953765869,2,167.4397865707826,12.979924815411579,63476.74773324991,38.4073699375896,LOSS,63476.74773324991,0.0
2019-09-12,30.209999084472656,30.057600231170653,2,165.1791267417675,165.1791267417675,63641.926859991676,38.483515603315084,WIN,63641.926859991676,0.0
2019-09-13,30.690000534057617,30.512099075317384,2,157.74505794702208,157.74505794702208,63799.6719179387,36.30899638454762,WIN,63799.6719179387,0.0
2019-09-16,30.829999923706055,30.996900539398194,2,159.5855257674829,126.20540262905507,63925.87732056776,36.16547663780582,LOSS,63925.87732056776,0.0
2019-09-17,30.989999771118164,31.138299922943116,2,150.76750852351077,121.10747815852045,64046.98479872628,34.117443114572275,LOSS,64046.98479872628,0.0
2019-09-18,30.420000076293945,31.299899768829345,2,151.26865625490672,-24.71128225217322,64022.2735164741,34.057404187278294,LOSS,64046.98479872628,-0.03858305325353182
2019-09-19,30.290000915527344,30.724200077056885,2,147.51916711256513,60.67933480665687,64082.95285128076,33.84710051373918,LOSS,64082.95285128076,0.0
2019-09-20,30.049999237060547,30.592900924682617,2,142.42052789485467,33.840190370440666,64116.7930416512,32.871382682966235,LOSS,64116.7930416512,0.0
2019-09-23,30.639999389648438,30.350499229431154,2,141.10305817225967,141.10305817225967,64257.89609982346,32.82978010297916,WIN,64257.89609982346,0.0
2019-09-24,29.520000457763672,30.94639938354492,2,118.32787164645163,-166.95191350979832,64090.94418631366,27.31515073746325,LOSS,64257.89609982346,-0.2598154057992265
2019-09-25,29.540000915527344,29.81520046234131,2,118.38449934475422,63.344589981961136,64154.28877629562,28.296983577984996,LOSS,64257.89609982346,-0.16123671924596797
2019-09-26,29.469999313354492,29.835400924682617,2,118.46732650166646,45.38700423604158,64199.67578053167,28.297570010001216,LOSS,64257.89609982346,-0.09060414801217709
2019-09-27,28.719999313354492,29.764699306488037,2,115.75728330637878,-93.18271532033017,64106.49306521134,27.752325155658063,LOSS,64257.89609982346,-0.2356177898774026
2019-09-30,28.989999771118164,29.007199306488037,2,112.0662940687498,108.62638699477527,64215.11945220611,27.580744798031525,LOSS,64257.89609982346,-0.06657025861988461
2019-10-01,28.760000228881836,29.279899768829345,2,114.0753929128289,10.095484923327007,64225.214937129436,27.7987635155822,LOSS,64257.89609982346,-0.0508593724314529
2019-10-02,28.309999465942383,29.047600231170655,2,112.19201404803698,-35.328138997617486,64189.88679813182,27.573761342476008,LOSS,64257.89609982346,-0.10583804609163094
2019-10-03,28.68000030517578,28.593099460601806,2,111.04130463759314,111.04130463759314,64300.92810276941,27.715051539822777,WIN,64300.92810276941,0.0
2019-10-04,29.010000228881836,28.96680030822754,2,111.42645490624625,111.42645490624625,64412.35455767565,27.46917632634764,WIN,64412.35455767565,0.0
2019-10-07,28.93000030517578,29.300100231170653,2,109.91704311641742,35.89705791744309,64448.25161559309,26.8327014452941,LOSS,64448.25161559309,0.0
2019-10-08,28.229999542236328,29.219300308227538,2,109.6124467158858,-88.24770648235622,64360.00390911074,26.832362659016333,LOSS,64448.25161559309,-0.1369280069981029
2019-10-09,28.459999084472656,28.51229953765869,2,109.3986796673113,98.93858903010427,64458.942498140845,27.40370048080591,LOSS,64458.942498140845,0.0
2019-10-10,28.3799991607666,28.74459907531738,2,110.01875481471255,37.09877190455653,64496.0412700454,27.340663170302598,LOSS,64496.0412700454,0.0
2019-10-11,29.75,28.663799152374267,2,107.87542238577252,107.87542238577252,64603.91669243118,26.913205094500334,WIN,64603.91669243118,0.0
2019-10-14,30.530000686645508,30.0475,2,125.5348689327485,125.5348689327485,64729.45156136393,29.681667315529246,WIN,64729.45156136393,0.0
2019-10-15,30.719999313354492,30.835300693511964,2,132.3985982857428,109.33832225424834,64838.78988361818,30.4556323342295,LOSS,64838.78988361818,0.0
2019-10-16,30.809999465942383,31.027199306488036,2,133.2842253347556,89.84425722562492,64928.6341408438,30.46890960725093,LOSS,64928.6341408438,0.0
2019-10-17,31.139999389648438,31.118099460601808,2,131.94940065460483,131.94940065460483,65060.58354149841,30.098515907145817,WIN,65060.58354149841,0.0
2019-10-18,30.969999313354492,31.45139938354492,2,133.6773790730355,37.397365034949814,65097.98090653336,30.16535936265391,LOSS,65097.98090653336,0.0
2019-10-21,32.029998779296875,31.279699306488038,2,132.73764499562813,132.73764499562813,65230.71855152899,30.120517424429202,WIN,65230.71855152899,0.0
2019-10-22,31.510000228881836,32.350298767089846,2,141.0404714444581,-27.019236197143982,65203.69931533185,30.896908950363745,LOSS,65230.71855152899,-0.041421031068051666
2019-10-23,31.360000610351562,31.825100231170655,2,132.58131993266792,39.56139576884942,65243.260711100695,29.601868522950603,LOSS,65243.260711100695,0.0
2019-10-24,31.719999313354492,31.67360061645508,2,132.26163481999092,132.26163481999092,65375.52234592068,29.667559366066747,WIN,65375.52234592068,0.0
2019-10-25,32.709999084472656,32.037199306488034,2,133.9380550163384,133.9380550163384,65509.46040093702,29.700530356083718,WIN,65509.46040093702,0.0
2019-10-28,33.689998626708984,33.037099075317386,2,136.5964173905376,136.5964173905376,65646.05681832756,29.392778182757716,WIN,65646.05681832756,0.0
2019-10-29,33.029998779296875,34.026898612976076,2,143.64179983869656,-55.738166897143685,65590.31865143041,29.9725268921641,LOSS,65646.05681832756,-0.0849071057708813
2019-10-30,33.130001068115234,33.360298767089844,2,143.50980003124673,97.45026023632474,65687.76891166673,30.509606721674615,LOSS,65687.76891166673,0.0
2019-10-31,33.93000030517578,33.46130107879639,2,141.11282794552977,141.11282794552977,65828.88173961226,29.94430694513622,WIN,65828.88173961226,0.0
2019-11-01,34.88999938964844,34.26930030822754,2,145.8047758143885,145.8047758143885,65974.68651542666,30.19470154228498,WIN,65974.68651542666,0.0
2019-11-04,36.290000915527344,35.238899383544926,2,152.0033013476291,152.0033013476291,66126.68981677429,30.58773390483109,WIN,66126.68981677429,0.0
2019-11-05,36.150001525878906,36.65290092468262,2,162.0935884550395,61.51370869429692,66188.20352546859,31.315147643546094,LOSS,66188.20352546859,0.0
2019-11-06,35.93000030517578,36.5115015411377,2,155.35531821264254,39.055071020259334,66227.25859648886,30.19665973046248,LOSS,66227.25859648886,0.0
2019-11-07,36.279998779296875,36.28930030822754,2,156.28248887406428,154.4221830879316,66381.68077957678,30.541393481068084,LOSS,66381.68077957678,0.0
2019-11-08,36.290000915527344,36.64279876708984,2,156.50971403247348,85.9501437199736,66467.63092329676,30.3052701142189,LOSS,66467.63092329676,0.0
2019-11-11,36.310001373291016,36.65290092468262,2,148.81035106467434,80.23044078635363,66547.86136408312,28.894085239707476,LOSS,66547.86136408312,0.0
2019-11-12,36.709999084472656,36.67310138702393,2,147.57037300730346,147.57037300730346,66695.43173709042,28.653265827741453,WIN,66695.43173709042,0.0
2019-11-13,37.52000045776367,37.077099075317385,2,149.17369253710135,149.17369253710135,66844.60542962753,28.649240070214866,WIN,66844.60542962753,0.0
2019-11-14,38.349998474121094,37.89520046234131,2,153.2348851627993,153.2348851627993,66997.84031479033,28.784929037291338,WIN,66997.84031479033,0.0
2019-11-15,38.560001373291016,38.73349845886231,2,157.58780331509718,122.88838620083885,67120.72870099117,28.9510448669678,LOSS,67120.72870099117,0.0
2019-11-18,39.880001068115234,38.94560138702393,2,156.78557228014327,156.78557228014327,67277.51427327131,28.665409591123726,WIN,67277.51427327131,0.0
2019-11-19,41.290000915527344,40.278801078796384,2,162.15463606197108,162.15463606197108,67439.66890933328,28.665728742169463,WIN,67439.66890933328,0.0
2019-11-20,40.97999954223633,41.702900924682616,2,165.5997162733795,21.019439784121857,67460.68834911741,28.299195535219084,LOSS,67460.68834911741,0.0
2019-11-21,39.52000045776367,41.38979953765869,2,165.19269831786065,-208.7671176611428,67251.92123145626,28.43417676793884,LOSS,67460.68834911741,-0.30946484948500946
2019-11-22,39.150001525878906,39.91520046234131,2,174.82560477573793,21.785817483257063,67273.70704893951,31.03143244299226,LOSS,67460.68834911741,-0.2771707564118606
2019-11-25,39.790000915527344,39.5415015411377,2,172.84454475560813,172.84454475560813,67446.55159369513,30.973265352340597,WIN,67460.68834911741,-0.020955545767813853
2019-11-26,38.9900016784668,40.187900924682616,2,173.2118133033709,-66.36803593979289,67380.18355775533,30.56461939308243,LOSS,67460.68834911741,-0.1193358581600263
2019-11-27,39.40999984741211,39.37990169525146,2,169.91266053445543,169.91266053445543,67550.09621828978,30.595725685196097,WIN,67550.09621828978,0.0
2019-11-29,39.150001525878906,39.80409984588623,2,171.5656718302986,40.74600782883434,67590.8422261186,30.565972126241505,LOSS,67590.8422261186,0.0
2019-12-02,38.72999954223633,39.5415015411377,2,170.18348832789115,7.883088547617092,67598.72531466623,30.52368085310404,LOSS,67598.72531466623,0.0
2019-12-03,38.900001525878906,39.11729953765869,2,167.1804071678598,123.7208048119034,67722.44611947813,30.3226110328897,LOSS,67722.44611947813,0.0
2019-12-04,39.689998626708984,39.289001541137694,2,159.44783885230862,159.44783885230862,67881.89395833045,28.88302443067924,WIN,67881.89395833045,0.0
2019-12-05,39.619998931884766,40.08689861297607,2,164.05916976937368,70.67923355111253,67952.57319188156,29.11186945426035,LOSS,67952.57319188156,0.0
2019-12-06,39.630001068115234,40.01619892120361,2,163.22884621375354,85.98927559607833,68038.56246747763,29.0215555040025,LOSS,68038.56246747763,0.0
2019-12-09,38.93000030517578,40.026301078796386,2,163.24504462110824,-56.0151101030128,67982.54735737463,29.01738142034503,LOSS,68038.56246747763,-0.08232847384125902
2019-12-10,39.439998626708984,39.31930030822754,2,163.5033704981808,163.5033704981808,68146.0507278728,29.551185229157838,WIN,68146.0507278728,0.0
2019-12-11,39.470001220703125,39.834398612976074,2,166.12746053232394,93.2479820777342,68239.29870995054,29.63204224105263,LOSS,68239.29870995054,0.0
2019-12-12,42.59000015258789,39.86470123291016,2,165.99818506648555,165.99818506648555,68405.29689501703,29.589200259410354,WIN,68405.29689501703,0.0
2019-12-13,41.150001525878906,43.01590015411377,2,211.387440694591,-161.7922849523823,68243.50461006464,34.600463705099926,LOSS,68405.29689501703,-0.2365201121788787
2019-12-16,42.349998474121094,41.561501541137694,2,210.60070593280525,210.60070593280525,68454.10531599745,35.6228274769663,WIN,68454.10531599745,0.0
2019-12-17,42.77000045776367,42.773498458862306,2,219.8468511102326,219.1472508905057,68673.25256688795,36.10773196390066,LOSS,68673.25256688795,0.0
2019-12-18,42.29999923706055,43.19770046234131,2,217.59477181851832,38.05452676236581,68711.30709365032,35.422263239975095,LOSS,68711.30709365032,0.0
2019-12-19,42.83000183105469,42.72299922943115,2,210.5342792458946,210.5342792458946,68921.84137289622,34.69212733271017,WIN,68921.84137289622,0.0
2019-12-20,44.150001525878906,43.25830184936523,2,213.28461605989295,213.28461605989295,69135.12598895612,34.70948932640009,WIN,69135.12598895612,0.0
2019-12-23,45.459999084472656,44.591501541137696,2,214.86708181052725,214.86708181052725,69349.99307076665,33.96177819877001,WIN,69349.99307076665,0.0
2019-12-24,46.540000915527344,45.91459907531738,2,222.8091020985109,222.8091020985109,69572.80217286517,34.189714950740495,WIN,69572.80217286517,0.0
2019-12-26,46.630001068115234,47.00540092468262,2,229.18775751080958,154.10778619733279,69726.9099590625,34.34396572581639,LOSS,69726.9099590625,0.0
2019-12-27,46.18000030517578,47.09630107879639,2,224.81091742444184,41.550762700320746,69768.46072176282,33.66025083760524,LOSS,69768.46072176282,0.0
2019-12-30,45.52000045776367,46.64180030822754,2,224.6957045520451,0.3357344592719471,69768.79645622209,33.95449111577584,LOSS,69768.79645622209,0.0
2019-12-31,45.86000061035156,45.975200462341306,2,223.18468797258112,200.14471757463247,69968.94117379672,34.20155840924381,LOSS,69968.94117379672,0.0
2020-01-02,49.099998474121094,46.31860061645508,2,222.67215795835736,222.67215795835736,70191.61333175507,33.887202124086926,WIN,70191.61333175507,0.0
2020-01-03,48.599998474121094,49.5909984588623,2,260.1343622432158,61.93436529497416,70253.54769705005,36.81456581467131,LOSS,70253.54769705005,0.0
2020-01-06,48.38999938964844,49.085998458862306,2,259.5949437979892,120.3951299552154,70373.94282700526,37.10167988826011,LOSS,70373.94282700526,0.0
2020-01-07,48.25,48.873899383544924,2,258.85211698446005,134.07224027547534,70508.01506728074,37.153467898165246,LOSS,70508.01506728074,0.0
2020-01-08,47.83000183105469,48.7325,2,258.5028299329312,78.00319614386837,70586.0182634246,37.20824868866454,LOSS,70586.0182634246,0.0
2020-01-09,48.970001220703125,48.308301849365236,2,253.9477584359783,253.9477584359783,70839.96602186059,36.889505471779245,WIN,70839.96602186059,0.0
2020-01-10,48.16999816894531,49.459701232910156,2,260.9008411542883,2.9602283613195937,70842.9262502219,37.011121193035294,LOSS,70842.9262502219,0.0
2020-01-13,48.75,48.651698150634765,2,260.08947274671243,260.08947274671243,71103.01572296862,37.484970332326405,WIN,71103.01572296862,0.0
2020-01-14,48.209999084472656,49.2375,2,233.77649649689243,28.276313391424253,71131.29203636004,33.489934321740705,LOSS,71131.29203636004,0.0
2020-01-15,48.54999923706055,48.69209907531739,2,221.9429300608426,193.52296240947462,71324.81499876952,32.22165878077247,LOSS,71324.81499876952,0.0
2020-01-16,49.77000045776367,49.03549922943115,2,220.18602183418014,220.18602183418014,71545.0010206037,31.769053182086083,WIN,71545.0010206037,0.0
2020-01-17,50.93000030517578,50.26770046234131,2,227.98038383433982,227.98038383433982,71772.98140443803,32.069585512133365,WIN,71772.98140443803,0.0
2020-01-21,51.04999923706055,51.43930030822754,2,231.99468823652848,154.13447400313044,71927.11587844117,31.900845196291385,LOSS,71927.11587844117,0.0
2020-01-22,51.43000030517578,51.56049922943115,2,232.8243808895659,206.72459603849185,72133.84047447966,31.93752259219854,LOSS,72133.84047447966,0.0
2020-01-23,51.709999084472656,51.94430030822754,2,230.69794182036895,183.83769706939228,72317.67817154905,31.44115295319972,LOSS,72317.67817154905,0.0
2020-01-24,50.349998474121094,52.22709907531738,2,227.95569831015925,-147.46442192909868,72170.21374961996,30.929728183939467,LOSS,72317.67817154905,-0.203911997256444
2020-01-27,49.2599983215332,50.853498458862305,2,227.1387269793684,-91.5613004864519,72078.6524491335,31.61000227840789,LOSS,72317.67817154905,-0.3305218425964163
2020-01-28,50.529998779296875,49.75259830474854,2,226.8378985586364,226.8378985586364,72305.49034769213,32.22986544833932,WIN,72317.67817154905,-0.016853173615457316
2020-01-29,47.5099983215332,51.03529876708984,2,234.86312350628893,-470.1969656050387,71835.2933820871,32.51483299291613,LOSS,72317.67817154905,-0.6670357810958205
2020-01-30,48.779998779296875,47.98509830474853,2,243.84454629708864,243.84454629708864,72079.13792838418,35.719467547700646,WIN,72317.67817154905,-0.32985052783223157
2020-01-31,47.0,49.26779876708984,2,253.54747810411965,-200.012275313849,71879.12565307034,36.151296201863936,LOSS,72317.67817154905,-0.6064250534127972
2020-02-03,48.02000045776367,47.47,2,223.3443300659717,223.3443300659717,72102.46998313631,33.20281547078811,WIN,72317.67817154905,-0.2975872481721994
2020-02-04,49.45000076293945,48.50020046234131,2,231.06640133721282,231.06640133721282,72333.53638447353,33.598827183384955,WIN,72333.53638447353,0.0
2020-02-05,49.84000015258789,49.94450077056885,2,243.39138670118547,222.49126310499338,72556.02764757852,34.32701040783462,LOSS,72556.02764757852,0.0
2020-02-06,49.31999969482422,50.33840015411377,2,245.4304786441162,41.75038678620581,72597.77803436473,34.342873092543485,LOSS,72597.77803436473,0.0
2020-02-07,49.72999954223633,49.81319969177246,2,243.12224437510528,226.48221446787878,72824.26024883261,34.37672807487587,LOSS,72824.26024883261,0.0
2020-02-10,52.2599983215332,50.227299537658695,2,242.18987977085456,242.18987977085456,73066.45012860346,33.98390169063653,WIN,73066.45012860346,0.0
2020-02-11,53.79999923706055,52.78259830474853,2,267.4427568085142,267.4427568085142,73333.89288541197,35.620604676348876,WIN,73333.89288541197,0.0
2020-02-12,53.88999938964844,54.337999229431155,2,278.9123732392933,189.3124052827498,73523.20529069472,36.06180049089651,LOSS,73523.20529069472,0.0
2020-02-13,54.529998779296875,54.42889938354492,2,277.6864398930955,277.6864398930955,73800.89173058781,35.85406357517511,WIN,73800.89173058781,0.0
2020-02-14,55.310001373291016,55.07529876708985,2,281.20089508202443,281.20089508202443,74082.09262566984,35.880341807533895,WIN,74082.09262566984,0.0
2020-02-18,56.88999938964844,55.863101387023924,2,283.22374238377546,283.22374238377546,74365.31636805362,35.64122939347272,WIN,74365.31636805362,0.0
2020-02-19,58.900001525878906,57.458899383544924,2,292.77540537187133,292.77540537187133,74658.09177342549,35.81109758954457,WIN,74658.09177342549,0.0
2020-02-20,57.27000045776367,59.4890015411377,2,308.7153978018473,-135.0848188729576,74523.00695455253,36.43950097100296,LOSS,74658.09177342549,-0.18093794746712402
2020-02-21,53.279998779296875,57.84270046234131,2,307.8947860686362,-604.6455505402513,73918.36140401228,37.33144195173908,LOSS,74658.09177342549,-0.9908241047175008
2020-02-24,49.119998931884766,53.812798767089845,2,316.3117027634409,-622.2482642775749,73296.1131397347,41.03936100592572,LOSS,74658.09177342549,-1.824288032734827
2020-02-25,47.56999969482422,49.611198921203616,2,315.98532254200524,-92.2545227338743,73203.85861700083,44.32105001898053,LOSS,74658.09177342549,-1.9478573881020218
2020-02-26,47.4900016784668,48.04569969177246,2,308.0813764381332,196.9417737770001,73400.80039077783,44.60846810596185,LOSS,74658.09177342549,-1.6840657894971676
2020-02-27,44.0099983215332,47.96490169525146,2,304.4925755481908,-486.4880991954611,72914.31229158238,44.18078242619208,LOSS,74658.09177342549,-2.3356871846325586
2020-02-28,45.47999954223633,44.450098304748536,2,288.58597442764983,288.58597442764983,73202.89826601003,45.14358775940224,WIN,74658.09177342549,-1.949143720190068
2020-03-02,47.459999084472656,45.93479953765869,2,299.88430506868946,299.88430506868946,73502.78257107871,45.384881378333304,WIN,74658.09177342549,-1.5474668249664638
2020-03-03,46.75,47.93459907531739,2,315.6218121992945,78.70199713581718,73581.48456821454,45.758645442966724,LOSS,74658.09177342549,-1.442050258233589
2020-03-04,50.11000061035156,47.2175,2,310.0406869582522,310.0406869582522,73891.52525517279,45.63704847158407,WIN,74658.09177342549,-1.0267695035376727
2020-03-05,48.11000061035156,50.611100616455076,2,349.1076885033147,-151.11231271738797,73740.4129424554,47.85247041085521,LOSS,74658.09177342549,-1.2291753099651825
2020-03-06,48.59000015258789,48.59110061645508,2,340.8290004706008,340.608907697163,74081.02185015257,48.629940358198844,LOSS,74658.09177342549,-0.772950271785987
2020-03-09,43.27000045776367,49.07590015411377,2,344.25359139520197,-816.9263478748171,73264.09550227775,48.633220595959315,LOSS,74658.09177342549,-1.8671737222781981
2020-03-10,45.380001068115234,43.70270046234131,2,340.26667068334245,340.26667068334245,73604.36217296109,53.78539762470702,WIN,74658.09177342549,-1.4114070898869073
2020-03-11,45.70000076293945,45.833801078796384,2,356.1694095928229,329.40934642143674,73933.77151938253,53.68484305967434,LOSS,74658.09177342549,-0.9701831868957362
2020-03-12,39.0099983215332,46.15700077056885,2,355.38206478652177,-1074.0184250206075,72859.75309436192,53.207378463315855,LOSS,74658.09177342549,-2.4087659305855555
2020-03-13,43.900001525878906,39.40009830474853,2,346.04245273320123,346.04245273320123,73205.79554709513,60.44480870970703,WIN,74658.09177342549,-1.9452629873501635
2020-03-16,38.709999084472656,44.3390015411377,2,430.65979062175455,-695.1407007112537,72510.65484638387,66.6584112155383,LOSS,74658.09177342549,-2.876361926793848
2020-03-17,41.880001068115234,39.09709907531738,2,399.0057807174096,399.0057807174096,72909.66062710129,69.949368762619,WIN,74658.09177342549,-2.341917807958973
2020-03-18,39.119998931884766,42.29880107879639,2,445.5142820648364,-190.24614731748795,72719.4144797838,72.13418314195195,LOSS,74658.09177342549,-2.5967410197480665
2020-03-19,39.81999969482422,39.511198921203615,2,416.17736850053643,416.17736850053643,73135.59184828433,72.13818160991886,WIN,74658.09177342549,-2.039296597295429
2020-03-20,39.61000061035156,40.21819969177246,2,425.48489708091387,303.845080796734,73439.43692908106,72.44723747515485,LOSS,74658.09177342549,-1.632314482458033
2020-03-23,41.63999938964844,40.00610061645508,2,417.94464046611427,417.94464046611427,73857.38156954717,71.56280892225114,WIN,74658.09177342549,-1.0725029060591822
2020-03-24,46.220001220703125,42.05639938354492,2,437.25926412016634,437.25926412016634,74294.64083366733,71.22845335572384,WIN,74658.09177342549,-0.4868205590643385
2020-03-25,44.630001068115234,46.68220123291016,2,508.8358141522385,98.39578119325347,74393.03661486058,74.58890824640797,LOSS,74658.09177342549,-0.35502535929970613
2020-03-26,47.5,45.076301078796384,2,493.59980232508633,493.59980232508633,74886.63641718567,74.92508015138388,WIN,74886.63641718567,0.0
2020-03-27,46.58000183105469,47.975,2,521.1755128222896,242.17587903322686,75128.8122962189,74.34496956806296,LOSS,75128.8122962189,0.0
2020-03-30,47.86000061035156,47.04580184936523,2,510.7074737496665,510.7074737496665,75639.51976996857,74.2919022643394,WIN,75639.51976996857,0.0
2020-03-31,45.47999954223633,48.338600616455075,2,522.6566945247953,-49.06352031895403,75590.45624964961,74.00377672616304,LOSS,75639.51976996857,-0.06486492837100132
2020-04-01,43.65999984741211,45.93479953765869,2,501.28392188758244,46.323983838266145,75636.78023348788,74.67541049056663,LOSS,75639.51976996857,-0.0036218321970028964
2020-04-02,44.4900016784668,44.09659984588623,2,474.031110481854,474.031110481854,76110.81134396973,73.58574392715401,WIN,76110.81134396973,0.0
2020-04-03,42.59000015258789,44.93490169525146,2,481.31476494626367,12.334456413549447,76123.14580038328,73.32884753259,LOSS,76123.14580038328,0.0
2020-04-06,47.52000045776367,43.01590015411377,2,463.40304870135674,463.40304870135674,76586.54884908463,73.73938263582254,WIN,76586.54884908463,0.0
2020-04-07,47.560001373291016,47.99520046234131,2,518.3466865188504,431.3068687087918,77017.85571779343,73.92067590639206,LOSS,77017.85571779343,0.0
2020-04-08,48.790000915527344,48.035601387023924,2,515.1482345278898,515.1482345278898,77533.00395232132,73.41517098565633,WIN,77533.00395232132,0.0
2020-04-09,48.380001068115234,49.27790092468262,2,529.340127057048,349.76015574357103,77882.76410806489,73.53299323358578,LOSS,77882.76410806489,0.0
2020-04-13,50.939998626708984,48.863801078796385,2,472.0448346554027,472.0448346554027,78354.8089427203,66.30789147060563,WIN,78354.8089427203,0.0
2020-04-14,54.93000030517578,51.449398612976076,2,467.7587625807416,467.7587625807416,78822.56770530103,62.50806091246646,WIN,78822.56770530103,0.0
2020-04-15,54.9900016784668,55.479300308227536,2,463.5226785062143,365.6629525540664,79188.23065785509,57.58617734020964,LOSS,79188.23065785509,0.0
2020-04-16,56.95000076293945,55.539901695251466,2,450.9604516468623,450.9604516468623,79639.19110950196,56.01424988970938,WIN,79639.19110950196,0.0
2020-04-17,56.599998474121094,57.51950077056885,2,443.17480484905724,259.2743455595066,79898.46545506147,53.24316202466847,LOSS,79898.46545506147,0.0
2020-04-20,56.970001220703125,57.165998458862305,2,442.85872705832804,403.6592794264921,80302.12473448795,53.52451594108419,LOSS,80302.12473448795,0.0
2020-04-21,52.91999816894531,57.539701232910154,2,444.1313157746388,-479.8092970183295,79822.31543746962,53.336145402611855,LOSS,80302.12473448795,-0.5975051078720311
2020-04-22,55.91999816894531,53.449198150634764,2,434.0483423978581,434.0483423978581,80256.36377986748,56.02218877248909,WIN,80302.12473448795,-0.05698598234079278
2020-04-23,55.900001525878906,56.479198150634765,2,431.60089834552053,315.7615733943487,80572.12535326183,52.82223951250531,LOSS,80572.12535326183,0.0
2020-04-24,56.18000030517578,56.459001541137695,2,424.0824253290249,368.2821781366421,80940.40753139846,51.95087681616637,LOSS,80940.40753139846,0.0
2020-04-27,56.4900016784668,56.74180030822754,2,415.25546392544743,364.895737973299,81305.30326937177,50.66153723870668,LOSS,81305.30326937177,0.0
2020-04-28,55.5099983215332,57.054901695251466,2,414.1856429602511,105.20496821659844,81410.50823758836,50.267976287930345,LOSS,81410.50823758836,0.0
2020-04-29,53.65999984741211,56.06509830474854,2,408.5613080583265,-72.45838340895926,81338.04985417941,50.45398750568081,LOSS,81410.50823758836,-0.08900372320179438
2020-04-30,52.38999938964844,54.19659984588623,2,388.6151349747647,27.29504372720561,81365.34489790662,49.67373160078779,LOSS,81410.50823758836,-0.055476056665736705
2020-05-01,49.880001068115234,52.91389938354492,2,374.23654262175376,-232.54312046418397,81132.80177744244,49.019613115655794,LOSS,81410.50823758836,-0.34111869113440435
2020-05-04,52.560001373291016,50.378801078796386,2,367.2792867909812,367.2792867909812,81500.08106423343,50.474613219425564,WIN,81500.08106423343,0.0
2020-05-05,52.189998626708984,53.08560138702393,2,384.4504349584233,205.32988289543454,81705.41094712885,50.15215172826593,LOSS,81705.41094712885,0.0
2020-05-06,52.15999984741211,52.71189861297607,2,335.97879970106067,225.59904658826827,81931.00999371712,44.352023919351865,LOSS,81931.00999371712,0.0
2020-05-07,51.95000076293945,52.68159984588623,2,335.85097230458797,189.5311557152321,82120.54114943235,44.36030368703757,LOSS,82120.54114943235,0.0
2020-05-08,53.189998626708984,52.46950077056885,2,332.797888073633,332.797888073633,82453.33903750598,44.14373794704861,WIN,82453.33903750598,0.0
2020-05-11,55.7400016784668,53.72189861297608,2,341.66900384780547,341.66900384780547,82795.0080413538,44.259081300464274,WIN,82795.0080413538,0.0
2020-05-12,53.7599983215332,56.297401695251466,2,355.8949393231572,-151.58573542049538,82643.4223059333,44.00345881789856,LOSS,82795.0080413538,-0.18308559779930195
2020-05-13,52.18000030517578,54.29759830474853,2,322.09156292381374,-101.42803699073659,82541.99426894257,41.3998800469215,LOSS,82795.0080413538,-0.30559061276357985
2020-05-14,54.5099983215332,52.70180030822754,2,316.4672250007649,316.4672250007649,82858.46149394334,41.88688020961657,WIN,82858.46149394334,0.0
2020-05-15,54.20000076293945,55.05509830474853,2,334.41137502789866,163.39186666608265,83021.85336060941,42.349548396003016,LOSS,83021.85336060941,0.0
2020-05-18,54.59000015258789,54.74200077056885,2,332.48995879303266,302.0898351968407,83323.94319580625,42.34715359272553,LOSS,83323.94319580625,0.0
2020-05-19,55.470001220703125,55.13590015411377,2,334.93807487033484,334.93807487033484,83658.88127067659,42.3538981541783,WIN,83658.88127067659,0.0
2020-05-20,56.38999938964844,56.024701232910154,2,313.90360905186924,313.90360905186924,83972.78487972845,39.201875629651596,WIN,83972.78487972845,0.0
2020-05-21,54.650001525878906,56.95389938354492,2,302.0846922552985,-158.69487927790465,83814.09000045055,37.20487437382177,LOSS,83972.78487972845,-0.1889837040717346
2020-05-22,55.16999816894531,55.19650154113769,2,298.55461405563346,293.25393961715747,84107.34394006772,37.905792369988035,LOSS,84107.34394006772,0.0
2020-05-26,53.189998626708984,55.721698150634765,2,301.8239328415155,-204.51597194364064,83902.82796812408,37.957172959335246,LOSS,84107.34394006772,-0.243160659180209
2020-05-27,52.7400016784668,53.72189861297608,2,297.43873911348606,101.05935221163014,84003.8873203357,38.75887995007368,LOSS,84107.34394006772,-0.12300545337126459
2020-05-28,51.7400016784668,53.267401695251465,2,293.87651282435917,-11.603490532574426,83992.28382980313,38.62771596796071,LOSS,84107.34394006772,-0.1368015025496192
2020-05-29,53.79999923706055,52.25740169525147,2,284.4208274420541,284.4208274420541,84276.70465724518,38.131252755039526,WIN,84276.70465724518,0.0
2020-06-01,53.630001068115234,54.337999229431155,2,301.5077466068992,159.9081143437151,84436.6127715889,38.83976236631956,LOSS,84436.6127715889,0.0
2020-06-02,53.540000915527344,54.16630107879639,2,285.6430167329871,160.38298407917847,84596.99575566807,37.00060998234888,LOSS,84596.99575566807,0.0
2020-06-03,52.72999954223633,54.07540092468262,2,268.56078028910923,-0.5194962001488648,84596.47625946792,34.9494758130095,LOSS,84596.99575566807,-0.0006140835091301819
2020-06-04,52.630001068115234,53.25729953765869,2,265.78992578058785,140.33023187189696,84736.80649133981,35.11156445295255,LOSS,84736.80649133981,0.0
2020-06-05,53.099998474121094,53.15630107879639,2,265.32090436686116,254.0603834318021,84990.86687477161,35.11596681229351,LOSS,84990.86687477161,0.0
2020-06-08,52.970001220703125,53.63099845886231,2,267.92605426068985,135.72660662885323,85126.59348140047,35.14533618001182,LOSS,85126.59348140047,0.0
2020-06-09,56.38999938964844,53.499701232910155,2,263.77422872361177,263.77422872361177,85390.36771012409,34.708802222653034,WIN,85390.36771012409,0.0
2020-06-10,57.439998626708984,56.95389938354492,2,293.6101099625694,293.6101099625694,85683.97782008666,36.210831216595345,WIN,85683.97782008666,0.0
2020-06-11,52.83000183105469,58.01439861297607,2,291.0221280663693,-745.8572283179078,84938.12059176875,35.28326447919599,LOSS,85683.97782008666,-0.8704745592974326
2020-06-12,53.5,53.35830184936523,2,302.00066433227516,302.00066433227516,85240.12125610102,39.582081316436,WIN,85683.97782008666,-0.518015824285864
2020-06-15,54.68000030517578,54.035000000000004,2,295.668983643706,295.668983643706,85535.79023974472,38.32575751554005,WIN,85683.97782008666,-0.17294666297250227
2020-06-16,54.459999084472656,55.22680030822754,2,304.78448543373287,151.42424068275642,85687.21448042747,38.63956583988178,LOSS,85687.21448042747,0.0
2020-06-17,54.54999923706055,55.00459907531739,2,303.4287121299551,212.50874447858712,85899.72322490606,38.62383830458754,LOSS,85899.72322490606,0.0
2020-06-18,54.040000915527344,55.095499229431155,2,302.42690085384794,91.32723807308565,85991.05046297915,38.441563363382876,LOSS,85991.05046297915,0.0
2020-06-19,54.22999954223633,54.58040092468262,2,298.19057978796116,228.11030329870255,86219.16076627786,38.26912020518708,LOSS,86219.16076627786,0.0
2020-06-22,54.7599983215332,54.77229953765869,2,294.02104542283496,291.5608021977377,86510.7215684756,37.63269342506041,LOSS,86510.7215684756,0.0
2020-06-23,53.9900016784668,55.30759830474854,2,296.9247181312857,33.40539287493749,86544.12696135053,37.63633595575624,LOSS,86544.12696135053,0.0
2020-06-24,52.38999938964844,54.52990169525147,2,285.95959479796784,-142.0208663226382,86402.10609502789,36.80448799586087,LOSS,86544.12696135053,-0.16410225778354823
2020-06-25,51.93000030517578,52.91389938354492,2,282.42060505186925,85.64078937804095,86487.74688440593,37.427604142940254,LOSS,86544.12696135053,-0.06514604621267231
2020-06-26,50.099998474121094,52.44930030822754,2,278.2576825179495,-191.6026843033402,86296.14420010259,37.21321456008458,LOSS,86544.12696135053,-0.2865390985556859
2020-06-29,50.279998779296875,50.60099845886231,2,265.3652085891943,201.16527267610792,86497.3094727787,36.80569304143948,LOSS,86544.12696135053,-0.054096667463917836
2020-06-30,52.61000061035156,50.782798767089844,2,266.5713865544565,266.5713865544565,86763.88085933315,36.83894494585347,WIN,86763.88085933315,0.0
2020-07-01,52.58000183105469,53.13610061645508,2,292.3174831492495,181.09772606917068,86944.97858540232,38.52278095259774,LOSS,86944.97858540232,0.0
2020-07-02,52.34000015258789,53.105801849365236,2,290.88071801029196,137.72037865482298,87082.69896405714,38.36300905130168,LOSS,87082.69896405714,0.0
2020-07-06,53.400001525878906,52.86340015411377,2,289.65595301624705,289.65595301624705,87372.35491707339,38.376020633071235,WIN,87372.35491707339,0.0
2020-07-07,52.93000030517578,53.9340015411377,2,297.3502678842206,96.55002069183752,87468.90493776523,38.60246248119816,LOSS,87468.90493776523,0.0
2020-07-08,53.43000030517578,53.45930030822754,2,295.1734547504153,289.3134541400635,87758.21839190529,38.657487086971585,LOSS,87758.21839190529,0.0
2020-07-09,57.2599983215332,53.96430030822754,2,272.5635871438729,272.5635871438729,88030.78197904916,35.51331081859914,WIN,88030.78197904916,0.0
2020-07-10,55.880001068115234,57.83259830474854,2,323.6052681619614,-66.91417916469902,87963.86779988447,39.152447059947775,LOSS,88030.78197904916,-0.07601225123800809
2020-07-13,53.59000015258789,56.43880107879639,2,277.03719249281875,-292.7229927488807,87671.14480713558,34.563454488037095,LOSS,88030.78197904916,-0.4085357006134176
2020-07-14,54.720001220703125,54.12590015411377,2,276.99780685981494,276.99780685981494,87948.1426139954,35.959865789081896,WIN,88030.78197904916,-0.09387553216718271
2020-07-15,55.34000015258789,55.26720123291015,2,282.5694348696089,282.5694348696089,88230.71204886501,35.927330620082415,WIN,88230.71204886501,0.0
2020-07-16,54.91999816894531,55.89340015411377,2,286.3619102727198,91.68151323902822,88322.39356210404,35.99795095524698,LOSS,88322.39356210404,0.0
2020-07-17,55.040000915527344,55.46919815063477,2,284.6565195556784,198.8170725341937,88521.21063463824,36.05430903677399,LOSS,88521.21063463824,0.0
2020-07-20,57.459999084472656,55.59040092468262,2,284.59124598371164,284.59124598371164,88805.80188062195,35.97171808377232,WIN,88805.80188062195,0.0
2020-07-21,57.0,58.03459907531738,2,308.6748762330014,101.75506116952522,88907.55694179147,37.30365605773495,LOSS,88907.55694179147,0.0
2020-07-22,61.790000915527344,57.57,2,306.6447697221184,306.6447697221184,89214.20171151358,37.35483123079082,WIN,89214.20171151358,0.0
2020-07-23,59.56999969482422,62.407900924682615,2,370.01836728481,-197.56187868686925,89016.63983282671,41.380264558793804,LOSS,89214.20171151358,-0.22144666980904704
2020-07-24,69.4000015258789,60.16569969177246,2,359.55031948696256,359.55031948696256,89376.19015231368,41.69405417363937,WIN,89376.19015231368,0.0
2020-07-27,68.97000122070312,70.0940015411377,2,542.7914135884412,317.9913495015261,89694.1815018152,53.50363042455005,LOSS,89694.1815018152,0.0
2020-07-28,67.61000061035156,69.65970123291015,2,529.632615232145,119.69249072042714,89813.87399253562,52.56420275059875,LOSS,89813.87399253562,0.0
2020-07-29,76.08999633789062,68.28610061645507,2,524.3266491423012,524.3266491423012,90338.20064167792,53.06683236906,WIN,90338.20064167792,0.0
2020-07-30,78.19999694824219,76.85089630126953,2,640.9883718200495,640.9883718200495,90979.18901349796,57.49130872070687,WIN,90979.18901349796,0.0
2020-07-31,77.43000030517578,78.98199691772462,2,656.9253635313877,346.5260410216209,91325.71505451958,57.33586012187174,LOSS,91325.71505451958,0.0
2020-08-03,77.66999816894531,78.20430030822754,2,651.8297739500382,544.9693460935918,91870.68440061317,57.45313264208569,LOSS,91870.68440061317,0.0
2020-08-04,85.04000091552734,78.44669815063476,2,655.2553322219782,655.2553322219782,92525.93973283515,57.57279794379656,WIN,92525.93973283515,0.0
2020-08-05,85.30999755859375,85.89040092468262,2,738.0778195379164,621.9971463201417,93147.93687915528,59.17864989125846,LOSS,93147.93687915528,0.0
2020-08-06,86.70999908447266,86.16309753417968,2,741.5679670035207,741.5679670035207,93889.5048461588,59.267565009904494,WIN,93889.5048461588,0.0
2020-08-07,84.8499984741211,87.57709907531738,2,742.5772723240725,197.15715208481572,94086.66199824362,58.416232850806665,LOSS,94086.66199824362,0.0
2020-08-10,82.23999786376953,85.6984984588623,2,725.4752975743297,33.775178555775256,94120.4371767994,58.32478658609722,LOSS,94120.4371767994,0.0
2020-08-11,76.87999725341797,83.06239784240722,2,697.4340290205896,-539.046088777261,93581.39108802214,57.864295627111446,LOSS,94120.4371767994,-0.57271949105453
2020-08-12,82.61000061035156,77.64879722595215,2,684.1584354367591,684.1584354367591,94265.5495234589,60.632883084376296,WIN,94265.5495234589,0.0
2020-08-13,81.83999633789062,83.43610061645508,2,748.0363888904623,428.8155331775715,94694.36505663648,61.664665609322505,LOSS,94694.36505663648,0.0
2020-08-14,81.30000305175781,82.65839630126953,2,741.5235416029956,469.8448917006514,95164.20994833713,61.70180827148228,LOSS,95164.20994833713,0.0
2020-08-17,82.41999816894531,82.1130030822754,2,738.4438198817327,738.4438198817327,95902.65376821886,61.84930713662522,WIN,95902.65376821886,0.0
2020-08-18,81.66000366210938,83.24419815063477,2,746.3856684351884,429.54677073010885,96332.20053894898,61.670263849116786,LOSS,96332.20053894898,0.0
2020-08-19,81.08999633789062,82.47660369873047,2,739.8052762733045,462.48380410533514,96794.68434305431,61.69472776545999,LOSS,96794.68434305431,0.0
2020-08-20,82.7699966430664,81.90089630126953,2,717.6638435383383,717.6638435383383,97512.34818659264,60.30990852962008,WIN,97512.34818659264,0.0
2020-08-21,83.80999755859375,83.59769660949708,2,719.8556475992116,719.8556475992116,98232.20383419185,59.29688983397178,WIN,98232.20383419185,0.0
2020-08-24,83.08000183105469,84.64809753417968,2,607.9666352313529,294.34749460635373,98526.5513287982,49.752646890080975,LOSS,98526.5513287982,0.0
2020-08-25,86.3499984741211,83.91080184936523,2,603.2054322788339,603.2054322788339,99129.75676107703,49.79518206164948,WIN,99129.75676107703,0.0
2020-08-26,86.0199966430664,87.2134984588623,2,625.56099050327,386.8606273440904,99516.61738842113,49.68898635207599,LOSS,99516.61738842113,0.0
2020-08-27,83.80000305175781,86.88019660949708,2,532.3200842462629,-83.71862730158989,99432.89876111955,42.703195774452055,LOSS,99516.61738842113,-0.08412527424924708
2020-08-28,85.55000305175781,84.63800308227539,2,522.1512877890821,522.1512877890821,99955.05004890863,42.984918979652164,WIN,99955.05004890863,0.0
2020-08-31,90.81999969482422,86.40550308227539,2,533.3888806413311,533.3888806413311,100488.43892954996,43.010702238450904,WIN,100488.43892954996,0.0
2020-09-01,92.18000030517578,91.72819969177246,2,589.6036973411418,589.6036973411418,101078.0426268911,44.711806109580834,WIN,101078.0426268911,0.0
2020-09-02,90.22000122070312,93.10180030822754,2,533.0888553318587,-43.27096217302403,101034.77166471808,40.02304788269987,LOSS,101078.0426268911,-0.04280945796778359
2020-09-03,82.54000091552734,91.12220123291016,2,527.4225362677798,-1189.017527208783,99845.7541375093,40.43863559538995,LOSS,101078.0426268911,-1.2191455803418532
2020-09-04,82.01000213623047,83.36540092468262,2,535.9981872188389,264.9184295284091,100110.6725670377,44.723687436463806,LOSS,101078.0426268911,-0.9570526245984393
2020-09-08,78.69000244140625,82.83010215759278,2,529.9444718572842,-298.0754713800211,99812.59709565768,44.51302020011314,LOSS,101078.0426268911,-1.2519489874814362
2020-09-09,81.91000366210938,79.47690246582032,2,512.9252560253345,512.9252560253345,100325.52235168302,44.88576328529034,WIN,101078.0426268911,-0.7444943092001247
2020-09-10,78.9800033569336,82.72910369873047,2,514.0614569239277,-235.7586114354474,100089.76374024757,43.28261912580804,LOSS,101078.0426268911,-0.9777384493797121
2020-09-11,76.33999633789062,79.76980339050293,2,466.0226505615304,-219.93875996093044,99869.82498028663,40.79947800731595,LOSS,101078.0426268911,-1.1953314638910748
2020-09-14,77.9000015258789,77.10339630126953,2,457.17529311755936,457.17529311755936,100327.00027340419,41.3825936272996,WIN,101078.0426268911,-0.743032150176496
2020-09-15,78.93000030517578,78.6790015411377,2,470.17112467735285,470.17112467735285,100797.17139808154,41.69280458632123,WIN,101078.0426268911,-0.27787561127032745
2020-09-16,76.66000366210938,79.71930030822755,2,476.2637039260598,-135.59562529757426,100661.57577278397,41.68240885082423,LOSS,101078.0426268911,-0.41202504845135535
2020-09-17,76.55000305175781,77.42660369873047,2,467.28194837122663,291.96181897669425,100953.53759176066,42.08926354904655,LOSS,101078.0426268911,-0.12317713312872797
2020-09-18,74.93000030517578,77.31550308227538,2,466.4738031125438,-10.626752307376819,100942.91083945328,42.07737103972884,LOSS,101078.0426268911,-0.13369054635993097
2020-09-21,77.94000244140625,75.67930030822754,2,454.7712075677219,454.7712075677219,101397.68204702101,41.9157621206504,WIN,101397.68204702101,0.0
2020-09-22,77.69999694824219,78.71940246582031,2,484.8764981851708,280.9953946695465,101678.67744169055,42.9202872794606,LOSS,101678.67744169055,0.0
2020-09-23,74.7300033569336,78.4769969177246,2,483.1472850514408,-266.2514271067615,101412.42601458379,42.90018852409728,LOSS,101678.67744169055,-0.2618557143010142
2020-09-24,75.81999969482422,75.47730339050293,2,459.1548532143327,459.1548532143327,101871.58086779813,42.41119728862333,WIN,101871.58086779813,0.0
2020-09-25,78.05999755859375,76.57819969177247,2,468.7864257828647,468.7864257828647,102340.36729358099,42.66719126901346,WIN,102340.36729358099,0.0
2020-09-28,79.4800033569336,78.8405975341797,2,487.4484092257248,487.4484092257248,102827.8157028067,43.07496199838477,WIN,102827.8157028067,0.0
2020-09-29,81.7699966430664,80.27480339050292,2,495.4533150632721,495.4533150632721,103323.26901786998,43.003194958730376,WIN,103323.26901786998,0.0
2020-09-30,81.98999786376953,82.58769660949707,2,485.2990604482997,365.75931130279145,103689.02832917278,41.02710372813149,LOSS,103689.02832917278,0.0
2020-10-01,84.86000061035156,82.80989784240722,2,483.9058467876546,483.9058467876546,104172.93417596044,40.80937498291457,WIN,104172.93417596044,0.0
2020-10-02,81.80000305175781,85.70860061645507,2,510.7074401477549,-271.0120727916971,103901.92210316875,41.57812741895495,LOSS,104172.93417596044,-0.2601559367944106
2020-10-05,86.1500015258789,82.6180030822754,2,443.8245377559055,443.8245377559055,104345.74664092466,37.65905850708394,WIN,104345.74664092466,0.0
2020-10-06,84.4800033569336,87.01150154113769,2,491.3885880589346,-14.911048781884688,104330.83559214277,39.49881100335456,LOSS,104345.74664092466,-0.01429003985490223
2020-10-07,86.69000244140625,85.32480339050294,2,469.442919491323,469.442919491323,104800.2785116341,38.52636804104152,WIN,104800.2785116341,0.0
2020-10-08,86.51000213623047,87.55690246582031,2,473.4505051133046,264.0704391953354,105064.34895082943,37.89514064592499,LOSS,105064.34895082943,0.0
2020-10-09,83.0999984741211,87.37510215759278,2,457.4089840573368,-397.61175263700005,104666.73719819242,36.74380122350729,LOSS,105064.34895082943,-0.37844593014428823
2020-10-12,84.29000091552734,83.9309984588623,2,444.06692082039194,444.06692082039194,105110.80411901281,37.11693115629748,WIN,105110.80411901281,0.0
2020-10-13,85.27999877929688,85.13290092468262,2,448.91367810061917,448.91367810061917,105559.71779711344,36.99825553060136,WIN,105559.71779711344,0.0
2020-10-14,84.20999908447266,86.13279876708984,2,453.9505901631724,69.39065363973606,105629.10845075318,36.97997897101753,LOSS,105629.10845075318,0.0
2020-10-15,83.12999725341797,85.05209907531739,2,440.2632830802924,55.842918700408916,105684.95136945359,36.352266217721564,LOSS,105684.95136945359,0.0
2020-10-16,83.16999816894531,83.96129722595215,2,437.2484761242907,278.9886647229229,105963.94003417651,36.561655064691564,LOSS,105963.94003417651,0.0
2020-10-19,82.0,84.00169815063477,2,430.9509615774849,30.61133145053168,105994.55136562705,36.04409112714548,LOSS,105994.55136562705,0.0
2020-10-20,81.55999755859375,82.82000000000001,2,415.3438852141319,163.3433969328804,106157.89476255992,35.274189446138834,LOSS,106157.89476255992,0.0
2020-10-21,79.19999694824219,82.37559753417969,2,413.4385542100418,-221.68156297745867,105936.21319958246,35.3004130618054,LOSS,106157.89476255992,-0.208822493582124
2020-10-22,79.41999816894531,79.9919969177246,2,394.74283621232127,280.3430864564626,106216.55628603892,34.73814422387227,LOSS,106216.55628603892,0.0
2020-10-23,81.95999908447266,80.21419815063477,2,394.45979243507475,394.45979243507475,106611.016078474,34.62324977365243,WIN,106611.016078474,0.0
2020-10-26,82.2300033569336,82.77959907531738,2,408.5052152385545,298.5860715617976,106909.6021500358,34.73864281226956,LOSS,106909.6021500358,0.0
2020-10-27,78.87999725341797,83.05230339050293,2,407.22928634440996,-427.2319410725819,106482.37020896323,34.527760964591906,LOSS,106909.6021500358,-0.3996198026001473
2020-10-28,76.4000015258789,79.66879722595215,2,399.2310050209692,-254.52813499367903,106227.84207396954,35.24823354770645,LOSS,106909.6021500358,-0.6376977019421379
2020-10-29,78.0199966430664,77.1640015411377,2,394.32203553853407,394.32203553853407,106622.16410950807,35.909922164282406,WIN,106909.6021500358,-0.26886082704184594
2020-10-30,75.29000091552734,78.80019660949706,2,394.374872640351,-307.6642661535931,106314.49984335448,35.205551353990145,LOSS,106909.6021500358,-0.5566406522083592
2020-11-02,74.69999694824219,76.04290092468261,2,379.9424829576204,111.3616876695354,106425.86153102401,35.149956095447834,LOSS,106909.6021500358,-0.4524763064153156
2020-11-03,76.58000183105469,75.4469969177246,2,342.586002618589,342.586002618589,106768.4475336426,32.10582853872104,WIN,106909.6021500358,-0.13203174790147681
2020-11-04,81.3499984741211,77.34580184936523,2,359.68592620811205,359.68592620811205,107128.13345985071,32.83808492034177,WIN,107128.13345985071,0.0
2020-11-05,83.0,82.1634984588623,2,418.66637778650056,418.66637778650056,107546.79983763721,35.81202828500102,WIN,107546.79983763721,0.0
2020-11-06,85.87999725341797,83.83,2,432.2022864777349,432.2022864777349,107979.00212411495,36.21400748364036,WIN,107979.00212411495,0.0
2020-11-09,83.12000274658203,86.73879722595215,2,443.4416967633306,-280.3171991106941,107698.68492500426,35.92461117040759,LOSS,107979.00212411495,-0.2596034354795084
2020-11-10,77.98999786376953,83.95120277404786,2,438.03589920967295,-754.2050828459923,106944.47984215827,36.628498507598785,LOSS,107979.00212411495,-0.958077275772161
2020-11-11,81.27999877929688,78.76989784240723,2,439.66916304364713,439.66916304364713,107384.1490052019,39.059847638170396,WIN,107979.00212411495,-0.5508970329521093
2020-11-12,81.83999633789062,82.09279876708985,2,473.9905150868612,423.430029247017,107807.57903444892,40.343495091987265,LOSS,107979.00212411495,-0.1587559491140604
2020-11-13,81.43000030517578,82.65839630126953,2,476.56103176253896,230.8818325437885,108038.46086699271,40.287312329331655,LOSS,108038.46086699271,0.0
2020-11-16,83.7300033569336,82.24430030822754,2,474.3355745459989,474.3355745459989,108512.79644153871,40.30046988261082,WIN,108512.79644153871,0.0
2020-11-17,83.36000061035156,84.56730339050293,2,492.336436312082,250.8758802818088,108763.67232182052,40.66410501261143,LOSS,108763.67232182052,0.0
2020-11-18,82.54000091552734,84.19360061645507,2,490.06121586483704,159.3412756792914,108923.01359749981,40.656203104073185,LOSS,108923.01359749981,0.0
2020-11-19,85.54000091552734,83.36540092468262,2,478.56292692575767,478.56292692575767,109401.57652442557,40.12108828646885,WIN,109401.57652442557,0.0
2020-11-20,84.63999938964844,86.39540092468262,2,505.09843149280994,154.01812448597366,109555.59464891154,40.82796611932547,LOSS,109555.59464891154,0.0
2020-11-23,85.30999755859375,85.48639938354492,2,494.4553676037545,459.17500261352035,110014.76965152507,40.41154195998378,LOSS,110014.76965152507,0.0
2020-11-24,85.06999969482422,86.16309753417968,2,498.6331196975158,280.0135518264227,110294.7832033515,40.43198860745295,LOSS,110294.7832033515,0.0
2020-11-25,86.70999908447266,85.92069969177246,2,480.88921525507607,480.88921525507607,110775.67241860657,39.161430240908814,WIN,110775.67241860657,0.0
2020-11-27,87.19000244140625,87.57709907531738,2,479.41717072422205,401.9978439419965,111177.67026254856,38.34195678175136,LOSS,111177.67026254856,0.0
2020-11-30,92.66000366210938,88.06190246582031,2,480.0102054888688,480.0102054888688,111657.68046803743,38.185614213562545,WIN,111657.68046803743,0.0
2020-12-01,92.62999725341797,93.58660369873047,2,520.6292688397089,329.3079797772084,111986.98844781464,38.935486812134634,LOSS,111986.98844781464,0.0
2020-12-02,93.73999786376953,93.55629722595215,2,518.2479748360392,518.2479748360392,112505.23642265068,38.77748601013347,WIN,112505.23642265068,0.0
2020-12-03,92.30999755859375,94.67739784240723,2,522.4549447578419,48.97488799514565,112554.21131064583,38.636132674621464,LOSS,112554.21131064583,0.0
2020-12-04,94.04000091552734,93.23309753417969,2,491.07213684881674,491.07213684881674,113045.28344749464,36.95851416988596,WIN,113045.28344749464,0.0
2020-12-07,94.06999969482422,94.98040092468261,2,499.8499669728124,317.76972100113363,113363.05316849578,36.9285885259964,LOSS,113363.05316849578,0.0
2020-12-08,92.91999816894531,95.01069969177246,2,491.20356860450977,73.06326403908054,113436.11643253487,36.30941953299092,LOSS,113436.11643253487,0.0
2020-12-09,89.83000183105469,93.84919815063476,2,472.93988740043585,-330.8993765155792,113105.21705601929,35.436798540507695,LOSS,113436.11643253487,-0.29170548756610076
2020-12-10,91.66000366210938,90.72830184936524,2,420.9069017855018,420.9069017855018,113526.1239578048,32.76353345179308,WIN,113526.1239578048,0.0
2020-12-11,91.6500015258789,92.57660369873047,2,415.24729544889436,229.92686087858243,113756.05081868338,31.73635997467174,LOSS,113756.05081868338,0.0
2020-12-14,94.77999877929688,92.5665015411377,2,415.71439205660727,415.71439205660727,114171.76521073998,31.77334053961322,WIN,114171.76521073998,0.0
2020-12-15,97.12000274658203,95.72779876708985,2,438.313921377675,438.313921377675,114610.07913211765,32.35970216694473,WIN,114610.07913211765,0.0
2020-12-16,96.8499984741211,98.09120277404786,2,447.2620872291126,199.02122724375977,114809.10035936142,32.232122259817736,LOSS,114809.10035936142,0.0
2020-12-17,96.83999633789062,97.81849845886231,2,445.49605027759435,249.79562608325773,115058.89598544467,32.19643130389494,LOSS,115058.89598544467,0.0
2020-12-18,95.91999816894531,97.80839630126954,2,441.86309213200127,64.18346566715593,115123.07945111183,31.951434985583624,LOSS,115123.07945111183,0.0
2020-12-21,93.2300033569336,96.87919815063476,2,429.2839761723206,-300.55498256791344,114822.52446854391,31.373481363209816,LOSS,115123.07945111183,-0.2610727440587209
2020-12-22,93.16000366210938,94.16230339050293,2,429.3262545831677,228.86630890445724,115051.39077744837,32.23060363018192,LOSS,115123.07945111183,-0.06227133082720021
2020-12-23,91.55000305175781,94.09160369873047,2,429.30122338779864,-79.01890600673215,114972.37187144163,32.25171333440377,LOSS,115123.07945111183,-0.1309099620933932
2020-12-24,91.80999755859375,92.46550308227539,2,427.3310700440634,296.22996530773537,115268.60183674937,32.64540240534152,LOSS,115268.60183674937,0.0
2020-12-28,91.5999984741211,92.72809753417968,2,425.2810100061481,199.6611979944305,115468.2630347438,32.41027567742873,LOSS,115468.2630347438,0.0
2020-12-29,90.62000274658203,92.5159984588623,2,424.5695795736423,45.37043711758872,115513.63347186138,32.42914575109647,LOSS,115513.63347186138,0.0
2020-12-30,92.29000091552734,91.52620277404785,2,365.6895673732601,365.6895673732601,115879.32303923464,28.46302293584853,WIN,115879.32303923464,0.0
2020-12-31,91.70999908447266,93.21290092468261,2,378.4911735962486,77.91080555425697,115957.2338447889,28.897516844685548,LOSS,115957.2338447889,0.0
2021-01-04,92.30000305175781,92.62709907531739,2,374.08081526575586,308.66161055384055,116265.89545534275,28.750984402962878,LOSS,116265.89545534275,0.0
2021-01-05,92.7699966430664,93.2230030822754,2,373.544761745906,282.94347390410775,116548.83892924685,28.54010884158115,LOSS,116548.83892924685,0.0
2021-01-06,90.33000183105469,93.69769660949707,2,369.67484182375756,-303.86411386471934,116244.97481538213,28.128571589948173,LOSS,116548.83892924685,-0.2607182676862085
2021-01-07,95.16000366210938,91.23330184936523,2,370.4566422002497,370.4566422002497,116615.43145758238,28.897782992054054,WIN,116615.43145758238,0.0
2021-01-08,94.58000183105469,96.11160369873046,2,432.7856056091425,126.46523207398752,116741.89668965637,31.853290507118626,LOSS,116741.89668965637,0.0
2021-01-11,97.25,95.52580184936524,2,412.9066575484023,412.9066575484023,117154.80334720477,30.647546822937393,WIN,117154.80334720477,0.0
2021-01-12,95.36000061035156,98.2225,2,429.730293770748,-142.7695841589388,117012.03376304582,30.998993782675242,LOSS,117154.80334720477,-0.12186404661175265
2021-01-13,91.77999877929688,96.31360061645508,2,428.4554300608729,-478.26493737076737,116533.76882567506,31.489849478673985,LOSS,117154.80334720477,-0.5300973615987299
2021-01-14,90.79000091552734,92.69779876708985,2,416.5165064805205,34.95693616801924,116568.72576184307,31.78865213278488,LOSS,117154.80334720477,-0.5002591175239915
2021-01-15,88.20999908447266,91.69790092468261,2,402.96514189139947,-294.61522615059204,116274.11053569248,31.12870411549645,LOSS,117154.80334720477,-0.7517342749509205
2021-01-19,89.44999694824219,89.09209907531738,2,399.64585847334536,399.64585847334536,116673.75639416583,31.738468390593475,WIN,117154.80334720477,-0.4106079642447845
2021-01-20,88.75,90.34449691772461,2,409.42676191021627,90.52737836529383,116764.28377253113,32.04629735931472,LOSS,117154.80334720477,-0.3333363750492439
2021-01-21,91.52999877929688,89.6375,2,406.00582654409027,406.00582654409027,117170.28959907521,32.03012930042038,WIN,117170.28959907521,0.0
2021-01-22,92.79000091552734,92.44529876708984,2,424.7496913699277,424.7496913699277,117595.03929044514,32.46560780072839,WIN,117595.03929044514,0.0
2021-01-25,94.12999725341797,93.71790092468262,2,433.2257098825325,433.2257098825325,118028.26500032768,32.65300545026374,WIN,118028.26500032768,0.0
2021-01-26,94.70999908447266,95.07129722595215,2,437.5685491142046,365.3089208183057,118393.57392114599,32.51855026183248,LOSS,118393.57392114599,0.0
2021-01-27,88.83999633789062,95.65709907531739,2,440.51642059543974,-922.9041268899132,117470.66979425607,32.536128583582624,LOSS,118393.57392114599,-0.7795221449304341
2021-01-28,87.5199966430664,89.72839630126953,2,458.09570393297065,16.41577229234656,117487.08556654841,35.87770897918737,LOSS,118393.57392114599,-0.7656567198497838
2021-01-29,85.63999938964844,88.39519660949708,2,452.29059306336785,-98.74885090636008,117388.33671564206,35.95338682557448,LOSS,118393.57392114599,-0.849063992420274
2021-02-01,87.66000366210938,86.49639938354493,2,441.85648166351575,441.85648166351575,117830.19319730558,35.89788911245299,WIN,118393.57392114599,-0.4758541407117599
2021-02-02,88.86000061035156,88.53660369873047,2,459.2915502371964,459.2915502371964,118289.48474754277,36.42704912673293,WIN,118393.57392114599,-0.0879179250662267
2021-02-03,87.88999938964844,89.74860061645508,2,467.35155236814904,95.6313070068208,118385.11605454958,36.5589987314483,LOSS,118393.57392114599,-0.007143856137023513
2021-02-04,87.83999633789062,88.76889938354492,2,462.5660212808992,276.78541215004026,118661.90146669962,36.58278815274349,LOSS,118661.90146669962,0.0
2021-02-05,87.9000015258789,88.71839630126954,2,456.0752109945409,292.396255916415,118954.29772261604,36.113844700921604,LOSS,118954.29772261604,0.0
2021-02-08,91.47000122070312,88.7790015411377,2,421.8057524960658,421.8057524960658,119376.1034751121,33.511661627505106,WIN,119376.1034751121,0.0
2021-02-09,90.91000366210938,92.38470123291016,2,460.8928363589118,165.95332219875473,119542.05679731086,35.09932395695948,LOSS,119542.05679731086,0.0
2021-02-10,92.3499984741211,91.81910369873047,2,447.5297445584442,447.5297445584442,119989.5865418693,34.33235775303031,WIN,119989.5865418693,0.0
2021-02-11,92.66000366210938,93.2734984588623,2,454.957163065356,332.2582037147697,120321.84474558407,34.35661243620174,LOSS,120321.84474558407,0.0
2021-02-12,93.7699966430664,93.58660369873047,2,439.46325020144127,439.46325020144127,120761.30799578551,33.14158729403265,WIN,120761.30799578551,0.0
2021-02-16,91.45999908447266,94.70769660949708,2,444.31371730411973,-205.22578770076444,120556.08220808474,33.11238779162727,LOSS,120761.30799578551,-0.1699433296200529
2021-02-17,89.94000244140625,92.37459907531738,2,430.62553220635317,-56.293794575872255,120499.78841350887,32.914040236107226,LOSS,120761.30799578551,-0.21655908387955425
2021-02-18,88.63999938964844,90.83940246582031,2,425.4449253373432,-14.435689897032034,120485.35272361184,33.05936437091249,LOSS,120761.30799578551,-0.22851298710949683
2021-02-19,89.58000183105469,89.52639938354493,2,421.1632466007766,421.1632466007766,120906.51597021261,33.19873722679994,WIN,120906.51597021261,0.0
2021-02-22,85.37000274658203,90.47580184936524,2,414.49229736782235,-606.6675231888194,120299.84844702379,32.37638735992628,LOSS,120906.51597021261,-0.501765780215092
2021-02-23,84.73999786376953,86.22370277404785,2,415.41157072254606,118.67058866688211,120418.51903569067,33.956896265057836,LOSS,120906.51597021261,-0.40361508278194846
2021-02-24,86.94000244140625,85.58739784240723,2,408.4220291037891,408.4220291037891,120826.94106479446,33.650614055064196,WIN,120906.51597021261,-0.0658152331821018
2021-02-25,82.41999816894531,87.80940246582031,2,428.3523415310434,-649.5285178439566,120177.41254695051,34.36020529705188,LOSS,120906.51597021261,-0.6030307112990746
2021-02-26,84.51000213623047,83.24419815063477,2,394.4505744853605,394.4505744853605,120571.86312143588,33.42673203300488,WIN,120906.51597021261,-0.27678644619879955
2021-03-01,86.38999938964844,85.35510215759277,2,411.49471570208823,411.49471570208823,120983.35783713797,33.97786562088835,WIN,120983.35783713797,0.0
2021-03-02,84.12999725341797,87.25389938354492,2,421.4097517933375,-203.37067423205258,120779.98716290592,34.03612975037787,LOSS,120983.35783713797,-0.1680980573425793
2021-03-03,80.86000061035156,84.97129722595214,2,411.2160294320551,-411.0432936880608,120368.94386921785,34.10142841197885,LOSS,120983.35783713797,-0.507849987720801
2021-03-04,77.75,81.66860061645508,2,405.598426002598,-378.1216972884181,119990.82217192944,34.949346315750006,LOSS,120983.35783713797,-0.8203902445364727
2021-03-05,78.5199966430664,78.5275,2,400.31785401669913,398.8171826299797,120389.63935455942,35.827239814684866,LOSS,120983.35783713797,-0.49074392808454464
2021-03-08,73.95999908447266,79.30519660949707,2,406.290298205756,-662.7492067991275,119726.89014776029,35.99638147025355,LOSS,120983.35783713797,-1.0385458891536758
2021-03-09,78.52999877929688,74.69959907531738,2,404.4794606414374,404.4794606414374,120131.36960840173,37.944582970699756,WIN,120983.35783713797,-0.7042193603876886
2021-03-10,77.5199966430664,79.31529876708984,2,450.0808104444278,91.02038563974054,120222.38999404147,39.68038367225508,LOSS,120983.35783713797,-0.6289855536336478
2021-03-11,81.2300033569336,78.29519660949707,2,444.5241576336206,444.5241576336206,120666.9141516751,39.70017868039048,WIN,120983.35783713797,-0.26155968152979714
2021-03-12,81.05000305175781,82.04230339050294,2,485.4933786063334,287.0333108573085,120953.94746253241,41.30388809189776,LOSS,120983.35783713797,-0.024309438199883144
2021-03-15,82.5,81.86050308227539,2,483.8504887399024,483.8504887399024,121437.79795127231,41.257610401546586,WIN,121437.79795127231,0.0
2021-03-16,82.75,83.325,2,494.450195393866,379.45019539386544,121817.24814666617,41.413432921024395,LOSS,121817.24814666617,0.0
2021-03-17,82.62999725341797,83.5775,2,493.4894919472402,303.98894263083383,122121.237089297,41.21687698896736,LOSS,122121.237089297,0.0
2021-03-18,78.12000274658203,83.45629722595216,2,491.58724336103694,-575.6716525129879,121545.56543678402,41.12189202439994,LOSS,122121.237089297,-0.47139356448874514
2021-03-19,79.05999755859375,78.90120277404785,2,482.19072000630945,482.19072000630945,122027.75615679033,42.59807027475204,WIN,122121.237089297,-0.07654764620368174
2021-03-22,80.30000305175781,79.85059753417968,2,488.34126819149066,488.34126819149066,122516.09742498182,42.62722594097744,WIN,122516.09742498182,0.0
2021-03-23,78.37999725341797,81.1030030822754,2,485.25704682189644,-59.34411894958839,122456.75330603223,41.742271434702076,LOSS,122516.09742498182,-0.04843781363990194
2021-03-24,76.4800033569336,79.16379722595215,2,476.72828872419,-60.03048507952161,122396.72282095271,42.0016765625667,LOSS,122516.09742498182,-0.0974358525435483
2021-03-25,76.22000122070312,77.24480339050292,2,461.2579941288903,256.2975601689306,122653.02038112163,41.66317235222529,LOSS,122653.02038112163,0.0
2021-03-26,77.41000366210938,76.98220123291016,2,443.19095781372476,443.19095781372476,123096.21133893536,40.2313929759111,WIN,123096.21133893536,0.0
2021-03-29,77.13999938964844,78.18410369873047,2,446.46822235757196,237.64736054116594,123333.85869947652,39.920185079123016,LOSS,123333.85869947652,0.0
2021-03-30,76.0,77.91139938354492,2,439.2935971476886,57.013720438705036,123390.87241991522,39.43852435574436,LOSS,123390.87241991522,0.0
2021-03-31,78.5,76.76,2,430.02711401927843,430.02711401927843,123820.8995339345,39.19705925750025,WIN,123820.8995339345,0.0
2021-04-01,81.08999633789062,79.285,2,443.992303650477,443.992303650477,124264.89183758498,39.181855530213326,WIN,124264.89183758498,0.0
2021-04-05,81.43000030517578,81.90089630126953,2,454.4285458012338,360.2493465824848,124625.14118416746,38.83823614217812,LOSS,124625.14118416746,0.0
2021-04-06,81.44000244140625,82.24430030822754,2,455.8782324297294,295.01865906547204,124920.15984323293,38.80122092891213,LOSS,124920.15984323293,0.0
2021-04-07,82.19999694824219,82.25440246582032,2,421.26048576965616,410.3793822540297,125330.53922548697,35.98509563993752,LOSS,125330.53922548697,0.0
2021-04-08,83.3499984741211,83.0219969177246,2,390.17288725604334,390.17288725604334,125720.71211274301,33.16724302876249,WIN,125720.71211274301,0.0
2021-04-09,82.76000213623047,84.1834984588623,2,393.9935379659821,109.29427343961527,125830.00638618263,33.037258402917466,LOSS,125830.00638618263,0.0
2021-04-12,78.58000183105469,83.58760215759277,2,367.34357342520843,-634.176491882408,125195.82989430023,31.130224713220997,LOSS,125830.00638618263,-0.5039946433254281
2021-04-13,80.19000244140625,79.36580184936524,2,377.62147638642944,377.62147638642944,125573.45137068666,33.55708249261847,WIN,125830.00638618263,-0.20389017124308956
2021-04-14,78.55000305175781,80.99190246582032,2,386.50426505814465,-101.87561775435626,125471.5757529323,33.65159432622352,LOSS,125830.00638618263,-0.28485306767789537
2021-04-15,83.01000213623047,79.3355030822754,2,382.0287862636584,382.0287862636584,125853.60453919596,33.94034347181153,WIN,125853.60453919596,0.0
2021-04-16,82.1500015258789,83.84010215759277,2,437.7856161690481,99.76548982627594,125953.37002902223,36.654746580949805,LOSS,125953.37002902223,0.0
2021-04-19,81.11000061035156,82.9715015411377,2,402.79870765551743,30.4985214982903,125983.86855052052,34.20292905271042,LOSS,125983.86855052052,0.0
2021-04-20,79.2699966430664,81.92110061645508,2,398.99853468165935,-131.22225999607502,125852.64629052444,34.30887407909614,LOSS,125983.86855052052,-0.10415798586424528
2021-04-21,81.61000061035156,80.06269660949707,2,393.1639890224978,393.1639890224978,126245.81027954693,34.57729187001924,WIN,126245.81027954693,0.0
2021-04-22,79.05999755859375,82.42610061645507,2,406.80067357650603,-266.4199379957587,125979.39034155117,34.74187839773213,LOSS,126245.81027954693,-0.21103269677292402
2021-04-23,82.76000213623047,79.85059753417968,2,398.2554688847006,398.2554688847006,126377.64581043588,35.090398563529156,WIN,126377.64581043588,0.0
2021-04-26,85.41000366210938,83.58760215759277,2,435.37341289537557,435.37341289537557,126813.01922333126,36.567332987862784,WIN,126813.01922333126,0.0
2021-04-27,85.20999908447266,86.26410369873047,2,455.4143348618778,244.5934120103159,127057.61263534157,37.03974308978833,LOSS,127057.61263534157,0.0
2021-04-28,84.0199966430664,86.06209907531738,2,454.16482729606605,45.744340845871875,127103.35697618745,37.025532852272974,LOSS,127103.35697618745,0.0
2021-04-29,83.91000366210938,84.86019660949707,2,447.5151363186624,257.47654684112416,127360.83352302857,37.00136145058096,LOSS,127360.83352302857,0.0
2021-04-30,81.62000274658203,84.74910369873047,2,439.46882339981244,-186.35136702987438,127174.4821559987,36.413275530748564,LOSS,127360.83352302857,-0.14631764089089122
2021-05-03,78.55000305175781,82.43620277404786,2,426.6946245397059,-350.54531991830294,126823.93683608041,36.35001777421519,LOSS,127360.83352302857,-0.4215555693980978
2021-05-04,78.61000061035156,79.3355030822754,2,422.94040817411104,277.8399137893446,127101.77674986975,37.38534579841986,LOSS,127360.83352302857,-0.20340379847779694
2021-05-05,77.83000183105469,79.39610061645507,2,423.2843319295927,110.06457484951574,127211.84132471927,37.387102351322014,LOSS,127360.83352302857,-0.11698431471270823
2021-05-06,77.88999938964844,78.60830184936523,2,418.55463890838587,274.8941469650267,127486.7354716843,37.342085619647044,LOSS,127486.7354716843,0.0
2021-05-07,78.80999755859375,78.66889938354493,2,416.5417060345012,416.5417060345012,127903.2771777188,37.14374869213265,WIN,127903.2771777188,0.0
2021-05-10,75.98999786376953,79.59809753417969,2,423.1108974802677,-298.50903660176334,127604.76814111703,37.28216358212049,LOSS,127903.2771777188,-0.23338654269741396
2021-05-11,76.83000183105469,76.74989784240722,2,397.3162676824492,397.3162676824492,128002.08440879948,36.35474343413167,WIN,128002.08440879948,0.0
2021-05-12,74.63999938964844,77.59830184936523,2,398.7397632321247,-192.92072871123344,127809.16368008824,36.09918260263774,LOSS,128002.08440879948,-0.15071686496534462
2021-05-13,73.08999633789062,75.38639938354493,2,390.56170825503864,-68.71890087582165,127740.44477921241,36.381678871968234,LOSS,128002.08440879948,-0.20440263203173203
2021-05-14,74.58999633789062,73.82089630126953,2,350.90774398292956,350.90774398292956,128091.35252319534,33.52711532259967,WIN,128091.35252319534,0.0
2021-05-17,74.6500015258789,75.33589630126953,2,364.4906282434303,227.31167316530588,128318.66419636064,34.09298915094199,LOSS,128318.66419636064,0.0
2021-05-18,74.44000244140625,75.3965015411377,2,364.32866874454584,173.02884879825677,128491.6930451589,34.052657821310916,LOSS,128491.6930451589,0.0
2021-05-19,76.2300033569336,75.18440246582031,2,359.62207724297,359.62207724297,128851.31512240187,33.725520417675796,WIN,128851.31512240187,0.0
2021-05-20,78.05999755859375,76.99230339050293,2,364.91574266521644,364.91574266521644,129216.23086506709,33.43450797530858,WIN,129216.23086506709,0.0
2021-05-21,77.16999816894531,78.8405975341797,2,371.4914581734683,37.37158512659215,129253.60245019368,33.24940265721026,LOSS,129253.60245019368,0.0
2021-05-24,77.44000244140625,77.94169815063476,2,341.6031494367911,241.26400759108833,129494.86645778477,31.050659083237004,LOSS,129494.86645778477,0.0
2021-05-25,77.86000061035156,78.21440246582031,2,327.12870779828035,256.2483367045301,129751.1147944893,29.712268117262532,LOSS,129751.1147944893,0.0
2021-05-26,78.33999633789062,78.63860061645508,2,330.1485670402284,270.42771132733753,130021.54250581664,29.81809026093073,LOSS,130021.54250581664,0.0
2021-05-27,78.41999816894531,79.12339630126954,2,332.14640661053176,191.46678014568687,130213.00928596233,29.814925849413353,LOSS,130213.00928596233,0.0
2021-05-28,80.08000183105469,79.20419815063477,2,332.6787080470115,332.6787080470115,130545.68799400933,29.831213749777483,WIN,130545.68799400933,0.0
2021-06-01,80.80999755859375,80.88080184936524,2,338.3215522100434,324.1606940557452,130869.84868806507,29.715632488572034,LOSS,130869.84868806507,0.0
2021-06-02,81.97000122070312,81.61809753417968,2,321.48234054159326,321.48234054159326,131191.33102860666,28.084891188426518,WIN,131191.33102860666,0.0
2021-06-03,80.27999877929688,82.78970123291016,2,328.4994827906311,-173.4410079320262,131017.89002067463,28.278743881856315,LOSS,131191.33102860666,-0.132204625543591
2021-06-04,81.58000183105469,81.08279876708984,2,327.2183624448432,327.2183624448432,131345.10838311948,28.731209333033412,WIN,131345.10838311948,0.0
2021-06-07,81.3499984741211,82.39580184936524,2,335.4329737153607,126.27229866653107,131471.38068178602,28.9676215417132,LOSS,131471.38068178602,0.0
2021-06-08,80.88999938964844,82.1634984588623,2,333.46034432545616,78.76053048268227,131550.1412122687,28.884124813316063,LOSS,131550.1412122687,0.0
2021-06-09,79.95999908447266,81.69889938354493,2,309.75419702588977,-38.02586278856427,131512.11534948013,27.09985572903692,LOSS,131550.1412122687,-0.02890598401351728
2021-06-10,81.55999755859375,80.75959907531738,2,308.3418215556387,308.3418215556387,131820.45717103576,27.277615004756704,WIN,131820.45717103576,0.0
2021-06-11,81.30999755859375,82.37559753417969,2,301.7389220314435,88.61892691425555,131909.07609795002,26.241761237127285,LOSS,131909.07609795002,0.0
2021-06-14,81.55000305175781,82.12309753417969,2,289.5071391499709,174.888242665595,132083.9643406156,25.32197262827534,LOSS,132083.9643406156,0.0
2021-06-15,80.47000122070312,82.3655030822754,2,285.57180305447434,-93.5285692599798,131990.43577135564,24.93347348944238,LOSS,132083.9643406156,-0.07080993497347048
2021-06-16,80.11000061035156,81.27470123291016,2,287.5909529135925,54.65082840187284,132045.08659975752,25.410305491990925,LOSS,132083.9643406156,-0.029434111136940458
2021-06-17,84.55999755859375,80.91110061645507,2,286.7803197171229,286.7803197171229,132331.86691947465,25.449604482570358,WIN,132331.86691947465,0.0
2021-06-18,84.6500015258789,85.40559753417969,2,341.98519328529994,190.865991625143,132522.7329110998,28.521710557459713,LOSS,132522.7329110998,0.0
2021-06-21,82.58999633789062,85.49650154113769,2,336.6580349489984,-244.6430057004145,132278.0899053994,28.07701489449913,LOSS,132522.7329110998,-0.18460455827191358
2021-06-22,83.58000183105469,83.41589630126953,2,337.1344880297128,337.1344880297128,132615.22439342912,28.77130559689211,WIN,132615.22439342912,0.0
2021-06-23,83.81999969482422,84.41580184936524,2,342.203164846398,223.0427339381942,132838.26712736732,28.85261614771061,LOSS,132838.26712736732,0.0
2021-06-24,86.0999984741211,84.65819969177247,2,343.166713227055,343.166713227055,133181.43384059437,28.851110562902175,WIN,133181.43384059437,0.0
2021-06-25,85.62000274658203,86.9609984588623,2,360.4039356165155,92.2047931604605,133273.63863375483,29.458212145868043,LOSS,133273.63863375483,0.0
2021-06-28,87.08000183105469,86.47620277404785,2,359.7606407272872,359.7606407272872,133633.39927448213,29.563732242268692,WIN,133633.39927448213,0.0
2021-06-29,89.5199966430664,87.95080184936523,2,364.07881512263737,364.07881512263737,133997.47808960476,29.425756024683665,WIN,133997.47808960476,0.0
2021-06-30,93.93000030517578,90.41519660949707,2,382.2011174679893,382.2011174679893,134379.67920707274,30.01099840309069,WIN,134379.67920707274,0.0
2021-07-01,93.30999755859375,94.86930030822754,2,427.463614527304,115.60306460054665,134495.2822716733,31.87244686460575,LOSS,134495.2822716733,0.0
2021-07-02,94.69999694824219,94.24309753417968,2,416.3353572836435,416.3353572836435,134911.61762895694,31.28361741843187,WIN,134911.61762895694,0.0
2021-07-06,94.47000122070312,95.6469969177246,2,422.2410218808774,186.84188247658096,135098.45951143352,31.26292172416936,LOSS,135098.45951143352,0.0
2021-07-07,90.54000091552734,95.41470123291016,2,421.0981672729043,-553.8418962036592,134544.61761522986,31.254704166413017,LOSS,135098.45951143352,-0.40995426462045964
2021-07-08,89.73999786376953,91.44540092468262,2,432.2718213279636,91.19120914534665,134635.8088243752,33.350758754208044,LOSS,135098.45951143352,-0.3424544504292857
2021-07-09,90.9000015258789,90.63739784240722,2,427.397422608829,427.397422608829,135063.20624698405,33.273007377453624,WIN,135098.45951143352,-0.026094497729261725
2021-07-12,90.80999755859375,91.80900154113769,2,431.04080356408724,231.24000705529932,135294.44625403936,33.13611561212542,LOSS,135294.44625403936,0.0
2021-07-13,90.26000213623047,91.71809753417969,2,430.20945497009325,138.59037538024882,135433.0366294196,33.10664868970753,LOSS,135433.0366294196,0.0
2021-07-14,89.05000305175781,91.16260215759277,2,429.1997373313974,6.679916164405427,135439.716545584,33.22359611688327,LOSS,135439.716545584,0.0
2021-07-15,86.93000030517578,89.94050308227538,2,423.5201565215639,-178.58039889835675,135261.13614668563,33.2291033823105,LOSS,135439.716545584,-0.13185231293530095
2021-07-16,85.88999938964844,87.79930030822754,2,422.0560537734814,40.19587005766016,135301.33201674328,33.88487952237783,LOSS,135439.716545584,-0.10217426052729686
2021-07-19,86.58000183105469,86.74889938354492,2,385.5590706423709,351.7795601443237,135653.1115768876,31.463100002305566,LOSS,135653.1115768876,0.0
2021-07-20,87.11000061035156,87.44580184936524,2,389.27854856724974,322.11830076451446,135975.2298776521,31.5106234533207,LOSS,135975.2298776521,0.0
2021-07-21,89.41000366210938,87.98110061645508,2,382.4431456028366,382.4431456028366,136357.67302325493,30.810660469033273,WIN,136357.67302325493,0.0
2021-07-22,91.20999908447266,90.30410369873047,2,398.9746928579481,398.9746928579481,136756.64771611287,31.286615703795103,WIN,136756.64771611287,0.0
2021-07-23,92.1500015258789,92.12209907531738,2,410.60930007928107,410.60930007928107,137167.25701619216,31.547860726899298,WIN,137167.25701619216,0.0
2021-07-26,91.81999969482422,93.07150154113769,2,407.7825001488998,157.48213088620508,137324.73914707836,31.04121269408503,LOSS,137324.73914707836,0.0
2021-07-27,91.02999877929688,92.73819969177246,2,405.8512842896315,64.21110179451352,137388.95024887286,31.007291448254477,LOSS,137388.95024887286,0.0
2021-07-28,97.93000030517578,91.94029876708984,2,401.50105146574776,401.50105146574776,137790.4513003386,30.94492101125604,WIN,137790.4513003386,0.0
2021-07-29,102.94999694824219,98.90930030822754,2,494.6591089498289,494.6591089498289,138285.11040928843,35.181459465193086,WIN,138285.11040928843,0.0
2021-07-30,106.19000244140625,103.97949691772462,2,522.3279409065503,522.3279409065503,138807.43835019498,35.330006810982454,WIN,138807.43835019498,0.0
2021-08-02,108.62999725341797,107.25190246582031,2,545.2647683021182,545.2647683021182,139352.7031184971,35.73477443735882,WIN,139352.7031184971,0.0
2021-08-03,112.55999755859375,109.71629722595215,2,560.3165256365068,560.3165256365068,139913.0196441336,35.888389256058815,WIN,139913.0196441336,0.0
2021-08-04,118.7699966430664,113.68559753417969,2,589.5492681696086,589.5492681696086,140502.56891230322,36.41500639396429,WIN,140502.56891230322,0.0
2021-08-05,112.3499984741211,119.95769660949708,2,609.0127059389121,-912.5269211362846,139590.04199116695,35.68755671264857,LOSS,140502.56891230322,-0.6494734781012033
2021-08-06,110.11000061035156,113.47349845886231,2,626.9391540683847,-45.76041563376464,139544.28157553318,38.68101450302347,LOSS,140502.56891230322,-0.6820425734480108
2021-08-09,107.58000183105469,111.21110061645508,2,625.3201056240163,-100.89965145606311,139443.3819240771,39.33462279530458,LOSS,140502.56891230322,-0.7538559589520505
2021-08-10,106.4800033569336,108.65580184936523,2,621.2964459459339,186.1367474596061,139629.51867153673,39.970626658173096,LOSS,140502.56891230322,-0.6213767104225811
2021-08-11,107.68000030517578,107.54480339050293,2,616.4565604168095,616.4565604168095,140245.97523195355,40.064601387901945,WIN,140502.56891230322,-0.1826256148453984
2021-08-12,106.5,108.75680030822754,2,617.8122779572709,166.45221631176298,140412.4274482653,39.72113292658398,LOSS,140502.56891230322,-0.06415645260847233
2021-08-13,110.55000305175781,107.565,2,603.2794490165312,603.2794490165312,141015.70689728184,39.23902262716091,WIN,141015.70689728184,0.0
2021-08-16,107.4800033569336,111.65550308227539,2,627.5234823142831,-207.5764627540757,140808.13043452776,39.31694742985741,LOSS,141015.70689728184,-0.14720095180977225
2021-08-17,107.55999755859375,108.55480339050293,2,627.2673149807208,428.30614859888567,141236.43658312663,40.37361758786571,LOSS,141236.43658312663,0.0
2021-08-18,103.44000244140625,108.6355975341797,2,628.6225916206567,-410.4964269340321,140825.9401561926,40.428250782352606,LOSS,141236.43658312663,-0.29064484835853516
2021-08-19,103.69999694824219,104.47440246582032,2,624.3885836325564,469.5074801169302,141295.44763630955,41.69721199575478,LOSS,141295.44763630955,0.0
2021-08-20,104.6500015258789,104.73699691772461,2,624.6120740328904,607.2129956637496,141902.6606319733,41.61136548933119,LOSS,141902.6606319733,0.0
2021-08-23,108.7699966430664,105.69650154113769,2,630.2710753893762,630.2710753893762,142532.93170736267,41.60737578398635,WIN,142532.93170736267,0.0
2021-08-24,107.6500015258789,109.85769660949707,2,663.7235931522783,222.18457642864587,142755.1162837913,42.13273146902834,LOSS,142755.1162837913,0.0
2021-08-25,108.30000305175781,108.7265015411377,2,657.5106131349629,572.2109152589867,143327.3271990503,42.17090768254778,LOSS,143327.3271990503,0.0
2021-08-26,107.2699966430664,109.3830030822754,2,611.7364316045474,189.13514376274986,143516.46234281306,39.13279516065906,LOSS,143516.46234281306,0.0
2021-08-27,111.4000015258789,108.34269660949707,2,582.3051552601173,582.3051552601173,144098.76749807317,37.67677798793529,WIN,144098.76749807317,0.0
2021-08-30,111.31999969482422,112.5140015411377,2,610.2868695096395,371.4865002469428,144470.2539983201,38.007043781617185,LOSS,144470.2539983201,0.0
2021-08-31,110.72000122070312,112.43319969177246,2,604.6837397967982,262.04404558293163,144732.29804390305,37.70016012031203,LOSS,144732.29804390305,0.0
2021-09-01,109.98999786376953,111.82720123291016,2,586.0487564659659,218.608082637841,144950.90612654088,36.781613040791015,LOSS,144950.90612654088,0.0
2021-09-02,109.19999694824219,111.08989784240723,2,538.4209794111756,160.44080057816802,145111.34692711904,34.14982422131682,LOSS,145111.34692711904,0.0
2021-09-03,109.91999816894531,110.29199691772462,2,494.1398989658445,419.74014920998354,145531.08707632901,31.70190558008584,LOSS,145531.08707632901,0.0
2021-09-07,109.1500015258789,111.01919815063476,2,491.9852284921837,118.14590354101205,145649.23297987002,31.376196705933484,LOSS,145649.23297987002,0.0
2021-09-08,106.16999816894531,110.2415015411377,2,480.13371685287376,-334.1669575856026,145315.06602228442,30.866854830184476,LOSS,145649.23297987002,-0.22943269301788322
2021-09-09,106.1500015258789,107.23169815063477,2,477.8229216188521,261.4835966676793,145576.5496189521,31.53955471746482,LOSS,145649.23297987002,-0.049903016604265764
2021-09-10,105.19999694824219,107.2115015411377,2,475.59810773496326,73.29718915586216,145649.84680810795,31.40653075018046,LOSS,145649.84680810795,0.0
2021-09-13,104.80000305175781,106.25199691772461,2,470.72814780243374,180.32937460907402,145830.17618271703,31.367955667397904,LOSS,145830.17618271703,0.0
2021-09-14,105.7300033569336,105.8480030822754,2,442.67315082042967,419.07320575206893,146249.2493884691,29.710247143413024,LOSS,146249.2493884691,0.0
2021-09-15,105.5999984741211,106.78730339050293,2,435.98451897143843,198.5235356950717,146447.77292416416,29.04606081081365,LOSS,146447.77292416416,0.0
2021-09-16,106.22000122070312,106.6559984588623,2,435.4127928251333,348.2133451932984,146795.98626935747,29.043828295937907,LOSS,146795.98626935747,0.0
2021-09-17,103.87999725341797,107.28220123291015,2,408.297487792397,-272.14330810604,146523.84296125142,27.19615403629367,LOSS,146795.98626935747,-0.18538879367361896
2021-09-20,101.55000305175781,104.91879722595215,2,410.08873570634216,-263.6700991325248,146260.1728621189,27.8829309407069,LOSS,146795.98626935747,-0.3650054888118012
2021-09-21,102.81999969482422,102.5655030822754,2,408.31000344445323,408.31000344445323,146668.48286556336,28.366189148010683,WIN,146795.98626935747,-0.08685755451116382
2021-09-22,104.37999725341797,103.84819969177246,2,382.0683849578021,382.0683849578021,147050.55125052115,26.349582615527062,WIN,147050.55125052115,0.0
2021-09-23,106.1500015258789,105.42379722595214,2,393.08831630742304,393.08831630742304,147443.63956682858,26.68056409041227,WIN,147443.63956682858,0.0
2021-09-24,105.80000305175781,107.2115015411377,2,405.9509842175274,123.65128634155127,147567.29085317013,27.066705839457082,LOSS,147567.29085317013,0.0
2021-09-27,108.16000366210938,106.85800308227539,2,403.05867487789715,403.05867487789715,147970.349528048,26.969565437457852,WIN,147970.349528048,0.0
2021-09-28,101.5199966430664,109.24160369873047,2,387.47895223685435,-1156.8424588959588,146813.50706915205,25.46699305590159,LOSS,147970.349528048,-0.7818069380694943
2021-09-29,100.3499984741211,102.53519660949708,2,432.1391611182856,-4.900465956911205,146808.60660319513,29.92660174593098,LOSS,147970.349528048,-0.7851187272032959
2021-09-30,102.9000015258789,101.3534984588623,2,427.95934349012265,427.95934349012265,147236.56594668527,29.97936530163282,WIN,147970.349528048,-0.495899066065027
2021-10-01,102.44999694824219,103.9290015411377,2,453.10094263353517,157.30002405443383,147393.8659707397,30.89642311524749,LOSS,147970.349528048,-0.3895939687559177
2021-10-04,100.33999633789062,103.47449691772461,2,450.8727908412398,-176.02732512555673,147217.83864561413,30.880499497027515,LOSS,147970.349528048,-0.5085551834093915
2021-10-05,101.80999755859375,101.34339630126954,2,444.43755991035357,444.43755991035357,147662.27620552448,31.06841555288271,WIN,147970.349528048,-0.20819936122752417
2021-10-06,103.63999938964844,102.82809753417969,2,456.143695943166,456.143695943166,148118.41990146766,31.405925954145605,WIN,148118.41990146766,0.0
2021-10-07,106.44999694824219,104.67639938354492,2,460.6930592052949,460.6930592052949,148579.11296067294,31.173001273916032,WIN,148579.11296067294,0.0
2021-10-08,105.05999755859375,107.51449691772461,2,485.31809055326374,-5.581781272909041,148573.53117940002,31.92697409699864,LOSS,148579.11296067294,-0.003756773857170202
2021-10-11,104.68000030517578,106.11059753417969,2,480.41655984177646,194.29711404099487,148767.828293441,32.01735929742171,LOSS,148767.828293441,0.0
2021-10-12,105.04000091552734,105.72680030822754,2,478.6568070937921,341.29692855375316,149109.12522199476,32.015962379201525,LOSS,149109.12522199476,0.0
2021-10-13,109.16000366210938,106.09040092468261,2,479.2703282515479,479.2703282515479,149588.39555024632,31.950938995747062,WIN,149588.39555024632,0.0
2021-10-14,111.98999786376953,110.25160369873046,2,520.7749004448914,520.7749004448914,150109.17045069122,33.326777280277994,WIN,150109.17045069122,0.0
2021-10-15,112.12000274658203,113.10989784240722,2,542.4502636448171,344.4712444797791,150453.641695171,33.80956212496331,LOSS,150453.641695171,0.0
2021-10-18,116.43000030517578,113.24120277404785,2,533.2744631954025,533.2744631954025,150986.91615836642,33.23109841242754,WIN,150986.91615836642,0.0
2021-10-19,116.33000183105469,117.59430030822755,2,558.4293476227156,305.569652188144,151292.48581055456,33.495566530160644,LOSS,151292.48581055456,0.0
2021-10-20,116.38999938964844,117.49330184936524,2,558.3554715654562,337.69497962209607,151630.18079017664,33.51863658664185,LOSS,151630.18079017664,0.0
2021-10-21,119.33000183105469,117.55389938354492,2,557.8309113740444,557.8309113740444,152188.01170155068,33.472460749853425,WIN,152188.01170155068,0.0
2021-10-22,119.81999969482422,120.52330184936524,2,575.9786309021374,435.31819999393326,152623.3299015446,33.69733483978195,LOSS,152623.3299015446,0.0
2021-10-25,122.36000061035156,121.01819969177247,2,576.9337923917606,576.9337923917606,153200.26369393637,33.619502114049666,WIN,153200.26369393637,0.0
2021-10-26,122.93000030517578,123.58360061645507,2,588.6060263909662,457.885964135108,153658.1496580715,33.589344912810624,LOSS,153658.1496580715,0.0
2021-10-27,122.27999877929688,124.15930030822754,2,499.21568679201096,123.35538100587735,153781.50503907737,28.632069820562947,LOSS,153781.50503907737,0.0
2021-10-28,121.16000366210938,123.50279876708984,2,491.3859380646111,22.82691706851756,153804.33195614588,28.351326100297445,LOSS,153804.33195614588,0.0
2021-10-29,120.2300033569336,122.37160369873047,2,488.56875026175527,60.2486819023805,153864.58063804827,28.4432344582114,LOSS,153864.58063804827,0.0
2021-11-01,125.2300033569336,121.43230339050294,2,486.9236062693755,486.9236062693755,154351.50424431765,28.55904045261084,WIN,154351.50424431765,0.0
2021-11-02,127.62999725341797,126.48230339050293,2,509.38204774445666,509.38204774445666,154860.88629206212,28.67570292974584,WIN,154860.88629206212,0.0
2021-11-03,130.52999877929688,128.90629722595216,2,520.3063927251483,520.3063927251483,155381.19268478727,28.735933375181958,WIN,155381.19268478727,0.0
2021-11-04,137.5,131.83529876708985,2,534.0945721750514,534.0945721750514,155915.28725696233,28.835547202043383,WIN,155915.28725696233,0.0
2021-11-05,136.33999633789062,138.875,2,597.0313464321409,90.03061401026594,156005.3178709726,30.49117921866786,LOSS,156005.3178709726,0.0
2021-11-08,150.16000366210938,137.70339630126952,2,587.0795918311277,587.0795918311277,156592.39746280372,30.25273533090654,WIN,156592.39746280372,0.0
2021-11-09,148.9199981689453,151.66160369873046,2,788.3440528323583,240.0229468753289,156832.42040967906,36.49690707819326,LOSS,156832.42040967906,0.0
2021-11-10,139.8699951171875,150.40919815063478,2,790.1524239986754,-1317.6881826907804,155514.73222698827,36.86637568748854,LOSS,156832.42040967906,-0.8401886416397293
2021-11-11,146.00999450683594,141.26869506835936,2,819.7182353301542,819.7182353301542,156334.45046231843,40.535286333419016,WIN,156832.42040967906,-0.31751722383664616
2021-11-12,147.88999938964844,147.4700944519043,2,866.6764360767019,866.6764360767019,157201.12689839513,41.03243109083114,WIN,157201.12689839513,0.0
2021-11-15,146.49000549316406,149.3688993835449,2,875.4533658805475,299.6745878043772,157500.80148619952,40.92588371977357,LOSS,157500.80148619952,0.0
2021-11-16,152.4499969482422,147.9549055480957,2,865.470167961015,865.470167961015,158366.27165416052,40.84931610672301,WIN,158366.27165416052,0.0
2021-11-17,151.33999633789062,153.97449691772462,2,909.0162631783976,382.1161472115982,158748.38780137213,41.21091248743534,LOSS,158748.38780137213,0.0
2021-11-18,155.02000427246094,152.85339630126953,2,906.2907349582033,906.2907349582033,159654.67853633032,41.38106170560533,WIN,159654.67853633032,0.0
2021-11-19,155.41000366210938,156.57020431518555,2,928.0200693387195,695.9799387234847,160350.65847505382,41.3679123821864,LOSS,160350.65847505382,0.0
2021-11-22,152.52000427246094,156.96410369873047,2,930.8400680500213,42.02018279611502,160392.67865784993,41.388566532020334,LOSS,160392.67865784993,0.0
2021-11-23,149.9199981689453,154.04520431518554,2,926.4296823006242,101.38845305257803,160494.0671109025,41.94798219852264,LOSS,160494.0671109025,0.0
2021-11-24,157.8000030517578,151.41919815063477,2,920.9997184957865,920.9997184957865,161415.0668293983,42.40518558817911,WIN,161415.0668293983,0.0
2021-11-26,154.80999755859375,159.3780030822754,2,988.6025037903472,75.0013990540175,161490.06822845232,43.20971492663162,LOSS,161490.06822845232,0.0
2021-11-29,161.91000366210938,156.35809753417968,2,977.1626986009039,977.1626986009039,162467.23092705323,43.52128432895914,WIN,162467.23092705323,0.0
2021-11-30,158.3699951171875,163.52910369873047,2,1029.2904093593713,-2.531306949221971,162464.69962010402,43.82001110007036,LOSS,162467.23092705323,-0.0015580415415265036
2021-12-01,149.11000061035156,159.95369506835937,2,1014.0186251293112,-1154.7202664722495,161309.97935363176,44.122086243128194,LOSS,162467.23092705323,-0.7122984535515764
2021-12-02,150.67999267578125,150.60110061645508,2,1012.2794352783824,1012.2794352783824,162322.25878891014,46.6749995993392,WIN,162467.23092705323,-0.08923161754888155
2021-12-03,144.00999450683594,152.18679260253907,2,1020.4978595698057,-614.8617595708212,161707.3970293393,46.56789331751356,LOSS,162467.23092705323,-0.46768440218882157
2021-12-06,139.05999755859375,145.4500944519043,2,977.4117356640094,-300.6076429981018,161406.7893863412,46.66375923739538,LOSS,162467.23092705323,-0.6527110326562755
2021-12-07,144.85000610351562,140.45059753417968,2,957.2787696913372,957.2787696913372,162364.06815603253,47.30413580104972,WIN,162467.23092705323,-0.06349758682537972
2021-12-08,145.24000549316406,146.2985061645508,2,893.9857733146056,682.2856390372607,163046.3537950698,42.593886388335164,LOSS,163046.3537950698,0.0
2021-12-09,138.10000610351562,146.6924055480957,2,895.862778837424,-822.6171100785923,162223.7366849912,42.56974991668759,LOSS,163046.3537950698,-0.5045295959899446
2021-12-10,138.5500030517578,139.4810061645508,2,835.6825939842894,649.4819714256936,162873.2186564169,41.7967362207324,LOSS,163046.3537950698,-0.10618767891645661
2021-12-13,133.8000030517578,139.9355030822754,2,811.7674603690034,-415.3325457345147,162457.8861106824,40.5250286349331,LOSS,163046.3537950698,-0.360920481010596
2021-12-14,135.60000610351562,135.1380030822754,2,793.0250826409488,793.0250826409488,163250.91119332335,40.97429098296392,WIN,163250.91119332335,0.0
2021-12-15,146.5,136.9560061645508,2,807.2238756585288,807.2238756585288,164058.13506898188,41.14649291398402,WIN,164058.13506898188,0.0
2021-12-16,138.63999938964844,147.965,2,938.4289594358881,-926.571162634425,163131.56390634747,44.1406913929446,LOSS,164058.13506898188,-0.5647822110405042
2021-12-17,137.75,140.0263993835449,2,918.2499543713348,462.9700776623522,163594.53398400982,45.58004738579204,LOSS,164058.13506898188,-0.28258341762639877
2021-12-20,135.8000030517578,139.1275,2,902.9935620813301,237.49417243289304,163832.0281564427,45.13052476517731,LOSS,164058.13506898188,-0.13782121346441875
2021-12-21,144.25,137.1580030822754,2,890.2838121727077,890.2838121727077,164722.31196861542,45.13408420944809,WIN,164722.31196861542,0.0
2021-12-22,143.8800048828125,145.6925,2,994.0112317549515,631.5122083174524,165353.8241769329,47.350212589020096,LOSS,165353.8241769329,0.0
2021-12-23,146.13999938964844,145.3188049316406,2,988.8199474987083,988.8199474987083,166342.6441244316,47.228770267677135,WIN,166342.6441244316,0.0
2021-12-27,154.36000061035156,147.60139938354493,2,973.2339537253315,973.2339537253315,167315.87807815694,45.82035764673578,WIN,167315.87807815694,0.0
2021-12-28,153.14999389648438,155.90360061645507,2,1064.595276158293,513.8739321641549,167829.7520103211,47.38951139802811,LOSS,167829.7520103211,0.0
2021-12-29,148.25999450683594,154.68149383544923,2,1030.7198419676504,-253.58002375500837,167576.1719865661,46.28688957440229,LOSS,167829.7520103211,-0.15109360570312036
2021-12-30,145.14999389648438,149.7425944519043,2,1003.6668947826872,85.14678369870308,167661.3187702648,46.54820791807356,LOSS,167829.7520103211,-0.10035958347000455
2021-12-31,143.89999389648438,146.60149383544922,2,948.8309581432702,408.53097035030146,168069.84974061511,45.008771123743514,LOSS,168069.84974061511,0.0
2022-01-03,150.24000549316406,145.33899383544923,2,939.6875361330466,939.6875361330466,169009.53727674816,44.96407937529408,WIN,169009.53727674816,0.0
2022-01-04,144.4199981689453,151.74240554809572,2,979.5764126897619,-484.90506314031916,168524.63221360784,44.89749949170245,LOSS,169009.53727674816,-0.28690988150941127
2022-01-05,136.14999389648438,145.86419815063476,2,945.7635875958845,-997.0772632341932,167527.55495037365,45.08683829934144,LOSS,169009.53727674816,-0.876863134621689
2022-01-06,136.22999572753906,137.51149383544922,2,909.0994312429434,652.7998096609128,168180.35476003456,45.936706535476354,LOSS,169009.53727674816,-0.4906128553892409
2022-01-07,132.0,137.59229568481445,2,909.4444301160208,-209.0147068468682,167971.34005318768,45.92752085754948,LOSS,169009.53727674816,-0.6142832175562137
2022-01-10,132.0,133.32,2,866.2726329827528,602.2726329827542,168573.61268617044,45.179235006296295,LOSS,169009.53727674816,-0.25792898886168003
2022-01-11,137.30999755859375,133.32,2,866.0376029229465,866.0376029229465,169439.65028909338,45.167457902340395,WIN,169439.65028909338,0.0
2022-01-12,137.47000122070312,138.6830975341797,2,905.7030353583435,663.0837726630297,170102.7340617564,45.3999856309837,LOSS,170102.7340617564,0.0
2022-01-13,132.74000549316406,138.84470123291015,2,905.1877037900791,-315.75144415913917,169786.98261759727,45.32441018643806,LOSS,170102.7340617564,-0.18562396771617976
2022-01-14,136.8800048828125,134.0674055480957,2,808.8699177547912,808.8699177547912,170595.85253535205,42.07688900777474,WIN,170595.85253535205,0.0
2022-01-18,131.92999267578125,138.24880493164062,2,814.4390855516904,-449.3233656201837,170146.52916973186,41.12694189430509,LOSS,170595.85253535205,-0.26338469484601335
2022-01-19,128.27000427246094,133.24929260253907,2,800.1407752394944,-195.71689077613246,169950.81227895574,41.88671419909071,LOSS,170595.85253535205,-0.3781101631779968
2022-01-20,121.88999938964844,129.55270431518554,2,784.0789162228186,-748.4620688846012,169202.35021007113,42.20310107852008,LOSS,170595.85253535205,-0.8168441990652425
2022-01-21,118.80999755859375,123.10889938354492,2,715.7116592146981,-144.0687057755365,169058.2815042956,40.60943915789146,LOSS,170595.85253535205,-0.9012944970264355
2022-01-24,116.52999877929688,119.99809753417969,2,700.4990274222042,6.879276445640812,169065.16078074122,40.76935509954319,LOSS,170595.85253535205,-0.8972619977930765
2022-01-25,111.12999725341797,117.69529876708984,2,680.5556342532273,-632.5046684811466,168432.65611226007,40.40037286284732,LOSS,170595.85253535205,-1.2680240409969588
2022-01-26,110.70999908447266,112.24129722595215,2,605.6623116572956,299.4026833613964,168732.05879562147,37.81983281599581,LOSS,170595.85253535205,-1.0925199599118924
2022-01-27,102.5999984741211,111.81709907531739,2,604.3584437725917,-1239.061676466667,167492.9971191548,37.878689885541235,LOSS,170595.85253535205,-1.8188340279575363
2022-01-28,105.23999786376953,103.62599845886231,2,591.9693220101308,591.9693220101308,168084.96644116493,39.93410000196445,WIN,170595.85253535205,-1.4718330234123371
2022-01-31,114.25,106.29239784240723,2,625.529558469714,625.529558469714,168710.49599963464,41.08604017180283,WIN,170595.85253535205,-1.105159655230605
2022-02-01,116.77999877929688,115.3925,2,775.4713030003666,775.4713030003666,169485.96730263502,46.66630288901374,WIN,170595.85253535205,-0.6505933269901937
2022-02-02,122.76000213623047,117.94779876708985,2,774.3705543171308,774.3705543171308,170260.33785695216,45.631320742810566,WIN,170595.85253535205,-0.19667223640760303
2022-02-03,120.08000183105469,123.98760215759278,2,841.8922120451789,60.372146737561366,170320.71000368972,47.13287152044364,LOSS,170595.85253535205,-0.16128324784761017
2022-02-04,123.5999984741211,121.28080184936523,2,801.1002795163982,801.1002795163982,171121.8102832061,45.89832710775748,WIN,171121.8102832061,0.0
2022-02-07,123.66999816894531,124.8359984588623,2,835.8661273989381,602.6660694155394,171724.47635262166,46.502107719389315,LOSS,171724.47635262166,0.0
2022-02-08,128.22999572753906,124.90669815063477,2,828.8730676613872,828.8730676613872,172553.34942028305,46.10277166374036,WIN,172553.34942028305,0.0
2022-02-09,132.85000610351562,129.51229568481446,2,874.5201891941917,874.5201891941917,173427.86960947723,46.88087095393055,WIN,173427.86960947723,0.0
2022-02-10,125.7699966430664,134.17850616455078,2,902.6062467936079,-779.0956575032674,172648.77395197397,46.710489796094436,LOSS,173427.86960947723,-0.44923325141317805
2022-02-11,113.18000030517578,127.02769660949707,2,879.7538040233611,-1889.7854568408966,170758.98849513306,48.03843439910226,LOSS,173427.86960947723,-1.5388997860343467
2022-02-14,114.2699966430664,114.31180030822755,2,857.7691540773383,849.4084210451102,171608.39691617817,51.900326716271096,LOSS,173427.86960947723,-1.0491235909177263
2022-02-15,121.47000122070312,115.41269660949708,2,856.6402488724905,856.6402488724905,172465.03716505066,51.35681113845645,WIN,173427.86960947723,-0.5551774617278462
2022-02-16,117.69000244140625,122.68470123291016,2,941.3406551515244,-57.599103149257076,172407.4380619014,53.02985148569394,LOSS,173427.86960947723,-0.5883895995918241
2022-02-17,112.37000274658203,118.86690246582032,2,913.4249675855311,-385.954976262126,172021.48308563928,53.107279968929305,LOSS,173427.86960947723,-0.8109345556771442
2022-02-18,113.83000183105469,113.49370277404785,2,869.1517502985495,869.1517502985495,172890.63483593782,52.93168054221061,WIN,173427.86960947723,-0.30977418724519473
2022-02-22,115.6500015258789,114.96830184936523,2,878.0622043489255,878.0622043489255,173768.69704028673,52.793254140073664,WIN,173768.69704028673,0.0
2022-02-23,109.76000213623047,116.80650154113769,2,891.3291420429587,-517.970738938486,173250.72630134824,52.74909072171613,LOSS,173768.69704028673,-0.29808057939134963
2022-02-24,116.61000061035156,110.85760215759278,2,849.218785299075,849.218785299075,174099.94508664732,52.94702858626768,WIN,174099.94508664732,0.0
2022-02-25,121.05999755859375,117.77610061645508,2,929.3801089265397,929.3801089265397,175029.32519557385,54.48774779249245,WIN,175029.32519557385,0.0
2022-02-28,123.33999633789062,122.27059753417969,2,922.2916174651128,922.2916174651128,175951.61681303897,52.16266722839132,WIN,175951.61681303897,0.0
2022-03-01,113.83000183105469,124.57339630126953,2,938.1573120736169,-1210.5215819693508,174741.09523106963,52.08199040634784,LOSS,175951.61681303897,-0.6879854836773709
2022-03-02,118.27999877929688,114.96830184936523,2,867.5513512892071,867.5513512892071,175608.64658235884,52.18249461236075,WIN,175951.61681303897,-0.19492303446382298
2022-03-03,111.9800033569336,119.46279876708985,2,909.3438247263631,-587.2152573048883,175021.43132505394,52.62298594780973,LOSS,175951.61681303897,-0.5286598127560355
2022-03-04,108.41000366210938,113.09980339050293,2,861.1309963113415,-76.82894936736898,174944.60237568658,52.636094181172844,LOSS,175951.61681303897,-0.5723246285496874
2022-03-07,102.94999694824219,109.49410369873047,2,837.0216563645929,-471.7996937330636,174472.8026819535,52.84012707875464,LOSS,175951.61681303897,-0.8404663497106789
2022-03-08,105.52999877929688,103.97949691772462,2,799.7717210385213,799.7717210385213,175272.57440299203,53.15534111866384,WIN,175951.61681303897,-0.38592564384814354
2022-03-09,111.05000305175781,106.58529876708984,2,826.6314884171263,826.6314884171263,176099.20589140916,53.58260915929391,WIN,176099.20589140916,0.0
2022-03-10,106.45999908447266,112.1605030822754,2,881.1226023804536,-258.97819718009464,175840.22769422908,54.25281067548102,LOSS,176099.20589140916,-0.14706380751074014
2022-03-11,104.29000091552734,107.52459907531738,2,839.1363055535637,192.2166735955559,176032.44436782465,53.90692820122636,LOSS,176099.20589140916,-0.037911314390414286
2022-03-14,102.25,105.33290092468262,2,809.6099255803504,193.02974064382659,176225.47410846848,53.119083679862015,LOSS,176225.47410846848,0.0
2022-03-15,109.33000183105469,103.27250000000001,2,732.4977901094453,732.4977901094453,176957.97189857793,49.155277394163015,WIN,176957.97189857793,0.0
2022-03-16,115.37000274658203,110.42330184936523,2,822.1719579751284,822.1719579751284,177780.14385655307,51.51199390891434,WIN,177780.14385655307,0.0
2022-03-17,111.69000244140625,116.52370277404785,2,860.1069102209838,-106.63315630733587,177673.51070024574,51.08278308231265,LOSS,177780.14385655307,-0.05998035213278523
2022-03-18,113.45999908447266,112.80690246582031,2,833.032866962417,833.032866962417,178506.54356720817,51.10416832042741,WIN,178506.54356720817,0.0
2022-03-21,115.91999816894531,114.59459907531739,2,832.0539358015399,832.0539358015399,179338.59750300972,50.27749695443585,WIN,179338.59750300972,0.0
2022-03-22,114.77999877929688,117.07919815063477,2,852.3367840408001,392.4969097732218,179731.09441278293,50.405456683662656,LOSS,179731.09441278293,0.0
2022-03-23,113.91999816894531,115.92779876708984,2,843.1714048558995,441.611285226994,180172.70569800993,50.36032415505358,LOSS,180172.70569800993,0.0
2022-03-24,120.52999877929688,115.05919815063477,2,814.803224125511,814.803224125511,180987.50892213543,49.08002884539055,WIN,180987.50892213543,0.0
2022-03-25,119.66999816894531,121.73529876708984,2,857.5867073054904,444.5265876765841,181432.035509812,48.83341008751783,LOSS,181432.035509812,0.0
2022-03-28,120.23999786376953,120.86669815063476,2,840.0148024076145,714.6747450345686,182146.71025484658,48.20038815072979,LOSS,182146.71025484658,0.0
2022-03-29,123.2300033569336,121.44239784240723,2,840.9693419120171,840.9693419120171,182987.6795967586,48.0327990513591,WIN,182987.6795967586,0.0
2022-03-30,119.22000122070312,124.46230339050292,2,805.4856654552946,-242.97476850466546,182744.70482825392,45.00573783256863,LOSS,182987.6795967586,-0.13278203704211516
2022-03-31,109.33999633789062,120.41220123291016,2,778.6780720840925,-1435.7629069198151,181308.9419213341,44.972646502454616,LOSS,182987.6795967586,-0.9174047559506993
2022-04-01,108.19000244140625,110.43339630126954,2,749.8916552007377,301.2128832280798,181610.1548045622,47.13494603189306,LOSS,182987.6795967586,-0.7527964698126075
2022-04-04,110.52999877929688,109.27190246582032,2,734.2603653569838,734.2603653569838,182344.41516991917,46.661489319246584,WIN,182987.6795967586,-0.35153428266698244
2022-04-05,106.81999969482422,111.63529876708985,2,728.5034537873862,-234.55636066574004,182109.85880925343,45.36662454618485,LOSS,182987.6795967586,-0.4797157871172376
2022-04-06,103.66999816894531,107.88819969177246,2,711.2775164418315,-132.36278812359728,181977.49602112983,45.81410590098368,LOSS,182987.6795967586,-0.5520500494103517
2022-04-07,103.72000122070312,104.70669815063476,2,673.2677610569224,475.9283750705945,182453.42439620043,44.72723584787428,LOSS,182987.6795967586,-0.2919623887987873
2022-04-08,101.0,104.75720123291016,2,659.705709002141,-91.73453757989148,182361.68985862052,43.841654743534875,LOSS,182987.6795967586,-0.342093926496875
2022-04-11,97.37000274658203,102.01,2,644.7046842476735,-283.29476643592125,182078.3950921846,43.992240068384035,LOSS,182987.6795967586,-0.4969102327423047
2022-04-12,95.0999984741211,98.34370277404786,2,628.7458036075507,-19.99505637780169,182058.4000358068,44.48216537384965,LOSS,182987.6795967586,-0.5078372287137675
2022-04-13,97.73999786376953,96.05099845886231,2,571.4354159231351,571.4354159231351,182629.83545172992,41.515618447973914,WIN,182987.6795967586,-0.19555641440846824
2022-04-14,93.05999755859375,98.71739784240722,2,561.7821359004785,-569.6979208622162,182060.1375308677,39.78883744603513,LOSS,182987.6795967586,-0.5068877139350941
2022-04-18,93.88999938964844,93.99059753417968,2,544.2924640015975,524.1728350953481,182584.31036596306,40.457643025981895,LOSS,182987.6795967586,-0.22043518540943366
2022-04-19,96.93000030517578,94.82889938354492,2,546.428324136324,546.428324136324,183130.7386900994,40.266116817365,WIN,183130.7386900994,0.0
2022-04-20,94.0199966430664,97.89930030822754,2,571.3927032254649,-204.46802980676148,182926.27066029262,40.76234498526971,LOSS,183130.7386900994,-0.11165139794077777
2022-04-21,89.8499984741211,94.96019660949707,2,558.2876298227275,-463.75199725246875,182462.51866304016,41.04720284941372,LOSS,183130.7386900994,-0.3648868736285807
2022-04-22,88.13999938964844,90.7484984588623,2,543.3289170379833,21.629103195210632,182484.14776623537,41.768828837140575,LOSS,183130.7386900994,-0.3530761293756376
2022-04-25,90.69000244140625,89.02139938354492,2,488.67988888980085,488.67988888980085,182972.82765512518,38.443737932830466,WIN,183130.7386900994,-0.08622857970416112
2022-04-26,85.16000366210938,91.5969024658203,2,519.9189371390738,-767.4608236031125,182205.36683152206,39.690974742285064,LOSS,183130.7386900994,-0.5053066815523962
2022-04-27,84.91000366210938,86.01160369873047,2,502.84043282087885,282.5204254966602,182487.8872570187,40.8268645455972,LOSS,183130.7386900994,-0.35103415061768317
2022-04-28,89.63999938964844,85.75910369873047,2,488.1571497243248,488.1571497243248,182976.04440674302,39.79804721294225,WIN,183130.7386900994,-0.0844720468354281
2022-04-29,85.5199966430664,90.53639938354492,2,556.5663671998203,-446.714180895882,182529.33022584714,42.8392991603108,LOSS,183130.7386900994,-0.3284038870557804
2022-05-02,89.83999633789062,86.37519660949707,2,500.24461113540985,500.24461113540985,183029.57483698256,40.461692688041644,WIN,183130.7386900994,-0.055241328594224405
2022-05-03,91.12999725341797,90.73839630126953,2,556.7024176301655,556.7024176301655,183586.27725461274,42.75789224690527,WIN,183586.27725461274,0.0
2022-05-04,99.41999816894531,92.04129722595215,2,561.4706960765474,561.4706960765474,184147.74795068929,42.52379131697374,WIN,184147.74795068929,0.0
2022-05-05,93.87000274658203,100.41419815063476,2,684.3811671876093,-624.4579136229366,183523.29003706636,47.302887070278196,LOSS,184147.74795068929,-0.3391070054194448
2022-05-06,95.33999633789062,94.80870277404786,2,660.9731277099327,660.9731277099327,184184.2631647763,48.34550753461522,WIN,184184.2631647763,0.0
2022-05-09,86.36000061035156,96.29339630126954,2,673.8870429613141,-1312.792095222281,182871.471069554,48.52333060402348,LOSS,184184.2631647763,-0.7127601851890124
2022-05-10,88.7300033569336,87.22360061645507,2,656.3988623891015,656.3988623891015,183527.8699319431,52.04533267792525,WIN,184184.2631647763,-0.35637856435430604
2022-05-11,87.91999816894531,89.61730339050293,2,675.1186272166151,335.65758290509245,183863.5275148482,52.097962860463866,LOSS,184184.2631647763,-0.17413846569571603
2022-05-12,87.05999755859375,88.79919815063477,2,666.7627811151216,318.92266270691846,184182.45017755512,51.932996715945556,LOSS,184184.2631647763,-0.0009843334007043432
2022-05-13,95.12000274658203,87.93059753417968,2,654.5238208135195,654.5238208135195,184836.97399836863,51.498652863534744,WIN,184836.97399836863,0.0
2022-05-16,94.23999786376953,96.07120277404785,2,756.7701814538951,390.52919939823187,185227.50319776687,54.394919904468246,LOSS,185227.50319776687,0.0
2022-05-17,102.47000122070312,95.18239784240723,2,750.1990592749278,750.1990592749278,185977.7022570418,54.4251109539189,WIN,185977.7022570418,0.0
2022-05-18,96.27999877929688,103.49470123291016,2,855.3308702753665,-587.6096204472905,185390.0926365945,56.98234777927545,LOSS,185977.7022570418,-0.3159570278135591
2022-05-19,96.66999816894531,97.24279876708985,2,820.3957523296699,705.8356327007621,186095.92826929525,58.13194049593153,LOSS,186095.92826929525,0.0
2022-05-20,93.5,97.63669815063477,2,810.5604389924373,-16.779191134516964,186079.14907816073,57.23160821093629,LOSS,186095.92826929525,-0.009016420343300491
2022-05-23,95.06999969482422,94.435,2,788.6312228775697,788.6312228775697,186867.7803010383,57.56060418999256,WIN,186867.7803010383,0.0
2022-05-24,91.16000366210938,96.02069969177246,2,799.3056048857347,-172.83360104688302,186694.94669999141,57.38194763254185,LOSS,186867.7803010383,-0.09248978115352352
2022-05-25,92.6500015258789,92.07160369873047,2,754.4835955015528,754.4835955015528,187449.43029549296,56.51498746025206,WIN,187449.43029549296,0.0
2022-05-26,98.75,93.5765015411377,2,767.1438194015187,767.1438194015187,188216.57411489447,56.53842457067346,WIN,188216.57411489447,0.0
2022-05-27,102.26000213623047,99.7375,2,824.2413222043549,824.2413222043549,189040.81543709882,56.97978923849439,WIN,189040.81543709882,0.0
2022-05-31,101.86000061035156,103.28260215759278,2,840.0440272158414,555.5237177675986,189596.3391548664,56.10694508580888,LOSS,189596.3391548664,0.0
2022-06-01,101.22000122070312,102.87860061645507,2,826.9356879652274,495.2158088148376,190091.55496368124,55.469117180448436,LOSS,190091.55496368124,0.0
2022-06-02,108.58999633789062,102.23220123291016,2,822.5084027046943,822.5084027046943,190914.06336638593,55.51933321382847,WIN,190914.06336638593,0.0
2022-06-03,106.30000305175781,109.67589630126953,2,863.628904095777,188.45025419343312,191102.51362057935,54.37616522252648,LOSS,191102.51362057935,0.0
2022-06-06,105.6500015258789,107.3630030822754,2,823.9410709497658,481.3407596704675,191583.85438024983,53.03989598751565,LOSS,191583.85438024983,0.0
2022-06-07,105.27999877929688,106.7065015411377,2,819.5103206492865,534.209768281122,192118.06414853095,53.077927637145024,LOSS,192118.06414853095,0.0
2022-06-08,101.9000015258789,106.33279876708984,2,739.6727308065265,-146.88671743566044,191971.17743109528,48.24232342143075,LOSS,192118.06414853095,-0.07645648423883215
2022-06-09,98.80000305175781,102.9190015411377,2,726.4409553824154,-97.35874249356277,191873.81868860172,48.92487645090231,LOSS,192118.06414853095,-0.12713300074707873
2022-06-10,94.81999969482422,99.7880030822754,2,712.6763192410922,-280.9243582491431,191592.89433035257,49.482889389895895,LOSS,192118.06414853095,-0.2733578544557638
2022-06-13,86.98999786376953,95.76819969177247,2,696.8319744301502,-1058.8083911704366,190534.08593918214,50.3802952236798,LOSS,192118.06414853095,-0.8244816625490212
2022-06-14,86.98999786376953,87.85989784240722,2,630.1758923657503,456.1958966382123,190990.28183582035,49.687346858055626,LOSS,192118.06414853095,-0.5870256488940467
2022-06-15,89.30000305175781,87.85989784240722,2,630.0247454730235,630.0247454730235,191620.30658129338,49.67585424110495,WIN,192118.06414853095,-0.2590894143367694
2022-06-16,82.05000305175781,90.1930030822754,2,595.6698473000771,-1032.9301588034396,190587.37642248994,45.89202243676685,LOSS,192118.06414853095,-0.7967432593207898
2022-06-17,81.56999969482422,82.87050308227539,2,564.6627662228308,304.5620887325963,190891.93851122254,47.2909630814031,LOSS,192118.06414853095,-0.6382146534437579
2022-06-21,83.79000091552734,82.38569969177246,2,560.5410314216509,560.5410314216509,191452.4795426442,47.224601736262116,WIN,192118.06414853095,-0.34644561344953356
2022-06-22,83.75,84.62790092468262,2,578.431707950569,402.8515230140449,191855.33106565825,47.43261213276195,LOSS,192118.06414853095,-0.13675605364708127
2022-06-23,82.43000030517578,84.5875,2,575.1814337597077,143.68149479486283,191999.01256045312,47.197722025863754,LOSS,192118.06414853095,-0.061967930296124664
2022-06-24,87.08000183105469,83.25430030822754,2,558.3753452233502,558.3753452233502,192557.38790567647,46.57660242264066,WIN,192557.38790567647,0.0
2022-06-27,86.16000366210938,87.95080184936523,2,611.2793387657848,253.11970131461294,192810.50760699107,48.20248707005063,LOSS,192810.50760699107,0.0
2022-06-28,80.77999877929688,87.02160369873047,2,571.9597705282429,-676.3612133584768,192134.1463936326,45.67976388432935,LOSS,192810.50760699107,-0.3507906398634181
2022-06-29,77.98999786376953,81.58779876708985,2,542.5551644517345,-177.00501621232934,191957.14137742028,46.196412402495014,LOSS,192810.50760699107,-0.4425932176425892
2022-06-30,76.47000122070312,78.76989784240723,2,526.6763003289914,66.69697598816992,192023.83835340844,46.438974893269865,LOSS,192810.50760699107,-0.4080012356930831
2022-07-01,73.66999816894531,77.23470123291015,2,516.4189866947511,-196.52162609821733,191827.31672731022,46.43961631297693,LOSS,192810.50760699107,-0.5099259847834181
2022-07-05,75.19999694824219,74.40669815063477,2,450.668128696581,450.668128696581,192277.9848560068,42.23397664644828,WIN,192810.50760699107,-0.27618969401279536
2022-07-06,75.3499984741211,75.95199691772461,2,469.96995117762845,349.5702624569244,192627.55511846373,43.10846634858817,LOSS,192810.50760699107,-0.0948871982123803
2022-07-07,79.30000305175781,76.1034984588623,2,472.4605153321925,472.4605153321925,193100.01563379593,43.24480194434034,WIN,193100.01563379593,0.0
2022-07-08,79.3499984741211,80.09300308227539,2,526.7957793077649,378.19485767690605,193478.21049147283,45.71104704270219,LOSS,193478.21049147283,0.0
2022-07-11,76.94999694824219,80.14349845886231,2,525.7650893299481,-112.93521279407662,193365.27527867875,45.59744700977126,LOSS,193478.21049147283,-0.05837102405857612
2022-07-12,76.36000061035156,77.71949691772461,2,509.82153908959253,237.9222776149826,193603.19755629372,45.59388993427084,LOSS,193603.19755629372,0.0
2022-07-13,77.5199966430664,77.12360061645508,2,500.5300241659064,500.5300241659064,194103.7275804596,45.127645915836,WIN,194103.7275804596,0.0
2022-07-14,78.5999984741211,78.29519660949707,2,473.56978767313774,473.56978767313774,194577.29736813274,42.17849127989904,WIN,194577.29736813274,0.0
2022-07-15,81.11000061035156,79.3859984588623,2,482.54217727771254,482.54217727771254,195059.83954541045,42.3783243276626,WIN,195059.83954541045,0.0
2022-07-18,81.43000030517578,81.92110061645508,2,500.6248024361263,402.4047401802669,195462.2442855907,42.596317955519524,LOSS,195462.2442855907,0.0
2022-07-19,85.87999725341797,82.24430030822754,2,452.9703173566329,452.9703173566329,195915.21460294735,38.56501743854383,WIN,195915.21460294735,0.0
2022-07-20,89.43000030517578,86.73879722595215,2,502.0121006427714,502.0121006427714,196417.22670359013,40.43563608335511,WIN,196417.22670359013,0.0
2022-07-21,91.08999633789062,90.32430030822754,2,530.3600840845,530.3600840845,196947.58678767463,40.99747857311648,WIN,196947.58678767463,0.0
2022-07-22,88.0999984741211,92.00089630126953,2,541.8047993847883,-238.37476604489984,196709.21202162973,41.113674445442875,LOSS,196947.58678767463,-0.12103462141015617
2022-07-25,87.54000091552734,88.9809984588623,2,532.1749636146191,243.97545494762733,196953.18747657735,41.7259151837669,LOSS,196953.18747657735,0.0
2022-07-26,85.25,88.41540092468261,2,504.5367264542342,-128.54345848228877,196824.64401809507,39.89320744787125,LOSS,196953.18747657735,-0.06526599550340698
2022-07-27,89.81999969482422,86.1025,2,496.3071210756226,496.3071210756226,197320.9511391707,40.278727792962016,WIN,197320.9511391707,0.0
2022-07-28,91.66999816894531,90.71819969177245,2,507.54084225045784,507.54084225045784,197828.49198142116,39.14674036533551,WIN,197828.49198142116,0.0
2022-07-29,94.47000122070312,92.58669815063476,2,502.8540927478975,502.8540927478975,198331.34607416907,38.05429410837422,WIN,198331.34607416907,0.0
2022-08-01,96.77999877929688,95.41470123291016,2,513.8326934109243,513.8326934109243,198845.17876758,37.74757203293875,WIN,198845.17876758,0.0
2022-08-02,99.29000091552734,97.74779876708985,2,501.1900545917705,501.1900545917705,199346.36882217176,36.02481496653294,WIN,199346.36882217176,0.0
2022-08-03,98.08999633789062,100.28290092468262,2,515.3065854903913,76.72566813199194,199423.09449030375,36.09929918015162,LOSS,199423.09449030375,0.0
2022-08-04,103.91000366210938,99.07089630126953,2,515.2582557532669,515.2582557532669,199938.352746057,36.51599970402307,WIN,199938.352746057,0.0
2022-08-05,102.30999755859375,104.94910369873047,2,552.8001017227338,24.97887369539012,199963.3316197524,36.959664730983064,LOSS,199963.3316197524,0.0
2022-08-08,100.06999969482422,103.33309753417969,2,552.0417376447242,-100.5778302263692,199862.75378952603,37.46094107905113,LOSS,199963.3316197524,-0.05029813686922449
2022-08-09,95.54000091552734,101.07069969177246,2,532.5166681066851,-573.6230871423384,199289.1307023837,36.9692717524527,LOSS,199963.3316197524,-0.3371622746568096
2022-08-10,99.05000305175781,96.49540092468261,2,538.995476509506,538.995476509506,199828.1261788932,39.0867127498785,WIN,199963.3316197524,-0.06761511711372101
2022-08-11,98.12000274658203,100.0405030822754,2,564.8430851889838,180.74301805031143,200008.8691969435,39.49043292323809,LOSS,200008.8691969435,0.0
2022-08-12,100.83000183105469,99.10120277404785,2,564.1588547411513,564.1588547411513,200573.02805168464,39.8018179401536,WIN,200573.02805168464,0.0
2022-08-15,101.01000213623047,101.83830184936524,2,578.1304001704464,412.47045754349267,200985.49850922814,39.6961972391873,LOSS,200985.49850922814,0.0
2022-08-16,100.19999694824219,102.02010215759277,2,579.537765371376,215.51672350125875,201201.0152327294,39.720772454556894,LOSS,201201.0152327294,0.0
2022-08-17,98.2699966430664,101.20199691772461,2,557.1635353299926,-29.23651960164898,201171.77871312774,38.55058972644777,LOSS,201201.0152327294,-0.014531000038863522
2022-08-18,100.44000244140625,99.25269660949706,2,540.8132585164257,540.8132585164257,201712.59197164417,38.172419710055145,WIN,201712.59197164417,0.0
2022-08-19,95.94999694824219,101.44440246582032,2,553.9092340480356,-544.9718694675903,201167.6201021766,38.24839514148988,LOSS,201712.59197164417,-0.27017245881416896
2022-08-22,92.83999633789062,96.90949691772461,2,539.7381798249903,-274.1619361418067,200893.45816603478,38.978461848078595,LOSS,201712.59197164417,-0.4060895740829832
2022-08-23,92.48999786376953,93.76839630126953,2,533.8970792286362,278.2173917286359,201171.6755577634,39.80869909584164,LOSS,201712.59197164417,-0.2681619469531222
2022-08-24,92.7300033569336,93.41489784240723,2,523.8708790185267,386.8919819237998,201558.5675396872,39.23562059368892,LOSS,201712.59197164417,-0.07635836238652523
2022-08-25,97.18000030517578,93.65730339050293,2,499.97565119768524,499.97565119768524,202058.5431908849,37.43422162782562,WIN,202058.5431908849,0.0
2022-08-26,91.18000030517578,98.15180030822754,2,542.2770036349309,-852.08299697542,201206.46019390947,38.68033196139329,LOSS,202058.5431908849,-0.4217010493688768
2022-08-29,88.48999786376953,92.09180030822753,2,537.1930883753089,-183.16740051629154,201023.2927933932,40.74029677618747,LOSS,202058.5431908849,-0.5123517081451504
2022-08-30,86.94000244140625,89.37489784240722,2,521.2568010161806,34.277720815986186,201057.5705142092,40.73372219885917,LOSS,202058.5431908849,-0.49538745596620903
2022-08-31,84.87000274658203,87.80940246582031,2,505.2388056048599,-82.64113824279633,200974.9293759664,40.209712354045536,LOSS,202058.5431908849,-0.5362870571103782
2022-09-01,82.33000183105469,85.71870277404786,2,495.47937949787377,-182.26080910075984,200792.66856686564,40.38663096346565,LOSS,202058.5431908849,-0.626489038289949
2022-09-02,80.23999786376953,83.15330184936523,2,444.21351855004775,-138.447278569093,200654.22128829654,37.459281612954214,LOSS,202058.5431908849,-0.6950074371573068
2022-09-06,78.72000122070312,81.04239784240723,2,434.5334811865207,-29.945843154299496,200624.27544514224,37.59089568041705,LOSS,202058.5431908849,-0.709827816776699
2022-09-07,79.61000061035156,79.50720123291016,2,425.8478829175298,425.8478829175298,201050.12332805977,37.55273407830575,WIN,202058.5431908849,-0.49907311361365064
2022-09-08,82.77999877929688,80.40610061645508,2,423.71233049016644,423.71233049016644,201473.83565854994,36.97528330505435,WIN,202058.5431908849,-0.28937530831477026
2022-09-09,85.44999694824219,83.60779876708985,2,443.29991753934337,443.29991753934337,201917.1355760893,37.192279785579714,WIN,202058.5431908849,-0.06998348724212053
2022-09-12,84.63999938964844,86.3044969177246,2,472.4464524016094,139.5469467863757,202056.68252287566,38.34163155149278,LOSS,202058.5431908849,-0.0009208558964401642
2022-09-13,77.02999877929688,85.48639938354492,2,456.6433683407993,-1234.6367525088099,200822.04577036685,37.45664039614432,LOSS,202058.5431908849,-0.6119500818878654
2022-09-14,77.44999694824219,77.80029876708984,2,463.85527026937723,393.7949064998463,201215.8406768667,41.60136511505635,LOSS,202058.5431908849,-0.4170585913915514
2022-09-15,76.66000366210938,78.22449691772461,2,468.5977031641242,155.69905204107766,201371.53972890778,41.79038599986849,LOSS,202058.5431908849,-0.34000218507371144
2022-09-16,76.51000213623047,77.42660369873047,2,463.46500935345426,280.1446968534531,201651.68442576122,41.75993042459757,LOSS,202058.5431908849,-0.20135687345786418
2022-09-19,76.7699966430664,77.27510215759277,2,454.7226479063711,353.70154500109845,202005.38597076232,41.0825428917378,LOSS,202058.5431908849,-0.02630783102912968
2022-09-20,75.25,77.53769660949708,2,449.910716795881,-7.628605103534085,201997.7573656588,40.53482039125158,LOSS,202058.5431908849,-0.030083274018600767
2022-09-21,74.4800033569336,76.0025,2,438.0370929067578,133.53776429347698,202131.29512995228,40.27414088165304,LOSS,202131.29512995228,0.0
2022-09-22,69.5,75.22480339050293,2,433.25716009519317,-711.7035180053923,201419.5916119469,40.24770181218555,LOSS,202131.29512995228,-0.3520996179972119
2022-09-23,67.95999908447266,70.19500000000001,2,422.9171344896658,-24.083048615804444,201395.5085633311,42.0206521874004,LOSS,202131.29512995228,-0.3640141751172883
2022-09-26,66.30000305175781,68.63959907531738,2,387.1548675234453,-80.76433718846772,201314.74422614262,39.4520671694536,LOSS,202131.29512995228,-0.403970549580012
2022-09-27,67.16999816894531,66.96300308227539,2,363.72912810296907,363.72912810296907,201678.4733542456,38.05845208928116,WIN,202131.29512995228,-0.22402358596454097
2022-09-28,68.36000061035156,67.84169815063477,2,372.29216916608567,372.29216916608567,202050.76552341168,38.431676730412974,WIN,202131.29512995228,-0.0398402466519728
2022-09-29,64.13999938964844,69.04360061645508,2,385.2363074858692,-595.4839378754593,201455.28158553623,39.04594562797685,LOSS,202131.29512995228,-0.3344427907521391
2022-09-30,63.36000061035156,64.78139938354492,2,376.3544743181708,92.0747196794988,201547.35630521574,40.582451478966,LOSS,202131.29512995228,-0.2888908540170002
2022-10-03,66.11000061035156,63.993600616455076,2,369.98623348454754,369.98623348454754,201917.3425387003,40.3954366615275,WIN,202131.29512995228,-0.10584832552249619
2022-10-04,67.9000015258789,66.77110061645507,2,403.23481208890746,403.23481208890746,202320.57735078922,42.11532992559836,WIN,202320.57735078922,0.0
2022-10-05,67.94000244140625,68.5790015411377,2,420.9926986983759,293.1928787520859,202613.7702295413,42.78162486953328,LOSS,202613.7702295413,0.0
2022-10-06,67.8499984741211,68.61940246582031,2,419.5297399619261,265.6489416220819,202879.41917116338,42.61505120329939,LOSS,202879.41917116338,0.0
2022-10-07,58.439998626708984,68.5284984588623,2,404.63433198883297,-1613.0656344418308,201266.35353672155,41.21714758753151,LOSS,202879.41917116338,-0.795085889456795
2022-10-10,57.810001373291016,59.02439861297607,2,414.67620743627975,171.7967594992686,201438.15029622082,48.705284566916504,LOSS,202879.41917116338,-0.7104066449079303
2022-10-11,57.630001068115234,58.38810138702392,2,410.11850118712766,258.49843740538995,201696.6487336262,48.69528497864797,LOSS,202879.41917116338,-0.5829918295158861
2022-10-12,57.849998474121094,58.206301078796386,2,385.0229015883701,313.7623806533116,202010.41111427953,45.96154484096325,LOSS,202879.41917116338,-0.42833721647767997
2022-10-13,58.939998626708984,58.42849845886231,2,386.21214871276374,386.21214871276374,202396.6232629923,45.92946841260736,WIN,202879.41917116338,-0.2379718505422927
2022-10-14,55.939998626708984,59.529398612976074,2,398.2505138996173,-319.62948335380065,202076.9937796385,46.4638055346167,LOSS,202879.41917116338,-0.39551837973663656
2022-10-17,57.959999084472656,56.49939861297607,2,383.56612765225685,383.56612765225685,202460.55990729074,47.12432755395129,WIN,202879.41917116338,-0.20645724715884625
2022-10-18,57.91999816894531,58.53959907531738,2,407.20179995221,283.28161867779585,202743.84152596854,48.24099470024777,LOSS,202879.41917116338,-0.06682671201875352
2022-10-19,57.22999954223633,58.49919815063477,2,407.3132031535282,153.47348147384014,202897.31500744238,48.28580988656456,LOSS,202897.31500744238,0.0
2022-10-20,57.77000045776367,57.80229953765869,2,402.44512415217804,395.9853081731743,203293.30031561555,48.28398690850349,LOSS,203293.30031561555,0.0
2022-10-21,58.81999969482422,58.34770046234131,2,393.74682695927027,393.74682695927027,203687.04714257483,46.8533005417967,WIN,203687.04714257483,0.0
2022-10-24,58.70000076293945,59.40819969177246,2,402.9083723825397,261.26858661593843,203948.31572919077,47.07876469598225,LOSS,203948.31572919077,0.0
2022-10-25,61.470001220703125,59.287000770568845,2,400.5584636317689,400.5584636317689,204348.87419282255,46.90659551186425,WIN,204348.87419282255,0.0
2022-10-26,59.72999954223633,62.084701232910156,2,430.6201039571233,-40.32023417764225,204308.55395864492,48.10741076167101,LOSS,204348.87419282255,-0.01973107722609137
2022-10-27,58.599998474121094,60.32729953765869,2,418.67835958696384,73.21814687944476,204381.77210552437,48.13483072414336,LOSS,204381.77210552437,0.0
2022-10-28,62.0099983215332,59.18599845886231,2,396.94060523633823,396.94060523633823,204778.7127107607,46.5752602563244,WIN,204778.7127107607,0.0
2022-10-31,60.060001373291016,62.630098304748536,2,436.85334637239504,-77.1660399191091,204701.5466708416,48.368781954299926,LOSS,204778.7127107607,-0.037682647233013594
2022-11-01,59.65999984741211,60.660601387023924,2,417.63532373079227,217.51501580842938,204919.06168665003,47.76521530791322,LOSS,204919.06168665003,0.0
2022-11-02,58.630001068115234,60.25659984588623,2,410.20243836404336,84.8826828098446,205003.94436945987,47.249522102041055,LOSS,205003.94436945987,0.0
2022-11-03,60.11000061035156,59.216301078796384,2,403.4895915210989,403.4895915210989,205407.43396098097,47.29116056559031,WIN,205407.43396098097,0.0
2022-11-04,62.189998626708984,60.71110061645508,2,418.0574728024535,418.0574728024535,205825.49143378343,47.773410119791144,WIN,205825.49143378343,0.0
2022-11-07,63.08000183105469,62.81189861297607,2,331.6210095332527,331.6210095332527,206157.1124433167,37.04165428740829,WIN,206157.1124433167,0.0
2022-11-08,63.849998474121094,63.71080184936523,2,335.52259819495123,335.52259819495123,206492.63504151165,36.95312868160273,WIN,206492.63504151165,0.0
2022-11-09,59.91999816894531,64.48849845886231,2,339.4908958613476,-574.2091621220518,205918.4258793896,36.939939775331666,LOSS,206492.63504151165,-0.2780773086684722
2022-11-10,68.47000122070312,60.519198150634764,2,345.99906616527454,345.99906616527454,206264.42494555487,39.9649813830878,WIN,206492.63504151165,-0.11051730533193037
2022-11-11,72.37000274658203,69.15470123291016,2,501.87765339972987,501.87765339972987,206766.30259895461,50.253915994814896,WIN,206766.30259895461,0.0
2022-11-14,73.52999877929688,73.09370277404786,2,521.37797226931,521.37797226931,207287.68057122393,49.423461260741455,WIN,207287.68057122393,0.0
2022-11-15,76.37000274658203,74.26529876708985,2,526.982305865275,526.982305865275,207814.6628770892,49.17584530098296,WIN,207814.6628770892,0.0
2022-11-16,72.69999694824219,77.13370277404785,2,549.6074448020612,-337.1337203590708,207477.52915673013,49.3725451783278,LOSS,207814.6628770892,-0.16222807173065662
2022-11-17,73.9000015258789,73.42699691772461,2,539.6448305384383,539.6448305384383,208017.17398726856,50.86911407192005,WIN,208017.17398726856,0.0
2022-11-18,73.56999969482422,74.6390015411377,2,548.5394496586243,334.73908039592766,208351.91306766449,50.86795989050564,LOSS,208351.91306766449,0.0
2022-11-21,72.45999908447266,74.30569969177246,2,547.461874024814,178.32175256485323,208530.23482022935,50.991305187484514,LOSS,208530.23482022935,0.0
2022-11-22,75.25,73.18459907531738,2,541.8830962457172,541.8830962457172,209072.11791647508,51.23604921511593,WIN,209072.11791647508,0.0
2022-11-23,76.4000015258789,76.0025,2,559.8876397475891,559.8876397475891,209632.00555622266,50.98464732876489,WIN,209632.00555622266,0.0
2022-11-25,75.13999938964844,77.1640015411377,2,559.6726514488873,154.87222115103611,209786.8777773737,50.22525593695151,LOSS,209786.8777773737,0.0
2022-11-28,73.19000244140625,75.89139938354492,2,549.6359867404224,9.356598312687993,209796.23437568638,50.15426661273048,LOSS,209796.23437568638,0.0
2022-11-29,73.38999938964844,73.92190246582031,2,531.118603821177,424.73798858680254,210220.97236427318,49.76986673737482,LOSS,210220.97236427318,0.0
2022-11-30,77.62999725341797,74.12389938354492,2,523.6383453477574,523.6383453477574,210744.61070962093,48.964895517486994,WIN,210744.61070962093,0.0
2022-12-01,77.4800033569336,78.40629722595214,2,563.4025117538115,378.14373795010135,211122.75444757103,49.77533293548603,LOSS,211122.75444757103,0.0
2022-12-02,74.9800033569336,78.25480339050293,2,558.1637544399047,-96.7962522739623,211025.95819529708,49.42103762108498,LOSS,211122.75444757103,-0.04584832768368994
2022-12-05,73.62000274658203,75.72980339050294,2,550.6695195223919,128.7093907382107,211154.6675860353,50.34868202867206,LOSS,211154.6675860353,0.0
2022-12-06,70.2699966430664,74.35620277404786,2,542.0391091317015,-275.20211706458895,210879.4654689707,50.47066717907984,LOSS,211154.6675860353,-0.13033200743831905
2022-12-07,70.13999938964844,70.97269660949708,2,531.0758982974166,364.5364543276886,211244.0019232984,51.760386084469424,LOSS,211244.0019232984,0.0
2022-12-08,70.47000122070312,70.84139938354492,2,530.2094953302616,455.92986276190163,211699.9317860603,51.77133182562892,LOSS,211699.9317860603,0.0
2022-12-09,68.58999633789062,71.17470123291015,2,509.23283317956367,-7.708145824341784,211692.22364023596,49.56829937924361,LOSS,211699.9317860603,-0.003641071472870392
2022-12-12,70.66999816894531,69.27589630126953,2,390.5559500524506,390.5559500524506,212082.7795902884,39.433948360310836,WIN,212082.7795902884,0.0
2022-12-13,71.6500015258789,71.37669815063477,2,384.9098199224042,384.9098199224042,212467.68941021082,37.796985877370474,WIN,212467.68941021082,0.0
2022-12-14,68.93000030517578,72.3665015411377,2,389.7088825814266,-297.59136461095596,212170.09804559985,37.74726455651606,LOSS,212467.68941021082,-0.14006429186341385
2022-12-15,66.52999877929688,69.61930030822754,2,371.22065262571,-246.63965316042237,211923.45839243944,37.39279879178251,LOSS,212467.68941021082,-0.2561476614548367
2022-12-16,65.41000366210938,67.19529876708984,2,350.87169043306716,-6.187330563025455,211917.2710618764,36.65472653545152,LOSS,212467.68941021082,-0.2590597892142171
2022-12-19,64.58999633789062,66.06410369873046,2,342.5574636663887,47.73599149842107,211965.00705337484,36.41127585058122,LOSS,212467.68941021082,-0.23659237704866065
2022-12-20,65.05000305175781,65.23589630126953,2,338.5751973969121,301.39654749456776,212266.4036008694,36.44324465213546,LOSS,212467.68941021082,-0.09473713857394507
2022-12-21,67.68000030517578,65.70050308227539,2,341.52789634413693,341.52789634413693,212607.93149721355,36.498293295799805,WIN,212607.93149721355,0.0
2022-12-22,63.86000061035156,68.35680030822753,2,356.6832773052069,-542.6766622699874,212065.25483494357,36.629962575507946,LOSS,212607.93149721355,-0.25524760927232487
2022-12-23,64.5199966430664,64.49860061645508,2,350.77014801226267,350.77014801226267,212416.02498295583,38.10269388766879,WIN,212607.93149721355,-0.09026310208950582
2022-12-27,63.27000045776367,65.16519660949707,2,356.181048436946,-22.858181909734242,212393.16680104609,38.28575541418749,LOSS,212607.93149721355,-0.1010144328365645
2022-12-28,62.56999969482422,63.90270046234131,2,347.8742428029483,81.33408929953049,212474.5008903456,38.13874491940497,LOSS,212607.93149721355,-0.06275899771391745
2022-12-29,64.81999969482422,63.19569969177246,2,343.4577626506979,343.4577626506979,212817.9586529963,38.07873226761381,WIN,212817.9586529963,0.0
2022-12-30,64.7699966430664,65.46819969177245,2,338.2485540068396,198.6079442656299,213016.56659726193,36.2868852004097,LOSS,213016.56659726193,0.0
2023-01-03,64.0199966430664,65.41769660949707,2,338.11598124112413,58.575987954991206,213075.14258521693,36.29999313685252,LOSS,213075.14258521693,0.0
2023-01-04,64.66000366210938,64.66019660949708,2,329.83273931473383,329.7941498371933,213404.93673505413,35.848697686799774,LOSS,213404.93673505413,0.0
2023-01-05,62.33000183105469,65.30660369873047,2,334.3365918225285,-260.983781712628,213143.9529533415,35.97211825338348,LOSS,213404.93673505413,-0.12229510043464471
2023-01-06,63.959999084472656,62.95330184936523,2,317.30617675446086,317.30617675446086,213461.25913009598,35.44335994134053,WIN,213461.25913009598,0.0
2023-01-09,67.23999786376953,64.59959907531739,2,332.9808636847671,332.9808636847671,213794.23999378073,36.20622504504672,WIN,213794.23999378073,0.0
2023-01-10,68.05000305175781,67.91239784240723,2,371.96073539436753,371.96073539436753,214166.2007291751,38.360908621646786,WIN,214166.2007291751,0.0
2023-01-11,69.05999755859375,68.73050308227539,2,372.82193157524665,372.82193157524665,214539.02266075034,38.00908584082673,WIN,214539.02266075034,0.0
2023-01-12,70.80000305175781,69.75059753417969,2,372.94426599308923,372.94426599308923,214911.96692674342,37.49082842830155,WIN,214911.96692674342,0.0
2023-01-13,71.0,71.5080030822754,2,385.89305730986086,284.29244085478206,215196.2593675982,37.82269183098248,LOSS,215196.2593675982,0.0
2023-01-17,71.58999633789062,71.71,2,374.99502368832685,350.9942912664531,215547.25365886465,36.705876387145054,LOSS,215547.25365886465,0.0
2023-01-18,70.52999877929688,72.30589630126953,2,366.28397405494485,11.104469660414395,215558.35812852505,35.61313316918122,LOSS,215558.35812852505,0.0
2023-01-19,67.70999908447266,71.23529876708984,2,360.1685411988938,-344.8913953245438,215213.4667332005,35.54823219321896,LOSS,215558.35812852505,-0.15999908253101056
2023-01-20,70.06999969482422,68.38709907531738,2,358.81424849211476,358.81424849211476,215572.28098169263,36.8226864077878,WIN,215572.28098169263,0.0
2023-01-23,76.52999877929688,70.77069969177246,2,379.0361112837802,379.0361112837802,215951.31709297642,37.551009847471796,WIN,215951.31709297642,0.0
2023-01-24,74.69999694824219,77.29529876708985,2,463.01131534360206,-56.049048425929755,215895.2680445505,41.78864884608248,LOSS,215951.31709297642,-0.025954483251328923
2023-01-25,74.91000366210938,75.4469969177246,2,429.4166764021745,322.01802527912866,216217.28606982963,39.794328484802676,LOSS,216217.28606982963,0.0
2023-01-26,75.16000366210938,75.65910369873048,2,430.8018519505799,330.98184462635965,216548.267914456,39.81004029711339,LOSS,216548.267914456,0.0
2023-01-27,75.4000015258789,75.91160369873047,2,426.47839837145386,324.15796380114034,216872.42587825714,39.30303318169776,LOSS,216872.42587825714,0.0
2023-01-30,72.44999694824219,76.1540015411377,2,424.85860242280796,-315.9423161562951,216556.48356210085,39.041474931058545,LOSS,216872.42587825714,-0.14568118324717064
2023-01-31,75.1500015258789,73.17449691772461,2,418.8010494649905,418.8010494649905,216975.28461156585,40.0060078466964,WIN,216975.28461156585,0.0
2023-02-01,84.63999938964844,75.90150154113769,2,440.78717853734923,440.78717853734923,217416.0717901032,40.56742547516093,WIN,217416.0717901032,0.0
2023-02-02,88.30999755859375,85.48639938354492,2,588.6186147094608,588.6186147094608,218004.69040481266,47.77013530475437,WIN,218004.69040481266,0.0
2023-02-03,86.08999633789062,89.19309753417969,2,619.0748441500376,-1.545395107774425,218003.1450097049,48.139665079790056,LOSS,218004.69040481266,-0.0007088815863987027
2023-02-06,83.68000030517578,86.95089630126954,2,596.7382510221435,-57.44094819660779,217945.7040615083,47.61922454481504,LOSS,218004.69040481266,-0.02705737348808094
2023-02-07,85.91000366210938,84.51680030822754,2,591.4460314552873,591.4460314552873,218537.1500929636,48.52133628167436,WIN,218537.1500929636,0.0
2023-02-08,84.69000244140625,86.76910369873048,2,599.145360572584,183.32510910773885,218720.47520207133,47.90061009817671,LOSS,218720.47520207133,0.0
2023-02-09,83.20999908447266,85.53690246582032,2,595.1953252761409,129.81464900660842,218850.28985107795,48.256624445768736,LOSS,218850.28985107795,0.0
2023-02-10,81.4800033569336,84.04209907531738,2,589.7531733821257,77.33402970536827,218927.62388078333,48.65083270222064,LOSS,218927.62388078333,0.0
2023-02-13,83.12999725341797,82.29480339050293,2,581.2868441267597,581.2868441267597,219508.9107249101,48.958908104428744,WIN,219508.9107249101,0.0
2023-02-14,85.94999694824219,83.96129722595215,2,593.7458971893877,593.7458971893877,220102.6566220995,49.013636017457195,WIN,220102.6566220995,0.0
2023-02-15,85.18000030517578,86.80949691772462,2,617.6743796151876,291.77505710542073,220394.43167920492,49.30506711258205,LOSS,220394.43167920492,0.0
2023-02-16,80.08000183105469,86.03180030822755,2,610.5319108063284,-579.8277846282433,219814.6038945767,49.18013043914147,LOSS,220394.43167920492,-0.26308640386713456
2023-02-17,78.5,80.88080184936524,2,587.709499265035,111.54912939198675,219926.15302396868,50.31436103494726,LOSS,220394.43167920492,-0.21247299746567128
2023-02-21,76.7699966430664,79.285,2,576.3605967659362,73.35992537921811,219999.5129493479,50.33515441727091,LOSS,220394.43167920492,-0.1791872538920773
2023-02-22,76.61000061035156,77.53769660949708,2,522.6270248623288,337.0878250332262,220336.60077438114,46.79993944215741,LOSS,220394.43167920492,-0.02623973046104989
2023-02-23,79.75,77.37610061645508,2,517.7124847683789,517.7124847683789,220854.31325914952,46.46966644486454,WIN,220854.31325914952,0.0
2023-02-24,78.08999633789062,80.5475,2,548.0189557658264,56.51822334395149,220910.83148249346,47.223339705043294,LOSS,220910.83148249346,0.0
2023-02-27,78.7699966430664,78.87089630126952,2,540.1245832039881,519.9446515633643,221430.77613405682,47.5208717954975,LOSS,221430.77613405682,0.0
2023-02-28,78.58000183105469,79.55769660949707,2,545.0373586814552,349.4984029929784,221780.27453704982,47.538457097261784,LOSS,221780.27453704982,0.0
2023-03-01,78.29000091552734,79.36580184936524,2,532.6087689294916,317.4485821619122,222097.72311921173,46.60295367132414,LOSS,222097.72311921173,0.0
2023-03-02,80.44000244140625,79.07290092468261,2,523.9627416795801,523.9627416795801,222621.6858608913,46.03855391014437,WIN,222621.6858608913,0.0
2023-03-03,81.5199966430664,81.24440246582031,2,422.1241329875511,422.1241329875511,223043.80999387885,36.4814449733672,WIN,223043.80999387885,0.0
2023-03-06,81.16000366210938,82.33519660949707,2,409.30218432255475,174.26359484501478,223218.07358872387,34.981248209965,LOSS,223218.07358872387,0.0
2023-03-07,82.11000061035156,81.97160369873048,2,402.54777948616214,402.54777948616214,223620.62136821004,34.5780838612848,WIN,223620.62136821004,0.0
2023-03-08,85.37000274658203,82.93110061645508,2,401.7869432471116,401.7869432471116,224022.40831145714,34.137225784307596,WIN,224022.40831145714,0.0
2023-03-09,84.02999877929688,86.22370277404785,2,427.3371041328968,-11.403694817298401,224011.00461663984,34.88087408632022,LOSS,224022.40831145714,-0.005090425954821042
2023-03-10,82.66999816894531,84.87029876708985,2,421.1009871679213,-18.959132460986098,223992.04548417885,34.91799178083835,LOSS,224022.40831145714,-0.01355347775570827
2023-03-13,82.01000213623047,83.49669815063477,2,413.83473691957266,116.49553403871226,224108.54101821757,34.88191908336127,LOSS,224108.54101821757,0.0
2023-03-14,87.44999694824219,82.83010215759278,2,406.61182034778653,406.61182034778653,224515.15283856535,34.565833395804766,WIN,224515.15283856535,0.0
2023-03-15,89.68000030517578,88.32449691772462,2,473.39631638368706,473.39631638368706,224988.54915494903,37.57710303397404,WIN,224988.54915494903,0.0
2023-03-16,96.5999984741211,90.57680030822753,2,480.90519884583875,480.90519884583875,225469.45435379486,37.24056648254523,WIN,225469.45435379486,0.0
2023-03-17,97.83999633789062,97.56599845886231,2,569.2071295473403,569.2071295473403,226038.6614833422,40.7458949212667,WIN,226038.6614833422,0.0
2023-03-20,96.80999755859375,98.81839630126953,2,529.0363804512134,127.35663191605738,226166.01811525825,37.536236023627126,LOSS,226166.01811525825,0.0
2023-03-21,95.93000030517578,97.7780975341797,2,518.3141760823717,148.69473028158927,226314.71284553985,37.18417716785228,LOSS,226314.71284553985,0.0
2023-03-22,97.58000183105469,96.88930030822753,2,505.9941086027413,505.9941086027413,226820.7069541426,36.659562322187654,WIN,226820.7069541426,0.0
2023-03-23,100.27999877929688,98.55580184936524,2,512.744335691832,512.744335691832,227333.45128983443,36.52718659239154,WIN,227333.45128983443,0.0
2023-03-24,97.94999694824219,101.28279876708984,2,519.9689549046127,-146.59140886491855,227186.8598809695,36.067926753866104,LOSS,227333.45128983443,-0.06448299096907706
2023-03-27,96.61000061035156,98.9294969177246,2,509.7885079368268,45.889246462218125,227232.7491274317,36.19629845392399,LOSS,227333.45128983443,-0.044297115902367935
2023-03-28,94.55999755859375,97.57610061645508,2,509.7199888776041,-93.50062269466173,227139.24850473704,36.66908839677225,LOSS,227333.45128983443,-0.08542640073228273
2023-03-29,96.08999633789062,95.50559753417969,2,507.80680393979463,507.80680393979463,227647.05530867685,37.29182698896909,WIN,227647.05530867685,0.0
2023-03-30,97.87999725341797,97.05089630126953,2,514.3374852719893,514.3374852719893,228161.39279394885,37.17578938728704,WIN,228161.39279394885,0.0
2023-03-31,98.01000213623047,98.85879722595215,2,521.4449671189151,351.68594917457983,228513.07874312342,37.008619418212014,LOSS,228513.07874312342,0.0
2023-04-03,96.55999755859375,98.99010215759277,2,522.8217618774248,36.800842077620246,228549.87958520104,37.05479440352761,LOSS,228549.87958520104,0.0
2023-04-04,95.87000274658203,97.5255975341797,2,519.3763315697447,188.25737405021187,228738.13695925125,37.348621368509335,LOSS,228738.13695925125,0.0
2023-04-05,92.55999755859375,96.82870277404785,2,518.2253263876652,-335.5157167031558,228402.6212425481,37.525267055725735,LOSS,228738.13695925125,-0.14668114428286774
2023-04-06,92.47000122070312,93.48559753417969,2,505.9484131965588,302.829150501246,228705.45039304937,37.92654035624119,LOSS,228738.13695925125,-0.01428995034951502
2023-04-10,95.4800033569336,93.39470123291015,2,501.5203414772319,501.5203414772319,229206.9707345266,37.644988536935976,WIN,229206.9707345266,0.0
2023-04-11,94.02999877929688,96.43480339050294,2,519.6849136927045,38.72399145149245,229245.6947259781,37.77242152913277,LOSS,229245.6947259781,0.0
2023-04-12,92.33000183105469,94.97029876708984,2,514.6156032454007,-13.443783961630515,229232.25094201646,37.97099152126091,LOSS,229245.6947259781,-0.005864356134458076
2023-04-13,92.08999633789062,93.25330184936523,2,471.20412349247084,238.54302119755,229470.793963214,35.52757678122453,LOSS,229470.793963214,0.0
2023-04-14,91.75,93.01089630126953,2,464.1548043618813,211.9755441079762,229682.769507322,35.10923429635275,LOSS,229682.769507322,0.0
2023-04-17,89.87000274658203,92.6675,2,382.2426823103092,-177.25676837328535,229505.51273894872,29.327621588201414,LOSS,229682.769507322,-0.07717460423936025
2023-04-18,89.77999877929688,90.76870277404785,2,375.0131920396778,177.27239308948225,229682.7851320382,29.371989360511275,LOSS,229682.7851320382,0.0
2023-04-19,89.94000244140625,90.67779876708984,2,374.064457743178,226.50519260646007,229909.29032464465,29.329762684847154,LOSS,229909.29032464465,0.0
2023-04-20,90.11000061035156,90.83940246582031,2,374.62231269672435,228.74194160297412,230138.03226624764,29.321761792092094,LOSS,230138.03226624764,0.0
2023-04-21,88.43000030517578,91.01110061645508,2,368.9524671431003,-147.26759511275975,229990.76467113488,28.85360020453909,LOSS,230138.03226624764,-0.06399098561092494
2023-04-24,87.56999969482422,89.31430030822754,2,347.4143632510327,-1.4457594296324032,229989.31891170525,27.75710808003791,LOSS,230138.03226624764,-0.06461919965072904
2023-04-25,83.80000305175781,88.44569969177246,2,338.9990565537068,-590.1402714492228,229399.17864025602,27.376679137616765,LOSS,230138.03226624764,-0.32104803309382246
2023-04-26,85.94000244140625,84.63800308227539,2,345.1284354292197,345.1284354292197,229744.30707568524,29.012412217623037,WIN,230138.03226624764,-0.1710821921458412
2023-04-27,87.44000244140625,86.79940246582031,2,365.0031758413898,365.0031758413898,230109.31025152662,29.8637383129288,WIN,230138.03226624764,-0.01248034253103751
2023-04-28,89.37000274658203,88.31440246582031,2,372.17570250123896,372.17570250123896,230481.48595402786,29.924386323958178,WIN,230481.48595402786,0.0
2023-05-01,89.69000244140625,90.26370277404786,2,382.9383520368308,268.19828550850934,230749.68423953638,30.112958109028007,LOSS,230749.68423953638,0.0
2023-05-02,89.91000366210938,90.58690246582032,2,384.76217968962743,249.38241894743925,230999.06665848382,30.146341383461834,LOSS,230999.06665848382,0.0
2023-05-03,81.62000274658203,90.80910369873047,2,384.49633426379637,-1453.323856165891,229545.74280231792,30.05735286084984,LOSS,230999.06665848382,-0.6291470685093865
2023-05-04,86.61000061035156,82.43620277404786,2,432.40761628350333,432.40761628350333,229978.15041860144,36.812991153522205,WIN,230999.06665848382,-0.44195686790013616
2023-05-05,89.83999633789062,87.47610061645508,2,492.2265729989993,492.2265729989993,230470.37699160044,39.362430711603295,WIN,230999.06665848382,-0.22887091040285928
2023-05-08,95.04000091552734,90.73839630126953,2,524.4841098230214,524.4841098230214,230994.86110142345,40.38585213126352,WIN,230999.06665848382,-0.0018205948280247304
2023-05-09,95.05999755859375,95.99040092468262,2,575.8784891048673,389.79781588709375,231384.65891731053,41.84992749575674,LOSS,231384.65891731053,0.0
2023-05-10,97.0199966430664,96.0105975341797,2,573.7541634078632,573.7541634078632,231958.4130807184,41.69368372060476,WIN,231958.4130807184,0.0
2023-05-11,97.0999984741211,97.99019660949708,2,585.0281105500162,406.98848347481976,232365.40156419322,41.6557761197243,LOSS,232365.40156419322,0.0
2023-05-12,95.26000213623047,98.0709984588623,2,585.2604511622078,23.061186635840386,232388.46275082906,41.63874165038905,LOSS,232388.46275082906,0.0
2023-05-15,97.4000015258789,96.21260215759277,2,578.0170509999986,578.0170509999986,232966.47980182906,41.905857558844126,WIN,232966.47980182906,0.0
2023-05-16,101.4800033569336,98.3740015411377,2,589.0327235833511,589.0327235833511,233555.5125254124,41.77211809216159,WIN,233555.5125254124,0.0
2023-05-17,103.75,102.49480339050294,2,625.5890755241304,625.5890755241304,234181.10160093653,42.5465947947852,WIN,234181.10160093653,0.0
2023-05-18,107.93000030517578,104.7875,2,641.4581272749924,641.4581272749924,234822.55972821152,42.66615142614334,WIN,234822.55972821152,0.0
2023-05-19,105.81999969482422,109.00930030822754,2,676.5009277887773,38.64080510811357,234861.20053331964,43.229902102434366,LOSS,234861.20053331964,0.0
2023-05-22,108.0,106.87819969177247,2,663.76462383863,663.76462383863,235524.96515715827,43.260473477372926,WIN,235524.96515715827,0.0
2023-05-23,108.12000274658203,109.08,2,674.5539979409639,482.5545472573705,236007.51970441564,43.083792621440175,LOSS,236007.51970441564,0.0
2023-05-24,108.2699966430664,109.20120277404786,2,646.0578754295888,459.81664923329856,236467.33635364895,41.29465325599134,LOSS,236467.33635364895,0.0
2023-05-25,120.3499984741211,109.35269660949707,2,646.5992206297024,646.5992206297024,237113.93557427864,41.27297034862656,WIN,237113.93557427864,0.0
2023-05-26,127.02999877929688,121.55349845886231,2,816.7828018847018,816.7828018847018,237930.71837616334,46.661235059553135,WIN,237930.71837616334,0.0
2023-05-30,125.2699966430664,128.30029876708986,2,876.1446487769888,270.0842239722988,238200.80260013562,47.39158658132773,LOSS,238200.80260013562,0.0
2023-05-31,118.20999908447266,126.52269660949707,2,871.8068977080989,-790.7326072967849,237410.06999283883,47.80349985916664,LOSS,238200.80260013562,-0.3319605134262189
2023-06-01,119.47000122070312,119.39209907531739,2,866.8367922929207,866.8367922929207,238276.90678513175,50.27463988851618,WIN,238276.90678513175,0.0
2023-06-02,117.86000061035156,120.66470123291016,2,765.0049889929091,204.06486448118937,238480.97164961294,44.125243024451784,LOSS,238480.97164961294,0.0
2023-06-05,117.93000030517578,119.03860061645508,2,745.77859544904,524.0585331931793,239005.0301828061,43.62481307082345,LOSS,239005.0301828061,0.0
2023-06-06,124.2300033569336,119.10930030822755,2,743.3812638649612,743.3812638649612,239748.41144667106,43.46551013682361,WIN,239748.41144667106,0.0
2023-06-07,117.83000183105469,125.47230339050293,2,779.0323886179128,-749.4279232717356,238998.98352339934,43.24926622202622,LOSS,239748.41144667106,-0.31258931758904446
2023-06-08,121.05000305175781,119.00830184936524,2,778.8736632774013,778.8736632774013,239777.85718667673,45.49325786687222,WIN,239777.85718667673,0.0
2023-06-09,124.91999816894531,122.26050308227539,2,801.8014761081183,801.8014761081183,240579.65866278484,45.583041320459344,WIN,240579.65866278484,0.0
2023-06-12,129.19000244140625,126.16919815063477,2,829.8556895211306,829.8556895211306,241409.51435230597,45.711201232211565,WIN,241409.51435230597,0.0
2023-06-13,124.52999877929688,130.48190246582033,2,850.2304962403817,-340.1502410643085,241069.36411124165,45.30205867078817,LOSS,241409.51435230597,-0.14090175442211855
2023-06-14,127.33000183105469,125.77529876708985,2,844.7742347339964,844.7742347339964,241914.13834597566,46.64120572304802,WIN,241914.13834597566,0.0
2023-06-15,124.23999786376953,128.60330184936524,2,856.0593248421052,-16.601472277036123,241897.5368736986,46.24073312659881,LOSS,241914.13834597566,-0.006862547344507
2023-06-16,120.08000183105469,125.48239784240722,2,846.2607774920873,-234.21842477842006,241663.31844892018,46.8250827888976,LOSS,241914.13834597566,-0.10368137173395302
2023-06-20,118.93000030517578,121.28080184936523,2,824.2441235046222,354.0838146667319,242017.4022635869,47.17316168972787,LOSS,242017.4022635869,0.0
2023-06-21,112.11000061035156,120.11930030822754,2,812.4704303956797,-789.3895091795151,241228.0127544074,46.9573760627023,LOSS,242017.4022635869,-0.32617055707414383
2023-06-22,110.69999694824219,113.23110061645508,2,796.583153494503,290.3624198519244,241518.3751742593,48.76885541631249,LOSS,242017.4022635869,-0.20619471354547497
2023-06-23,110.01000213623047,111.8069969177246,2,788.3845448732261,428.9855885743991,241947.3607628337,48.8776007329399,LOSS,242017.4022635869,-0.028940687776210137
2023-06-26,107.51000213623047,111.11010215759278,2,783.9988728071921,63.978868534730395,242011.33963136844,48.909367372584256,LOSS,242017.4022635869,-0.0025050397871248854
2023-06-27,110.38999938964844,108.58510215759277,2,656.8701427587371,656.8701427587371,242668.20977412717,42.18411217480991,WIN,242668.20977412717,0.0
2023-06-28,110.16999816894531,111.49389938354493,2,646.1473331518799,381.3670902319568,243049.57686435911,40.48727667412781,LOSS,243049.57686435911,0.0
2023-06-29,111.23999786376953,111.27169815063476,2,644.4178815520655,638.0778241790193,243687.65468853814,40.460756999340106,LOSS,243687.65468853814,0.0
2023-06-30,113.91000366210938,112.35239784240723,2,622.1369071076273,622.1369071076273,244309.79159564577,38.76377241922533,WIN,244309.79159564577,0.0
2023-07-03,115.81999969482422,115.04910369873048,2,643.3074511177409,643.3074511177409,244953.09904676353,39.125985730111125,WIN,244953.09904676353,0.0
2023-07-05,113.94999694824219,116.97819969177246,2,656.1480413374735,50.50749263141904,245003.60653939494,39.24328076973549,LOSS,245003.60653939494,0.0
2023-07-06,113.4800033569336,115.08949691772462,2,648.2787119874442,326.37999982923964,245329.9865392242,39.40143866432027,LOSS,245329.9865392242,0.0
2023-07-07,113.16999816894531,114.61480339050293,2,607.1444002527136,318.1833559411905,245648.1698951654,37.15970496775283,LOSS,245648.1698951654,0.0
2023-07-10,113.58000183105469,114.30169815063476,2,573.9447693650467,429.6055054490315,246077.77540061442,35.316245445987704,LOSS,246077.77540061442,0.0
2023-07-11,111.31999969482422,114.71580184936523,2,564.0121591867044,-115.14827172149887,245962.62712889293,34.616724285666756,LOSS,246077.77540061442,-0.04679344631348175
2023-07-12,114.58000183105469,112.43319969177246,2,537.3484944785265,537.3484944785265,246499.97562337146,33.6992547558208,WIN,246499.97562337146,0.0
2023-07-13,115.91999816894531,115.72580184936524,2,547.4189934913982,547.4189934913982,247047.39461686285,33.37218812495063,WIN,247047.39461686285,0.0
2023-07-14,115.94000244140625,117.07919815063477,2,542.0374420972396,314.19830025153624,247361.59291711438,32.6998212510874,LOSS,247361.59291711438,0.0
2023-07-17,118.31999969482422,117.09940246582032,2,530.7693072355429,530.7693072355429,247892.36222434993,32.051637633925395,WIN,247892.36222434993,0.0
2023-07-18,117.93000030517578,119.50319969177247,2,543.9359918729738,229.29611455363693,248121.65833890357,32.17859992170907,LOSS,248121.65833890357,0.0
2023-07-19,116.43000030517578,119.10930030822755,2,524.0171270754165,-11.842873534936416,248109.81546536862,31.16196246003246,LOSS,248121.65833890357,-0.004773010794071217
2023-07-20,110.25,117.59430030822755,2,518.5258972463549,-950.3341643991542,247159.48130096946,31.228654955125556,LOSS,248121.65833890357,-0.387784381410142
2023-07-21,110.94999694824219,111.3525,2,482.9728645313321,402.47225417976836,247561.95355514923,30.746891733620117,LOSS,248121.65833890357,-0.22557675436371952
2023-07-24,110.61000061035156,112.05949691772462,2,484.06691550811746,194.16765403350684,247756.12120918275,30.629303642417362,LOSS,248121.65833890357,-0.14732173409124158
2023-07-25,113.0,111.71610061645508,2,482.01784450965766,482.01784450965766,248238.1390536924,30.59547581586383,WIN,248238.1390536924,0.0
2023-07-26,110.08999633789062,114.13,2,488.9897891534225,-319.01094326845157,247919.12811042395,30.393928748877663,LOSS,248238.1390536924,-0.12851004462269786
2023-07-27,111.0999984741211,111.19089630126953,2,477.9791068389121,459.7995414092244,248378.92765183316,30.488971908831786,LOSS,248378.92765183316,0.0
2023-07-28,112.95999908447266,112.2109984588623,2,483.6718647503357,483.6718647503357,248862.5995165835,30.566821479413345,WIN,248862.5995165835,0.0
2023-07-31,114.4000015258789,114.08959907531738,2,494.93304399866724,494.93304399866724,249357.53256058216,30.752072071220958,WIN,249357.53256058216,0.0
2023-08-01,117.5999984741211,115.5440015411377,2,493.89099357880355,493.89099357880355,249851.42355416095,30.327028548589645,WIN,249851.42355416095,0.0
2023-08-02,109.3499984741211,118.7759984588623,2,516.9009491244442,-1368.299047823798,248483.12450633716,30.84418948169337,LOSS,249851.42355416095,-0.5476450877724064
2023-08-03,113.1500015258789,110.44349845886231,2,551.058775624738,551.058775624738,249034.1832819619,35.10376512797274,WIN,249851.42355416095,-0.32709050065584694
2023-08-04,115.81999969482422,114.2815015411377,2,587.4232416601963,587.4232416601963,249621.6065236221,36.110081067600376,WIN,249851.42355416095,-0.09198147733948972
2023-08-07,116.80999755859375,116.97819969177246,2,608.1556976277873,574.5152709920453,250196.12179461413,36.502480246822024,LOSS,250196.12179461413,0.0
2023-08-08,113.2300033569336,117.97809753417968,2,613.9501449152924,-335.6686905339252,249860.4531040802,36.53623434417452,LOSS,250196.12179461413,-0.13416222766613484
2023-08-09,110.47000122070312,114.36230339050293,2,602.6407354540223,-175.81969850593873,249684.63340557425,36.97475551431556,LOSS,250196.12179461413,-0.20443497899610066
2023-08-10,110.2300033569336,111.57470123291016,2,584.4543439329119,315.51476873759907,250000.14817431185,36.76537826931079,LOSS,250196.12179461413,-0.07832800080856223
2023-08-11,107.56999969482422,111.33230339050293,2,580.8647886254411,-171.595950510301,249828.55222380155,36.62617697581055,LOSS,250196.12179461413,-0.14691257729178914
2023-08-14,111.9800033569336,108.64569969177246,2,572.3904625107745,572.3904625107745,250400.94268631234,36.96699553459766,WIN,250400.94268631234,0.0
2023-08-15,111.3499984741211,113.09980339050293,2,613.0445425190287,263.083559242662,250664.026245555,37.982248835986596,LOSS,250664.026245555,0.0
2023-08-16,107.19000244140625,112.4634984588623,2,609.7119397288951,-444.9872637623158,250219.0389817927,37.98916410060708,LOSS,250664.026245555,-0.1775233847582051
2023-08-17,104.44000244140625,108.26190246582031,2,599.3741125978082,-165.0058922850044,250054.0330895077,38.75684863417867,LOSS,250664.026245555,-0.24335089688926675
2023-08-18,105.44999694824219,105.48440246582031,2,561.338348851977,554.4572453363526,250608.49033484404,37.32183798959697,LOSS,250664.026245555,-0.02215551690554526
2023-08-21,108.22000122070312,106.50449691772461,2,567.5720905757493,567.5720905757493,251176.0624254198,37.37234932952391,WIN,251176.0624254198,0.0
2023-08-22,105.66000366210938,109.30220123291016,2,591.6317069635891,-136.80780719656877,251039.25461822323,37.93161922341157,LOSS,251176.0624254198,-0.05446689699469012
2023-08-23,109.43000030517578,106.71660369873047,2,576.801644855648,576.801644855648,251616.05626307888,37.879365137093465,WIN,251616.05626307888,0.0
2023-08-24,101.80000305175781,110.52430030822754,2,606.6677947304325,-1138.1916565635124,250477.86460651536,38.44062361493347,LOSS,251616.05626307888,-0.4523525539139181
2023-08-25,102.25,102.8180030822754,2,610.2676560379911,496.6670395829118,250974.53164609827,41.4229232742423,LOSS,251616.05626307888,-0.2549617168746396
2023-08-28,102.61000061035156,103.27250000000001,2,609.4326952711042,476.9328173414151,251451.46446343968,41.19440609795693,LOSS,251616.05626307888,-0.06541386987923554
2023-08-29,105.91999816894531,103.63610061645508,2,609.2510657628453,609.2510657628453,252060.71552920254,41.04438437688093,WIN,252060.71552920254,0.0
2023-08-30,106.58999633789062,106.97919815063477,2,631.9438624604995,554.10349991167,252614.8190291142,41.234195000747974,LOSS,252614.8190291142,0.0
2023-08-31,105.72000122070312,107.65589630126954,2,587.8163681724379,200.63735205915577,252815.45638117337,38.24783553094122,LOSS,252815.45638117337,0.0
2023-09-01,109.44999694824219,106.77720123291016,2,567.805271882899,567.805271882899,253383.26165305628,37.29601466032889,WIN,253383.26165305628,0.0
2023-09-05,110.77999877929688,110.54449691772462,2,596.9725298114683,596.9725298114683,253980.23418286775,37.84801131715896,WIN,253980.23418286775,0.0
2023-09-06,109.27999877929688,111.88779876708985,2,605.3364557214193,83.77645816282472,254064.01064103056,37.91426878788198,LOSS,254064.01064103056,0.0
2023-09-07,106.58999633789062,110.37279876708985,2,588.7546258410986,-167.80585999874586,253896.20478103182,37.40672890895611,LOSS,254064.01064103056,-0.06604865426447044
2023-09-08,106.08999633789062,107.65589630126954,2,574.3944760133918,261.21448333760964,254157.41926436944,37.41494806502476,LOSS,254157.41926436944,0.0
2023-09-11,105.31999969482422,107.15089630126953,2,571.8174749410414,205.6381536519799,254363.05741802143,37.42226819343017,LOSS,254363.05741802143,0.0
2023-09-12,105.30999755859375,106.37319969177246,2,561.823770023029,349.1833433872879,254712.24076140873,37.05528209908306,LOSS,254712.24076140873,0.0
2023-09-13,107.70999908447266,106.36309753417969,2,539.2483853001302,539.2483853001302,255251.48914670886,35.64070397722212,WIN,255251.48914670886,0.0
2023-09-14,106.62999725341797,108.78709907531739,2,559.3355764394399,127.91521205955655,255379.40435876843,36.11955946149173,LOSS,255379.40435876843,0.0
2023-09-15,101.48999786376953,107.69629722595215,2,537.3841955154912,-703.8756769210327,254675.52868184738,35.10578757983892,LOSS,255379.40435876843,-0.2756195937915999
2023-09-18,102.37000274658203,102.50489784240723,2,531.600791802065,504.62177263702495,255180.15045448442,36.41710809828592,LOSS,255379.40435876843,-0.07802269912263024
2023-09-19,101.61000061035156,103.39370277404785,2,535.9639763890575,179.22354364979947,255359.37399813422,36.40119741481322,LOSS,255379.40435876843,-0.007843373542396675
2023-09-20,100.33999633789062,102.62610061645508,2,522.716651314315,65.49579560142467,255424.86979373565,35.79787116888873,LOSS,255424.86979373565,0.0
2023-09-21,96.11000061035156,101.34339630126954,2,511.9616147603875,-534.7175234232072,254890.15227031245,35.51957817915668,LOSS,255424.86979373565,-0.20934434609088803
2023-09-22,96.19999694824219,97.07110061645508,2,488.61032337851447,314.3895897359352,255204.5418600484,35.397853461032625,LOSS,255424.86979373565,-0.08625938964564156
2023-09-25,97.37999725341797,97.16199691772461,2,433.7781320539158,433.7781320539158,255638.3199921023,31.59632395404208,WIN,255638.3199921023,0.0
2023-09-26,95.95999908447266,98.35379722595215,2,441.57022798938465,-37.18940030651402,255601.13059179578,31.764184566602317,LOSS,255638.3199921023,-0.014547662614772857
2023-09-27,98.06999969482422,96.91959907531738,2,436.609534285284,436.609534285284,256037.74012608107,31.866081366197765,WIN,256037.74012608107,0.0
2023-09-28,102.76000213623047,99.05069969177246,2,436.90396853240895,436.90396853240895,256474.64409461347,31.23844164879175,WIN,256474.64409461347,0.0
2023-09-29,102.81999969482422,103.78760215759277,2,494.236932185572,300.7164396318613,256775.36053424532,33.583913358136584,LOSS,256775.36053424532,0.0
2023-10-02,103.2699966430664,103.84819969177246,2,493.9329036419298,378.29229390071816,257153.65282814603,33.545791958276126,LOSS,257153.65282814603,0.0
2023-10-03,100.08000183105469,104.30269660949708,2,476.6968297441169,-367.8421259443608,256785.81070220168,32.30337531437695,LOSS,257153.65282814603,-0.14304371020939102
2023-10-04,104.06999969482422,101.08080184936523,2,468.8910643109589,468.8910643109589,257254.70176651265,32.76068003165376,WIN,257254.70176651265,0.0
2023-10-05,102.91000366210938,105.11069969177247,2,512.5959055768158,72.45669964419733,257327.15846615683,34.3503078533235,LOSS,257327.15846615683,0.0
2023-10-06,107.23999786376953,103.93910369873046,2,501.05859824639066,501.05859824639066,257828.21706440323,33.975995073664706,WIN,257828.21706440323,0.0
2023-10-09,106.97000122070312,108.31239784240722,2,546.3689154438941,277.88959110307474,258106.1066555063,35.47033667379481,LOSS,258106.1066555063,0.0
2023-10-10,109.01000213623047,108.03970123291016,2,544.2647099240359,544.2647099240359,258650.37136543033,35.42528320851428,WIN,258650.37136543033,0.0
2023-10-11,108.30999755859375,110.10010215759277,2,558.6796134376992,200.65869363789477,258851.03005906823,35.670135536033655,LOSS,258851.03005906823,0.0
2023-10-12,108.79000091552734,109.39309753417969,2,549.7833167169636,429.1639929864947,259280.19405205472,35.345935619756226,LOSS,259280.19405205472,0.0
2023-10-13,105.08999633789062,109.87790092468262,2,550.7638319082486,-406.81708545015056,258873.37696660458,35.25741216641626,LOSS,259280.19405205472,-0.15690249189201919
2023-10-16,106.45999908447266,106.14089630126954,2,515.8356140217861,515.8356140217861,259389.21258062636,34.23800525956619,WIN,259389.21258062636,0.0
2023-10-17,105.13999938964844,107.52459907531738,2,523.6148315438322,46.69489441004316,259435.9074750364,34.303524089135905,LOSS,259435.9074750364,0.0
2023-10-18,102.16999816894531,106.19139938354492,2,518.7519931360223,-285.528249783899,259150.3792252525,34.4060345309544,LOSS,259435.9074750364,-0.11005733653556857
2023-10-19,102.4000015258789,103.19169815063476,2,513.0959894244984,354.75666447332685,259505.13588972582,34.98853841998594,LOSS,259505.13588972582,0.0
2023-10-20,101.80999755859375,103.4240015411377,2,487.7190431562025,164.91824664741273,259670.05413637322,33.27474145818972,LOSS,259670.05413637322,0.0
2023-10-23,100.01000213623047,102.82809753417969,2,485.9675676216177,-77.6515119682266,259592.402624405,33.34351925260516,LOSS,259670.05413637322,-0.029903914884020076
2023-10-24,101.66999816894531,101.01010215759277,2,481.47696959136044,481.47696959136044,260073.87959399636,33.614766500714154,WIN,260073.87959399636,0.0
2023-10-25,96.05999755859375,102.68669815063477,2,488.30197448479635,-837.0381439234072,259236.84145007294,33.538864484705506,LOSS,260073.87959399636,-0.3218462943030367
2023-10-26,93.66999816894531,97.02059753417969,2,494.9732150479677,-175.14665799890696,259061.69479207403,35.853485427251904,LOSS,260073.87959399636,-0.389191257308291
2023-10-27,96.43000030517578,94.60669815063477,2,458.7803317408417,458.7803317408417,259520.4751238149,34.16738649799244,WIN,260073.87959399636,-0.21278740911828423
2023-10-30,96.18000030517578,97.39430030822754,2,485.563983413918,242.70398280356574,259763.17910661845,35.077308508905894,LOSS,260073.87959399636,-0.11946624084777184
2023-10-31,98.5,97.14180030822754,2,483.6409235549152,483.6409235549152,260246.82003017337,35.03163031096415,WIN,260246.82003017337,0.0
2023-11-01,108.04000091552734,99.485,2,493.24818276675916,493.24818276675916,260740.06821294012,34.89337609024507,WIN,260740.06821294012,0.0
2023-11-02,107.83000183105469,109.12040092468261,2,632.7023160722641,374.622497346679,261114.6907102868,40.50627139905984,LOSS,261114.6907102868,0.0
2023-11-03,112.25,108.90830184936523,2,629.6883782735971,629.6883782735971,261744.3790885604,40.396830574633526,WIN,261744.3790885604,0.0
2023-11-06,111.75,113.3725,2,654.5670020110382,330.06700201103774,262074.44609057144,40.34187827207842,LOSS,262074.44609057144,0.0
2023-11-07,113.44999694824219,112.8675,2,651.9165491623445,651.9165491623445,262726.36263973376,40.357575987204406,WIN,262726.36263973376,0.0
2023-11-08,113.58999633789062,114.5844969177246,2,660.5707000664399,461.6705840996435,263188.0332238334,40.28393279602564,LOSS,263188.0332238334,0.0
2023-11-09,113.48999786376953,114.72589630126953,2,660.4789546588892,413.2992671588896,263601.3324909923,40.2311236400517,LOSS,263601.3324909923,0.0
2023-11-10,118.58999633789062,114.62489784240722,2,660.0105338329562,660.0105338329562,264261.34302482527,40.23771115271922,WIN,264261.34302482527,0.0
2023-11-13,116.79000091552734,119.77589630126953,2,691.3467493030896,94.16767215465313,264355.51069697994,40.33123216322948,LOSS,264355.51069697994,0.0
2023-11-14,119.87999725341797,117.95790092468262,2,685.3302192599587,685.3302192599587,265040.8409162399,40.58478295801884,WIN,265040.8409162399,0.0
2023-11-15,118.0,121.07879722595214,2,704.314705084065,88.55525989363628,265129.39617613354,40.631803944170805,LOSS,265129.39617613354,0.0
2023-11-16,119.83000183105469,119.18,2,684.6786981080987,684.6786981080987,265814.07487424166,40.15025961369179,WIN,265814.07487424166,0.0
2023-11-17,120.62000274658203,121.02830184936523,2,695.5673482452927,613.907527688652,266427.9824019303,40.16518059382885,LOSS,266427.9824019303,0.0
2023-11-20,121.52999877929688,121.82620277404786,2,697.697183453664,638.4563845034676,267066.4387864338,40.03051213593291,LOSS,267066.4387864338,0.0
2023-11-21,119.16000366210938,122.74529876708985,2,693.8621080713489,-23.196912924746016,267043.241873509,39.53530582777777,LOSS,267066.4387864338,-0.008685821037704057
2023-11-22,122.51000213623047,120.35160369873047,2,689.7105511051984,689.7105511051984,267732.9524246142,40.05595599000553,WIN,267732.9524246142,0.0
2023-11-24,122.30999755859375,123.73510215759278,2,657.0952480125919,372.07432821278644,268105.026752827,37.248155199000806,LOSS,268105.026752827,0.0
2023-11-27,122.6500015258789,123.53309753417969,2,638.7231781144056,462.10397645424916,268567.1307292812,36.31262844253804,LOSS,268567.1307292812,0.0
2023-11-28,122.01000213623047,123.8765015411377,2,638.1581303421174,264.85824936067127,268831.9889786419,36.18640220973691,LOSS,268831.9889786419,0.0
2023-11-29,123.8499984741211,123.23010215759277,2,636.0589696032946,636.0589696032946,269468.0479482452,36.2531265542134,WIN,269468.0479482452,0.0
2023-11-30,121.16000366210938,125.0884984588623,2,643.6563310108196,-142.04262833976622,269326.0053199054,36.146588673339664,LOSS,269468.0479482452,-0.05271223412991211
2023-12-01,121.38999938964844,122.37160369873047,2,514.9894520259567,318.66859020955064,269644.673910115,29.885595885643063,LOSS,269644.673910115,0.0
2023-12-04,118.56999969482422,122.60389938354493,2,515.0181836546785,-291.76175408946324,269352.91215602553,29.833893611035478,LOSS,269644.673910115,-0.10820230559669805
2023-12-05,118.37999725341797,119.75569969177246,2,491.5300011010951,216.3895134301962,269569.3016694557,29.19104078354742,LOSS,269644.673910115,-0.02795243071790915
2023-12-06,116.81999969482422,119.56379722595214,2,490.0266399224817,-58.73286630310321,269510.5688031526,29.15105116371404,LOSS,269644.673910115,-0.049734009212094615
2023-12-07,128.3699951171875,117.98819969177246,2,485.1019131898651,485.1019131898651,269995.67071634246,29.23783790998437,WIN,269995.67071634246,0.0
2023-12-08,128.9199981689453,129.65369506835938,2,690.937338151238,544.1979582684239,270539.86867461086,37.372404888367754,LOSS,270539.86867461086,0.0
2023-12-11,134.41000366210938,130.20919815063476,2,693.1622456352125,693.1622456352125,271233.0309202461,37.33467321153391,WIN,271233.0309202461,0.0
2023-12-12,137.61000061035156,135.75410369873046,2,720.041287380924,720.041287380924,271953.072207627,37.204807320208715,WIN,271953.072207627,0.0
2023-12-13,138.19000244140625,138.98610061645508,2,733.1713328690646,573.9516978592994,272527.0239054863,37.01194191443971,LOSS,272527.0239054863,0.0
2023-12-14,138.0,139.5719024658203,2,731.1195211938617,416.7390280298015,272943.76293351606,36.7658233268897,LOSS,272943.76293351606,0.0
2023-12-15,139.14999389648438,139.38,2,722.6118525415848,676.6106318384607,273620.3735653545,36.40622997099431,LOSS,273620.3735653545,0.0
2023-12-18,138.89999389648438,140.54149383544922,2,727.7186229745905,399.4186351816222,274019.7922005361,36.362737969884265,LOSS,274019.7922005361,0.0
2023-12-19,140.14999389648438,140.28899383544922,2,727.8375452892968,700.0375574963281,274719.82975803246,36.43066072885466,LOSS,274719.82975803246,0.0
2023-12-20,135.47000122070312,141.5514938354492,2,734.4267935568188,-481.8717293923977,274237.9580286401,36.43251238074842,LOSS,274719.82975803246,-0.17540478596568962
2023-12-21,139.91000366210938,136.82470123291014,2,724.4444554485989,724.4444554485989,274962.40248408867,37.14254060503486,WIN,274962.40248408867,0.0
2023-12-22,139.60000610351562,141.30910369873047,2,751.650338256193,409.83081921322446,275372.2333033019,37.30622693138757,LOSS,275372.2333033019,0.0
2023-12-26,143.41000366210938,140.99600616455078,2,750.1483226384579,750.1483226384579,276122.3816259404,37.31396947152826,WIN,276122.3816259404,0.0
2023-12-27,146.07000732421875,144.84410369873046,2,776.4528660428662,776.4528660428662,276898.83449198323,37.58292212563131,WIN,276898.83449198323,0.0
2023-12-28,148.75999450683594,147.53070739746093,2,789.1953815307836,789.1953815307836,277688.029873514,37.507784327033065,WIN,277688.029873514,0.0
2023-12-29,147.41000366210938,150.2475944519043,2,804.5301299645403,237.01197200555703,277925.04184551956,37.54340539590037,LOSS,277925.04184551956,0.0
2024-01-02,138.5800018310547,148.88410369873046,2,786.6351768310932,-1274.1851967040602,276650.8566488155,37.068051645038096,LOSS,277925.04184551956,-0.45846361603222974
2024-01-03,135.32000732421875,139.96580184936525,2,807.7529008185318,-121.40600421076806,276529.45064460475,40.325025882965676,LOSS,277925.04184551956,-0.5021466189759664
2024-01-04,136.00999450683594,136.67320739746094,2,788.9906266449196,656.3480485199187,277185.79869312467,40.336733983374785,LOSS,277925.04184551956,-0.2659865219362953
2024-01-05,138.5800018310547,137.3700944519043,2,792.016769586425,792.016769586425,277977.8154627111,40.28825489880785,WIN,277977.8154627111,0.0
2024-01-08,146.17999267578125,139.96580184936525,2,802.2196708158585,802.2196708158585,278780.03513352695,40.06092662007487,WIN,278780.03513352695,0.0
2024-01-09,149.25999450683594,147.64179260253906,2,748.9530553240495,748.9530553240495,279528.988188851,35.66000434447383,WIN,279528.988188851,0.0
2024-01-10,148.5399932861328,150.7525944519043,2,768.0149722432454,325.4947390889506,279854.4829279399,35.80542364218377,LOSS,279854.4829279399,0.0
2024-01-11,148.02000427246094,150.02539321899414,2,742.7994205899237,341.7216312832833,280196.2045592232,34.84756345463762,LOSS,280196.2045592232,0.0
2024-01-12,146.55999755859375,149.50020431518556,2,734.520189211752,146.47883789339085,280342.6833971166,34.59379609832469,LOSS,280342.6833971166,0.0
2024-01-16,158.74000549316406,148.0255975341797,2,730.6492864634828,730.6492864634828,281073.3326835801,34.74607183904017,WIN,281073.3326835801,0.0
2024-01-17,160.1699981689453,160.3274055480957,2,899.859950086881,868.378474256804,281941.7111578369,39.26660630737098,LOSS,281941.7111578369,0.0
2024-01-18,162.6699981689453,161.77169815063476,2,907.9928216275736,907.9928216275736,282849.7039794645,39.26770385738885,WIN,282849.7039794645,0.0
2024-01-19,174.22999572753906,164.29669815063477,2,921.564127584886,921.564127584886,283771.26810704934,39.24326542526866,WIN,283771.26810704934,0.0
2024-01-22,168.17999267578125,175.97229568481444,2,1051.1667352956945,-507.29386651094364,283263.9742405384,41.67719873731795,LOSS,283771.26810704934,-0.17876858002396426
2024-01-23,168.4199981689453,169.86179260253905,2,1016.5775539919404,728.218667273192,283992.19290781155,41.75238735901396,LOSS,283992.19290781155,0.0
2024-01-24,178.2899932861328,170.10419815063477,2,1011.5872424786075,1011.5872424786075,285003.7801502902,41.499427480744274,WIN,285003.7801502902,0.0
2024-01-25,180.3300018310547,180.07289321899415,2,1104.6085671821334,1104.6085671821334,286108.3887174723,42.751103152016725,WIN,286108.3887174723,0.0
2024-01-26,177.25,182.13330184936524,2,1113.6843114925405,137.0239416194927,286245.4126590918,42.62040466749956,LOSS,286245.4126590918,0.0
2024-01-29,177.8300018310547,179.0225,2,1106.557179529939,868.057545740875,287113.4702048327,43.06426331081622,LOSS,287113.4702048327,0.0
2024-01-30,172.05999755859375,179.60830184936523,2,1109.736316731101,-399.9245414231957,286713.54566340946,43.04783182536963,LOSS,287113.4702048327,-0.13929145892663944
2024-01-31,167.69000244140625,173.7805975341797,2,1094.7887010771926,-123.33031747749556,286590.21534593194,43.85741516258734,LOSS,287113.4702048327,-0.1822467119106024
2024-02-01,170.47999572753906,169.36690246582032,2,1012.8238022937896,1012.8238022937896,287603.03914822574,41.72114898142098,WIN,287603.03914822574,0.0
2024-02-02,177.66000366210938,172.18479568481445,2,1010.7233505955627,1010.7233505955627,288613.7624988213,40.98585361858257,WIN,288613.7624988213,0.0
2024-02-05,174.22999572753906,179.43660369873047,2,1066.5754724804065,25.253878242125893,288639.0163770634,41.480426666795466,LOSS,288639.0163770634,0.0
2024-02-06,167.8800048828125,175.97229568481444,2,1062.4386541884378,-556.0195062119503,288082.99687085144,42.10512009012745,LOSS,288639.0163770634,-0.19263490888758394
2024-02-07,170.94000244140625,169.55880493164062,2,1025.3379810469633,1025.3379810469633,289108.33485189837,42.1689863076965,WIN,289108.33485189837,0.0
2024-02-08,169.35000610351562,172.64940246582032,2,1042.929615614298,383.0503431533598,289491.3851950517,42.12651954228684,LOSS,289491.3851950517,0.0
2024-02-09,172.47999572753906,171.0435061645508,2,1035.2294119323901,1035.2294119323901,290526.61460698413,42.204657604085824,WIN,290526.61460698413,0.0
2024-02-12,171.91000366210938,174.20479568481446,2,1054.2364156010563,595.27801106004,291121.89261804416,42.19980687000623,LOSS,291121.89261804416,0.0
2024-02-13,171.5399932861328,173.62910369873046,2,1047.6348175988726,629.8127350793429,291751.7053531235,42.07985162822253,LOSS,291751.7053531235,0.0
2024-02-14,178.6999969482422,173.25539321899413,2,946.1598655516352,946.1598655516352,292697.8652186751,38.25404341459968,WIN,292697.8652186751,0.0
2024-02-15,176.75999450683594,180.4869969177246,2,1010.7101741838947,265.30969200616005,292963.17491068126,39.18153743069023,LOSS,292963.17491068126,0.0
2024-02-16,173.8699951171875,178.5275944519043,2,1002.5297324316846,71.00986548832611,293034.1847761696,39.286015400892865,LOSS,293034.1847761696,0.0
2024-02-20,165.69000244140625,175.60869506835937,2,902.3948658809331,-1081.3436595096903,291952.8411166599,36.100231575913654,LOSS,293034.1847761696,-0.3690162157482214
2024-02-21,164.2899932861328,167.3469024658203,2,879.3767386295407,267.9949026920418,292220.83601935196,36.8761400115593,LOSS,293034.1847761696,-0.27756104887178984
2024-02-22,181.86000061035156,165.93289321899414,2,873.0152164688425,873.0152164688425,293093.8512358208,36.91917161959925,WIN,293093.8512358208,0.0
2024-02-23,176.52000427246094,183.67860061645507,2,1114.056123206869,-317.6631455919578,292776.1880902288,42.29026135243265,LOSS,293093.8512358208,-0.10838273960799727
2024-02-26,176.00999450683594,178.28520431518555,2,1093.776556432787,638.7345947628639,293414.9226849917,42.75612742597138,LOSS,293414.9226849917,0.0
2024-02-27,178.0,177.7700944519043,2,1086.1662387278393,1086.1662387278393,294501.08892371954,42.58889357585559,WIN,294501.08892371954,0.0
2024-02-28,176.5399932861328,179.78,2,1100.2329882604126,452.2316454869749,294953.3205692065,42.65527253409416,LOSS,294953.3205692065,0.0
2024-02-29,192.52999877929688,178.30539321899414,2,1074.3049727084683,1074.3049727084683,296027.62554191495,42.02195005680176,WIN,296027.62554191495,0.0
2024-03-01,202.63999938964844,194.45529876708986,2,1279.633252598367,1279.633252598367,297307.2587945133,45.733111429013576,WIN,297307.2587945133,0.0
2024-03-04,205.36000061035156,204.66639938354493,2,1377.2374443768997,1377.2374443768997,298684.4962388902,46.725692036794015,WIN,298684.4962388902,0.0
2024-03-05,205.1300048828125,207.41360061645508,2,1377.8001849414632,921.0810382129462,299605.57727710315,46.14839375218146,LOSS,299605.57727710315,0.0
2024-03-06,210.6300048828125,207.18130493164062,2,1364.9969499487584,1364.9969499487584,300970.5742270519,45.785312376099995,WIN,300970.5742270519,0.0
2024-03-07,211.3800048828125,212.73630493164063,2,1367.8522184811409,1096.5922087155145,302067.16643576743,44.72567439579643,LOSS,302067.16643576743,0.0
2024-03-08,207.38999938964844,213.49380493164062,2,1373.1350105153572,152.37390211691968,302219.54033788433,44.738573258509135,LOSS,302219.54033788433,0.0
2024-03-11,198.38999938964844,209.4638993835449,2,1355.6013687975435,-859.1786299817516,301360.3617079026,45.00601982411222,LOSS,302219.54033788433,-0.2842895694372347
2024-03-12,202.75999450683594,200.37389938354494,2,1340.3217441249394,1340.3217441249394,302700.6834520275,46.45794668925551,WIN,302700.6834520275,0.0
2024-03-13,194.7899932861328,204.7875944519043,2,1370.6510551705067,-628.8691779837932,302071.8142740437,46.48422830948926,LOSS,302700.6834520275,-0.20775281073438573
2024-03-14,187.05999755859375,196.73789321899415,2,1349.4009025657367,-586.1782295143423,301485.6360445294,47.592118876798125,LOSS,302700.6834520275,-0.4014022676267529
2024-03-15,191.05999755859375,188.9305975341797,2,1305.3807963517866,1305.3807963517866,302791.01684088114,47.929067117058544,WIN,302791.01684088114,0.0
2024-03-18,190.64999389648438,192.9705975341797,2,1334.584522469904,870.4637949308412,303661.480635812,47.97372951149995,LOSS,303661.480635812,0.0
2024-03-19,181.4199981689453,192.55649383544923,2,1325.8166884078723,-901.4824448929116,302759.99819091905,47.76890085203875,LOSS,303661.480635812,-0.2968708586302708
2024-03-20,179.72999572753906,183.23419815063477,2,1263.6413674422301,562.8008828230891,303322.7990737421,47.842250477655014,LOSS,303661.480635812,-0.11153260576900435
2024-03-21,178.67999267578125,181.52729568481445,2,1252.2071561160228,682.7465543093833,304005.5456280515,47.854657507079914,LOSS,304005.5456280515,0.0
2024-03-22,179.64999389648438,180.46679260253907,2,1082.124384353031,918.7646431420915,304924.3102711936,41.82933788718164,LOSS,304924.3102711936,0.0
2024-03-25,178.6300048828125,181.44649383544922,2,1073.2641853726507,509.96639484530715,305434.2766660389,41.2868323959986,LOSS,305434.2766660389,0.0
2024-03-26,177.8699951171875,180.41630493164064,2,1067.702827368944,558.4408644783164,305992.7175305172,41.306540960790926,LOSS,305992.7175305172,0.0
2024-03-27,179.58999633789062,179.6486950683594,2,1061.7544418313496,1050.014695737597,307042.73222625477,41.2542687387011,LOSS,307042.73222625477,0.0
2024-03-28,180.49000549316406,181.38589630126953,2,1071.9068297887382,892.7286681676455,307935.46089442243,41.25004179206439,LOSS,307935.46089442243,0.0
2024-04-01,183.33999633789062,182.2949055480957,2,915.8659812805727,915.8659812805727,308851.326875703,35.334786396980725,WIN,308851.326875703,0.0
2024-04-02,178.6999969482422,185.17339630126952,2,863.3096071355557,-431.3702634699108,308419.9566122331,32.91696410788711,LOSS,308851.326875703,-0.13966922785587838
2024-04-03,180.77000427246094,180.4869969177246,2,841.9023565979185,841.9023565979185,309261.858968831,32.933306984085824,WIN,309261.858968831,0.0
2024-04-04,165.8300018310547,182.57770431518554,2,859.0436289237712,-2490.4968679023996,306771.3621009286,33.20366798648752,LOSS,309261.858968831,-0.8053035948908938
2024-04-05,170.4199981689453,167.48830184936523,2,875.3378391103363,875.3378391103363,307646.69994003896,36.68540568731596,WIN,309261.858968831,-0.5222626010777615
2024-04-08,169.89999389648438,172.12419815063475,2,924.2363734681717,479.3955226380958,308126.09546267707,37.64290790762441,LOSS,309261.858968831,-0.3672497830611617
2024-04-09,170.77999877929688,171.59899383544922,2,920.7941285511641,756.9951173206949,308883.09057999775,37.618688417499214,LOSS,309261.858968831,-0.12247497641519473
2024-04-10,167.13999938964844,172.48779876708986,2,905.3579429863239,-164.20193250195985,308718.88864749577,36.83612196909916,LOSS,309261.858968831,-0.1755697657466293
2024-04-11,170.5,168.8113993835449,2,871.6799271413777,871.6799271413777,309590.5685746372,36.26700027255801,WIN,309590.5685746372,0.0
2024-04-12,163.27999877929688,172.205,2,884.8261097337147,-900.1741344069128,308690.3944402303,36.0971941762335,LOSS,309590.5685746372,-0.2907627769642099
2024-04-15,160.32000732421875,164.91279876708984,2,850.9247884231257,-67.63350015109211,308622.76094007917,36.24171428340701,LOSS,309590.5685746372,-0.31260888825322286
2024-04-16,163.4600067138672,161.92320739746094,2,821.8030068113043,821.8030068113043,309444.56394689047,35.67665579771419,WIN,309590.5685746372,-0.04716055415347874
2024-04-17,154.02000427246094,165.09460678100587,2,851.9810199380992,-1362.9394817708862,308081.62446511956,36.24649439167428,LOSS,309590.5685746372,-0.48739989608366696
2024-04-18,155.0800018310547,155.56020431518556,2,817.9960739066736,721.9555770804994,308803.58004220005,36.900027449184904,LOSS,309590.5685746372,-0.2542030062674206
2024-04-19,146.63999938964844,156.63080184936524,2,827.1547271094217,-1171.0057648339389,307632.5742773661,37.050545705827574,LOSS,309590.5685746372,-0.632446364979956
2024-04-22,148.63999938964844,148.10639938354493,2,816.4783202268299,816.4783202268299,308449.05259759293,38.599506455915844,WIN,309590.5685746372,-0.3687179432822547
2024-04-23,152.27000427246094,150.12639938354494,2,832.4469090949739,832.4469090949739,309281.4995066879,38.81456136336422,WIN,309590.5685746372,-0.09983155151405818
2024-04-24,151.74000549316406,153.79270431518555,2,869.5090675168173,458.9693031125206,309740.46880980046,39.54139992357247,LOSS,309740.46880980046,0.0
2024-04-25,153.75999450683594,153.2574055480957,2,866.5688958737665,866.5688958737665,310607.03770567424,39.54516115567087,WIN,310607.03770567424,0.0
2024-04-26,157.39999389648438,155.2975944519043,2,880.2562080255562,880.2562080255562,311487.2939136998,39.63770903486696,WIN,311487.2939136998,0.0
2024-04-29,160.1999969482422,158.97399383544922,2,913.5954022612568,913.5954022612568,312400.88931596105,40.16302119317176,WIN,312400.88931596105,0.0
2024-04-30,158.3800048828125,161.8019969177246,2,931.3173272896483,246.9189203072267,312647.8082362683,40.22371046453979,LOSS,312647.8082362683,0.0
2024-05-01,144.27000427246094,159.96380493164062,2,915.2447662985875,-2223.51536553735,310424.2928707309,39.994345568130086,LOSS,312647.8082362683,-0.7111885344985561
2024-05-02,146.16000366210938,145.71270431518556,2,916.8117727589266,916.8117727589266,311341.1046434898,43.80451227988489,WIN,312647.8082362683,-0.4179474662400311
2024-05-03,150.60000610351562,147.62160369873047,2,860.3544395484768,860.3544395484768,312201.45908303827,40.7060380085494,WIN,312647.8082362683,-0.14276420351321267
2024-05-06,155.77999877929688,152.1060061645508,2,889.2370357080015,889.2370357080015,313090.69611874624,40.82668762995965,WIN,313090.69611874624,0.0
2024-05-07,154.42999267578125,157.33779876708985,2,942.4773106395347,360.9160923778146,313451.61221112404,41.788585205700485,LOSS,313451.61221112404,0.0
2024-05-08,153.6199951171875,155.97429260253907,2,933.3588463870822,462.499349316769,313914.1115604408,41.747859203294965,LOSS,313914.1115604408,0.0
2024-05-09,152.38999938964844,155.15619506835938,2,924.1843198702526,370.94518412806394,314285.05674456886,41.56361998551711,LOSS,314285.05674456886,0.0
2024-05-10,151.9199981689453,153.91389938354493,2,908.3094218827355,509.529178962812,314794.5859235317,41.19576036546728,LOSS,314794.5859235317,0.0
2024-05-13,150.55999755859375,153.43919815063478,2,883.8526029495874,308.01248454138135,315102.59840807307,40.25291490377611,LOSS,315102.59840807307,0.0
2024-05-14,153.16000366210938,152.0655975341797,2,873.0073801904452,873.0073801904452,315975.6057882635,40.12406720533498,WIN,315975.6057882635,0.0
2024-05-15,159.6699981689453,154.69160369873046,2,886.5852601161464,886.5852601161464,316862.19104837964,40.05937445533111,WIN,316862.19104837964,0.0
2024-05-16,162.6199951171875,161.26669815063477,2,900.1900630587535,900.1900630587535,317762.3811114384,39.061890824546445,WIN,317762.3811114384,0.0
2024-05-17,164.47000122070312,164.24619506835938,2,920.7896500715815,920.7896500715815,318683.17076151,39.22328650580282,WIN,318683.17076151,0.0
2024-05-20,166.3300018310547,166.11470123291016,2,869.9067719836244,869.9067719836244,319553.0775334936,36.755692970386676,WIN,319553.0775334936,0.0
2024-05-21,164.66000366210938,167.99330184936522,2,879.171958608981,212.51232115781113,319765.58985465136,36.73292108151711,LOSS,319765.58985465136,0.0
2024-05-22,165.52000427246094,166.30660369873047,2,867.6599289115194,710.3400436576129,320475.929898309,36.62506865147368,LOSS,320475.929898309,0.0
2024-05-23,160.42999267578125,167.17520431518554,2,870.9782277870527,-478.0641000938051,319997.8657982152,36.576580089712934,LOSS,320475.929898309,-0.14917316886965146
2024-05-24,166.36000061035156,162.03429260253907,2,864.0776228236838,864.0776228236838,320861.9434210389,37.39635420665696,WIN,320861.9434210389,0.0
2024-05-28,171.61000061035156,168.02360061645507,2,909.451206604447,909.451206604447,321771.39462764334,37.93050218167887,WIN,321771.39462764334,0.0
2024-05-29,165.13999938964844,173.32610061645508,2,948.9786545612453,-688.241590800083,321083.1530368433,38.34780527889272,LOSS,321771.39462764334,-0.2138914777046897
2024-05-30,166.75,166.79139938354493,2,938.557994063935,930.2781173549495,322013.43115419825,39.36345387949888,LOSS,322013.43115419825,0.0
2024-05-31,166.89999389648438,168.4175,2,770.6209063744027,467.11968567127974,322480.55083986954,32.33902865268101,LOSS,322480.55083986954,0.0
2024-06-03,163.5500030517578,168.56899383544922,2,771.4245770120001,-232.37357972628138,322248.1772601433,32.34340732508474,LOSS,322480.55083986954,-0.07205816881702441
2024-06-04,159.99000549316406,165.1855030822754,2,757.056497700143,-282.0430201221251,321966.1342400212,32.38853454778758,LOSS,322480.55083986954,-0.15951864337511748
2024-06-05,166.1699981689453,161.58990554809571,2,731.7863822864063,731.7863822864063,322697.9206223076,32.025082963986776,WIN,322697.9206223076,0.0
2024-06-06,166.77999877929688,167.83169815063476,2,787.509898251226,577.1700239836481,323275.0906462912,33.1179872722868,LOSS,323275.0906462912,0.0
2024-06-07,167.8699951171875,168.44779876708984,2,788.369272168275,672.8085421878078,323947.899188479,33.03741820647315,LOSS,323947.899188479,0.0
2024-06-10,160.33999633789062,169.54869506835936,2,789.8010051854635,-1051.9387409082844,322895.9604475707,32.89081671163948,LOSS,323947.899188479,-0.324724668239397
2024-06-11,158.9600067138672,161.94339630126953,2,804.0994632479087,207.4215457674402,323103.3819933382,34.94211873631728,LOSS,323947.899188479,-0.2606953764035588
2024-06-12,160.24000549316406,160.54960678100585,2,797.0161080109979,735.0958504426405,323838.4778437808,34.93534642099101,LOSS,323947.899188479,-0.033777451550784876
2024-06-13,159.89999389648438,161.8424055480957,2,799.753417612883,411.2710872906156,324249.74893107143,34.783421749737315,LOSS,324249.74893107143,0.0
2024-06-14,159.6300048828125,161.49899383544923,2,762.8591090804418,389.0613185530965,324638.81024962454,33.327459283461955,LOSS,324638.81024962454,0.0
2024-06-17,158.39999389648438,161.2263049316406,2,753.9590277262577,188.69682069501016,324827.50707031955,33.012050703314756,LOSS,324827.50707031955,0.0
2024-06-18,154.6300048828125,159.9839938354492,2,745.6230427070947,-325.1747478202477,324502.3323224993,32.906553085084376,LOSS,324827.50707031955,-0.10010690004459825
2024-06-20,161.77999877929688,156.17630493164063,2,733.5108122809904,733.5108122809904,325235.8431347803,33.147547072540945,WIN,325235.8431347803,0.0
2024-06-21,161.22999572753906,163.39779876708985,2,815.3542902846602,381.79368237450217,325617.6368171548,35.10701886160139,LOSS,325617.6368171548,0.0
2024-06-24,160.25,162.84229568481445,2,811.9910866674473,293.5319497045583,325911.1687668594,35.08276330841257,LOSS,325911.1687668594,0.0
2024-06-25,160.25,161.8525,2,788.9299189425869,468.42991894258853,326379.59868580196,34.33461891083048,LOSS,326379.59868580196,0.0
2024-06-26,157.5399932861328,161.8525,2,758.482886533535,-104.01845623990096,326275.58022956207,33.077906338064864,LOSS,326379.59868580196,-0.03187039161109752
2024-06-27,159.47000122070312,159.11539321899414,2,723.5804916617745,723.5804916617745,326999.16072122386,32.15105358910551,WIN,326999.16072122386,0.0
2024-06-28,162.2100067138672,161.06470123291015,2,708.645519986837,708.645519986837,327707.8062412107,31.163916035655497,WIN,327707.8062412107,0.0
2024-07-01,157.69000244140625,163.83210678100585,2,726.3279227663289,-502.0929451535907,327205.71329605713,31.38845222316541,LOSS,327707.8062412107,-0.15321360541043216
2024-07-02,164.30999755859375,159.26690246582032,2,721.8464850078599,721.8464850078599,327927.559781065,32.049419843440035,WIN,327927.559781065,0.0
2024-07-03,163.89999389648438,165.95309753417968,2,786.767149318774,376.1464217797138,328303.7062028447,33.442934877670915,LOSS,328303.7062028447,0.0
2024-07-05,171.89999389648438,165.53899383544922,2,773.4150297027142,773.4150297027142,329077.1212325474,32.983322533059905,WIN,329077.1212325474,0.0
2024-07-08,178.69000244140625,173.61899383544923,2,831.2352454767573,831.2352454767573,329908.35647802416,33.75556308705545,WIN,329908.35647802416,0.0
2024-07-09,177.10000610351562,180.4769024658203,2,895.1652677357121,219.7859952747766,330128.14247329894,34.90662662745837,LOSS,330128.14247329894,0.0
2024-07-10,183.9600067138672,178.87100616455078,2,890.3203500129362,890.3203500129362,331018.46282331186,35.0231654115427,WIN,331018.46282331186,0.0
2024-07-11,181.94000244140625,185.79960678100585,2,892.5757257981548,120.65485787823502,331139.1176811901,33.8642706050322,LOSS,331139.1176811901,0.0
2024-07-12,181.61000061035156,183.7594024658203,2,884.7100749823877,454.82970388864,331593.9473850787,33.93463260301428,LOSS,331593.9473850787,0.0
2024-07-15,179.8300018310547,183.42610061645507,2,884.8455450068649,165.62578792678767,331759.5731730055,33.998010320450874,LOSS,331759.5731730055,0.0
2024-07-16,177.5500030517578,181.62830184936524,2,880.6417794924461,64.98201997095987,331824.55519297643,34.16237839082636,LOSS,331824.55519297643,0.0
2024-07-17,159.42999267578125,179.3255030822754,2,876.1065418470795,-3102.9955394517488,328721.55965352466,34.40937343457719,LOSS,331824.55519297643,-0.9351313791853624
2024-07-18,155.77000427246094,161.02429260253908,2,974.7566594497628,-76.10100656586519,328645.4586469588,42.2116221090723,LOSS,331824.55519297643,-0.9580654886039951
2024-07-19,151.5800018310547,157.32770431518554,2,951.7909378032837,-197.7495590228873,328447.7090879359,42.18663235915301,LOSS,331824.55519297643,-1.0176601014583362
2024-07-22,155.8699951171875,153.09580184936524,2,904.2132751076906,904.2132751076906,329351.9223630436,41.22769266620047,WIN,331824.55519297643,-0.7451627045788871
2024-07-23,154.0,157.4286950683594,2,943.236837967125,257.49782429524726,329609.42018733884,41.79771067494307,LOSS,331824.55519297643,-0.6675621110527394
2024-07-24,144.6300048828125,155.54,2,933.2418189082549,-1248.7572045292432,328360.6629828096,41.85445393033975,LOSS,331824.55519297643,-1.0438926703758786
2024-07-25,138.32000732421875,146.07630493164064,2,919.9744790801201,-631.285042404257,327729.37794040533,43.844527030340544,LOSS,331824.55519297643,-1.2341393029787988
2024-07-26,139.99000549316406,139.70320739746094,2,895.7671796393221,895.7671796393221,328625.14512004465,44.6062829264238,WIN,331824.55519297643,-0.9641872558440207
2024-07-29,139.75,141.3899055480957,2,906.5065546361886,578.5254450170492,329203.6705650617,44.60271017989446,LOSS,331824.55519297643,-0.7898404704831288
2024-07-30,138.44000244140625,141.1475,2,898.6497653549002,357.1502536361486,329560.8208186978,44.30440614370406,LOSS,331824.55519297643,-0.6822082148086152
2024-07-31,144.47999572753906,139.82440246582033,2,884.806649649447,884.806649649447,330445.62746834726,44.04548340540456,WIN,331824.55519297643,-0.41555927765118034
2024-08-01,132.5399932861328,145.92479568481446,2,925.4037951006616,-1751.556684635667,328694.0707837116,44.13676767906487,LOSS,331824.55519297643,-0.9434155369979303
2024-08-02,132.5,133.86539321899414,2,909.4138287424278,636.3351849435992,329330.4059686552,47.155334126294846,LOSS,331824.55519297643,-0.7516469728621319
2024-08-05,134.82000732421875,133.825,2,872.333415900611,872.333415900611,330202.7393845558,45.31798455419593,WIN,331824.55519297643,-0.4887570202504953
2024-08-06,130.17999267578125,136.16820739746095,2,867.0332390099557,-330.60970532598367,329872.1296792298,44.30859332277416,LOSS,331824.55519297643,-0.5883909081445671
2024-08-07,128.6699981689453,131.48179260253906,2,841.5531496526039,279.1942629338546,330151.32394216367,44.53012488372441,LOSS,331824.55519297643,-0.5042517874663248
2024-08-08,136.32000732421875,129.95669815063476,2,798.4812311103873,798.4812311103873,330949.8051732741,42.81777321335181,WIN,331824.55519297643,-0.263618230179994
2024-08-09,134.27000427246094,137.68320739746093,2,910.7843131871568,228.14368818715775,331177.94886146125,45.963377050216295,LOSS,331824.55519297643,-0.19486391871726993
2024-08-12,136.77000427246094,135.61270431518554,2,895.5068877155956,895.5068877155956,332073.45574917685,45.885499176604114,WIN,332073.45574917685,0.0
2024-08-13,141.1300048828125,138.13770431518554,2,923.4049705270558,923.4049705270558,332996.8607197039,46.4283289732516,WIN,332996.8607197039,0.0
2024-08-14,140.75,142.54130493164064,2,973.8895285246516,615.6285421965239,333612.4892619004,47.41478854101759,LOSS,333612.4892619004,0.0
2024-08-15,147.36000061035156,142.1575,2,867.7794299763356,867.7794299763356,334480.2686918768,42.55150214049896,WIN,334480.2686918768,0.0
2024-08-16,148.55999755859375,148.83360061645507,2,937.6261995035883,882.9055879313238,335363.1742798081,43.857388537480276,LOSS,335363.1742798081,0.0
2024-08-19,155.27999877929688,150.04559753417968,2,937.878245536249,937.878245536249,336301.05252534436,43.52865860564265,WIN,336301.05252534436,0.0
2024-08-20,156.39999389648438,156.83279876708986,2,997.061716951103,910.500742830007,337211.55326817435,44.24254312225345,LOSS,337211.55326817435,0.0
2024-08-21,157.80999755859375,157.96399383544923,2,1002.5333129520789,971.7340575809828,338183.28732575534,44.16980371707146,LOSS,338183.28732575534,0.0
2024-08-22,151.6999969482422,159.38809753417968,2,954.0942762432103,-583.5258409442879,337599.7614848111,41.76072797198728,LOSS,338183.28732575534,-0.1725472141330803
2024-08-23,154.97999572753906,153.2169969177246,2,910.6705223931594,910.6705223931594,338510.4320072042,41.47802948686195,WIN,338510.4320072042,0.0
2024-08-26,149.99000549316406,156.52979568481445,2,933.5594397862384,-374.39859854383815,338136.0334086604,41.61454870765864,LOSS,338510.4320072042,-0.11060179041568383
2024-08-27,150.5,151.4899055480957,2,922.0195886950601,724.0384790759217,338860.0718877363,42.431194879380726,LOSS,338860.0718877363,0.0
2024-08-28,146.36000061035156,152.005,2,922.5418182493443,-206.45805968034233,338653.61382805597,42.31636346369891,LOSS,338860.0718877363,-0.06092723126989015
2024-08-29,145.49000549316406,147.82360061645508,2,887.3690312650556,420.6500066068518,339074.2638346628,41.873692339132454,LOSS,339074.2638346628,0.0
2024-08-30,148.55999755859375,146.9449055480957,2,773.4267052423169,773.4267052423169,339847.6905399051,36.933361840214744,WIN,339847.6905399051,0.0
2024-09-03,136.94000244140625,150.04559753417968,2,793.2464570472928,-1827.872561507393,338019.8179783977,37.089177077895805,LOSS,339847.6905399051,-0.5378505172724612
2024-09-04,140.8699951171875,138.3094024658203,2,823.2689398380018,823.2689398380018,338843.0869182357,41.53619229275267,WIN,339847.6905399051,-0.2956040748940866
2024-09-05,139.44000244140625,142.27869506835938,2,837.149912681263,269.4113872906364,339112.49830552633,41.07859340929377,LOSS,339847.6905399051,-0.21632991920904257
2024-09-06,134.35000610351562,140.83440246582032,2,828.0544578126651,-468.82481464827356,338643.6734908781,41.05025465079302,LOSS,339847.6905399051,-0.3542813685490231
2024-09-09,138.14999389648438,135.69350616455077,2,774.1494285329977,774.1494285329977,339417.82291941106,39.88450679508884,WIN,339847.6905399051,-0.12648831593091753
2024-09-10,142.83999633789062,139.53149383544923,2,802.9851802732948,802.9851802732948,340220.80809968436,40.21675895923775,WIN,340220.80809968436,0.0
2024-09-11,149.86000061035156,144.26839630126952,2,840.5893583917244,840.5893583917244,341061.39745807607,40.695747331021394,WIN,341061.39745807607,0.0
2024-09-12,150.77000427246094,151.35860061645508,2,900.4862816485394,782.7670128497113,341844.16447092575,41.5160511078957,LOSS,341844.16447092575,0.0
2024-09-13,152.30999755859375,152.27770431518556,2,905.4367093441208,905.4367093441208,342749.60118026985,41.49334155684731,WIN,342749.60118026985,0.0
2024-09-16,152.0800018310547,153.8330975341797,2,887.0226003776438,536.4034597526413,343286.00464002247,40.29204387654356,LOSS,343286.00464002247,0.0
2024-09-17,150.82000732421875,153.60080184936524,2,885.2711796156342,329.1122745863362,343615.1169146088,40.27412607085084,LOSS,343615.1169146088,0.0
2024-09-18,148.2899932861328,152.32820739746094,2,848.1020835057624,40.45926124013624,343655.57617584895,38.96569859624594,LOSS,343655.57617584895,0.0
2024-09-19,156.74000549316406,149.77289321899414,2,836.2253033944457,836.2253033944457,344491.8014792434,39.070526824713006,WIN,344491.8014792434,0.0
2024-09-20,155.9499969482422,158.30740554809572,2,934.8592563920924,463.3775364213868,344955.1790156648,41.22200611815598,LOSS,344955.1790156648,0.0
2024-09-23,156.75,157.50949691772462,2,906.7065059654317,754.807122420508,345709.9861380853,40.22779961416836,LOSS,345709.9861380853,0.0
2024-09-24,158.32000732421875,158.3175,2,905.2024419262472,905.2024419262472,346615.18858001154,39.96806238415455,WIN,346615.18858001154,0.0
2024-09-25,162.02000427246094,159.90320739746093,2,896.3020434834207,896.3020434834207,347511.49062349496,39.21743149657362,WIN,347511.49062349496,0.0
2024-09-26,167.49000549316406,163.64020431518554,2,923.7323533040327,923.7323533040327,348435.222976799,39.48211278765384,WIN,348435.222976799,0.0
2024-09-27,164.35000610351562,169.1649055480957,2,949.5228531104885,-13.457035805527084,348421.7659409935,39.26902317944156,LOSS,348435.222976799,-0.003862134169599214
2024-09-30,164.0800018310547,165.99350616455078,2,940.0274138365305,557.326547137312,348979.0924881308,39.60328893039754,LOSS,348979.0924881308,0.0
2024-10-01,159.75,165.72080184936524,2,935.6457017654205,-258.5146681076284,348720.5778200232,39.48890882913222,LOSS,348979.0924881308,-0.07407740855318067
2024-10-02,159.77999877929688,161.3475,2,800.6003425123652,487.10009837174084,349207.6779183949,34.91974744844626,LOSS,349207.6779183949,0.0
2024-10-03,162.85000610351562,161.37779876708984,2,792.5095326618916,792.5095326618916,350000.1874510568,34.578590282369476,WIN,350000.1874510568,0.0
2024-10-04,170.89999389648438,164.4785061645508,2,804.288465328058,804.288465328058,350804.47591638484,34.438532082406674,WIN,350804.47591638484,0.0
2024-10-07,170.97000122070312,172.6089938354492,2,829.6141366471385,501.8156136979211,351306.29153008276,33.87997322967328,LOSS,351306.29153008276,0.0
2024-10-08,172.8000030517578,172.67970123291016,2,826.5568002864246,826.5568002864246,352132.84833036916,33.748545345788955,WIN,352132.84833036916,0.0
2024-10-09,171.02000427246094,174.5280030822754,2,822.416274317824,120.81651235493064,352253.6648427241,33.25140689359628,LOSS,352253.6648427241,0.0
2024-10-10,164.17999267578125,172.73020431518555,2,781.8695898534326,-928.1727380274266,351325.4921046967,32.010870984689944,LOSS,352253.6648427241,-0.2634955518324627
2024-10-11,167.88999938964844,165.82179260253906,2,798.3792270822029,798.3792270822029,352123.8713317789,33.935833848679835,WIN,352253.6648427241,-0.03684660342800795
2024-10-14,165.27000427246094,169.56889938354493,2,822.7408617271001,-37.03816048969861,352086.8331712892,34.18484344310396,LOSS,352253.6648427241,-0.047361230864527155
2024-10-15,156.63999938964844,166.92270431518554,2,817.9669213161134,-1238.5740637913077,350848.25910749787,34.507629336454215,LOSS,352253.6648427241,-0.39897547577076986
2024-10-16,156.1300048828125,158.20639938354492,2,831.2829476359838,416.00404748949984,351264.26315498736,36.87351548795196,LOSS,352253.6648427241,-0.2808776136306466
2024-10-17,156.25,157.69130493164062,2,822.4409326986855,534.1799463705623,351798.4431013579,36.613588091914636,LOSS,352253.6648427241,-0.12923122931011938
2024-10-18,155.97000122070312,157.8125,2,763.9277949237198,395.42803906434483,352193.87114042224,34.10985088432686,LOSS,352253.6648427241,-0.01697461467961087
2024-10-21,157.89999389648438,157.52970123291016,2,762.0778687279363,762.0778687279363,352955.94900915015,34.08945375018244,WIN,352955.94900915015,0.0
2024-10-22,154.08999633789062,159.47899383544922,2,773.9909759707842,-303.80852354093406,352652.14048560924,34.19346824807616,LOSS,352955.94900915015,-0.08607547893548408
2024-10-23,152.91000366210938,155.63089630126953,2,764.6278031848444,220.4492753528134,352872.58976096206,34.59321535771166,LOSS,352955.94900915015,-0.023617465131868454
2024-10-24,153.44000244140625,154.43910369873046,2,746.8467907048557,547.0265392400131,353419.6163002021,34.07735207636162,LOSS,353419.6163002021,0.0
2024-10-25,156.22999572753906,154.9744024658203,2,721.7120546379687,721.7120546379687,354141.32835484005,32.88227356048231,WIN,354141.32835484005,0.0
2024-10-28,159.9199981689453,157.79229568481446,2,739.5374017107954,739.5374017107954,354880.86575655086,33.08136479886865,WIN,354880.86575655086,0.0
2024-10-29,166.25,161.51919815063476,2,770.9388313417709,770.9388313417709,355651.8045878926,33.65769365614884,WIN,355651.8045878926,0.0
2024-10-30,148.60000610351562,167.9125,2,818.7190666404799,-3043.779712656394,352608.0248752362,34.34458245155871,LOSS,355651.8045878926,-0.8558313702873913
2024-10-31,144.07000732421875,150.08600616455078,2,910.514933271664,-292.6848347947423,352315.3400404415,42.29943960049134,LOSS,355651.8045878926,-0.9381267026937229
