Date,Stock_Price,Strike,Contracts,Premium,PnL,Capital,VIX,Status,Peak,Drawdown_%
2019-01-03,17.049999237060547,18.453399925231935,3,71.42785087409946,-349.5923555773169,49650.40764442268,40.09032539330465,LOSS,49650.40764442268,0.0
2019-01-04,19.0,16.708999252319337,3,64.67577311963038,64.67577311963038,49715.083417542315,40.09032539330465,WIN,49715.083417542315,0.0
2019-01-07,20.56999969482422,18.62,3,72.07271227331924,72.07271227331924,49787.15612981564,40.09032539330465,WIN,49787.15612981564,0.0
2019-01-08,20.75,20.158599700927734,3,78.02819312985949,78.02819312985949,49865.1843229455,40.09032539330465,WIN,49865.1843229455,0.0
2019-01-09,20.190000534057617,20.335,3,78.71098840375653,35.21114862104143,49900.39547156654,40.09032539330465,LOSS,49900.39547156654,0.0
2019-01-10,19.739999771118164,19.786200523376465,3,76.5867420678577,62.726516390367465,49963.1219879569,40.09032539330465,LOSS,49963.1219879569,0.0
2019-01-11,20.270000457763672,19.3451997756958,3,74.8797538831151,74.8797538831151,50038.00174184002,40.09032539330465,WIN,50038.00174184002,0.0
2019-01-14,20.229999542236328,19.8646004486084,3,76.89020583012896,76.89020583012896,50114.89194767015,40.09032539330465,WIN,50114.89194767015,0.0
2019-01-15,20.3799991607666,19.8253995513916,3,76.73847033141993,76.73847033141993,50191.630418001565,40.09032539330465,WIN,50191.630418001565,0.0
2019-01-16,19.729999542236328,19.97239917755127,3,77.30746398128521,4.587573386802404,50196.21799138837,40.09032539330465,LOSS,50196.21799138837,0.0
2019-01-17,20.25,19.3353995513916,3,74.84182000843785,74.84182000843785,50271.0598113968,40.09032539330465,WIN,50271.0598113968,0.0
2019-01-18,20.770000457763672,19.845,3,76.81433808077445,76.81433808077445,50347.874149477575,40.09032539330465,WIN,50347.874149477575,0.0
2019-01-23,19.799999237060547,19.364800224304197,3,74.95562163246963,74.95562163246963,50422.829771110046,40.09032539330465,WIN,50422.829771110046,0.0
2019-01-24,20.850000381469727,19.403999252319334,3,75.10734989603185,75.10734989603185,50497.93712100608,40.09032539330465,WIN,50497.93712100608,0.0
2019-01-29,19.25,19.776400299072264,3,76.54880819318045,-81.3712815284989,50416.56583947758,40.09032539330465,LOSS,50497.93712100608,-0.16113783288515254
2019-01-30,23.09000015258789,18.865,3,73.02103743481028,73.02103743481028,50489.58687691239,40.09032539330465,WIN,50497.93712100608,-0.01653581229204869
2019-02-01,24.510000228881836,23.921799850463866,3,199.47552607125414,199.47552607125414,50689.06240298365,69.051888357987,WIN,50689.06240298365,0.0
2019-02-04,24.1299991607666,24.0198002243042,3,185.66802887978406,185.66802887978406,50874.730431863434,65.10520463527115,WIN,50874.730431863434,0.0
2019-02-05,23.309999465942383,23.647399177551268,3,172.27170802983719,71.05179454717164,50945.78222641061,62.22214185986712,LOSS,50945.78222641061,0.0
2019-02-06,23.260000228881836,22.843799476623534,3,162.43554602134094,162.43554602134094,51108.21777243195,61.09224245986922,WIN,51108.21777243195,0.0
2019-02-07,22.670000076293945,22.7948002243042,3,162.20285160288807,124.76280719981152,51232.98057963176,61.12515080222191,LOSS,51232.98057963176,0.0
2019-02-08,23.049999237060547,22.216600074768067,3,157.95473981324056,157.95473981324056,51390.935319445,61.0861224683845,WIN,51390.935319445,0.0
2019-02-11,22.959999084472656,22.588999252319336,3,159.5167517844245,159.5167517844245,51550.452071229425,60.77458450539052,WIN,51550.452071229425,0.0
2019-02-12,22.81999969482422,22.5007991027832,3,158.66353414988882,158.66353414988882,51709.11560537932,60.70821757775032,WIN,51709.11560537932,0.0
2019-02-13,22.850000381469727,22.363599700927733,3,157.81637048982947,157.81637048982947,51866.93197586915,60.743084434136065,WIN,51866.93197586915,0.0
2019-02-14,23.1299991607666,22.39300037384033,3,158.06971203030653,158.06971203030653,52025.00168789946,60.75636114463009,WIN,52025.00168789946,0.0
2019-02-22,24.360000610351562,23.441600074768065,3,158.5047349964111,158.5047349964111,52183.506422895865,58.82986089978249,WIN,52183.506422895865,0.0
2019-02-26,24.209999084472656,24.2157991027832,3,158.50272989814243,156.76272440497897,52340.269147300845,57.428047447687376,LOSS,52340.269147300845,0.0
2019-02-27,23.479999542236328,23.725799102783203,3,144.94012371579709,71.20025555173471,52411.46940285258,54.598878237141314,LOSS,52411.46940285258,0.0
2019-02-28,23.530000686645508,23.0103995513916,3,138.2422780592258,138.2422780592258,52549.7116809118,53.94321715826963,WIN,52549.7116809118,0.0
2019-03-01,23.68000030517578,23.0594006729126,3,59.19943812647729,59.19943812647729,52608.911119038276,31.641201282062465,WIN,52608.911119038276,0.0
2019-03-04,23.3700008392334,23.206400299072264,3,46.61173242673424,46.61173242673424,52655.52285146501,28.019747739621973,WIN,52655.52285146501,0.0
2019-03-05,23.5,22.90260082244873,3,46.41406399975537,46.41406399975537,52701.936915464765,28.136506875197952,WIN,52701.936915464765,0.0
2019-03-06,22.40999984741211,23.03,3,46.05422389691378,-139.94582187945375,52561.99109358531,27.962555665459767,LOSS,52701.936915464765,-0.26554208454222483
2019-03-07,22.079999923706055,21.961799850463866,3,47.8948041914756,47.8948041914756,52609.88589777679,29.136294271038523,WIN,52701.936915464765,-0.17466344327273642
2019-03-08,22.010000228881836,21.638399925231933,3,47.8067131308631,47.8067131308631,52657.69261090765,29.321181428976175,WIN,52701.936915464765,-0.0839519515726369
2019-03-11,22.959999084472656,21.5698002243042,3,45.48903849442265,45.48903849442265,52703.181649402075,28.6702273948364,WIN,52703.181649402075,0.0
2019-03-12,23.489999771118164,22.5007991027832,3,53.83311765072664,53.83311765072664,52757.0147670528,30.508389294691433,WIN,52757.0147670528,0.0
2019-03-14,22.81999969482422,22.91239917755127,3,56.53960436945867,28.819759551343736,52785.83452660414,30.995480940669935,LOSS,52785.83452660414,0.0
2019-03-15,23.290000915527344,22.363599700927733,3,57.32907728148078,57.32907728148078,52843.16360388562,31.61683648203587,WIN,52843.16360388562,0.0
2019-03-18,23.25,22.824200897216798,3,59.444474174377824,59.444474174377824,52902.60807806,31.882276653062576,WIN,52902.60807806,0.0
2019-03-19,26.0,22.785,3,57.353876787119745,57.353876787119745,52959.961954847124,31.316569323027853,WIN,52959.961954847124,0.0
2019-03-21,27.889999389648438,25.186000747680662,3,104.23380910136183,104.23380910136183,53064.19576394848,41.82653004867481,WIN,53064.19576394848,0.0
2019-03-25,25.969999313354492,25.84260082244873,3,128.79783794862544,128.79783794862544,53192.993601897106,47.30631757393289,WIN,53192.993601897106,0.0
2019-03-26,25.690000534057617,25.450599327087403,3,127.36596126203389,127.36596126203389,53320.35956315914,47.43922486558791,WIN,53320.35956315914,0.0
2019-03-27,24.889999389648438,25.176200523376465,3,125.27771759637925,39.417377477970874,53359.77694063711,47.25512638063074,LOSS,53359.77694063711,0.0
2019-03-28,25.059999465942383,24.392199401855468,3,121.50767366668347,121.50767366668347,53481.28461430379,47.28998541495916,WIN,53481.28461430379,0.0
2019-03-29,25.520000457763672,24.558799476623534,3,122.35009950645662,122.35009950645662,53603.63471381024,47.29329041068254,WIN,53603.63471381024,0.0
2019-04-01,26.360000610351562,25.0096004486084,3,124.98234684276119,124.98234684276119,53728.61706065301,47.39343672489708,WIN,53728.61706065301,0.0
2019-04-02,26.75,25.83280059814453,3,129.89141245605066,129.89141245605066,53858.50847310906,47.59297864608851,WIN,53858.50847310906,0.0
2019-04-04,29.09000015258789,28.4396004486084,3,148.12316558675235,148.12316558675235,54006.63163869581,48.76094532808182,WIN,54006.63163869581,0.0
2019-04-05,28.979999542236328,28.508200149536133,3,146.9610239436021,146.9610239436021,54153.592662639414,48.41546233539549,WIN,54153.592662639414,0.0
2019-04-08,28.530000686645508,28.4003995513916,3,146.45352975142612,146.45352975142612,54300.04619239084,48.42646863961715,WIN,54300.04619239084,0.0
2019-04-09,27.239999771118164,27.959400672912597,3,144.02305065402336,-71.7972198843066,54228.24897250653,48.39021783390352,LOSS,54300.04619239084,-0.13222312855852864
2019-04-10,27.829999923706055,26.6951997756958,3,143.279703899511,143.279703899511,54371.528676406044,49.790975369519686,WIN,54371.528676406044,0.0
2019-04-11,27.790000915527344,27.27339992523193,3,146.33202782497023,146.33202782497023,54517.86070423101,49.77884976015284,WIN,54517.86070423101,0.0
2019-04-12,27.850000381469727,27.234200897216798,3,144.04281276580073,144.04281276580073,54661.90351699681,49.284045355285734,WIN,54661.90351699681,0.0
2019-04-15,27.329999923706055,27.293000373840332,3,144.27246960792948,144.27246960792948,54806.17598660474,49.26472804195001,WIN,54806.17598660474,0.0
2019-04-16,27.93000030517578,26.783399925231933,3,142.90146777205547,142.90146777205547,54949.0774543768,49.584865236591334,WIN,54949.0774543768,0.0
2019-04-18,27.68000030517578,26.9401997756958,3,117.19767130624044,117.19767130624044,55066.27512568304,43.19897190741138,WIN,55066.27512568304,0.0
2019-04-22,28.18000030517578,27.126400299072266,3,99.59391260527286,99.59391260527286,55165.869038288314,38.798836880809375,WIN,55165.869038288314,0.0
2019-04-26,27.8799991607666,27.106799850463865,3,88.93779367811815,88.93779367811815,55254.80683196643,36.267831301984685,WIN,55254.80683196643,0.0
2019-04-29,27.690000534057617,27.32239917755127,3,89.65802181437694,89.65802181437694,55344.46485378081,36.27087839879287,WIN,55344.46485378081,0.0
2019-04-30,27.6299991607666,27.136200523376463,3,88.92877243706063,88.92877243706063,55433.39362621787,36.24263377833167,WIN,55433.39362621787,0.0
2019-05-01,26.809999465942383,27.077399177551268,3,85.987557849733,5.767644367067533,55439.16127058493,35.58466348410317,LOSS,55439.16127058493,0.0
2019-05-02,28.290000915527344,26.273799476623534,3,86.00849828674306,86.00849828674306,55525.169768871674,36.219423875214936,WIN,55525.169768871674,0.0
2019-05-03,28.219999313354492,27.724200897216797,3,75.54148207081283,75.54148207081283,55600.711250942484,32.6620686426805,WIN,55600.711250942484,0.0
2019-05-06,27.420000076293945,27.6555993270874,3,75.31033217264894,4.630556934612173,55605.3418078771,32.6517022440362,LOSS,55605.3418078771,0.0
2019-05-07,26.65999984741211,26.871600074768065,3,75.83740436387164,12.357336157085086,55617.69914403418,33.29384677837025,LOSS,55617.69914403418,0.0
2019-05-08,27.09000015258789,26.12679985046387,3,75.39149217532702,75.39149217532702,55693.090636209505,33.704720593363916,WIN,55693.090636209505,0.0
2019-05-09,27.209999084472656,26.548200149536132,3,70.60166448704122,70.60166448704122,55763.692300696544,32.23832090511148,WIN,55763.692300696544,0.0
2019-05-10,27.959999084472656,26.665799102783204,3,69.0453161050873,69.0453161050873,55832.737616801634,31.783971127745094,WIN,55832.737616801634,0.0
2019-05-14,27.31999969482422,25.7151997756958,3,82.0772013546167,82.0772013546167,55914.81481815625,35.689392624491234,WIN,55914.81481815625,0.0
2019-05-15,27.579999923706055,26.773599700927733,3,90.23157149396017,90.23157149396017,56005.04638965021,36.84574498959374,WIN,56005.04638965021,0.0
2019-05-20,26.68000030517578,26.95,3,90.47699260763568,9.477084160370268,56014.52347381058,36.76178380116667,LOSS,56014.52347381058,0.0
2019-05-21,27.350000381469727,26.146400299072265,3,89.15509807489913,89.15509807489913,56103.67857188548,37.102906195806575,WIN,56103.67857188548,0.0
2019-05-22,27.40999984741211,26.80300037384033,3,93.46685449210993,93.46685449210993,56197.14542637759,37.604209265489445,WIN,56197.14542637759,0.0
2019-05-23,26.360000610351562,26.861799850463868,3,92.64402860778998,-57.8957434259016,56139.24968295169,37.356171243695556,LOSS,56197.14542637759,-0.10302256989502577
2019-05-24,26.440000534057617,25.83280059814453,3,90.97122316911468,90.97122316911468,56230.220906120805,37.82693734786152,WIN,56230.220906120805,0.0
2019-05-28,29.049999237060547,25.911200523376465,3,91.02921323077163,91.02921323077163,56321.25011935158,37.77237664389067,WIN,56321.25011935158,0.0
2019-05-29,28.09000015258789,28.468999252319335,3,127.09893728726983,13.39920736783641,56334.64932671942,43.93908681533724,LOSS,56334.64932671942,0.0
2019-05-30,28.030000686645508,27.528200149536133,3,125.84681716853066,125.84681716853066,56460.49614388795,44.63326626097141,WIN,56460.49614388795,0.0
2019-05-31,27.40999984741211,27.4694006729126,3,123.19522867211258,105.37498102196575,56565.871124909914,44.07098910021033,LOSS,56565.871124909914,0.0
2019-06-03,27.579999923706055,26.861799850463868,3,114.61898183270974,114.61898183270974,56680.490106742625,42.65900429997737,WIN,56680.490106742625,0.0
2019-06-04,29.56999969482422,27.028399925231934,3,115.44514267585754,115.44514267585754,56795.935249418486,42.6866514172968,WIN,56795.935249418486,0.0
2019-06-11,32.40999984741211,32.5653995513916,3,161.36812836803563,114.7482171741884,56910.68346659267,47.120067941252586,LOSS,56910.68346659267,0.0
2019-06-12,32.18000030517578,31.761799850463866,3,147.0891603434616,147.0891603434616,57057.77262693614,45.018616218319515,WIN,57057.77262693614,0.0
2019-06-13,31.389999389648438,31.536400299072266,3,144.2283616162942,100.30808878914563,57158.080715725286,44.6451501880217,LOSS,57158.080715725286,0.0
2019-06-14,30.360000610351562,30.76219940185547,3,143.4676992190723,22.808061767900426,57180.888777493186,45.2309541800641,LOSS,57180.888777493186,0.0
2019-06-17,29.200000762939453,29.752800598144532,3,142.26369826306578,-23.57625229845783,57157.31252519473,45.99426536803723,LOSS,57180.888777493186,-0.04123100008151412
2019-06-18,30.450000762939453,28.616000747680662,3,139.85926171075843,139.85926171075843,57297.171786905485,46.68089172667156,WIN,57297.171786905485,0.0
2019-06-19,30.5,29.841000747680663,3,146.17543103229502,146.17543103229502,57443.34721793778,46.75236688087625,WIN,57443.34721793778,0.0
2019-06-20,30.010000228881836,29.89,3,145.66823709760948,145.66823709760948,57589.01545503539,46.59032207225147,WIN,57589.01545503539,0.0
2019-06-21,29.100000381469727,29.4098002243042,3,144.4259620386704,51.486009188328694,57640.50146422372,46.83232051826399,LOSS,57640.50146422372,0.0
2019-06-24,29.260000228881836,28.51800037384033,3,138.58273313738738,138.58273313738738,57779.08419736111,46.499608512259286,WIN,57779.08419736111,0.0
2019-06-25,28.860000610351562,28.6748002243042,3,139.32775553367048,139.32775553367048,57918.41195289478,46.49577827985054,WIN,57918.41195289478,0.0
2019-06-26,29.920000076293945,28.28280059814453,3,115.22546840495554,115.22546840495554,58033.63742129973,41.40834439129357,WIN,58033.63742129973,0.0
2019-06-27,30.739999771118164,29.321600074768067,3,119.42228677315131,119.42228677315131,58153.059708072884,41.40054069140341,WIN,58153.059708072884,0.0
2019-07-01,31.200000762939453,29.76260082244873,3,121.31189541463905,121.31189541463905,58274.371603487525,41.42090035163738,WIN,58274.371603487525,0.0
2019-07-02,31.239999771118164,30.576000747680663,3,125.9437961400899,125.9437961400899,58400.315399627616,41.69999644310113,WIN,58400.315399627616,0.0
2019-07-03,31.190000534057617,30.6151997756958,3,112.12025730712244,112.12025730712244,58512.43565693474,38.73898206950922,WIN,58512.43565693474,0.0
2019-07-05,31.5,30.566200523376466,3,111.91468808969678,111.91468808969678,58624.35034502443,38.73344242310753,WIN,58624.35034502443,0.0
2019-07-12,33.209999084472656,32.39880134582519,3,98.63004033446668,98.63004033446668,58722.9803853589,34.73310251705624,WIN,58722.9803853589,0.0
2019-07-15,34.38999938964844,32.5457991027832,3,95.99246860769703,95.99246860769703,58818.972853966596,34.11865452217715,WIN,58818.972853966596,0.0
2019-07-17,33.599998474121094,33.17299850463867,3,88.50839346647561,88.50839346647561,58907.48124743307,32.29477168464102,WIN,58907.48124743307,0.0
2019-07-18,33.0,32.92799850463867,3,82.13138075399054,82.13138075399054,58989.61262818706,31.168096590598108,WIN,58989.61262818706,0.0
2019-07-19,32.5099983215332,32.339999999999996,3,83.16964651084943,83.16964651084943,59072.78227469791,31.670166764913517,WIN,59072.78227469791,0.0
2019-07-22,32.849998474121094,31.859798355102537,3,81.70065658801803,81.70065658801803,59154.48293128592,31.622549249672822,WIN,59154.48293128592,0.0
2019-07-23,33.4900016784668,32.19299850463867,3,76.18094781420635,76.18094781420635,59230.66387910013,30.339105929971602,WIN,59230.66387910013,0.0
2019-07-24,34.11000061035156,32.82020164489746,3,78.56085678628706,78.56085678628706,59309.22473588642,30.51601070643722,WIN,59309.22473588642,0.0
2019-07-26,34.02000045776367,32.99659820556641,3,74.50850245264421,74.50850245264421,59383.73323833906,29.63698981066188,WIN,59383.73323833906,0.0
2019-07-29,33.47999954223633,33.3396004486084,3,72.61052140936752,72.61052140936752,59456.34375974843,29.117385334431745,WIN,59456.34375974843,0.0
2019-07-30,33.869998931884766,32.8103995513916,3,72.32347436382844,72.32347436382844,59528.66723411226,29.288375876278764,WIN,59528.66723411226,0.0
2019-07-31,30.450000762939453,33.19259895324707,3,70.34605618841611,-752.4334009038693,58776.23383320839,28.737686467234877,LOSS,59528.66723411226,-1.2639849602960676
2019-08-01,29.860000610351562,29.841000747680663,3,106.80595442607918,106.80595442607918,58883.039787634465,38.200491533011146,WIN,59528.66723411226,-1.0845655991905465
2019-08-02,29.440000534057617,29.26280059814453,3,105.7848101623649,105.7848101623649,58988.82459779683,38.43271052050562,WIN,59528.66723411226,-0.9068616204565009
2019-08-05,27.989999771118164,28.851200523376463,3,104.25409788706925,-154.10612779042032,58834.71847000641,38.423098774189526,LOSS,59528.66723411226,-1.1657387882996169
2019-08-06,28.860000610351562,27.4301997756958,3,103.57282564468608,103.57282564468608,58938.2912956511,39.47552174713231,WIN,59528.66723411226,-0.9917506403080592
2019-08-07,29.190000534057617,28.28280059814453,3,105.96324990758646,105.96324990758646,59044.25454555869,39.285551060167364,WIN,59528.66723411226,-0.8137469072648512
2019-08-08,33.91999816894531,28.606200523376465,3,106.12576333692937,106.12576333692937,59150.38030889562,39.04782222929447,WIN,59528.66723411226,-0.6354701739397732
2019-08-12,32.43000030517578,33.5061986541748,3,197.6233151243385,-125.23618957536797,59025.14411932025,53.23209754962472,LOSS,59528.66723411226,-0.8458498034430622
2019-08-13,32.11000061035156,31.781400299072263,3,190.5011536579499,190.5011536579499,59215.645272978196,53.85435340015995,WIN,59528.66723411226,-0.5258339816395075
2019-08-14,30.239999771118164,31.46780059814453,3,188.3529905394599,-179.98725756845036,59035.65801540975,53.799062767851524,LOSS,59528.66723411226,-0.8281878993924479
2019-08-15,29.670000076293945,29.6351997756958,3,183.2468920256264,183.2468920256264,59218.904907435375,55.081490450965816,WIN,59528.66723411226,-0.5203582426239505
2019-08-16,31.18000030517578,29.076600074768066,3,179.84526252422305,179.84526252422305,59398.750169959596,55.09317811667272,WIN,59528.66723411226,-0.21824285707881208
2019-08-19,31.479999542236328,30.556400299072266,3,194.18467783769785,194.18467783769785,59592.934847797296,56.19342214153706,WIN,59592.934847797296,0.0
2019-08-20,30.719999313354492,30.8503995513916,3,196.0180568652338,156.8979854541014,59749.8328332514,56.186073577265006,LOSS,59749.8328332514,0.0
2019-08-21,31.700000762939453,30.1055993270874,3,191.34269003646148,191.34269003646148,59941.175523287864,56.19833856950318,WIN,59941.175523287864,0.0
2019-08-26,30.280000686645508,28.949200897216798,3,193.55952999961636,193.55952999961636,60134.73505328748,58.34041675641471,WIN,60134.73505328748,0.0
2019-08-27,30.200000762939453,29.674400672912597,3,199.7263234414446,199.7263234414446,60334.46137672892,58.62831655518802,WIN,60334.46137672892,0.0
2019-08-28,30.780000686645508,29.596000747680662,3,198.77794744986835,198.77794744986835,60533.23932417879,58.53617564487012,WIN,60533.23932417879,0.0
2019-08-29,31.450000762939453,30.164400672912596,3,184.97933763129097,184.97933763129097,60718.218661810075,54.75059406595361,WIN,60718.218661810075,0.0
2019-09-04,30.950000762939453,30.281999626159667,3,179.98153418023767,179.98153418023767,60898.200195990314,53.52640662649218,WIN,60898.200195990314,0.0
2019-09-05,31.5,30.331000747680662,3,178.9558594644225,178.9558594644225,61077.15605545474,53.24496673095709,WIN,61077.15605545474,0.0
2019-09-09,30.5,29.948799476623535,3,115.66089226307953,115.66089226307953,61192.816947717816,40.03353752386155,WIN,61192.816947717816,0.0
2019-09-10,30.229999542236328,29.89,3,114.9498841006311,114.9498841006311,61307.766831818444,39.928590702128474,WIN,61307.766831818444,0.0
2019-09-11,29.760000228881836,29.625399551391602,3,106.97978748631004,106.97978748631004,61414.74661930475,38.4073699375896,WIN,61414.74661930475,0.0
2019-09-12,30.209999084472656,29.164800224304198,3,105.65912628400406,105.65912628400406,61520.40574558875,38.483515603315084,WIN,61520.40574558875,0.0
2019-09-13,30.690000534057617,29.6057991027832,3,97.32505977807662,97.32505977807662,61617.73080536683,36.30899638454762,WIN,61617.73080536683,0.0
2019-09-19,30.290000915527344,29.811600074768066,3,86.67916695997717,86.67916695997717,61704.40997232681,33.84710051373918,WIN,61704.40997232681,0.0
2019-09-20,30.049999237060547,29.684200897216797,3,81.84052606380004,81.84052606380004,61786.25049839061,32.871382682966235,WIN,61786.25049839061,0.0
2019-09-23,30.639999389648438,29.448999252319336,3,81.00305969813817,81.00305969813817,61867.25355808875,32.82978010297916,WIN,61867.25355808875,0.0
2019-09-24,29.520000457763672,30.02719940185547,3,57.04787286715482,-95.11181036038441,61772.14174772836,27.31515073746325,LOSS,61867.25355808875,-0.15373530404268665
2019-09-25,29.540000915527344,28.929600448608397,3,59.34449842922676,59.34449842922676,61831.48624615759,28.296983577984996,WIN,61867.25355808875,-0.05781299455547292
2019-09-26,29.469999313354492,28.949200897216798,3,59.38732467061192,59.38732467061192,61890.873570828204,28.297570010001216,WIN,61890.873570828204,0.0
2019-09-27,28.719999313354492,28.880599327087403,3,56.81728467966983,8.6372805597967,61899.510851388004,27.752325155658063,LOSS,61899.510851388004,0.0
2019-09-30,28.989999771118164,28.145599327087403,3,54.62629544204091,54.62629544204091,61954.13714683004,27.580744798031525,WIN,61954.13714683004,0.0
2019-10-01,28.760000228881836,28.4101997756958,3,56.09539337059263,56.09539337059263,62010.23254020063,27.7987635155822,WIN,62010.23254020063,0.0
2019-10-02,28.309999465942383,28.184800224304198,3,54.67201359027313,54.67201359027313,62064.904553790904,27.573761342476008,WIN,62064.904553790904,0.0
2019-10-03,28.68000030517578,27.743799476623536,3,54.421305705708484,54.421305705708484,62119.32585949661,27.715051539822777,WIN,62119.32585949661,0.0
2019-10-04,29.010000228881836,28.106400299072266,3,54.06645429589442,54.06645429589442,62173.3923137925,27.46917632634764,WIN,62173.3923137925,0.0
2019-10-08,28.229999542236328,28.351400299072264,3,51.752446105534425,15.332219054753729,62188.724532847256,26.832362659016333,LOSS,62188.724532847256,0.0
2019-10-09,28.459999084472656,27.6653995513916,3,52.93868058283864,52.93868058283864,62241.663213430096,27.40370048080591,WIN,62241.663213430096,0.0
2019-10-10,28.3799991607666,27.890799102783202,3,53.09875664576749,53.09875664576749,62294.761970075866,27.340663170302598,WIN,62294.761970075866,0.0
2019-10-11,29.75,27.81239917755127,3,51.11542406423943,51.11542406423943,62345.87739414011,26.913205094500334,WIN,62345.87739414011,0.0
2019-10-23,31.360000610351562,30.879800224304198,3,69.56131947490412,69.56131947490412,62415.43871361501,29.601868522950603,WIN,62415.43871361501,0.0
2019-10-24,31.719999313354492,30.732800598144532,3,69.54163359928754,69.54163359928754,62484.980347214296,29.667559366066747,WIN,62484.980347214296,0.0
2019-10-30,33.130001068115234,32.369398803710936,3,77.44980247265285,77.44980247265285,62562.43014968695,30.509606721674615,WIN,62562.43014968695,0.0
2019-10-31,33.93000030517578,32.467401046752926,3,74.85282580929889,74.85282580929889,62637.28297549625,29.94430694513622,WIN,62637.28297549625,0.0
2019-11-06,35.93000030517578,35.427001495361324,3,83.05531516088432,83.05531516088432,62720.338290657135,30.19665973046248,WIN,62720.338290657135,0.0
2019-11-07,36.279998779296875,35.21140029907227,3,84.42248826371286,84.42248826371286,62804.76077892085,30.541393481068084,WIN,62804.76077892085,0.0
2019-11-08,36.290000915527344,35.55439880371094,3,83.94971647387985,83.94971647387985,62888.71049539473,30.3052701142189,WIN,62888.71049539473,0.0
2019-11-11,36.310001373291016,35.56420089721679,3,76.23034923361924,76.23034923361924,62964.94084462835,28.894085239707476,WIN,62964.94084462835,0.0
2019-11-12,36.709999084472656,35.583801345825194,3,74.95037026072126,74.95037026072126,63039.89121488907,28.653265827741453,WIN,63039.89121488907,0.0
2019-11-18,39.880001068115234,37.78880134582519,3,79.66556953356087,79.66556953356087,63119.556784422624,28.665409591123726,WIN,63119.556784422624,0.0
2019-11-22,39.150001525878906,38.729600448608394,3,95.78560386021019,95.78560386021019,63215.342388282836,31.03143244299226,WIN,63215.342388282836,0.0
2019-11-25,39.790000915527344,38.36700149536133,3,94.54454170384972,94.54454170384972,63309.886929986686,30.973265352340597,WIN,63309.886929986686,0.0
2019-11-26,38.9900016784668,38.9942008972168,3,93.63181147231649,92.37204584731563,63402.258975834004,30.56461939308243,LOSS,63402.258975834004,0.0
2019-11-27,39.40999984741211,38.21020164489746,3,91.9326571775224,91.9326571775224,63494.19163301153,30.595725685196097,WIN,63494.19163301153,0.0
2019-11-29,39.150001525878906,38.621799850463866,3,92.74567213547498,92.74567213547498,63586.937305147,30.565972126241505,WIN,63586.937305147,0.0
2019-12-02,38.72999954223633,38.36700149536133,3,91.8834852761327,91.8834852761327,63678.82079042314,30.52368085310404,WIN,63678.82079042314,0.0
2019-12-03,38.900001525878906,37.9553995513916,3,89.7204080833878,89.7204080833878,63768.54119850653,30.3226110328897,WIN,63768.54119850653,0.0
2019-12-04,39.689998626708984,38.122001495361324,3,81.64783580055115,81.64783580055115,63850.18903430708,28.88302443067924,WIN,63850.18903430708,0.0
2019-12-10,39.439998626708984,38.151400299072264,3,85.64336988782912,85.64336988782912,63935.83240419491,29.551185229157838,WIN,63935.83240419491,0.0
2019-12-16,42.349998474121094,40.32700149536133,3,128.30070288104764,128.30070288104764,64064.133107075955,35.6228274769663,WIN,64064.133107075955,0.0
2019-12-30,45.52000045776367,45.25640029907226,3,132.33570394169385,132.33570394169385,64196.46881101765,33.95449111577584,WIN,64196.46881101765,0.0
2019-12-31,45.86000061035156,44.6096004486084,3,132.14468705705437,132.14468705705437,64328.6134980747,34.20155840924381,WIN,64328.6134980747,0.0
2020-01-02,49.099998474121094,44.94280059814453,3,130.95215673765404,130.95215673765404,64459.56565481235,33.887202124086926,WIN,64459.56565481235,0.0
2020-01-07,48.25,47.422199401855465,3,162.0721182051629,162.0721182051629,64621.637773017515,37.153467898165246,WIN,64621.637773017515,0.0
2020-01-08,47.83000183105469,47.285,3,162.00282993293084,162.00282993293084,64783.64060295044,37.20824868866454,WIN,64783.64060295044,0.0
2020-01-09,48.970001220703125,46.87340179443359,3,158.2877547738686,158.2877547738686,64941.92835772431,36.889505471779245,WIN,64941.92835772431,0.0
2020-01-13,48.75,47.20659820556641,3,163.749476408822,163.749476408822,65105.67783413313,37.484970332326405,WIN,65105.67783413313,0.0
2020-01-14,48.209999084472656,47.775,3,136.276496496893,136.276496496893,65241.954330630026,33.489934321740705,WIN,65241.954330630026,0.0
2020-01-15,48.54999923706055,47.2457991027832,3,125.5229318918965,125.5229318918965,65367.47726252192,32.22165878077247,WIN,65367.47726252192,0.0
2020-01-16,49.77000045776367,47.578999252319335,3,123.08602336005897,123.08602336005897,65490.56328588198,31.769053182086083,WIN,65490.56328588198,0.0
2020-01-27,49.2599983215332,49.34299850463867,3,126.43873003112624,101.53867509948562,65592.10196098147,31.61000227840789,LOSS,65592.10196098147,0.0
2020-01-28,50.529998779296875,48.27479835510254,3,128.31790191556934,128.31790191556934,65720.41986289703,32.22986544833932,WIN,65720.41986289703,0.0
2020-01-29,47.5099983215332,49.519398803710935,3,133.80312594769566,-469.01701870562385,65251.40284419141,32.51483299291613,LOSS,65720.41986289703,-0.7136549335565158
2020-01-30,48.779998779296875,46.55979835510254,3,148.82454965402266,148.82454965402266,65400.22739384544,35.719467547700646,WIN,65720.41986289703,-0.487203931014997
2020-01-31,47.0,47.80439880371094,3,155.98748054552604,-85.33216056775555,65314.89523327768,36.151296201863936,LOSS,65720.41986289703,-0.6170450987156473
2020-02-03,48.02000045776367,46.06,3,129.34433006597197,129.34433006597197,65444.23956334365,33.20281547078811,WIN,65720.41986289703,-0.42023514172541004
2020-02-04,49.45000076293945,47.0596004486084,3,135.0264004216849,135.0264004216849,65579.26596376534,33.598827183384955,WIN,65720.41986289703,-0.214779362983622
2020-02-07,49.72999954223633,48.333599700927735,3,144.4822449854569,144.4822449854569,65723.7482087508,34.37672807487587,WIN,65723.7482087508,0.0
2020-02-19,58.900001525878906,55.75219940185547,3,178.99540659257394,178.99540659257394,65902.74361534337,35.81109758954457,WIN,65902.74361534337,0.0
2020-02-21,53.279998779296875,56.1246004486084,3,193.35478515310814,-660.0257156403486,65242.71789970302,37.33144195173908,LOSS,65902.74361534337,-1.0015147768243744
2020-02-24,49.119998931884766,52.214398803710935,3,209.75170520484693,-718.5682563430039,64524.14964336002,41.03936100592572,LOSS,65902.74361534337,-2.091861273682065
2020-02-25,47.56999969482422,48.13759895324707,3,217.74532467823508,47.465547151379354,64571.615190511395,44.32105001898053,LOSS,65902.74361534337,-2.019837645305651
2020-02-26,47.4900016784668,46.61859970092773,3,212.94137704848453,212.94137704848453,64784.55656755988,44.60846810596185,WIN,65902.74361534337,-1.696723059528518
2020-02-27,44.0099983215332,46.54020164489746,3,209.51257219125768,-549.5484248180187,64235.008142741855,44.18078242619208,LOSS,65902.74361534337,-2.5306009751819065
2020-02-28,45.47999954223633,43.12979835510254,3,200.5659777845832,200.5659777845832,64435.57412052644,45.14358775940224,WIN,65902.74361534337,-2.22626466567219
2020-03-02,47.459999084472656,44.5703995513916,3,208.92430598421691,208.92430598421691,64644.49842651066,45.384881378333304,WIN,65902.74361534337,-1.909245533352518
2020-03-03,46.75,46.5107991027832,3,220.7018140303485,220.7018140303485,64865.20024054101,45.758645442966724,WIN,65902.74361534337,-1.5743553574312767
2020-03-04,50.11000061035156,45.815,3,216.54068695825197,216.54068695825197,65081.74092749926,45.63704847158407,WIN,65902.74361534337,-1.2457792237544438
2020-03-06,48.59000015258789,47.14780059814453,3,244.60899924989738,244.60899924989738,65326.34992674916,48.629940358198844,WIN,65902.74361534337,-0.8746125835951
2020-03-09,43.27000045776367,47.61820014953613,3,247.07359109002653,-1057.3863164417107,64268.963610307444,48.633220595959315,LOSS,65902.74361534337,-2.4790773728205573
2020-03-10,45.380001068115234,42.4046004486084,3,253.72666976781449,253.72666976781449,64522.69028007526,53.78539762470702,WIN,65902.74361534337,-2.094075693302102
2020-03-11,45.70000076293945,44.47240104675293,3,265.409407456593,265.409407456593,64788.09968753185,53.68484305967434,WIN,65902.74361534337,-1.6913467735385823
2020-03-12,39.0099983215332,44.78600074768066,3,263.98206326064246,-1468.8186645835945,63319.28102294826,53.207378463315855,LOSS,65902.74361534337,-3.9201138688156716
2020-03-13,43.900001525878906,38.22979835510254,3,268.02245609013545,268.02245609013545,63587.30347903839,60.44480870970703,WIN,65902.74361534337,-3.5134199416940506
2020-03-16,38.709999084472656,43.02200149536133,3,342.8597875699962,-950.7409356966061,62636.56254334178,66.6584112155383,LOSS,65902.74361534337,-4.956062362237009
2020-03-17,41.880001068115234,37.9357991027832,3,321.58578254846464,321.58578254846464,62958.148325890244,69.949368762619,WIN,65902.74361534337,-4.468092112583256
2020-03-18,39.119998931884766,41.04240104675293,3,361.7542799286058,-214.96635453184308,62743.181971358405,72.13418314195195,LOSS,65902.74361534337,-4.794279373900539
2020-03-19,39.81999969482422,38.33759895324707,3,337.9373706367666,337.9373706367666,63081.119341995174,72.13818160991886,WIN,65902.74361534337,-4.281497428722021
2020-03-20,39.61000061035156,39.02359970092773,3,345.84489769126526,345.84489769126526,63426.96423968644,72.44723747515485,WIN,65902.74361534337,-3.7567167007604265
2020-03-23,41.63999938964844,38.81780059814453,3,338.72463924541097,338.72463924541097,63765.68887893185,71.56280892225114,WIN,65902.74361534337,-3.2427401640285782
2020-03-24,46.220001220703125,40.80719940185547,3,353.97926534086963,353.97926534086963,64119.66814427272,71.22845335572384,WIN,65902.74361534337,-2.7056164481982408
2020-03-26,47.5,43.73740104675293,3,404.33980018885643,404.33980018885643,64524.00794446158,74.92508015138388,WIN,65902.74361534337,-2.092076285820663
2020-03-30,47.86000061035156,45.648401794433596,3,417.5474700875574,417.5474700875574,64941.55541454913,74.2919022643394,WIN,65902.74361534337,-1.4584949701099408
2020-04-01,43.65999984741211,44.5703995513916,3,410.32392280310995,137.20401160926195,65078.759426158394,74.67541049056663,LOSS,65902.74361534337,-1.2503033166484638
2020-04-02,44.4900016784668,42.786799850463865,3,386.7111107870296,386.7111107870296,65465.470536945424,73.58574392715401,WIN,65902.74361534337,-0.6635127073770828
2020-04-03,42.59000015258789,43.60020164489746,3,392.33476158933075,89.27431389645989,65554.74485084189,73.32884753259,LOSS,65902.74361534337,-0.5280489785564202
2020-04-06,47.52000045776367,41.738200149536134,3,378.22304839618033,378.22304839618033,65932.96789923807,73.73938263582254,WIN,65932.96789923807,0.0
2020-04-07,47.560001373291016,46.5696004486084,3,423.3066856033231,423.3066856033231,66356.27458484139,73.92067590639206,WIN,66356.27458484139,0.0
2020-04-08,48.790000915527344,46.60880134582519,3,420.02823178130825,420.02823178130825,66776.3028166227,73.41517098565633,WIN,66776.3028166227,0.0
2020-04-13,50.939998626708984,47.412401046752926,3,375.2848325191727,375.2848325191727,67151.58764914187,66.30789147060563,WIN,67151.58764914187,0.0
2020-04-20,56.970001220703125,55.46799850463867,3,329.6587301100858,329.6587301100858,67481.24637925196,53.52451594108419,WIN,67481.24637925196,0.0
2020-04-21,52.91999816894531,55.83060119628906,3,330.1913133332329,-542.9895948698911,66938.25678438206,53.336145402611855,LOSS,67481.24637925196,-0.8046525872065804
2020-04-22,55.91999816894531,51.8615982055664,3,328.2083460599678,328.2083460599678,67266.46513044203,56.02218877248909,WIN,67481.24637925196,-0.3182828716630926
2020-04-23,55.900001525878906,54.80159820556641,3,319.7609020076301,319.7609020076301,67586.22603244966,52.82223951250531,WIN,67586.22603244966,0.0
2020-04-24,56.18000030517578,54.78200149536133,3,312.28242227726713,312.28242227726713,67898.50845472692,51.95087681616637,WIN,67898.50845472692,0.0
2020-04-27,56.4900016784668,55.056400299072266,3,302.895463315096,302.895463315096,68201.40391804202,50.66153723870668,WIN,68201.40391804202,0.0
2020-04-28,55.5099983215332,55.36020164489746,3,301.2056396033172,301.2056396033172,68502.60955764534,50.267976287930345,WIN,68502.60955764534,0.0
2020-04-29,53.65999984741211,54.39979835510254,3,297.54131141525943,75.60175910813027,68578.21131675347,50.45398750568081,LOSS,68578.21131675347,0.0
2020-04-30,52.38999938964844,52.58679985046387,3,281.29513527994,222.25499703531048,68800.46631378878,49.67373160078779,LOSS,68800.46631378878,0.0
2020-05-01,49.880001068115234,51.34219940185547,3,269.45654384245677,-169.20295627961303,68631.26335750917,49.019613115655794,LOSS,68800.46631378878,-0.24593286258831304
2020-05-04,52.560001373291016,48.88240104675293,3,267.51928465475095,267.51928465475095,68898.78264216393,50.474613219425564,WIN,68898.78264216393,0.0
2020-05-05,52.189998626708984,51.5088013458252,3,279.33043221184084,279.33043221184084,69178.11307437577,50.15215172826593,WIN,69178.11307437577,0.0
2020-05-06,52.15999984741211,51.1461986541748,3,231.5988024476433,231.5988024476433,69409.7118768234,44.352023919351865,WIN,69409.7118768234,0.0
2020-05-07,51.95000076293945,51.11679985046386,3,231.53097260976338,231.53097260976338,69641.24284943317,44.36030368703757,WIN,69641.24284943317,0.0
2020-05-08,53.189998626708984,50.91100074768066,3,228.89788654775373,228.89788654775373,69870.14073598092,44.14373794704861,WIN,69870.14073598092,0.0
2020-05-13,52.18000030517578,52.68479835510254,3,214.57156628074785,63.13215130272127,69933.27288728365,41.3998800469215,LOSS,69933.27288728365,0.0
2020-05-14,54.5099983215332,51.136400299072264,3,212.1072243904132,212.1072243904132,70145.38011167407,41.88688020961657,WIN,70145.38011167407,0.0
2020-05-15,54.20000076293945,53.419798355102536,3,225.3913783848327,225.3913783848327,70370.77149005889,42.349548396003016,WIN,70370.77149005889,0.0
2020-05-18,54.59000015258789,53.116000747680665,3,224.0899572671532,224.0899572671532,70594.86144732604,42.34715359272553,WIN,70594.86144732604,0.0
2020-05-19,55.470001220703125,53.49820014953613,3,225.75807456515895,225.75807456515895,70820.6195218912,42.3538981541783,WIN,70820.6195218912,0.0
2020-05-20,56.38999938964844,54.36060119628906,3,202.9636066104635,202.9636066104635,71023.58312850166,39.201875629651596,WIN,71023.58312850166,0.0
2020-05-22,55.16999816894531,53.55700149536133,3,189.25461100387628,189.25461100387628,71212.83773950554,37.905792369988035,WIN,71212.83773950554,0.0
2020-05-26,53.189998626708984,54.06659820556641,3,191.483936503625,-71.49593715360191,71141.34180235195,37.957172959335246,LOSS,71212.83773950554,-0.10039753985808735
2020-05-27,52.7400016784668,52.12619865417481,3,191.05874186006764,191.05874186006764,71332.40054421201,38.75887995007368,WIN,71332.40054421201,0.0
2020-05-28,51.7400016784668,51.68520164489746,3,188.39650946742557,188.39650946742557,71520.79705367943,38.62771596796071,WIN,71520.79705367943,0.0
2020-05-29,53.79999923706055,50.70520164489746,3,180.94082408512014,180.94082408512014,71701.73787776455,38.131252755039526,WIN,71701.73787776455,0.0
2020-06-01,53.630001068115234,52.72399925231934,3,193.90774813277767,193.90774813277767,71895.64562589733,38.83976236631956,WIN,71895.64562589733,0.0
2020-06-02,53.540000915527344,52.55740104675293,3,178.3830145967566,178.3830145967566,72074.02864049409,37.00060998234888,WIN,72074.02864049409,0.0
2020-06-04,52.630001068115234,51.6753995513916,3,160.32992669611573,160.32992669611573,72234.3585671902,35.11156445295255,WIN,72234.3585671902,0.0
2020-06-05,53.099998474121094,51.57740104675293,3,160.06090223063018,160.06090223063018,72394.41946942083,35.11596681229351,WIN,72394.41946942083,0.0
2020-06-11,52.83000183105469,56.291198654174806,3,176.14213081295154,-862.216916123084,71532.20255329774,35.28326447919599,LOSS,72394.41946942083,-1.1909991439150673
2020-06-12,53.5,51.773401794433596,3,196.34066067016607,196.34066067016607,71728.5432139679,39.582081316436,WIN,72394.41946942083,-0.9197894814726542
2020-06-15,54.68000030517578,52.43,3,188.66898364370527,188.66898364370527,71917.2121976116,38.32575751554005,WIN,72394.41946942083,-0.6591768748291363
2020-06-16,54.459999084472656,53.58640029907227,3,195.42448482338142,195.42448482338142,72112.63668243498,38.63956583988178,WIN,72394.41946942083,-0.38923274618545545
2020-06-17,54.54999923706055,53.3707991027832,3,194.50871396100905,194.50871396100905,72307.145396396,38.62383830458754,WIN,72394.41946942083,-0.12055359192665069
2020-06-18,54.040000915527344,53.45899925231934,3,193.32690237972628,193.32690237972628,72500.47229877573,38.441563363382876,WIN,72500.47229877573,0.0
2020-06-19,54.22999954223633,52.959200897216796,3,190.11057795690567,190.11057795690567,72690.58287673263,38.26912020518708,WIN,72690.58287673263,0.0
2020-06-22,54.7599983215332,53.1453995513916,3,185.5610463383627,185.5610463383627,72876.143923071,37.63269342506041,WIN,72876.143923071,0.0
2020-06-23,53.9900016784668,53.66479835510254,3,187.4047214882188,187.4047214882188,73063.54864455921,37.63633595575624,WIN,73063.54864455921,0.0
2020-06-24,52.38999938964844,52.91020164489746,3,177.9795914410337,21.918914866326247,73085.46755942554,36.80448799586087,LOSS,73085.46755942554,0.0
2020-06-25,51.93000030517578,51.34219940185547,3,177.64060627257226,177.64060627257226,73263.10816569811,37.427604142940254,WIN,73263.10816569811,0.0
2020-06-26,50.099998474121094,50.89140029907227,3,174.39768190759727,-63.022865577754544,73200.08530012035,37.21321456008458,LOSS,73263.10816569811,-0.08602264789970836
2020-06-29,50.279998779296875,49.097998504638674,3,165.16521164095167,165.16521164095167,73365.2505117613,36.80569304143948,WIN,73365.2505117613,0.0
2020-06-30,52.61000061035156,49.27439880371094,3,166.0113889958628,166.0113889958628,73531.26190075716,36.83894494585347,WIN,73531.26190075716,0.0
2020-07-01,52.58000183105469,51.55780059814453,3,187.0974819285457,187.0974819285457,73718.35938268571,38.52278095259774,WIN,73718.35938268571,0.0
2020-07-08,53.43000030517578,51.87140029907226,3,189.31345414006358,189.31345414006358,73907.67283682578,38.657487086971585,WIN,73907.67283682578,0.0
2020-07-13,53.59000015258789,54.76240104675293,3,165.27719035658802,-186.44307789292301,73721.22975893285,34.563454488037095,LOSS,73907.67283682578,-0.25226484712156316
2020-07-14,54.720001220703125,52.518200149536135,3,169.81780655463865,169.81780655463865,73891.04756548749,35.959865789081896,WIN,73907.67283682578,-0.022494648661162686
2020-07-15,55.34000015258789,53.62560119628906,3,173.12943242820324,173.12943242820324,74064.1769979157,35.927330620082415,WIN,74064.1769979157,0.0
2020-07-16,54.91999816894531,54.23320014953613,3,175.68190996754385,175.68190996754385,74239.85890788324,35.99795095524698,WIN,74239.85890788324,0.0
2020-07-17,55.040000915527344,53.8215982055664,3,174.81652321778742,174.81652321778742,74414.67543110103,36.05430903677399,WIN,74414.67543110103,0.0
2020-07-20,57.459999084472656,53.93920089721679,3,174.5112441526566,174.5112441526566,74589.18667525369,35.97171808377232,WIN,74589.18667525369,0.0
2020-07-22,61.790000915527344,55.86,3,192.64476972211833,192.64476972211833,74781.8314449758,37.35483123079082,WIN,74781.8314449758,0.0
2020-07-24,69.4000015258789,58.37859970092774,3,240.41032009731438,240.41032009731438,75022.24176507312,41.69405417363937,WIN,75022.24176507312,0.0
2020-07-28,67.61000061035156,67.59060119628906,3,391.69261279073953,391.69261279073953,75413.93437786386,52.56420275059875,WIN,75413.93437786386,0.0
2020-07-29,76.08999633789062,66.25780059814453,3,389.1066479215993,389.1066479215993,75803.04102578545,53.06683236906,WIN,75803.04102578545,0.0
2020-08-10,82.23999786376953,83.15299850463867,3,555.7753006260878,281.8751083653449,76084.9161341508,58.32478658609722,LOSS,76084.9161341508,0.0
2020-08-11,76.87999725341797,80.59519790649414,3,532.9540332930515,-581.6061626297985,75503.309971521,57.864295627111446,LOSS,76084.9161341508,-0.7644171698951886
2020-08-12,82.61000061035156,75.3423973083496,3,530.3984409299226,530.3984409299226,76033.70841245091,60.632883084376296,WIN,76084.9161341508,-0.06730338193394304
2020-08-13,81.83999633789062,80.95780059814453,3,582.816387669759,582.816387669759,76616.52480012068,61.664665609322505,WIN,76616.52480012068,0.0
2020-08-14,81.30000305175781,80.20319641113281,3,577.8435489272139,577.8435489272139,77194.36834904789,61.70180827148228,WIN,77194.36834904789,0.0
2020-08-17,82.41999816894531,79.67400299072266,3,575.8438137782157,575.8438137782157,77770.21216282611,61.84930713662522,WIN,77770.21216282611,0.0
2020-08-19,81.08999633789062,80.02680358886718,3,576.4852689490851,576.4852689490851,78346.69743177519,61.69472776545999,WIN,78346.69743177519,0.0
2020-08-20,82.7699966430664,79.46819641113281,3,555.483850862558,555.483850862558,78902.18128263774,60.30990852962008,WIN,78902.18128263774,0.0
2020-08-25,86.3499984741211,81.41840179443359,3,437.04542861672576,437.04542861672576,79339.22671125447,49.79518206164948,WIN,79339.22671125447,0.0
2020-08-28,85.55000305175781,82.12400299072266,3,354.5512816855666,354.5512816855666,79693.77799294003,42.984918979652164,WIN,79693.77799294003,0.0
2020-08-31,90.81999969482422,83.83900299072265,3,362.2888745378161,362.2888745378161,80056.06686747784,43.010702238450904,WIN,80056.06686747784,0.0
2020-09-03,82.54000091552734,88.41560119628906,3,346.98253382637347,-1415.6975504021416,78640.3693170757,40.43863559538995,LOSS,80056.06686747784,-1.7683825920971588
2020-09-04,82.01000213623047,80.8892008972168,3,370.91818538778404,370.91818538778404,79011.28750246348,44.723687436463806,WIN,80056.06686747784,-1.3050595737408017
2020-09-08,78.69000244140625,80.36980209350585,3,365.9244675848226,-138.0154280450585,78873.27207441843,44.51302020011314,LOSS,80056.06686747784,-1.4774580357755627
2020-09-09,81.91000366210938,77.11620239257812,3,355.5452511425211,355.5452511425211,79228.81732556096,44.88576328529034,WIN,80056.06686747784,-1.0333377272784159
2020-09-10,78.9800033569336,80.27180358886719,3,350.2414495997089,-37.29861998036887,79191.51870558059,43.28261912580804,LOSS,80056.06686747784,-1.0799283498755938
2020-09-11,76.33999633789062,77.40040328979492,3,308.0626438476633,-10.059441723626094,79181.45926385696,40.79947800731595,LOSS,80056.06686747784,-1.0924938456802777
2020-09-14,77.9000015258789,74.81319641113281,3,304.49530044177897,304.49530044177897,79485.95456429874,41.3825936272996,WIN,80056.06686747784,-0.7121412848358534
2020-09-15,78.93000030517578,76.34200149536133,3,314.37112162559526,314.37112162559526,79800.32568592433,41.69280458632123,WIN,80056.06686747784,-0.31945259311435015
2020-09-16,76.66000366210938,77.35140029907227,3,318.40370331570705,110.98471222683935,79911.31039815117,41.68240885082423,LOSS,80056.06686747784,-0.18081886231845604
2020-09-17,76.55000305175781,75.12680358886719,3,313.9619410470068,313.9619410470068,80225.27233919817,42.08926354904655,WIN,80225.27233919817,0.0
2020-09-18,74.93000030517578,75.01900299072265,3,313.37379700902943,286.67299134496744,80511.94533054314,42.07737103972884,LOSS,80511.94533054314,0.0
2020-09-21,77.94000244140625,73.43140029907227,3,304.9112069573704,304.9112069573704,80816.85653750051,41.9157621206504,WIN,80816.85653750051,0.0
2020-09-22,77.69999694824219,76.38120239257812,3,328.9964933023591,328.9964933023591,81145.85303080287,42.9202872794606,WIN,81145.85303080287,0.0
2020-09-23,74.7300033569336,76.14599700927734,3,327.7472911549573,-97.05080454816584,81048.8022262547,42.90018852409728,LOSS,81145.85303080287,-0.11960044897344155
2020-09-24,75.81999969482422,73.23540328979492,3,309.6948465004665,309.6948465004665,81358.49707275517,42.41119728862333,WIN,81358.49707275517,0.0
2020-09-25,78.05999755859375,74.30359970092773,3,317.14642639321465,317.14642639321465,81675.64349914838,42.66719126901346,WIN,81675.64349914838,0.0
2020-10-05,86.1500015258789,80.16400299072265,3,280.2245316523894,280.2245316523894,81955.86803080078,37.65905850708394,WIN,81955.86803080078,0.0
2020-10-07,86.69000244140625,82.79040328979492,3,300.48291277745454,300.48291277745454,82256.35094357823,38.52636804104152,WIN,82256.35094357823,0.0
2020-10-09,83.0999984741211,84.77980209350586,3,284.388979784875,-219.55210603055622,82036.79883754767,36.74380122350729,LOSS,82256.35094357823,-0.2669120420636679
2020-10-12,84.29000091552734,81.43799850463867,3,277.86692387214964,277.86692387214964,82314.66576141982,37.11693115629748,WIN,82314.66576141982,0.0
2020-10-13,85.27999877929688,82.6042008972168,3,280.33367626956476,280.33367626956476,82594.99943768939,36.99825553060136,WIN,82594.99943768939,0.0
2020-10-14,84.20999908447266,83.57439880371093,3,283.3905926045798,283.3905926045798,82878.39003029397,36.97997897101753,WIN,82878.39003029397,0.0
2020-10-15,83.12999725341797,82.5257991027832,3,271.84328491134636,271.84328491134636,83150.23331520532,36.352266217721564,WIN,83150.23331520532,0.0
2020-10-16,83.16999816894531,81.4673973083496,3,270.9884816174543,270.9884816174543,83421.22179682278,36.561655064691564,WIN,83421.22179682278,0.0
2020-10-19,82.0,81.5065982055664,3,264.61096523959424,264.61096523959424,83685.83276206237,36.04409112714548,WIN,83685.83276206237,0.0
2020-10-20,81.55999755859375,80.36,3,251.3438852141305,251.3438852141305,83937.1766472765,35.274189446138834,WIN,83937.1766472765,0.0
2020-10-21,79.19999694824219,79.92879760742187,3,250.31855909285386,31.678361338948974,83968.85500861546,35.3004130618054,LOSS,83968.85500861546,0.0
2020-10-22,79.41999816894531,77.61599700927734,3,236.34284231583757,236.34284231583757,84205.19785093129,34.73814422387227,WIN,84205.19785093129,0.0
2020-10-23,81.95999908447266,77.83159820556641,3,235.61979609718293,235.61979609718293,84440.81764702847,34.62324977365243,WIN,84440.81764702847,0.0
2020-10-26,82.2300033569336,80.3207991027832,3,244.58521706961017,244.58521706961017,84685.40286409808,34.73864281226956,WIN,84685.40286409808,0.0
2020-10-27,78.87999725341797,80.58540328979493,3,242.76927963054317,-268.8525312825438,84416.55033281555,34.527760964591906,LOSS,84685.40286409808,-0.3174721052150953
2020-10-28,76.4000015258789,77.30239730834961,3,241.4710105141335,-29.247724227078123,84387.30260858846,35.24823354770645,LOSS,84685.40286409808,-0.35200901858848943
2020-10-29,78.0199966430664,74.87200149536133,3,241.52203248677665,241.52203248677665,84628.82464107523,35.909922164282406,WIN,84685.40286409808,-0.06680988825623999
2020-10-30,75.29000091552734,76.45959671020508,3,238.33487935421937,-112.54385904910043,84516.28078202614,35.205551353990145,LOSS,84685.40286409808,-0.19970629689670488
2020-11-02,74.69999694824219,73.78420089721679,3,229.3624811265667,229.3624811265667,84745.6432631527,35.149956095447834,WIN,84745.6432631527,0.0
2020-11-03,76.58000183105469,73.20599700927734,3,193.18600872210564,193.18600872210564,84938.8292718748,32.10582853872104,WIN,84938.8292718748,0.0
2020-11-04,81.3499984741211,75.04840179443359,3,206.52592254600353,206.52592254600353,85145.3551944208,32.83808492034177,WIN,85145.3551944208,0.0
2020-11-10,77.98999786376953,81.4576026916504,3,271.7958937165078,-768.4855546477509,84376.86963977305,36.628498507598785,LOSS,85145.3551944208,-0.9025572245168152
2020-11-11,81.27999877929688,76.43019790649414,3,283.68916731610693,283.68916731610693,84660.55880708915,39.059847638170396,WIN,85145.3551944208,-0.5693750248908636
2020-11-12,81.83999633789062,79.65439880371093,3,311.4305175282671,311.4305175282671,84971.98932461742,40.343495091987265,WIN,85145.3551944208,-0.2036116584486844
2020-11-13,81.43000030517578,80.20319641113281,3,312.8810390867573,312.8810390867573,85284.87036370418,40.287312329331655,WIN,85284.87036370418,0.0
2020-11-16,83.7300033569336,79.80140029907227,3,311.47557393564784,311.47557393564784,85596.34593763982,40.30046988261082,WIN,85596.34593763982,0.0
2020-11-19,85.54000091552734,80.8892008972168,3,313.48292509470275,313.48292509470275,85909.82886273453,40.12108828646885,WIN,85909.82886273453,0.0
2020-11-24,85.06999969482422,83.60379760742187,3,328.01312458032896,328.01312458032896,86237.84198731487,40.43198860745295,WIN,86237.84198731487,0.0
2020-11-25,86.70999908447266,83.36859970092773,3,310.7492158654288,310.7492158654288,86548.5912031803,39.161430240908814,WIN,86548.5912031803,0.0
2020-12-03,92.30999755859375,91.86519790649415,3,334.974949030302,334.974949030302,86883.56615221061,38.636132674621464,WIN,86883.56615221061,0.0
2020-12-04,94.04000091552734,90.46379760742187,3,306.45214173162844,306.45214173162844,87190.01829394224,36.95851416988596,WIN,87190.01829394224,0.0
2020-12-07,94.06999969482422,92.15920089721679,3,311.7699651417587,311.7699651417587,87501.788259084,36.9285885259964,WIN,87501.788259084,0.0
2020-12-08,92.91999816894531,92.18859970092774,3,303.0635692148618,303.0635692148618,87804.85182829887,36.30941953299092,WIN,87804.85182829887,0.0
2020-12-09,89.83000183105469,91.0615982055664,3,287.0998910625459,-82.37902129096716,87722.4728070079,35.436798540507695,LOSS,87804.85182829887,-0.0938205800427261
2020-12-10,91.66000366210938,88.03340179443359,3,241.24689812339173,241.24689812339173,87963.7197051313,32.76353345179308,WIN,87963.7197051313,0.0
2020-12-11,91.6500015258789,89.82680358886718,3,231.92728812467615,231.92728812467615,88195.64699325597,31.73635997467174,WIN,88195.64699325597,0.0
2020-12-14,94.77999877929688,89.81700149536132,3,232.4143890048491,232.4143890048491,88428.06138226081,31.77334053961322,WIN,88428.06138226081,0.0
2020-12-21,93.2300033569336,94.00159820556641,3,237.44397983443037,5.965525244585592,88434.0269075054,31.373481363209816,LOSS,88434.0269075054,0.0
2020-12-22,93.16000366210938,91.36540328979493,3,242.866247869301,242.866247869301,88676.8931553747,32.23060363018192,WIN,88676.8931553747,0.0
2020-12-23,91.55000305175781,91.29680358886719,3,242.98121606358043,242.98121606358043,88919.87437143827,32.25171333440377,WIN,88919.87437143827,0.0
2020-12-24,91.80999755859375,89.71900299072266,3,244.2310639405479,244.2310639405479,89164.10543537882,32.64540240534152,WIN,89164.10543537882,0.0
2020-12-28,91.5999984741211,89.97379760742187,3,241.6610148889618,241.6610148889618,89405.76645026778,32.41027567742873,WIN,89405.76645026778,0.0
2020-12-29,90.62000274658203,89.76799850463867,3,241.36958262540122,241.36958262540122,89647.13603289318,32.42914575109647,WIN,89647.13603289318,0.0
2020-12-30,92.29000091552734,88.80760269165039,3,184.44956188009715,184.44956188009715,89831.58559477328,28.46302293584853,WIN,89831.58559477328,0.0
2021-01-05,92.7699966430664,90.45400299072266,3,188.944755642389,188.944755642389,90020.53035041566,28.54010884158115,WIN,90020.53035041566,0.0
2021-01-06,90.33000183105469,90.91459671020507,3,184.1348485376244,8.756384792508243,90029.28673520817,28.128571589948173,LOSS,90029.28673520817,0.0
2021-01-07,95.16000366210938,88.5234017944336,3,189.7966385381405,189.7966385381405,90219.08337374631,28.897782992054054,WIN,90219.08337374631,0.0
2021-01-13,91.77999877929688,93.45280059814453,3,237.73542884017007,-264.1051168141278,89954.97825693218,31.489849478673985,LOSS,90219.08337374631,-0.29273753061758767
2021-01-14,90.79000091552734,89.94439880371094,3,232.95650892192558,232.95650892192558,90187.93476585411,31.78865213278488,WIN,90219.08337374631,-0.03452552024183698
2021-01-15,88.20999908447266,88.97420089721679,3,221.38514006034546,-7.875403762894507,90180.05936209121,31.12870411549645,LOSS,90219.08337374631,-0.0432547197286815
2021-01-19,89.44999694824219,86.4457991027832,3,223.22586030440098,223.22586030440098,90403.28522239561,31.738468390593475,WIN,90403.28522239561,0.0
2021-01-20,88.75,87.66099700927734,3,230.52676801373133,230.52676801373133,90633.81199040935,32.04629735931472,WIN,90633.81199040935,0.0
2021-01-21,91.52999877929688,86.975,3,228.5058265440898,228.5058265440898,90862.31781695344,32.03012930042038,WIN,90862.31781695344,0.0
2021-01-25,94.12999725341797,90.9342008972168,3,247.6457080514765,247.6457080514765,91109.96352500492,32.65300545026374,WIN,91109.96352500492,0.0
2021-01-28,87.5199966430664,87.06319641113281,3,280.41571125719037,280.41571125719037,91390.3792362621,35.87770897918737,WIN,91390.3792362621,0.0
2021-01-29,85.63999938964844,85.76959671020508,3,277.25059977723373,238.37140361024137,91628.75063987235,35.95338682557448,LOSS,91628.75063987235,0.0
2021-02-01,87.66000366210938,83.92719940185546,3,270.5764828842182,270.5764828842182,91899.32712275657,35.89788911245299,WIN,91899.32712275657,0.0
2021-02-02,88.86000061035156,85.90680358886719,3,283.9715429129767,283.9715429129767,92183.29866566954,36.42704912673293,WIN,92183.29866566954,0.0
2021-02-03,87.88999938964844,87.08280059814453,3,289.63155114744586,289.63155114744586,92472.93021681698,36.5589987314483,WIN,92472.93021681698,0.0
2021-02-04,87.83999633789062,86.13219940185547,3,286.78602250160276,286.78602250160276,92759.71623931859,36.58278815274349,WIN,92759.71623931859,0.0
2021-02-10,92.3499984741211,89.09180358886718,3,265.7097372342246,265.7097372342246,93025.42597655281,34.33235775303031,WIN,93025.42597655281,0.0
2021-02-17,89.94000244140625,89.6307991027832,3,247.70553403740897,247.70553403740897,93273.13151059022,32.914040236107226,WIN,93273.13151059022,0.0
2021-02-18,88.63999938964844,88.14120239257812,3,245.56492045453052,245.56492045453052,93518.69643104475,33.05936437091249,WIN,93518.69643104475,0.0
2021-02-19,89.58000183105469,86.86719940185547,3,243.88324782147868,243.88324782147868,93762.57967886623,33.19873722679994,WIN,93762.57967886623,0.0
2021-02-22,85.37000274658203,87.7884017944336,3,235.33229370571192,-490.18742064975777,93272.39225821647,32.37638735992628,LOSS,93762.57967886623,-0.5227964315067221
2021-02-23,84.73999786376953,83.66260269165039,3,244.67156522938217,244.67156522938217,93517.06382344585,33.956896265057836,WIN,93762.57967886623,-0.2618484434422182
2021-02-24,86.94000244140625,83.04519790649414,3,238.94203337624978,238.94203337624978,93756.0058568221,33.650614055064196,WIN,93762.57967886623,-0.007011136070106306
2021-02-25,82.41999816894531,85.20120239257812,3,254.47233664823085,-579.888930441613,93176.11692638049,34.36020529705188,LOSS,93762.57967886623,-0.62547634087538
2021-02-26,84.51000213623047,80.7715982055664,3,229.61057814746846,229.61057814746846,93405.72750452795,33.42673203300488,WIN,93762.57967886623,-0.38059125032660207
2021-03-01,86.38999938964844,82.81980209350586,3,242.47471142962854,242.47471142962854,93648.20221595759,33.97786562088835,WIN,93762.57967886623,-0.12198625859098505
2021-03-03,80.86000061035156,82.44739730834961,3,242.95603492522042,-233.26297447419313,93414.9392414834,34.10142841197885,LOSS,93762.57967886623,-0.37076671586200327
2021-03-04,77.75,79.24280059814453,3,243.87842478189438,-203.96175466146363,93210.97748682194,34.949346315750006,LOSS,93762.57967886623,-0.5882967319516024
2021-03-05,78.5199966430664,76.195,3,244.8178540166985,244.8178540166985,93455.79534083864,35.827239814684866,WIN,93762.57967886623,-0.32719272344928485
2021-03-08,73.95999908447266,76.94959671020507,3,249.25030491962258,-647.628982800102,92808.16635803854,35.99638147025355,LOSS,93762.57967886623,-1.0179042898526525
2021-03-09,78.52999877929688,72.48079910278321,3,256.55946247249267,256.55946247249267,93064.72582051103,37.944582970699756,WIN,93762.57967886623,-0.7442775793342361
2021-03-10,77.5199966430664,76.95939880371094,3,293.0208128858343,293.0208128858343,93357.74663339686,39.68038367225508,WIN,93762.57967886623,-0.43176397967707814
2021-03-11,81.2300033569336,75.96959671020508,3,289.4841643474881,289.4841643474881,93647.23079774436,39.70017868039048,WIN,93762.57967886623,-0.12302229899917058
2021-03-17,82.62999725341797,81.095,3,327.98949194724014,327.98949194724014,93975.2202896916,41.21687698896736,WIN,93975.2202896916,0.0
2021-03-18,78.12000274658203,80.97739730834961,3,326.3272488541995,-530.8911196760737,93444.32917001552,41.12189202439994,LOSS,93975.2202896916,-0.5649267094448189
2021-03-19,79.05999755859375,76.55760269165039,3,325.9507145131464,325.9507145131464,93770.27988452867,42.59807027475204,WIN,93975.2202896916,-0.21807919633619088
2021-03-22,80.30000305175781,77.47879760742187,3,330.2212730743039,330.2212730743039,94100.50115760298,42.62722594097744,WIN,94100.50115760298,0.0
2021-03-23,78.37999725341797,78.69400299072265,3,324.6570407183804,230.45531952697553,94330.95647712995,41.742271434702076,LOSS,94330.95647712995,0.0
2021-03-24,76.4800033569336,76.8123973083496,3,319.9682942173534,220.25010879255075,94551.2065859225,42.0016765625667,LOSS,94551.2065859225,0.0
2021-03-25,76.22000122070312,74.95040328979492,3,308.29798741502447,308.29798741502447,94859.50457333752,41.66317235222529,WIN,94859.50457333752,0.0
2021-03-26,77.41000366210938,74.69560119628906,3,290.75095537231846,290.75095537231846,95150.25552870984,40.2313929759111,WIN,95150.25552870984,0.0
2021-03-29,77.13999938964844,75.86180358886719,3,291.6482150333535,291.6482150333535,95441.90374374318,39.920185079123016,WIN,95441.90374374318,0.0
2021-03-30,76.0,75.59719940185546,3,285.01359836839265,285.01359836839265,95726.91734211157,39.43852435574436,WIN,95726.91734211157,0.0
2021-03-31,78.5,74.48,3,278.0271140192774,278.0271140192774,96004.94445613085,39.19705925750025,WIN,96004.94445613085,0.0
2021-04-13,80.19000244140625,77.0084017944336,3,220.4614727243188,220.4614727243188,96225.40592885517,33.55708249261847,WIN,96225.40592885517,0.0
2021-04-14,78.55000305175781,78.58620239257813,3,226.12426017533124,215.26445792923596,96440.6703867844,33.65159432622352,LOSS,96440.6703867844,0.0
2021-04-15,83.01000213623047,76.97900299072265,3,224.92878016014203,224.92878016014203,96665.59916694455,33.94034347181153,WIN,96665.59916694455,0.0
2021-04-19,81.11000061035156,80.50700149536132,3,238.49870460375908,238.49870460375908,96904.0978715483,34.20292905271042,WIN,96904.0978715483,0.0
2021-04-20,79.2699966430664,79.48780059814453,3,236.77853346095623,171.43734693751873,97075.53521848582,34.30887407909614,LOSS,97075.53521848582,0.0
2021-04-21,81.61000061035156,77.68459671020507,3,234.62399573636566,234.62399573636566,97310.15921422219,34.57729187001924,WIN,97310.15921422219,0.0
2021-04-22,79.05999755859375,79.97780059814453,3,243.58067235580376,-31.760239509429084,97278.39897471276,34.74187839773213,LOSS,97310.15921422219,-0.032638153884334845
2021-04-23,82.76000213623047,77.47879760742187,3,240.13547376751382,240.13547376751382,97518.53444848028,35.090398563529156,WIN,97518.53444848028,0.0
2021-04-28,84.0199966430664,83.5057991027832,3,283.74482912712193,283.74482912712193,97802.2792776074,37.025532852272974,WIN,97802.2792776074,0.0
2021-04-29,83.91000366210938,82.33959671020507,3,279.47514303253035,279.47514303253035,98081.75442063993,37.00136145058096,WIN,98081.75442063993,0.0
2021-04-30,81.62000274658203,82.23180358886718,3,271.64881607559437,88.10856339004971,98169.86298402998,36.413275530748564,LOSS,98169.86298402998,0.0
2021-05-03,78.55000305175781,79.9876026916504,3,263.4546190465408,-167.82527292123382,98002.03771110874,36.35001777421519,LOSS,98169.86298402998,-0.17095396470965976
2021-05-04,78.61000061035156,76.97900299072265,3,265.8404020705946,265.8404020705946,98267.87811317934,37.38534579841986,WIN,98267.87811317934,0.0
2021-05-05,77.83000183105469,77.03780059814453,3,266.0643307088908,266.0643307088908,98533.94244388823,37.387102351322014,WIN,98533.94244388823,0.0
2021-05-06,77.88999938964844,76.2734017944336,3,262.8946352462768,262.8946352462768,98796.83707913451,37.342085619647044,WIN,98796.83707913451,0.0
2021-05-07,78.80999755859375,76.33219940185546,3,260.76170725520365,260.76170725520365,99057.59878638972,37.14374869213265,WIN,99057.59878638972,0.0
2021-05-10,75.98999786376953,77.23379760742188,3,265.49090236308035,-107.64902073262346,98949.94976565709,37.28216358212049,LOSS,99057.59878638972,-0.10867315789146563
2021-05-11,76.83000183105469,74.47019790649414,3,245.33627195491107,245.33627195491107,99195.286037612,36.35474343413167,WIN,99195.286037612,0.0
2021-05-12,74.63999938964844,75.29340179443359,3,245.07975957001662,49.059038134470256,99244.34507574646,36.09918260263774,LOSS,99244.34507574646,0.0
2021-05-13,73.08999633789062,73.14719940185547,3,241.2817094757409,224.12079028628625,99468.46586603274,36.381678871968234,LOSS,99468.46586603274,0.0
2021-05-14,74.58999633789062,71.6281964111328,3,204.72775130714902,204.72775130714902,99673.19361733989,33.52711532259967,WIN,99673.19361733989,0.0
2021-05-17,74.6500015258789,73.09819641113282,3,215.31063556764965,215.31063556764965,99888.50425290753,34.09298915094199,WIN,99888.50425290753,0.0
2021-05-18,74.44000244140625,73.15700149536133,3,215.02866569278802,215.02866569278802,100103.53291860032,34.052657821310916,WIN,100103.53291860032,0.0
2021-05-19,76.2300033569336,72.95120239257812,3,210.74207236015752,210.74207236015752,100314.27499096048,33.725520417675796,WIN,100314.27499096048,0.0
2021-05-24,77.44000244140625,75.62659820556641,3,187.26315309890083,187.26315309890083,100501.53814405938,31.050659083237004,WIN,100501.53814405938,0.0
2021-06-02,81.97000122070312,79.19379760742187,3,159.86234542440684,159.86234542440684,100661.40048948379,28.084891188426518,WIN,100661.40048948379,0.0
2021-06-04,81.58000183105469,78.67439880371093,3,166.65836488625,166.65836488625,100828.05885437003,28.731209333033412,WIN,100828.05885437003,0.0
2021-06-09,79.95999908447266,79.27219940185547,3,147.97419824659198,147.97419824659198,100976.03305261662,27.09985572903692,WIN,100976.03305261662,0.0
2021-06-10,81.55999755859375,78.3607991027832,3,148.42182338669352,148.42182338669352,101124.45487600332,27.277615004756704,WIN,101124.45487600332,0.0
2021-06-16,80.11000061035156,78.86060119628907,3,126.65095047218534,126.65095047218534,101251.10582647551,25.410305491990925,WIN,101251.10582647551,0.0
2021-06-17,84.55999755859375,78.50780059814453,3,126.56031849642083,126.56031849642083,101377.66614497194,25.449604482570358,WIN,101377.66614497194,0.0
2021-06-22,83.58000183105469,80.93819641113281,3,171.95449535393243,171.95449535393243,101549.62064032587,28.77130559689211,WIN,101549.62064032587,0.0
2021-06-23,83.81999969482422,81.90840179443359,3,175.04316118428795,175.04316118428795,101724.66380151016,28.85261614771061,WIN,101724.66380151016,0.0
2021-06-24,86.0999984741211,82.14359970092774,3,175.52671383740548,175.52671383740548,101900.19051534757,28.851110562902175,WIN,101900.19051534757,0.0
2021-07-08,89.73999786376953,88.7292008972168,3,251.1918194969091,251.1918194969091,102151.38233484447,33.350758754208044,WIN,102151.38233484447,0.0
2021-07-09,90.9000015258789,87.94519790649414,3,247.91742688129028,247.91742688129028,102399.29976172576,33.273007377453624,WIN,102399.29976172576,0.0
2021-07-12,90.80999755859375,89.08200149536133,3,249.24080051233062,249.24080051233062,102648.5405622381,33.13611561212542,WIN,102648.5405622381,0.0
2021-07-13,90.26000213623047,88.99379760742187,3,248.58945985290512,248.58945985290512,102897.130022091,33.10664868970753,WIN,102897.130022091,0.0
2021-07-14,89.05000305175781,88.45480209350586,3,248.67973305893673,248.67973305893673,103145.80975514994,33.22359611688327,WIN,103145.80975514994,0.0
2021-07-15,86.93000030517578,87.26900299072265,3,245.4201504180495,143.7193447539875,103289.52909990393,33.2291033823105,LOSS,103289.52909990393,0.0
2021-07-16,85.88999938964844,85.19140029907227,3,248.19605316312897,248.19605316312897,103537.72515306706,33.88487952237783,WIN,103537.72515306706,0.0
2021-07-19,86.58000183105469,84.17219940185547,3,213.77907186307368,213.77907186307368,103751.50422493013,31.463100002305566,WIN,103751.50422493013,0.0
2021-07-20,87.11000061035156,84.8484017944336,3,216.11854490513946,216.11854490513946,103967.62276983527,31.5106234533207,WIN,103967.62276983527,0.0
2021-07-21,89.41000366210938,85.36780059814453,3,208.22314438213306,208.22314438213306,104175.84591421741,30.810660469033273,WIN,104175.84591421741,0.0
2021-07-28,97.93000030517578,89.20939880371094,3,219.4410539071543,219.4410539071543,104395.28696812456,30.94492101125604,WIN,104395.28696812456,0.0
2021-07-30,106.19000244140625,100.89099700927734,3,316.4279470100644,316.4279470100644,104711.71491513462,35.330006810982454,WIN,104711.71491513462,0.0
2021-08-05,112.3499984741211,116.39459671020508,3,371.4727126527779,-841.9067581724177,103869.8081569622,35.68755671264857,LOSS,104711.71491513462,-0.8040234646665472
2021-08-06,110.11000061035156,110.10299850463866,3,402.23915712014167,402.23915712014167,104272.04731408235,38.68101450302347,WIN,104711.71491513462,-0.4198838701176987
2021-08-09,107.58000183105469,107.90780059814453,3,405.100104403312,306.76047427635837,104578.80778835871,39.33462279530458,LOSS,104711.71491513462,-0.12692670240730033
2021-08-10,106.4800033569336,105.4284017944336,3,406.13644228382486,406.13644228382486,104984.94423064253,39.970626658173096,WIN,104984.94423064253,0.0
2021-08-11,107.68000030517578,104.35040328979493,3,403.49655370294124,403.49655370294124,105388.44078434547,40.064601387901945,WIN,105388.44078434547,0.0
2021-08-12,106.5,105.52640029907226,3,402.45227734691923,402.45227734691923,105790.89306169239,39.72113292658398,WIN,105790.89306169239,0.0
2021-08-13,110.55000305175781,104.37,3,390.27944901653166,390.27944901653166,106181.17251070892,39.23902262716091,WIN,106181.17251070892,0.0
2021-08-17,107.55999755859375,105.33040328979492,3,412.3073082668544,412.3073082668544,106593.47981897577,40.37361758786571,WIN,106593.47981897577,0.0
2021-08-18,103.44000244140625,105.40879760742187,3,413.5025965034679,-177.1359533012194,106416.34386567456,40.428250782352606,LOSS,106593.47981897577,-0.16617897605185497
2021-08-19,103.69999694824219,101.37120239257813,3,417.5085787497428,417.5085787497428,106833.8524444243,41.69721199575478,WIN,106833.8524444243,0.0
2021-08-20,104.6500015258789,101.62599700927734,3,417.2120801364059,417.2120801364059,107251.0645245607,41.61136548933119,WIN,107251.0645245607,0.0
2021-08-23,108.7699966430664,102.55700149536132,3,420.97107233761903,420.97107233761903,107672.03559689832,41.60737578398635,WIN,107672.03559689832,0.0
2021-08-27,111.4000015258789,105.12459671020508,3,367.765161973985,367.765161973985,108039.80075887231,37.67677798793529,WIN,108039.80075887231,0.0
2021-08-31,110.72000122070312,109.09359970092773,3,382.04374040715044,382.04374040715044,108421.84449927947,37.70016012031203,WIN,108421.84449927947,0.0
2021-09-01,109.98999786376953,108.50560119628906,3,364.60875402455974,364.60875402455974,108786.45325330403,36.781613040791015,WIN,108786.45325330403,0.0
2021-09-02,109.19999694824219,107.79019790649414,3,318.4409836836367,318.4409836836367,109104.89423698767,34.14982422131682,WIN,109104.89423698767,0.0
2021-09-03,109.91999816894531,107.01599700927734,3,275.73990506935854,275.73990506935854,109380.63414205704,31.70190558008584,WIN,109380.63414205704,0.0
2021-09-07,109.1500015258789,107.72159820556641,3,272.1452321542933,272.1452321542933,109652.77937421133,31.376196705933484,WIN,109652.77937421133,0.0
2021-09-08,106.16999816894531,106.96700149536133,3,261.8337138011162,22.732715876310806,109675.51209008764,30.866854830184476,LOSS,109675.51209008764,0.0
2021-09-09,106.1500015258789,104.04659820556641,3,265.4829252809606,265.4829252809606,109940.9950153686,31.53955471746482,WIN,109940.9950153686,0.0
2021-09-10,105.19999694824219,104.02700149536133,3,263.29810468320596,263.29810468320596,110204.29312005179,31.40653075018046,WIN,110204.29312005179,0.0
2021-09-13,104.80000305175781,103.09599700927734,3,260.3281539059491,260.3281539059491,110464.62127395775,31.367955667397904,WIN,110464.62127395775,0.0
2021-09-14,105.7300033569336,102.70400299072266,3,233.07314471691262,233.07314471691262,110697.69441867466,29.710247143413024,WIN,110697.69441867466,0.0
2021-09-15,105.5999984741211,103.61540328979493,3,224.52451225757176,224.52451225757176,110922.21893093223,29.04606081081365,WIN,110922.21893093223,0.0
2021-09-20,101.55000305175781,101.80239730834961,3,202.32874119950645,126.61046422196671,111048.8293951542,27.8829309407069,LOSS,111048.8293951542,0.0
2021-09-21,102.81999969482422,99.51900299072265,3,205.20999734093607,205.20999734093607,111254.03939249513,28.366189148010683,WIN,111254.03939249513,0.0
2021-09-22,104.37999725341797,100.76359970092773,3,176.42838556815303,176.42838556815303,111430.46777806329,26.349582615527062,WIN,111430.46777806329,0.0
2021-09-23,106.1500015258789,102.2923973083496,3,184.3283218005882,184.3283218005882,111614.79609986387,26.68056409041227,WIN,111614.79609986387,0.0
2021-09-29,100.3499984741211,99.48959671020508,3,229.09916783215132,229.09916783215132,111843.89526769602,29.92660174593098,WIN,111843.89526769602,0.0
2021-09-30,102.9000015258789,98.34299850463867,3,227.25934654188052,227.25934654188052,112071.1546142379,29.97936530163282,WIN,112071.1546142379,0.0
2021-10-01,102.44999694824219,100.84200149536133,3,247.3009395817777,247.3009395817777,112318.45555381967,30.89642311524749,WIN,112318.45555381967,0.0
2021-10-04,100.33999633789062,100.40099700927735,3,245.97279694475588,227.67259552873924,112546.12814934841,30.880499497027515,LOSS,112546.12814934841,0.0
2021-10-05,101.80999755859375,98.33319641113282,3,243.7575672345714,243.7575672345714,112789.88571658298,31.06841555288271,WIN,112789.88571658298,0.0
2021-10-06,103.63999938964844,99.77379760742187,3,252.52370082597795,252.52370082597795,113042.40941740896,31.405925954145605,WIN,113042.40941740896,0.0
2021-10-11,104.68000030517578,102.95879760742187,3,270.2965647245886,270.2965647245886,113312.70598213354,32.01735929742171,WIN,113312.70598213354,0.0
2021-10-12,105.04000091552734,102.58640029907227,3,269.29680648344066,269.29680648344066,113582.00278861698,32.015962379201525,WIN,113582.00278861698,0.0
2021-10-13,109.16000366210938,102.9392008972168,3,269.19032642049433,269.19032642049433,113851.19311503747,31.950938995747062,WIN,113851.19311503747,0.0
2021-10-27,122.27999877929688,120.47140029907226,3,253.3556861816586,253.3556861816586,114104.54880121913,28.632069820562947,WIN,114104.54880121913,0.0
2021-10-28,121.16000366210938,119.83439880371094,3,246.82594050601753,246.82594050601753,114351.37474172516,28.351326100297445,WIN,114351.37474172516,0.0
2021-10-29,120.2300033569336,118.73680358886719,3,246.2487429375368,246.2487429375368,114597.62348466269,28.4432344582114,WIN,114597.62348466269,0.0
2021-11-01,125.2300033569336,117.82540328979492,3,246.4635995555067,246.4635995555067,114844.08708421819,28.55904045261084,WIN,114844.08708421819,0.0
2021-11-02,127.62999725341797,122.72540328979493,3,258.9220410305885,258.9220410305885,115103.00912524878,28.67570292974584,WIN,115103.00912524878,0.0
2021-11-08,150.16000366210938,133.6131964111328,3,314.3995991553485,314.3995991553485,115417.40872440413,30.25273533090654,WIN,115417.40872440413,0.0
2021-11-09,148.9199981689453,147.15680358886718,3,488.0240455081414,488.0240455081414,115905.43276991227,36.49690707819326,WIN,115905.43276991227,0.0
2021-11-10,139.8699951171875,145.9415982055664,3,492.3124276607821,-1329.1684988528903,114576.26427105938,36.86637568748854,LOSS,115905.43276991227,-1.146769799385904
2021-11-11,146.00999450683594,137.07259521484374,3,539.9782450957816,539.9782450957816,115116.24251615517,40.535286333419016,WIN,115905.43276991227,-0.6808915120689367
2021-11-12,147.88999938964844,143.0897946166992,3,574.6564470630319,574.6564470630319,115690.89896321819,41.03243109083114,WIN,115905.43276991227,-0.18509383172741617
2021-11-15,146.49000549316406,144.93219940185546,3,579.6733671012523,579.6733671012523,116270.57233031944,40.92588371977357,WIN,116270.57233031944,0.0
2021-11-16,152.4499969482422,143.56020538330077,3,572.4901569746886,572.4901569746886,116843.06248729413,40.84931610672301,WIN,116843.06248729413,0.0
2021-11-18,155.02000427246094,148.31319641113282,3,603.6107422824231,603.6107422824231,117446.67322957655,41.38106170560533,WIN,117446.67322957655,0.0
2021-11-19,155.41000366210938,151.9196041870117,3,617.9800607937973,617.9800607937973,118064.65329037035,41.3679123821864,WIN,118064.65329037035,0.0
2021-11-22,152.52000427246094,152.3018035888672,3,620.0200607258024,620.0200607258024,118684.67335109615,41.388566532020334,WIN,118684.67335109615,0.0
2021-11-23,149.9199981689453,149.46960418701173,3,621.3896737557031,621.3896737557031,119306.06302485186,41.94798219852264,WIN,119306.06302485186,0.0
2021-11-24,157.8000030517578,146.9215982055664,3,621.159722157895,621.159722157895,119927.22274700976,42.40518558817911,WIN,119927.22274700976,0.0
2021-11-26,154.80999755859375,154.64400299072264,3,673.0024976868302,673.0024976868302,120600.22524469659,43.20971492663162,WIN,120600.22524469659,0.0
2021-11-29,161.91000366210938,151.71379760742187,3,667.5427034837185,667.5427034837185,121267.7679481803,43.52128432895914,WIN,121267.7679481803,0.0
2021-12-01,149.11000061035156,155.20259521484374,3,697.2786348949381,-1130.499746452715,120137.2682017276,44.122086243128194,LOSS,121267.7679481803,-0.9322343154990635
2021-12-02,150.67999267578125,146.12780059814452,3,714.0594340576781,714.0594340576781,120851.32763578527,46.6749995993392,WIN,121267.7679481803,-0.3434056051670582
2021-12-03,144.00999450683594,147.66639282226564,3,719.1378742182414,-377.781620410668,120473.54601537461,46.56789331751356,LOSS,121267.7679481803,-0.6549324245376399
2021-12-06,139.05999755859375,141.12979461669923,3,689.3917466503359,68.45262921869221,120541.9986445933,46.66375923739538,LOSS,121267.7679481803,-0.5984849196673071
2021-12-07,144.85000610351562,136.27879760742186,3,679.1587745741516,679.1587745741516,121221.15741916746,47.30413580104972,WIN,121267.7679481803,-0.03843604100371052
2021-12-08,145.24000549316406,141.9530059814453,3,604.2857611075733,604.2857611075733,121825.44318027503,42.593886388335164,WIN,121825.44318027503,0.0
2021-12-09,138.10000610351562,142.33520538330077,3,605.3827678510954,-665.1770160844494,121160.26616419059,42.56974991668759,LOSS,121825.44318027503,-0.5460082875299945
2021-12-10,138.5500030517578,135.33800598144532,3,559.4825817772562,559.4825817772562,121719.74874596784,41.7967362207324,WIN,121825.44318027503,-0.08675891632160189
2021-12-13,133.8000030517578,135.77900299072266,3,534.6674542654853,-59.03252742396887,121660.71621854386,40.5250286349331,LOSS,121825.44318027503,-0.13521556534574528
2021-12-14,135.60000610351562,131.12400299072266,3,525.4250765374335,525.4250765374335,122186.1412950813,40.97429098296392,WIN,122186.1412950813,0.0
2021-12-15,146.5,132.8880059814453,3,536.0238634514966,536.0238634514966,122722.16515853279,41.14649291398402,WIN,122722.16515853279,0.0
2021-12-17,137.75,135.86719940185546,3,640.9699555920398,640.9699555920398,123363.13511412483,45.58004738579204,WIN,123363.13511412483,0.0
2021-12-20,135.8000030517578,134.995,3,627.4935620813305,627.4935620813305,123990.62867620616,45.13052476517731,WIN,123990.62867620616,0.0
2021-12-21,144.25,133.08400299072267,3,618.6838060691903,618.6838060691903,124609.31248227536,45.13408420944809,WIN,124609.31248227536,0.0
2021-12-22,143.8800048828125,141.365,3,705.5112317549524,705.5112317549524,125314.82371403031,47.350212589020096,WIN,125314.82371403031,0.0
2021-12-23,146.13999938964844,141.00240478515624,3,701.0599377330858,701.0599377330858,126015.88365176339,47.228770267677135,WIN,126015.88365176339,0.0
2021-12-29,148.25999450683594,150.0869940185547,3,724.4198541746791,176.3200006590531,126192.20365242244,46.28688957440229,LOSS,126192.20365242244,0.0
2021-12-30,145.14999389648438,145.29479461669922,3,707.1469057690156,663.7066897045618,126855.910342127,46.54820791807356,LOSS,126855.910342127,0.0
2021-12-31,143.89999389648438,142.2469940185547,3,658.5309703503017,658.5309703503017,127514.4413124773,45.008771123743514,WIN,127514.4413124773,0.0
2022-01-03,150.24000549316406,141.0219940185547,3,651.8875483400756,651.8875483400756,128166.32886081738,44.96407937529408,WIN,128166.32886081738,0.0
2022-01-04,144.4199981689453,147.23520538330078,3,679.096401703431,-165.46576260320933,128000.86309821416,44.89749949170245,LOSS,128166.32886081738,-0.12910236571018677
2022-01-05,136.14999389648438,141.5315982055664,3,656.9235912579943,-957.5577014666164,127043.30539674754,45.08683829934144,LOSS,128166.32886081738,-0.8762234777664449
2022-01-06,136.22999572753906,133.4269940185547,3,636.7994434499753,636.7994434499753,127680.10484019751,45.936706535476354,WIN,128166.32886081738,-0.37936954654281985
2022-01-07,132.0,133.50539581298827,3,636.9844386609445,185.3656947644639,127865.47053496198,45.92752085754948,LOSS,128166.32886081738,-0.23474053484212462
2022-01-10,132.0,129.35999999999999,3,602.272632982754,602.272632982754,128467.74316794473,45.179235006296295,WIN,128467.74316794473,0.0
2022-01-11,137.30999755859375,129.35999999999999,3,602.0376029229478,602.0376029229478,129069.78077086768,45.167457902340395,WIN,129069.78077086768,0.0
2022-01-12,137.47000122070312,134.56379760742186,3,631.0830402411548,631.0830402411548,129700.86381110884,45.3999856309837,WIN,129700.86381110884,0.0
2022-01-13,132.74000549316406,134.72060119628907,3,630.2477013486734,36.06899041117208,129736.93280152002,45.32441018643806,LOSS,129736.93280152002,0.0
2022-01-14,136.8800048828125,130.08520538330077,3,543.3899067684624,543.3899067684624,130280.32270828848,42.07688900777474,WIN,130280.32270828848,0.0
2022-01-18,131.92999267578125,134.14240478515626,3,540.6790757860663,-123.04455702643645,130157.27815126204,41.12694189430509,LOSS,130280.32270828848,-0.09444600264151308
2022-01-19,128.27000427246094,129.29139282226564,3,536.2807898879299,229.8642249465206,130387.14237620856,41.88671419909071,LOSS,130387.14237620856,0.0
2022-01-20,121.88999938964844,125.70460418701171,3,527.5389076778989,-616.8425315310832,129770.29984467747,42.20310107852008,LOSS,130387.14237620856,-0.4730853980611838
2022-01-21,118.80999755859375,119.45219940185547,3,471.931660435401,279.27110745688606,130049.57095213435,40.60943915789146,LOSS,130387.14237620856,-0.25889931930573923
2022-01-24,116.52999877929688,116.43379760742187,3,462.8790323050159,462.8790323050159,130512.44998443937,40.76935509954319,WIN,130512.44998443937,0.0
2022-01-25,111.12999725341797,114.19939880371093,3,447.49563669463464,-473.3248283932551,130039.12515604612,40.40037286284732,LOSS,130512.44998443937,-0.3626664187590388
2022-01-26,110.70999908447266,108.9073973083496,3,383.4023171504588,383.4023171504588,130422.52747319658,37.81983281599581,WIN,130512.44998443937,-0.06889956571462488
2022-01-27,102.5999984741211,108.4957991027832,3,382.93844560364556,-1385.801742994985,129036.7257302016,37.878689885541235,LOSS,130512.44998443937,-1.1307153106188148
2022-01-28,105.23999786376953,100.54799850463867,3,386.769325061887,386.769325061887,129423.49505526348,39.93410000196445,WIN,130512.44998443937,-0.8343686210056753
2022-01-31,114.25,103.13519790649414,3,415.04956274217494,415.04956274217494,129838.54461800566,41.08604017180283,WIN,130512.44998443937,-0.5163533184106647
2022-02-01,116.77999877929688,111.965,3,546.9713030003669,546.9713030003669,130385.51592100602,46.66630288901374,WIN,130512.44998443937,-0.09725820291357902
2022-02-03,120.08000183105469,120.30480209350586,3,596.3722077727178,528.9321290373673,130914.44805004339,47.13287152044364,LOSS,130914.44805004339,0.0
2022-02-04,123.5999984741211,117.6784017944336,3,560.9402758542891,560.9402758542891,131475.3883258977,45.89832710775748,WIN,131475.3883258977,0.0
2022-02-07,123.66999816894531,121.12799850463867,3,588.6661304506956,588.6661304506956,132064.05445634839,46.502107719389315,WIN,132064.05445634839,0.0
2022-02-08,128.22999572753906,121.1965982055664,3,581.5330713234963,581.5330713234963,132645.5875276719,46.10277166374036,WIN,132645.5875276719,0.0
2022-02-11,113.18000030517578,123.25459671020508,3,628.2138107372282,-2394.1651107715606,130251.42241690033,48.03843439910226,LOSS,132645.5875276719,-1.8049338507186299
2022-02-14,114.2699966430664,110.91640029907227,3,631.4091534669853,631.4091534669853,130882.83157036731,51.900326716271096,WIN,132645.5875276719,-1.328921670264256
2022-02-15,121.47000122070312,111.98459671020508,3,628.1002555863565,628.1002555863565,131510.93182595368,51.35681113845645,WIN,132645.5875276719,-0.8554040302935063
2022-02-16,117.69000244140625,119.04060119628906,3,698.4006527101182,293.2210262452751,131804.15285219895,53.02985148569394,LOSS,132645.5875276719,-0.6343480330978956
2022-02-17,112.37000274658203,115.33620239257812,3,678.0449627027176,-211.81493109610778,131592.33792110285,53.107279968929305,LOSS,132645.5875276719,-0.7940329009054385
2022-02-18,113.83000183105469,110.12260269165039,3,644.4117448053863,644.4117448053863,132236.74966590822,52.93168054221061,WIN,132645.5875276719,-0.3082182147056892
2022-02-22,115.6500015258789,111.5534017944336,3,650.4022006868167,650.4022006868167,132887.15186659503,52.793254140073664,WIN,132887.15186659503,0.0
2022-02-23,109.76000213623047,113.33700149536132,3,660.0291389912018,-413.0706687480538,132474.08119784697,52.74909072171613,LOSS,132887.15186659503,-0.3108431951064286
2022-02-24,116.61000061035156,107.56480209350586,3,629.6987810266129,629.6987810266129,133103.7799788736,52.94702858626768,WIN,133103.7799788736,0.0
2022-02-25,121.05999755859375,114.27780059814452,3,696.1601077058357,696.1601077058357,133799.94008657942,54.48774779249245,WIN,133799.94008657942,0.0
2022-03-02,118.27999877929688,111.5534017944336,3,639.891347627098,639.891347627098,134439.8314342065,52.18249461236075,WIN,134439.8314342065,0.0
2022-03-03,111.9800033569336,115.91439880371094,3,672.7838271677681,-507.53480686543526,133932.29662734107,52.62298594780973,LOSS,134439.8314342065,-0.377518181517376
2022-03-04,108.41000366210938,109.74040328979493,3,637.1709895974749,238.05110129180946,134170.34772863289,52.636094181172844,LOSS,134439.8314342065,-0.20044930337889522
2022-03-07,102.94999694824219,106.24180358886719,3,620.2016490403739,-367.3403431471254,133803.00738548575,52.84012707875464,LOSS,134439.8314342065,-0.4736870330222194
2022-03-08,105.52999877929688,100.89099700927734,3,593.8717271420353,593.8717271420353,134396.8791126278,53.15534111866384,WIN,134439.8314342065,-0.031949104012183954
2022-03-09,111.05000305175781,103.41939880371093,3,615.5714908585336,615.5714908585336,135012.45060348633,53.58260915929391,WIN,135012.45060348633,0.0
2022-03-10,106.45999908447266,108.82900299072266,3,659.0225962769368,-51.67857559806339,134960.77202788828,54.25281067548102,LOSS,135012.45060348633,-0.038276896217390964
2022-03-11,104.29000091552734,104.3307991027832,3,626.2163073846184,613.9768512078606,135574.74887909615,53.90692820122636,LOSS,135574.74887909615,0.0
2022-03-14,102.25,102.2042008972168,3,601.0299237492954,601.0299237492954,136175.77880284545,53.119083679862015,WIN,136175.77880284545,0.0
2022-03-15,109.33000183105469,100.205,3,527.9977901094438,527.9977901094438,136703.7765929549,49.155277394163015,WIN,136703.7765929549,0.0
2022-03-16,115.37000274658203,107.14340179443359,3,603.5119543130197,603.5119543130197,137307.28854726793,51.51199390891434,WIN,137307.28854726793,0.0
2022-03-18,113.45999908447266,109.45620239257812,3,609.6528620796039,609.6528620796039,137916.94140934755,51.10416832042741,WIN,137916.94140934755,0.0
2022-03-23,113.91999816894531,112.48439880371093,3,613.6114072973064,613.6114072973064,138530.55281664486,50.36032415505358,WIN,138530.55281664486,0.0
2022-03-24,120.52999877929688,111.64159820556641,3,586.9632277876194,586.9632277876194,139117.51604443247,49.08002884539055,WIN,139117.51604443247,0.0
2022-03-31,109.33999633789062,116.83560119628906,3,540.2380696426849,-1708.4433878768464,137409.07265655563,44.972646502454616,LOSS,139117.51604443247,-1.2280577144082923
2022-04-01,108.19000244140625,107.15319641113281,3,531.2116625249548,531.2116625249548,137940.2843190806,47.13494603189306,WIN,139117.51604443247,-0.8462138764581529
2022-04-04,110.52999877929688,106.02620239257813,3,517.8803604741702,517.8803604741702,138458.16467955476,46.661489319246584,WIN,139117.51604443247,-0.4739528016494532
2022-04-05,106.81999969482422,108.31939880371094,3,507.4434562287912,57.62372356277507,138515.78840311753,45.36662454618485,LOSS,139117.51604443247,-0.4325319042662844
2022-04-06,103.66999816894531,104.68359970092773,3,497.6375170521839,193.55705745745888,138709.345460575,45.81410590098368,LOSS,139117.51604443247,-0.2933998503302205
2022-04-07,103.72000122070312,101.59659820556641,3,465.9277647190321,465.9277647190321,139175.27322529402,44.72723584787428,WIN,139175.27322529402,0.0
2022-04-08,101.0,101.64560119628906,3,452.2657065607336,258.5853476740143,139433.85857296802,43.841654743534875,LOSS,139433.85857296802,0.0
2022-04-11,97.37000274658203,98.98,3,442.7046842476725,-40.294491777719315,139393.5640811903,43.992240068384035,LOSS,139433.85857296802,-0.02889864211613539
2022-04-12,95.0999984741211,95.42260269165038,3,434.0057981143858,337.22453285559914,139730.7886140459,44.48216537384965,LOSS,139730.7886140459,0.0
2022-04-13,97.73999786376953,93.19799850463868,3,381.23541897489196,381.23541897489196,140112.02403302077,41.515618447973914,WIN,140112.02403302077,0.0
2022-04-14,93.05999755859375,95.78519790649413,3,366.30214017294,-451.2579641971749,139660.7660688236,39.78883744603513,LOSS,140112.02403302077,-0.3220694064706524
2022-04-18,93.88999938964844,91.19879760742187,3,358.1724688844106,358.1724688844106,140018.93853770802,40.457643025981895,WIN,140112.02403302077,-0.0664364789211942
2022-04-19,96.93000030517578,92.01219940185547,3,358.6483253570271,358.6483253570271,140377.58686306505,40.266116817365,WIN,140377.58686306505,0.0
2022-04-20,94.0199966430664,94.99140029907227,3,377.53270261511364,86.11160581335514,140463.6984688784,40.76234498526971,LOSS,140463.6984688784,0.0
2022-04-21,89.8499984741211,92.13959671020508,3,370.2476365365938,-316.6318342886031,140147.0666345898,41.04720284941372,LOSS,140463.6984688784,-0.22541897852614737
2022-04-22,88.13999938964844,88.05299850463867,3,363.6289200897419,363.6289200897419,140510.69555467955,41.768828837140575,WIN,140510.69555467955,0.0
2022-04-25,90.69000244140625,86.37719940185546,3,312.3998901105049,312.3998901105049,140823.09544479006,38.443737932830466,WIN,140823.09544479006,0.0
2022-04-26,85.16000366210938,88.87620239257812,3,338.53893225626246,-776.3206868843616,140046.7747579057,39.690974742285064,LOSS,140823.09544479006,-0.5512736987014518
2022-04-27,84.91000366210938,83.45680358886719,3,332.52042549666027,332.52042549666027,140379.29518340234,40.8268645455972,WIN,140823.09544479006,-0.3151473556137747
2022-04-28,89.63999938964844,83.21180358886718,3,318.3371424001058,318.3371424001058,140697.63232580243,39.79804721294225,WIN,140823.09544479006,-0.08909271493525125
2022-05-02,89.83999633789062,83.80959671020507,3,329.20461784927767,329.20461784927767,141026.83694365172,40.461692688041644,WIN,141026.83694365172,0.0
2022-05-03,91.12999725341797,88.04319641113281,3,377.0224249543842,377.0224249543842,141403.85936860612,42.75789224690527,WIN,141403.85936860612,0.0
2022-05-06,95.33999633789062,91.99260269165039,3,473.23312221676713,473.23312221676713,141877.0924908229,48.34550753461522,WIN,141877.0924908229,0.0
2022-05-09,86.36000061035156,93.43319641113281,3,483.20705028553135,-1638.7516899488437,140238.34080087405,48.52333060402348,LOSS,141877.0924908229,-1.1550502348043539
2022-05-10,88.7300033569336,84.63280059814453,3,483.6788611683994,483.6788611683994,140722.01966204244,52.04533267792525,WIN,141877.0924908229,-0.8141362418003925
2022-05-11,87.91999816894531,86.95540328979492,3,497.6586205027487,497.6586205027487,141219.67828254518,52.097962860463866,WIN,141877.0924908229,-0.463368819261809
2022-05-12,87.05999755859375,86.1615982055664,3,490.9227847772311,490.9227847772311,141710.60106732242,51.932996715945556,WIN,141877.0924908229,-0.11734905232233891
2022-05-13,95.12000274658203,85.31879760742187,3,480.40382569633306,480.40382569633306,142191.00489301875,51.498652863534744,WIN,142191.00489301875,0.0
2022-05-17,102.47000122070312,92.35519790649414,3,561.7190635473887,561.7190635473887,142752.72395656613,54.4251109539189,WIN,142752.72395656613,0.0
2022-05-19,96.66999816894531,94.35439880371094,3,627.8357547710747,627.8357547710747,143380.5597113372,58.13194049593153,WIN,143380.5597113372,0.0
2022-05-20,93.5,94.73659820556641,3,617.2204426545455,246.2409809846228,143626.80069232182,57.23160821093629,LOSS,143626.80069232182,0.0
2022-05-23,95.06999969482422,91.63,3,601.6312228775694,601.6312228775694,144228.43191519938,57.56060418999256,WIN,144228.43191519938,0.0
2022-05-24,91.16000366210938,93.16859970092773,3,609.1656054960857,6.586793850579625,144235.01870904997,57.38194763254185,LOSS,144235.01870904997,0.0
2022-05-25,92.6500015258789,89.33680358886718,3,572.1635881773338,572.1635881773338,144807.1822972273,56.51498746025206,WIN,144807.1822972273,0.0
2022-05-26,98.75,90.79700149536133,3,581.8438163497595,581.8438163497595,145389.02611357704,56.53842457067346,WIN,145389.02611357704,0.0
2022-06-01,101.22000122070312,99.82280059814452,3,623.2156867445252,623.2156867445252,146012.24180032156,55.469117180448436,WIN,146012.24180032156,0.0
2022-06-02,108.58999633789062,99.19560119628906,3,620.0684002632881,620.0684002632881,146632.31020058485,55.51933321382847,WIN,146632.31020058485,0.0
2022-06-06,105.6500015258789,104.17400299072266,3,611.3410648462486,611.3410648462486,147243.6512654311,53.03989598751565,WIN,147243.6512654311,0.0
2022-06-07,105.27999877929688,103.53700149536132,3,608.2103175975283,608.2103175975283,147851.86158302863,53.077927637145024,WIN,147851.86158302863,0.0
2022-06-08,101.9000015258789,103.17439880371093,3,529.1127332479334,146.7935498983266,147998.65513292694,48.24232342143075,LOSS,147998.65513292694,0.0
2022-06-09,98.80000305175781,99.86200149536133,3,522.6409523306561,204.04141924960192,148202.69655217655,48.92487645090231,LOSS,148202.69655217655,0.0
2022-06-10,94.81999969482422,96.82400299072266,3,515.0763131375757,-86.12467563195719,148116.5718765446,49.482889389895895,LOSS,148202.69655217655,-0.058112758833398455
2022-06-13,86.98999786376953,92.92359970092774,3,507.1919750405008,-1272.8885761069614,146843.68330043764,50.3802952236798,LOSS,148202.69655217655,-0.9169963053003268
2022-06-14,86.98999786376953,85.25019790649414,3,456.19589663821233,456.19589663821233,147299.87919707585,49.687346858055626,WIN,148202.69655217655,-0.6091774145167851
2022-06-15,89.30000305175781,85.25019790649414,3,456.04474974548543,456.04474974548543,147755.92394682133,49.67585424110495,WIN,148202.69655217655,-0.3014605103341869
2022-06-16,82.05000305175781,87.51400299072266,3,417.06984119656045,-1222.1301404928934,146533.79380632844,45.89202243676685,LOSS,148202.69655217655,-1.1260947234253302
2022-06-17,81.56999969482422,80.40900299072266,3,400.56276011931516,400.56276011931516,146934.35656644776,47.2909630814031,WIN,148202.69655217655,-0.8558143780347838
2022-06-21,83.79000091552734,79.93859970092774,3,397.40103203200295,397.40103203200295,147331.75759847977,47.224601736262116,WIN,148202.69655217655,-0.5876674135886283
2022-06-22,83.75,82.11420089721679,3,410.8517061195138,410.8517061195138,147742.6093045993,47.43261213276195,WIN,148202.69655217655,-0.3104445858819335
2022-06-23,82.43000030517578,82.075,3,407.6814337597067,407.6814337597067,148150.290738359,47.197722025863754,WIN,148202.69655217655,-0.03536090438077549
2022-06-24,87.08000183105469,80.78140029907226,3,393.5153446129981,393.5153446129981,148543.806082972,46.57660242264066,WIN,148543.806082972,0.0
2022-06-28,80.77999877929688,84.43680358886719,3,399.63976320402327,-697.4016796670721,147846.40440330494,45.67976388432935,LOSS,148543.806082972,-0.4694922649804159
2022-06-29,77.98999786376953,79.16439880371094,3,380.99516689313936,28.67488491071731,147875.07928821567,46.196412402495014,LOSS,148543.806082972,-0.45018827266537625
2022-06-30,76.47000122070312,76.43019790649414,3,370.69630460145123,370.69630460145123,148245.7755928171,46.438974893269865,WIN,148543.806082972,-0.20063474742826
2022-07-01,73.66999816894531,74.94060119628907,3,363.4789842533452,-17.70192394978085,148228.07366886732,46.43961631297693,LOSS,148543.806082972,-0.21255171954347682
2022-07-05,75.19999694824219,72.1965982055664,3,303.32813235869,303.32813235869,148531.40180122602,42.23397664644828,WIN,148543.806082972,-0.008350588336922152
2022-07-06,75.3499984741211,73.69599700927735,3,319.56995728114316,319.56995728114316,148850.97175850716,43.10846634858817,WIN,148850.97175850716,0.0
2022-07-07,79.30000305175781,73.84299850463867,3,321.7605183839503,321.7605183839503,149172.73227689113,43.24480194434034,WIN,149172.73227689113,0.0
2022-07-12,76.36000061035156,75.41099700927734,3,355.92154519310765,355.92154519310765,149528.65382208422,45.59388993427084,WIN,149528.65382208422,0.0
2022-07-13,77.5199966430664,74.83280059814453,3,347.8100229452033,347.8100229452033,149876.46384502942,45.127645915836,WIN,149876.46384502942,0.0
2022-07-14,78.5999984741211,75.96959671020508,3,318.5297943870052,318.5297943870052,150194.9936394164,42.17849127989904,WIN,150194.9936394164,0.0
2022-07-15,81.11000061035156,77.02799850463867,3,325.3421803294706,325.3421803294706,150520.33581974587,42.3783243276626,WIN,150520.33581974587,0.0
2022-07-19,85.87999725341797,79.80140029907227,3,290.1103167462818,290.1103167462818,150810.44613649216,38.56501743854383,WIN,150810.44613649216,0.0
2022-07-25,87.54000091552734,86.33799850463868,3,355.9749666663773,355.9749666663773,151166.42110315853,41.7259151837669,WIN,151166.42110315853,0.0
2022-07-26,85.25,85.7892008972168,3,329.4567246231801,167.69645545813967,151334.11755861668,39.89320744787125,LOSS,151334.11755861668,0.0
2022-07-27,89.81999969482422,83.545,3,325.80712107562135,325.80712107562135,151659.9246796923,40.278727792962016,WIN,151659.9246796923,0.0
2022-08-04,103.91000366210938,96.1281964111328,3,319.0782630774863,319.0782630774863,151979.0029427698,36.51599970402307,WIN,151979.0029427698,0.0
2022-08-08,100.06999969482422,100.26379760742188,3,347.4217425275371,289.2823687482392,152268.28531151803,37.46094107905113,LOSS,152268.28531151803,0.0
2022-08-09,95.54000091552734,98.06859970092773,3,332.37666871703664,-426.20296690308055,151842.08234461496,36.9692717524527,LOSS,152268.28531151803,-0.2799026507924005
2022-08-10,99.05000305175781,93.62920089721679,3,347.91547467845226,347.91547467845226,152189.9978192934,39.0867127498785,WIN,152268.28531151803,-0.05141418126858264
2022-08-11,98.12000274658203,97.06900299072265,3,366.74307908546774,366.74307908546774,152556.74089837886,39.49043292323809,WIN,152556.74089837886,0.0
2022-08-12,100.83000183105469,96.15760269165038,3,367.91884924798796,367.91884924798796,152924.65974762687,39.8018179401536,WIN,152924.65974762687,0.0
2022-08-17,98.2699966430664,98.19599700927735,3,356.7635414335072,356.7635414335072,153281.42328906036,38.55058972644777,WIN,153281.42328906036,0.0
2022-08-18,100.44000244140625,96.30459671020508,3,344.2732652302941,344.2732652302941,153625.69655429065,38.172419710055145,WIN,153625.69655429065,0.0
2022-08-22,92.83999633789062,94.03099700927734,3,347.83818592850594,-9.462015487509348,153616.23453880314,38.978461848078595,LOSS,153625.69655429065,-0.006159135938675314
2022-08-23,92.48999786376953,90.98319641113281,3,348.2170865528547,348.2170865528547,153964.45162535599,39.80869909584164,WIN,153964.45162535599,0.0
2022-08-24,92.7300033569336,90.64019790649414,3,338.89088329098723,338.89088329098723,154303.34250864698,39.23562059368892,WIN,154303.34250864698,0.0
2022-08-25,97.18000030517578,90.87540328979492,3,314.5156444838176,314.5156444838176,154617.8581531308,37.43422162782562,WIN,154617.8581531308,0.0
2022-08-26,91.18000030517578,95.23640029907226,3,347.9170030245801,-869.002995144363,153748.85515798643,38.68033196139329,LOSS,154617.8581531308,-0.562032746750202
2022-08-29,88.48999786376953,89.35640029907226,3,354.8330877649584,94.91235717413895,153843.76751516058,40.74029677618747,LOSS,154617.8581531308,-0.5006476271347488
2022-08-30,86.94000244140625,86.72019790649414,3,344.2768052886425,344.2768052886425,154188.04432044923,40.73372219885917,WIN,154617.8581531308,-0.27798459881386267
2022-08-31,84.87000274658203,85.20120239257812,3,331.3588007220475,231.99890692321935,154420.04322737246,40.209712354045536,LOSS,154617.8581531308,-0.12793795498216662
2022-09-01,82.33000183105469,83.17260269165038,3,325.7393740047089,72.95911582600036,154493.00234319846,40.38663096346565,LOSS,154617.8581531308,-0.08075122202810933
2022-09-02,80.23999786376953,80.68340179443359,3,279.55351488793826,146.53233568871985,154639.53467888717,37.459281612954214,LOSS,154639.53467888717,0.0
2022-09-06,78.72000122070312,78.63519790649414,3,274.0534854589818,274.0534854589818,154913.58816434615,37.59089568041705,WIN,154913.58816434615,0.0
2022-09-07,79.61000061035156,77.14560119628906,3,268.4078804761223,268.4078804761223,155181.99604482227,37.55273407830575,WIN,155181.99604482227,0.0
2022-09-08,82.77999877929688,78.01780059814453,3,264.4923292694634,264.4923292694634,155446.48837409174,36.97528330505435,WIN,155446.48837409174,0.0
2022-09-14,77.44999694824219,75.48939880371094,3,309.7952727107838,309.7952727107838,155756.28364680253,41.60136511505635,WIN,155756.28364680253,0.0
2022-09-15,76.66000366210938,75.90099700927735,3,313.6977092676402,313.6977092676402,156069.98135607017,41.79038599986849,WIN,156069.98135607017,0.0
2022-09-16,76.51000213623047,75.12680358886719,3,310.14500202923426,310.14500202923426,156380.1263580994,41.75993042459757,WIN,156380.1263580994,0.0
2022-09-19,76.7699966430664,74.97980209350585,3,301.70264363391095,301.70264363391095,156681.8290017333,41.0825428917378,WIN,156681.8290017333,0.0
2022-09-20,75.25,75.23459671020508,3,296.3707235097472,296.3707235097472,156978.19972524306,40.53482039125158,WIN,156978.19972524306,0.0
2022-09-21,74.4800033569336,73.745,3,287.5370929067582,287.5370929067582,157265.73681814983,40.27414088165304,WIN,157265.73681814983,0.0
2022-09-22,69.5,72.99040328979493,3,284.2971533813264,-762.8238335571516,156502.91298459267,40.24770181218555,LOSS,157265.73681814983,-0.48505405499688564
2022-09-23,67.95999908447266,68.11,3,283.9171344896644,238.91685983146147,156741.82984442412,42.0206521874004,LOSS,157265.73681814983,-0.3331348482673724
2022-09-26,66.30000305175781,66.6007991027832,3,251.2348693545011,160.9960540468851,156902.825898471,39.4520671694536,LOSS,157265.73681814983,-0.23076286483080335
2022-09-27,67.16999816894531,64.97400299072265,3,231.12912199945316,231.12912199945316,157133.95502047046,38.05845208928116,WIN,157265.73681814983,-0.08379561902396862
2022-09-28,68.36000061035156,65.8265982055664,3,237.9521728281943,237.9521728281943,157371.90719329866,38.431676730412974,WIN,157371.90719329866,0.0
2022-09-29,64.13999938964844,66.99280059814453,3,248.5163062651656,-607.3240562836611,156764.583137015,39.04594562797685,LOSS,157371.90719329866,-0.3859164364944036
2022-09-30,63.36000061035156,62.85719940185547,3,248.0744755388738,248.0744755388738,157012.65761255388,40.582451478966,WIN,157371.90719329866,-0.2282806297209749
2022-10-03,66.11000061035156,62.09280059814453,3,243.26623226384487,243.26623226384487,157255.92384481773,40.3954366615275,WIN,157371.90719329866,-0.07370016068907338
2022-10-04,67.9000015258789,64.78780059814453,3,271.0148108682055,271.0148108682055,157526.93865568595,42.11532992559836,WIN,157526.93865568595,0.0
2022-10-07,58.439998626708984,66.49299850463868,3,268.9343350405913,-2146.965628338317,155379.97302734765,41.21714758753151,LOSS,157526.93865568595,-1.3629196673662478
2022-10-10,57.810001373291016,57.2711986541748,3,297.7962101828624,297.7962101828624,155677.7692375305,48.705284566916504,WIN,157526.93865568595,-1.1738750425394002
2022-10-11,57.630001068115234,56.653801345825194,3,294.49849844054626,294.49849844054626,155972.26773597105,48.69528497864797,WIN,157526.93865568595,-0.9869238448879023
2022-10-12,57.849998474121094,56.47740104675293,3,269.7628994521398,269.7628994521398,156242.0306354232,45.96154484096325,WIN,157526.93865568595,-0.8156751037174892
2022-10-13,58.939998626708984,56.69299850463867,3,270.51215176452104,270.51215176452104,156512.54278718773,45.92946841260736,WIN,157526.93865568595,-0.6439507281452562
2022-10-14,55.939998626708984,57.761198654174805,3,280.37051664619946,-265.98949159354686,156246.55329559417,46.4638055346167,LOSS,157526.93865568595,-0.8128040645101203
2022-10-17,57.959999084472656,54.8211986541748,3,271.68613039883917,271.68613039883917,156518.239425993,47.12432755395129,WIN,157526.93865568595,-0.6403344331458851
2022-10-18,57.91999816894531,56.8007991027832,3,291.28180178326465,291.28180178326465,156809.52122777628,48.24099470024777,WIN,157526.93865568595,-0.45542523331693124
2022-10-19,57.22999954223633,56.76159820556641,3,291.47320681563707,291.47320681563707,157100.9944345919,48.28580988656456,WIN,157526.93865568595,-0.2703945272656211
2022-10-20,57.77000045776367,56.0853995513916,3,287.98512506770555,287.98512506770555,157388.9795596596,48.28398690850349,WIN,157526.93865568595,-0.08757809756456235
2022-10-21,58.81999969482422,56.6146004486084,3,278.20682604374304,278.20682604374304,157667.18638570336,46.8533005417967,WIN,157667.18638570336,0.0
2022-10-24,58.70000076293945,57.64359970092773,3,285.2683729928916,285.2683729928916,157952.45475869626,47.07876469598225,WIN,157952.45475869626,0.0
2022-10-25,61.470001220703125,57.52600074768066,3,283.15846210589046,283.15846210589046,158235.61322080216,46.90659551186425,WIN,158235.61322080216,0.0
2022-10-27,58.599998474121094,58.5353995513916,3,299.2183605024917,299.2183605024917,158534.83158130466,48.13483072414336,WIN,158534.83158130466,0.0
2022-10-28,62.0099983215332,57.42799850463867,3,279.7406082880955,279.7406082880955,158814.57218959276,46.5752602563244,WIN,158814.57218959276,0.0
2022-11-01,59.65999984741211,58.85880134582519,3,297.51532098421063,297.51532098421063,159112.08751057697,47.76521530791322,WIN,159112.08751057697,0.0
2022-11-02,58.630001068115234,58.466799850463865,3,290.88243866921965,290.88243866921965,159402.96994924618,47.249522102041055,WIN,159402.96994924618,0.0
2022-11-03,60.11000061035156,57.45740104675293,3,286.22958938486886,286.22958938486886,159689.19953863104,47.29116056559031,WIN,159689.19953863104,0.0
2022-11-04,62.189998626708984,58.90780059814453,3,297.83747158175055,297.83747158175055,159987.0370102128,47.773410119791144,WIN,159987.0370102128,0.0
2022-11-07,63.08000183105469,60.9461986541748,3,207.241012279835,207.241012279835,160194.27802249265,37.04165428740829,WIN,160194.27802249265,0.0
2022-11-10,68.47000122070312,58.72159820556641,3,226.15906982738417,226.15906982738417,160420.43709232003,39.9649813830878,WIN,160420.43709232003,0.0
2022-11-15,76.37000274658203,72.05939880371093,3,379.92230830668086,379.92230830668086,160800.3594006267,49.17584530098296,WIN,160800.3594006267,0.0
2022-11-16,72.69999694824219,74.84260269165038,3,396.86743930889793,-245.9142837135612,160554.44511691315,49.3725451783278,LOSS,160800.3594006267,-0.15293142666483386
2022-11-17,73.9000015258789,71.24599700927735,3,394.2448366419541,394.2448366419541,160948.6899535551,50.86911407192005,WIN,160948.6899535551,0.0
2022-11-18,73.56999969482422,72.42200149536133,3,400.7394466068653,400.7394466068653,161349.42940016196,50.86795989050564,WIN,161349.42940016196,0.0
2022-11-21,72.45999908447266,72.09859970092774,3,400.32187463516584,400.32187463516584,161749.75127479713,50.991305187484514,WIN,161749.75127479713,0.0
2022-11-22,75.25,71.0107991027832,3,396.96309807677267,396.96309807677267,162146.71437287392,51.23604921511593,WIN,162146.71437287392,0.0
2022-11-25,75.13999938964844,74.87200149536133,3,406.87264839712986,406.87264839712986,162553.58702127106,50.22525593695151,WIN,162553.58702127106,0.0
2022-11-28,73.19000244140625,73.63719940185547,3,399.3559879611255,265.19689982635987,162818.7839210974,50.15426661273048,LOSS,162818.7839210974,0.0
2022-11-29,73.38999938964844,71.72620239257813,3,384.73859893836516,384.73859893836516,163203.52252003577,49.76986673737482,WIN,163203.52252003577,0.0
2022-11-30,77.62999725341797,71.92219940185547,3,376.8583465684602,376.8583465684602,163580.38086660422,48.964895517486994,WIN,163580.38086660422,0.0
2022-12-02,74.9800033569336,75.93040328979492,3,403.2037477260377,118.08376786763858,163698.46463447186,49.42103762108498,LOSS,163698.46463447186,0.0
2022-12-05,73.62000274658203,73.48040328979492,3,400.7095128085233,400.7095128085233,164099.1741472804,50.34868202867206,WIN,164099.1741472804,0.0
2022-12-06,70.2699966430664,72.14760269165039,3,394.79910363853617,-168.48271093665937,163930.69143634374,50.47066717907984,LOSS,164099.1741472804,-0.1026712729129551
2022-12-07,70.13999938964844,68.86459671020508,3,390.53590501128235,390.53590501128235,164321.22734135503,51.760386084469424,WIN,164321.22734135503,0.0
2022-12-08,70.47000122070312,68.73719940185546,3,389.92949655096413,389.92949655096413,164711.156837906,51.77133182562892,WIN,164711.156837906,0.0
2022-12-09,68.58999633789062,69.06060119628906,3,368.2928307381582,227.11137321862884,164938.2682111246,49.56829937924361,LOSS,164938.2682111246,0.0
2022-12-12,70.66999816894531,67.21819641113281,3,253.37595737667044,253.37595737667044,165191.64416850128,39.433948360310836,WIN,165191.64416850128,0.0
2022-12-13,71.6500015258789,69.2565982055664,3,243.56982358451347,243.56982358451347,165435.2139920858,37.796985877370474,WIN,165435.2139920858,0.0
2022-12-14,68.93000030517578,70.21700149536133,3,246.4088795296691,-139.69147752599565,165295.5225145598,37.74726455651606,LOSS,165435.2139920858,-0.08443878068951574
2022-12-15,66.52999877929688,67.55140029907227,3,233.36065201535894,-73.05980391725961,165222.46271064255,37.39279879178251,LOSS,165435.2139920858,-0.12860096487887607
2022-12-16,65.41000366210938,65.19939880371093,3,217.8116928744746,217.8116928744746,165440.27440351702,36.65472653545152,WIN,165440.27440351702,0.0
2022-12-19,64.58999633789062,64.10180358886718,3,211.73745634217107,211.73745634217107,165652.0118598592,36.41127585058122,WIN,165652.0118598592,0.0
2022-12-20,65.05000305175781,63.298196411132814,3,209.39520472113028,209.39520472113028,165861.40706458033,36.44324465213546,WIN,165861.40706458033,0.0
2022-12-21,67.68000030517578,63.74900299072266,3,211.42789024062154,211.42789024062154,166072.83495482095,36.498293295799805,WIN,166072.83495482095,0.0
2022-12-23,64.5199966430664,62.58280059814453,3,223.05014679155946,223.05014679155946,166295.8851016125,38.10269388766879,WIN,166295.8851016125,0.0
2022-12-27,63.27000045776367,63.22959671020508,3,227.14105515081263,227.14105515081263,166523.0261567633,38.28575541418749,WIN,166523.0261567633,0.0
2022-12-28,62.56999969482422,62.0046004486084,3,221.33424188742117,221.33424188742117,166744.36039865072,38.13874491940497,WIN,166744.36039865072,0.0
2022-12-29,64.81999969482422,61.318599700927734,3,218.31776326104946,218.31776326104946,166962.67816191178,38.07873226761381,WIN,166962.67816191178,0.0
2022-12-30,64.7699966430664,63.52359970092773,3,208.6085546171924,208.6085546171924,167171.28671652896,36.2868852004097,WIN,167171.28671652896,0.0
2023-01-04,64.66000366210938,62.73959671020508,3,201.79274602859954,201.79274602859954,167373.07946255757,35.848697686799774,WIN,167373.07946255757,0.0
2023-01-05,62.33000183105469,63.366803588867185,3,205.0165844983095,-106.02394284543982,167267.05551971213,35.97211825338348,LOSS,167373.07946255757,-0.0633458756843601
2023-01-06,63.959999084472656,61.08340179443359,3,192.64617309235194,192.64617309235194,167459.7016928045,35.44335994134053,WIN,167459.7016928045,0.0
2023-01-09,67.23999786376953,62.680799102783205,3,205.06086551582126,205.06086551582126,167664.7625583203,36.20622504504672,WIN,167664.7625583203,0.0
2023-01-10,68.05000305175781,65.89519790649413,3,237.4807396668277,237.4807396668277,167902.24329798712,38.360908621646786,WIN,167902.24329798712,0.0
2023-01-19,67.70999908447266,69.11939880371094,3,219.1085436403,-203.71137213118402,167698.53192585593,35.54823219321896,LOSS,167902.24329798712,-0.12132736771697016
2023-01-20,70.06999969482422,66.35579910278321,3,223.39425032317004,223.39425032317004,167921.9261761791,36.8226864077878,WIN,167921.9261761791,0.0
2023-01-23,76.52999877929688,68.66859970092773,3,238.89611189413122,238.89611189413122,168160.82228807325,37.551009847471796,WIN,168160.82228807325,0.0
2023-01-25,74.91000366210938,73.20599700927734,3,280.0166825056912,280.0166825056912,168440.83897057895,39.794328484802676,WIN,168440.83897057895,0.0
2023-01-26,75.16000366210938,73.41180358886719,3,280.98184462635965,280.98184462635965,168721.8208152053,39.81004029711339,WIN,168721.8208152053,0.0
2023-01-27,75.4000015258789,73.65680358886719,3,276.15839104723415,276.15839104723415,168997.97920625255,39.30303318169776,WIN,168997.97920625255,0.0
2023-01-30,72.44999694824219,73.89200149536133,3,274.0585993710487,-158.54276476469335,168839.43644148787,39.041474931058545,LOSS,168997.97920625255,-0.09381340860365793
2023-01-31,75.1500015258789,71.00099700927734,3,273.9010555685059,273.9010555685059,169113.33749705637,40.0060078466964,WIN,169113.33749705637,0.0
2023-02-01,84.63999938964844,73.64700149536132,3,290.48717548559233,290.48717548559233,169403.82467254196,40.56742547516093,WIN,169403.82467254196,0.0
2023-02-06,83.68000030517578,84.36819641113281,3,424.55825834636096,218.09942655925107,169621.92409910122,47.61922454481504,LOSS,169621.92409910122,0.0
2023-02-07,85.91000366210938,82.00640029907227,3,424.0860308449346,424.0860308449346,170046.01012994617,48.52133628167436,WIN,170046.01012994617,0.0
2023-02-08,84.69000244140625,84.19180358886719,3,427.3253532483638,427.3253532483638,170473.33548319453,47.90061009817671,WIN,170473.33548319453,0.0
2023-02-09,83.20999908447266,82.99620239257813,3,425.81532039332717,425.81532039332717,170899.15080358787,48.256624445768736,WIN,170899.15080358787,0.0
2023-02-10,81.4800033569336,81.5457991027832,3,423.33317521318077,403.59445145829693,171302.74525504617,48.65083270222064,LOSS,171302.74525504617,0.0
2023-02-13,83.12999725341797,79.85040328979493,3,418.32683741289145,418.32683741289145,171721.07209245907,48.958908104428744,WIN,171721.07209245907,0.0
2023-02-14,85.94999694824219,81.4673973083496,3,427.4859026825514,427.4859026825514,172148.55799514163,49.013636017457195,WIN,172148.55799514163,0.0
2023-02-15,85.18000030517578,84.23099700927735,3,445.7743857187021,445.7743857187021,172594.33238086035,49.30506711258205,WIN,172594.33238086035,0.0
2023-02-17,78.5,78.4784017944336,3,427.54949560292437,427.54949560292437,173021.88187646327,50.31436103494726,WIN,173021.88187646327,0.0
2023-02-21,76.7699966430664,76.92999999999999,3,419.3605967659369,371.359589685861,173393.24146614913,50.33515441727091,LOSS,173393.24146614913,0.0
2023-02-22,76.61000061035156,75.23459671020508,3,369.08703157619505,369.08703157619505,173762.32849772534,46.79993944215741,WIN,173762.32849772534,0.0
2023-02-23,79.75,75.07780059814453,3,364.4924835476762,364.4924835476762,174126.82098127302,46.46966644486454,WIN,174126.82098127302,0.0
2023-02-24,78.08999633789062,78.155,3,388.51895576582655,369.0178571330137,174495.83883840602,47.223339705043294,LOSS,174495.83883840602,0.0
2023-02-27,78.7699966430664,76.52819641113281,3,383.94459052820815,383.94459052820815,174879.78342893423,47.5208717954975,WIN,174879.78342893423,0.0
2023-02-28,78.58000183105469,77.19459671020508,3,387.49736539532216,387.49736539532216,175267.28079432956,47.538457097261784,WIN,175267.28079432956,0.0
2023-03-01,78.29000091552734,77.0084017944336,3,375.448765267381,375.448765267381,175642.72955959695,46.60295367132414,WIN,175642.72955959695,0.0
2023-03-02,80.44000244140625,76.72420089721679,3,367.38273984852606,367.38273984852606,176010.11229944546,46.03855391014437,WIN,176010.11229944546,0.0
2023-03-07,82.11000061035156,79.53680358886719,3,240.22777216194197,240.22777216194197,176250.3400716074,34.5780838612848,WIN,176250.3400716074,0.0
2023-03-08,85.37000274658203,80.46780059814454,3,237.56694202640742,237.56694202640742,176487.9070136338,34.137225784307596,WIN,176487.9070136338,0.0
2023-03-10,82.66999816894531,82.34939880371094,3,253.04098960932646,253.04098960932646,176740.94800324313,34.91799178083835,WIN,176740.94800324313,0.0
2023-03-13,82.01000213623047,81.01659820556641,3,248.4947405816811,248.4947405816811,176989.44274382482,34.88191908336127,WIN,176989.44274382482,0.0
2023-03-14,87.44999694824219,80.36980209350585,3,242.59181607532508,242.59181607532508,177232.03455990014,34.565833395804766,WIN,177232.03455990014,0.0
2023-03-22,97.58000183105469,94.01140029907226,3,314.13410799239097,314.13410799239097,177546.16866789255,36.659562322187654,WIN,177546.16866789255,0.0
2023-03-23,100.27999877929688,95.62840179443359,3,317.58433202972185,317.58433202972185,177863.75299992226,36.52718659239154,WIN,177863.75299992226,0.0
2023-03-24,97.94999694824219,98.27439880371094,3,319.40895734601895,222.08840070539395,178085.84140062766,36.067926753866104,LOSS,178085.84140062766,0.0
2023-03-27,96.61000061035156,95.99099700927734,3,313.8885140403431,313.8885140403431,178399.729914668,36.19629845392399,WIN,178399.729914668,0.0
2023-03-28,94.55999755859375,94.67780059814453,3,316.49998765690077,281.1590757916671,178680.88899045964,36.66908839677225,LOSS,178680.88899045964,0.0
2023-03-29,96.08999633789062,92.66879760742188,3,318.68680882260765,318.68680882260765,178999.57579928226,37.29182698896909,WIN,178999.57579928226,0.0
2023-03-30,97.87999725341797,94.16819641113281,3,322.15749259620793,322.15749259620793,179321.73329187848,37.17578938728704,WIN,179321.73329187848,0.0
2023-04-04,95.87000274658203,94.62879760742187,3,326.25633645255556,326.25633645255556,179647.98962833104,37.348621368509335,WIN,179647.98962833104,0.0
2023-04-05,92.55999755859375,93.95260269165038,3,326.48532089450043,-91.29621902248971,179556.69340930856,37.525267055725735,LOSS,179647.98962833104,-0.05081950497267419
2023-04-06,92.47000122070312,90.70879760742187,3,320.8284180793711,320.8284180793711,179877.52182738794,37.92654035624119,WIN,179877.52182738794,0.0
2023-04-10,95.4800033569336,90.62060119628906,3,316.5803390358267,316.5803390358267,180194.10216642378,37.644988536935976,WIN,180194.10216642378,0.0
2023-04-12,92.33000183105469,92.14939880371094,3,326.5556056868069,326.5556056868069,180520.65777211057,37.97099152126091,WIN,180520.65777211057,0.0
2023-04-13,92.08999633789062,90.48340179443359,3,286.54411983036255,286.54411983036255,180807.20189194093,35.52757678122453,WIN,180807.20189194093,0.0
2023-04-14,91.75,90.24819641113281,3,279.9748116861012,279.9748116861012,181087.17670362705,35.10923429635275,WIN,181087.17670362705,0.0
2023-04-17,89.87000274658203,89.91499999999999,3,198.74268231030842,185.2435062849202,181272.42020991197,29.327621588201414,LOSS,181272.42020991197,0.0
2023-04-18,89.77999877929688,88.07260269165039,3,195.2731865465135,195.2731865465135,181467.6933964585,29.371989360511275,WIN,181467.6933964585,0.0
2023-04-19,89.94000244140625,87.98439880371093,3,194.50446018458513,194.50446018458513,181662.19785664306,29.329762684847154,WIN,181662.19785664306,0.0
2023-04-20,90.11000061035156,88.14120239257812,3,194.74230781391162,194.74230781391162,181856.940164457,29.321761792092094,WIN,181856.940164457,0.0
2023-04-21,88.43000030517578,88.30780059814452,3,188.7324659223965,188.7324659223965,182045.67263037938,28.85360020453909,WIN,182045.67263037938,0.0
2023-04-24,87.56999969482422,86.66140029907227,3,170.55436264068013,170.55436264068013,182216.22699302007,27.75710808003791,WIN,182216.22699302007,0.0
2023-04-25,83.80000305175781,85.81859970092773,3,163.85905716405833,-441.71993758691826,181774.50705543315,27.376679137616765,LOSS,182216.22699302007,-0.24241525844119496
2023-04-26,85.94000244140625,82.12400299072266,3,177.5284293257043,177.5284293257043,181952.03548475885,29.012412217623037,WIN,182216.22699302007,-0.1449879149738651
2023-04-27,87.44000244140625,84.22120239257812,3,193.12317095857838,193.12317095857838,182145.15865571742,29.8637383129288,WIN,182216.22699302007,-0.03900220001008873
2023-04-28,89.37000274658203,85.69120239257812,3,197.29569761842737,197.29569761842737,182342.45435333584,29.924386323958178,WIN,182342.45435333584,0.0
2023-05-04,86.61000061035156,79.9876026916504,3,269.1676107903383,269.1676107903383,182611.62196412619,36.812991153522205,WIN,182611.62196412619,0.0
2023-05-05,89.83999633789062,84.87780059814453,3,319.00657177829487,319.00657177829487,182930.62853590449,39.362430711603295,WIN,182930.62853590449,0.0
2023-05-11,97.0999984741211,95.07959671020508,3,390.9881172638824,390.9881172638824,183321.61665316837,41.6557761197243,WIN,183321.61665316837,0.0
2023-05-12,95.26000213623047,95.15799850463867,3,391.0604542139654,391.0604542139654,183712.67710738233,41.63874165038905,WIN,183712.67710738233,0.0
2023-05-15,97.4000015258789,93.35480209350585,3,387.4970467275384,387.4970467275384,184100.17415410987,41.905857558844126,WIN,184100.17415410987,0.0
2023-05-16,101.4800033569336,95.45200149536133,3,394.2327205315921,394.2327205315921,184494.40687464146,41.77211809216159,WIN,184494.40687464146,0.0
2023-05-22,108.0,103.70359970092774,3,452.12462444898074,452.12462444898074,184946.53149909043,43.260473477372926,WIN,184946.53149909043,0.0
2023-05-24,108.2699966430664,105.9576026916504,3,429.8178699364236,429.8178699364236,185376.34936902687,41.29465325599134,WIN,185376.34936902687,0.0
2023-05-25,120.3499984741211,106.10459671020507,3,430.0592273435691,430.0592273435691,185806.40859637043,41.27297034862656,WIN,185806.40859637043,0.0
2023-05-31,118.20999908447266,122.76459671020507,3,621.2669044219651,-745.1123832977587,185061.29621307267,47.80349985916664,LOSS,185806.40859637043,-0.401015438017737
2023-06-01,119.47000122070312,115.8457991027832,3,630.416794123974,630.416794123974,185691.71300719664,50.27463988851618,WIN,185806.40859637043,-0.061728543186550446
2023-06-02,117.86000061035156,117.08060119628907,3,526.0649865515019,526.0649865515019,186217.77799374814,44.125243024451784,WIN,186217.77799374814,0.0
2023-06-05,117.93000030517578,115.50280059814453,3,510.05859422833555,510.05859422833555,186727.83658797646,43.62481307082345,WIN,186727.83658797646,0.0
2023-06-06,124.2300033569336,115.57140029907227,3,507.52126325460836,507.52126325460836,187235.35785123106,43.46551013682361,WIN,187235.35785123106,0.0
2023-06-08,121.05000305175781,115.47340179443358,3,543.213659615291,543.213659615291,187778.57151084635,45.49325786687222,WIN,187778.57151084635,0.0
2023-06-09,124.91999816894531,118.62900299072265,3,559.7014700046024,559.7014700046024,188338.27298085095,45.583041320459344,WIN,188338.27298085095,0.0
2023-06-14,127.33000183105469,122.03939880371094,3,595.7142371754013,595.7142371754013,188933.98721802633,46.64120572304802,WIN,188933.98721802633,0.0
2023-06-15,124.23999786376953,124.78340179443359,3,601.3993211799951,438.3781419807784,189372.36536000713,46.24073312659881,LOSS,189372.36536000713,0.0
2023-06-16,120.08000183105469,121.75519790649413,3,597.7807817645487,95.22195913271531,189467.58731913983,46.8250827888976,LOSS,189467.58731913983,0.0
2023-06-20,118.93000030517578,117.6784017944336,3,584.084119842513,584.084119842513,190051.67143898233,47.17316168972787,WIN,190051.67143898233,0.0
2023-06-21,112.11000061035156,116.55140029907227,3,574.6104297853286,-757.8094768308837,189293.86196215145,46.9573760627023,LOSS,190051.67143898233,-0.3987386541213247
2023-06-22,110.69999694824219,109.86780059814453,3,572.3631522737994,572.3631522737994,189866.22511442524,48.76885541631249,WIN,190051.67143898233,-0.0975767922233897
2023-06-23,110.01000213623047,108.48599700927734,3,566.984550976743,566.984550976743,190433.20966540198,48.8776007329399,WIN,190433.20966540198,0.0
2023-06-26,107.51000213623047,107.80980209350585,3,563.9788685347303,474.0388813521155,190907.2485467541,48.909367372584256,LOSS,190907.2485467541,0.0
2023-06-27,110.38999938964844,105.35980209350586,3,441.8501384862765,441.8501384862765,191349.09868524037,42.18411217480991,WIN,191349.09868524037,0.0
2023-06-28,110.16999816894531,108.18219940185547,3,425.3673343725818,425.3673343725818,191774.46601961294,40.48727667412781,WIN,191774.46601961294,0.0
2023-06-29,111.23999786376953,107.9665982055664,3,424.0778852141757,424.0778852141757,192198.54390482712,40.460756999340106,WIN,192198.54390482712,0.0
2023-07-06,113.4800033569336,111.67099700927734,3,420.37871809095844,420.37871809095844,192618.9226229181,39.40143866432027,WIN,192618.9226229181,0.0
2023-07-07,113.16999816894531,111.21040328979493,3,380.1843935388467,380.1843935388467,192999.10701645695,37.15970496775283,WIN,192999.10701645695,0.0
2023-07-10,113.58000183105469,110.90659820556641,3,347.60477302715645,347.60477302715645,193346.7117894841,35.316245445987704,WIN,193346.7117894841,0.0
2023-07-11,111.31999969482422,111.30840179443359,3,336.8521555245948,336.8521555245948,193683.5639450087,34.616724285666756,WIN,193683.5639450087,0.0
2023-07-12,114.58000183105469,109.09359970092773,3,314.7084950888785,314.7084950888785,193998.2724400976,33.6992547558208,WIN,193998.2724400976,0.0
2023-07-17,118.31999969482422,113.62120239257813,3,298.8893023527291,298.8893023527291,194297.16174245032,32.051637633925395,WIN,194297.16174245032,0.0
2023-07-18,117.93000030517578,115.95359970092773,3,307.2959924833243,307.2959924833243,194604.45773493365,32.17859992170907,WIN,194604.45773493365,0.0
2023-07-19,116.43000030517578,115.57140029907227,3,288.1571264650636,288.1571264650636,194892.6148613987,31.16196246003246,WIN,194892.6148613987,0.0
2023-07-20,110.25,114.10140029907227,3,285.6658966360022,-869.754193085678,194022.86066831302,31.228654955125556,LOSS,194892.6148613987,-0.4462735510548839
2023-07-21,110.94999694824219,108.045,3,262.47286453133086,262.47286453133086,194285.33353284435,30.746891733620117,WIN,194892.6148613987,-0.3115979171330998
2023-07-24,110.61000061035156,108.73099700927735,3,262.1669216116319,262.1669216116319,194547.500454456,30.629303642417362,WIN,194892.6148613987,-0.17707926346421293
2023-07-25,113.0,108.39780059814453,3,260.79784328895425,260.79784328895425,194808.29829774494,30.59547581586383,WIN,194892.6148613987,-0.04326308809275449
2023-07-26,110.08999633789062,110.74,3,262.98978915342343,67.98869052061247,194876.28698826555,30.393928748877663,LOSS,194892.6148613987,-0.008377881914491157
2023-07-27,111.0999984741211,107.88819641113281,3,257.79911416313064,257.79911416313064,195134.08610242867,30.488971908831786,WIN,195134.08610242867,0.0
2023-07-28,112.95999908447266,108.87799850463867,3,261.4718678020932,261.4718678020932,195395.55797023076,30.566821479413345,WIN,195395.55797023076,0.0
2023-08-03,113.1500015258789,107.16299850463867,3,332.35877867649526,332.35877867649526,195727.91674890724,35.10376512797274,WIN,195727.91674890724,0.0
2023-08-04,115.81999969482422,110.88700149536133,3,361.1232386084374,361.1232386084374,196089.0399875157,36.110081067600376,WIN,196089.0399875157,0.0
2023-08-07,116.80999755859375,113.50359970092774,3,376.5156982381391,376.5156982381391,196465.55568575382,36.502480246822024,WIN,196465.55568575382,0.0
2023-08-08,113.2300033569336,114.47379760742187,3,380.33014979810605,7.191874651622527,196472.74756040543,36.53623434417452,LOSS,196472.74756040543,0.0
2023-08-09,110.47000122070312,110.96540328979492,3,376.18072874015513,227.5601080126164,196700.30766841804,36.97475551431556,LOSS,196700.30766841804,0.0
2023-08-10,110.2300033569336,108.26060119628906,3,363.5143414915054,363.5143414915054,197063.82200990955,36.76537826931079,WIN,197063.82200990955,0.0
2023-08-11,107.56999969482422,108.02540328979492,3,360.4047819115741,223.78370342036283,197287.60571332992,36.62617697581055,LOSS,197287.60571332992,0.0
2023-08-14,111.9800033569336,105.41859970092773,3,357.2504631211255,357.2504631211255,197644.85617645105,36.96699553459766,WIN,197644.85617645105,0.0
2023-08-15,111.3499984741211,109.74040328979493,3,389.0845358051621,389.0845358051621,198033.9407122562,37.982248835986596,WIN,198033.9407122562,0.0
2023-08-16,107.19000244140625,109.12299850463867,3,387.01194278065304,-192.88687618907386,197841.05383606715,37.98916410060708,LOSS,198033.9407122562,-0.09740091799179398
2023-08-17,104.44000244140625,105.04620239257812,3,384.99410771499566,203.1341223634335,198044.1879584306,38.75684863417867,LOSS,198044.1879584306,0.0
2023-08-18,105.44999694824219,102.35120239257812,3,352.45834396916507,352.45834396916507,198396.64630239975,37.32183798959697,WIN,198396.64630239975,0.0
2023-08-21,108.22000122070312,103.34099700927734,3,356.672096679265,356.672096679265,198753.31839907903,37.37234932952391,WIN,198753.31839907903,0.0
2023-08-22,105.66000366210938,106.05560119628906,3,375.1917045221814,256.51244426827566,199009.8308433473,37.93161922341157,LOSS,199009.8308433473,0.0
2023-08-23,109.43000030517578,103.54680358886719,3,365.4816375314296,365.4816375314296,199375.31248087873,37.879365137093465,WIN,199375.31248087873,0.0
2023-08-25,102.25,99.76400299072266,3,406.6676499344744,406.6676499344744,199781.9801308132,41.4229232742423,WIN,199781.9801308132,0.0
2023-08-28,102.61000061035156,100.205,3,404.9326952711027,404.9326952711027,200186.9128260843,41.19440609795693,WIN,200186.9128260843,0.0
2023-08-29,105.91999816894531,100.55780059814452,3,404.0310645421416,404.0310645421416,200590.94389062645,41.04438437688093,WIN,200590.94389062645,0.0
2023-08-30,106.58999633789062,103.8015982055664,3,420.10386612260766,420.10386612260766,201011.04775674906,41.234195000747974,WIN,201011.04775674906,0.0
2023-08-31,105.72000122070312,104.45819641113282,3,374.6363754966557,374.6363754966557,201385.68413224572,38.24783553094122,WIN,201385.68413224572,0.0
2023-09-01,109.44999694824219,103.60560119628906,3,356.36526944149233,356.36526944149233,201742.04940168723,37.29601466032889,WIN,201742.04940168723,0.0
2023-09-07,106.58999633789062,107.09439880371093,3,370.1946282825042,218.8738885364125,201960.92329022364,37.40672890895611,LOSS,201960.92329022364,0.0
2023-09-08,106.08999633789062,104.45819641113282,3,361.21448333760964,361.21448333760964,202322.13777356126,37.41494806502476,WIN,202322.13777356126,0.0
2023-09-11,105.31999969482422,103.96819641113281,3,359.6374822652612,359.6374822652612,202681.77525582653,37.42226819343017,WIN,202681.77525582653,0.0
2023-09-12,105.30999755859375,103.21359970092773,3,351.18377063338164,351.18377063338164,203032.95902645992,37.05528209908306,WIN,203032.95902645992,0.0
2023-09-13,107.70999908447266,103.20379760742188,3,328.6283901829429,328.6283901829429,203361.58741664287,35.64070397722212,WIN,203361.58741664287,0.0
2023-09-15,101.48999786376953,104.4973973083496,3,324.12420100865484,-578.0956323653672,202783.4917842775,35.10578757983892,LOSS,203361.58741664287,-0.28426982681886276
2023-09-18,102.37000274658203,99.46019790649414,3,328.62079607452495,328.62079607452495,203112.11258035203,36.41710809828592,WIN,203361.58741664287,-0.12267549612490207
2023-09-19,101.61000061035156,100.32260269165039,3,331.2239708958933,331.2239708958933,203443.33655124792,36.40119741481322,WIN,203443.33655124792,0.0
2023-09-20,100.33999633789062,99.57780059814453,3,319.4966500936122,319.4966500936122,203762.83320134153,35.79787116888873,WIN,203762.83320134153,0.0
2023-09-21,96.11000061035156,98.33319641113282,3,311.2816220846053,-355.6771181497713,203407.15608319177,35.51957817915668,LOSS,203762.83320134153,-0.17455446244129813
2023-09-22,96.19999694824219,94.18780059814453,3,296.39032215781026,296.39032215781026,203703.5464053496,35.397853461032625,WIN,203762.83320134153,-0.029095981372302702
2023-09-25,97.37999725341797,94.27599700927735,3,241.3781381574317,241.3781381574317,203944.92454350702,31.59632395404208,WIN,203944.92454350702,0.0
2023-09-26,95.95999908447266,95.4323973083496,3,246.81023348254843,246.81023348254843,204191.73477698956,31.764184566602317,WIN,204191.73477698956,0.0
2023-09-27,98.06999969482422,94.0407991027832,3,244.68953611633947,244.68953611633947,204436.4243131059,31.866081366197765,WIN,204436.4243131059,0.0
2023-10-02,103.2699966430664,100.76359970092773,3,288.2929042522807,288.2929042522807,204724.71721735818,33.545791958276126,WIN,204724.71721735818,0.0
2023-10-04,104.06999969482422,98.07840179443359,3,268.7310606488504,268.7310606488504,204993.44827800704,32.76068003165376,WIN,204993.44827800704,0.0
2023-10-13,105.08999633789062,106.61420089721679,3,333.1838300771932,-124.07753772065632,204869.3707402864,35.25741216641626,LOSS,204993.44827800704,-0.06052756259428044
2023-10-16,106.45999908447266,102.9881964111328,3,305.6556213460042,305.6556213460042,205175.0263616324,34.23800525956619,WIN,205175.0263616324,0.0
2023-10-17,105.13999938964844,104.3307991027832,3,310.6948333748869,310.6948333748869,205485.72119500727,34.303524089135905,WIN,205485.72119500727,0.0
2023-10-18,102.16999816894531,103.03719940185546,3,308.471994356726,48.31162448368167,205534.03281949094,34.4060345309544,LOSS,205534.03281949094,0.0
2023-10-19,102.4000015258789,100.12659820556641,3,308.7559930866081,308.7559930866081,205842.78881257755,34.98853841998594,WIN,205842.78881257755,0.0
2023-10-20,101.80999755859375,100.35200149536132,3,282.91904010444404,282.91904010444404,206125.70785268198,33.27474145818972,WIN,206125.70785268198,0.0
2023-10-23,100.01000213623047,99.77379760742187,3,282.34757250442976,282.34757250442976,206408.0554251864,33.34351925260516,WIN,206408.0554251864,0.0
2023-10-24,101.66999816894531,98.00980209350585,3,281.4569653189004,281.4569653189004,206689.51239050532,33.614766500714154,WIN,206689.51239050532,0.0
2023-10-25,96.05999755859375,99.6365982055664,3,284.96197814690527,-788.0182159448898,205901.49417456042,33.538864484705506,LOSS,206689.51239050532,-0.38125699114141526
2023-10-26,93.66999816894531,94.13879760742188,3,302.85321993078054,162.21338838781077,206063.70756294823,35.853485427251904,LOSS,206689.51239050532,-0.3027753175858953
2023-10-27,96.43000030517578,91.79659820556641,3,271.44033540295015,271.44033540295015,206335.1478983512,34.16738649799244,WIN,206689.51239050532,-0.17144773726332796
2023-10-30,96.18000030517578,94.50140029907226,3,292.70398280356574,292.70398280356574,206627.85188115475,35.077308508905894,WIN,206689.51239050532,-0.029832432539715348
2023-10-31,98.5,94.25640029907227,3,291.2809229445626,291.2809229445626,206919.13280409932,35.03163031096415,WIN,206919.13280409932,0.0
2023-11-01,108.04000091552734,96.53,3,296.24818276675927,296.24818276675927,207215.38098686608,34.89337609024507,WIN,207215.38098686608,0.0
2023-11-10,118.58999633789062,111.22019790649414,3,433.03053810541803,433.03053810541803,207648.41152497148,40.23771115271922,WIN,207648.41152497148,0.0
2023-11-14,119.87999725341797,114.4542008972168,3,451.75021742890374,451.75021742890374,208100.16174240038,40.58478295801884,WIN,208100.16174240038,0.0
2023-11-16,119.83000183105469,115.64,3,448.6786981080975,448.6786981080975,208548.84044050847,40.15025961369179,WIN,208548.84044050847,0.0
2023-11-22,122.51000213623047,116.77680358886718,3,451.3905437809792,451.3905437809792,209000.23098428946,40.05595599000553,WIN,209000.23098428946,0.0
2023-11-29,123.8499984741211,119.56980209350586,3,392.03896533083474,392.03896533083474,209392.2699496203,36.2531265542134,WIN,209392.2699496203,0.0
2023-12-01,121.38999938964844,118.73680358886719,3,272.66944470173814,272.66944470173814,209664.93939432205,29.885595885643063,WIN,209664.93939432205,0.0
2023-12-04,118.56999969482422,118.96219940185547,3,272.2381848753806,154.57827276600477,209819.51766708805,29.833893611035478,LOSS,209819.51766708805,0.0
2023-12-05,118.37999725341797,116.19859970092773,3,254.39000171144625,254.39000171144625,210073.90766879948,29.19104078354742,WIN,210073.90766879948,0.0
2023-12-06,116.81999969482422,116.0123973083496,3,253.26664541564676,253.26664541564676,210327.17431421514,29.15105116371404,WIN,210327.17431421514,0.0
2023-12-07,128.3699951171875,114.48359970092773,3,251.46191380021594,251.46191380021594,210578.63622801536,29.23783790998437,WIN,210578.63622801536,0.0
2023-12-15,139.14999389648438,135.24,3,446.6118525415857,446.6118525415857,211025.24808055695,36.40622997099431,WIN,211025.24808055695,0.0
2023-12-19,140.14999389648438,136.1219940185547,3,450.03755749632813,450.03755749632813,211475.2856380533,36.43066072885466,WIN,211475.2856380533,0.0
2023-12-20,135.47000122070312,137.34699401855468,3,454.1268057638524,-108.97103359161463,211366.3146044617,36.43251238074842,LOSS,211475.2856380533,-0.051528968627620096
2023-12-21,139.91000366210938,132.76060119628906,3,453.50445300719514,453.50445300719514,211819.81905746888,37.14254060503486,WIN,211819.81905746888,0.0
2023-12-22,139.60000610351562,137.1118035888672,3,471.8303309319746,471.8303309319746,212291.64938840087,37.30622693138757,WIN,212291.64938840087,0.0
2023-12-26,143.41000366210938,136.80800598144532,3,470.94831043142733,470.94831043142733,212762.59769883228,37.31396947152826,WIN,212762.59769883228,0.0
2024-01-02,138.5800018310547,144.46180358886718,3,491.81516950687706,-1272.725357836872,211489.8723409954,37.068051645038096,LOSS,212762.59769883228,-0.5981903640969949
2024-01-03,135.32000732421875,135.8084017944336,3,530.5928971564194,384.07455609196666,211873.9468970874,40.325025882965676,LOSS,212762.59769883228,-0.4176724722090434
2024-01-04,136.00999450683594,132.61360717773437,3,518.3506119964812,518.3506119964812,212392.29750908387,40.336733983374785,WIN,212762.59769883228,-0.17404383747587546
2024-01-05,138.5800018310547,133.28979461669923,3,519.9967805727538,519.9967805727538,212912.29428965662,40.28825489880785,WIN,212912.29428965662,0.0
2024-01-08,146.17999267578125,135.8084017944336,3,525.0596671537462,525.0596671537462,213437.35395681037,40.06092662007487,WIN,213437.35395681037,0.0
2024-01-16,158.74000549316406,143.62879760742186,3,437.5292913462938,437.5292913462938,213874.88324815666,34.74607183904017,WIN,213874.88324815666,0.0
2024-01-19,174.22999572753906,159.4165982055664,3,596.2241312469951,596.2241312469951,214471.10737940366,39.24326542526866,WIN,214471.10737940366,0.0
2024-01-23,168.4199981689453,164.8163928222656,3,680.2175686403796,680.2175686403796,215151.32494804406,41.75238735901396,WIN,215151.32494804406,0.0
2024-01-24,178.2899932861328,165.0515982055664,3,674.7472461407154,674.7472461407154,215826.07219418476,41.499427480744274,WIN,215826.07219418476,0.0
2024-01-26,177.25,176.72340179443358,3,753.0243078304302,753.0243078304302,216579.0965020152,42.62040466749956,WIN,216579.0965020152,0.0
2024-01-29,177.8300018310547,173.70499999999998,3,752.0571795299376,752.0571795299376,217331.15368154514,43.06426331081622,WIN,217331.15368154514,0.0
2024-01-30,172.05999755859375,174.2734017944336,3,754.0763130689918,90.05504231703799,217421.2087238622,43.04783182536963,LOSS,217421.2087238622,0.0
2024-01-31,167.69000244140625,168.61879760742187,3,750.6687059600046,472.0301561553191,217893.2388800175,43.85741516258734,LOSS,217893.2388800175,0.0
2024-02-01,170.47999572753906,164.33620239257812,3,677.4437974109765,677.4437974109765,218570.6826774285,41.72114898142098,WIN,218570.6826774285,0.0
2024-02-02,177.66000366210938,167.07039581298827,3,669.7633591404859,669.7633591404859,219240.446036569,40.98585361858257,WIN,219240.446036569,0.0
2024-02-06,167.8800048828125,170.74539581298828,3,713.9786627333621,-145.6386163193713,219094.80742024962,42.10512009012745,LOSS,219240.446036569,-0.06642871739782683
2024-02-07,170.94000244140625,164.52240478515625,3,689.5779712813387,689.5779712813387,219784.38539153096,42.1689863076965,WIN,219784.38539153096,0.0
2024-02-08,169.35000610351562,167.52120239257812,3,701.0496107314848,701.0496107314848,220485.43500226244,42.12651954228684,WIN,220485.43500226244,0.0
2024-02-09,172.47999572753906,165.96300598144532,3,696.5293997253566,696.5293997253566,221181.9644019878,42.204657604085824,WIN,221181.9644019878,0.0
2024-02-12,171.91000366210938,169.03039581298827,3,709.2764241459776,709.2764241459776,221891.24082613376,42.19980687000623,WIN,221891.24082613376,0.0
2024-02-13,171.5399932861328,168.47180358886717,3,703.8148102746554,703.8148102746554,222595.05563640842,42.07985162822253,WIN,222595.05563640842,0.0
2024-02-14,178.6999969482422,168.10919342041015,3,603.0798789793721,603.0798789793721,223198.13551538778,38.25404341459968,WIN,223198.13551538778,0.0
2024-02-16,173.8699951171875,173.22479461669923,3,649.0097434180136,649.0097434180136,223847.1452588058,39.286015400892865,WIN,223847.1452588058,0.0
2024-02-20,165.69000244140625,170.39259521484374,3,554.6548756465598,-856.1229563846865,222991.0223024211,36.100231575913654,LOSS,223847.1452588058,-0.382458733344522
2024-02-21,164.2899932861328,162.3762023925781,3,547.9967337467292,547.9967337467292,223539.01903616783,36.8761400115593,WIN,223847.1452588058,-0.13765028018638784
2024-02-22,181.86000061035156,161.00419342041016,3,544.4352298965773,544.4352298965773,224083.4542660644,36.91917161959925,WIN,224083.4542660644,0.0
2024-02-26,176.00999450683594,172.9896041870117,3,740.736547887864,740.736547887864,224824.19081395227,42.75612742597138,WIN,224824.19081395227,0.0
2024-02-27,178.0,172.4897946166992,3,734.1462497141672,734.1462497141672,225558.33706366643,42.58889357585559,WIN,225558.33706366643,0.0
2024-02-28,176.5399932861328,174.44,3,744.2329882604126,744.2329882604126,226302.57005192686,42.65527253409416,WIN,226302.57005192686,0.0
2024-02-29,192.52999877929688,173.00919342041016,3,721.2249861362027,721.2249861362027,227023.79503806305,42.02195005680176,WIN,227023.79503806305,0.0
2024-03-05,205.1300048828125,201.25280059814452,3,967.0801837207587,967.0801837207587,227990.87522178382,46.14839375218146,WIN,227990.87522178382,0.0
2024-03-06,210.6300048828125,201.02740478515625,3,954.7369401831334,954.7369401831334,228945.61216196694,45.785312376099995,WIN,228945.61216196694,0.0
2024-03-11,198.38999938964844,203.24219940185546,3,940.8213700182487,-514.8386336438575,228430.77352832307,45.00601982411222,LOSS,228945.61216196694,-0.22487377188939073
2024-03-12,202.75999450683594,194.42219940185547,3,943.5417453456394,943.5417453456394,229374.3152736687,46.45794668925551,WIN,229374.3152736687,0.0
2024-03-13,194.7899932861328,198.70479461669922,3,965.131066156832,-209.30933301308937,229165.00594065562,46.48422830948926,LOSS,229374.3152736687,-0.09125229769660592
2024-03-14,187.05999755859375,190.89419342041015,3,959.8209159934702,-190.43784255144897,228974.56809810418,47.592118876798125,LOSS,229374.3152736687,-0.17427721804317173
2024-03-15,191.05999755859375,183.31879760742189,3,931.2608012345974,931.2608012345974,229905.82889933878,47.929067117058544,WIN,229905.82889933878,0.0
2024-03-18,190.64999389648438,187.23879760742187,3,952.4645273527161,952.4645273527161,230858.2934266915,47.97372951149995,WIN,230858.2934266915,0.0
2024-03-19,181.4199981689453,186.8369940185547,3,944.516700614901,-680.5820542679124,230177.7113724236,47.76890085203875,LOSS,230858.2934266915,-0.29480511363305933
2024-03-20,179.72999572753906,177.7915982055664,3,900.8013711043393,900.8013711043393,231078.51274352794,47.842250477655014,WIN,231078.51274352794,0.0
2024-03-21,178.67999267578125,176.13539581298826,3,892.7471646609458,892.7471646609458,231971.2599081889,47.854657507079914,WIN,231971.2599081889,0.0
2024-03-22,179.64999389648438,175.10639282226563,3,724.7643990014668,724.7643990014668,232696.02430719035,41.82933788718164,WIN,232696.02430719035,0.0
2024-03-25,178.6300048828125,176.0569940185547,3,713.9641975796823,713.9641975796823,233409.98850477004,41.2868323959986,WIN,233409.98850477004,0.0
2024-03-26,177.8699951171875,175.05740478515625,3,710.4428176033165,710.4428176033165,234120.43132237336,41.306540960790926,WIN,234120.43132237336,0.0
2024-03-27,179.58999633789062,174.31259521484375,3,706.0144515969722,706.0144515969722,234826.44577397034,41.2542687387011,WIN,234826.44577397034,0.0
2024-03-28,180.49000549316406,175.9981964111328,3,712.7268371129582,712.7268371129582,235539.17261108328,41.25004179206439,WIN,235539.17261108328,0.0
2024-04-02,178.6999969482422,179.6731964111328,3,496.6296144597767,204.6697755925909,235743.84238667588,32.91696410788711,LOSS,235743.84238667588,0.0
2024-04-03,180.77000427246094,175.12599700927734,3,484.5023627014339,484.5023627014339,236228.3447493773,32.933306984085824,WIN,236228.3447493773,0.0
2024-04-04,165.8300018310547,177.15460418701173,3,497.50362037885037,-2899.8770864082617,233328.46766296905,33.20366798648752,LOSS,236228.3447493773,-1.2275737229945203
2024-04-05,170.4199981689453,162.51340179443358,3,543.677835448228,543.677835448228,233872.1454984173,36.68540568731596,WIN,236228.3447493773,-0.9974244426340099
2024-04-08,169.89999389648438,167.0115982055664,3,583.3963771302836,583.3963771302836,234455.54187554758,37.64290790762441,WIN,236228.3447493773,-0.7504615399606495
2024-04-09,170.77999877929688,166.50199401855468,3,580.994140758195,580.994140758195,235036.5360163058,37.618688417499214,WIN,236228.3447493773,-0.5045155501283942
2024-04-10,167.13999938964844,167.36439880371094,3,563.7979454277277,496.47812120897663,235533.01413751478,36.83612196909916,LOSS,236228.3447493773,-0.29434681625536224
2024-04-11,170.5,163.79719940185547,3,537.3999283620835,537.3999283620835,236070.41406587686,36.26700027255801,WIN,236228.3447493773,-0.06685509466190759
2024-04-15,160.32000732421875,160.01439880371095,3,524.364790864533,524.364790864533,236594.77885674138,36.24171428340701,WIN,236594.77885674138,0.0
2024-04-16,163.4600067138672,157.11360717773437,3,501.162992162866,501.162992162866,237095.94184890424,35.67665579771419,WIN,237095.94184890424,0.0
2024-04-17,154.02000427246094,160.19080657958983,3,525.0610065103637,-1326.179685628305,235769.76216327594,36.24649439167428,LOSS,237095.94184890424,-0.5593430555101813
2024-04-18,155.0800018310547,150.93960418701172,3,509.95606536174944,509.95606536174944,236279.71822863768,36.900027449184904,WIN,237095.94184890424,-0.34425878988124003
2024-04-19,146.63999938964844,151.97840179443358,3,516.9947234473111,-1084.5259979882317,235195.19223064944,37.050545705827574,LOSS,237095.94184890424,-0.8016795240916056
2024-04-22,148.63999938964844,143.70719940185546,3,523.1983214475323,523.1983214475323,235718.39055209697,38.599506455915844,WIN,237095.94184890424,-0.5810100696220073
2024-04-23,152.27000427246094,145.66719940185547,3,535.1669103156743,535.1669103156743,236253.55746241263,38.81456136336422,WIN,237095.94184890424,-0.35529262117377136
2024-04-24,151.74000549316406,149.22460418701172,3,564.9690589718957,564.9690589718957,236818.52652138454,39.54139992357247,WIN,237095.94184890424,-0.11700551487991837
2024-04-25,153.75999450683594,148.70520538330078,3,563.0888848874381,563.0888848874381,237381.61540627197,39.54516115567087,WIN,237381.61540627197,0.0
2024-04-26,157.39999389648438,150.6847946166992,3,572.7362190118831,572.7362190118831,237954.35162528386,39.63770903486696,WIN,237954.35162528386,0.0
2024-05-01,144.27000427246094,155.21240478515625,3,598.4847565329628,-2684.235397275632,235270.11622800824,39.994345568130086,LOSS,237954.35162528386,-1.1280463580269362
2024-05-02,146.16000366210938,141.38460418701172,3,628.2717642140019,628.2717642140019,235898.38799222224,43.80451227988489,WIN,237954.35162528386,-0.8640159841662517
2024-05-03,150.60000610351562,143.2368035888672,3,568.0344322242582,568.0344322242582,236466.4224244465,40.7060380085494,WIN,237954.35162528386,-0.6253002690114533
2024-05-06,155.77999877929688,147.58800598144532,3,588.0370235009682,588.0370235009682,237054.45944794748,40.82668762995965,WIN,237954.35162528386,-0.3781784914585128
2024-05-07,154.42999267578125,152.66439880371092,3,630.9173130809397,630.9173130809397,237685.37676102843,41.788585205700485,WIN,237954.35162528386,-0.11303632920275337
2024-05-08,153.6199951171875,151.34139282226562,3,624.498861035519,624.498861035519,238309.87562206393,41.747859203294965,WIN,238309.87562206393,0.0
2024-05-09,152.38999938964844,150.54759521484374,3,616.9443296358764,616.9443296358764,238926.8199516998,41.56361998551711,WIN,238926.8199516998,0.0
2024-05-10,151.9199981689453,149.34219940185545,3,603.529423103437,603.529423103437,239530.34937480325,41.19576036546728,WIN,239530.34937480325,0.0
2024-05-13,150.55999755859375,148.8815982055664,3,580.0126066116937,580.0126066116937,240110.36198141496,40.25291490377611,WIN,240110.36198141496,0.0
2024-05-14,153.16000366210938,147.54879760742188,3,571.8873850732577,571.8873850732577,240682.24936648822,40.12406720533498,WIN,240682.24936648822,0.0
2024-05-15,159.6699981689453,150.09680358886717,3,580.2652527919294,580.2652527919294,241262.51461928015,40.05937445533111,WIN,241262.51461928015,0.0
2024-05-17,164.47000122070312,159.36759521484376,3,595.5496598372047,595.5496598372047,241858.06427911736,39.22328650580282,WIN,241858.06427911736,0.0
2024-05-20,166.3300018310547,161.18060119628905,3,540.9667695422166,540.9667695422166,242399.03104865958,36.755692970386676,WIN,242399.03104865958,0.0
2024-05-22,165.52000427246094,161.36680358886719,3,538.3399215873005,538.3399215873005,242937.37097024688,36.62506865147368,WIN,242937.37097024688,0.0
2024-05-23,160.42999267578125,162.2096041870117,3,539.9382192421326,6.054765872995745,242943.42573611988,36.576580089712934,LOSS,242943.42573611988,0.0
2024-05-24,166.36000061035156,157.2213928222656,3,543.2176374721201,543.2176374721201,243486.643373592,37.39635420665696,WIN,243486.643373592,0.0
2024-05-28,171.61000061035156,163.03280059814452,3,576.7312053837454,576.7312053837454,244063.37457897575,37.93050218167887,WIN,244063.37457897575,0.0
2024-05-30,166.75,161.83719940185546,3,608.277995284637,608.277995284637,244671.6525742604,39.36345387949888,WIN,244671.6525742604,0.0
2024-05-31,166.89999389648438,163.415,3,437.1209063744047,437.1209063744047,245108.77348063482,32.33902865268101,WIN,245108.77348063482,0.0
2024-06-03,163.5500030517578,163.56199401855469,3,437.6245892190311,434.0272991799693,245542.80077981477,32.34340732508474,LOSS,245542.80077981477,0.0
2024-06-04,159.99000549316406,160.27900299072266,3,429.9564915966249,343.25724232904577,245886.0580221438,32.38853454778758,LOSS,245886.0580221438,0.0
2024-06-05,166.1699981689453,156.7902053833008,3,411.80637130007585,411.80637130007585,246297.8643934439,32.025082963986776,WIN,246297.8643934439,0.0
2024-06-06,166.77999877929688,162.8465982055664,3,455.16990191333565,455.16990191333565,246753.0342953572,33.1179872722868,WIN,246753.0342953572,0.0
2024-06-07,167.8699951171875,163.44439880371092,3,454.8092746096829,454.8092746096829,247207.8435699669,33.03741820647315,WIN,247207.8435699669,0.0
2024-06-11,158.9600067138672,157.13319641113281,3,483.4194705721278,483.4194705721278,247691.26304053902,34.94211873631728,WIN,247691.26304053902,0.0
2024-06-12,160.24000549316406,155.78080657958984,3,479.09609458326565,479.09609458326565,248170.3591351223,34.93534642099101,WIN,248170.3591351223,0.0
2024-06-13,159.89999389648438,157.0352053833008,3,479.27340662655314,479.27340662655314,248649.63254174884,34.783421749737315,WIN,248649.63254174884,0.0
2024-06-14,159.6300048828125,156.70199401855467,3,443.0591212874715,443.0591212874715,249092.6916630363,33.327459283461955,WIN,249092.6916630363,0.0
2024-06-17,158.39999389648438,156.43740478515625,3,434.6990179606353,434.6990179606353,249527.39068099693,33.012050703314756,WIN,249527.39068099693,0.0
2024-06-18,154.6300048828125,155.23199401855467,3,428.8230549141274,248.22631419147558,249775.6169951884,32.906553085084376,LOSS,249775.6169951884,0.0
2024-06-20,161.77999877929688,151.53740478515624,3,424.2508025153645,424.2508025153645,250199.86779770377,33.147547072540945,WIN,250199.86779770377,0.0
2024-06-21,161.22999572753906,158.54439880371095,3,491.79429272606467,491.79429272606467,250691.66209042983,35.10701886160139,WIN,250691.66209042983,0.0
2024-06-24,160.25,158.00539581298827,3,489.5310952123708,489.5310952123708,251181.19318564222,35.08276330841257,WIN,251181.19318564222,0.0
2024-06-25,160.25,157.045,3,468.4299189425886,468.4299189425886,251649.6231045848,34.33461891083048,WIN,251649.6231045848,0.0
2024-06-26,157.5399932861328,157.045,3,437.98288653353654,437.98288653353654,252087.60599111835,33.077906338064864,WIN,252087.60599111835,0.0
2024-06-27,159.47000122070312,154.38919342041015,3,408.50050508950847,408.50050508950847,252496.10649620785,32.15105358910551,WIN,252496.10649620785,0.0
2024-06-28,162.2100067138672,156.28060119628907,3,389.70551754543146,389.70551754543146,252885.81201375328,31.163916035655497,WIN,252885.81201375328,0.0
2024-07-01,157.69000244140625,158.96580657958984,3,401.9079093385968,19.166667883520404,252904.9786816368,31.38845222316541,LOSS,252904.9786816368,0.0
2024-07-02,164.30999755859375,154.53620239257813,3,406.46648012504534,406.46648012504534,253311.44516176183,32.049419843440035,WIN,253311.44516176183,0.0
2024-07-12,181.61000061035156,178.30120239257812,3,520.8300700995774,520.8300700995774,253832.27523186142,33.93463260301428,WIN,253832.27523186142,0.0
2024-07-15,179.8300018310547,177.97780059814454,3,521.6255437861626,521.6255437861626,254353.90077564758,33.998010320450874,WIN,254353.90077564758,0.0
2024-07-16,177.5500030517578,176.2334017944336,3,520.981775830335,520.981775830335,254874.8825514779,34.16237839082636,WIN,254874.8825514779,0.0
2024-07-17,159.42999267578125,173.99900299072266,3,521.0065357435641,-3849.6965587388586,251025.18599273905,34.40937343457719,LOSS,254874.8825514779,-1.510426025585836
2024-07-18,155.77000427246094,156.24139282226562,3,655.8966740981973,514.4801091567914,251539.66610189583,42.2116221090723,LOSS,254874.8825514779,-1.3085700780689724
2024-07-19,151.5800018310547,152.65460418701173,3,640.2509292583628,317.8702224712507,251857.53632436707,42.18663235915301,LOSS,254874.8825514779,-1.1838538960391305
2024-07-22,155.8699951171875,148.5484017944336,3,601.0532714455792,601.0532714455792,252458.58959581266,41.22769266620047,WIN,254874.8825514779,-0.9480310227027614
2024-07-23,154.0,152.75259521484375,3,631.4968477327473,631.4968477327473,253090.0864435454,41.79771067494307,WIN,254874.8825514779,-0.7002636313415496
2024-07-24,144.6300048828125,150.92,3,625.2418189082566,-1261.7567162479897,251828.32972729742,41.85445393033975,LOSS,254874.8825514779,-1.195313086045332
2024-07-25,138.32000732421875,141.73740478515626,3,630.7144693144933,-394.504768966759,251433.82495833066,43.844527030340544,LOSS,254874.8825514779,-1.350096784233825
2024-07-26,139.99000549316406,135.55360717773436,3,619.1271649908836,619.1271649908836,252052.95212332153,44.6062829264238,WIN,254874.8825514779,-1.1071826301230028
2024-07-29,139.75,137.1902053833008,3,626.5265436498617,626.5265436498617,252679.4786669714,44.60271017989446,WIN,254874.8825514779,-0.861365334445257
2024-07-30,138.44000244140625,136.95499999999998,3,619.1497653548986,619.1497653548986,253298.6284323263,44.30440614370406,WIN,254874.8825514779,-0.6184423130958112
2024-07-31,144.47999572753906,135.67120239257812,3,607.9266447666315,607.9266447666315,253906.55507709295,44.04548340540456,WIN,254874.8825514779,-0.37992267605630803
2024-08-01,132.5399932861328,141.59039581298828,3,636.4438036455832,-2078.676954411056,251827.8781226819,44.13676767906487,LOSS,254874.8825514779,-1.1954902728324324
2024-08-02,132.5,129.88919342041015,3,644.3338421701618,644.3338421701618,252472.21196485206,47.155334126294846,WIN,254874.8825514779,-0.9426862947707554
2024-08-05,134.82000732421875,129.85,3,607.3334159006135,607.3334159006135,253079.54538075268,45.31798455419593,WIN,254874.8825514779,-0.7043994107040393
2024-08-06,130.17999267578125,132.12360717773439,3,597.3932243615162,14.308873775575648,253093.85425452827,44.30859332277416,LOSS,254874.8825514779,-0.6987853330702027
2024-08-07,128.6699981689453,127.57639282226562,3,581.1931643010421,581.1931643010421,253675.04741882932,44.53012488372441,WIN,254874.8825514779,-0.47075456029146057
2024-08-08,136.32000732421875,126.09659820556641,3,541.141234772497,541.141234772497,254216.1886536018,42.81777321335181,WIN,254874.8825514779,-0.2584381368937224
2024-08-09,134.27000427246094,133.59360717773438,3,638.1442985387204,638.1442985387204,254854.3329521405,45.963377050216295,WIN,254874.8825514779,-0.008062622386198095
2024-08-12,136.77000427246094,131.5846041870117,3,626.9668791706754,626.9668791706754,255481.2998313112,45.885499176604114,WIN,255481.2998313112,0.0
2024-08-21,157.80999755859375,153.2719940185547,3,689.7333251591081,689.7333251591081,256171.0331564703,44.16980371707146,WIN,256171.0331564703,0.0
2024-08-22,151.6999969482422,154.65379760742186,3,638.4742811260246,-247.66591662787857,255923.36723984242,41.76072797198728,LOSS,256171.0331564703,-0.0966799070043992
2024-08-23,154.97999572753906,148.66599700927733,3,607.270528496677,607.270528496677,256530.6377683391,41.47802948686195,WIN,256530.6377683391,0.0
2024-08-26,149.99000549316406,151.88039581298827,3,623.5994483311619,56.48235238389998,256587.120120723,41.61454870765864,LOSS,256587.120120723,0.0
2024-08-27,150.5,146.99020538330078,3,622.0395777087342,622.0395777087342,257209.15969843173,42.431194879380726,WIN,257209.15969843173,0.0
2024-08-28,146.36000061035156,147.49,3,621.5418182493453,282.5420013548113,257491.70169978653,42.31636346369891,LOSS,257491.70169978653,0.0
2024-08-29,145.49000549316406,143.43280059814452,3,594.6490300443518,594.6490300443518,258086.35072983088,41.873692339132454,WIN,258086.35072983088,0.0
2024-08-30,148.55999755859375,142.58020538330078,3,482.44669425598863,482.44669425598863,258568.79742408686,36.933361840214744,WIN,258568.79742408686,0.0
2024-09-03,136.94000244140625,145.58879760742187,3,496.1264619301074,-2098.512087874578,256470.28533621228,37.089177077895805,LOSS,258568.79742408686,-0.8115875189815513
2024-09-04,140.8699951171875,134.20120239257812,3,549.3889349551891,549.3889349551891,257019.67427116746,41.53619229275267,WIN,258568.79742408686,-0.5991144980956997
2024-09-05,139.44000244140625,138.05259521484373,3,555.4099224468865,555.4099224468865,257575.08419361434,41.07859340929377,WIN,258568.79742408686,-0.3843128948164241
2024-09-06,134.35000610351562,136.6512023925781,3,549.1744529298514,-141.18443378889515,257433.89975982544,41.05025465079302,LOSS,258568.79742408686,-0.4389151651581716
2024-09-09,138.14999389648438,131.6630059814453,3,505.4494163259691,505.4494163259691,257939.34917615142,39.88450679508884,WIN,258568.79742408686,-0.24343550119199814
2024-09-10,142.83999633789062,135.38699401855467,3,526.6851924803248,526.6851924803248,258466.03436863175,40.21675895923775,WIN,258568.79742408686,-0.03974302254520266
2024-09-18,148.2899932861328,147.80360717773436,3,546.4620688573239,546.4620688573239,259012.49643748908,38.96569859624594,WIN,259012.49643748908,0.0
2024-09-19,156.74000549316406,145.32419342041015,3,539.6453168221799,539.6453168221799,259552.14175431128,39.070526824713006,WIN,259552.14175431128,0.0
2024-09-23,156.75,152.83099700927735,3,594.8065120689455,594.8065120689455,260146.94826638023,40.22779961416836,WIN,260146.94826638023,0.0
2024-09-30,164.0800018310547,161.06300598144531,3,611.3274016294995,611.3274016294995,260758.27566800974,39.60328893039754,WIN,260758.27566800974,0.0
2024-10-01,159.75,160.7984017944336,3,607.4856981033091,292.9651597732286,261051.24082778295,39.48890882913222,LOSS,261051.24082778295,0.0
2024-10-02,159.77999877929688,156.555,3,481.100342512366,481.100342512366,261532.34117029532,34.91974744844626,WIN,261532.34117029532,0.0
2024-10-03,162.85000610351562,156.58439880371094,3,472.9495351032982,472.9495351032982,262005.29070539863,34.578590282369476,WIN,262005.29070539863,0.0
2024-10-04,170.89999389648438,159.59300598144532,3,478.5884531210244,478.5884531210244,262483.8791585197,34.438532082406674,WIN,262483.8791585197,0.0
2024-10-11,167.88999938964844,160.89639282226562,3,470.0192417306405,470.0192417306405,262953.8984002503,33.935833848679835,WIN,262953.8984002503,0.0
2024-10-14,165.27000427246094,164.53219940185548,3,486.9608629478014,486.9608629478014,263440.8592631981,34.18484344310396,WIN,263440.8592631981,0.0
2024-10-15,156.63999938964844,161.9646041870117,3,487.4269127711926,-1109.9545264377869,262330.9047367603,34.507629336454215,LOSS,263440.8592631981,-0.42132967890484446
2024-10-16,156.1300048828125,153.50719940185547,3,518.0029488566872,518.0029488566872,262848.907685617,36.87351548795196,WIN,263440.8592631981,-0.22469998740389388
2024-10-17,156.25,153.00740478515624,3,510.1809229330622,510.1809229330622,263359.08860855,36.613588091914636,WIN,263440.8592631981,-0.031039473101012568
2024-10-18,155.97000122070312,153.125,3,451.4277949237198,451.4277949237198,263810.51640347374,34.10985088432686,WIN,263810.51640347374,0.0
2024-10-21,157.89999389648438,152.85060119628906,3,450.1378662865301,450.1378662865301,264260.65426976024,34.08945375018244,WIN,264260.65426976024,0.0
2024-10-22,154.08999633789062,154.7419940185547,3,458.19098817781605,262.59168397859594,264523.24595373886,34.19346824807616,LOSS,264523.24595373886,0.0
2024-10-23,152.91000366210938,151.00819641113281,3,456.4478105090634,456.4478105090634,264979.69376424793,34.59321535771166,WIN,264979.69376424793,0.0
2024-10-24,153.44000244140625,149.8518035888672,3,441.0267833806381,441.0267833806381,265420.7205476286,34.07735207636162,WIN,265420.7205476286,0.0
2024-10-25,156.22999572753906,150.3712023925781,3,414.8320497551578,414.8320497551578,265835.55259738374,32.88227356048231,WIN,265835.55259738374,0.0
2024-10-31,144.07000732421875,145.6280059814453,3,613.3149210646328,145.91532389666406,265981.4679212804,42.29943960049134,LOSS,265981.4679212804,0.0
