Date,Stock_Price,Strike,Contracts,Premium,PnL,Capital,VIX,Status,Peak,Drawdown_%
2019-01-03,17.049999237060547,18.829999923706055,2,71.42785087409945,-284.5722864550021,49715.427713544996,40.09032539330465,LOSS,49715.427713544996,0.0
2019-01-04,19.0,17.049999237060547,2,64.67577311963038,64.67577311963038,49780.10348666463,40.09032539330465,WIN,49780.10348666463,0.0
2019-01-07,20.56999969482422,19.0,2,72.07271227331923,72.07271227331923,49852.17619893795,40.09032539330465,WIN,49852.17619893795,0.0
2019-01-08,20.75,20.56999969482422,2,78.02819312985949,78.02819312985949,49930.20439206781,40.09032539330465,WIN,49930.20439206781,0.0
2019-01-09,20.190000534057617,20.75,2,78.71098840375652,-33.288904784720046,49896.91548728309,40.09032539330465,LOSS,49930.20439206781,-0.06667087625623394
2019-01-10,19.739999771118164,20.190000534057617,2,76.5867420678577,-13.413410520032926,49883.502076763056,40.09032539330465,LOSS,49930.20439206781,-0.0935351975290034
2019-01-11,20.270000457763672,19.739999771118164,2,74.8797538831151,74.8797538831151,49958.38183064617,40.09032539330465,WIN,49958.38183064617,0.0
2019-01-14,20.229999542236328,20.270000457763672,2,76.89020583012895,68.8900227246602,50027.27185337083,40.09032539330465,LOSS,50027.27185337083,0.0
2019-01-15,20.3799991607666,20.229999542236328,2,76.73847033141993,76.73847033141993,50104.01032370225,40.09032539330465,WIN,50104.01032370225,0.0
2019-01-16,19.729999542236328,20.3799991607666,2,77.3074639812852,-52.69245972476949,50051.31786397748,40.09032539330465,LOSS,50104.01032370225,-0.10516615213901151
2019-01-17,20.25,19.729999542236328,2,74.84182000843785,74.84182000843785,50126.15968398591,40.09032539330465,WIN,50126.15968398591,0.0
2019-01-18,20.770000457763672,20.25,2,76.81433808077443,76.81433808077443,50202.974022066686,40.09032539330465,WIN,50202.974022066686,0.0
2019-01-22,19.760000228881836,20.770000457763672,2,78.78685615311105,-123.21318962325614,50079.76083244343,40.09032539330465,LOSS,50202.974022066686,-0.24543006071531706
2019-01-23,19.799999237060547,19.760000228881836,2,74.95562163246962,74.95562163246962,50154.716454075904,40.09032539330465,WIN,50202.974022066686,-0.09612491875395804
2019-01-24,20.850000381469727,19.799999237060547,2,75.10734989603185,75.10734989603185,50229.823803971936,40.09032539330465,WIN,50229.823803971936,0.0
2019-01-25,21.93000030517578,20.850000381469727,2,79.0903199153823,79.0903199153823,50308.91412388732,40.09032539330465,WIN,50308.91412388732,0.0
2019-01-28,20.18000030517578,21.93000030517578,2,83.18708432361775,-266.81291567638226,50042.10120821094,40.09032539330465,LOSS,50308.91412388732,-0.5303491842804381
2019-01-29,19.25,20.18000030517578,2,76.54880819318045,-109.4512528419758,49932.649955368965,40.09032539330465,LOSS,50308.91412388732,-0.7479075529076072
2019-01-30,23.09000015258789,19.25,2,73.02103743481028,73.02103743481028,50005.670992803774,40.09032539330465,WIN,50308.91412388732,-0.6027622268626182
2019-01-31,24.40999984741211,23.09000015258789,2,87.58731249412443,87.58731249412443,50093.258305297895,40.09032539330465,WIN,50308.91412388732,-0.42866323462749606
2019-02-01,24.510000228881836,24.40999984741211,2,199.47552607125414,199.47552607125414,50292.73383136915,69.051888357987,WIN,50308.91412388732,-0.03216187985756294
2019-02-04,24.1299991607666,24.510000228881836,2,185.66802887978403,109.66781525673716,50402.40164662589,65.10520463527115,LOSS,50402.40164662589,0.0
2019-02-05,23.309999465942383,24.1299991607666,2,172.27170802983719,8.271769064993435,50410.673415690886,62.22214185986712,LOSS,50410.673415690886,0.0
2019-02-06,23.260000228881836,23.309999465942383,2,162.4355460213409,152.43569860923154,50563.10911430012,61.09224245986922,LOSS,50563.10911430012,0.0
2019-02-07,22.670000076293945,23.260000228881836,2,162.20285160288807,44.20282108530995,50607.31193538543,61.12515080222191,LOSS,50607.31193538543,0.0
2019-02-08,23.049999237060547,22.670000076293945,2,157.95473981324056,157.95473981324056,50765.26667519867,61.0861224683845,WIN,50765.26667519867,0.0
2019-02-11,22.959999084472656,23.049999237060547,2,159.5167517844245,141.5167212668464,50906.783396465515,60.77458450539052,LOSS,50906.783396465515,0.0
2019-02-12,22.81999969482422,22.959999084472656,2,158.66353414988882,130.66365622020132,51037.44705268572,60.70821757775032,LOSS,51037.44705268572,0.0
2019-02-13,22.850000381469727,22.81999969482422,2,157.81637048982944,157.81637048982944,51195.26342317555,60.743084434136065,WIN,51195.26342317555,0.0
2019-02-14,23.1299991607666,22.850000381469727,2,158.06971203030648,158.06971203030648,51353.33313520586,60.75636114463009,WIN,51353.33313520586,0.0
2019-02-15,23.68000030517578,23.1299991607666,2,157.96433638361452,157.96433638361452,51511.297471589474,60.17232655128039,WIN,51511.297471589474,0.0
2019-02-19,23.950000762939453,23.68000030517578,2,161.61409817605613,161.61409817605613,51672.91156976553,60.14259993932123,WIN,51672.91156976553,0.0
2019-02-20,23.950000762939453,23.950000762939453,2,163.09175780496,163.09175780496,51836.00332757049,60.04177643952424,WIN,51836.00332757049,0.0
2019-02-21,23.920000076293945,23.950000762939453,2,158.60886345093718,152.60872612183562,51988.612053692326,58.803715558867275,LOSS,51988.612053692326,0.0
2019-02-22,24.360000610351562,23.920000076293945,2,158.5047349964111,158.5047349964111,52147.116788688734,58.82986089978249,WIN,52147.116788688734,0.0
2019-02-25,24.709999084472656,24.360000610351562,2,158.91793239082338,158.91793239082338,52306.03472107956,58.15038151066644,WIN,52306.03472107956,0.0
2019-02-26,24.209999084472656,24.709999084472656,2,158.50272989814243,58.502729898142434,52364.5374509777,57.428047447687376,LOSS,52364.5374509777,0.0
2019-02-27,23.479999542236328,24.209999084472656,2,144.94012371579709,-1.0597847314685396,52363.47766624623,54.598878237141314,LOSS,52364.5374509777,-0.0020238596253491148
2019-02-28,23.530000686645508,23.479999542236328,2,138.2422780592258,138.2422780592258,52501.719944305456,53.94321715826963,WIN,52501.719944305456,0.0
2019-03-01,23.68000030517578,23.530000686645508,2,59.199438126477276,59.199438126477276,52560.91938243193,31.641201282062465,WIN,52560.91938243193,0.0
2019-03-04,23.3700008392334,23.68000030517578,2,46.611732426734235,-15.388160761742327,52545.531221670186,28.019747739621973,LOSS,52560.91938243193,-0.02927681049446682
2019-03-05,23.5,23.3700008392334,2,46.41406399975537,46.41406399975537,52591.94528566994,28.136506875197952,WIN,52591.94528566994,0.0
2019-03-06,22.40999984741211,23.5,2,46.054223896913776,-171.94580662066434,52419.99947904928,27.962555665459767,LOSS,52591.94528566994,-0.32694323377217904
2019-03-07,22.079999923706055,22.40999984741211,2,47.8948041914756,-18.105180549735337,52401.894298499545,29.136294271038523,LOSS,52591.94528566994,-0.3613690007815368
2019-03-08,22.010000228881836,22.079999923706055,2,47.8067131308631,33.80677416601935,52435.701072665564,29.321181428976175,LOSS,52591.94528566994,-0.2970877235205656
2019-03-11,22.959999084472656,22.010000228881836,2,45.489038494422644,45.489038494422644,52481.19011115999,28.6702273948364,WIN,52591.94528566994,-0.21059341674538432
2019-03-12,23.489999771118164,22.959999084472656,2,53.833117650726635,53.833117650726635,52535.023228810714,30.508389294691433,WIN,52591.94528566994,-0.10823341207486784
2019-03-13,23.3799991607666,23.489999771118164,2,56.87599051692614,34.87586844661364,52569.89909725733,31.015296716102462,LOSS,52591.94528566994,-0.041919324894452235
2019-03-14,22.81999969482422,23.3799991607666,2,56.53960436945867,-55.46028881901789,52514.43880843831,30.995480940669935,LOSS,52591.94528566994,-0.14737328465534325
2019-03-15,23.290000915527344,22.81999969482422,2,57.329077281480764,57.329077281480764,52571.76788571979,31.61683648203587,WIN,52591.94528566994,-0.038365950984609744
2019-03-18,23.25,23.290000915527344,2,59.444474174377824,51.444291068909074,52623.2121767887,31.882276653062576,LOSS,52623.2121767887,0.0
2019-03-19,26.0,23.25,2,57.35387678711974,57.35387678711974,52680.56605357582,31.316569323027853,WIN,52680.56605357582,0.0
2019-03-20,25.700000762939453,26.0,2,104.88223526459075,44.88238785248137,52725.4484414283,41.68195302487267,LOSS,52725.4484414283,0.0
2019-03-21,27.889999389648438,25.700000762939453,2,104.23380910136181,104.23380910136181,52829.68225052966,41.82653004867481,WIN,52829.68225052966,0.0
2019-03-22,26.3700008392334,27.889999389648438,2,128.22478642317742,-175.7749236598304,52653.90732686983,45.40972608590429,LOSS,52829.68225052966,-0.33272000922941325
2019-03-25,25.969999313354492,26.3700008392334,2,128.7978379486254,48.797532772844164,52702.70485964267,47.30631757393289,LOSS,52829.68225052966,-0.2403523653328752
2019-03-26,25.690000534057617,25.969999313354492,2,127.36596126203388,71.36620540265888,52774.071065045326,47.43922486558791,LOSS,52829.68225052966,-0.10526503873449933
2019-03-27,24.889999389648438,25.690000534057617,2,125.27771759637922,-34.72251128545672,52739.34855375987,47.25512638063074,LOSS,52829.68225052966,-0.17099042228080955
2019-03-28,25.059999465942383,24.889999389648438,2,121.50767366668347,121.50767366668347,52860.85622742655,47.28998541495916,WIN,52860.85622742655,0.0
2019-03-29,25.520000457763672,25.059999465942383,2,122.35009950645662,122.35009950645662,52983.206326933,47.29329041068254,WIN,52983.206326933,0.0
2019-04-01,26.360000610351562,25.520000457763672,2,124.98234684276117,124.98234684276117,53108.18867377577,47.39343672489708,WIN,53108.18867377577,0.0
2019-04-02,26.75,26.360000610351562,2,129.89141245605066,129.89141245605066,53238.08008623182,47.59297864608851,WIN,53238.08008623182,0.0
2019-04-03,29.020000457763672,26.75,2,131.93224456334326,131.93224456334326,53370.012330795165,47.622421404220525,WIN,53370.012330795165,0.0
2019-04-04,29.09000015258789,29.020000457763672,2,148.12316558675235,148.12316558675235,53518.13549638192,48.76094532808182,WIN,53518.13549638192,0.0
2019-04-05,28.979999542236328,29.09000015258789,2,146.9610239436021,124.9609018732896,53643.096398255206,48.41546233539549,LOSS,53643.096398255206,0.0
2019-04-08,28.530000686645508,28.979999542236328,2,146.45352975142615,56.45375863326208,53699.550156888465,48.42646863961715,LOSS,53699.550156888465,0.0
2019-04-09,27.239999771118164,28.530000686645508,2,144.02305065402336,-113.97713245144539,53585.57302443702,48.39021783390352,LOSS,53699.550156888465,-0.21224969691263476
2019-04-10,27.829999923706055,27.239999771118164,2,143.279703899511,143.279703899511,53728.85272833653,49.790975369519686,WIN,53728.85272833653,0.0
2019-04-11,27.790000915527344,27.829999923706055,2,146.33202782497023,138.33222618922804,53867.18495452576,49.77884976015284,LOSS,53867.18495452576,0.0
2019-04-12,27.850000381469727,27.790000915527344,2,144.0428127658007,144.0428127658007,54011.22776729156,49.284045355285734,WIN,54011.22776729156,0.0
2019-04-15,27.329999923706055,27.850000381469727,2,144.27246960792945,40.27237805519508,54051.500145346756,49.26472804195001,LOSS,54051.500145346756,0.0
2019-04-16,27.93000030517578,27.329999923706055,2,142.90146777205547,142.90146777205547,54194.40161311881,49.584865236591334,WIN,54194.40161311881,0.0
2019-04-17,27.489999771118164,27.93000030517578,2,118.7022719340663,30.702165122542866,54225.103778241355,43.1110533623681,LOSS,54225.103778241355,0.0
2019-04-18,27.68000030517578,27.489999771118164,2,117.19767130624044,117.19767130624044,54342.301449547595,43.19897190741138,WIN,54342.301449547595,0.0
2019-04-22,28.18000030517578,27.68000030517578,2,99.59391260527283,99.59391260527283,54441.89536215287,38.798836880809375,WIN,54441.89536215287,0.0
2019-04-23,27.969999313354492,28.18000030517578,2,92.34174550977608,50.34154714551826,54492.236909298386,36.67435163260184,LOSS,54492.236909298386,0.0
2019-04-24,28.459999084472656,27.969999313354492,2,90.89289627658077,90.89289627658077,54583.129805574965,36.49445883034062,WIN,54583.129805574965,0.0
2019-04-25,27.65999984741211,28.459999084472656,2,92.22249974794126,-67.77734766416812,54515.3524579108,36.43339840714287,LOSS,54583.129805574965,-0.12417270300473736
2019-04-26,27.8799991607666,27.65999984741211,2,88.93779367811815,88.93779367811815,54604.290251588915,36.267831301984685,WIN,54604.290251588915,0.0
2019-04-29,27.690000534057617,27.8799991607666,2,89.65802181437694,51.65829647258006,54655.9485480615,36.27087839879287,LOSS,54655.9485480615,0.0
2019-04-30,27.6299991607666,27.690000534057617,2,88.92877243706063,76.9284977788575,54732.87704584035,36.24263377833167,LOSS,54732.87704584035,0.0
2019-05-01,26.809999465942383,27.6299991607666,2,85.987557849733,-78.01238111511076,54654.86466472524,35.58466348410317,LOSS,54732.87704584035,-0.14253294422980137
2019-05-02,28.290000915527344,26.809999465942383,2,86.00849828674305,86.00849828674305,54740.87316301198,36.219423875214936,WIN,54740.87316301198,0.0
2019-05-03,28.219999313354492,28.290000915527344,2,75.54148207081283,61.54116163624252,54802.41432464822,32.6620686426805,LOSS,54802.41432464822,0.0
2019-05-06,27.420000076293945,28.219999313354492,2,75.31033217264894,-84.68951523946043,54717.72480940876,32.6517022440362,LOSS,54802.41432464822,-0.15453610262087825
2019-05-07,26.65999984741211,27.420000076293945,2,75.83740436387163,-76.16264141249556,54641.562167996264,33.29384677837025,LOSS,54802.41432464822,-0.2935129020029507
2019-05-08,27.09000015258789,26.65999984741211,2,75.391492175327,75.391492175327,54716.95366017159,33.704720593363916,WIN,54802.41432464822,-0.15594324726345962
2019-05-09,27.209999084472656,27.09000015258789,2,70.60166448704122,70.60166448704122,54787.55532465863,32.23832090511148,WIN,54802.41432464822,-0.027113768932820647
2019-05-10,27.959999084472656,27.209999084472656,2,69.0453161050873,69.0453161050873,54856.60064076372,31.783971127745094,WIN,54856.60064076372,0.0
2019-05-13,26.239999771118164,27.959999084472656,2,74.0886581761061,-269.91120449479234,54586.68943626893,32.52683931714675,LOSS,54856.60064076372,-0.4920304964982111
2019-05-14,27.31999969482422,26.239999771118164,2,82.0772013546167,82.0772013546167,54668.76663762354,35.689392624491234,WIN,54856.60064076372,-0.3424091193149803
2019-05-15,27.579999923706055,27.31999969482422,2,90.23157149396016,90.23157149396016,54758.998209117504,36.84574498959374,WIN,54856.60064076372,-0.1779228579717817
2019-05-16,28.010000228881836,27.579999923706055,2,89.84572028832487,89.84572028832487,54848.843929405826,36.54726549165594,WIN,54856.60064076372,-0.014139978174527345
2019-05-17,27.5,28.010000228881836,2,91.12677335232839,-10.873272424038802,54837.970656981786,36.51899126203911,LOSS,54856.60064076372,-0.033961243613931935
2019-05-20,26.68000030517578,27.5,2,90.47699260763568,-73.52294635720807,54764.447710624576,36.76178380116667,LOSS,54856.60064076372,-0.16798877265949924
2019-05-21,27.350000381469727,26.68000030517578,2,89.15509807489912,89.15509807489912,54853.60280869948,37.102906195806575,WIN,54856.60064076372,-0.005464852049203864
2019-05-22,27.40999984741211,27.350000381469727,2,93.4668544921099,93.4668544921099,54947.069663191585,37.604209265489445,WIN,54947.069663191585,0.0
2019-05-23,26.360000610351562,27.40999984741211,2,92.64402860778996,-117.35581880431941,54829.71384438727,37.356171243695556,LOSS,54947.069663191585,-0.21357975870901158
2019-05-24,26.440000534057617,26.360000610351562,2,90.97122316911467,90.97122316911467,54920.685067556384,37.82693734786152,WIN,54947.069663191585,-0.04801820333082528
2019-05-28,29.049999237060547,26.440000534057617,2,91.02921323077162,91.02921323077162,55011.71428078716,37.77237664389067,WIN,55011.71428078716,0.0
2019-05-29,28.09000015258789,29.049999237060547,2,127.09893728726982,-64.90087960726143,54946.8134011799,43.93908681533724,LOSS,55011.71428078716,-0.11797647184015506
2019-05-30,28.030000686645508,28.09000015258789,2,125.84681716853066,113.8469239800541,55060.66032515995,44.63326626097141,LOSS,55060.66032515995,0.0
2019-05-31,27.40999984741211,28.030000686645508,2,123.19522867211256,-0.8049391745671244,55059.855385985386,44.07098910021033,LOSS,55060.66032515995,-0.0014619134057105136
2019-06-03,27.579999923706055,27.40999984741211,2,114.61898183270974,114.61898183270974,55174.4743678181,42.65900429997737,WIN,55174.4743678181,0.0
2019-06-04,29.56999969482422,27.579999923706055,2,115.44514267585755,115.44514267585755,55289.91951049396,42.6866514172968,WIN,55289.91951049396,0.0
2019-06-05,29.5,29.56999969482422,2,134.08999722557607,120.09005826073232,55410.00956875469,44.99397950808164,LOSS,55410.00956875469,0.0
2019-06-06,31.81999969482422,29.5,2,131.23346282955455,131.23346282955455,55541.24303158425,44.424670028545776,WIN,55541.24303158425,0.0
2019-06-07,32.40999984741211,31.81999969482422,2,154.55069907873772,154.55069907873772,55695.79373066299,47.12623496505177,WIN,55695.79373066299,0.0
2019-06-10,33.22999954223633,32.40999984741211,2,157.57992030287014,157.57992030287014,55853.37365096586,47.15961761043194,WIN,55853.37365096586,0.0
2019-06-11,32.40999984741211,33.22999954223633,2,161.3681283680356,-2.631810596808151,55850.74184036905,47.120067941252586,LOSS,55853.37365096586,-0.00471199933822415
2019-06-12,32.18000030517578,32.40999984741211,2,147.08916034346157,101.08925189619595,55951.83109226525,45.018616218319515,LOSS,55951.83109226525,0.0
2019-06-13,31.389999389648438,32.18000030517578,2,144.22836161629417,-13.771821489174584,55938.05927077608,44.6451501880217,LOSS,55951.83109226525,-0.024613710079411155
2019-06-14,30.360000610351562,31.389999389648438,2,143.46769921907233,-62.53205664030267,55875.52721413578,45.2309541800641,LOSS,55951.83109226525,-0.1363742287605359
2019-06-17,29.200000762939453,30.360000610351562,2,142.26369826306575,-89.73627121935613,55785.79094291642,45.99426536803723,LOSS,55951.83109226525,-0.2967555236485994
2019-06-18,30.450000762939453,29.200000762939453,2,139.85926171075843,139.85926171075843,55925.65020462718,46.68089172667156,WIN,55951.83109226525,-0.04679183348781211
2019-06-19,30.5,30.450000762939453,2,146.17543103229502,146.17543103229502,56071.82563565947,46.75236688087625,WIN,56071.82563565947,0.0
2019-06-20,30.010000228881836,30.5,2,145.66823709760948,47.668282873976665,56119.49391853345,46.59032207225147,LOSS,56119.49391853345,0.0
2019-06-21,29.100000381469727,30.010000228881836,2,144.42596203867038,-37.5740074437515,56081.9199110897,46.83232051826399,LOSS,56119.49391853345,-0.06695357498820956
2019-06-24,29.260000228881836,29.100000381469727,2,138.58273313738738,138.58273313738738,56220.50264422709,46.499608512259286,WIN,56220.50264422709,0.0
2019-06-25,28.860000610351562,29.260000228881836,2,139.32775553367048,59.327831827615796,56279.8304760547,46.49577827985054,LOSS,56279.8304760547,0.0
2019-06-26,29.920000076293945,28.860000610351562,2,115.22546840495554,115.22546840495554,56395.05594445966,41.40834439129357,WIN,56395.05594445966,0.0
2019-06-27,30.739999771118164,29.920000076293945,2,119.4222867731513,119.4222867731513,56514.47823123281,41.40054069140341,WIN,56514.47823123281,0.0
2019-06-28,30.3700008392334,30.739999771118164,2,124.10490097526366,50.105114598310536,56564.58334583112,41.703863606836094,LOSS,56564.58334583112,0.0
2019-07-01,31.200000762939453,30.3700008392334,2,121.31189541463903,121.31189541463903,56685.89524124576,41.42090035163738,WIN,56685.89524124576,0.0
2019-07-02,31.239999771118164,31.200000762939453,2,125.94379614008989,125.94379614008989,56811.83903738585,41.69999644310113,WIN,56811.83903738585,0.0
2019-07-03,31.190000534057617,31.239999771118164,2,112.12025730712244,102.12040989501307,56913.95944728086,38.73898206950922,LOSS,56913.95944728086,0.0
2019-07-05,31.5,31.190000534057617,2,111.91468808969675,111.91468808969675,57025.874135370555,38.73344242310753,WIN,57025.874135370555,0.0
2019-07-08,32.040000915527344,31.5,2,91.39007736764067,91.39007736764067,57117.2642127382,34.19011246140712,WIN,57117.2642127382,0.0
2019-07-09,33.150001525878906,32.040000915527344,2,92.74453551004332,92.74453551004332,57210.00874824824,34.14629911112589,WIN,57210.00874824824,0.0
2019-07-10,33.790000915527344,33.150001525878906,2,98.36333045510202,98.36333045510202,57308.372078703345,34.62631210658488,WIN,57308.372078703345,0.0
2019-07-11,33.060001373291016,33.790000915527344,2,98.75006358140948,-47.24984486585615,57261.12223383749,34.330282858039716,LOSS,57308.372078703345,-0.08244841574101816
2019-07-12,33.209999084472656,33.060001373291016,2,98.63004033446667,98.63004033446667,57359.75227417195,34.73310251705624,WIN,57359.75227417195,0.0
2019-07-15,34.38999938964844,33.209999084472656,2,95.99246860769702,95.99246860769702,57455.74474277965,34.11865452217715,WIN,57455.74474277965,0.0
2019-07-16,33.849998474121094,34.38999938964844,2,97.25601087839082,-10.744172227077925,57445.00057055257,33.70567191459938,LOSS,57455.74474277965,-0.018699909426257388
2019-07-17,33.599998474121094,33.849998474121094,2,88.5083934664756,38.508393466475596,57483.50896401904,32.29477168464102,LOSS,57483.50896401904,0.0
2019-07-18,33.0,33.599998474121094,2,82.13138075399054,-37.86831407022821,57445.640649948815,31.168096590598108,LOSS,57483.50896401904,-0.06587683102980027
2019-07-19,32.5099983215332,33.0,2,83.16964651084943,-14.830689182509943,57430.8099607663,31.670166764913517,LOSS,57483.50896401904,-0.09167673338404823
2019-07-22,32.849998474121094,32.5099983215332,2,81.70065658801803,81.70065658801803,57512.51061735432,31.622549249672822,WIN,57512.51061735432,0.0
2019-07-23,33.4900016784668,32.849998474121094,2,76.18094781420635,76.18094781420635,57588.69156516853,30.339105929971602,WIN,57588.69156516853,0.0
2019-07-24,34.11000061035156,33.4900016784668,2,78.56085678628706,78.56085678628706,57667.252421954814,30.51601070643722,WIN,57667.252421954814,0.0
2019-07-25,33.66999816894531,34.11000061035156,2,78.09919608730208,-9.901292193947924,57657.351129760864,30.144462528854547,LOSS,57667.252421954814,-0.017169696453546723
2019-07-26,34.02000045776367,33.66999816894531,2,74.50850245264421,74.50850245264421,57731.859632213505,29.63698981066188,WIN,57731.859632213505,0.0
2019-07-29,33.47999954223633,34.02000045776367,2,72.61052140936751,-35.38966169610124,57696.469970517406,29.117385334431745,LOSS,57731.859632213505,-0.06130005498099755
2019-07-30,33.869998931884766,33.47999954223633,2,72.32347436382844,72.32347436382844,57768.79344488124,29.288375876278764,WIN,57768.79344488124,0.0
2019-07-31,30.450000762939453,33.869998931884766,2,70.3460561884161,-613.6535776006464,57155.13986728059,28.737686467234877,LOSS,57768.79344488124,-1.0622579095167581
2019-08-01,29.860000610351562,30.450000762939453,2,106.80595442607917,-11.194076091498957,57143.945791189086,38.200491533011146,LOSS,57768.79344488124,-1.0816352851273163
2019-08-02,29.440000534057617,29.860000610351562,2,105.78481016236489,21.78479490357583,57165.730586092664,38.43271052050562,LOSS,57768.79344488124,-1.0439249685281582
2019-08-05,27.989999771118164,29.440000534057617,2,104.25409788706925,-185.7460547008214,56979.98453139184,38.423098774189526,LOSS,57768.79344488124,-1.365458522588013
2019-08-06,28.860000610351562,27.989999771118164,2,103.57282564468606,103.57282564468606,57083.55735703653,39.47552174713231,WIN,57768.79344488124,-1.1861699837967177
2019-08-07,29.190000534057617,28.860000610351562,2,105.96324990758643,105.96324990758643,57189.52060694412,39.285551060167364,WIN,57768.79344488124,-1.002743528804731
2019-08-08,33.91999816894531,29.190000534057617,2,106.12576333692935,106.12576333692935,57295.64637028105,39.04782222929447,WIN,57768.79344488124,-0.8190357568254031
2019-08-09,34.189998626708984,33.91999816894531,2,196.00453468212123,196.00453468212123,57491.65090496317,53.22076080509645,WIN,57768.79344488124,-0.47974437995229263
2019-08-12,32.43000030517578,34.189998626708984,2,197.6233151243385,-154.37634918230214,57337.27455578087,53.23209754962472,LOSS,57768.79344488124,-0.7469757690405888
2019-08-13,32.11000061035156,32.43000030517578,2,190.5011536579499,126.50121469310616,57463.77577047397,53.85435340015995,LOSS,57768.79344488124,-0.5279973082669495
2019-08-14,30.239999771118164,32.11000061035156,2,188.35299053945985,-185.64717730721983,57278.12859316675,53.799062767851524,LOSS,57768.79344488124,-0.8493597017611981
2019-08-15,29.670000076293945,30.239999771118164,2,183.2468920256264,69.24695306078266,57347.37554622754,55.081490450965816,LOSS,57768.79344488124,-0.7294905666599858
2019-08-16,31.18000030517578,29.670000076293945,2,179.84526252422302,179.84526252422302,57527.22080875176,55.09317811667272,WIN,57768.79344488124,-0.4181715104712565
2019-08-19,31.479999542236328,31.18000030517578,2,194.18467783769782,194.18467783769782,57721.40548658946,56.19342214153706,WIN,57768.79344488124,-0.08203037568543634
2019-08-20,30.719999313354492,31.479999542236328,2,196.01805686523377,44.01801108886659,57765.42349767833,56.186073577265006,LOSS,57768.79344488124,-0.005833508027351293
2019-08-21,31.700000762939453,30.719999313354492,2,191.34269003646145,191.34269003646145,57956.76618771479,56.19833856950318,WIN,57956.76618771479,0.0
2019-08-22,31.899999618530273,31.700000762939453,2,198.88453696237232,198.88453696237232,58155.650724677165,56.49834477558208,WIN,58155.650724677165,0.0
2019-08-23,29.540000915527344,31.899999618530273,2,200.037620338608,-271.96212026197793,57883.68860441519,56.47725725721318,LOSS,58155.650724677165,-0.46764521911982154
2019-08-26,30.280000686645508,29.540000915527344,2,193.55952999961636,193.55952999961636,58077.248134414804,58.34041675641471,WIN,58155.650724677165,-0.13481508552546054
2019-08-27,30.200000762939453,30.280000686645508,2,199.72632344144455,183.7263387002336,58260.974473115035,58.62831655518802,LOSS,58260.974473115035,0.0
2019-08-28,30.780000686645508,30.200000762939453,2,198.77794744986835,198.77794744986835,58459.7524205649,58.53617564487012,WIN,58459.7524205649,0.0
2019-08-29,31.450000762939453,30.780000686645508,2,184.97933763129095,184.97933763129095,58644.73175819619,54.75059406595361,WIN,58644.73175819619,0.0
2019-08-30,31.450000762939453,31.450000762939453,2,188.75873882746163,188.75873882746163,58833.49049702365,54.698622306247785,WIN,58833.49049702365,0.0
2019-09-03,30.899999618530273,31.450000762939453,2,188.13643136012058,78.13620247828464,58911.62669950194,54.56774227781683,LOSS,58911.62669950194,0.0
2019-09-04,30.950000762939453,30.899999618530273,2,179.98153418023767,179.98153418023767,59091.60823368218,53.52640662649218,WIN,59091.60823368218,0.0
2019-09-05,31.5,30.950000762939453,2,178.95585946442247,178.95585946442247,59270.564093146604,53.24496673095709,WIN,59270.564093146604,0.0
2019-09-06,30.559999465942383,31.5,2,182.39450981653567,-5.6055969949877635,59264.958496151616,53.29924710143513,LOSS,59270.564093146604,-0.009457640703704076
2019-09-09,30.5,30.559999465942383,2,115.66089226307955,103.66099907460298,59368.619495226216,40.03353752386155,LOSS,59368.619495226216,0.0
2019-09-10,30.229999542236328,30.5,2,114.9498841006311,60.94979254789672,59429.56928777411,39.928590702128474,LOSS,59429.56928777411,0.0
2019-09-11,29.760000228881836,30.229999542236328,2,106.97978748631,12.979924815411565,59442.54921258952,38.4073699375896,LOSS,59442.54921258952,0.0
2019-09-12,30.209999084472656,29.760000228881836,2,105.65912628400405,105.65912628400405,59548.20833887352,38.483515603315084,WIN,59548.20833887352,0.0
2019-09-13,30.690000534057617,30.209999084472656,2,97.32505977807662,97.32505977807662,59645.5333986516,36.30899638454762,WIN,59645.5333986516,0.0
2019-09-16,30.829999923706055,30.690000534057617,2,98.20552469936757,98.20552469936757,59743.73892335097,36.16547663780582,WIN,59743.73892335097,0.0
2019-09-17,30.989999771118164,30.829999923706055,2,89.10750867609859,89.10750867609859,59832.846432027065,34.117443114572275,WIN,59832.846432027065,0.0
2019-09-18,30.420000076293945,30.989999771118164,2,89.28865671267056,-24.71128225217319,59808.13514977489,34.057404187278294,LOSS,59832.846432027065,-0.04130052926739357
2019-09-19,30.290000915527344,30.420000076293945,2,86.67916695997717,60.679334806656854,59868.81448458155,33.84710051373918,LOSS,59868.81448458155,0.0
2019-09-20,30.049999237060547,30.290000915527344,2,81.84052606380004,33.840190370440666,59902.65467495199,32.871382682966235,LOSS,59902.65467495199,0.0
2019-09-23,30.639999389648438,30.049999237060547,2,81.00305969813817,81.00305969813817,59983.65773465013,32.82978010297916,WIN,59983.65773465013,0.0
2019-09-24,29.520000457763672,30.639999389648438,2,57.047872867154815,-166.95191350979832,59816.70582114033,27.31515073746325,LOSS,59983.65773465013,-0.27832899795532196
2019-09-25,29.540000915527344,29.520000457763672,2,59.34449842922675,59.34449842922675,59876.05031956956,28.296983577984996,WIN,59983.65773465013,-0.1793945536909332
2019-09-26,29.469999313354492,29.540000915527344,2,59.38732467061191,45.3870042360416,59921.4373238056,28.297570010001216,LOSS,59983.65773465013,-0.10372893750456834
2019-09-27,28.719999313354492,29.469999313354492,2,56.817284679669825,-93.18271532033017,59828.25460848527,27.752325155658063,LOSS,59983.65773465013,-0.25907577502578005
2019-09-30,28.989999771118164,28.719999313354492,2,54.626295442040906,54.626295442040906,59882.88090392731,27.580744798031525,WIN,59983.65773465013,-0.16800714482705392
2019-10-01,28.760000228881836,28.989999771118164,2,56.095393370592625,10.095484923327,59892.976388850635,27.7987635155822,LOSS,59983.65773465013,-0.1511767525092273
2019-10-02,28.309999465942383,28.760000228881836,2,54.672013590273124,-35.3281389976175,59857.64824985302,27.573761342476008,LOSS,59983.65773465013,-0.21007302581403212
2019-10-03,28.68000030517578,28.309999465942383,2,54.42130570570848,54.42130570570848,59912.06955555872,27.715051539822777,WIN,59983.65773465013,-0.11934613825667513
2019-10-04,29.010000228881836,28.68000030517578,2,54.0664542958944,54.0664542958944,59966.136009854614,27.46917632634764,WIN,59983.65773465013,-0.02921083084500463
2019-10-07,28.93000030517578,29.010000228881836,2,51.89704265865402,35.897057917443085,60002.033067772056,26.8327014452941,LOSS,60002.033067772056,0.0
2019-10-08,28.229999542236328,28.93000030517578,2,51.75244610553441,-88.24770648235622,59913.7853612897,26.832362659016333,LOSS,60002.033067772056,-0.14707452726256598
2019-10-09,28.459999084472656,28.229999542236328,2,52.938680582838636,52.938680582838636,59966.72404187254,27.40370048080591,WIN,60002.033067772056,-0.058846382521127207
2019-10-10,28.3799991607666,28.459999084472656,2,53.09875664576747,37.098771904556536,60003.8228137771,27.340663170302598,LOSS,60003.8228137771,0.0
2019-10-11,29.75,28.3799991607666,2,51.11542406423942,51.11542406423942,60054.93823784134,26.913205094500334,WIN,60054.93823784134,0.0
2019-10-14,30.530000686645508,29.75,2,66.03486893274861,66.03486893274861,60120.973106774094,29.681667315529246,WIN,60120.973106774094,0.0
2019-10-15,30.719999313354492,30.530000686645508,2,71.33859691245146,71.33859691245146,60192.311703686544,30.4556323342295,WIN,60192.311703686544,0.0
2019-10-16,30.809999465942383,30.719999313354492,2,71.8442267080468,71.8442267080468,60264.15593039459,30.46890960725093,WIN,60264.15593039459,0.0
2019-10-17,31.139999389648438,30.809999465942383,2,70.32940172271977,70.32940172271977,60334.48533211731,30.098515907145817,WIN,60334.48533211731,0.0
2019-10-18,30.969999313354492,31.139999389648438,2,71.39738029373888,37.397365034949814,60371.88269715226,30.16535936265391,LOSS,60371.88269715226,0.0
2019-10-21,32.029998779296875,30.969999313354492,2,70.79764636891906,70.79764636891906,60442.68034352118,30.120517424429202,WIN,60442.68034352118,0.0
2019-10-22,31.510000228881836,32.029998779296875,2,76.98047388586386,-27.019236197143954,60415.661107324035,30.896908950363745,LOSS,60442.68034352118,-0.044702246895042506
2019-10-23,31.360000610351562,31.510000228881836,2,69.56131947490412,39.56139576884944,60455.22250309288,29.601868522950603,LOSS,60455.22250309288,0.0
2019-10-24,31.719999313354492,31.360000610351562,2,69.54163359928754,69.54163359928754,60524.76413669217,29.667559366066747,WIN,60524.76413669217,0.0
2019-10-25,32.709999084472656,31.719999313354492,2,70.49805638962998,70.49805638962998,60595.2621930818,29.700530356083718,WIN,60595.2621930818,0.0
2019-10-28,33.689998626708984,32.709999084472656,2,71.17641922159171,71.17641922159171,60666.43861230339,29.392778182757716,WIN,60666.43861230339,0.0
2019-10-29,33.029998779296875,33.689998626708984,2,76.26180258527818,-55.7381668971437,60610.70044540625,29.9725268921641,LOSS,60666.43861230339,-0.09187644465722605
2019-10-30,33.130001068115234,33.029998779296875,2,77.44980247265285,77.44980247265285,60688.150247878904,30.509606721674615,WIN,60688.150247878904,0.0
2019-10-31,33.93000030517578,33.130001068115234,2,74.85282580929889,74.85282580929889,60763.0030736882,29.94430694513622,WIN,60763.0030736882,0.0
2019-11-01,34.88999938964844,33.93000030517578,2,77.94477520403628,77.94477520403628,60840.94784889224,30.19470154228498,WIN,60840.94784889224,0.0
2019-11-04,36.290000915527344,34.88999938964844,2,82.2233025683315,82.2233025683315,60923.17115146057,30.58773390483109,WIN,60923.17115146057,0.0
2019-11-05,36.150001525878906,36.290000915527344,2,89.51358662398444,61.51370869429694,60984.68486015487,31.315147643546094,LOSS,60984.68486015487,0.0
2019-11-06,35.93000030517578,36.150001525878906,2,83.05531516088432,39.05507102025932,61023.73993117513,30.19665973046248,LOSS,61023.73993117513,0.0
2019-11-07,36.279998779296875,35.93000030517578,2,84.42248826371285,84.42248826371285,61108.16241943884,30.541393481068084,WIN,61108.16241943884,0.0
2019-11-08,36.290000915527344,36.279998779296875,2,83.94971647387985,83.94971647387985,61192.11213591272,30.3052701142189,WIN,61192.11213591272,0.0
2019-11-11,36.310001373291016,36.290000915527344,2,76.23034923361924,76.23034923361924,61268.34248514634,28.894085239707476,WIN,61268.34248514634,0.0
2019-11-12,36.709999084472656,36.310001373291016,2,74.95037026072126,74.95037026072126,61343.29285540706,28.653265827741453,WIN,61343.29285540706,0.0
2019-11-13,37.52000045776367,36.709999084472656,2,75.75369436815565,75.75369436815565,61419.046549775216,28.649240070214866,WIN,61419.046549775216,0.0
2019-11-14,38.349998474121094,37.52000045776367,2,78.19488424727219,78.19488424727219,61497.241434022486,28.784929037291338,WIN,61497.241434022486,0.0
2019-11-15,38.560001373291016,38.349998474121094,2,80.88780636685449,80.88780636685449,61578.12924038934,28.9510448669678,WIN,61578.12924038934,0.0
2019-11-18,39.880001068115234,38.560001373291016,2,79.66556953356088,79.66556953356088,61657.794809922896,28.665409591123726,WIN,61657.794809922896,0.0
2019-11-19,41.290000915527344,39.880001068115234,2,82.39463392574112,82.39463392574112,61740.189443848634,28.665728742169463,WIN,61740.189443848634,0.0
2019-11-20,40.97999954223633,41.290000915527344,2,83.019714442325,21.01943978412187,61761.20888363275,28.299195535219084,LOSS,61761.20888363275,0.0
2019-11-21,39.52000045776367,40.97999954223633,2,83.23269923338844,-208.7671176611428,61552.44176597161,28.43417676793884,LOSS,61761.20888363275,-0.3380230429985403
2019-11-22,39.150001525878906,39.52000045776367,2,95.78560386021017,21.78581748325705,61574.22758345487,31.03143244299226,LOSS,61761.20888363275,-0.302748769911843
2019-11-25,39.790000915527344,39.150001525878906,2,94.54454170384969,94.54454170384969,61668.77212515872,30.973265352340597,WIN,61761.20888363275,-0.14966798763313818
2019-11-26,38.9900016784668,39.790000915527344,2,93.63181147231646,-66.36803593979292,61602.40408921893,30.56461939308243,LOSS,61761.20888363275,-0.25712708232935516
2019-11-27,39.40999984741211,38.9900016784668,2,91.93265717752239,91.93265717752239,61694.33674639645,30.595725685196097,WIN,61761.20888363275,-0.10827530491233864
2019-11-29,39.150001525878906,39.40999984741211,2,92.74567213547496,40.74600782883434,61735.08275422529,30.565972126241505,LOSS,61761.20888363275,-0.0423018426609658
2019-12-02,38.72999954223633,39.150001525878906,2,91.8834852761327,7.883088547617078,61742.96584277291,30.52368085310404,LOSS,61761.20888363275,-0.02953802425437843
2019-12-03,38.900001525878906,38.72999954223633,2,89.7204080833878,89.7204080833878,61832.6862508563,30.3226110328897,WIN,61832.6862508563,0.0
2019-12-04,39.689998626708984,38.900001525878906,2,81.64783580055115,81.64783580055115,61914.33408665685,28.88302443067924,WIN,61914.33408665685,0.0
2019-12-05,39.619998931884766,39.689998626708984,2,84.67917251595625,70.6792335511125,61985.01332020796,29.11186945426035,LOSS,61985.01332020796,0.0
2019-12-06,39.630001068115234,39.619998931884766,2,83.9888483499846,83.9888483499846,62069.00216855794,29.0215555040025,WIN,62069.00216855794,0.0
2019-12-09,38.93000030517578,39.630001068115234,2,83.98504248487782,-56.0151101030128,62012.98705845493,29.01738142034503,LOSS,62069.00216855794,-0.09024651298710364
2019-12-10,39.439998626708984,38.93000030517578,2,85.64336988782914,85.64336988782914,62098.63042834276,29.551185229157838,WIN,62098.63042834276,0.0
2019-12-11,39.470001220703125,39.439998626708984,2,87.24746327890605,87.24746327890605,62185.87789162167,29.63204224105263,WIN,62185.87789162167,0.0
2019-12-12,42.59000015258789,39.470001220703125,2,87.05818262507911,87.05818262507911,62272.93607424675,29.589200259410354,WIN,62272.93607424675,0.0
2019-12-13,41.150001525878906,42.59000015258789,2,126.20744038941456,-161.79228495238232,62111.143789294365,34.600463705099926,LOSS,62272.93607424675,-0.259811557238092
2019-12-16,42.349998474121094,41.150001525878906,2,128.30070288104764,128.30070288104764,62239.44449217541,35.6228274769663,WIN,62272.93607424675,-0.05378192226460069
2019-12-17,42.77000045776367,42.349998474121094,2,135.14685416199003,135.14685416199003,62374.5913463374,36.10773196390066,WIN,62374.5913463374,0.0
2019-12-18,42.29999923706055,42.77000045776367,2,132.05477090299078,38.05452676236578,62412.64587309977,35.422263239975095,LOSS,62412.64587309977,0.0
2019-12-19,42.83000183105469,42.29999923706055,2,125.9342807717734,125.9342807717734,62538.580153871546,34.69212733271017,WIN,62538.580153871546,0.0
2019-12-20,44.150001525878906,42.83000183105469,2,127.62461239778409,127.62461239778409,62666.20476626933,34.70948932640009,WIN,62666.20476626933,0.0
2019-12-23,45.459999084472656,44.150001525878906,2,126.56707875876938,126.56707875876938,62792.771845028095,33.96177819877001,WIN,62792.771845028095,0.0
2019-12-24,46.540000915527344,45.459999084472656,2,131.88910392956544,131.88910392956544,62924.66094895766,34.189714950740495,WIN,62924.66094895766,0.0
2019-12-26,46.630001068115234,46.540000915527344,2,136.10775567975463,136.10775567975463,63060.76870463741,34.34396572581639,WIN,63060.76870463741,0.0
2019-12-27,46.18000030517578,46.630001068115234,2,131.5509152882114,41.550762700320774,63102.31946733773,33.66025083760524,LOSS,63102.31946733773,0.0
2019-12-30,45.52000045776367,46.18000030517578,2,132.33570394169382,0.3357344592719471,63102.655201797,33.95449111577584,LOSS,63102.655201797,0.0
2019-12-31,45.86000061035156,45.52000045776367,2,132.14468705705434,132.14468705705434,63234.79988885405,34.20155840924381,WIN,63234.79988885405,0.0
2020-01-02,49.099998474121094,45.86000061035156,2,130.95215673765404,130.95215673765404,63365.752045591704,33.887202124086926,WIN,63365.752045591704,0.0
2020-01-03,48.599998474121094,49.099998474121094,2,161.93436529497416,61.93436529497416,63427.68641088668,36.81456581467131,LOSS,63427.68641088668,0.0
2020-01-06,48.38999938964844,48.599998474121094,2,162.39494684974665,120.3951299552154,63548.08154084189,37.10167988826011,LOSS,63548.08154084189,0.0
2020-01-07,48.25,48.38999938964844,2,162.07211820516287,134.07224027547537,63682.15378111737,37.153467898165246,LOSS,63682.15378111737,0.0
2020-01-08,47.83000183105469,48.25,2,162.00282993293084,78.00319614386834,63760.156977261235,37.20824868866454,LOSS,63760.156977261235,0.0
2020-01-09,48.970001220703125,47.83000183105469,2,158.28775477386858,158.28775477386858,63918.4447320351,36.889505471779245,WIN,63918.4447320351,0.0
2020-01-10,48.16999816894531,48.970001220703125,2,162.9608387128821,2.9602283613195937,63921.40496039642,37.011121193035294,LOSS,63921.40496039642,0.0
2020-01-13,48.75,48.16999816894531,2,163.749476408822,163.749476408822,64085.15443680524,37.484970332326405,WIN,64085.15443680524,0.0
2020-01-14,48.209999084472656,48.75,2,136.27649649689297,28.276313391424225,64113.43075019667,33.489934321740705,LOSS,64113.43075019667,0.0
2020-01-15,48.54999923706055,48.209999084472656,2,125.52293189189649,125.52293189189649,64238.95368208856,32.22165878077247,WIN,64238.95368208856,0.0
2020-01-16,49.77000045776367,48.54999923706055,2,123.08602336005896,123.08602336005896,64362.039705448624,31.769053182086083,WIN,64362.039705448624,0.0
2020-01-17,50.93000030517578,49.77000045776367,2,128.44038291881225,128.44038291881225,64490.48008836743,32.069585512133365,WIN,64490.48008836743,0.0
2020-01-21,51.04999923706055,50.93000030517578,2,130.13468762617728,130.13468762617728,64620.61477599361,31.900845196291385,WIN,64620.61477599361,0.0
2020-01-22,51.43000030517578,51.04999923706055,2,130.72438241544498,130.72438241544498,64751.33915840905,31.93752259219854,WIN,64751.33915840905,0.0
2020-01-23,51.709999084472656,51.43000030517578,2,127.8379412100173,127.8379412100173,64879.17709961907,31.44115295319972,WIN,64879.17709961907,0.0
2020-01-24,50.349998474121094,51.709999084472656,2,124.53570014121382,-147.46442192909868,64731.71267768997,30.929728183939467,LOSS,64879.17709961907,-0.2272908327777884
2020-01-27,49.2599983215332,50.349998474121094,2,126.43873003112624,-91.56130048645188,64640.15137720352,31.61000227840789,LOSS,64879.17709961907,-0.3684166987021691
2020-01-28,50.529998779296875,49.2599983215332,2,128.31790191556934,128.31790191556934,64768.46927911909,32.22986544833932,WIN,64879.17709961907,-0.17063690609082643
2020-01-29,47.5099983215332,50.529998779296875,2,133.80312594769566,-470.1969656050387,64298.272313514055,32.51483299291613,LOSS,64879.17709961907,-0.8953639859103943
2020-01-30,48.779998779296875,47.5099983215332,2,148.82454965402266,148.82454965402266,64447.09686316808,35.719467547700646,WIN,64879.17709961907,-0.6659767521211736
2020-01-31,47.0,48.779998779296875,2,155.987480545526,-200.012275313849,64247.08458785423,36.151296201863936,LOSS,64879.17709961907,-0.9742609879195708
2020-02-03,48.02000045776367,47.0,2,129.34433006597195,129.34433006597195,64376.4289179202,33.20281547078811,WIN,64879.17709961907,-0.7748991343199658
2020-02-04,49.45000076293945,48.02000045776367,2,135.0264004216849,135.0264004216849,64511.45531834189,33.598827183384955,WIN,64879.17709961907,-0.5667793546649914
2020-02-05,49.84000015258789,49.45000076293945,2,144.4913851753059,144.4913851753059,64655.9467035172,34.32701040783462,WIN,64879.17709961907,-0.3440709424521668
2020-02-06,49.31999969482422,49.84000015258789,2,145.75047833894018,41.75038678620581,64697.6970903034,34.342873092543485,LOSS,64879.17709961907,-0.27971996167123386
2020-02-07,49.72999954223633,49.31999969482422,2,144.48224498545687,144.48224498545687,64842.179335288856,34.37672807487587,WIN,64879.17709961907,-0.05702563747595533
2020-02-10,52.2599983215332,49.72999954223633,2,142.72988068638122,142.72988068638122,64984.90921597524,33.98390169063653,WIN,64984.90921597524,0.0
2020-02-11,53.79999923706055,52.2599983215332,2,162.92276016544835,162.92276016544835,65147.83197614069,35.620604676348876,WIN,65147.83197614069,0.0
2020-02-12,53.88999938964844,53.79999923706055,2,171.31237476517168,171.31237476517168,65319.14435090586,36.06180049089651,WIN,65319.14435090586,0.0
2020-02-13,54.529998779296875,53.88999938964844,2,169.9064411137983,169.9064411137983,65489.050792019654,35.85406357517511,WIN,65489.050792019654,0.0
2020-02-14,55.310001373291016,54.529998779296875,2,172.14089752342986,172.14089752342986,65661.19168954308,35.880341807533895,WIN,65661.19168954308,0.0
2020-02-18,56.88999938964844,55.310001373291016,2,172.60373963719368,172.60373963719368,65833.79542918027,35.64122939347272,WIN,65833.79542918027,0.0
2020-02-19,58.900001525878906,56.88999938964844,2,178.99540659257397,178.99540659257397,66012.79083577284,35.81109758954457,WIN,66012.79083577284,0.0
2020-02-20,57.27000045776367,58.900001525878906,2,190.91539475008926,-135.0848188729576,65877.70601689989,36.43950097100296,LOSS,66012.79083577284,-0.20463430974918626
2020-02-21,53.279998779296875,57.27000045776367,2,193.35478515310814,-604.6455505402512,65273.06046635964,37.33144195173908,LOSS,66012.79083577284,-1.1205864197644866
2020-02-24,49.119998931884766,53.279998779296875,2,209.75170520484693,-622.2482642775749,64650.81220208207,41.03936100592572,LOSS,66012.79083577284,-2.0632041403598884
2020-02-25,47.56999969482422,49.119998931884766,2,217.74532467823508,-92.2545227338743,64558.55767934819,44.32105001898053,LOSS,66012.79083577284,-2.2029566361502715
2020-02-26,47.4900016784668,47.56999969482422,2,212.94137704848447,196.9417737770001,64755.49945312519,44.60846810596185,LOSS,66012.79083577284,-1.9046178274382577
2020-02-27,44.0099983215332,47.4900016784668,2,209.51257219125762,-486.48809919546113,64269.01135392972,44.18078242619208,LOSS,66012.79083577284,-2.641578184720761
2020-02-28,45.47999954223633,44.0099983215332,2,200.5659777845832,200.5659777845832,64469.57733171431,45.14358775940224,WIN,66012.79083577284,-2.33774922181029
2020-03-02,47.459999084472656,45.47999954223633,2,208.92430598421691,208.92430598421691,64678.50163769853,45.384881378333304,WIN,66012.79083577284,-2.0212585791044204
2020-03-03,46.75,47.459999084472656,2,220.70181403034846,78.70199713581721,64757.203634834346,45.758645442966724,LOSS,66012.79083577284,-1.9020362342536894
2020-03-04,50.11000061035156,46.75,2,216.54068695825197,216.54068695825197,64973.7443217926,45.63704847158407,WIN,66012.79083577284,-1.5740078563943698
2020-03-05,48.11000061035156,50.11000061035156,2,248.88768728261206,-151.11231271738794,64822.63200907521,47.85247041085521,LOSS,66012.79083577284,-1.8029215423697496
2020-03-06,48.59000015258789,48.11000061035156,2,244.60899924989735,244.60899924989735,65067.24100832511,48.629940358198844,WIN,66012.79083577284,-1.4323736589172278
2020-03-09,43.27000045776367,48.59000015258789,2,247.07359109002653,-816.9263478748172,64250.31466045029,48.633220595959315,LOSS,66012.79083577284,-2.6699010191937744
2020-03-10,45.380001068115234,43.27000045776367,2,253.72666976781443,253.72666976781443,64504.041330218104,53.78539762470702,WIN,66012.79083577284,-2.285541160209723
2020-03-11,45.70000076293945,45.380001068115234,2,265.409407456593,265.409407456593,64769.4507376747,53.68484305967434,WIN,66012.79083577284,-1.8834836133369024
2020-03-12,39.0099983215332,45.70000076293945,2,263.98206326064246,-1074.0184250206075,63695.43231265409,53.207378463315855,LOSS,66012.79083577284,-3.5104689466680736
2020-03-13,43.900001525878906,39.0099983215332,2,268.02245609013545,268.02245609013545,63963.454768744225,60.44480870970703,WIN,66012.79083577284,-3.1044530023385546
2020-03-16,38.709999084472656,43.900001525878906,2,342.8597875699962,-695.1407007112539,63268.31406803297,66.6584112155383,LOSS,66012.79083577284,-4.157492408656997
2020-03-17,41.880001068115234,38.709999084472656,2,321.5857825484647,321.5857825484647,63589.89985058143,69.949368762619,WIN,66012.79083577284,-3.670335634224436
2020-03-18,39.119998931884766,41.880001068115234,2,361.75427992860574,-190.246147317488,63399.653703263946,72.13418314195195,LOSS,66012.79083577284,-3.9585315200653794
2020-03-19,39.81999969482422,39.119998931884766,2,337.93737063676656,337.93737063676656,63737.591073900716,72.13818160991886,WIN,66012.79083577284,-3.446604412669643
2020-03-20,39.61000061035156,39.81999969482422,2,345.8448976912652,303.84508079673395,64041.43615469745,72.44723747515485,LOSS,66012.79083577284,-2.9863222810557275
2020-03-23,41.63999938964844,39.61000061035156,2,338.72463924541097,338.72463924541097,64380.16079394286,71.56280892225114,WIN,66012.79083577284,-2.4732025735613226
2020-03-24,46.220001220703125,41.63999938964844,2,353.9792653408697,353.9792653408697,64734.14005928373,71.22845335572384,WIN,66012.79083577284,-1.9369742746828438
2020-03-25,44.630001068115234,46.220001220703125,2,416.3958117108316,98.39578119325347,64832.53584047699,74.58890824640797,LOSS,66012.79083577284,-1.7879186447852295
2020-03-26,47.5,44.630001068115234,2,404.3398001888565,404.3398001888565,65236.87564066584,74.92508015138388,WIN,66012.79083577284,-1.1754012900883553
2020-03-27,46.58000183105469,47.5,2,426.17551282228936,242.17587903322686,65479.05151969907,74.34496956806296,LOSS,66012.79083577284,-0.8085392381025345
2020-03-30,47.86000061035156,46.58000183105469,2,417.5474700875574,417.5474700875574,65896.59898978662,74.2919022643394,WIN,66012.79083577284,-0.17601413985856754
2020-03-31,45.47999954223633,47.86000061035156,2,426.9366933040928,-49.06352031895409,65847.53546946766,74.00377672616304,LOSS,66012.79083577284,-0.250338402926039
2020-04-01,43.65999984741211,45.47999954223633,2,410.3239228031099,46.323983838266145,65893.85945330594,74.67541049056663,LOSS,66012.79083577284,-0.18016414843418213
2020-04-02,44.4900016784668,43.65999984741211,2,386.71111078702955,386.71111078702955,66280.57056409297,73.58574392715401,WIN,66280.57056409297,0.0
2020-04-03,42.59000015258789,44.4900016784668,2,392.3347615893307,12.334456413549447,66292.90502050651,73.32884753259,LOSS,66292.90502050651,0.0
2020-04-06,47.52000045776367,42.59000015258789,2,378.22304839618033,378.22304839618033,66671.12806890269,73.73938263582254,WIN,66671.12806890269,0.0
2020-04-07,47.560001373291016,47.52000045776367,2,423.3066856033231,423.3066856033231,67094.43475450602,73.92067590639206,WIN,67094.43475450602,0.0
2020-04-08,48.790000915527344,47.560001373291016,2,420.0282317813082,420.0282317813082,67514.46298628733,73.41517098565633,WIN,67514.46298628733,0.0
2020-04-09,48.380001068115234,48.790000915527344,2,431.7601252259929,349.76015574357103,67864.2231420309,73.53299323358578,LOSS,67864.2231420309,0.0
2020-04-13,50.939998626708984,48.380001068115234,2,375.28483251917265,375.28483251917265,68239.50797455007,66.30789147060563,WIN,68239.50797455007,0.0
2020-04-14,54.93000030517578,50.939998626708984,2,365.8787653273234,365.8787653273234,68605.38673987739,62.50806091246646,WIN,68605.38673987739,0.0
2020-04-15,54.9900016784668,54.93000030517578,2,353.6626778958632,353.6626778958632,68959.04941777325,57.58617734020964,WIN,68959.04941777325,0.0
2020-04-16,56.95000076293945,54.9900016784668,2,340.9804482899285,340.9804482899285,69300.02986606318,56.01424988970938,WIN,69300.02986606318,0.0
2020-04-17,56.599998474121094,56.95000076293945,2,329.27480332317845,259.27434555950657,69559.30421162269,53.24316202466847,LOSS,69559.30421162269,0.0
2020-04-20,56.970001220703125,56.599998474121094,2,329.6587301100858,329.6587301100858,69888.96294173277,53.52451594108419,WIN,69888.96294173277,0.0
2020-04-21,52.91999816894531,56.970001220703125,2,330.1913133332329,-479.8092970183296,69409.15364471443,53.336145402611855,LOSS,69888.96294173277,-0.6865308581247053
2020-04-22,55.91999816894531,52.91999816894531,2,328.2083460599678,328.2083460599678,69737.3619907744,56.02218877248909,WIN,69888.96294173277,-0.21691687009973057
2020-04-23,55.900001525878906,55.91999816894531,2,319.76090200763,315.7615733943488,70053.12356416875,52.82223951250531,LOSS,70053.12356416875,0.0
2020-04-24,56.18000030517578,55.900001525878906,2,312.2824222772671,312.2824222772671,70365.40598644601,51.95087681616637,WIN,70365.40598644601,0.0
2020-04-27,56.4900016784668,56.18000030517578,2,302.89546331509587,302.89546331509587,70668.30144976111,50.66153723870668,WIN,70668.30144976111,0.0
2020-04-28,55.5099983215332,56.4900016784668,2,301.20563960331714,105.20496821659839,70773.50641797771,50.267976287930345,LOSS,70773.50641797771,0.0
2020-04-29,53.65999984741211,55.5099983215332,2,297.54131141525943,-72.45838340895932,70701.04803456875,50.45398750568081,LOSS,70773.50641797771,-0.10238066061193693
2020-04-30,52.38999938964844,53.65999984741211,2,281.29513527994,27.29504372720561,70728.34307829596,49.67373160078779,LOSS,70773.50641797771,-0.06381390716325522
2020-05-01,49.880001068115234,52.38999938964844,2,269.4565438424567,-232.54312046418391,70495.79995783178,49.019613115655794,LOSS,70773.50641797771,-0.3923875955867372
2020-05-04,52.560001373291016,49.880001068115234,2,267.51928465475095,267.51928465475095,70763.31924248654,50.474613219425564,WIN,70773.50641797771,-0.014394052247469527
2020-05-05,52.189998626708984,52.560001373291016,2,279.3304322118408,205.32988289543454,70968.64912538197,50.15215172826593,LOSS,70968.64912538197,0.0
2020-05-06,52.15999984741211,52.189998626708984,2,231.5988024476433,225.5990465882683,71194.24817197023,44.352023919351865,LOSS,71194.24817197023,0.0
2020-05-07,51.95000076293945,52.15999984741211,2,231.53097260976335,189.5311557152321,71383.77932768546,44.36030368703757,LOSS,71383.77932768546,0.0
2020-05-08,53.189998626708984,51.95000076293945,2,228.8978865477537,228.8978865477537,71612.67721423322,44.14373794704861,WIN,71612.67721423322,0.0
2020-05-11,55.7400016784668,53.189998626708984,2,235.28900659438702,235.28900659438702,71847.96622082761,44.259081300464274,WIN,71847.96622082761,0.0
2020-05-12,53.7599983215332,55.7400016784668,2,244.41493596622337,-151.58573542049538,71696.38048540712,44.00345881789856,LOSS,71847.96622082761,-0.21098124747830418
2020-05-13,52.18000030517578,53.7599983215332,2,214.5715662807478,-101.42803699073659,71594.95244841638,41.3998800469215,LOSS,71847.96622082761,-0.3521516136359104
2020-05-14,54.5099983215332,52.18000030517578,2,212.1072243904132,212.1072243904132,71807.0596728068,41.88688020961657,WIN,71847.96622082761,-0.05693487258230851
2020-05-15,54.20000076293945,54.5099983215332,2,225.39137838483265,163.39186666608265,71970.45153947288,42.349548396003016,LOSS,71970.45153947288,0.0
2020-05-18,54.59000015258789,54.20000076293945,2,224.08995726715318,224.08995726715318,72194.54149674003,42.34715359272553,WIN,72194.54149674003,0.0
2020-05-19,55.470001220703125,54.59000015258789,2,225.75807456515892,225.75807456515892,72420.2995713052,42.3538981541783,WIN,72420.2995713052,0.0
2020-05-20,56.38999938964844,55.470001220703125,2,202.9636066104635,202.9636066104635,72623.26317791565,39.201875629651596,WIN,72623.26317791565,0.0
2020-05-21,54.650001525878906,56.38999938964844,2,189.3046934760016,-158.69487927790465,72464.56829863775,37.20487437382177,LOSS,72623.26317791565,-0.21851796839412554
2020-05-22,55.16999816894531,54.650001525878906,2,189.25461100387625,189.25461100387625,72653.82290964163,37.905792369988035,WIN,72653.82290964163,0.0
2020-05-26,53.189998626708984,55.16999816894531,2,191.48393650362496,-204.51597194364066,72449.306937698,37.957172959335246,LOSS,72653.82290964163,-0.2814937518126023
2020-05-27,52.7400016784668,53.189998626708984,2,191.05874186006764,101.05935221163014,72550.36628990962,38.75887995007368,LOSS,72653.82290964163,-0.14239666350479097
2020-05-28,51.7400016784668,52.7400016784668,2,188.39650946742557,-11.603490532574426,72538.76279937704,38.62771596796071,LOSS,72653.82290964163,-0.15836759258722988
2020-05-29,53.79999923706055,51.7400016784668,2,180.9408240851201,180.9408240851201,72719.70362346216,38.131252755039526,WIN,72719.70362346216,0.0
2020-06-01,53.630001068115234,53.79999923706055,2,193.9077481327776,159.9081143437151,72879.61173780588,38.83976236631956,LOSS,72879.61173780588,0.0
2020-06-02,53.540000915527344,53.630001068115234,2,178.3830145967566,160.38298407917847,73039.99472188506,37.00060998234888,LOSS,73039.99472188506,0.0
2020-06-03,52.72999954223633,53.540000915527344,2,161.48077845805423,-0.5194962001488932,73039.4752256849,34.9494758130095,LOSS,73039.99472188506,-0.0007112489563193524
2020-06-04,52.630001068115234,52.72999954223633,2,160.32992669611573,140.33023187189698,73179.8054575568,35.11156445295255,LOSS,73179.8054575568,0.0
2020-06-05,53.099998474121094,52.630001068115234,2,160.06090223063018,160.06090223063018,73339.86635978743,35.11596681229351,WIN,73339.86635978743,0.0
2020-06-08,52.970001220703125,53.099998474121094,2,161.72605731244693,135.72660662885318,73475.59296641628,35.14533618001182,LOSS,73475.59296641628,0.0
2020-06-09,56.38999938964844,52.970001220703125,2,157.83422628220575,157.83422628220575,73633.4271926985,34.708802222653034,WIN,73633.4271926985,0.0
2020-06-10,57.439998626708984,56.38999938964844,2,180.83011118327255,180.83011118327255,73814.25730388176,36.210831216595345,WIN,73814.25730388176,0.0
2020-06-11,52.83000183105469,57.439998626708984,2,176.1421308129515,-745.8572283179078,73068.40007556386,35.28326447919599,LOSS,73814.25730388176,-1.010451443340182
2020-06-12,53.5,52.83000183105469,2,196.34066067016605,196.34066067016605,73264.74073623402,39.582081316436,WIN,73814.25730388176,-0.7444585744261767
2020-06-15,54.68000030517578,53.5,2,188.66898364370525,188.66898364370525,73453.40971987772,38.32575751554005,WIN,73814.25730388176,-0.4888589239860467
2020-06-16,54.459999084472656,54.68000030517578,2,195.4244848233814,151.4242406827564,73604.83396056047,38.63956583988178,LOSS,73814.25730388176,-0.2837166571481316
2020-06-17,54.54999923706055,54.459999084472656,2,194.50871396100902,194.50871396100902,73799.34267452148,38.62383830458754,WIN,73814.25730388176,-0.020205621386775407
2020-06-18,54.040000915527344,54.54999923706055,2,193.32690237972628,91.32723807308565,73890.66991259457,38.441563363382876,LOSS,73890.66991259457,0.0
2020-06-19,54.22999954223633,54.040000915527344,2,190.11057795690564,190.11057795690564,74080.78049055148,38.26912020518708,WIN,74080.78049055148,0.0
2020-06-22,54.7599983215332,54.22999954223633,2,185.5610463383627,185.5610463383627,74266.34153688984,37.63269342506041,WIN,74266.34153688984,0.0
2020-06-23,53.9900016784668,54.7599983215332,2,187.40472148821877,33.40539287493752,74299.74692976478,37.63633595575624,LOSS,74299.74692976478,0.0
2020-06-24,52.38999938964844,53.9900016784668,2,177.97959144103365,-142.02086632263823,74157.72606344214,36.80448799586087,LOSS,74299.74692976478,-0.19114582780058245
2020-06-25,51.93000030517578,52.38999938964844,2,177.64060627257223,85.64078937804098,74243.36685282018,37.427604142940254,LOSS,74299.74692976478,-0.0758819232559312
2020-06-26,50.099998474121094,51.93000030517578,2,174.39768190759727,-191.60268430334023,74051.76416851683,37.21321456008458,LOSS,74299.74692976478,-0.33375990026232405
2020-06-29,50.279998779296875,50.099998474121094,2,165.16521164095167,165.16521164095167,74216.92938015779,36.80569304143948,WIN,74299.74692976478,-0.11146410725365723
2020-06-30,52.61000061035156,50.279998779296875,2,166.01138899586277,166.01138899586277,74382.94076915365,36.83894494585347,WIN,74382.94076915365,0.0
2020-07-01,52.58000183105469,52.61000061035156,2,187.09748192854568,181.09772606917068,74564.03849522282,38.52278095259774,LOSS,74564.03849522282,0.0
2020-07-02,52.34000015258789,52.58000183105469,2,185.72071434818236,137.72037865482298,74701.75887387764,38.36300905130168,LOSS,74701.75887387764,0.0
2020-07-06,53.400001525878906,52.34000015258789,2,184.97595271107127,184.97595271107127,74886.73482658871,38.376020633071235,WIN,74886.73482658871,0.0
2020-07-07,52.93000030517578,53.400001525878906,2,190.55026483246252,96.55002069183752,74983.28484728055,38.60246248119816,LOSS,74983.28484728055,0.0
2020-07-08,53.43000030517578,52.93000030517578,2,189.31345414006353,189.31345414006353,75172.59830142061,38.657487086971585,WIN,75172.59830142061,0.0
2020-07-09,57.2599983215332,53.43000030517578,2,165.7035865335206,165.7035865335206,75338.30188795413,35.51331081859914,WIN,75338.30188795413,0.0
2020-07-10,55.880001068115234,57.2599983215332,2,209.08527151889476,-66.914179164699,75271.38770878944,39.152447059947775,LOSS,75338.30188795413,-0.08881827369060588
2020-07-13,53.59000015258789,55.880001068115234,2,165.27719035658802,-292.72299274888076,74978.66471604056,34.563454488037095,LOSS,75338.30188795413,-0.4773629918662676
2020-07-14,54.720001220703125,53.59000015258789,2,169.81780655463865,169.81780655463865,75148.4825225952,35.959865789081896,WIN,75338.30188795413,-0.25195599131136087
2020-07-15,55.34000015258789,54.720001220703125,2,173.12943242820322,173.12943242820322,75321.6119550234,35.927330620082415,WIN,75338.30188795413,-0.02215331712089321
2020-07-16,54.91999816894531,55.34000015258789,2,175.68190996754385,91.68151323902822,75413.29346826243,35.99795095524698,LOSS,75413.29346826243,0.0
2020-07-17,55.040000915527344,54.91999816894531,2,174.81652321778742,174.81652321778742,75588.10999148022,36.05430903677399,WIN,75588.10999148022,0.0
2020-07-20,57.459999084472656,55.040000915527344,2,174.5112441526566,174.5112441526566,75762.62123563288,35.97171808377232,WIN,75762.62123563288,0.0
2020-07-21,57.0,57.459999084472656,2,193.75487806405647,101.75506116952522,75864.3762968024,37.30365605773495,LOSS,75864.3762968024,0.0
2020-07-22,61.790000915527344,57.0,2,192.64476972211833,192.64476972211833,76057.02106652451,37.35483123079082,WIN,76057.02106652451,0.0
2020-07-23,59.56999969482422,61.790000915527344,2,246.4383654537558,-197.5618786868692,75859.45918783764,41.380264558793804,LOSS,76057.02106652451,-0.2597549521615788
2020-07-24,69.4000015258789,59.56999969482422,2,240.41032009731435,240.41032009731435,76099.86950793496,41.69405417363937,WIN,76099.86950793496,0.0
2020-07-27,68.97000122070312,69.4000015258789,2,403.99141053668234,317.9913495015261,76417.86085743648,53.50363042455005,LOSS,76417.86085743648,0.0
2020-07-28,67.61000061035156,68.97000122070312,2,391.6926127907396,119.69249072042709,76537.5533481569,52.56420275059875,LOSS,76537.5533481569,0.0
2020-07-29,76.08999633789062,67.61000061035156,2,389.1066479215992,389.1066479215992,76926.6599960785,53.06683236906,WIN,76926.6599960785,0.0
2020-07-30,78.19999694824219,76.08999633789062,2,488.80837914426866,488.80837914426866,77415.46837522276,57.49130872070687,WIN,77415.46837522276,0.0
2020-07-31,77.43000030517578,78.19999694824219,2,500.5253696349022,346.5260410216209,77761.99441624437,57.33586012187174,LOSS,77761.99441624437,0.0
2020-08-03,77.66999816894531,77.43000030517578,2,496.9697733396855,496.9697733396855,78258.96418958406,57.45313264208569,WIN,78258.96418958406,0.0
2020-08-04,85.04000091552734,77.66999816894531,2,499.91533588408873,499.91533588408873,78758.87952546815,57.57279794379656,WIN,78758.87952546815,0.0
2020-08-05,85.30999755859375,85.04000091552734,2,567.9978177068606,567.9978177068606,79326.877343175,59.17864989125846,WIN,79326.877343175,0.0
2020-08-06,86.70999908447266,85.30999755859375,2,570.9479718863339,570.9479718863339,79897.82531506133,59.267565009904494,WIN,79897.82531506133,0.0
2020-08-07,84.8499984741211,86.70999908447266,2,569.1572741551282,197.15715208481572,80094.98246714615,58.416232850806665,LOSS,80094.98246714615,0.0
2020-08-10,82.23999786376953,84.8499984741211,2,555.7753006260878,33.775178555775256,80128.75764570193,58.32478658609722,LOSS,80128.75764570193,0.0
2020-08-11,76.87999725341797,82.23999786376953,2,532.9540332930515,-539.046088777261,79589.71155692467,57.864295627111446,LOSS,80128.75764570193,-0.6727248800745365
2020-08-12,82.61000061035156,76.87999725341797,2,530.3984409299226,530.3984409299226,80120.10999785458,60.632883084376296,WIN,80128.75764570193,-0.010792190096825449
2020-08-13,81.83999633789062,82.61000061035156,2,582.816387669759,428.8155331775715,80548.92553103216,61.664665609322505,LOSS,80548.92553103216,0.0
2020-08-14,81.30000305175781,81.83999633789062,2,577.8435489272139,469.8448917006514,81018.7704227328,61.70180827148228,LOSS,81018.7704227328,0.0
2020-08-17,82.41999816894531,81.30000305175781,2,575.8438137782156,575.8438137782156,81594.61423651103,61.84930713662522,WIN,81594.61423651103,0.0
2020-08-18,81.66000366210938,82.41999816894531,2,581.5456720972963,429.54677073010885,82024.16100724114,61.670263849116786,LOSS,82024.16100724114,0.0
2020-08-19,81.08999633789062,81.66000366210938,2,576.4852689490851,462.48380410533514,82486.64481134647,61.69472776545999,LOSS,82486.64481134647,0.0
2020-08-20,82.7699966430664,81.08999633789062,2,555.483850862558,555.483850862558,83042.12866220903,60.30990852962008,WIN,83042.12866220903,0.0
2020-08-21,83.80999755859375,82.7699966430664,2,554.3156543130773,554.3156543130773,83596.4443165221,59.29688983397178,WIN,83596.4443165221,0.0
2020-08-24,83.08000183105469,83.80999755859375,2,440.3466401141663,294.3474946063538,83890.79181112845,49.752646890080975,LOSS,83890.79181112845,0.0
2020-08-25,86.3499984741211,83.08000183105469,2,437.04542861672576,437.04542861672576,84327.83723974517,49.79518206164948,WIN,84327.83723974517,0.0
2020-08-26,86.0199966430664,86.3499984741211,2,452.86099355502785,386.86062734409035,84714.69786708927,49.68898635207599,LOSS,84714.69786708927,0.0
2020-08-27,83.80000305175781,86.0199966430664,2,360.28009096012886,-83.71862730158989,84630.97923978769,42.703195774452055,LOSS,84714.69786708927,-0.09882420572747738
2020-08-28,85.55000305175781,83.80000305175781,2,354.55128168556655,354.55128168556655,84985.53052147325,42.984918979652164,WIN,84985.53052147325,0.0
2020-08-31,90.81999969482422,85.55000305175781,2,362.28887453781607,362.28887453781607,85347.81939601107,43.010702238450904,WIN,85347.81939601107,0.0
2020-09-01,92.18000030517578,90.81999969482422,2,407.96369795149366,407.96369795149366,85755.78309396256,44.711806109580834,WIN,85755.78309396256,0.0
2020-09-02,90.22000122070312,92.18000030517578,2,348.7288547215073,-43.270962173023975,85712.51213178954,40.02304788269987,LOSS,85755.78309396256,-0.05045836048818464
2020-09-03,82.54000091552734,90.22000122070312,2,346.9825338263734,-1189.017527208783,84523.49460458076,40.43863559538995,LOSS,85755.78309396256,-1.4369742131928054
2020-09-04,82.01000213623047,82.54000091552734,2,370.918185387784,264.918429528409,84788.41303410917,44.723687436463806,LOSS,85755.78309396256,-1.1280522723388156
2020-09-08,78.69000244140625,82.01000213623047,2,365.9244675848226,-298.07547138002116,84490.33756272914,44.51302020011314,LOSS,85755.78309396256,-1.4756387098079085
2020-09-09,81.91000366210938,78.69000244140625,2,355.5452511425212,355.5452511425212,84845.88281387166,44.88576328529034,WIN,85755.78309396256,-1.0610366406355543
2020-09-10,78.9800033569336,81.91000366210938,2,350.2414495997089,-235.75861143544734,84610.12420243621,43.28261912580804,LOSS,85755.78309396256,-1.3359552559517114
2020-09-11,76.33999633789062,78.9800033569336,2,308.0626438476633,-219.93875996093044,84390.18544247528,40.79947800731595,LOSS,85755.78309396256,-1.5924263090117086
2020-09-14,77.9000015258789,76.33999633789062,2,304.49530044177897,304.49530044177897,84694.68074291706,41.3825936272996,WIN,85755.78309396256,-1.2373536952987167
2020-09-15,78.93000030517578,77.9000015258789,2,314.37112162559526,314.37112162559526,85009.05186454265,41.69280458632123,WIN,85755.78309396256,-0.8707648656204497
2020-09-16,76.66000366210938,78.93000030517578,2,318.40370331570705,-135.5956252975742,84873.45623924508,41.68240885082423,LOSS,85755.78309396256,-1.0288832110024768
2020-09-17,76.55000305175781,76.66000366210938,2,313.96194104700675,291.96181897669425,85165.41805822177,42.08926354904655,LOSS,85755.78309396256,-0.6884259165284831
2020-09-18,74.93000030517578,76.55000305175781,2,313.3737970090294,-10.626752307376876,85154.79130591439,42.07737103972884,LOSS,85755.78309396256,-0.7008177948648197
2020-09-21,77.94000244140625,74.93000030517578,2,304.9112069573703,304.9112069573703,85459.70251287177,41.9157621206504,WIN,85755.78309396256,-0.3452601916845376
2020-09-22,77.69999694824219,77.94000244140625,2,328.99649330235906,280.99539466954656,85740.69790754131,42.9202872794606,LOSS,85755.78309396256,-0.017590867784061423
2020-09-23,74.7300033569336,77.69999694824219,2,327.7472911549572,-266.2514271067615,85474.44648043455,42.90018852409728,LOSS,85755.78309396256,-0.3280672199328506
2020-09-24,75.81999969482422,74.7300033569336,2,309.69484650046644,309.69484650046644,85784.14132693502,42.41119728862333,WIN,85784.14132693502,0.0
2020-09-25,78.05999755859375,75.81999969482422,2,317.1464263932147,317.1464263932147,86101.28775332823,42.66719126901346,WIN,86101.28775332823,0.0
2020-09-28,79.4800033569336,78.05999755859375,2,331.32841410853615,331.32841410853615,86432.61616743676,43.07496199838477,WIN,86432.61616743676,0.0
2020-09-29,81.7699966430664,79.4800033569336,2,336.49330834940594,336.49330834940594,86769.10947578617,43.003194958730376,WIN,86769.10947578617,0.0
2020-09-30,81.98999786376953,81.7699966430664,2,321.7590671621664,321.7590671621664,87090.86854294834,41.02710372813149,WIN,87090.86854294834,0.0
2020-10-01,84.86000061035156,81.98999786376953,2,319.92585106011603,319.92585106011603,87410.79439400847,40.80937498291457,WIN,87410.79439400847,0.0
2020-10-02,81.80000305175781,84.86000061035156,2,340.98743892705295,-271.01207279169705,87139.78232121677,41.57812741895495,LOSS,87410.79439400847,-0.31004417094082726
2020-10-05,86.1500015258789,81.80000305175781,2,280.2245316523893,280.2245316523893,87420.00685286916,37.65905850708394,WIN,87420.00685286916,0.0
2020-10-06,84.4800033569336,86.1500015258789,2,319.0885850071778,-14.911048781884688,87405.09580408728,39.49881100335456,LOSS,87420.00685286916,-0.017056792053310222
2020-10-07,86.69000244140625,84.4800033569336,2,300.4829127774545,300.4829127774545,87705.57871686474,38.52636804104152,WIN,87705.57871686474,0.0
2020-10-08,86.51000213623047,86.69000244140625,2,300.07050023049163,264.0704391953354,87969.64915606007,37.89514064592499,LOSS,87969.64915606007,0.0
2020-10-09,83.0999984741211,86.51000213623047,2,284.388979784875,-397.611752637,87572.03740342306,36.74380122350729,LOSS,87969.64915606007,-0.4519874257218365
2020-10-12,84.29000091552734,83.0999984741211,2,277.86692387214964,277.86692387214964,87849.90432729521,37.11693115629748,WIN,87969.64915606007,-0.13612061650084406
2020-10-13,85.27999877929688,84.29000091552734,2,280.33367626956476,280.33367626956476,88130.23800356478,36.99825553060136,WIN,88130.23800356478,0.0
2020-10-14,84.20999908447266,85.27999877929688,2,283.3905926045798,69.39065363973606,88199.62865720452,36.97997897101753,LOSS,88199.62865720452,0.0
2020-10-15,83.12999725341797,84.20999908447266,2,271.84328491134636,55.84291870040886,88255.47157590493,36.352266217721564,LOSS,88255.47157590493,0.0
2020-10-16,83.16999816894531,83.12999725341797,2,270.9884816174542,270.9884816174542,88526.46005752239,36.561655064691564,WIN,88526.46005752239,0.0
2020-10-19,82.0,83.16999816894531,2,264.6109652395942,30.61133145053168,88557.07138897292,36.04409112714548,LOSS,88557.07138897292,0.0
2020-10-20,81.55999755859375,82.0,2,251.34388521413044,163.34339693288044,88720.4147859058,35.274189446138834,LOSS,88720.4147859058,0.0
2020-10-21,79.19999694824219,81.55999755859375,2,250.31855909285383,-221.68156297745867,88498.73322292833,35.3004130618054,LOSS,88720.4147859058,-0.24986533653208434
2020-10-22,79.41999816894531,79.19999694824219,2,236.34284231583757,236.34284231583757,88735.07606524417,34.73814422387227,WIN,88735.07606524417,0.0
2020-10-23,81.95999908447266,79.41999816894531,2,235.61979609718287,235.61979609718287,88970.69586134134,34.62324977365243,WIN,88970.69586134134,0.0
2020-10-26,82.2300033569336,81.95999908447266,2,244.5852170696101,244.5852170696101,89215.28107841096,34.73864281226956,WIN,89215.28107841096,0.0
2020-10-27,78.87999725341797,82.2300033569336,2,242.76927963054314,-427.2319410725819,88788.04913733838,34.527760964591906,LOSS,89215.28107841096,-0.47887753746702133
2020-10-28,76.4000015258789,78.87999725341797,2,241.47101051413347,-254.52813499367903,88533.5210023447,35.24823354770645,LOSS,89215.28107841096,-0.7641741054058492
2020-10-29,78.0199966430664,76.4000015258789,2,241.52203248677662,241.52203248677662,88775.04303483147,35.909922164282406,WIN,89215.28107841096,-0.49345587242231265
2020-10-30,75.29000091552734,78.0199966430664,2,238.3348793542194,-307.6642661535931,88467.37876867788,35.205551353990145,LOSS,89215.28107841096,-0.8383118908472089
2020-11-02,74.69999694824219,75.29000091552734,2,229.36248112656665,111.3616876695354,88578.74045634741,35.149956095447834,LOSS,89215.28107841096,-0.7134883333541209
2020-11-03,76.58000183105469,74.69999694824219,2,193.18600872210564,193.18600872210564,88771.92646506951,32.10582853872104,WIN,89215.28107841096,-0.4969491862630424
2020-11-04,81.3499984741211,76.58000183105469,2,206.52592254600347,206.52592254600347,88978.45238761551,32.83808492034177,WIN,89215.28107841096,-0.26545754038178543
2020-11-05,83.0,81.3499984741211,2,255.96638083825795,255.96638083825795,89234.41876845378,35.81202828500102,WIN,89234.41876845378,0.0
2020-11-06,85.87999725341797,83.0,2,266.20228647773524,266.20228647773524,89500.62105493151,36.21400748364036,WIN,89500.62105493151,0.0
2020-11-09,83.12000274658203,85.87999725341797,2,271.6817022564934,-280.3171991106941,89220.30385582082,35.92461117040759,LOSS,89500.62105493151,-0.3132014010703317
2020-11-10,77.98999786376953,83.12000274658203,2,271.7958937165078,-754.2050828459921,88466.09877297483,36.628498507598785,LOSS,89500.62105493151,-1.155882796971588
2020-11-11,81.27999877929688,77.98999786376953,2,283.68916731610693,283.68916731610693,88749.78794029093,39.059847638170396,WIN,89500.62105493151,-0.8389138598041185
2020-11-12,81.83999633789062,81.27999877929688,2,311.43051752826705,311.43051752826705,89061.2184578192,40.343495091987265,WIN,89500.62105493151,-0.4909492156960937
2020-11-13,81.43000030517578,81.83999633789062,2,312.8810390867573,230.88183254378856,89292.10029036299,40.287312329331655,LOSS,89500.62105493151,-0.23298247778699632
2020-11-16,83.7300033569336,81.43000030517578,2,311.4755739356478,311.4755739356478,89603.57586429863,40.30046988261082,WIN,89603.57586429863,0.0
2020-11-17,83.36000061035156,83.7300033569336,2,324.87642959821505,250.8758802818088,89854.45174458044,40.66410501261143,LOSS,89854.45174458044,0.0
2020-11-18,82.54000091552734,83.36000061035156,2,323.34121464413516,159.3412756792914,90013.79302025973,40.656203104073185,LOSS,90013.79302025973,0.0
2020-11-19,85.54000091552734,82.54000091552734,2,313.4829250947028,313.4829250947028,90327.27594535444,40.12108828646885,WIN,90327.27594535444,0.0
2020-11-20,84.63999938964844,85.54000091552734,2,334.01842966175496,154.01812448597371,90481.29406984041,40.82796611932547,LOSS,90481.29406984041,0.0
2020-11-23,85.30999755859375,84.63999938964844,2,325.17536882445785,325.17536882445785,90806.46943866488,40.41154195998378,WIN,90806.46943866488,0.0
2020-11-24,85.06999969482422,85.30999755859375,2,328.0131245803289,280.01355182642266,91086.4829904913,40.43198860745295,LOSS,91086.4829904913,0.0
2020-11-25,86.70999908447266,85.06999969482422,2,310.74921586542877,310.74921586542877,91397.23220635674,39.161430240908814,WIN,91397.23220635674,0.0
2020-11-27,87.19000244140625,86.70999908447266,2,305.9971725552778,305.9971725552778,91703.22937891202,38.34195678175136,WIN,91703.22937891202,0.0
2020-11-30,92.66000366210938,87.19000244140625,2,305.6302006060568,305.6302006060568,92008.85957951807,38.185614213562545,WIN,92008.85957951807,0.0
2020-12-01,92.62999725341797,92.66000366210938,2,335.30926151548965,329.3079797772084,92338.16755929528,38.935486812134634,LOSS,92338.16755929528,0.0
2020-12-02,93.73999786376953,92.62999725341797,2,332.987980329203,332.987980329203,92671.15553962448,38.77748601013347,WIN,92671.15553962448,0.0
2020-12-03,92.30999755859375,93.73999786376953,2,334.9749490303019,48.97488799514565,92720.13042761963,38.636132674621464,LOSS,92720.13042761963,0.0
2020-12-04,94.04000091552734,92.30999755859375,2,306.45214173162844,306.45214173162844,93026.58256935126,36.95851416988596,WIN,93026.58256935126,0.0
2020-12-07,94.06999969482422,94.04000091552734,2,311.7699651417587,311.7699651417587,93338.35253449302,36.9285885259964,WIN,93338.35253449302,0.0
2020-12-08,92.91999816894531,94.06999969482422,2,303.06356921486184,73.0632640390806,93411.4157985321,36.30941953299092,LOSS,93411.4157985321,0.0
2020-12-09,89.83000183105469,92.91999816894531,2,287.09989106254585,-330.89937651557915,93080.51642201653,35.436798540507695,LOSS,93411.4157985321,-0.35423869094249977
2020-12-10,91.66000366210938,89.83000183105469,2,241.24689812339173,241.24689812339173,93321.76332013993,32.76353345179308,WIN,93411.4157985321,-0.09597593358989272
2020-12-11,91.6500015258789,91.66000366210938,2,231.92728812467615,229.9268608785824,93551.69018101851,31.73635997467174,LOSS,93551.69018101851,0.0
2020-12-14,94.77999877929688,91.6500015258789,2,232.41438900484908,232.41438900484908,93784.10457002335,31.77334053961322,WIN,93784.10457002335,0.0
2020-12-15,97.12000274658203,94.77999877929688,2,248.75392381907977,248.75392381907977,94032.85849384243,32.35970216694473,WIN,94032.85849384243,0.0
2020-12-16,96.8499984741211,97.12000274658203,2,253.0220817359473,199.0212272437598,94231.8797210862,32.232122259817736,LOSS,94231.8797210862,0.0
2020-12-17,96.83999633789062,96.8499984741211,2,251.79605332935142,249.79562608325767,94481.67534716945,32.19643130389494,LOSS,94481.67534716945,0.0
2020-12-18,95.91999816894531,96.83999633789062,2,248.18309945621846,64.18346566715596,94545.85881283661,31.951434985583624,LOSS,94545.85881283661,0.0
2020-12-21,93.2300033569336,95.91999816894531,2,237.44397983443037,-300.5549825679134,94245.30383026869,31.373481363209816,LOSS,94545.85881283661,-0.31789333381898727
2020-12-22,93.16000366210938,93.2300033569336,2,242.866247869301,228.86630890445724,94474.17013917315,32.23060363018192,LOSS,94545.85881283661,-0.07582423446528484
2020-12-23,91.55000305175781,93.16000366210938,2,242.98121606358038,-79.01890600673212,94395.15123316641,32.25171333440377,LOSS,94545.85881283661,-0.15940156614213935
2020-12-24,91.80999755859375,91.55000305175781,2,244.23106394054787,244.23106394054787,94639.38229710696,32.64540240534152,WIN,94639.38229710696,0.0
2020-12-28,91.5999984741211,91.80999755859375,2,241.6610148889618,199.66119799443055,94839.04349510139,32.41027567742873,LOSS,94839.04349510139,0.0
2020-12-29,90.62000274658203,91.5999984741211,2,241.36958262540125,45.37043711758875,94884.41393221897,32.42914575109647,LOSS,94884.41393221897,0.0
2020-12-30,92.29000091552734,90.62000274658203,2,184.44956188009712,184.44956188009712,95068.86349409907,28.46302293584853,WIN,95068.86349409907,0.0
2020-12-31,91.70999908447266,92.29000091552734,2,193.91117176519447,77.91080555425697,95146.77429965333,28.897516844685548,LOSS,95146.77429965333,0.0
2021-01-04,92.30000305175781,91.70999908447266,2,190.6608170968093,190.6608170968093,95337.43511675014,28.750984402962878,WIN,95337.43511675014,0.0
2021-01-05,92.7699966430664,92.30000305175781,2,188.94475564238897,188.94475564238897,95526.37987239253,28.54010884158115,WIN,95526.37987239253,0.0
2021-01-06,90.33000183105469,92.7699966430664,2,184.1348485376244,-303.86411386471934,95222.5157585278,28.128571589948173,LOSS,95526.37987239253,-0.3180944512611428
2021-01-07,95.16000366210938,90.33000183105469,2,189.7966385381405,189.7966385381405,95412.31239706595,28.897782992054054,WIN,95526.37987239253,-0.11940939819864718
2021-01-08,94.58000183105469,95.16000366210938,2,242.46559828492505,126.46523207398755,95538.77762913994,31.853290507118626,LOSS,95538.77762913994,0.0
2021-01-11,97.25,94.58000183105469,2,223.7466538862923,223.7466538862923,95762.52428302623,30.647546822937393,WIN,95762.52428302623,0.0
2021-01-12,95.36000061035156,97.25,2,235.23029377074863,-142.76958415893887,95619.75469886728,30.998993782675242,LOSS,95762.52428302623,-0.1490871144300553
2021-01-13,91.77999877929688,95.36000061035156,2,237.73542884017007,-478.2649373707674,95141.48976149652,31.489849478673985,LOSS,95762.52428302623,-0.6485151954581365
2021-01-14,90.79000091552734,91.77999877929688,2,232.95650892192552,34.95693616801927,95176.44669766453,31.78865213278488,LOSS,95762.52428302623,-0.612011420698917
2021-01-15,88.20999908447266,90.79000091552734,2,221.38514006034544,-294.6152261505921,94881.83147151394,31.12870411549645,LOSS,95762.52428302623,-0.9196633214360537
2021-01-19,89.44999694824219,88.20999908447266,2,223.22586030440098,223.22586030440098,95105.05733181835,31.738468390593475,WIN,95762.52428302623,-0.6865597540690754
2021-01-20,88.75,89.44999694824219,2,230.52676801373133,90.52737836529383,95195.58471018364,32.04629735931472,LOSS,95762.52428302623,-0.5920265543199316
2021-01-21,91.52999877929688,88.75,2,228.50582654408976,228.50582654408976,95424.09053672773,32.03012930042038,WIN,95762.52428302623,-0.35340938308837533
2021-01-22,92.79000091552734,91.52999877929688,2,241.6896938113351,241.6896938113351,95665.78023053907,32.46560780072839,WIN,95762.52428302623,-0.10102496066335556
2021-01-25,94.12999725341797,92.79000091552734,2,247.6457080514765,247.6457080514765,95913.42593859055,32.65300545026374,WIN,95913.42593859055,0.0
2021-01-26,94.70999908447266,94.12999725341797,2,249.3085546073682,249.3085546073682,96162.73449319792,32.51855026183248,WIN,96162.73449319792,0.0
2021-01-27,88.83999633789062,94.70999908447266,2,251.096422426493,-922.9041268899132,95239.830366308,32.536128583582624,LOSS,96162.73449319792,-0.9597315755982357
2021-01-28,87.5199966430664,88.83999633789062,2,280.4157112571903,16.41577229234656,95256.24613860034,35.87770897918737,LOSS,96162.73449319792,-0.942660750419588
2021-01-29,85.63999938964844,87.5199966430664,2,277.2505997772337,-98.74885090636008,95157.49728769399,35.95338682557448,LOSS,96162.73449319792,-1.0453500628926438
2021-02-01,87.66000366210938,85.63999938964844,2,270.57648288421814,270.57648288421814,95428.07377057821,35.89788911245299,WIN,96162.73449319792,-0.7639765305048337
2021-02-02,88.86000061035156,87.66000366210938,2,283.97154291297664,283.97154291297664,95712.04531349118,36.42704912673293,WIN,96162.73449319792,-0.4686734233193171
2021-02-03,87.88999938964844,88.86000061035156,2,289.6315511474458,95.6313070068208,95807.676620498,36.5589987314483,LOSS,96162.73449319792,-0.36922605682041826
2021-02-04,87.83999633789062,87.88999938964844,2,286.78602250160276,276.78541215004026,96084.46203264804,36.58278815274349,LOSS,96162.73449319792,-0.08139583484433593
2021-02-05,87.9000015258789,87.83999633789062,2,280.39521831875874,280.39521831875874,96364.8572509668,36.113844700921604,WIN,96364.8572509668,0.0
2021-02-08,91.47000122070312,87.9000015258789,2,246.00574944430647,246.00574944430647,96610.8630004111,33.511661627505106,WIN,96610.8630004111,0.0
2021-02-09,90.91000366210938,91.47000122070312,2,277.95283391750473,165.95332219875473,96776.81632260985,35.09932395695948,LOSS,96776.81632260985,0.0
2021-02-10,92.3499984741211,90.91000366210938,2,265.7097372342246,265.7097372342246,97042.52605984408,34.33235775303031,WIN,97042.52605984408,0.0
2021-02-11,92.66000366210938,92.3499984741211,2,270.2571661171135,270.2571661171135,97312.78322596119,34.35661243620174,WIN,97312.78322596119,0.0
2021-02-12,93.7699966430664,92.66000366210938,2,254.14324287722206,254.14324287722206,97566.92646883841,33.14158729403265,WIN,97566.92646883841,0.0
2021-02-16,91.45999908447266,93.7699966430664,2,256.7737240179855,-205.2257877007645,97361.70068113765,33.11238779162727,LOSS,97566.92646883841,-0.21034360221064405
2021-02-17,89.94000244140625,91.45999908447266,2,247.70553403740894,-56.29379457587231,97305.40688656177,32.914040236107226,LOSS,97566.92646883841,-0.2680412223092483
2021-02-18,88.63999938964844,89.94000244140625,2,245.5649204545305,-14.435689897032006,97290.97119666474,33.05936437091249,LOSS,97566.92646883841,-0.2828369019719049
2021-02-19,89.58000183105469,88.63999938964844,2,243.8832478214787,243.8832478214787,97534.85444448622,33.19873722679994,WIN,97566.92646883841,-0.03287181990142641
2021-02-22,85.37000274658203,89.58000183105469,2,235.3322937057119,-606.6675231888194,96928.1869212974,32.37638735992628,LOSS,97566.92646883841,-0.6546681038938136
2021-02-23,84.73999786376953,85.37000274658203,2,244.67156522938208,118.67058866688208,97046.85750996428,33.956896265057836,LOSS,97566.92646883841,-0.5330381694869113
2021-02-24,86.94000244140625,84.73999786376953,2,238.94203337624975,238.94203337624975,97285.79954334053,33.650614055064196,WIN,97566.92646883841,-0.28813752331090553
2021-02-25,82.41999816894531,86.94000244140625,2,254.47233664823082,-649.5285178439567,96636.27102549658,34.36020529705188,LOSS,97566.92646883841,-0.9538636472668574
2021-02-26,84.51000213623047,82.41999816894531,2,229.6105781474684,229.6105781474684,96865.88160364404,33.42673203300488,WIN,97566.92646883841,-0.7185271593220454
2021-03-01,86.38999938964844,84.51000213623047,2,242.47471142962848,242.47471142962848,97108.35631507367,33.97786562088835,WIN,97566.92646883841,-0.47000573899517206
2021-03-02,84.12999725341797,86.38999938964844,2,248.62975301404126,-203.3706742320525,96904.98564084162,34.03612975037787,LOSS,97566.92646883841,-0.6784479658772539
2021-03-03,80.86000061035156,84.12999725341797,2,242.95603492522045,-411.04329368806077,96493.94234715356,34.10142841197885,LOSS,97566.92646883841,-1.0997416445495545
2021-03-04,77.75,80.86000061035156,2,243.87842478189435,-378.12169728841815,96115.82064986514,34.949346315750006,LOSS,97566.92646883841,-1.4872927450848175
2021-03-05,78.5199966430664,77.75,2,244.81785401669845,244.81785401669845,96360.63850388184,35.827239814684866,WIN,97566.92646883841,-1.2363697500933837
2021-03-08,73.95999908447266,78.5199966430664,2,249.25030491962255,-662.7492067991275,95697.88929708271,35.99638147025355,LOSS,97566.92646883841,-1.9156462537052912
2021-03-09,78.52999877929688,73.95999908447266,2,256.55946247249267,256.55946247249267,95954.4487595552,37.944582970699756,WIN,97566.92646883841,-1.6526888441015024
2021-03-10,77.5199966430664,78.52999877929688,2,293.02081288583423,91.02038563974048,96045.46914519495,39.68038367225508,LOSS,97566.92646883841,-1.5593986391786152
2021-03-11,81.2300033569336,77.5199966430664,2,289.4841643474881,289.4841643474881,96334.95330954244,39.70017868039048,WIN,97566.92646883841,-1.2626954685197023
2021-03-12,81.05000305175781,81.2300033569336,2,323.0333718924648,287.03331085730855,96621.98662039975,41.30388809189776,LOSS,97566.92646883841,-0.9685042694672392
2021-03-15,82.5,81.05000305175781,2,321.7504826363877,321.7504826363877,96943.73710303614,41.257610401546586,WIN,97566.92646883841,-0.6387301397685342
2021-03-16,82.75,82.5,2,329.45019539386544,329.45019539386544,97273.18729843,41.413432921024395,WIN,97566.92646883841,-0.3010642858594415
2021-03-17,82.62999725341797,82.75,2,327.98949194724,303.9889426308338,97577.17624106084,41.21687698896736,LOSS,97577.17624106084,0.0
2021-03-18,78.12000274658203,82.62999725341797,2,326.3272488541995,-575.671652512988,97001.50458854785,41.12189202439994,LOSS,97577.17624106084,-0.5899654762408916
2021-03-19,79.05999755859375,78.12000274658203,2,325.95071451314647,325.95071451314647,97327.455303061,42.59807027475204,WIN,97577.17624106084,-0.25592146403469607
2021-03-22,80.30000305175781,79.05999755859375,2,330.2212730743039,330.2212730743039,97657.6765761353,42.62722594097744,WIN,97657.6765761353,0.0
2021-03-23,78.37999725341797,80.30000305175781,2,324.65704071838036,-59.34411894958839,97598.33245718571,41.742271434702076,LOSS,97657.6765761353,-0.06076749010440349
2021-03-24,76.4800033569336,78.37999725341797,2,319.9682942173534,-60.03048507952161,97538.30197210619,42.0016765625667,LOSS,97657.6765761353,-0.12223780885883473
2021-03-25,76.22000122070312,76.4800033569336,2,308.2979874150244,256.29756016893066,97794.59953227511,41.66317235222529,LOSS,97794.59953227511,0.0
2021-03-26,77.41000366210938,76.22000122070312,2,290.75095537231846,290.75095537231846,98085.35048764743,40.2313929759111,WIN,98085.35048764743,0.0
2021-03-29,77.13999938964844,77.41000366210938,2,291.6482150333535,237.647360541166,98322.99784818859,39.920185079123016,LOSS,98322.99784818859,0.0
2021-03-30,76.0,77.13999938964844,2,285.0135983683926,57.01372043870509,98380.01156862729,39.43852435574436,LOSS,98380.01156862729,0.0
2021-03-31,78.5,76.0,2,278.0271140192774,278.0271140192774,98658.03868264657,39.19705925750025,WIN,98658.03868264657,0.0
2021-04-01,81.08999633789062,78.5,2,286.9923036504777,286.9923036504777,98945.03098629705,39.181855530213326,WIN,98945.03098629705,0.0
2021-04-05,81.43000030517578,81.08999633789062,2,292.2485531254535,292.2485531254535,99237.2795394225,38.83823614217812,WIN,99237.2795394225,0.0
2021-04-06,81.44000244140625,81.43000030517578,2,293.01823181937834,293.01823181937834,99530.29777124188,38.80122092891213,WIN,99530.29777124188,0.0
2021-04-07,82.19999694824219,81.44000244140625,2,258.38048088684224,258.38048088684224,99788.67825212872,35.98509563993752,WIN,99788.67825212872,0.0
2021-04-08,83.3499984741211,82.19999694824219,2,225.77289335955945,225.77289335955945,100014.45114548829,33.16724302876249,WIN,100014.45114548829,0.0
2021-04-09,82.76000213623047,83.3499984741211,2,227.29354101774027,109.29427343961527,100123.74541892791,33.037258402917466,LOSS,100123.74541892791,0.0
2021-04-12,78.58000183105469,82.76000213623047,2,201.8235691527483,-634.176491882408,99489.5689270455,31.130224713220997,LOSS,100123.74541892791,-0.6333926974355043
2021-04-13,80.19000244140625,78.58000183105469,2,220.4614727243188,220.4614727243188,99710.03039976982,33.55708249261847,WIN,100123.74541892791,-0.41320369851034044
2021-04-14,78.55000305175781,80.19000244140625,2,226.12426017533122,-101.87561775435628,99608.15478201547,33.65159432622352,LOSS,100123.74541892791,-0.5149534056633207
2021-04-15,83.01000213623047,78.55000305175781,2,224.92878016014197,224.92878016014197,99833.08356217561,33.94034347181153,WIN,100123.74541892791,-0.29030262055832784
2021-04-16,82.1500015258789,83.01000213623047,2,271.7656118965884,99.76548982627588,99932.84905200188,36.654746580949805,LOSS,100123.74541892791,-0.19066043337401808
2021-04-19,81.11000061035156,82.1500015258789,2,238.49870460375905,30.4985214982903,99963.34757350017,34.20292905271042,LOSS,100123.74541892791,-0.16019960575447675
2021-04-20,79.2699966430664,81.11000061035156,2,236.77853346095623,-131.22225999607502,99832.12531350409,34.30887407909614,LOSS,100123.74541892791,-0.29125968490656334
2021-04-21,81.61000061035156,79.2699966430664,2,234.62399573636566,234.62399573636566,100066.74930924046,34.57729187001924,WIN,100123.74541892791,-0.05692566678260908
2021-04-22,79.05999755859375,81.61000061035156,2,243.58067235580373,-266.4199379957588,99800.3293712447,34.74187839773213,LOSS,100123.74541892791,-0.3230163297727211
2021-04-23,82.76000213623047,79.05999755859375,2,240.1354737675138,240.1354737675138,100040.46484501222,35.090398563529156,WIN,100123.74541892791,-0.08317764538994801
2021-04-26,85.41000366210938,82.76000213623047,2,269.85340862291537,269.85340862291537,100310.31825363514,36.567332987862784,WIN,100310.31825363514,0.0
2021-04-27,85.20999908447266,85.41000366210938,2,284.5943275376597,244.59341201031594,100554.91166564546,37.03974308978833,LOSS,100554.91166564546,0.0
2021-04-28,84.0199966430664,85.20999908447266,2,283.74482912712193,45.74434084587193,100600.65600649134,37.025532852272974,LOSS,100600.65600649134,0.0
2021-04-29,83.91000366210938,84.0199966430664,2,279.47514303253035,257.4765468411241,100858.13255333246,37.00136145058096,LOSS,100858.13255333246,0.0
2021-04-30,81.62000274658203,83.91000366210938,2,271.6488160755943,-186.35136702987444,100671.78118630259,36.413275530748564,LOSS,100858.13255333246,-0.1847658312841858
2021-05-03,78.55000305175781,81.62000274658203,2,263.4546190465408,-350.54531991830294,100321.23586638429,36.35001777421519,LOSS,100858.13255333246,-0.532328601924354
2021-05-04,78.61000061035156,78.55000305175781,2,265.84040207059456,265.84040207059456,100587.07626845488,37.38534579841986,WIN,100858.13255333246,-0.2687500531841024
2021-05-05,77.83000183105469,78.61000061035156,2,266.0643307088908,110.0645748495158,100697.1408433044,37.387102351322014,LOSS,100858.13255333246,-0.1596219421799505
2021-05-06,77.88999938964844,77.83000183105469,2,262.8946352462768,262.8946352462768,100960.03547855068,37.342085619647044,WIN,100960.03547855068,0.0
2021-05-07,78.80999755859375,77.88999938964844,2,260.76170725520365,260.76170725520365,101220.79718580589,37.14374869213265,WIN,101220.79718580589,0.0
2021-05-10,75.98999786376953,78.80999755859375,2,265.49090236308035,-298.5090366017634,100922.28814920412,37.28216358212049,LOSS,101220.79718580589,-0.2949087982915315
2021-05-11,76.83000183105469,75.98999786376953,2,245.33627195491107,245.33627195491107,101167.62442115902,36.35474343413167,WIN,101220.79718580589,-0.05253146203665817
2021-05-12,74.63999938964844,76.83000183105469,2,245.07975957001656,-192.92072871123344,100974.70369244779,36.09918260263774,LOSS,101220.79718580589,-0.24312542501158113
2021-05-13,73.08999633789062,74.63999938964844,2,241.28170947574085,-68.71890087582165,100905.98479157196,36.381678871968234,LOSS,101220.79718580589,-0.3110155254517949
2021-05-14,74.58999633789062,73.08999633789062,2,204.727751307149,204.727751307149,101110.7125428791,33.52711532259967,WIN,101220.79718580589,-0.1087569412486519
2021-05-17,74.6500015258789,74.58999633789062,2,215.31063556764965,215.31063556764965,101326.02317844675,34.09298915094199,WIN,101326.02317844675,0.0
2021-05-18,74.44000244140625,74.6500015258789,2,215.028665692788,173.02884879825675,101499.05202724501,34.052657821310916,LOSS,101499.05202724501,0.0
2021-05-19,76.2300033569336,74.44000244140625,2,210.7420723601575,210.7420723601575,101709.79409960516,33.725520417675796,WIN,101709.79409960516,0.0
2021-05-20,78.05999755859375,76.2300033569336,2,212.45573595135005,212.45573595135005,101922.24983555652,33.43450797530858,WIN,101922.24983555652,0.0
2021-05-21,77.16999816894531,78.05999755859375,2,215.37146305627965,37.37158512659215,101959.6214206831,33.24940265721026,LOSS,101959.6214206831,0.0
2021-05-24,77.44000244140625,77.16999816894531,2,187.26315309890083,187.26315309890083,102146.88457378201,31.050659083237004,WIN,102146.88457378201,0.0
2021-05-25,77.86000061035156,77.44000244140625,2,172.2487029154676,172.2487029154676,102319.13327669748,29.712268117262532,WIN,102319.13327669748,0.0
2021-05-26,78.33999633789062,77.86000061035156,2,174.42856581952503,174.42856581952503,102493.56184251701,29.81809026093073,WIN,102493.56184251701,0.0
2021-05-27,78.41999816894531,78.33999633789062,2,175.46641393474937,175.46641393474937,102669.02825645175,29.814925849413353,WIN,102669.02825645175,0.0
2021-05-28,80.08000183105469,78.41999816894531,2,175.83871170912067,175.83871170912067,102844.86696816087,29.831213749777483,WIN,102844.86696816087,0.0
2021-06-01,80.80999755859375,80.08000183105469,2,178.16154854793268,178.16154854793268,103023.0285167088,29.715632488572034,WIN,103023.0285167088,0.0
2021-06-02,81.97000122070312,80.80999755859375,2,159.86234542440684,159.86234542440684,103182.89086213321,28.084891188426518,WIN,103182.89086213321,0.0
2021-06-03,80.27999877929688,81.97000122070312,2,164.55948034922378,-173.44100793202622,103009.44985420119,28.278743881856315,LOSS,103182.89086213321,-0.1680908593303165
2021-06-04,81.58000183105469,80.27999877929688,2,166.65836488625,166.65836488625,103176.10821908743,28.731209333033412,WIN,103182.89086213321,-0.006573418314904095
2021-06-07,81.3499984741211,81.58000183105469,2,172.27297005324982,126.27229866653107,103302.38051775396,28.9676215417132,LOSS,103302.38051775396,0.0
2021-06-08,80.88999938964844,81.3499984741211,2,170.7603473772135,78.76053048268224,103381.14104823665,28.884124813316063,LOSS,103381.14104823665,0.0
2021-06-09,79.95999908447266,80.88999938964844,2,147.97419824659198,-38.02586278856427,103343.11518544808,27.09985572903692,LOSS,103381.14104823665,-0.036782204571354796
2021-06-10,81.55999755859375,79.95999908447266,2,148.42182338669352,148.42182338669352,103491.53700883478,27.277615004756704,WIN,103491.53700883478,0.0
2021-06-11,81.30999755859375,81.55999755859375,2,138.6189269142555,88.6189269142555,103580.15593574903,26.241761237127285,LOSS,103580.15593574903,0.0
2021-06-14,81.55000305175781,81.30999755859375,2,126.88714403278244,126.88714403278244,103707.04307978181,25.32197262827534,WIN,103707.04307978181,0.0
2021-06-15,80.47000122070312,81.55000305175781,2,122.4717969509577,-93.5285692599798,103613.51451052183,24.93347348944238,LOSS,103707.04307978181,-0.09018535914483154
2021-06-16,80.11000061035156,80.47000122070312,2,126.65095047218533,54.65082840187283,103668.1653389237,25.410305491990925,LOSS,103707.04307978181,-0.03748804295596348
2021-06-17,84.55999755859375,80.11000061035156,2,126.56031849642082,126.56031849642082,103794.72565742013,25.449604482570358,WIN,103794.72565742013,0.0
2021-06-18,84.6500015258789,84.55999755859375,2,172.86519816811173,172.86519816811173,103967.59085558825,28.521710557459713,WIN,103967.59085558825,0.0
2021-06-21,82.58999633789062,84.6500015258789,2,167.3580318972418,-244.64300570041445,103722.94784988783,28.07701489449913,LOSS,103967.59085558825,-0.23530698719395074
2021-06-22,83.58000183105469,82.58999633789062,2,171.95449535393246,171.95449535393246,103894.90234524176,28.77130559689211,WIN,103967.59085558825,-0.06991458563991658
2021-06-23,83.81999969482422,83.58000183105469,2,175.0431611842879,175.0431611842879,104069.94550642605,28.85261614771061,WIN,104069.94550642605,0.0
2021-06-24,86.0999984741211,83.81999969482422,2,175.52671383740548,175.52671383740548,104245.47222026346,28.851110562902175,WIN,104245.47222026346,0.0
2021-06-25,85.62000274658203,86.0999984741211,2,188.203938668273,92.2047931604605,104337.67701342392,29.458212145868043,LOSS,104337.67701342392,0.0
2021-06-28,87.08000183105469,85.62000274658203,2,188.5206352341237,188.5206352341237,104526.19764865804,29.563732242268692,WIN,104526.19764865804,0.0
2021-06-29,89.5199966430664,87.08000183105469,2,189.918811460528,189.918811460528,104716.11646011857,29.425756024683665,WIN,104716.11646011857,0.0
2021-06-30,93.93000030517578,89.5199966430664,2,203.1611241818559,203.1611241818559,104919.27758430043,30.01099840309069,WIN,104919.27758430043,0.0
2021-07-01,93.30999755859375,93.93000030517578,2,239.6036139169529,115.60306460054665,105034.88064890099,31.87244686460575,LOSS,105034.88064890099,0.0
2021-07-02,94.69999694824219,93.30999755859375,2,229.71536216645708,229.71536216645708,105264.59601106745,31.28361741843187,WIN,105264.59601106745,0.0
2021-07-06,94.47000122070312,94.69999694824219,2,232.84102798439346,186.84188247658096,105451.43789354403,31.26292172416936,LOSS,105451.43789354403,0.0
2021-07-07,90.54000091552734,94.47000122070312,2,232.15816483149695,-553.8418962036593,104897.59599734038,31.254704166413017,LOSS,105451.43789354403,-0.5252103786036278
2021-07-08,89.73999786376953,90.54000091552734,2,251.19181949690906,91.19120914534656,104988.78720648572,33.350758754208044,LOSS,105451.43789354403,-0.43873340781314774
2021-07-09,90.9000015258789,89.73999786376953,2,247.91742688129025,247.91742688129025,105236.70463336702,33.273007377453624,WIN,105451.43789354403,-0.2036323680989504
2021-07-12,90.80999755859375,90.9000015258789,2,249.2408005123306,231.24000705529934,105467.94464042231,33.13611561212542,LOSS,105467.94464042231,0.0
2021-07-13,90.26000213623047,90.80999755859375,2,248.5894598529051,138.59037538024884,105606.53501580257,33.10664868970753,LOSS,105606.53501580257,0.0
2021-07-14,89.05000305175781,90.26000213623047,2,248.6797330589367,6.679916164405455,105613.21493196697,33.22359611688327,LOSS,105613.21493196697,0.0
2021-07-15,86.93000030517578,89.05000305175781,2,245.4201504180495,-178.58039889835675,105434.63453306862,33.2291033823105,LOSS,105613.21493196697,-0.16908906618683076
2021-07-16,85.88999938964844,86.93000030517578,2,248.19605316312897,40.195870057660215,105474.83040312628,33.88487952237783,LOSS,105613.21493196697,-0.13102955811905892
2021-07-19,86.58000183105469,85.88999938964844,2,213.77907186307365,213.77907186307365,105688.60947498935,31.463100002305566,WIN,105688.60947498935,0.0
2021-07-20,87.11000061035156,86.58000183105469,2,216.11854490513943,216.11854490513943,105904.7280198945,31.5106234533207,WIN,105904.7280198945,0.0
2021-07-21,89.41000366210938,87.11000061035156,2,208.223144382133,208.223144382133,106112.95116427663,30.810660469033273,WIN,106112.95116427663,0.0
2021-07-22,91.20999908447266,89.41000366210938,2,220.15468553372867,220.15468553372867,106333.10584981035,31.286615703795103,WIN,106333.10584981035,0.0
2021-07-23,92.1500015258789,91.20999908447266,2,228.18930191033644,228.18930191033644,106561.29515172068,31.547860726899298,WIN,106561.29515172068,0.0
2021-07-26,91.81999969482422,92.1500015258789,2,223.48249709714256,157.48213088620506,106718.77728260688,31.04121269408503,LOSS,106718.77728260688,0.0
2021-07-27,91.02999877929688,91.81999969482422,2,222.21128489998225,64.2111017945135,106782.9883844014,31.007291448254477,LOSS,106782.9883844014,0.0
2021-07-28,97.93000030517578,91.02999877929688,2,219.44105390715424,219.44105390715424,107002.42943830855,30.94492101125604,WIN,107002.42943830855,0.0
2021-07-29,102.94999694824219,97.93000030517578,2,298.79910833947656,298.79910833947656,107301.22854664802,35.181459465193086,WIN,107301.22854664802,0.0
2021-07-30,106.19000244140625,102.94999694824219,2,316.4279470100644,316.4279470100644,107617.65649365808,35.330006810982454,WIN,107617.65649365808,0.0
2021-08-02,108.62999725341797,106.19000244140625,2,332.88476341930664,332.88476341930664,107950.54125707739,35.73477443735882,WIN,107950.54125707739,0.0
2021-08-03,112.55999755859375,108.62999725341797,2,343.05653112967116,343.05653112967116,108293.59778820706,35.888389256058815,WIN,108293.59778820706,0.0
2021-08-04,118.7699966430664,112.55999755859375,2,364.4292730524201,364.4292730524201,108658.02706125948,36.41500639396429,WIN,108658.02706125948,0.0
2021-08-05,112.3499984741211,118.7699966430664,2,371.47271265277783,-912.5269211362847,107745.50014012319,35.68755671264857,LOSS,108658.02706125948,-0.8398154704408757
2021-08-06,110.11000061035156,112.3499984741211,2,402.23915712014167,-45.76041563376458,107699.73972448942,38.68101450302347,LOSS,108658.02706125948,-0.8819296306841525
2021-08-09,107.58000183105469,110.11000061035156,2,405.1001044033119,-100.89965145606311,107598.84007303337,39.33462279530458,LOSS,108658.02706125948,-0.97478945354765
2021-08-10,106.4800033569336,107.58000183105469,2,406.1364422838248,186.13674745960606,107784.97682049297,39.970626658173096,LOSS,108658.02706125948,-0.8034843484451399
2021-08-11,107.68000030517578,106.4800033569336,2,403.49655370294124,403.49655370294124,108188.4733741959,40.064601387901945,WIN,108658.02706125948,-0.43213897745340396
2021-08-12,106.5,107.68000030517578,2,402.4522773469192,166.45221631176292,108354.92559050767,39.72113292658398,LOSS,108658.02706125948,-0.2789499118927689
2021-08-13,110.55000305175781,106.5,2,390.2794490165316,390.2794490165316,108745.2050395242,39.23902262716091,WIN,108745.2050395242,0.0
2021-08-16,107.4800033569336,110.55000305175781,2,406.42347621076806,-207.5764627540757,108537.62857677012,39.31694742985741,LOSS,108745.2050395242,-0.19088332462901
2021-08-17,107.55999755859375,107.4800033569336,2,412.30730826685436,412.30730826685436,108949.93588503698,40.37361758786571,WIN,108949.93588503698,0.0
2021-08-18,103.44000244140625,107.55999755859375,2,413.50259650346777,-410.49642693403223,108539.43945810295,40.428250782352606,LOSS,108949.93588503698,-0.37677528086586426
2021-08-19,103.69999694824219,103.44000244140625,2,417.50857874974275,417.50857874974275,108956.94803685269,41.69721199575478,WIN,108956.94803685269,0.0
2021-08-20,104.6500015258789,103.69999694824219,2,417.2120801364058,417.2120801364058,109374.1601169891,41.61136548933119,WIN,109374.1601169891,0.0
2021-08-23,108.7699966430664,104.6500015258789,2,420.9710723376189,420.9710723376189,109795.13118932671,41.60737578398635,WIN,109795.13118932671,0.0
2021-08-24,107.6500015258789,108.7699966430664,2,446.1835998661459,222.18457642864593,110017.31576575535,42.13273146902834,LOSS,110017.31576575535,0.0
2021-08-25,108.30000305175781,107.6500015258789,2,442.21061008320544,442.21061008320544,110459.52637583856,42.17090768254778,WIN,110459.52637583856,0.0
2021-08-26,107.2699966430664,108.30000305175781,2,395.1364255010311,189.13514376274986,110648.6615196013,39.13279516065906,LOSS,110648.6615196013,0.0
2021-08-27,111.4000015258789,107.2699966430664,2,367.7651619739849,367.7651619739849,111016.42668157529,37.67677798793529,WIN,111016.42668157529,0.0
2021-08-30,111.31999969482422,111.4000015258789,2,387.4868664578803,371.4865002469428,111387.91318182224,38.007043781617185,LOSS,111387.91318182224,0.0
2021-08-31,110.72000122070312,111.31999969482422,2,382.04374040715044,262.0440455829317,111649.95722740518,37.70016012031203,LOSS,111649.95722740518,0.0
2021-09-01,109.98999786376953,110.72000122070312,2,364.60875402455974,218.608082637841,111868.56531004302,36.781613040791015,LOSS,111868.56531004302,0.0
2021-09-02,109.19999694824219,109.98999786376953,2,318.4409836836367,160.44080057816797,112029.0061106212,34.14982422131682,LOSS,112029.0061106212,0.0
2021-09-03,109.91999816894531,109.19999694824219,2,275.73990506935854,275.73990506935854,112304.74601569056,31.70190558008584,WIN,112304.74601569056,0.0
2021-09-07,109.1500015258789,109.91999816894531,2,272.1452321542933,118.14590354101205,112422.89191923157,31.376196705933484,LOSS,112422.89191923157,0.0
2021-09-08,106.16999816894531,109.1500015258789,2,261.8337138011162,-334.1669575856026,112088.72496164596,30.866854830184476,LOSS,112422.89191923157,-0.29724102616545717
2021-09-09,106.1500015258789,106.16999816894531,2,265.4829252809606,261.48359666767936,112350.20855831364,31.53955471746482,LOSS,112422.89191923157,-0.06465174456653229
2021-09-10,105.19999694824219,106.1500015258789,2,263.29810468320596,73.29718915586221,112423.50574746949,31.40653075018046,LOSS,112423.50574746949,0.0
2021-09-13,104.80000305175781,105.19999694824219,2,260.328153905949,180.32937460907402,112603.83512207857,31.367955667397904,LOSS,112603.83512207857,0.0
2021-09-14,105.7300033569336,104.80000305175781,2,233.07314471691262,233.07314471691262,112836.90826679548,29.710247143413024,WIN,112836.90826679548,0.0
2021-09-15,105.5999984741211,105.7300033569336,2,224.52451225757179,198.52353569507179,113035.43180249055,29.04606081081365,LOSS,113035.43180249055,0.0
2021-09-16,106.22000122070312,105.5999984741211,2,224.2127958768921,224.2127958768921,113259.64459836745,29.043828295937907,WIN,113259.64459836745,0.0
2021-09-17,103.87999725341797,106.22000122070312,2,195.8574853509912,-272.1433081060401,112987.50129026141,27.19615403629367,LOSS,113259.64459836745,-0.24028267885802757
2021-09-20,101.55000305175781,103.87999725341797,2,202.32874119950645,-263.6700991325248,112723.83119112889,27.8829309407069,LOSS,113259.64459836745,-0.47308413260399873
2021-09-21,102.81999969482422,101.55000305175781,2,205.20999734093607,205.20999734093607,112929.04118846983,28.366189148010683,WIN,113259.64459836745,-0.2918986820680777
2021-09-22,104.37999725341797,102.81999969482422,2,176.428385568153,176.428385568153,113105.46957403798,26.349582615527062,WIN,113259.64459836745,-0.13612529412059335
2021-09-23,106.1500015258789,104.37999725341797,2,184.3283218005882,184.3283218005882,113289.79789583856,26.68056409041227,WIN,113289.79789583856,0.0
2021-09-24,105.80000305175781,106.1500015258789,2,193.65098116577008,123.65128634155133,113413.44918218012,27.066705839457082,LOSS,113413.44918218012,0.0
2021-09-27,108.16000366210938,105.80000305175781,2,191.45866877438198,191.45866877438198,113604.9078509545,26.969565437457852,WIN,113604.9078509545,0.0
2021-09-28,101.5199966430664,108.16000366210938,2,171.1589449126349,-1156.8424588959588,112448.06539205855,25.46699305590159,LOSS,113604.9078509545,-1.0183032412769486
2021-09-29,100.3499984741211,101.5199966430664,2,229.09916783215127,-4.900465956911233,112443.16492610163,29.92660174593098,LOSS,113604.9078509545,-1.0226168453717186
2021-09-30,102.9000015258789,100.3499984741211,2,227.2593465418805,227.2593465418805,112670.4242726435,29.97936530163282,WIN,113604.9078509545,-0.8225732461638112
2021-10-01,102.44999694824219,102.9000015258789,2,247.30093958177767,157.30002405443392,112827.72429669794,30.89642311524749,LOSS,113604.9078509545,-0.6841108971068435
2021-10-04,100.33999633789062,102.44999694824219,2,245.97279694475583,-176.02732512555667,112651.69697157238,30.880499497027515,LOSS,113604.9078509545,-0.8390578342202453
2021-10-05,101.80999755859375,100.33999633789062,2,243.75756723457135,243.75756723457135,112895.45453880695,31.06841555288271,WIN,113604.9078509545,-0.6244917808289859
2021-10-06,103.63999938964844,101.80999755859375,2,252.52370082597793,252.52370082597793,113147.97823963292,31.405925954145605,WIN,113604.9078509545,-0.4022093939119754
2021-10-07,106.44999694824219,103.63999938964844,2,253.41306042599868,253.41306042599868,113401.39130005892,31.173001273916032,WIN,113604.9078509545,-0.17914415384464696
2021-10-08,105.05999755859375,106.44999694824219,2,272.4180966567784,-5.581781272909097,113395.80951878602,31.92697409699864,LOSS,113604.9078509545,-0.18405748142749265
2021-10-11,104.68000030517578,105.05999755859375,2,270.2965647245886,194.29711404099487,113590.10663282701,32.01735929742171,LOSS,113604.9078509545,-0.01302867843255133
2021-10-12,105.04000091552734,104.68000030517578,2,269.2968064834406,269.2968064834406,113859.40343931045,32.015962379201525,WIN,113859.40343931045,0.0
2021-10-13,109.16000366210938,105.04000091552734,2,269.1903264204943,269.1903264204943,114128.59376573094,31.950938995747062,WIN,114128.59376573094,0.0
2021-10-14,111.98999786376953,109.16000366210938,2,302.45489312067383,302.45489312067383,114431.04865885162,33.326777280277994,WIN,114431.04865885162,0.0
2021-10-15,112.12000274658203,111.98999786376953,2,318.4702679172791,318.4702679172791,114749.5189267689,33.80956212496331,WIN,114749.5189267689,0.0
2021-10-18,116.43000030517578,112.12000274658203,2,309.03445770223885,309.03445770223885,115058.55338447113,33.23109841242754,WIN,115058.55338447113,0.0
2021-10-19,116.33000183105469,116.43000030517578,2,325.5693470123627,305.56965218814395,115364.12303665928,33.495566530160644,LOSS,115364.12303665928,0.0
2021-10-20,116.38999938964844,116.33000183105469,2,325.69546790334607,325.69546790334607,115689.81850456263,33.51863658664185,WIN,115689.81850456263,0.0
2021-10-21,119.33000183105469,116.38999938964844,2,325.0509125947487,325.0509125947487,116014.86941715737,33.472460749853425,WIN,116014.86941715737,0.0
2021-10-22,119.81999969482422,119.33000183105469,2,337.318627240027,337.318627240027,116352.1880443974,33.69733483978195,WIN,116352.1880443974,0.0
2021-10-25,122.36000061035156,119.81999969482422,2,337.29379300211104,337.29379300211104,116689.48183739951,33.619502114049666,WIN,116689.48183739951,0.0
2021-10-26,122.93000030517578,122.36000061035156,2,343.88602517026425,343.88602517026425,117033.36786256976,33.589344912810624,WIN,117033.36786256976,0.0
2021-10-27,122.27999877929688,122.93000030517578,2,253.3556861816586,123.35538100587735,117156.72324357565,28.632069820562947,LOSS,117156.72324357565,0.0
2021-10-28,121.16000366210938,122.27999877929688,2,246.8259405060175,22.826917068517503,117179.55016064417,28.351326100297445,LOSS,117179.55016064417,0.0
2021-10-29,120.2300033569336,121.16000366210938,2,246.24874293753675,60.2486819023805,117239.79884254654,28.4432344582114,LOSS,117239.79884254654,0.0
2021-11-01,125.2300033569336,120.2300033569336,2,246.46359955550668,246.46359955550668,117486.26244210204,28.55904045261084,WIN,117486.26244210204,0.0
2021-11-02,127.62999725341797,125.2300033569336,2,258.9220410305885,258.9220410305885,117745.18448313263,28.67570292974584,WIN,117745.18448313263,0.0
2021-11-03,130.52999877929688,127.62999725341797,2,265.0463982183103,265.0463982183103,118010.23088135094,28.735933375181958,WIN,118010.23088135094,0.0
2021-11-04,137.5,130.52999877929688,2,273.0345746164558,273.0345746164558,118283.2654559674,28.835547202043383,WIN,118283.2654559674,0.0
2021-11-05,136.33999633789062,137.5,2,322.031346432141,90.03061401026599,118373.29606997766,30.49117921866786,LOSS,118373.29606997766,0.0
2021-11-08,150.16000366210938,136.33999633789062,2,314.3995991553484,314.3995991553484,118687.69566913301,30.25273533090654,WIN,118687.69566913301,0.0
2021-11-09,148.9199981689453,150.16000366210938,2,488.0240455081414,240.0229468753289,118927.71861600834,36.49690707819326,LOSS,118927.71861600834,0.0
2021-11-10,139.8699951171875,148.9199981689453,2,492.3124276607821,-1317.6881826907804,117610.03043331756,36.86637568748854,LOSS,118927.71861600834,-1.107973984555531
2021-11-11,146.00999450683594,139.8699951171875,2,539.9782450957816,539.9782450957816,118150.00867841335,40.535286333419016,WIN,118927.71861600834,-0.6539349670921099
2021-11-12,147.88999938964844,146.00999450683594,2,574.6564470630319,574.6564470630319,118724.66512547637,41.03243109083114,WIN,118927.71861600834,-0.17073689203404374
2021-11-15,146.49000549316406,147.88999938964844,2,579.6733671012522,299.6745878043772,119024.33971328074,40.92588371977357,LOSS,119024.33971328074,0.0
2021-11-16,152.4499969482422,146.49000549316406,2,572.4901569746885,572.4901569746885,119596.82987025543,40.84931610672301,WIN,119596.82987025543,0.0
2021-11-17,151.33999633789062,152.4499969482422,2,604.1162692819106,382.1161472115981,119978.94601746702,41.21091248743534,LOSS,119978.94601746702,0.0
2021-11-18,155.02000427246094,151.33999633789062,2,603.610742282423,603.610742282423,120582.55675974945,41.38106170560533,WIN,120582.55675974945,0.0
2021-11-19,155.41000366210938,155.02000427246094,2,617.9800607937972,617.9800607937972,121200.53682054325,41.3679123821864,WIN,121200.53682054325,0.0
2021-11-22,152.52000427246094,155.41000366210938,2,620.0200607258025,42.02018279611502,121242.55700333936,41.388566532020334,LOSS,121242.55700333936,0.0
2021-11-23,149.9199981689453,152.52000427246094,2,621.389673755703,101.38845305257803,121343.94545639194,41.94798219852264,LOSS,121343.94545639194,0.0
2021-11-24,157.8000030517578,149.9199981689453,2,621.159722157895,621.159722157895,121965.10517854984,42.40518558817911,WIN,121965.10517854984,0.0
2021-11-26,154.80999755859375,157.8000030517578,2,673.0024976868301,75.00139905401761,122040.10657760386,43.20971492663162,LOSS,122040.10657760386,0.0
2021-11-29,161.91000366210938,154.80999755859375,2,667.5427034837184,667.5427034837184,122707.64928108758,43.52128432895914,WIN,122707.64928108758,0.0
2021-11-30,158.3699951171875,161.91000366210938,2,705.470402035153,-2.531306949221971,122705.11797413835,43.82001110007036,LOSS,122707.64928108758,-0.0020628762461477423
2021-12-01,149.11000061035156,158.3699951171875,2,697.278634894938,-1154.7202664722495,121550.39770766611,44.122086243128194,LOSS,122707.64928108758,-0.9430965226711672
2021-12-02,150.67999267578125,149.11000061035156,2,714.059434057678,714.059434057678,122264.45714172379,46.6749995993392,WIN,122707.64928108758,-0.3611772713113956
2021-12-03,144.00999450683594,150.67999267578125,2,719.1378742182413,-614.8617595708212,121649.59538215297,46.56789331751356,LOSS,122707.64928108758,-0.8622558619071217
2021-12-06,139.05999755859375,144.00999450683594,2,689.3917466503358,-300.6076429981017,121348.98773915487,46.66375923739538,LOSS,122707.64928108758,-1.107234593680802
2021-12-07,144.85000610351562,139.05999755859375,2,679.1587745741515,679.1587745741515,122028.14651372902,47.30413580104972,WIN,122707.64928108758,-0.5537574644609269
2021-12-08,145.24000549316406,144.85000610351562,2,604.2857611075733,604.2857611075733,122632.4322748366,42.593886388335164,WIN,122707.64928108758,-0.06129773220468335
2021-12-09,138.10000610351562,145.24000549316406,2,605.3827678510953,-822.6171100785922,121809.81516475801,42.56974991668759,LOSS,122707.64928108758,-0.7316855319042849
2021-12-10,138.5500030517578,138.10000610351562,2,559.4825817772561,559.4825817772561,122369.29774653526,41.7967362207324,WIN,122707.64928108758,-0.27573793201534985
2021-12-13,133.8000030517578,138.5500030517578,2,534.6674542654853,-415.3325457345147,121953.96520080074,40.5250286349331,LOSS,122707.64928108758,-0.6142111634461906
2021-12-14,135.60000610351562,133.8000030517578,2,525.4250765374334,525.4250765374334,122479.39027733817,40.97429098296392,WIN,122707.64928108758,-0.18601856126062136
2021-12-15,146.5,135.60000610351562,2,536.0238634514966,536.0238634514966,123015.41414078967,41.14649291398402,WIN,123015.41414078967,0.0
2021-12-16,138.63999938964844,146.5,2,645.4289594358875,-926.571162634425,122088.84297815524,44.1406913929446,LOSS,123015.41414078967,-0.7532154966970055
2021-12-17,137.75,138.63999938964844,2,640.9699555920397,462.9700776623522,122551.81305581759,45.58004738579204,LOSS,123015.41414078967,-0.37686422324400015
2021-12-20,135.8000030517578,137.75,2,627.4935620813305,237.49417243289304,122789.30722825049,45.13052476517731,LOSS,123015.41414078967,-0.18380372420679233
2021-12-21,144.25,135.8000030517578,2,618.6838060691903,618.6838060691903,123407.99103431968,45.13408420944809,WIN,123407.99103431968,0.0
2021-12-22,143.8800048828125,144.25,2,705.5112317549524,631.5122083174524,124039.50324263713,47.350212589020096,LOSS,124039.50324263713,0.0
2021-12-23,146.13999938964844,143.8800048828125,2,701.0599377330857,701.0599377330857,124740.56318037021,47.228770267677135,WIN,124740.56318037021,0.0
2021-12-27,154.36000061035156,146.13999938964844,2,680.953954946033,680.953954946033,125421.51713531624,45.82035764673578,WIN,125421.51713531624,0.0
2021-12-28,153.14999389648438,154.36000061035156,2,755.8752749375924,513.8739321641549,125935.39106748039,47.38951139802811,LOSS,125935.39106748039,0.0
2021-12-29,148.25999450683594,153.14999389648438,2,724.419854174679,-253.58002375500848,125681.81104372538,46.28688957440229,LOSS,125935.39106748039,-0.20135723691772806
2021-12-30,145.14999389648438,148.25999450683594,2,707.1469057690156,85.14678369870308,125766.95782742408,46.54820791807356,LOSS,125935.39106748039,-0.1337457553659894
2021-12-31,143.89999389648438,145.14999389648438,2,658.5309703503016,408.5309703503016,126175.48879777438,45.008771123743514,LOSS,126175.48879777438,0.0
2022-01-03,150.24000549316406,143.89999389648438,2,651.8875483400756,651.8875483400756,126827.37634611446,44.96407937529408,WIN,126827.37634611446,0.0
2022-01-04,144.4199981689453,150.24000549316406,2,679.0964017034308,-484.90506314031916,126342.47128297413,44.89749949170245,LOSS,126827.37634611446,-0.3823346954816812
2022-01-05,136.14999389648438,144.4199981689453,2,656.9235912579943,-997.0772632341932,125345.39401973994,45.08683829934144,LOSS,126827.37634611446,-1.1685034959094012
2022-01-06,136.22999572753906,136.14999389648438,2,636.7994434499752,636.7994434499752,125982.1934631899,45.936706535476354,WIN,126827.37634611446,-0.6664041370831709
2022-01-07,132.0,136.22999572753906,2,636.9844386609444,-209.01470684686808,125773.17875634304,45.92752085754948,LOSS,126827.37634611446,-0.8312066528085295
2022-01-10,132.0,132.0,2,602.2726329827541,602.2726329827541,126375.4513893258,45.179235006296295,WIN,126827.37634611446,-0.35633076218130216
2022-01-11,137.30999755859375,132.0,2,602.0376029229479,602.0376029229479,126977.48899224875,45.167457902340395,WIN,126977.48899224875,0.0
2022-01-12,137.47000122070312,137.30999755859375,2,631.0830402411548,631.0830402411548,127608.5720324899,45.3999856309837,WIN,127608.5720324899,0.0
2022-01-13,132.74000549316406,137.47000122070312,2,630.2477013486734,-315.75144415913906,127292.82058833077,45.32441018643806,LOSS,127608.5720324899,-0.24743748725496406
2022-01-14,136.8800048828125,132.74000549316406,2,543.3899067684623,543.3899067684623,127836.21049509924,42.07688900777474,WIN,127836.21049509924,0.0
2022-01-18,131.92999267578125,136.8800048828125,2,540.6790757860663,-449.3233656201837,127386.88712947906,41.12694189430509,LOSS,127836.21049509924,-0.35148363979187475
2022-01-19,128.27000427246094,131.92999267578125,2,536.2807898879299,-195.71689077613257,127191.17023870292,41.88671419909071,LOSS,127836.21049509924,-0.5045833679660293
2022-01-20,121.88999938964844,128.27000427246094,2,527.5389076778988,-748.4620688846012,126442.70816981832,42.20310107852008,LOSS,127836.21049509924,-1.0900685493445073
2022-01-21,118.80999755859375,121.88999938964844,2,471.93166043540094,-144.06870577553656,126298.63946404278,40.60943915789146,LOSS,127836.21049509924,-1.2027664345662106
2022-01-24,116.52999877929688,118.80999755859375,2,462.87903230501587,6.879276445640869,126305.51874048842,40.76935509954319,LOSS,127836.21049509924,-1.1973851138754594
2022-01-25,111.12999725341797,116.52999877929688,2,447.4956366946346,-632.5046684811466,125673.01407200727,40.40037286284732,LOSS,127836.21049509924,-1.692162506002083
2022-01-26,110.70999908447266,111.12999725341797,2,383.4023171504588,299.4026833613963,125972.41675536866,37.81983281599581,LOSS,127836.21049509924,-1.4579544657278702
2022-01-27,102.5999984741211,110.70999908447266,2,382.93844560364556,-1239.061676466667,124733.355078902,37.878689885541235,LOSS,127836.21049509924,-2.4272116673203437
2022-01-28,105.23999786376953,102.5999984741211,2,386.76932506188695,386.76932506188695,125120.12440396388,39.93410000196445,WIN,127836.21049509924,-2.1246609865985326
2022-01-31,114.25,105.23999786376953,2,415.04956274217494,415.04956274217494,125535.17396670606,41.08604017180283,WIN,127836.21049509924,-1.799988062444473
2022-02-01,116.77999877929688,114.25,2,546.9713030003669,546.9713030003669,126082.14526970642,46.66630288901374,WIN,127836.21049509924,-1.3721192286594392
2022-02-02,122.76000213623047,116.77999877929688,2,540.8105567585358,540.8105567585358,126622.95582646495,45.631320742810566,WIN,127836.21049509924,-0.949069644614344
2022-02-03,120.08000183105469,122.76000213623047,2,596.3722077727177,60.37214673756148,126683.32797320251,47.13287152044364,LOSS,127836.21049509924,-0.9018434741077703
2022-02-04,123.5999984741211,120.08000183105469,2,560.9402758542891,560.9402758542891,127244.2682490568,45.89832710775748,WIN,127836.21049509924,-0.4630473977207985
2022-02-07,123.66999816894531,123.5999984741211,2,588.6661304506956,588.6661304506956,127832.9343795075,46.502107719389315,WIN,127836.21049509924,-0.002562744608160336
2022-02-08,128.22999572753906,123.66999816894531,2,581.5330713234962,581.5330713234962,128414.467450831,46.10277166374036,WIN,128414.467450831,0.0
2022-02-09,132.85000610351562,128.22999572753906,2,618.0601977391119,618.0601977391119,129032.5276485701,46.88087095393055,WIN,129032.5276485701,0.0
2022-02-10,125.7699966430664,132.85000610351562,2,636.9062345865764,-779.0956575032674,128253.43199106684,46.710489796094436,LOSS,129032.5276485701,-0.60379787306437
2022-02-11,113.18000030517578,125.7699966430664,2,628.2138107372282,-1889.7854568408968,126363.64653422595,48.03843439910226,LOSS,129032.5276485701,-2.0683785422022085
2022-02-14,114.2699966430664,113.18000030517578,2,631.4091534669852,631.4091534669852,126995.05568769293,51.900326716271096,WIN,129032.5276485701,-1.5790374706340558
2022-02-15,121.47000122070312,114.2699966430664,2,628.1002555863565,628.1002555863565,127623.15594327929,51.35681113845645,WIN,129032.5276485701,-1.0922607895656735
2022-02-16,117.69000244140625,121.47000122070312,2,698.400652710118,-57.59910314925696,127565.55684013003,53.02985148569394,LOSS,129032.5276485701,-1.1369000012426973
2022-02-17,112.37000274658203,117.69000244140625,2,678.0449627027177,-385.954976262126,127179.6018638679,53.107279968929305,LOSS,129032.5276485701,-1.4360144829130166
2022-02-18,113.83000183105469,112.37000274658203,2,644.4117448053863,644.4117448053863,127824.01360867328,52.93168054221061,WIN,129032.5276485701,-0.9365964241112144
2022-02-22,115.6500015258789,113.83000183105469,2,650.4022006868166,650.4022006868166,128474.4158093601,52.793254140073664,WIN,129032.5276485701,-0.4325357717009647
2022-02-23,109.76000213623047,115.6500015258789,2,660.0291389912016,-517.9707389384859,127956.44507042161,52.74909072171613,LOSS,129032.5276485701,-0.8339622556874045
2022-02-24,116.61000061035156,109.76000213623047,2,629.6987810266129,629.6987810266129,128586.14385144823,52.94702858626768,WIN,129032.5276485701,-0.3459467199911287
2022-02-25,121.05999755859375,116.61000061035156,2,696.1601077058357,696.1601077058357,129282.30395915406,54.48774779249245,WIN,129282.30395915406,0.0
2022-02-28,123.33999633789062,121.05999755859375,2,680.1716223479258,680.1716223479258,129962.47558150199,52.16266722839132,WIN,129962.47558150199,0.0
2022-03-01,113.83000183105469,123.33999633789062,2,691.4773193978368,-1210.5215819693508,128751.95399953263,52.08199040634784,LOSS,129962.47558150199,-0.9314393070407567
2022-03-02,118.27999877929688,113.83000183105469,2,639.891347627098,639.891347627098,129391.84534715973,52.18249461236075,WIN,129962.47558150199,-0.43907307227646974
2022-03-03,111.9800033569336,118.27999877929688,2,672.7838271677681,-587.2152573048882,128804.63008985484,52.62298594780973,LOSS,129962.47558150199,-0.8909075380924438
2022-03-04,108.41000366210938,111.9800033569336,2,637.1709895974748,-76.82894936736898,128727.80114048747,52.636094181172844,LOSS,129962.47558150199,-0.9500237937836373
2022-03-07,102.94999694824219,108.41000366210938,2,620.2016490403738,-471.7996937330637,128256.00144675441,52.84012707875464,LOSS,129962.47558150199,-1.3130514228142847
2022-03-08,105.52999877929688,102.94999694824219,2,593.8717271420353,593.8717271420353,128849.87317389644,53.15534111866384,WIN,129962.47558150199,-0.856095117169273
2022-03-09,111.05000305175781,105.52999877929688,2,615.5714908585336,615.5714908585336,129465.44466475498,53.58260915929391,WIN,129962.47558150199,-0.3824418660256388
2022-03-10,106.45999908447266,111.05000305175781,2,659.0225962769367,-258.9781971800945,129206.46646757488,54.25281067548102,LOSS,129962.47558150199,-0.5817133834550589
2022-03-11,104.29000091552734,106.45999908447266,2,626.2163073846184,192.2166735955559,129398.68314117043,53.90692820122636,LOSS,129962.47558150199,-0.4338117120414426
2022-03-14,102.25,104.29000091552734,2,601.0299237492953,193.02974064382659,129591.71288181427,53.119083679862015,LOSS,129962.47558150199,-0.28528442385295283
2022-03-15,109.33000183105469,102.25,2,527.9977901094437,527.9977901094437,130119.7106719237,49.155277394163015,WIN,130119.7106719237,0.0
2022-03-16,115.37000274658203,109.33000183105469,2,603.5119543130197,603.5119543130197,130723.22262623672,51.51199390891434,WIN,130723.22262623672,0.0
2022-03-17,111.69000244140625,115.37000274658203,2,629.3669047278203,-106.63315630733598,130616.58946992939,51.08278308231265,LOSS,130723.22262623672,-0.08157170100695708
2022-03-18,113.45999908447266,111.69000244140625,2,609.6528620796039,609.6528620796039,131226.242332009,51.10416832042741,WIN,131226.242332009,0.0
2022-03-21,115.91999816894531,113.45999908447266,2,605.1339376325931,605.1339376325931,131831.3762696416,50.27749695443585,WIN,131831.3762696416,0.0
2022-03-22,114.77999877929688,115.91999816894531,2,620.4967877029093,392.4969097732218,132223.8731794148,50.405456683662656,LOSS,132223.8731794148,0.0
2022-03-23,113.91999816894531,114.77999877929688,2,613.6114072973064,441.6112852269939,132665.4844646418,50.36032415505358,LOSS,132665.4844646418,0.0
2022-03-24,120.52999877929688,113.91999816894531,2,586.9632277876193,586.9632277876193,133252.4476924294,49.08002884539055,WIN,133252.4476924294,0.0
2022-03-25,119.66999816894531,120.52999877929688,2,616.5267097468966,444.5265876765841,133696.974280106,48.83341008751783,LOSS,133696.974280106,0.0
2022-03-28,120.23999786376953,119.66999816894531,2,600.6748060697249,600.6748060697249,134297.64908617572,48.20038815072979,WIN,134297.64908617572,0.0
2022-03-29,123.2300033569336,120.23999786376953,2,600.489346184477,600.489346184477,134898.1384323602,48.0327990513591,WIN,134898.1384323602,0.0
2022-03-30,119.22000122070312,123.2300033569336,2,559.0256587414285,-242.97476850466524,134655.16366385552,45.00573783256863,LOSS,134898.1384323602,-0.18011721386837812
2022-03-31,109.33999633789062,119.22000122070312,2,540.2380696426848,-1435.7629069198151,133219.4007569357,44.972646502454616,LOSS,134898.1384323602,-1.2444483629892586
2022-04-01,108.19000244140625,109.33999633789062,2,531.2116625249548,301.2128832280798,133520.6136401638,47.13494603189306,LOSS,134898.1384323602,-1.0211592303678185
2022-04-04,110.52999877929688,108.19000244140625,2,517.8803604741702,517.8803604741702,134038.49400063796,46.661489319246584,WIN,134898.1384323602,-0.6372544808342716
2022-04-05,106.81999969482422,110.52999877929688,2,507.4434562287912,-234.55636066574004,133803.93763997222,45.36662454618485,LOSS,134898.1384323602,-0.8111311283488314
2022-04-06,103.66999816894531,106.81999969482422,2,497.6375170521839,-132.36278812359734,133671.57485184862,45.81410590098368,LOSS,134898.1384323602,-0.909251672977378
2022-04-07,103.72000122070312,103.66999816894531,2,465.92776471903204,465.92776471903204,134137.50261656765,44.72723584787428,WIN,134898.1384323602,-0.5638593865206937
2022-04-08,101.0,103.72000122070312,2,452.2657065607335,-91.73453757989148,134045.76807898775,43.841654743534875,LOSS,134898.1384323602,-0.6318622060154209
2022-04-11,97.37000274658203,101.0,2,442.70468424767256,-283.2947664359212,133762.47331255183,43.992240068384035,LOSS,134898.1384323602,-0.8418686373332047
2022-04-12,95.0999984741211,97.37000274658203,2,434.00579811438575,-19.995056377801745,133742.478256174,44.48216537384965,LOSS,134898.1384323602,-0.8566909741053589
2022-04-13,97.73999786376953,95.0999984741211,2,381.2354189748919,381.2354189748919,134123.7136751489,41.515618447973914,WIN,134898.1384323602,-0.574081129814554
2022-04-14,93.05999755859375,97.73999786376953,2,366.30214017294,-569.6979208622163,133554.0157542867,39.78883744603513,LOSS,134898.1384323602,-0.9963982406973416
2022-04-18,93.88999938964844,93.05999755859375,2,358.1724688844106,358.1724688844106,133912.1882231711,40.457643025981895,WIN,134898.1384323602,-0.7308849630148596
2022-04-19,96.93000030517578,93.88999938964844,2,358.64832535702715,358.64832535702715,134270.83654852814,40.266116817365,WIN,134898.1384323602,-0.46501893289401813
2022-04-20,94.0199966430664,96.93000030517578,2,377.5327026151135,-204.46802980676148,134066.36851872137,40.76234498526971,LOSS,134898.1384323602,-0.6165910985168165
2022-04-21,89.8499984741211,94.0199966430664,2,370.2476365365938,-463.7519972524687,133602.6165214689,41.04720284941372,LOSS,134898.1384323602,-0.9603704883895627
2022-04-22,88.13999938964844,89.8499984741211,2,363.6289200897419,21.629103195210632,133624.24562466412,41.768828837140575,LOSS,134898.1384323602,-0.9443368325907777
2022-04-25,90.69000244140625,88.13999938964844,2,312.3998901105049,312.3998901105049,133936.64551477463,38.443737932830466,WIN,134898.1384323602,-0.7127547709397568
2022-04-26,85.16000366210938,90.69000244140625,2,338.53893225626246,-767.4608236031125,133169.1846911715,39.690974742285064,LOSS,134898.1384323602,-1.2816735362553624
2022-04-27,84.91000366210938,85.16000366210938,2,332.5204254966602,282.5204254966602,133451.70511666816,40.8268645455972,LOSS,134898.1384323602,-1.0722411239331482
2022-04-28,89.63999938964844,84.91000366210938,2,318.33714240010573,318.33714240010573,133770.04225906826,39.79804721294225,WIN,134898.1384323602,-0.8362577767206045
2022-04-29,85.5199966430664,89.63999938964844,2,377.2863684205243,-446.71418089588195,133323.32807817237,42.8392991603108,LOSS,134898.1384323602,-1.1674070320677217
2022-05-02,89.83999633789062,85.5199966430664,2,329.20461784927767,329.20461784927767,133652.53269602166,40.461692688041644,WIN,134898.1384323602,-0.9233676245006875
2022-05-03,91.12999725341797,89.83999633789062,2,377.0224249543841,377.0224249543841,134029.55512097606,42.75789224690527,WIN,134898.1384323602,-0.6438808729889598
2022-05-04,99.41999816894531,91.12999725341797,2,379.21070156971115,379.21070156971115,134408.76582254577,42.52379131697374,WIN,134898.1384323602,-0.36277195186040573
2022-05-05,93.87000274658203,99.41999816894531,2,485.5411708497197,-624.4579136229365,133784.30790892284,47.302887070278196,LOSS,134898.1384323602,-0.825682649427994
2022-05-06,95.33999633789062,93.87000274658203,2,473.23312221676713,473.23312221676713,134257.5410311396,48.34550753461522,WIN,134898.1384323602,-0.4748749009177682
2022-05-09,86.36000061035156,95.33999633789062,2,483.20705028553135,-1312.7920952222812,132944.74893591733,48.52333060402348,LOSS,134898.1384323602,-1.448047778229585
2022-05-10,88.7300033569336,86.36000061035156,2,483.67886116839935,483.67886116839935,133428.42779708572,52.04533267792525,WIN,134898.1384323602,-1.089496602661724
2022-05-11,87.91999816894531,88.7300033569336,2,497.65862050274865,335.6575829050924,133764.0853799908,52.097962860463866,LOSS,134898.1384323602,-0.8406736116214225
2022-05-12,87.05999755859375,87.91999816894531,2,490.92278477723096,318.92266270691846,134083.00804269774,51.932996715945556,LOSS,134898.1384323602,-0.604256218162104
2022-05-13,95.12000274658203,87.05999755859375,2,480.403825696333,480.403825696333,134563.41186839406,51.498652863534744,WIN,134898.1384323602,-0.24813282663197841
2022-05-16,94.23999786376953,95.12000274658203,2,566.5301759607319,390.52919939823187,134953.9410677923,54.394919904468246,LOSS,134953.9410677923,0.0
2022-05-17,102.47000122070312,94.23999786376953,2,561.7190635473887,561.7190635473887,135515.66013133968,54.4251109539189,WIN,135515.66013133968,0.0
2022-05-18,96.27999877929688,102.47000122070312,2,650.3908678339595,-587.6096204472905,134928.05051089238,56.98234777927545,LOSS,135515.66013133968,-0.43361012290225165
2022-05-19,96.66999816894531,96.27999877929688,2,627.8357547710746,627.8357547710746,135555.88626566346,58.13194049593153,WIN,135555.88626566346,0.0
2022-05-20,93.5,96.66999816894531,2,617.2204426545454,-16.779191134517077,135539.10707452893,57.23160821093629,LOSS,135555.88626566346,-0.012378061622232059
2022-05-23,95.06999969482422,93.5,2,601.6312228775693,601.6312228775693,136140.7382974065,57.56060418999256,WIN,136140.7382974065,0.0
2022-05-24,91.16000366210938,95.06999969482422,2,609.1656054960857,-172.83360104688302,135967.90469635962,57.38194763254185,LOSS,136140.7382974065,-0.1269521549599015
2022-05-25,92.6500015258789,91.16000366210938,2,572.1635881773338,572.1635881773338,136540.06828453694,56.51498746025206,WIN,136540.06828453694,0.0
2022-05-26,98.75,92.6500015258789,2,581.8438163497595,581.8438163497595,137121.9121008867,56.53842457067346,WIN,137121.9121008867,0.0
2022-05-27,102.26000213623047,98.75,2,626.7413222043556,626.7413222043556,137748.65342309105,56.97978923849439,WIN,137748.65342309105,0.0
2022-05-31,101.86000061035156,102.26000213623047,2,635.5240229433798,555.5237177675986,138304.17714085864,56.10694508580888,LOSS,138304.17714085864,0.0
2022-06-01,101.22000122070312,101.86000061035156,2,623.2156867445252,495.2158088148377,138799.39294967346,55.469117180448436,LOSS,138799.39294967346,0.0
2022-06-02,108.58999633789062,101.22000122070312,2,620.068400263288,620.068400263288,139419.46134993676,55.51933321382847,WIN,139419.46134993676,0.0
2022-06-03,106.30000305175781,108.58999633789062,2,646.4489114199956,188.45025419343312,139607.91160413017,54.37616522252648,LOSS,139607.91160413017,0.0
2022-06-06,105.6500015258789,106.30000305175781,2,611.3410648462487,481.3407596704675,140089.25236380065,53.03989598751565,LOSS,140089.25236380065,0.0
2022-06-07,105.27999877929688,105.6500015258789,2,608.2103175975283,534.209768281122,140623.46213208177,53.077927637145024,LOSS,140623.46213208177,0.0
2022-06-08,101.9000015258789,105.27999877929688,2,529.1127332479333,-146.88671743566044,140476.5754146461,48.24232342143075,LOSS,140623.46213208177,-0.1044539191459434
2022-06-09,98.80000305175781,101.9000015258789,2,522.640952330656,-97.35874249356277,140379.21667215254,48.92487645090231,LOSS,140623.46213208177,-0.17368755983252313
2022-06-10,94.81999969482422,98.80000305175781,2,515.0763131375757,-280.9243582491431,140098.2923139034,49.482889389895895,LOSS,140623.46213208177,-0.37345817704665957
2022-06-13,86.98999786376953,94.81999969482422,2,507.1919750405008,-1058.8083911704366,139039.48392273296,50.3802952236798,LOSS,140623.46213208177,-1.1263968226447434
2022-06-14,86.98999786376953,86.98999786376953,2,456.1958966382123,456.1958966382123,139495.67981937117,49.687346858055626,WIN,140623.46213208177,-0.8019873039758586
2022-06-15,89.30000305175781,86.98999786376953,2,456.04474974548543,456.04474974548543,139951.72456911666,49.67585424110495,WIN,140623.46213208177,-0.47768526871723
2022-06-16,82.05000305175781,89.30000305175781,2,417.0698411965604,-1032.9301588034396,138918.79441031322,45.89202243676685,LOSS,140623.46213208177,-1.2122214144944223
2022-06-17,81.56999969482422,82.05000305175781,2,400.5627601193151,304.56208873259635,139223.35649904583,47.2909630814031,LOSS,140623.46213208177,-0.9956415606670823
2022-06-21,83.79000091552734,81.56999969482422,2,397.4010320320029,397.4010320320029,139620.75753107783,47.224601736262116,WIN,140623.46213208177,-0.713042180729511
2022-06-22,83.75,83.79000091552734,2,410.85170611951366,402.8515230140449,140023.60905409188,47.43261213276195,LOSS,140623.46213208177,-0.4265668537064387
2022-06-23,82.43000030517578,83.75,2,407.6814337597066,143.68149479486283,140167.29054888675,47.197722025863754,LOSS,140623.46213208177,-0.32439222892019987
2022-06-24,87.08000183105469,82.43000030517578,2,393.5153446129981,393.5153446129981,140560.80589349975,46.57660242264066,WIN,140623.46213208177,-0.04455603469865074
2022-06-27,86.16000366210938,87.08000183105469,2,437.11933510367544,253.11970131461294,140813.92559481435,48.20248707005063,LOSS,140813.92559481435,0.0
2022-06-28,80.77999877929688,86.16000366210938,2,399.63976320402327,-676.3612133584768,140137.5643814559,45.67976388432935,LOSS,140813.92559481435,-0.48032267440982146
2022-06-29,77.98999786376953,80.77999877929688,2,380.9951668931393,-177.00501621232945,139960.55936524356,46.196412402495014,LOSS,140813.92559481435,-0.6060240320451781
2022-06-30,76.47000122070312,77.98999786376953,2,370.6963046014512,66.69697598816992,140027.25634123172,46.438974893269865,LOSS,140813.92559481435,-0.5586587052804951
2022-07-01,73.66999816894531,76.47000122070312,2,363.4789842533452,-196.52162609821733,139830.7347151335,46.43961631297693,LOSS,140813.92559481435,-0.6982199207413218
2022-07-05,75.19999694824219,73.66999816894531,2,303.32813235869,303.32813235869,140134.0628474922,42.23397664644828,WIN,140813.92559481435,-0.48280931339023303
2022-07-06,75.3499984741211,75.19999694824219,2,319.5699572811431,319.5699572811431,140453.63280477334,43.10846634858817,WIN,140813.92559481435,-0.25586445979621375
2022-07-07,79.30000305175781,75.3499984741211,2,321.7605183839503,321.7605183839503,140775.3933231573,43.24480194434034,WIN,140813.92559481435,-0.027363963822673764
2022-07-08,79.3499984741211,79.30000305175781,2,368.19577320424986,368.19577320424986,141143.58909636154,45.71104704270219,WIN,141143.58909636154,0.0
2022-07-11,76.94999694824219,79.3499984741211,2,367.0650923817047,-112.93521279407656,141030.65388356746,45.59744700977126,LOSS,141143.58909636154,-0.08001441193122631
2022-07-12,76.36000061035156,76.94999694824219,2,355.9215451931076,237.9222776149826,141268.57616118243,45.59388993427084,LOSS,141268.57616118243,0.0
2022-07-13,77.5199966430664,76.36000061035156,2,347.81002294520323,347.81002294520323,141616.38618412762,45.127645915836,WIN,141616.38618412762,0.0
2022-07-14,78.5999984741211,77.5199966430664,2,318.5297943870052,318.5297943870052,141934.91597851462,42.17849127989904,WIN,141934.91597851462,0.0
2022-07-15,81.11000061035156,78.5999984741211,2,325.3421803294706,325.3421803294706,142260.25815884408,42.3783243276626,WIN,142260.25815884408,0.0
2022-07-18,81.43000030517578,81.11000061035156,2,338.4048012154231,338.4048012154231,142598.6629600595,42.596317955519524,WIN,142598.6629600595,0.0
2022-07-19,85.87999725341797,81.43000030517578,2,290.1103167462818,290.1103167462818,142888.7732768058,38.56501743854383,WIN,142888.7732768058,0.0
2022-07-20,89.43000030517578,85.87999725341797,2,330.2521061359342,330.2521061359342,143219.02538294173,40.43563608335511,WIN,143219.02538294173,0.0
2022-07-21,91.08999633789062,89.43000030517578,2,351.5000834741492,351.5000834741492,143570.5254664159,40.99747857311648,WIN,143570.5254664159,0.0
2022-07-22,88.0999984741211,91.08999633789062,2,359.62480670900646,-238.3747660448998,143332.15070037098,41.113674445442875,LOSS,143570.5254664159,-0.1660332197507082
2022-07-25,87.54000091552734,88.0999984741211,2,355.97496666637727,243.97545494762727,143576.1261553186,41.7259151837669,LOSS,143576.1261553186,0.0
2022-07-26,85.25,87.54000091552734,2,329.45672462318004,-128.5434584822887,143447.58269683633,39.89320744787125,LOSS,143576.1261553186,-0.08952982778155136
2022-07-27,89.81999969482422,85.25,2,325.8071210756213,325.8071210756213,143773.38981791196,40.278727792962016,WIN,143773.38981791196,0.0
2022-07-28,91.66999816894531,89.81999969482422,2,327.9008428608107,327.9008428608107,144101.29066077276,39.14674036533551,WIN,144101.29066077276,0.0
2022-07-29,94.47000122070312,91.66999816894531,2,319.51409641000794,319.51409641000794,144420.80475718278,38.05429410837422,WIN,144420.80475718278,0.0
2022-08-01,96.77999877929688,94.47000122070312,2,324.89269096951705,324.89269096951705,144745.6974481523,37.74757203293875,WIN,144745.6974481523,0.0
2022-08-02,99.29000091552734,96.77999877929688,2,307.630057033176,307.630057033176,145053.32750518547,36.02481496653294,WIN,145053.32750518547,0.0
2022-08-03,98.08999633789062,99.29000091552734,2,316.7265836593357,76.72566813199194,145130.05317331746,36.09929918015162,LOSS,145130.05317331746,0.0
2022-08-04,103.91000366210938,98.08999633789062,2,319.0782630774863,319.0782630774863,145449.13143639494,36.51599970402307,WIN,145449.13143639494,0.0
2022-08-05,102.30999755859375,103.91000366210938,2,344.9800943985152,24.978873695390178,145474.11031009033,36.959664730983064,LOSS,145474.11031009033,0.0
2022-08-08,100.06999969482422,102.30999755859375,2,347.42174252753705,-100.5778302263692,145373.53247986396,37.46094107905113,LOSS,145474.11031009033,-0.06913795864568217
2022-08-09,95.54000091552734,100.06999969482422,2,332.3766687170365,-573.6230871423385,144799.90939272163,36.9692717524527,LOSS,145474.11031009033,-0.46345079267477934
2022-08-10,99.05000305175781,95.54000091552734,2,347.9154746784522,347.9154746784522,145147.82486740008,39.0867127498785,WIN,145474.11031009033,-0.22429107282027275
2022-08-11,98.12000274658203,99.05000305175781,2,366.74307908546774,180.7430180503115,145328.56788545038,39.49043292323809,LOSS,145474.11031009033,-0.10004695978529303
2022-08-12,100.83000183105469,98.12000274658203,2,367.91884924798796,367.91884924798796,145696.48673469835,39.8018179401536,WIN,145696.48673469835,0.0
2022-08-15,101.01000213623047,100.83000183105469,2,376.4703965083364,376.4703965083364,146072.9571312067,39.6961972391873,WIN,146072.9571312067,0.0
2022-08-16,100.19999694824219,101.01000213623047,2,377.51776109891506,215.5167235012588,146288.47385470796,39.720772454556894,LOSS,146288.47385470796,0.0
2022-08-17,98.2699966430664,100.19999694824219,2,356.76354143350716,-29.236519601649093,146259.2373351063,38.55058972644777,LOSS,146288.47385470796,-0.01998552505968385
2022-08-18,100.44000244140625,98.2699966430664,2,344.27326523029404,344.27326523029404,146603.5106003366,38.172419710055145,WIN,146603.5106003366,0.0
2022-08-19,95.94999694824219,100.44000244140625,2,353.0292291652221,-544.9718694675904,146058.538730869,38.24839514148988,LOSS,146603.5106003366,-0.3717318004432097
2022-08-22,92.83999633789062,95.94999694824219,2,347.8381859285058,-274.1619361418067,145784.3767947272,38.978461848078595,LOSS,146603.5106003366,-0.5587409211792196
2022-08-23,92.48999786376953,92.83999633789062,2,348.2170865528547,278.21739172863596,146062.59418645583,39.80869909584164,LOSS,146603.5106003366,-0.36896552590434784
2022-08-24,92.7300033569336,92.48999786376953,2,338.8908832909873,338.8908832909873,146401.48506974682,39.23562059368892,WIN,146603.5106003366,-0.13780401967353004
2022-08-25,97.18000030517578,92.7300033569336,2,314.5156444838176,314.5156444838176,146716.00071423064,37.43422162782562,WIN,146716.00071423064,0.0
2022-08-26,91.18000030517578,97.18000030517578,2,347.91700302458,-852.08299697542,145863.91771725522,38.68033196139329,LOSS,146716.00071423064,-0.5807703269087129
2022-08-29,88.48999786376953,91.18000030517578,2,354.8330877649584,-183.1674005162916,145680.75031673894,40.74029677618747,LOSS,146716.00071423064,-0.7056151970146306
2022-08-30,86.94000244140625,88.48999786376953,2,344.27680528864244,34.277720815986186,145715.02803755493,40.73372219885917,LOSS,146716.00071423064,-0.6822518824142264
2022-08-31,84.87000274658203,86.94000244140625,2,331.3588007220474,-82.64113824279633,145632.38689931214,40.209712354045536,LOSS,146716.00071423064,-0.7385791663099731
2022-09-01,82.33000183105469,84.87000274658203,2,325.7393740047089,-182.26080910075984,145450.1260902114,40.38663096346565,LOSS,146716.00071423064,-0.8628061137550302
2022-09-02,80.23999786376953,82.33000183105469,2,279.5535148879382,-138.44727856909304,145311.67881164228,37.459281612954214,LOSS,146716.00071423064,-0.9571702443850404
2022-09-06,78.72000122070312,80.23999786376953,2,274.05348545898175,-29.945843154299496,145281.73296848798,37.59089568041705,LOSS,146716.00071423064,-0.9775809991824196
2022-09-07,79.61000061035156,78.72000122070312,2,268.4078804761223,268.4078804761223,145550.1408489641,37.55273407830575,WIN,146716.00071423064,-0.7946371626755069
2022-09-08,82.77999877929688,79.61000061035156,2,264.4923292694634,264.4923292694634,145814.63317823358,36.97528330505435,WIN,146716.00071423064,-0.6143621224741017
2022-09-09,85.44999694824219,82.77999877929688,2,277.7399199807491,277.7399199807491,146092.37309821433,37.192279785579714,WIN,146716.00071423064,-0.42505767126994914
2022-09-12,84.63999938964844,85.44999694824219,2,301.5464585051257,139.5469467863757,146231.9200450007,38.34163155149278,LOSS,146716.00071423064,-0.32994401897092085
2022-09-13,77.02999877929688,84.63999938964844,2,287.3633695615026,-1234.6367525088099,144997.2832924919,37.45664039614432,LOSS,146716.00071423064,-1.1714587457208714
2022-09-14,77.44999694824219,77.02999877929688,2,309.7952727107839,309.7952727107839,145307.07856520268,41.60136511505635,WIN,146716.00071423064,-0.9603057213726942
2022-09-15,76.66000366210938,77.44999694824219,2,313.6977092676402,155.69905204107772,145462.77761724376,41.79038599986849,LOSS,146716.00071423064,-0.854182973149518
2022-09-16,76.51000213623047,76.66000366210938,2,310.1450020292343,280.14469685345307,145742.9223140972,41.75993042459757,LOSS,146716.00071423064,-0.66323945268163
2022-09-19,76.7699966430664,76.51000213623047,2,301.70264363391095,301.70264363391095,146044.6249577311,41.0825428917378,WIN,146716.00071423064,-0.4576022746198073
2022-09-20,75.25,76.7699966430664,2,296.3707235097472,-7.628605103534028,146036.99635262758,40.53482039125158,LOSS,146716.00071423064,-0.4628018473088056
2022-09-21,74.4800033569336,75.25,2,287.5370929067582,133.53776429347693,146170.53411692107,40.27414088165304,LOSS,146716.00071423064,-0.371783987195789
2022-09-22,69.5,74.4800033569336,2,284.2971533813264,-711.7035180053924,145458.8305989157,40.24770181218555,LOSS,146716.00071423064,-0.8568732170962245
2022-09-23,67.95999908447266,69.5,2,283.91713448966436,-24.083048615804387,145434.7475502999,42.0206521874004,LOSS,146716.00071423064,-0.8732879561148519
2022-09-26,66.30000305175781,67.95999908447266,2,251.234869354501,-80.76433718846775,145353.9832131114,39.4520671694536,LOSS,146716.00071423064,-0.9283360332129916
2022-09-27,67.16999816894531,66.30000305175781,2,231.12912199945313,231.12912199945313,145585.11233511087,38.05845208928116,WIN,146716.00071423064,-0.7708009853148098
2022-09-28,68.36000061035156,67.16999816894531,2,237.95217282819428,237.95217282819428,145823.06450793907,38.431676730412974,WIN,146716.00071423064,-0.608615421593185
2022-09-29,64.13999938964844,68.36000061035156,2,248.51630626516558,-595.4839378754594,145227.5805700636,39.04594562797685,LOSS,146716.00071423064,-1.0144906737651156
2022-09-30,63.36000061035156,64.13999938964844,2,248.0744755388738,92.0747196794988,145319.65528974312,40.582451478966,LOSS,146716.00071423064,-0.9517335653166284
2022-10-03,66.11000061035156,63.36000061035156,2,243.2662322638448,243.2662322638448,145562.92152200697,40.3954366615275,WIN,146716.00071423064,-0.7859259975805933
2022-10-04,67.9000015258789,66.11000061035156,2,271.0148108682055,271.0148108682055,145833.9363328752,42.11532992559836,WIN,146716.00071423064,-0.6012053062116308
2022-10-05,67.94000244140625,67.9000015258789,2,285.19269564661715,285.19269564661715,146119.1290285218,42.78162486953328,WIN,146716.00071423064,-0.4068211257144434
2022-10-06,67.8499984741211,67.94000244140625,2,283.64973507911316,265.6489416220819,146384.77797014388,42.61505120329939,LOSS,146716.00071423064,-0.2257577513524948
2022-10-07,58.439998626708984,67.8499984741211,2,268.9343350405913,-1613.0656344418305,144771.71233570206,41.21714758753151,LOSS,146716.00071423064,-1.3252054098145793
2022-10-10,57.810001373291016,58.439998626708984,2,297.79621018286235,171.7967594992686,144943.50909520133,48.705284566916504,LOSS,146716.00071423064,-1.2081106426024555
2022-10-11,57.630001068115234,57.810001373291016,2,294.49849844054626,258.49843740539,145202.00753260672,48.69528497864797,LOSS,146716.00071423064,-1.0319209726639427
2022-10-12,57.849998474121094,57.630001068115234,2,269.7628994521397,269.7628994521397,145471.77043205887,45.96154484096325,WIN,146716.00071423064,-0.8480535702409528
2022-10-13,58.939998626708984,57.849998474121094,2,270.512151764521,270.512151764521,145742.2825838234,45.92946841260736,WIN,146716.00071423064,-0.6636754857459787
2022-10-14,55.939998626708984,58.939998626708984,2,280.3705166461994,-319.6294833538006,145422.6531004696,46.4638055346167,LOSS,146716.00071423064,-0.8815313990736448
2022-10-17,57.959999084472656,55.939998626708984,2,271.68613039883917,271.68613039883917,145694.3392308684,47.12432755395129,WIN,146716.00071423064,-0.6963531437530073
2022-10-18,57.91999816894531,57.959999084472656,2,291.2818017832646,283.28161867779585,145977.62084954622,48.24099470024777,LOSS,146716.00071423064,-0.5032715321368514
2022-10-19,57.22999954223633,57.91999816894531,2,291.47320681563707,153.4734814738402,146131.09433102005,48.28580988656456,LOSS,146716.00071423064,-0.3986657081458033
2022-10-20,57.77000045776367,57.22999954223633,2,287.98512506770555,287.98512506770555,146419.07945608775,48.28398690850349,WIN,146716.00071423064,-0.20237823870432672
2022-10-21,58.81999969482422,57.77000045776367,2,278.20682604374304,278.20682604374304,146697.2862821315,46.8533005417967,WIN,146716.00071423064,-0.012755549502461593
2022-10-24,58.70000076293945,58.81999969482422,2,285.26837299289156,261.26858661593843,146958.55486874745,47.07876469598225,LOSS,146958.55486874745,0.0
2022-10-25,61.470001220703125,58.70000076293945,2,283.15846210589046,283.15846210589046,147241.71333085335,46.90659551186425,WIN,147241.71333085335,0.0
2022-10-26,59.72999954223633,61.470001220703125,2,307.6801015157171,-40.32023417764225,147201.39309667572,48.10741076167101,LOSS,147241.71333085335,-0.027383703480164088
2022-10-27,58.599998474121094,59.72999954223633,2,299.2183605024917,73.21814687944482,147274.61124355518,48.13483072414336,LOSS,147274.61124355518,0.0
2022-10-28,62.0099983215332,58.599998474121094,2,279.7406082880954,279.7406082880954,147554.35185184327,46.5752602563244,WIN,147554.35185184327,0.0
2022-10-31,60.060001373291016,62.0099983215332,2,312.83334972932846,-77.16603991910904,147477.18581192417,48.368781954299926,LOSS,147554.35185184327,-0.052296688610433795
2022-11-01,59.65999984741211,60.060001373291016,2,297.51532098421063,217.51501580842938,147694.7008277326,47.76521530791322,LOSS,147694.7008277326,0.0
2022-11-02,58.630001068115234,59.65999984741211,2,290.8824386692196,84.8826828098446,147779.58351054243,47.249522102041055,LOSS,147779.58351054243,0.0
2022-11-03,60.11000061035156,58.630001068115234,2,286.22958938486886,286.22958938486886,148065.8130999273,47.29116056559031,WIN,148065.8130999273,0.0
2022-11-04,62.189998626708984,60.11000061035156,2,297.83747158175055,297.83747158175055,148363.65057150906,47.773410119791144,WIN,148363.65057150906,0.0
2022-11-07,63.08000183105469,62.189998626708984,2,207.241012279835,207.241012279835,148570.8915837889,37.04165428740829,WIN,148570.8915837889,0.0
2022-11-08,63.849998474121094,63.08000183105469,2,209.36259453284225,209.36259453284225,148780.25417832175,36.95312868160273,WIN,148780.25417832175,0.0
2022-11-09,59.91999816894531,63.849998474121094,2,211.7908989131044,-574.2091621220518,148206.0450161997,36.939939775331666,LOSS,148780.25417832175,-0.3859444691053043
2022-11-10,68.47000122070312,59.91999816894531,2,226.15906982738414,226.15906982738414,148432.20408602708,39.9649813830878,WIN,148780.25417832175,-0.23393567527953577
2022-11-11,72.37000274658203,68.47000122070312,2,364.9376509583236,364.9376509583236,148797.14173698542,50.253915994814896,WIN,148797.14173698542,0.0
2022-11-14,73.52999877929688,72.37000274658203,2,376.6379667761451,376.6379667761451,149173.77970376157,49.423461260741455,WIN,149173.77970376157,0.0
2022-11-15,76.37000274658203,73.52999877929688,2,379.9223083066808,379.9223083066808,149553.70201206824,49.17584530098296,WIN,149553.70201206824,0.0
2022-11-16,72.69999694824219,76.37000274658203,2,396.86743930889793,-337.1337203590708,149216.56829170918,49.3725451783278,LOSS,149553.70201206824,-0.2254265296166734
2022-11-17,73.9000015258789,72.69999694824219,2,394.2448366419542,394.2448366419542,149610.81312835112,50.86911407192005,WIN,149610.81312835112,0.0
2022-11-18,73.56999969482422,73.9000015258789,2,400.73944660686516,334.73908039592766,149945.55220874705,50.86795989050564,LOSS,149945.55220874705,0.0
2022-11-21,72.45999908447266,73.56999969482422,2,400.3218746351657,178.32175256485323,150123.8739613119,50.991305187484514,LOSS,150123.8739613119,0.0
2022-11-22,75.25,72.45999908447266,2,396.96309807677255,396.96309807677255,150520.8370593887,51.23604921511593,WIN,150520.8370593887,0.0
2022-11-23,76.4000015258789,75.25,2,409.38763974758956,409.38763974758956,150930.22469913628,50.98464732876489,WIN,150930.22469913628,0.0
2022-11-25,75.13999938964844,76.4000015258789,2,406.87264839712986,154.87222115103611,151085.09692028732,50.22525593695151,LOSS,151085.09692028732,0.0
2022-11-28,73.19000244140625,75.13999938964844,2,399.35598796112555,9.35659831268805,151094.4535186,50.15426661273048,LOSS,151094.4535186,0.0
2022-11-29,73.38999938964844,73.19000244140625,2,384.73859893836504,384.73859893836504,151479.19211753836,49.76986673737482,WIN,151479.19211753836,0.0
2022-11-30,77.62999725341797,73.38999938964844,2,376.85834656846015,376.85834656846015,151856.0504641068,48.964895517486994,WIN,151856.0504641068,0.0
2022-12-01,77.4800033569336,77.62999725341797,2,408.1425172469764,378.1437379501014,152234.1942020569,49.77533293548603,LOSS,152234.1942020569,0.0
2022-12-02,74.9800033569336,77.4800033569336,2,403.2037477260377,-96.7962522739623,152137.39794978296,49.42103762108498,LOSS,152234.1942020569,-0.06358377812640374
2022-12-05,73.62000274658203,74.9800033569336,2,400.7095128085232,128.7093907382107,152266.10734052118,50.34868202867206,LOSS,152266.10734052118,0.0
2022-12-06,70.2699966430664,73.62000274658203,2,394.7991036385361,-275.2021170645889,151990.9052234566,50.47066717907984,LOSS,152266.10734052118,-0.1807376059395408
2022-12-07,70.13999938964844,70.2699966430664,2,390.5359050112823,364.53645432768855,152355.44167778429,51.760386084469424,LOSS,152355.44167778429,0.0
2022-12-08,70.47000122070312,70.13999938964844,2,389.9294965509641,389.9294965509641,152745.37117433525,51.77133182562892,WIN,152745.37117433525,0.0
2022-12-09,68.58999633789062,70.47000122070312,2,368.29283073815816,-7.708145824341841,152737.6630285109,49.56829937924361,LOSS,152745.37117433525,-0.005046402234703835
2022-12-12,70.66999816894531,68.58999633789062,2,253.37595737667039,253.37595737667039,152991.03898588757,39.433948360310836,WIN,152991.03898588757,0.0
2022-12-13,71.6500015258789,70.66999816894531,2,243.56982358451344,243.56982358451344,153234.6088094721,37.796985877370474,WIN,153234.6088094721,0.0
2022-12-14,68.93000030517578,71.6500015258789,2,246.40887952966906,-297.5913646109559,152937.01744486112,37.74726455651606,LOSS,153234.6088094721,-0.19420636560046736
2022-12-15,66.52999877929688,68.93000030517578,2,233.36065201535888,-246.63965316042237,152690.3777917007,37.39279879178251,LOSS,153234.6088094721,-0.35516194546368
2022-12-16,65.41000366210938,66.52999877929688,2,217.81169287447457,-6.1873305630254265,152684.19046113768,36.65472653545152,LOSS,153234.6088094721,-0.35919976081825306
2022-12-19,64.58999633789062,65.41000366210938,2,211.73745634217104,47.73599149842104,152731.9264526361,36.41127585058122,LOSS,153234.6088094721,-0.32804753491491295
2022-12-20,65.05000305175781,64.58999633789062,2,209.39520472113026,209.39520472113026,152941.32165735724,36.44324465213546,WIN,153234.6088094721,-0.19139746196599342
2022-12-21,67.68000030517578,65.05000305175781,2,211.4278902406215,211.4278902406215,153152.74954759786,36.498293295799805,WIN,153234.6088094721,-0.05342087046145534
2022-12-22,63.86000061035156,67.68000030517578,2,221.3232766948564,-542.6766622699873,152610.07288532789,36.629962575507946,LOSS,153234.6088094721,-0.4075684527121006
2022-12-23,64.5199966430664,63.86000061035156,2,223.0501467915594,223.0501467915594,152833.12303211945,38.10269388766879,WIN,153234.6088094721,-0.2620072452769742
2022-12-27,63.27000045776367,64.5199966430664,2,227.14105515081263,-22.858181909734242,152810.2648502097,38.28575541418749,LOSS,153234.6088094721,-0.2769243596856171
2022-12-28,62.56999969482422,63.27000045776367,2,221.33424188742111,81.33408929953049,152891.59893950922,38.13874491940497,LOSS,153234.6088094721,-0.2238462137423289
2022-12-29,64.81999969482422,62.56999969482422,2,218.31776326104944,218.31776326104944,153109.91670277028,38.07873226761381,WIN,153234.6088094721,-0.08137333182796251
2022-12-30,64.7699966430664,64.81999969482422,2,208.6085546171924,198.6079442656299,153308.5246470359,36.2868852004097,LOSS,153308.5246470359,0.0
2023-01-03,64.0199966430664,64.7699966430664,2,208.5759879549912,58.575987954991206,153367.1006349909,36.29999313685252,LOSS,153367.1006349909,0.0
2023-01-04,64.66000366210938,64.0199966430664,2,201.79274602859954,201.79274602859954,153568.8933810195,35.848697686799774,WIN,153568.8933810195,0.0
2023-01-05,62.33000183105469,64.66000366210938,2,205.0165844983095,-260.983781712628,153307.90959930688,35.97211825338348,LOSS,153568.8933810195,-0.1699457331278009
2023-01-06,63.959999084472656,62.33000183105469,2,192.64617309235192,192.64617309235192,153500.55577239924,35.44335994134053,WIN,153568.8933810195,-0.04449964254851414
2023-01-09,67.23999786376953,63.959999084472656,2,205.0608655158212,205.0608655158212,153705.61663791505,36.20622504504672,WIN,153705.61663791505,0.0
2023-01-10,68.05000305175781,67.23999786376953,2,237.4807396668277,237.4807396668277,153943.09737758187,38.360908621646786,WIN,153943.09737758187,0.0
2023-01-11,69.05999755859375,68.05000305175781,2,236.72192547173103,236.72192547173103,154179.8193030536,38.00908584082673,WIN,154179.8193030536,0.0
2023-01-12,70.80000305175781,69.05999755859375,2,234.82427087590128,234.82427087590128,154414.6435739295,37.49082842830155,WIN,154414.6435739295,0.0
2023-01-13,71.0,70.80000305175781,2,244.29305120634456,244.29305120634456,154658.93662513583,37.82269183098248,WIN,154658.93662513583,0.0
2023-01-17,71.58999633789062,71.0,2,232.9950236883281,232.9950236883281,154891.93164882416,36.705876387145054,WIN,154891.93164882416,0.0
2023-01-18,70.52999877929688,71.58999633789062,2,223.1039813791644,11.104469660414395,154903.03611848457,35.61313316918122,LOSS,154903.03611848457,0.0
2023-01-19,67.70999908447266,70.52999877929688,2,219.10854364029996,-344.8913953245438,154558.14472316002,35.54823219321896,LOSS,154903.03611848457,-0.22264986146607507
2023-01-20,70.06999969482422,67.70999908447266,2,223.39425032317,223.39425032317,154781.5389734832,36.8226864077878,WIN,154903.03611848457,-0.07843432126690951
2023-01-23,76.52999877929688,70.06999969482422,2,238.8961118941312,238.8961118941312,155020.43508537734,37.551009847471796,WIN,155020.43508537734,0.0
2023-01-24,74.69999694824219,76.52999877929688,2,309.9513177850078,-56.0490484259297,154964.38603695142,41.78864884608248,LOSS,155020.43508537734,-0.03615590963543085
2023-01-25,74.91000366210938,74.69999694824219,2,280.01668250569116,280.01668250569116,155244.4027194571,39.794328484802676,WIN,155244.4027194571,0.0
2023-01-26,75.16000366210938,74.91000366210938,2,280.98184462635965,280.98184462635965,155525.38456408348,39.81004029711339,WIN,155525.38456408348,0.0
2023-01-27,75.4000015258789,75.16000366210938,2,276.1583910472341,276.1583910472341,155801.54295513072,39.30303318169776,WIN,155801.54295513072,0.0
2023-01-30,72.44999694824219,75.4000015258789,2,274.0585993710487,-315.9423161562951,155485.60063897443,39.041474931058545,LOSS,155801.54295513072,-0.20278510094555122
2023-01-31,75.1500015258789,72.44999694824219,2,273.90105556850585,273.90105556850585,155759.50169454294,40.0060078466964,WIN,155801.54295513072,-0.026983853811952663
2023-02-01,84.63999938964844,75.1500015258789,2,290.48717548559233,290.48717548559233,156049.98887002852,40.56742547516093,WIN,156049.98887002852,0.0
2023-02-02,88.30999755859375,84.63999938964844,2,419.33861593016417,419.33861593016417,156469.3274859587,47.77013530475437,WIN,156469.3274859587,0.0
2023-02-03,86.08999633789062,88.30999755859375,2,442.4548490328506,-1.545395107774425,156467.78209085093,48.139665079790056,LOSS,156469.3274859587,-0.0009876664855633752
2023-02-06,83.68000030517578,86.08999633789062,2,424.55825834636096,-57.44094819660779,156410.34114265433,47.61922454481504,LOSS,156469.3274859587,-0.03769834270531907
2023-02-07,85.91000366210938,83.68000030517578,2,424.08603084493456,424.08603084493456,156834.42717349928,48.52133628167436,WIN,156834.42717349928,0.0
2023-02-08,84.69000244140625,85.91000366210938,2,427.3253532483638,183.3251091077388,157017.75228260702,47.90061009817671,LOSS,157017.75228260702,0.0
2023-02-09,83.20999908447266,84.69000244140625,2,425.8153203933271,129.81464900660836,157147.56693161363,48.256624445768736,LOSS,157147.56693161363,0.0
2023-02-10,81.4800033569336,83.20999908447266,2,423.3331752131807,77.33402970536821,157224.900961319,48.65083270222064,LOSS,157224.900961319,0.0
2023-02-13,83.12999725341797,81.4800033569336,2,418.32683741289145,418.32683741289145,157643.2277987319,48.958908104428744,WIN,157643.2277987319,0.0
2023-02-14,85.94999694824219,83.12999725341797,2,427.4859026825513,427.4859026825513,158070.71370141447,49.013636017457195,WIN,158070.71370141447,0.0
2023-02-15,85.18000030517578,85.94999694824219,2,445.774385718702,291.77505710542073,158362.4887585199,49.30506711258205,LOSS,158362.4887585199,0.0
2023-02-16,80.08000183105469,85.18000030517578,2,440.1719101959755,-579.8277846282433,157782.66097389167,49.18013043914147,LOSS,158362.4887585199,-0.36613960109731747
2023-02-17,78.5,80.08000183105469,2,427.54949560292425,111.54912939198675,157894.21010328367,50.31436103494726,LOSS,158362.4887585199,-0.2957004900006942
2023-02-21,76.7699966430664,78.5,2,419.36059676593686,73.35992537921811,157967.57002866289,50.33515441727091,LOSS,158362.4887585199,-0.24937643564014217
2023-02-22,76.61000061035156,76.7699966430664,2,369.08703157619493,337.0878250332262,158304.65785369612,46.79993944215741,LOSS,158362.4887585199,-0.03651805757610311
2023-02-23,79.75,76.61000061035156,2,364.4924835476761,364.4924835476761,158669.1503372438,46.46966644486454,WIN,158669.1503372438,0.0
2023-02-24,78.08999633789062,79.75,2,388.5189557658265,56.51822334395149,158725.66856058774,47.223339705043294,LOSS,158725.66856058774,0.0
2023-02-27,78.7699966430664,78.08999633789062,2,383.9445905282081,383.9445905282081,159109.61315111595,47.5208717954975,WIN,159109.61315111595,0.0
2023-02-28,78.58000183105469,78.7699966430664,2,387.4973653953221,349.49840299297836,159459.11155410894,47.538457097261784,LOSS,159459.11155410894,0.0
2023-03-01,78.29000091552734,78.58000183105469,2,375.44876526738096,317.4485821619122,159776.56013627085,46.60295367132414,LOSS,159776.56013627085,0.0
2023-03-02,80.44000244140625,78.29000091552734,2,367.38273984852594,367.38273984852594,160143.94287611937,46.03855391014437,WIN,160143.94287611937,0.0
2023-03-03,81.5199966430664,80.44000244140625,2,261.2441281047381,261.2441281047381,160405.1870042241,36.4814449733672,WIN,160405.1870042241,0.0
2023-03-06,81.16000366210938,81.5199966430664,2,246.26219103642103,174.26359484501478,160579.45059906913,34.981248209965,LOSS,160579.45059906913,0.0
2023-03-07,82.11000061035156,81.16000366210938,2,240.2277721619419,240.2277721619419,160819.67837123107,34.5780838612848,WIN,160819.67837123107,0.0
2023-03-08,85.37000274658203,82.11000061035156,2,237.5669420264074,237.5669420264074,161057.24531325747,34.137225784307596,WIN,161057.24531325747,0.0
2023-03-09,84.02999877929688,85.37000274658203,2,256.5970986397329,-11.403694817298344,161045.84161844017,34.88087408632022,LOSS,161057.24531325747,-0.007080522701801659
2023-03-10,82.66999816894531,84.02999877929688,2,253.0409896093264,-18.959132460986098,161026.88248597918,34.91799178083835,LOSS,161057.24531325747,-0.018852195825924744
2023-03-13,82.01000213623047,82.66999816894531,2,248.49474058168104,116.4955340387123,161143.3780200179,34.88191908336127,LOSS,161143.3780200179,0.0
2023-03-14,87.44999694824219,82.01000213623047,2,242.59181607532506,242.59181607532506,161385.96983609322,34.565833395804766,WIN,161385.96983609322,0.0
2023-03-15,89.68000030517578,87.44999694824219,2,298.4963224872013,298.4963224872013,161684.4661585804,37.57710303397404,WIN,161684.4661585804,0.0
2023-03-16,96.5999984741211,89.68000030517578,2,301.54519823548844,301.54519823548844,161986.0113568159,37.24056648254523,WIN,161986.0113568159,0.0
2023-03-17,97.83999633789062,96.5999984741211,2,376.0071325990969,376.0071325990969,162362.018489415,40.7458949212667,WIN,162362.018489415,0.0
2023-03-20,96.80999755859375,97.83999633789062,2,333.35638777543244,127.35663191605744,162489.37512133105,37.536236023627126,LOSS,162489.37512133105,0.0
2023-03-21,95.93000030517578,96.80999755859375,2,324.6941809651829,148.69473028158916,162638.06985161264,37.18417716785228,LOSS,162638.06985161264,0.0
2023-03-22,97.58000183105469,95.93000030517578,2,314.13410799239097,314.13410799239097,162952.20395960505,36.659562322187654,WIN,162952.20395960505,0.0
2023-03-23,100.27999877929688,97.58000183105469,2,317.5843320297218,317.5843320297218,163269.78829163476,36.52718659239154,WIN,163269.78829163476,0.0
2023-03-24,97.94999694824219,100.27999877929688,2,319.408957346019,-146.5914088649185,163123.19688276984,36.067926753866104,LOSS,163269.78829163476,-0.08978477304268413
2023-03-27,96.61000061035156,97.94999694824219,2,313.8885140403432,45.88924646221818,163169.08612923205,36.19629845392399,LOSS,163269.78829163476,-0.061678381197405305
2023-03-28,94.55999755859375,96.61000061035156,2,316.4999876569007,-93.50062269466179,163075.58550653738,36.66908839677225,LOSS,163269.78829163476,-0.1189459404151949
2023-03-29,96.08999633789062,94.55999755859375,2,318.68680882260765,318.68680882260765,163394.27231536,37.29182698896909,WIN,163394.27231536,0.0
2023-03-30,97.87999725341797,96.08999633789062,2,322.15749259620793,322.15749259620793,163716.4298079562,37.17578938728704,WIN,163716.4298079562,0.0
2023-03-31,98.01000213623047,97.87999725341797,2,325.68497261207983,325.68497261207983,164042.11478056828,37.008619418212014,WIN,164042.11478056828,0.0
2023-04-03,96.55999755859375,98.01000213623047,2,326.801757604964,36.800842077620246,164078.9156226459,37.05479440352761,LOSS,164078.9156226459,0.0
2023-04-04,95.87000274658203,96.55999755859375,2,326.25633645255556,188.2573740502118,164267.1729966961,37.348621368509335,LOSS,164267.1729966961,0.0
2023-04-05,92.55999755859375,95.87000274658203,2,326.4853208945004,-335.5157167031559,163931.65727999297,37.525267055725735,LOSS,164267.1729966961,-0.20425000965341453
2023-04-06,92.47000122070312,92.55999755859375,2,320.82841807937103,302.82915050124603,164234.48643049423,37.92654035624119,LOSS,164267.1729966961,-0.01989841646726342
2023-04-10,95.4800033569336,92.47000122070312,2,316.58033903582674,316.58033903582674,164551.06676953007,37.644988536935976,WIN,164551.06676953007,0.0
2023-04-11,94.02999877929688,95.4800033569336,2,328.7249069788362,38.72399145149245,164589.79076098156,37.77242152913277,LOSS,164589.79076098156,0.0
2023-04-12,92.33000183105469,94.02999877929688,2,326.5556056868069,-13.443783961630572,164576.34697701992,37.97099152126091,LOSS,164589.79076098156,-0.008168054591652704
2023-04-13,92.08999633789062,92.33000183105469,2,286.54411983036255,238.54302119755005,164814.88999821746,35.52757678122453,LOSS,164814.88999821746,0.0
2023-04-14,91.75,92.08999633789062,2,279.9748116861012,211.9755441079762,165026.86554232545,35.10923429635275,LOSS,165026.86554232545,0.0
2023-04-17,89.87000274658203,91.75,2,198.7426823103084,-177.25676837328535,164849.60877395218,29.327621588201414,LOSS,165026.86554232545,-0.10741085567538432
2023-04-18,89.77999877929688,89.87000274658203,2,195.2731865465135,177.27239308948225,165026.88116704166,29.371989360511275,LOSS,165026.88116704166,0.0
2023-04-19,89.94000244140625,89.77999877929688,2,194.5044601845851,194.5044601845851,165221.38562722623,29.329762684847154,WIN,165221.38562722623,0.0
2023-04-20,90.11000061035156,89.94000244140625,2,194.74230781391162,194.74230781391162,165416.12793504016,29.321761792092094,WIN,165416.12793504016,0.0
2023-04-21,88.43000030517578,90.11000061035156,2,188.7324659223965,-147.26759511275975,165268.8603399274,28.85360020453909,LOSS,165416.12793504016,-0.08902855903542436
2023-04-24,87.56999969482422,88.43000030517578,2,170.55436264068013,-1.4457594296323748,165267.41458049777,27.75710808003791,LOSS,165416.12793504016,-0.0899025726202383
2023-04-25,83.80000305175781,87.56999969482422,2,163.85905716405833,-590.140271449223,164677.27430904855,27.376679137616765,LOSS,165416.12793504016,-0.446663596358492
2023-04-26,85.94000244140625,83.80000305175781,2,177.5284293257043,177.5284293257043,164854.80273837424,29.012412217623037,WIN,165416.12793504016,-0.33934127444111795
2023-04-27,87.44000244140625,85.94000244140625,2,193.12317095857836,193.12317095857836,165047.92590933281,29.8637383129288,WIN,165416.12793504016,-0.22259137020299524
2023-04-28,89.37000274658203,87.44000244140625,2,197.29569761842737,197.29569761842737,165245.22160695124,29.924386323958178,WIN,165416.12793504016,-0.1033190234969349
2023-05-01,89.69000244140625,89.37000274658203,2,204.1983465436656,204.1983465436656,165449.41995349491,30.112958109028007,WIN,165449.41995349491,0.0
2023-05-02,89.91000366210938,89.69000244140625,2,205.38217480681428,205.38217480681428,165654.80212830173,30.146341383461834,WIN,165654.80212830173,0.0
2023-05-03,81.62000274658203,89.91000366210938,2,204.67632693957785,-1453.323856165891,164201.47827213584,30.05735286084984,LOSS,165654.80212830173,-0.8773206918808649
2023-05-04,86.61000061035156,81.62000274658203,2,269.16761079033824,269.16761079033824,164470.64588292618,36.812991153522205,WIN,165654.80212830173,-0.7148336360683363
2023-05-05,89.83999633789062,86.61000061035156,2,319.0065717782948,319.0065717782948,164789.65245470448,39.362430711603295,WIN,165654.80212830173,-0.5222605457143208
2023-05-08,95.04000091552734,89.83999633789062,2,344.80411714724,344.80411714724,165134.4565718517,40.38585213126352,WIN,165654.80212830173,-0.3141143810892992
2023-05-09,95.05999755859375,95.04000091552734,2,385.7984872738125,385.7984872738125,165520.2550591255,41.84992749575674,WIN,165654.80212830173,-0.08122135153800625
2023-05-10,97.0199966430664,95.05999755859375,2,383.6341682906742,383.6341682906742,165903.8892274162,41.69368372060476,WIN,165903.8892274162,0.0
2023-05-11,97.0999984741211,97.0199966430664,2,390.98811726388226,390.98811726388226,166294.87734468008,41.6557761197243,WIN,166294.87734468008,0.0
2023-05-12,95.26000213623047,97.0999984741211,2,391.06045421396533,23.06118663584033,166317.93853131591,41.63874165038905,LOSS,166317.93853131591,0.0
2023-05-15,97.4000015258789,95.26000213623047,2,387.4970467275384,387.4970467275384,166705.43557804346,41.905857558844126,WIN,166705.43557804346,0.0
2023-05-16,101.4800033569336,97.4000015258789,2,394.23272053159207,394.23272053159207,167099.66829857504,41.77211809216159,WIN,167099.66829857504,0.0
2023-05-17,103.75,101.4800033569336,2,422.62906881026163,422.62906881026163,167522.2973673853,42.5465947947852,WIN,167522.2973673853,0.0
2023-05-18,107.93000030517578,103.75,2,433.95812727499356,433.95812727499356,167956.2554946603,42.66615142614334,WIN,167956.2554946603,0.0
2023-05-19,105.81999969482422,107.93000030517578,2,460.640927178426,38.64080510811351,167994.8962997684,43.229902102434366,LOSS,167994.8962997684,0.0
2023-05-22,108.0,105.81999969482422,2,452.1246244489807,452.1246244489807,168447.0209242174,43.260473477372926,WIN,168447.0209242174,0.0
2023-05-23,108.12000274658203,108.0,2,458.5539979409642,458.5539979409642,168905.57492215835,43.083792621440175,WIN,168905.57492215835,0.0
2023-05-24,108.2699966430664,108.12000274658203,2,429.81786993642356,429.81786993642356,169335.3927920948,41.29465325599134,WIN,169335.3927920948,0.0
2023-05-25,120.3499984741211,108.2699966430664,2,430.059227343569,430.059227343569,169765.45201943835,41.27297034862656,WIN,169765.45201943835,0.0
2023-05-26,127.02999877929688,120.3499984741211,2,576.0828049364592,576.0828049364592,170341.5348243748,46.661235059553135,WIN,170341.5348243748,0.0
2023-05-30,125.2699966430664,127.02999877929688,2,622.0846512183924,270.0842239722987,170611.6190483471,47.39158658132773,LOSS,170611.6190483471,0.0
2023-05-31,118.20999908447266,125.2699966430664,2,621.2669044219651,-790.7326072967849,169820.8864410503,47.80349985916664,LOSS,170611.6190483471,-0.4634693766505495
2023-06-01,119.47000122070312,118.20999908447266,2,630.416794123974,630.416794123974,170451.30323517427,50.27463988851618,WIN,170611.6190483471,-0.09396535480234955
2023-06-02,117.86000061035156,119.47000122070312,2,526.0649865515019,204.06486448118937,170655.36809965546,44.125243024451784,LOSS,170655.36809965546,0.0
2023-06-05,117.93000030517578,117.86000061035156,2,510.0585942283355,510.0585942283355,171165.42669388378,43.62481307082345,WIN,171165.42669388378,0.0
2023-06-06,124.2300033569336,117.93000030517578,2,507.52126325460824,507.52126325460824,171672.94795713839,43.46551013682361,WIN,171672.94795713839,0.0
2023-06-07,117.83000183105469,124.2300033569336,2,530.5723819040456,-749.4279232717356,170923.52003386666,43.24926622202622,LOSS,171672.94795713839,-0.4365439821414573
2023-06-08,121.05000305175781,117.83000183105469,2,543.213659615291,543.213659615291,171466.73369348195,45.49325786687222,WIN,171672.94795713839,-0.12012041856933925
2023-06-09,124.91999816894531,121.05000305175781,2,559.7014700046024,559.7014700046024,172026.43516348655,45.583041320459344,WIN,172026.43516348655,0.0
2023-06-12,129.19000244140625,124.91999816894531,2,580.0156931832389,580.0156931832389,172606.45085666978,45.711201232211565,WIN,172606.45085666978,0.0
2023-06-13,124.52999877929688,129.19000244140625,2,591.8504913575665,-340.1502410643085,172266.30061560546,45.30205867078817,LOSS,172606.45085666978,-0.19706693427511102
2023-06-14,127.33000183105469,124.52999877929688,2,595.7142371754013,595.7142371754013,172862.01485278085,46.64120572304802,WIN,172862.01485278085,0.0
2023-06-15,124.23999786376953,127.33000183105469,2,601.3993211799951,-16.601472277036123,172845.4133805038,46.24073312659881,LOSS,172862.01485278085,-0.00960388682914954
2023-06-16,120.08000183105469,124.23999786376953,2,597.7807817645487,-234.21842477842006,172611.19495572537,46.8250827888976,LOSS,172862.01485278085,-0.1450983301734004
2023-06-20,118.93000030517578,120.08000183105469,2,584.084119842513,354.08381466673177,172965.2787703921,47.17316168972787,LOSS,172965.2787703921,0.0
2023-06-21,112.11000061035156,118.93000030517578,2,574.6104297853286,-789.3895091795151,172175.88926121258,46.9573760627023,LOSS,172965.2787703921,-0.45638611101099175
2023-06-22,110.69999694824219,112.11000061035156,2,572.3631522737994,290.3624198519244,172466.2516810645,48.76885541631249,LOSS,172965.2787703921,-0.28851286967834233
2023-06-23,110.01000213623047,110.69999694824219,2,566.9845509767429,428.9855885743991,172895.2372696389,48.8776007329399,LOSS,172965.2787703921,-0.04049454390564588
2023-06-26,107.51000213623047,110.01000213623047,2,563.9788685347304,63.978868534730395,172959.21613817362,48.909367372584256,LOSS,172965.2787703921,-0.0035051151662160796
2023-06-27,110.38999938964844,107.51000213623047,2,441.8501384862765,441.8501384862765,173401.0662766599,42.18411217480991,WIN,173401.0662766599,0.0
2023-06-28,110.16999816894531,110.38999938964844,2,425.36733437258175,381.36709023195675,173782.43336689184,40.48727667412781,LOSS,173782.43336689184,0.0
2023-06-29,111.23999786376953,110.16999816894531,2,424.0778852141756,424.0778852141756,174206.51125210602,40.460756999340106,WIN,174206.51125210602,0.0
2023-06-30,113.91000366210938,111.23999786376953,2,399.6569113800879,399.6569113800879,174606.16816348612,38.76377241922533,WIN,174606.16816348612,0.0
2023-07-03,115.81999969482422,113.91000366210938,2,415.4874437935206,415.4874437935206,175021.65560727962,39.125985730111125,WIN,175021.65560727962,0.0
2023-07-05,113.94999694824219,115.81999969482422,2,424.5080419478253,50.50749263141904,175072.16309991103,39.24328076973549,LOSS,175072.16309991103,0.0
2023-07-06,113.4800033569336,113.94999694824219,2,420.37871809095833,326.3799998292396,175398.5430997403,39.40143866432027,LOSS,175398.5430997403,0.0
2023-07-07,113.16999816894531,113.4800033569336,2,380.1843935388467,318.1833559411904,175716.7264556815,37.15970496775283,LOSS,175716.7264556815,0.0
2023-07-10,113.58000183105469,113.16999816894531,2,347.6047730271565,347.6047730271565,176064.33122870864,35.316245445987704,WIN,176064.33122870864,0.0
2023-07-11,111.31999969482422,113.58000183105469,2,336.8521555245948,-115.14827172149893,175949.18295698715,34.616724285666756,LOSS,176064.33122870864,-0.06540124903091155
2023-07-12,114.58000183105469,111.31999969482422,2,314.7084950888785,314.7084950888785,176263.89145207603,33.6992547558208,WIN,176263.89145207603,0.0
2023-07-13,115.91999816894531,114.58000183105469,2,318.25898982928766,318.25898982928766,176582.1504419053,33.37218812495063,WIN,176582.1504419053,0.0
2023-07-14,115.94000244140625,115.91999816894531,2,310.1974457593488,310.1974457593488,176892.34788766465,32.6998212510874,WIN,176892.34788766465,0.0
2023-07-17,118.31999969482422,115.94000244140625,2,298.8893023527291,298.8893023527291,177191.2371900174,32.051637633925395,WIN,177191.2371900174,0.0
2023-07-18,117.93000030517578,118.31999969482422,2,307.2959924833243,229.2961145536368,177420.53330457103,32.17859992170907,LOSS,177420.53330457103,0.0
2023-07-19,116.43000030517578,117.93000030517578,2,288.1571264650636,-11.842873534936416,177408.69043103608,31.16196246003246,LOSS,177420.53330457103,-0.006675029836943488
2023-07-20,110.25,116.43000030517578,2,285.6658966360021,-950.3341643991541,176458.35626663693,31.228654955125556,LOSS,177420.53330457103,-0.54231436464142
2023-07-21,110.94999694824219,110.25,2,262.47286453133086,262.47286453133086,176720.82913116826,30.746891733620117,WIN,177420.53330457103,-0.3943760963685179
2023-07-24,110.61000061035156,110.94999694824219,2,262.16692161163184,194.16765403350684,176914.99678520177,30.629303642417362,LOSS,177420.53330457103,-0.2849368728372723
2023-07-25,113.0,110.61000061035156,2,260.79784328895425,260.79784328895425,177175.79462849072,30.59547581586383,WIN,177420.53330457103,-0.13794270117550153
2023-07-26,110.08999633789062,113.0,2,262.98978915342343,-319.01094326845157,176856.78368522227,30.393928748877663,LOSS,177420.53330457103,-0.3177476748877725
2023-07-27,111.0999984741211,110.08999633789062,2,257.79911416313064,257.79911416313064,177114.5827993854,30.488971908831786,WIN,177420.53330457103,-0.1724436847793857
2023-07-28,112.95999908447266,111.0999984741211,2,261.4718678020932,261.4718678020932,177376.05466718748,30.566821479413345,WIN,177420.53330457103,-0.02506961091543869
2023-07-31,114.4000015258789,112.95999908447266,2,269.0130458297224,269.0130458297224,177645.0677130172,30.752072071220958,WIN,177645.0677130172,0.0
2023-08-01,117.5999984741211,114.4000015258789,2,265.09099052704414,265.09099052704414,177910.15870354424,30.327028548589645,WIN,177910.15870354424,0.0
2023-08-02,109.3499984741211,117.5999984741211,2,281.7009521762021,-1368.299047823798,176541.85965572044,30.84418948169337,LOSS,177910.15870354424,-0.7690955130357787
2023-08-03,113.1500015258789,109.3499984741211,2,332.3587786764952,332.3587786764952,176874.21843439693,35.10376512797274,WIN,177910.15870354424,-0.5822828087481609
2023-08-04,115.81999969482422,113.1500015258789,2,361.1232386084374,361.1232386084374,177235.34167300537,36.110081067600376,WIN,177910.15870354424,-0.3793021351092863
2023-08-07,116.80999755859375,115.81999969482422,2,376.51569823813907,376.51569823813907,177611.8573712435,36.502480246822024,WIN,177910.15870354424,-0.16766964544042645
2023-08-08,113.2300033569336,116.80999755859375,2,380.33014979810605,-335.6686905339252,177276.18868070957,36.53623434417452,LOSS,177910.15870354424,-0.3563427897847371
2023-08-09,110.47000122070312,113.2300033569336,2,376.180728740155,-175.81969850593873,177100.36898220362,36.97475551431556,LOSS,177910.15870354424,-0.45516778088539706
2023-08-10,110.2300033569336,110.47000122070312,2,363.51434149150526,315.514768737599,177415.88375094123,36.76537826931079,LOSS,177910.15870354424,-0.2778227821305196
2023-08-11,107.56999969482422,110.2300033569336,2,360.40478191157405,-171.59595051030095,177244.28780043093,36.62617697581055,LOSS,177910.15870354424,-0.3742736828327267
2023-08-14,111.9800033569336,107.56999969482422,2,357.25046312112545,357.25046312112545,177601.53826355207,36.96699553459766,WIN,177910.15870354424,-0.17346982445585424
2023-08-15,111.3499984741211,111.9800033569336,2,389.084535805162,263.083559242662,177864.62182279472,37.982248835986596,LOSS,177910.15870354424,-0.025595435966863332
2023-08-16,107.19000244140625,111.3499984741211,2,387.011942780653,-444.98726376231576,177419.63455903242,37.98916410060708,LOSS,177910.15870354424,-0.2757145224793976
2023-08-17,104.44000244140625,107.19000244140625,2,384.9941077149956,-165.0058922850044,177254.62866674742,38.75684863417867,LOSS,177910.15870354424,-0.3684612736977771
2023-08-18,105.44999694824219,104.44000244140625,2,352.45834396916507,352.45834396916507,177607.08701071658,37.32183798959697,WIN,177910.15870354424,-0.17035097660312232
2023-08-21,108.22000122070312,105.44999694824219,2,356.672096679265,356.672096679265,177963.75910739586,37.37234932952391,WIN,177963.75910739586,0.0
2023-08-22,105.66000366210938,108.22000122070312,2,375.19170452218134,-136.80780719656866,177826.9513001993,37.93161922341157,LOSS,177963.75910739586,-0.0768739702300919
2023-08-23,109.43000030517578,105.66000366210938,2,365.4816375314296,365.4816375314296,178192.43293773071,37.879365137093465,WIN,178192.43293773071,0.0
2023-08-24,101.80000305175781,109.43000030517578,2,387.8077941200813,-1138.1916565635124,177054.2412811672,38.44062361493347,LOSS,178192.43293773071,-0.6387429801585677
2023-08-25,102.25,101.80000305175781,2,406.66764993447435,406.66764993447435,177460.90893110167,41.4229232742423,WIN,178192.43293773071,-0.4105247313642512
2023-08-28,102.61000061035156,102.25,2,404.9326952711026,404.9326952711026,177865.84162637277,41.19440609795693,WIN,178192.43293773071,-0.18328012361337012
2023-08-29,105.91999816894531,102.61000061035156,2,404.0310645421415,404.0310645421415,178269.87269091493,41.04438437688093,WIN,178269.87269091493,0.0
2023-08-30,106.58999633789062,105.91999816894531,2,420.10386612260754,420.10386612260754,178689.97655703753,41.234195000747974,WIN,178689.97655703753,0.0
2023-08-31,105.72000122070312,106.58999633789062,2,374.6363754966557,200.63735205915572,178890.6139090967,38.24783553094122,LOSS,178890.6139090967,0.0
2023-09-01,109.44999694824219,105.72000122070312,2,356.3652694414923,356.3652694414923,179246.9791785382,37.29601466032889,WIN,179246.9791785382,0.0
2023-09-05,110.77999877929688,109.44999694824219,2,378.07253591498284,378.07253591498284,179625.05171445318,37.84801131715896,WIN,179625.05171445318,0.0
2023-09-06,109.27999877929688,110.77999877929688,2,383.7764581628248,83.77645816282478,179708.828172616,37.91426878788198,LOSS,179708.828172616,0.0
2023-09-07,106.58999633789062,109.27999877929688,2,370.19462828250414,-167.80585999874586,179541.02231261725,37.40672890895611,LOSS,179708.828172616,-0.09337652563042637
2023-09-08,106.08999633789062,106.58999633789062,2,361.2144833376095,261.2144833376095,179802.23679595487,37.41494806502476,LOSS,179802.23679595487,0.0
2023-09-11,105.31999969482422,106.08999633789062,2,359.63748226526116,205.6381536519799,180007.87494960686,37.42226819343017,LOSS,180007.87494960686,0.0
2023-09-12,105.30999755859375,105.31999969482422,2,351.18377063338164,349.1833433872879,180357.05829299416,37.05528209908306,LOSS,180357.05829299416,0.0
2023-09-13,107.70999908447266,105.30999755859375,2,328.62839018294284,328.62839018294284,180685.6866831771,35.64070397722212,WIN,180685.6866831771,0.0
2023-09-14,106.62999725341797,107.70999908447266,2,343.915578270494,127.9152120595565,180813.60189523667,36.11955946149173,LOSS,180813.60189523667,0.0
2023-09-15,101.48999786376953,106.62999725341797,2,324.12420100865484,-703.8756769210327,180109.72621831563,35.10578757983892,LOSS,180813.60189523667,-0.3892824818173083
2023-09-18,102.37000274658203,101.48999786376953,2,328.62079607452495,328.62079607452495,180438.34701439016,36.41710809828592,WIN,180813.60189523667,-0.2075368649886913
2023-09-19,101.61000061035156,102.37000274658203,2,331.2239708958932,179.22354364979947,180617.57055803997,36.40119741481322,LOSS,180813.60189523667,-0.10841625582476164
2023-09-20,100.33999633789062,101.61000061035156,2,319.4966500936121,65.49579560142462,180683.0663536414,35.79787116888873,LOSS,180813.60189523667,-0.07219343026577844
2023-09-21,96.11000061035156,100.33999633789062,2,311.28162208460526,-534.7175234232072,180148.3488302182,35.51957817915668,LOSS,180813.60189523667,-0.3679220246958663
2023-09-22,96.19999694824219,96.11000061035156,2,296.3903221578102,296.3903221578102,180444.73915237602,35.397853461032625,WIN,180813.60189523667,-0.20400165639882276
2023-09-25,97.37999725341797,96.19999694824219,2,241.37813815743166,241.37813815743166,180686.11729053344,31.59632395404208,WIN,180813.60189523667,-0.0705060921119739
2023-09-26,95.95999908447266,97.37999725341797,2,246.81023348254843,-37.189400306514074,180648.9278902269,31.764184566602317,LOSS,180813.60189523667,-0.09107390333674668
2023-09-27,98.06999969482422,95.95999908447266,2,244.68953611633947,244.68953611633947,180893.61742634326,31.866081366197765,WIN,180893.61742634326,0.0
2023-09-28,102.76000213623047,98.06999969482422,2,240.7639691427597,240.7639691427597,181134.381395486,31.23844164879175,WIN,181134.381395486,0.0
2023-09-29,102.81999969482422,102.76000213623047,2,288.71692791311125,288.71692791311125,181423.0983233991,33.583913358136584,WIN,181423.0983233991,0.0
2023-10-02,103.2699966430664,102.81999969482422,2,288.29290425228066,288.29290425228066,181711.3912276514,33.545791958276126,WIN,181711.3912276514,0.0
2023-10-03,100.08000183105469,103.2699966430664,2,270.1568364579829,-367.8421259443609,181343.54910170703,32.30337531437695,LOSS,181711.3912276514,-0.20243206738949968
2023-10-04,104.06999969482422,100.08000183105469,2,268.7310606488504,268.7310606488504,181612.2801623559,32.76068003165376,WIN,181711.3912276514,-0.05454312171950058
2023-10-05,102.91000366210938,104.06999969482422,2,304.45590618716614,72.45669964419739,181684.73686200008,34.3503078533235,LOSS,181711.3912276514,-0.014668516635765785
2023-10-06,107.23999786376953,102.91000366210938,2,295.2385909221731,295.2385909221731,181979.97545292226,33.975995073664706,WIN,181979.97545292226,0.0
2023-10-09,106.97000122070312,107.23999786376953,2,331.888919716356,277.88959110307474,182257.86504402533,35.47033667379481,LOSS,182257.86504402533,0.0
2023-10-10,109.01000213623047,106.97000122070312,2,330.3247074826286,330.3247074826286,182588.18975150795,35.42528320851428,WIN,182588.18975150795,0.0
2023-10-11,108.30999755859375,109.01000213623047,2,340.65960916523863,200.65869363789488,182788.84844514585,35.670135536033655,LOSS,182788.84844514585,0.0
2023-10-12,108.79000091552734,108.30999755859375,2,333.16332159977594,333.16332159977594,183122.01176674562,35.345935619756226,WIN,183122.01176674562,0.0
2023-10-13,105.08999633789062,108.79000091552734,2,333.1838300771932,-406.81708545015056,182715.19468129548,35.25741216641626,LOSS,183122.01176674562,-0.22215629979443768
2023-10-16,106.45999908447266,105.08999633789062,2,305.6556213460042,305.6556213460042,183020.85030264148,34.23800525956619,WIN,183122.01176674562,-0.05524265659171206
2023-10-17,105.13999938964844,106.45999908447266,2,310.6948333748869,46.69489441004316,183067.5451970515,34.303524089135905,LOSS,183122.01176674562,-0.02974332204447706
2023-10-18,102.16999816894531,105.13999938964844,2,308.471994356726,-285.528249783899,182782.0169472676,34.4060345309544,LOSS,183122.01176674562,-0.1856657297491297
2023-10-19,102.4000015258789,102.16999816894531,2,308.7559930866081,308.7559930866081,183090.77294035422,34.98853841998594,WIN,183122.01176674562,-0.017059023156208268
2023-10-20,101.80999755859375,102.4000015258789,2,282.919040104444,164.91824664741273,183255.69118700162,33.27474145818972,LOSS,183255.69118700162,0.0
2023-10-23,100.01000213623047,101.80999755859375,2,282.3475725044297,-77.65151196822654,183178.0396750334,33.34351925260516,LOSS,183255.69118700162,-0.042373315374413724
2023-10-24,101.66999816894531,100.01000213623047,2,281.4569653189004,281.4569653189004,183459.4966403523,33.614766500714154,WIN,183459.4966403523,0.0
2023-10-25,96.05999755859375,101.66999816894531,2,284.9619781469052,-837.0381439234072,182622.45849642888,33.538864484705506,LOSS,183459.4966403523,-0.4562522841563878
2023-10-26,93.66999816894531,96.05999755859375,2,302.85321993078054,-175.14665799890696,182447.31183842997,35.853485427251904,LOSS,183459.4966403523,-0.5517211267109152
2023-10-27,96.43000030517578,93.66999816894531,2,271.44033540295015,271.44033540295015,182718.75217383294,34.16738649799244,WIN,183459.4966403523,-0.40376458023946915
2023-10-30,96.18000030517578,96.43000030517578,2,292.70398280356574,242.70398280356574,182961.4561566365,35.077308508905894,LOSS,183459.4966403523,-0.27147162879888415
2023-10-31,98.5,96.18000030517578,2,291.2809229445625,291.2809229445625,183252.73707958107,35.03163031096415,WIN,183459.4966403523,-0.11270038594761471
2023-11-01,108.04000091552734,98.5,2,296.24818276675927,296.24818276675927,183548.98526234782,34.89337609024507,WIN,183548.98526234782,0.0
2023-11-02,107.83000183105469,108.04000091552734,2,416.62231424121023,374.622497346679,183923.6077596945,40.50627139905984,LOSS,183923.6077596945,0.0
2023-11-03,112.25,107.83000183105469,2,414.0283746114886,414.0283746114886,184337.636134306,40.396830574633526,WIN,184337.636134306,0.0
2023-11-06,111.75,112.25,2,430.06700201103774,330.06700201103774,184667.70313631702,40.34187827207842,LOSS,184667.70313631702,0.0
2023-11-07,113.44999694824219,111.75,2,428.41654916234313,428.41654916234313,185096.11968547938,40.357575987204406,WIN,185096.11968547938,0.0
2023-11-08,113.58999633789062,113.44999694824219,2,433.67070616995596,433.67070616995596,185529.79039164932,40.28393279602564,WIN,185529.79039164932,0.0
2023-11-09,113.48999786376953,113.58999633789062,2,433.29896198310837,413.2992671588896,185943.08965880823,40.2311236400517,LOSS,185943.08965880823,0.0
2023-11-10,118.58999633789062,113.48999786376953,2,433.03053810541803,433.03053810541803,186376.12019691363,40.23771115271922,WIN,186376.12019691363,0.0
2023-11-13,116.79000091552734,118.58999633789062,2,454.1667566273094,94.16767215465313,186470.28786906827,40.33123216322948,LOSS,186470.28786906827,0.0
2023-11-14,119.87999725341797,116.79000091552734,2,451.7502174289036,451.7502174289036,186922.03808649717,40.58478295801884,WIN,186922.03808649717,0.0
2023-11-15,118.0,119.87999725341797,2,464.55471057722997,88.55525989363622,187010.59334639081,40.631803944170805,LOSS,187010.59334639081,0.0
2023-11-16,119.83000183105469,118.0,2,448.6786981080974,448.6786981080974,187459.2720444989,40.15025961369179,WIN,187459.2720444989,0.0
2023-11-17,120.62000274658203,119.83000183105469,2,455.90734458318315,455.90734458318315,187915.1793890821,40.16518059382885,WIN,187915.1793890821,0.0
2023-11-20,121.52999877929688,120.62000274658203,2,456.4571779604988,456.4571779604988,188371.6365670426,40.03051213593291,WIN,188371.6365670426,0.0
2023-11-21,119.16000366210938,121.52999877929688,2,450.802110512754,-23.196912924746016,188348.43965411783,39.53530582777777,LOSS,188371.6365670426,-0.012314440404887161
2023-11-22,122.51000213623047,119.16000366210938,2,451.39054378097916,451.39054378097916,188799.83019789882,40.05595599000553,WIN,188799.83019789882,0.0
2023-11-24,122.30999755859375,122.51000213623047,2,412.07524374013013,372.0743282127864,189171.9045261116,37.248155199000806,LOSS,189171.9045261116,0.0
2023-11-27,122.6500015258789,122.30999755859375,2,394.1031829972178,394.1031829972178,189566.00770910882,36.31262844253804,WIN,189566.00770910882,0.0
2023-11-28,122.01000213623047,122.6500015258789,2,392.85812729035865,264.85824936067115,189830.86595846948,36.18640220973691,LOSS,189830.86595846948,0.0
2023-11-29,123.8499984741211,122.01000213623047,2,392.03896533083474,392.03896533083474,190222.90492380032,36.2531265542134,WIN,190222.90492380032,0.0
2023-11-30,121.16000366210938,123.8499984741211,2,395.9563340625775,-142.04262833976622,190080.86229546057,36.146588673339664,LOSS,190222.90492380032,-0.07467167447403524
2023-12-01,121.38999938964844,121.16000366210938,2,272.6694447017381,272.6694447017381,190353.53174016232,29.885595885643063,WIN,190353.53174016232,0.0
2023-12-04,118.56999969482422,121.38999938964844,2,272.23818487538057,-291.7617540894632,190061.76998607285,29.833893611035478,LOSS,190353.53174016232,-0.15327362272833175
2023-12-05,118.37999725341797,118.56999969482422,2,254.39000171144622,216.38951343019622,190278.15949950303,29.19104078354742,LOSS,190353.53174016232,-0.039595924472875646
2023-12-06,116.81999969482422,118.37999725341797,2,253.26664541564674,-58.732866303103265,190219.42663319994,29.15105116371404,LOSS,190353.53174016232,-0.07045054837513398
2023-12-07,128.3699951171875,116.81999969482422,2,251.46191380021588,251.46191380021588,190470.88854700016,29.23783790998437,WIN,190470.88854700016,0.0
2023-12-08,128.9199981689453,128.3699951171875,2,434.1973479168614,434.1973479168614,190905.08589491702,37.372404888367754,WIN,190905.08589491702,0.0
2023-12-11,134.41000366210938,128.9199981689453,2,435.32224929732246,435.32224929732246,191340.40814421434,37.33467321153391,WIN,191340.40814421434,0.0
2023-12-12,137.61000061035156,134.41000366210938,2,451.22128005670686,451.22128005670686,191791.62942427106,37.204807320208715,WIN,191791.62942427106,0.0
2023-12-13,138.19000244140625,137.61000061035156,2,457.95133164836193,457.95133164836193,192249.58075591942,37.01194191443971,WIN,192249.58075591942,0.0
2023-12-14,138.0,138.19000244140625,2,454.7395163110515,416.7390280298015,192666.31978394923,36.7658233268897,LOSS,192666.31978394923,0.0
2023-12-15,139.14999389648438,138.0,2,446.6118525415856,446.6118525415856,193112.93163649083,36.40622997099431,WIN,193112.93163649083,0.0
2023-12-18,138.89999389648438,139.14999389648438,2,449.4186351816222,399.4186351816222,193512.35027167245,36.362737969884265,LOSS,193512.35027167245,0.0
2023-12-19,140.14999389648438,138.89999389648438,2,450.0375574963281,450.0375574963281,193962.3878291688,36.43066072885466,WIN,193962.3878291688,0.0
2023-12-20,135.47000122070312,140.14999389648438,2,454.1268057638523,-481.8717293923977,193480.5160997764,36.43251238074842,LOSS,193962.3878291688,-0.24843565537911882
2023-12-21,139.91000366210938,135.47000122070312,2,453.5044530071952,453.5044530071952,193934.0205527836,37.14254060503486,WIN,193962.3878291688,-0.014625142896352666
2023-12-22,139.60000610351562,139.91000366210938,2,471.83033093197446,409.83081921322446,194343.8513719968,37.30622693138757,LOSS,194343.8513719968,0.0
2023-12-26,143.41000366210938,139.60000610351562,2,470.94831043142733,470.94831043142733,194814.79968242822,37.31396947152826,WIN,194814.79968242822,0.0
2023-12-27,146.07000732421875,143.41000366210938,2,489.6328587186483,489.6328587186483,195304.43254114687,37.58292212563131,WIN,195304.43254114687,0.0
2023-12-28,148.75999450683594,146.07000732421875,2,497.0553668823477,497.0553668823477,195801.48790802923,37.507784327033065,WIN,195801.48790802923,0.0
2023-12-29,147.41000366210938,148.75999450683594,2,507.0101409508696,237.01197200555708,196038.4998800348,37.54340539590037,LOSS,196038.4998800348,0.0
2024-01-02,138.5800018310547,147.41000366210938,2,491.81516950687694,-1274.1851967040607,194764.31468333074,37.068051645038096,LOSS,196038.4998800348,-0.6499668164589051
2024-01-03,135.32000732421875,138.5800018310547,2,530.5928971564194,-121.40600421076806,194642.90867911998,40.325025882965676,LOSS,196038.4998800348,-0.7118964906224258
2024-01-04,136.00999450683594,135.32000732421875,2,518.3506119964812,518.3506119964812,195161.25929111647,40.336733983374785,WIN,196038.4998800348,-0.447483830704251
2024-01-05,138.5800018310547,136.00999450683594,2,519.9967805727538,519.9967805727538,195681.25607168922,40.28825489880785,WIN,196038.4998800348,-0.18223145380330522
2024-01-08,146.17999267578125,138.5800018310547,2,525.0596671537461,525.0596671537461,196206.31573884297,40.06092662007487,WIN,196206.31573884297,0.0
2024-01-09,149.25999450683594,146.17999267578125,2,456.5930699724883,456.5930699724883,196662.90880881547,35.66000434447383,WIN,196662.90880881547,0.0
2024-01-10,148.5399932861328,149.25999450683594,2,469.4949832295756,325.4947390889506,196988.40354790443,35.80542364218377,LOSS,196988.40354790443,0.0
2024-01-11,148.02000427246094,148.5399932861328,2,445.71943401765833,341.72163128328333,197330.12517918771,34.84756345463762,LOSS,197330.12517918771,0.0
2024-01-12,146.55999755859375,148.02000427246094,2,438.48018066682835,146.47883789339085,197476.60401708112,34.59379609832469,LOSS,197476.60401708112,0.0
2024-01-16,158.74000549316406,146.55999755859375,2,437.52929134629375,437.52929134629375,197914.1333084274,34.74607183904017,WIN,197914.1333084274,0.0
2024-01-17,160.1699981689453,158.74000549316406,2,582.3799391005541,582.3799391005541,198496.51324752797,39.26660630737098,WIN,198496.51324752797,0.0
2024-01-18,162.6699981689453,160.1699981689453,2,587.6528252896837,587.6528252896837,199084.16607281766,39.26770385738885,WIN,199084.16607281766,0.0
2024-01-19,174.22999572753906,162.6699981689453,2,596.2241312469951,596.2241312469951,199680.39020406466,39.24326542526866,WIN,199680.39020406466,0.0
2024-01-22,168.17999267578125,174.22999572753906,2,702.7067438406187,-507.29386651094376,199173.09633755372,41.67719873731795,LOSS,199680.39020406466,-0.25405292226868514
2024-01-23,168.4199981689453,168.17999267578125,2,680.2175686403795,680.2175686403795,199853.31390619412,41.75238735901396,WIN,199853.31390619412,0.0
2024-01-24,178.2899932861328,168.4199981689453,2,674.7472461407156,674.7472461407156,200528.06115233482,41.499427480744274,WIN,200528.06115233482,0.0
2024-01-25,180.3300018310547,178.2899932861328,2,748.0285806098653,748.0285806098653,201276.08973294467,42.751103152016725,WIN,201276.08973294467,0.0
2024-01-26,177.25,180.3300018310547,2,753.0243078304301,137.02394161949258,201413.11367456417,42.62040466749956,LOSS,201413.11367456417,0.0
2024-01-29,177.8300018310547,177.25,2,752.0571795299375,752.0571795299375,202165.17085409412,43.06426331081622,WIN,202165.17085409412,0.0
2024-01-30,172.05999755859375,177.8300018310547,2,754.0763130689918,-399.9245414231957,201765.24631267093,43.04783182536963,LOSS,202165.17085409412,-0.19782069272051644
2024-01-31,167.69000244140625,172.05999755859375,2,750.6687059600044,-123.33031747749556,201641.91599519344,43.85741516258734,LOSS,202165.17085409412,-0.25882542313795387
2024-02-01,170.47999572753906,167.69000244140625,2,677.4437974109763,677.4437974109763,202319.35979260443,41.72114898142098,WIN,202319.35979260443,0.0
2024-02-02,177.66000366210938,170.47999572753906,2,669.7633591404858,669.7633591404858,202989.12315174492,40.98585361858257,WIN,202989.12315174492,0.0
2024-02-05,174.22999572753906,177.66000366210938,2,711.2554651561885,25.253878242126007,203014.37702998705,41.480426666795466,LOSS,203014.37702998705,0.0
2024-02-06,167.8800048828125,174.22999572753906,2,713.978662733362,-556.0195062119506,202458.3575237751,42.10512009012745,LOSS,203014.37702998705,-0.27388183750642275
2024-02-07,170.94000244140625,167.8800048828125,2,689.5779712813385,689.5779712813385,203147.93549505644,42.1689863076965,WIN,203147.93549505644,0.0
2024-02-08,169.35000610351562,170.94000244140625,2,701.0496107314848,383.0503431533598,203530.9858382098,42.12651954228684,LOSS,203530.9858382098,0.0
2024-02-09,172.47999572753906,169.35000610351562,2,696.5293997253567,696.5293997253567,204227.51523793515,42.204657604085824,WIN,204227.51523793515,0.0
2024-02-12,171.91000366210938,172.47999572753906,2,709.2764241459777,595.2780110600402,204822.79324899518,42.19980687000623,LOSS,204822.79324899518,0.0
2024-02-13,171.5399932861328,171.91000366210938,2,703.8148102746553,629.8127350793428,205452.60598407453,42.07985162822253,LOSS,205452.60598407453,0.0
2024-02-14,178.6999969482422,171.5399932861328,2,603.0798789793719,603.0798789793719,206055.6858630539,38.25404341459968,WIN,206055.6858630539,0.0
2024-02-15,176.75999450683594,178.6999969482422,2,653.31018028741,265.30969200616005,206320.99555506004,39.18153743069023,LOSS,206320.99555506004,0.0
2024-02-16,173.8699951171875,176.75999450683594,2,649.0097434180135,71.009865488326,206392.00542054838,39.286015400892865,LOSS,206392.00542054838,0.0
2024-02-20,165.69000244140625,173.8699951171875,2,554.6548756465598,-1081.34365950969,205310.66176103867,36.100231575913654,LOSS,206392.00542054838,-0.5239271052705428
2024-02-21,164.2899932861328,165.69000244140625,2,547.9967337467292,267.9949026920417,205578.6566637307,36.8761400115593,LOSS,206392.00542054838,-0.39407958421663136
2024-02-22,181.86000061035156,164.2899932861328,2,544.4352298965773,544.4352298965773,206123.09189362728,36.91917161959925,WIN,206392.00542054838,-0.1302926081720816
2024-02-23,176.52000427246094,181.86000061035156,2,750.3361219861672,-317.6631455919578,205805.4287480353,42.29026135243265,LOSS,206392.00542054838,-0.28420513251850377
2024-02-26,176.00999450683594,176.52000427246094,2,740.7365478878639,638.7345947628639,206444.1633427982,42.75612742597138,LOSS,206444.1633427982,0.0
2024-02-27,178.0,176.00999450683594,2,734.1462497141671,734.1462497141671,207178.30959251235,42.58889357585559,WIN,207178.30959251235,0.0
2024-02-28,176.5399932861328,178.0,2,744.2329882604125,452.231645486975,207630.54123799934,42.65527253409416,LOSS,207630.54123799934,0.0
2024-02-29,192.52999877929688,176.5399932861328,2,721.2249861362027,721.2249861362027,208351.76622413553,42.02195005680176,WIN,208351.76622413553,0.0
2024-03-01,202.63999938964844,192.52999877929688,2,894.5732550397705,894.5732550397705,209246.3394791753,45.733111429013576,WIN,209246.3394791753,0.0
2024-03-04,205.36000061035156,202.63999938964844,2,971.9574455976018,971.9574455976018,210218.2969247729,46.725692036794015,WIN,210218.2969247729,0.0
2024-03-05,205.1300048828125,205.36000061035156,2,967.0801837207586,921.081038212946,211139.37796298586,46.14839375218146,LOSS,211139.37796298586,0.0
2024-03-06,210.6300048828125,205.1300048828125,2,954.7369401831332,954.7369401831332,212094.114903169,45.785312376099995,WIN,212094.114903169,0.0
2024-03-07,211.3800048828125,210.6300048828125,2,946.5922087155144,946.5922087155144,213040.7071118845,44.72567439579643,WIN,213040.7071118845,0.0
2024-03-08,207.38999938964844,211.3800048828125,2,950.3750007497322,152.37390211691968,213193.08101400142,44.738573258509135,LOSS,213193.08101400142,0.0
2024-03-11,198.38999938964844,207.38999938964844,2,940.8213700182484,-859.1786299817516,212333.90238401966,45.00601982411222,LOSS,213193.08101400142,-0.40300493144303073
2024-03-12,202.75999450683594,198.38999938964844,2,943.5417453456394,943.5417453456394,213277.4441293653,46.45794668925551,WIN,213277.4441293653,0.0
2024-03-13,194.7899932861328,202.75999450683594,2,965.1310661568319,-628.8691779837931,212648.5749513815,46.48422830948926,LOSS,213277.4441293653,-0.2948596747072497
2024-03-14,187.05999755859375,194.7899932861328,2,959.8209159934701,-586.1782295143424,212062.39672186718,47.592118876798125,LOSS,213277.4441293653,-0.5697027233508668
2024-03-15,191.05999755859375,187.05999755859375,2,931.2608012345972,931.2608012345972,212993.65752310178,47.929067117058544,WIN,213277.4441293653,-0.13305983078612926
2024-03-18,190.64999389648438,191.05999755859375,2,952.4645273527161,870.4637949308411,213864.12131803262,47.97372951149995,LOSS,213864.12131803262,0.0
2024-03-19,181.4199981689453,190.64999389648438,2,944.516700614901,-901.4824448929115,212962.63887313972,47.76890085203875,LOSS,213864.12131803262,-0.42152112254131896
2024-03-20,179.72999572753906,181.4199981689453,2,900.8013711043392,562.8008828230892,213525.4397559628,47.842250477655014,LOSS,213864.12131803262,-0.15836296428897373
2024-03-21,178.67999267578125,179.72999572753906,2,892.7471646609458,682.7465543093833,214208.1863102722,47.854657507079914,LOSS,214208.1863102722,0.0
2024-03-22,179.64999389648438,178.67999267578125,2,724.7643990014667,724.7643990014667,214932.95070927366,41.82933788718164,WIN,214932.95070927366,0.0
2024-03-25,178.6300048828125,179.64999389648438,2,713.9641975796823,509.96639484530726,215442.91710411897,41.2868323959986,LOSS,215442.91710411897,0.0
2024-03-26,177.8699951171875,178.6300048828125,2,710.4428176033165,558.4408644783165,216001.3579685973,41.306540960790926,LOSS,216001.3579685973,0.0
2024-03-27,179.58999633789062,177.8699951171875,2,706.0144515969721,706.0144515969721,216707.37242019427,41.2542687387011,WIN,216707.37242019427,0.0
2024-03-28,180.49000549316406,179.58999633789062,2,712.726837112958,712.726837112958,217420.0992573072,41.25004179206439,WIN,217420.0992573072,0.0
2024-04-01,183.33999633789062,180.49000549316406,2,554.8859702942456,554.8859702942456,217974.98522760146,35.334786396980725,WIN,217974.98522760146,0.0
2024-04-02,178.6999969482422,183.33999633789062,2,496.62961445977663,-431.37026346991087,217543.61496413156,32.91696410788711,LOSS,217974.98522760146,-0.1978989758937152
2024-04-03,180.77000427246094,178.6999969482422,2,484.5023627014339,484.5023627014339,218028.117326833,32.933306984085824,WIN,218028.117326833,0.0
2024-04-04,165.8300018310547,180.77000427246094,2,497.50362037885026,-2490.4968679023996,215537.62045893059,33.20366798648752,LOSS,218028.117326833,-1.1422824259721724
2024-04-05,170.4199981689453,165.8300018310547,2,543.677835448228,543.677835448228,216081.29829437882,36.68540568731596,WIN,218028.117326833,-0.892921085740425
2024-04-08,169.89999389648438,170.4199981689453,2,583.3963771302834,479.39552263809594,216560.69381701693,37.64290790762441,LOSS,218028.117326833,-0.6730432422238136
2024-04-09,170.77999877929688,169.89999389648438,2,580.9941407581949,580.9941407581949,217141.68795777514,37.618688417499214,WIN,218028.117326833,-0.406566538263987
2024-04-10,167.13999938964844,170.77999877929688,2,563.7979454277277,-164.20193250195985,216977.4860252732,36.83612196909916,LOSS,218028.117326833,-0.4818788119813281
2024-04-11,170.5,167.13999938964844,2,537.3999283620834,537.3999283620834,217514.88595363527,36.26700027255801,WIN,218028.117326833,-0.23539687426111403
2024-04-12,163.27999877929688,170.5,2,543.8261097337121,-900.1741344069129,216614.71181922837,36.0971941762335,LOSS,218028.117326833,-0.6482675376616075
2024-04-15,160.32000732421875,163.27999877929688,2,524.364790864533,-67.633500151092,216547.07831907726,36.24171428340701,LOSS,218028.117326833,-0.6792880780305902
2024-04-16,163.4600067138672,160.32000732421875,2,501.16299216286586,501.16299216286586,217048.24131124013,35.67665579771419,WIN,218028.117326833,-0.4494264444452306
2024-04-17,154.02000427246094,163.4600067138672,2,525.0610065103637,-1362.9394817708862,215685.30182946924,36.24649439167428,LOSS,218028.117326833,-1.0745474143831493
2024-04-18,155.0800018310547,154.02000427246094,2,509.9560653617494,509.9560653617494,216195.25789483098,36.900027449184904,WIN,218028.117326833,-0.8406527811522929
2024-04-19,146.63999938964844,155.0800018310547,2,516.9947234473111,-1171.0057648339389,215024.25212999704,37.050545705827574,LOSS,218028.117326833,-1.3777421158634473
2024-04-22,148.63999938964844,146.63999938964844,2,523.1983214475323,523.1983214475323,215547.45045144457,38.599506455915844,WIN,218028.117326833,-1.1377738366055763
2024-04-23,152.27000427246094,148.63999938964844,2,535.1669103156743,535.1669103156743,216082.61736176023,38.81456136336422,WIN,218028.117326833,-0.8923160869918312
2024-04-24,151.74000549316406,152.27000427246094,2,564.9690589718956,458.9693031125206,216541.58666487274,39.54139992357247,LOSS,218028.117326833,-0.6818068605949017
2024-04-25,153.75999450683594,151.74000549316406,2,563.0888848874381,563.0888848874381,217104.67554976017,39.54516115567087,WIN,218028.117326833,-0.4235425175407726
2024-04-26,157.39999389648438,153.75999450683594,2,572.7362190118831,572.7362190118831,217677.41176877206,39.63770903486696,WIN,218028.117326833,-0.16085336256663102
2024-04-29,160.1999969482422,157.39999389648438,2,598.7954144682876,598.7954144682876,218276.20718324033,40.16302119317176,WIN,218276.20718324033,0.0
2024-04-30,158.3800048828125,160.1999969482422,2,610.9173333931642,246.9189203072267,218523.12610354755,40.22371046453979,LOSS,218523.12610354755,0.0
2024-05-01,144.27000427246094,158.3800048828125,2,598.4847565329628,-2223.5153655373497,216299.6107380102,39.994345568130086,LOSS,218523.12610354755,-1.0175194750251408
2024-05-02,146.16000366210938,144.27000427246094,2,628.2717642140018,628.2717642140018,216927.8825022242,43.80451227988489,WIN,218523.12610354755,-0.7300113401120893
2024-05-03,150.60000610351562,146.16000366210938,2,568.0344322242582,568.0344322242582,217495.91693444847,40.7060380085494,WIN,218523.12610354755,-0.47006886063506775
2024-05-06,155.77999877929688,150.60000610351562,2,588.0370235009682,588.0370235009682,218083.95395794944,40.82668762995965,WIN,218523.12610354755,-0.20097284595407072
2024-05-07,154.42999267578125,155.77999877929688,2,630.9173130809396,360.9160923778146,218444.87005032727,41.788585205700485,LOSS,218523.12610354755,-0.035811337049606
2024-05-08,153.6199951171875,154.42999267578125,2,624.498861035519,462.499349316769,218907.36939964403,41.747859203294965,LOSS,218907.36939964403,0.0
2024-05-09,152.38999938964844,153.6199951171875,2,616.9443296358766,370.94518412806406,219278.3145837721,41.56361998551711,LOSS,219278.3145837721,0.0
2024-05-10,151.9199981689453,152.38999938964844,2,603.529423103437,509.529178962812,219787.8437627349,41.19576036546728,LOSS,219787.8437627349,0.0
2024-05-13,150.55999755859375,151.9199981689453,2,580.0126066116937,308.01248454138124,220095.8562472763,40.25291490377611,LOSS,220095.8562472763,0.0
2024-05-14,153.16000366210938,150.55999755859375,2,571.8873850732577,571.8873850732577,220667.74363234956,40.12406720533498,WIN,220667.74363234956,0.0
2024-05-15,159.6699981689453,153.16000366210938,2,580.2652527919294,580.2652527919294,221248.0088851415,40.05937445533111,WIN,221248.0088851415,0.0
2024-05-16,162.6199951171875,159.6699981689453,2,580.8500667208625,580.8500667208625,221828.85895186235,39.061890824546445,WIN,221828.85895186235,0.0
2024-05-17,164.47000122070312,162.6199951171875,2,595.5496598372047,595.5496598372047,222424.40861169956,39.22328650580282,WIN,222424.40861169956,0.0
2024-05-20,166.3300018310547,164.47000122070312,2,540.9667695422166,540.9667695422166,222965.37538124179,36.755692970386676,WIN,222965.37538124179,0.0
2024-05-21,164.66000366210938,166.3300018310547,2,546.5119549468736,212.51232115781113,223177.8877023996,36.73292108151711,LOSS,223177.8877023996,0.0
2024-05-22,165.52000427246094,164.66000366210938,2,538.3399215873004,538.3399215873004,223716.2276239869,36.62506865147368,WIN,223716.2276239869,0.0
2024-05-23,160.42999267578125,165.52000427246094,2,539.9382192421325,-478.064100093805,223238.16352389308,36.576580089712934,LOSS,223716.2276239869,-0.21369218727276684
2024-05-24,166.36000061035156,160.42999267578125,2,543.21763747212,543.21763747212,223781.3811613652,37.39635420665696,WIN,223781.3811613652,0.0
2024-05-28,171.61000061035156,166.36000061035156,2,576.7312053837453,576.7312053837453,224358.11236674894,37.93050218167887,WIN,224358.11236674894,0.0
2024-05-29,165.13999938964844,171.61000061035156,2,605.758653340542,-688.241590800083,223669.87077594886,38.34780527889272,LOSS,224358.11236674894,-0.30676028762224733
2024-05-30,166.75,165.13999938964844,2,608.2779952846369,608.2779952846369,224278.1487712335,39.36345387949888,WIN,224358.11236674894,-0.0356410537920394
2024-05-31,166.89999389648438,166.75,2,437.1209063744047,437.1209063744047,224715.26967760792,32.33902865268101,WIN,224715.26967760792,0.0
2024-06-03,163.5500030517578,166.89999389648438,2,437.62458921903107,-232.37357972628143,224482.89609788163,32.34340732508474,LOSS,224715.26967760792,-0.10340800607794554
2024-06-04,159.99000549316406,163.5500030517578,2,429.95649159662486,-282.04302012212514,224200.8530777595,32.38853454778758,LOSS,224715.26967760792,-0.228919289991482
2024-06-05,166.1699981689453,159.99000549316406,2,411.80637130007585,411.80637130007585,224612.65944905957,32.025082963986776,WIN,224715.26967760792,-0.045662330243762254
2024-06-06,166.77999877929688,166.1699981689453,2,455.16990191333565,455.16990191333565,225067.8293509729,33.1179872722868,WIN,225067.8293509729,0.0
2024-06-07,167.8699951171875,166.77999877929688,2,454.80927460968286,454.80927460968286,225522.6386255826,33.03741820647315,WIN,225522.6386255826,0.0
2024-06-10,160.33999633789062,167.8699951171875,2,454.0610149510905,-1051.9387409082844,224470.6998846743,32.89081671163948,LOSS,225522.6386255826,-0.4664448533057186
2024-06-11,158.9600067138672,160.33999633789062,2,483.4194705721278,207.4215457674403,224678.12143044174,34.94211873631728,LOSS,225522.6386255826,-0.3744711396991682
2024-06-12,160.24000549316406,158.9600067138672,2,479.0960945832656,479.0960945832656,225157.21752502501,34.93534642099101,WIN,225522.6386255826,-0.16203300155788697
2024-06-13,159.89999389648438,160.24000549316406,2,479.2734066265531,411.2710872906156,225568.48861231562,34.783421749737315,LOSS,225568.48861231562,0.0
2024-06-14,159.6300048828125,159.89999389648438,2,443.0591212874715,389.0613185530965,225957.54993086873,33.327459283461955,LOSS,225957.54993086873,0.0
2024-06-17,158.39999389648438,159.6300048828125,2,434.6990179606352,188.69682069501022,226146.24675156374,33.012050703314756,LOSS,226146.24675156374,0.0
2024-06-18,154.6300048828125,158.39999389648438,2,428.82305491412734,-325.17474782024766,225821.0720037435,32.906553085084376,LOSS,226146.24675156374,-0.14378958417004842
2024-06-20,161.77999877929688,154.6300048828125,2,424.2508025153645,424.2508025153645,226245.32280625886,33.147547072540945,WIN,226245.32280625886,0.0
2024-06-21,161.22999572753906,161.77999877929688,2,491.7942927260646,381.7936823745021,226627.11648863336,35.10701886160139,LOSS,226627.11648863336,0.0
2024-06-24,160.25,161.22999572753906,2,489.5310952123707,293.5319497045582,226920.64843833793,35.08276330841257,LOSS,226920.64843833793,0.0
2024-06-25,160.25,160.25,2,468.4299189425886,468.4299189425886,227389.07835728052,34.33461891083048,WIN,227389.07835728052,0.0
2024-06-26,157.5399932861328,160.25,2,437.9828865335365,-104.01845623990101,227285.05990104063,33.077906338064864,LOSS,227389.07835728052,-0.045744701984523926
2024-06-27,159.47000122070312,157.5399932861328,2,408.50050508950847,408.50050508950847,227693.56040613013,32.15105358910551,WIN,227693.56040613013,0.0
2024-06-28,162.2100067138672,159.47000122070312,2,389.7055175454314,389.7055175454314,228083.26592367556,31.163916035655497,WIN,228083.26592367556,0.0
2024-07-01,157.69000244140625,162.2100067138672,2,401.90790933859677,-502.09294515359073,227581.17297852196,31.38845222316541,LOSS,228083.26592367556,-0.22013581010437194
2024-07-02,164.30999755859375,157.69000244140625,2,406.46648012504534,406.46648012504534,227987.639458647,32.049419843440035,WIN,228083.26592367556,-0.041926120551324976
2024-07-03,163.89999389648438,164.30999755859375,2,458.14715420158876,376.14642177971376,228363.7858804267,33.442934877670915,LOSS,228363.7858804267,0.0
2024-07-05,171.89999389648438,163.89999389648438,2,445.61504190974534,445.61504190974534,228809.40092233644,32.983322533059905,WIN,228809.40092233644,0.0
2024-07-08,178.69000244140625,171.89999389648438,2,487.4352576837862,487.4352576837862,229296.83618002024,33.75556308705545,WIN,229296.83618002024,0.0
2024-07-09,177.10000610351562,178.69000244140625,2,537.7852628529015,219.7859952747765,229516.62217529502,34.90662662745837,LOSS,229516.62217529502,0.0
2024-07-10,183.9600067138672,177.10000610351562,2,536.1203378059055,536.1203378059055,230052.74251310094,35.0231654115427,WIN,230052.74251310094,0.0
2024-07-11,181.94000244140625,183.9600067138672,2,524.6557123704225,120.65485787823502,230173.39737097916,33.8642706050322,LOSS,230173.39737097916,0.0
2024-07-12,181.61000061035156,181.94000244140625,2,520.8300700995774,454.82970388863987,230628.2270748678,33.93463260301428,LOSS,230628.2270748678,0.0
2024-07-15,179.8300018310547,181.61000061035156,2,521.6255437861626,165.62578792678755,230793.8528627946,33.998010320450874,LOSS,230793.8528627946,0.0
2024-07-16,177.5500030517578,179.8300018310547,2,520.9817758303349,64.98201997095987,230858.83488276554,34.16237839082636,LOSS,230858.83488276554,0.0
2024-07-17,159.42999267578125,177.5500030517578,2,521.0065357435641,-3102.9955394517483,227755.8393433138,34.40937343457719,LOSS,230858.83488276554,-1.3441095035533317
2024-07-18,155.77000427246094,159.42999267578125,2,655.8966740981973,-76.10100656586519,227679.73833674792,42.2116221090723,LOSS,230858.83488276554,-1.377073806870778
2024-07-19,151.5800018310547,155.77000427246094,2,640.2509292583628,-197.74955902288718,227481.98877772503,42.18663235915301,LOSS,230858.83488276554,-1.4627320226905514
2024-07-22,155.8699951171875,151.5800018310547,2,601.0532714455792,601.0532714455792,228083.04204917062,41.22769266620047,WIN,230858.83488276554,-1.2023766969994998
2024-07-23,154.0,155.8699951171875,2,631.4968477327473,257.49782429524726,228340.53987346587,41.79771067494307,LOSS,230858.83488276554,-1.0908376153672064
2024-07-24,144.6300048828125,154.0,2,625.2418189082564,-1248.7572045292436,227091.78266893662,41.85445393033975,LOSS,230858.83488276554,-1.6317557072233788
2024-07-25,138.32000732421875,144.6300048828125,2,630.7144693144932,-631.2850424042568,226460.49762653236,43.844527030340544,LOSS,230858.83488276554,-1.9052063822754441
2024-07-26,139.99000549316406,138.32000732421875,2,619.1271649908834,619.1271649908834,227079.62479152324,44.6062829264238,WIN,230858.83488276554,-1.6370220759198837
2024-07-29,139.75,139.99000549316406,2,626.5265436498615,578.525445017049,227658.1502365403,44.60271017989446,LOSS,230858.83488276554,-1.386425019363288
2024-07-30,138.44000244140625,139.75,2,619.1497653548987,357.1502536361487,228015.30049017645,44.30440614370406,LOSS,230858.83488276554,-1.2317199790222852
2024-07-31,144.47999572753906,138.44000244140625,2,607.9266447666315,607.9266447666315,228623.2271349431,44.04548340540456,WIN,230858.83488276554,-0.9683873476004202
2024-08-01,132.5399932861328,144.47999572753906,2,636.4438036455831,-1751.556684635667,226871.67045030743,44.13676767906487,LOSS,230858.83488276554,-1.7271006476675979
2024-08-02,132.5,132.5399932861328,2,644.3338421701617,636.3351849435992,227508.00563525103,47.155334126294846,LOSS,230858.83488276554,-1.4514624269052245
2024-08-05,134.82000732421875,132.5,2,607.3334159006134,607.3334159006134,228115.33905115165,45.31798455419593,WIN,230858.83488276554,-1.1883867615493655
2024-08-06,130.17999267578125,134.82000732421875,2,597.3932243615162,-330.6097053259838,227784.72934582568,44.30859332277416,LOSS,230858.83488276554,-1.3315953615121363
2024-08-07,128.6699981689453,130.17999267578125,2,581.1931643010421,279.1942629338546,228063.92360875953,44.53012488372441,LOSS,230858.83488276554,-1.2106581389554862
2024-08-08,136.32000732421875,128.6699981689453,2,541.1412347724969,541.1412347724969,228605.06484353202,42.81777321335181,WIN,230858.83488276554,-0.9762546191390211
2024-08-09,134.27000427246094,136.32000732421875,2,638.1442985387202,228.14368818715775,228833.20853171917,45.963377050216295,LOSS,230858.83488276554,-0.8774307260430501
2024-08-12,136.77000427246094,134.27000427246094,2,626.9668791706754,626.9668791706754,229460.17541088985,45.885499176604114,WIN,230858.83488276554,-0.6058505287813493
2024-08-13,141.1300048828125,136.77000427246094,2,649.8649619821342,649.8649619821342,230110.04037287197,46.4283289732516,WIN,230858.83488276554,-0.3243516802265013
2024-08-14,140.75,141.1300048828125,2,691.6295187590239,615.6285421965239,230725.6689150685,47.41478854101759,LOSS,230858.83488276554,-0.05768285531054898
2024-08-15,147.36000061035156,140.75,2,586.2794299763359,586.2794299763359,231311.94834504483,42.55150214049896,WIN,231311.94834504483,0.0
2024-08-16,148.55999755859375,147.36000061035156,2,642.9061982828863,642.9061982828863,231954.85454332773,43.857388537480276,WIN,231954.85454332773,0.0
2024-08-19,155.27999877929688,148.55999755859375,2,640.7582504190635,640.7582504190635,232595.61279374678,43.52865860564265,WIN,232595.61279374678,0.0
2024-08-20,156.39999389648438,155.27999877929688,2,686.501719392507,686.501719392507,233282.1145131393,44.24254312225345,WIN,233282.1145131393,0.0
2024-08-21,157.80999755859375,156.39999389648438,2,689.733325159108,689.733325159108,233971.84783829842,44.16980371707146,WIN,233971.84783829842,0.0
2024-08-22,151.6999969482422,157.80999755859375,2,638.4742811260246,-583.5258409442879,233388.32199735413,41.76072797198728,LOSS,233971.84783829842,-0.24940002241106127
2024-08-23,154.97999572753906,151.6999969482422,2,607.2705284966769,607.2705284966769,233995.5925258508,41.47802948686195,WIN,233995.5925258508,0.0
2024-08-26,149.99000549316406,154.97999572753906,2,623.5994483311617,-374.39859854383826,233621.19392730697,41.61454870765864,LOSS,233995.5925258508,-0.16000241479012986
2024-08-27,150.5,149.99000549316406,2,622.0395777087342,622.0395777087342,234243.2335050157,42.431194879380726,WIN,234243.2335050157,0.0
2024-08-28,146.36000061035156,150.5,2,621.5418182493452,-206.45805968034233,234036.77544533537,42.31636346369891,LOSS,234243.2335050157,-0.08813832382309018
2024-08-29,145.49000549316406,146.36000061035156,2,594.6490300443517,420.65000660685166,234457.42545194222,41.873692339132454,LOSS,234457.42545194222,0.0
2024-08-30,148.55999755859375,145.49000549316406,2,482.4466942559885,482.4466942559885,234939.8721461982,36.933361840214744,WIN,234939.8721461982,0.0
2024-09-03,136.94000244140625,148.55999755859375,2,496.1264619301073,-1827.8725615073927,233111.9995846908,37.089177077895805,LOSS,234939.8721461982,-0.778017177250333
2024-09-04,140.8699951171875,136.94000244140625,2,549.3889349551891,549.3889349551891,233661.388519646,41.53619229275267,WIN,234939.8721461982,-0.5441748200818988
2024-09-05,139.44000244140625,140.8699951171875,2,555.4099224468865,269.4113872906365,233930.79990693662,41.07859340929377,LOSS,234939.8721461982,-0.42950233608438393
2024-09-06,134.35000610351562,139.44000244140625,2,549.1744529298514,-468.82481464827356,233461.97509228834,41.05025465079302,LOSS,234939.8721461982,-0.6290533149648612
2024-09-09,138.14999389648438,134.35000610351562,2,505.449416325969,505.449416325969,233967.42450861432,39.88450679508884,WIN,234939.8721461982,-0.4139134105677694
2024-09-10,142.83999633789062,138.14999389648438,2,526.6851924803246,526.6851924803246,234494.10970109465,40.21675895923775,WIN,234939.8721461982,-0.18973469297972675
2024-09-11,149.86000061035156,142.83999633789062,2,554.9093657159457,554.9093657159457,235049.0190668106,40.695747331021394,WIN,235049.0190668106,0.0
2024-09-12,150.77000427246094,149.86000061035156,2,600.7662804278363,600.7662804278363,235649.78534723844,41.5160511078957,WIN,235649.78534723844,0.0
2024-09-13,152.30999755859375,150.77000427246094,2,603.8967007991965,603.8967007991965,236253.68204803765,41.49334155684731,WIN,236253.68204803765,0.0
2024-09-16,152.0800018310547,152.30999755859375,2,582.4026052604537,536.4034597526412,236790.0855077903,40.29204387654356,LOSS,236790.0855077903,0.0
2024-09-17,150.82000732421875,152.0800018310547,2,581.1111759535236,329.11227458633607,237119.19778237664,40.27412607085084,LOSS,237119.19778237664,0.0
2024-09-18,148.2899932861328,150.82000732421875,2,546.4620688573237,40.45926124013624,237159.65704361678,38.96569859624594,LOSS,237159.65704361678,0.0
2024-09-19,156.74000549316406,148.2899932861328,2,539.6453168221799,539.6453168221799,237699.30236043897,39.070526824713006,WIN,237699.30236043897,0.0
2024-09-20,155.9499969482422,156.74000549316406,2,621.3792454057618,463.3775364213868,238162.67989686035,41.22200611815598,LOSS,238162.67989686035,0.0
2024-09-23,156.75,155.9499969482422,2,594.8065120689455,594.8065120689455,238757.4864089293,40.22779961416836,WIN,238757.4864089293,0.0
2024-09-24,158.32000732421875,156.75,2,591.7024419262481,591.7024419262481,239349.18885085557,39.96806238415455,WIN,239349.18885085557,0.0
2024-09-25,162.02000427246094,158.32000732421875,2,579.6620288349843,579.6620288349843,239928.85087969055,39.21743149657362,WIN,239928.85087969055,0.0
2024-09-26,167.49000549316406,162.02000427246094,2,599.6923447591117,599.6923447591117,240528.54322444968,39.48211278765384,WIN,240528.54322444968,0.0
2024-09-27,164.35000610351562,167.49000549316406,2,614.5428421241604,-13.457035805527084,240515.08618864414,39.26902317944156,LOSS,240528.54322444968,-0.00559477707931645
2024-09-30,164.0800018310547,164.35000610351562,2,611.3274016294995,557.326547137312,241072.41273578146,39.60328893039754,LOSS,241072.41273578146,0.0
2024-10-01,159.75,164.0800018310547,2,607.4856981033091,-258.5146681076284,240813.89806767384,39.48890882913222,LOSS,241072.41273578146,-0.10723527639429666
2024-10-02,159.77999877929688,159.75,2,481.10034251236596,481.10034251236596,241294.9984101862,34.91974744844626,WIN,241294.9984101862,0.0
2024-10-03,162.85000610351562,159.77999877929688,2,472.94953510329816,472.94953510329816,241767.94794528952,34.578590282369476,WIN,241767.94794528952,0.0
2024-10-04,170.89999389648438,162.85000610351562,2,478.5884531210243,478.5884531210243,242246.53639841054,34.438532082406674,WIN,242246.53639841054,0.0
2024-10-07,170.97000122070312,170.89999389648438,2,487.8141488541712,487.8141488541712,242734.3505472647,33.87997322967328,WIN,242734.3505472647,0.0
2024-10-08,172.8000030517578,170.97000122070312,2,484.6167978450173,484.6167978450173,243218.96734510973,33.748545345788955,WIN,243218.96734510973,0.0
2024-10-09,171.02000427246094,172.8000030517578,2,476.8162682143057,120.8165123549307,243339.78385746467,33.25140689359628,LOSS,243339.78385746467,0.0
2024-10-10,164.17999267578125,171.02000427246094,2,439.82958130851097,-928.1727380274265,242411.61111943724,32.010870984689944,LOSS,243339.78385746467,-0.3814307398954181
2024-10-11,167.88999938964844,164.17999267578125,2,470.0192417306404,470.0192417306404,242881.6303611679,33.935833848679835,WIN,243339.78385746467,-0.18827726770939637
2024-10-14,165.27000427246094,167.88999938964844,2,486.9608629478014,-37.03816048969861,242844.5922006782,34.18484344310396,LOSS,243339.78385746467,-0.20349802606734435
2024-10-15,156.63999938964844,165.27000427246094,2,487.4269127711925,-1238.5740637913075,241606.01813688688,34.507629336454215,LOSS,243339.78385746467,-0.7124875731760083
2024-10-16,156.1300048828125,156.63999938964844,2,518.0029488566872,416.0040474894997,242022.02218437637,36.87351548795196,LOSS,243339.78385746467,-0.5415315375886811
2024-10-17,156.25,156.1300048828125,2,510.1809229330622,510.1809229330622,242532.20310730944,36.613588091914636,WIN,243339.78385746467,-0.33187370242272873
2024-10-18,155.97000122070312,156.25,2,451.42779492371983,395.42803906434483,242927.63114637378,34.10985088432686,LOSS,243339.78385746467,-0.1693733365573755
2024-10-21,157.89999389648438,155.97000122070312,2,450.13786628653014,450.13786628653014,243377.7690126603,34.08945375018244,WIN,243377.7690126603,0.0
2024-10-22,154.08999633789062,157.89999389648438,2,458.19098817781594,-303.80852354093406,243073.96048911937,34.19346824807616,LOSS,243377.7690126603,-0.12483002238595348
2024-10-23,152.91000366210938,154.08999633789062,2,456.4478105090634,220.4492753528134,243294.4097644722,34.59321535771166,LOSS,243377.7690126603,-0.03425097063149768
2024-10-24,153.44000244140625,152.91000366210938,2,441.02678338063805,441.02678338063805,243735.43654785282,34.07735207636162,WIN,243735.43654785282,0.0
2024-10-25,156.22999572753906,153.44000244140625,2,414.83204975515775,414.83204975515775,244150.26859760797,32.88227356048231,WIN,244150.26859760797,0.0
2024-10-28,159.9199981689453,156.22999572753906,2,427.0774102557155,427.0774102557155,244577.34600786367,33.08136479886865,WIN,244577.34600786367,0.0
2024-10-29,166.25,159.9199981689453,2,451.0988350038804,451.0988350038804,245028.44484286755,33.65769365614884,WIN,245028.44484286755,0.0
2024-10-30,148.60000610351562,166.25,2,486.21906664048106,-3043.7797126563937,241984.66513021116,34.34458245155871,LOSS,245028.44484286755,-1.2422148435086053
2024-10-31,144.07000732421875,148.60000610351562,2,613.3149210646327,-292.6848347947423,241691.9802954164,42.29943960049134,LOSS,245028.44484286755,-1.3616641731496788
