Date,Stock_Price,Strike,Contracts,Premium,PnL,Capital,VIX,Status,Peak,Drawdown_%
2021-04-15,322.75,334.8455987548828,1,1681.8237174975743,472.26384200929283,50472.26384200929,56.31523152952117,LOSS,50472.26384200929,0.0
2021-04-16,342.0,329.205,1,1653.4927709295882,1653.4927709295882,52125.75661293888,56.31523152952117,WIN,52125.75661293888,0.0
2021-04-19,333.0,348.84000000000003,1,1752.1131763219855,168.11317632198234,52293.86978926086,56.31523152952117,LOSS,52293.86978926086,0.0
2021-04-20,320.82000732421875,339.66,1,1706.0049348398272,-177.99433273830027,52115.87545652256,56.31523152952117,LOSS,52293.86978926086,-0.34037322817301596
2021-04-21,311.9200134277344,327.2364074707031,1,1643.6051522236205,111.96574792674664,52227.84120444931,56.31523152952117,LOSS,52293.86978926086,-0.12626448392066109
2021-04-22,293.45001220703125,318.1584136962891,1,1598.0092558048636,-872.8308931209185,51355.01031132839,56.31523152952117,LOSS,52293.86978926086,-1.795352842916352
2021-04-23,291.6000061035156,299.3190124511719,1,1503.3848917537612,731.484256988135,52086.49456831653,56.31523152952117,LOSS,52293.86978926086,-0.3965574201718775
2021-04-26,304.5400085449219,297.43200622558595,1,1493.9070552910543,1493.9070552910543,53580.401623607584,56.31523152952117,WIN,53580.401623607584,0.0
2021-04-27,302.0,310.6308087158203,1,1560.200472774171,697.1196011921402,54277.521224799726,56.31523152952117,LOSS,54277.521224799726,0.0
2021-04-28,298.04998779296875,308.04,1,1547.1876586235066,548.1864379203796,54825.7076627201,56.31523152952117,LOSS,54825.7076627201,0.0
2021-04-29,294.7699890136719,304.01098754882815,1,1526.951201212478,602.8513476968501,55428.55901041695,56.31523152952117,LOSS,55428.55901041695,0.0
2021-04-30,297.6400146484375,300.66538879394534,1,1510.1473150150332,1207.6099004642492,56636.1689108812,56.31523152952117,LOSS,56636.1689108812,0.0
2021-05-03,294.2099914550781,303.59281494140623,1,1524.8508522403347,586.568503607524,57222.73741448872,56.31523152952117,LOSS,57222.73741448872,0.0
2021-05-04,280.6600036621094,300.0941912841797,1,1507.2783702749155,-436.1403919321185,56786.597022556605,56.31523152952117,LOSS,57222.73741448872,-0.7621802305139046
2021-05-05,273.0,286.27320373535156,1,1437.859913692858,110.53954015770228,56897.13656271431,56.31523152952117,LOSS,57222.73741448872,-0.5690060743091442
2021-05-06,256.760009765625,278.46,1,1398.6166582921064,-771.3823651453918,56125.75419756892,56.31523152952117,LOSS,57222.73741448872,-1.9170407891777135
2021-05-07,263.70001220703125,261.8952099609375,1,1315.4169481371714,1315.4169481371714,57441.17114570609,56.31523152952117,WIN,57441.17114570609,0.0
2021-05-10,293.45001220703125,268.97401245117186,1,1350.9715379655158,1350.9715379655158,58792.142683671605,56.31523152952117,WIN,58792.142683671605,0.0
2021-05-11,303.0,299.3190124511719,1,1503.3848917537612,1503.3848917537612,60295.52757542537,56.31523152952117,WIN,60295.52757542537,0.0
2021-05-12,283.6099853515625,309.06,1,1552.310796565967,-992.6906682777831,59302.83690714758,56.31523152952117,LOSS,60295.52757542537,-1.6463752921574488
2021-05-13,265.1000061035156,289.28218505859377,1,1317.6236815157217,-1100.5942139920926,58202.24269315549,50.0019693285672,LOSS,60295.52757542537,-3.4717083777919195
2021-05-14,258.3699951171875,270.4020062255859,1,1261.7416076468778,58.54049680703565,58260.78318996252,51.504660329534275,LOSS,60295.52757542537,-3.374619092465067
2021-05-17,248.24000549316406,263.53739501953123,1,1186.050806160405,-343.6881464763119,57917.09504348621,49.269265050355855,LOSS,60295.52757542537,-3.9446251282301317
2021-05-18,239.0,253.20480560302735,1,1144.0705044033994,-276.41005589933593,57640.68498758687,49.510219124176594,LOSS,60295.52757542537,-4.403050598599504
2021-05-19,224.8000030517578,243.78,1,1101.7455735498447,-796.254121274374,56844.4308663125,49.5245955855698,LOSS,60295.52757542537,-5.723636309170354
2021-05-20,233.39999389648438,229.29600311279296,1,1051.1179178842388,1051.1179178842388,57895.54878419673,50.39739284069909,WIN,60295.52757542537,-3.9803595519193906
2021-05-21,224.35000610351562,238.06799377441408,1,1095.1820939851457,-276.61667310469943,57618.932111092035,50.61574174772331,LOSS,60295.52757542537,-4.439127696469864
2021-05-24,225.3000030517578,228.83700622558595,1,1058.4757874039049,704.7754700210909,58323.70758111313,50.95531564055685,LOSS,60295.52757542537,-3.2702591280018787
2021-05-25,242.41000366210938,229.80600311279298,1,1038.9238524419936,1038.9238524419936,59362.63143355512,49.544131528995194,WIN,60295.52757542537,-1.547206201493568
2021-05-26,241.52000427246094,247.25820373535157,1,1182.3779989098512,608.5580526207877,59971.18948617591,53.067013384351995,LOSS,60295.52757542537,-0.5379140083710803
2021-05-27,247.08999633789062,246.35040435791015,1,1178.2234340744492,1178.2234340744492,61149.41292025035,53.07722811751464,WIN,61149.41292025035,0.0
2021-05-28,236.5399932861328,252.03179626464845,1,1213.4206096527053,-335.7596881988584,60813.653232051496,53.50685648024733,LOSS,61149.41292025035,-0.5490808041554667
2021-06-01,238.92999267578125,241.2707931518555,1,1167.6283167637587,933.5482691563351,61747.201501207834,53.84337125559541,LOSS,61747.201501207834,0.0
2021-06-02,240.47999572753906,243.70859252929688,1,1182.4388528051663,859.5791726293846,62606.78067383722,54.01018121327577,LOSS,62606.78067383722,0.0
2021-06-03,233.66000366210938,245.28959564208984,1,1180.4033273292682,17.444129331222257,62624.224803168436,53.476238268924156,LOSS,62624.224803168436,0.0
2021-06-04,228.7899932861328,238.33320373535156,1,1147.2714989578317,192.9504540359569,62817.17525720439,53.49573145285543,LOSS,62817.17525720439,0.0
2021-06-07,231.4499969482422,233.36579315185548,1,1103.2046369806028,911.6250166192731,63728.80027382367,52.330353498834725,LOSS,63728.80027382367,0.0
2021-06-08,220.66000366210938,236.07899688720704,1,1110.1566637476624,-431.74265876210416,63297.05761506157,51.99460370347303,LOSS,63728.80027382367,-0.677468674927241
2021-06-09,224.32000732421875,225.07320373535157,1,946.8379207913348,871.5182796780529,64168.57589473962,45.306232668478856,LOSS,64168.57589473962,0.0
2021-06-10,221.85000610351562,228.80640747070314,1,951.0386909621492,255.39855424339817,64423.97444898301,44.62780655166743,LOSS,64423.97444898301,0.0
2021-06-11,223.9199981689453,226.28700622558594,1,915.5031387286148,678.8023330645519,65102.776782047564,43.13328163661183,LOSS,65102.776782047564,0.0
2021-06-14,239.10000610351562,228.39839813232422,1,896.1051680813808,896.1051680813808,65998.88195012894,41.4826316439613,WIN,65998.88195012894,0.0
2021-06-15,232.2100067138672,243.88200622558594,1,1010.2825336801058,-156.91741749176947,65841.96453263717,44.438686592347196,LOSS,65998.88195012894,-0.23775769051715742
2021-06-16,228.0500030517578,236.85420684814454,1,974.7506974435664,94.33031780489341,65936.29485044206,44.07299507499523,LOSS,65998.88195012894,-0.0948305453631308
2021-06-17,230.66000366210938,232.611003112793,1,947.5707585426907,752.4708134743296,66688.76566391639,43.5093043239453,LOSS,66688.76566391639,0.0
2021-06-18,229.2899932861328,235.27320373535156,1,922.6079565757213,324.2869116538468,67013.05257557024,41.45567452383911,LOSS,67013.05257557024,0.0
2021-06-21,222.60000610351562,233.87579315185548,1,902.0414972710224,-225.53720756296264,66787.51536800728,40.5852611909182,LOSS,67013.05257557024,-0.33655713162539425
2021-06-22,222.47000122070312,227.05200622558593,1,868.5862879295854,410.3857874413052,67197.90115544859,40.16115820676999,LOSS,67197.90115544859,0.0
2021-06-23,226.00999450683594,226.9194012451172,1,867.8795355744935,776.9388617463673,67974.84001719496,40.14929694223811,LOSS,67974.84001719496,0.0
2021-06-24,229.92999267578125,230.53019439697266,1,811.6230659516004,751.6028938324594,68726.44291102742,36.048191128614164,LOSS,68726.44291102742,0.0
2021-06-25,224.5399932861328,234.52859252929687,1,831.1125527223699,-167.74737159403617,68558.69553943338,36.35958766028504,LOSS,68726.44291102742,-0.24407981046132027
2021-06-28,246.69000244140625,229.03079315185548,1,807.8279627513255,807.8279627513255,69366.5235021847,36.135609617392205,WIN,69366.5235021847,0.0
2021-06-29,254.89999389648438,251.62380249023437,1,992.858526091376,992.858526091376,70359.38202827609,41.784546176532686,WIN,70359.38202827609,0.0
2021-06-30,253.3000030517578,259.99799377441406,1,1036.0212744791133,366.222202213489,70725.60423048958,42.30974288931057,LOSS,70725.60423048958,0.0
2021-07-01,241.44000244140625,258.36600311279295,1,1030.5152249867895,-662.0848421518808,70063.5193883377,42.36181130175274,LOSS,70725.60423048958,-0.9361317578768062
2021-07-02,240.72000122070312,246.26880249023438,1,998.4491407410278,443.56901378790246,70507.0884021256,43.248585639249,LOSS,70725.60423048958,-0.30896282999838165
2021-07-06,235.41000366210938,245.53440124511718,1,989.8774916744255,-22.56226662635504,70484.52613549925,42.941158751060975,LOSS,70725.60423048958,-0.3408639595423907
2021-07-07,251.97000122070312,240.11820373535156,1,973.3439229043748,973.3439229043748,71457.87005840363,43.23909960928968,WIN,71457.87005840363,0.0
2021-07-08,244.2899932861328,257.0094012451172,1,1061.0988870118088,-210.84190888663034,71247.02814951699,44.251574437074375,LOSS,71457.87005840363,-0.2950576454550232
2021-07-09,253.8800048828125,249.1757931518555,1,1041.4672419542485,1041.4672419542485,72288.49539147124,44.93987107536622,WIN,72288.49539147124,0.0
2021-07-12,247.6699981689453,258.9576049804688,1,1090.7695304417898,-37.99115071055621,72250.50424076068,45.3784893261699,LOSS,72288.49539147124,-0.05255490587377671
2021-07-13,243.30999755859375,252.6233981323242,1,1073.7861076177364,142.44605024469024,72392.95029100537,45.89644625133211,LOSS,72392.95029100537,0.0
2021-07-14,229.94000244140625,248.17619750976564,1,1017.4508875825442,-806.1686192533951,71586.78167175197,43.86125814364824,LOSS,72392.95029100537,-1.1136010012200876
2021-07-15,224.6300048828125,234.5388024902344,1,983.3586860885978,-7.521074653591086,71579.26059709839,45.11643020808206,LOSS,72392.95029100537,-1.1239902374970392
2021-07-16,225.00999450683594,229.12260498046876,1,962.6356696407573,551.3746222774746,72130.63521937586,45.23336810885685,LOSS,72392.95029100537,-0.362348917367024
2021-07-19,220.61000061035156,229.51019439697265,1,963.0082376590032,72.98885899689435,72203.62407837276,45.1595343439929,LOSS,72392.95029100537,-0.26152575889166185
2021-07-20,224.9600067138672,225.0222006225586,1,947.123153214989,940.9037623458491,73144.5278407186,45.33620243772819,LOSS,73144.5278407186,0.0
2021-07-21,230.8699951171875,229.45920684814453,1,961.5080342805145,961.5080342805145,74106.03587499911,45.08389572591407,WIN,74106.03587499911,0.0
2021-07-22,226.0800018310547,235.48739501953125,1,992.4086711323772,51.66935228472107,74157.70522728383,45.40709897174252,LOSS,74157.70522728383,0.0
2021-07-23,224.9199981689453,230.60160186767578,1,974.5702532596517,406.40988338660475,74564.11511067043,45.568108448157766,LOSS,74564.11511067043,0.0
2021-07-26,245.4499969482422,229.41839813232423,1,967.0915598006012,967.0915598006012,75531.20667047103,45.42235046511361,WIN,75531.20667047103,0.0
2021-07-27,235.0800018310547,250.35899688720704,1,1124.176307593579,-403.72319802165634,75127.48347244937,49.13101768307509,LOSS,75531.20667047103,-0.5345117810483704
2021-07-28,241.75,239.7816018676758,1,1008.6382784830818,1008.6382784830818,76136.12175093245,45.30201613260283,WIN,76136.12175093245,0.0
2021-07-29,235.77999877929688,246.585,1,1034.0406261732999,-46.45949589701354,76089.66225503544,45.12603068236455,LOSS,76136.12175093245,-0.06102162131267601
2021-07-30,236.5800018310547,240.49559875488282,1,1013.200177935914,621.6404855531007,76711.30274058854,45.389456798241056,LOSS,76711.30274058854,0.0
2021-08-02,235.39999389648438,241.3116018676758,1,996.598048282117,405.4372511629755,77116.73999175151,44.2688917511176,LOSS,77116.73999175151,0.0
2021-08-03,230.17999267578125,240.10799377441407,1,991.7707885393427,-1.0293213239392571,77115.71067042758,44.27695868393292,LOSS,77116.73999175151,-0.0013347573095605532
2021-08-04,244.36000061035156,234.78359252929687,1,969.827777850729,969.827777850729,78085.53844827831,44.27980543140574,WIN,78085.53844827831,0.0
2021-08-05,255.5,249.2472006225586,1,1017.2390036482774,1017.2390036482774,79102.7774519266,43.61208544979976,WIN,79102.7774519266,0.0
2021-08-06,258.260009765625,260.61,1,1074.7047480239871,839.7057245864858,79942.48317651308,44.186351783518504,LOSS,79942.48317651308,0.0
2021-08-09,280.4700012207031,263.4252099609375,1,1071.6969566620244,1071.6969566620244,81014.1801331751,43.437622042599415,WIN,81014.1801331751,0.0
2021-08-10,269.6700134277344,286.0794012451172,1,1232.4672001818876,-408.47158155639454,80605.7085516187,46.67351153607544,LOSS,81014.1801331751,-0.5041976366173576
2021-08-11,278.3999938964844,275.06341369628905,1,1200.2233445309616,1200.2233445309616,81805.93189614968,47.41986162968809,WIN,81805.93189614968,0.0
2021-08-12,256.5,283.9679937744141,1,1201.5777900039986,-1545.2215874374094,80260.71030871227,45.6379625169725,LOSS,81805.93189614968,-1.8888869689780245
2021-08-13,261.25,261.63,1,1173.1038604366415,1135.103860436642,81395.81416914891,49.044262264893625,LOSS,81805.93189614968,-0.5013300594404254
2021-08-16,256.8299865722656,266.475,1,1195.5284848096705,231.02714203623077,81626.84131118514,49.07973198218172,LOSS,81805.93189614968,-0.21892126990483468
2021-08-17,250.8000030517578,261.9665863037109,1,1173.9727636434602,57.31443844814885,81684.15574963328,49.01128222003184,LOSS,81805.93189614968,-0.14885979988710898
2021-08-18,244.38999938964844,255.81600311279297,1,1153.7865527411736,11.186180426720512,81695.34193006,49.40038655958815,LOSS,81805.93189614968,-0.13518575429231622
2021-08-19,248.24000549316406,249.2777993774414,1,1128.60255802395,1024.8231695962165,82720.16509965622,49.63340110474968,LOSS,82720.16509965622,0.0
2021-08-20,257.32000732421875,253.20480560302735,1,1141.675994738352,1141.675994738352,83861.84109439458,49.382615254021395,WIN,83861.84109439458,0.0
2021-08-23,256.0,262.46640747070313,1,1190.5293287073364,543.8885816370232,84405.7296760316,49.74729884786478,LOSS,84405.7296760316,0.0
2021-08-24,259.2799987792969,261.12,1,1113.3085968210044,929.3084747506914,85335.03815078229,46.07251969518711,LOSS,85335.03815078229,0.0
2021-08-25,256.7699890136719,264.4655987548828,1,1105.3730686937006,335.81209457260616,85670.8502453549,44.93986153222544,LOSS,85670.8502453549,0.0
2021-08-26,248.5399932861328,261.9053887939453,1,1090.8036026231612,-245.73594815808679,85425.11429719681,44.740547122953785,LOSS,85670.8502453549,-0.28683729349519005
2021-08-27,259.1199951171875,253.51079315185547,1,1060.7312596088886,1060.7312596088886,86485.8455568057,45.00082753086396,WIN,86485.8455568057,0.0
2021-08-30,262.6600036621094,264.3023950195313,1,1121.5263315877503,957.2871958455603,87443.13275265126,45.79935278366277,LOSS,87443.13275265126,0.0
2021-08-31,259.0,267.91320373535154,1,1136.289253633782,244.96888009862755,87688.1016327499,45.771199686023316,LOSS,87688.1016327499,0.0
2021-09-01,265.8999938964844,264.18,1,1116.1872281841124,1116.1872281841124,88804.288860934,45.55317844073758,WIN,88804.288860934,0.0
2021-09-02,268.17999267578125,271.2179937744141,1,1115.9192195710255,812.1191097077422,89616.40797064174,44.06044112013917,LOSS,89616.40797064174,0.0
2021-09-03,278.44000244140625,273.54359252929686,1,1105.3329524294377,1105.3329524294377,90721.74092307118,43.066243096414034,WIN,90721.74092307118,0.0
2021-09-07,266.80999755859375,284.00880249023436,1,1161.671881768483,-558.2086113955779,90163.5323116756,43.733818545490884,LOSS,90721.74092307118,-0.6152975083105107
2021-09-08,258.20001220703125,272.1461975097656,1,1047.191985416047,-347.42654485738944,89816.10576681822,40.46350922177983,LOSS,90721.74092307118,-0.9982559274528322
2021-09-09,256.4200134277344,263.3640124511719,1,1008.0527454885167,313.652843144764,90129.75860996298,40.189596628062844,LOSS,90721.74092307118,-0.6525253010854078
2021-09-10,248.32000732421875,261.54841369628906,1,985.4151481005943,-337.42548910643677,89792.33312085655,39.38023908307707,LOSS,90721.74092307118,-1.0244598403405116
2021-09-13,242.83999633789062,253.28640747070312,1,885.8975537004792,-158.7435595807708,89633.58956127577,35.73692441028433,LOSS,90721.74092307118,-1.1994383603353886
2021-09-14,243.0,247.69679626464844,1,865.7091931201913,396.02956665534725,90029.61912793112,35.70216542746961,LOSS,90721.74092307118,-0.7629062097992101
2021-09-15,247.07000732421875,247.86,1,863.5575899207156,784.5583223425892,90814.17745027371,35.553981245578534,LOSS,90814.17745027371,0.0
2021-09-16,243.2100067138672,252.01140747070312,1,875.6815220848349,-4.458553598758272,90809.71889667495,35.42870266727147,LOSS,90814.17745027371,-0.004909534748798957
2021-09-17,245.19000244140625,248.07420684814454,1,855.9017825708164,567.4813418969873,91377.20023857194,35.09697068663074,LOSS,91377.20023857194,0.0
2021-09-20,236.52999877929688,250.09380249023437,1,860.0480552948335,-496.3323157989156,90880.86792277302,34.94473101059708,LOSS,91377.20023857194,-0.5431686618796304
2021-09-21,238.4600067138672,241.2605987548828,1,823.7565171976747,543.6973130961128,91424.56523586913,34.61391327547123,LOSS,91424.56523586913,0.0
2021-09-22,241.85000610351562,243.22920684814454,1,832.5358188627588,694.615744399867,92119.180980269,34.72806669828648,LOSS,92119.180980269,0.0
2021-09-23,237.5,246.68700622558595,1,845.0921391528968,-73.60848340569783,92045.5724968633,34.7674936850362,LOSS,92119.180980269,-0.07990570760877982
2021-09-24,231.82000732421875,242.25,1,832.4955765411003,-210.50369103702474,91835.06880582627,34.912513480703325,LOSS,92119.180980269,-0.3084180421703661
2021-09-27,232.24000549316406,236.45640747070314,1,806.6971417940026,385.0569440400948,92220.12574986638,34.57647776807319,LOSS,92220.12574986638,0.0
2021-09-28,229.83999633789062,236.88480560302736,1,774.522946420291,70.0420199066175,92290.16776977299,32.660534005948044,LOSS,92290.16776977299,0.0
2021-09-29,225.27999877929688,234.43679626464845,1,760.6001589326863,-155.07958960247117,92135.08818017053,32.3198733267802,LOSS,92290.16776977299,-0.16803478999986887
2021-09-30,227.47999572753906,229.7855987548828,1,747.4892399107093,516.9289371763343,92652.01711734686,32.43610033077472,LOSS,92652.01711734686,0.0
2021-10-01,231.14999389648438,232.02959564208984,1,740.4601308251159,652.4999562645689,93304.51707361142,31.60283062762418,LOSS,93304.51707361142,0.0
2021-10-04,229.30999755859375,235.77299377441406,1,757.5641303754467,111.26450879341553,93415.78158240484,31.898021046407543,LOSS,93415.78158240484,0.0
2021-10-05,240.08999633789062,233.89619750976564,1,711.9286091446605,711.9286091446605,94127.7101915495,29.613222380238525,WIN,94127.7101915495,0.0
2021-10-06,250.3800048828125,244.89179626464843,1,779.4044985775771,779.4044985775771,94907.11469012708,31.48701821957983,WIN,94907.11469012708,0.0
2021-10-07,251.58999633789062,255.38760498046875,1,836.168220828711,456.4073565708984,95363.52204669798,32.72119771659341,LOSS,95363.52204669798,0.0
2021-10-08,248.13999938964844,256.6217962646484,1,840.1996987705166,-7.979988729481988,95355.5420579685,32.720703172498574,LOSS,95363.52204669798,-0.008367967707371065
2021-10-11,256.5,253.1027993774414,1,814.3250405016147,814.3250405016147,96169.86709847012,31.955510763765965,WIN,96169.86709847012,0.0
2021-10-12,249.3300018310547,261.63,1,850.6021929797602,-379.39762391477063,95790.46947455534,32.41152913634469,LOSS,96169.86709847012,-0.39450779684066933
2021-10-13,246.77999877929688,254.3166018676758,1,842.765370040773,89.10506120288187,95879.57453575822,33.257273844998515,LOSS,96169.86709847012,-0.301853970968537
2021-10-14,260.0,251.71559875488282,1,831.9463836987243,831.9463836987243,96711.52091945695,33.13935953491392,WIN,96711.52091945695,0.0
2021-10-15,280.6099853515625,265.2,1,916.6539169422311,916.6539169422311,97628.17483639918,35.18168501516955,WIN,97628.17483639918,0.0
2021-10-18,293.3399963378906,286.22218505859377,1,1075.526788923949,1075.526788923949,98703.70162532313,39.24589304782596,WIN,98703.70162532313,0.0
2021-10-19,305.6300048828125,299.20679626464846,1,1113.9479414771672,1113.9479414771672,99817.64956680029,38.77820761299648,WIN,99817.64956680029,0.0
2021-10-20,314.7099914550781,311.74260498046874,1,1174.5153486909708,1174.5153486909708,100992.16491549126,39.37969976143646,WIN,100992.16491549126,0.0
2021-10-21,300.010009765625,321.0041912841797,1,1213.7294957507531,-885.6886561047152,100106.47625938655,39.56130567253044,LOSS,100992.16491549126,-0.8769874938772182
2021-10-22,300.8399963378906,306.0102099609375,1,1195.5664263972767,678.5450640925876,100785.02132347913,41.26025191620341,LOSS,100992.16491549126,-0.20510857667568969
2021-10-25,325.5400085449219,306.85679626464844,1,1180.5852365054707,1180.5852365054707,101965.6065599846,40.45604518164359,WIN,101965.6065599846,0.0
2021-10-26,319.489990234375,332.0508087158203,1,1342.0187148785192,85.93686673398679,102051.54342671859,43.077224266697,LOSS,102051.54342671859,0.0
2021-10-27,311.6700134277344,325.8797900390625,1,1324.5350854062224,-96.44257572659285,101955.10085099199,43.385996011404615,LOSS,102051.54342671859,-0.09450378944621607
2021-10-28,319.1300048828125,317.9034136962891,1,1297.1038367966244,1297.1038367966244,103252.20468778862,43.597738099578336,WIN,103252.20468778862,0.0
2021-10-29,319.4200134277344,325.5126049804688,1,1327.9639907319759,718.7048354585354,103970.90952324716,43.58999755535773,LOSS,103970.90952324716,0.0
2021-11-01,330.989990234375,325.80841369628905,1,1332.9015500981473,1332.9015500981473,105303.8110733453,43.744507355270244,WIN,105303.8110733453,0.0
2021-11-02,336.3399963378906,337.6097900390625,1,1376.2060348745379,1249.2266647573515,106553.03773810266,43.545644514846636,LOSS,106553.03773810266,0.0
2021-11-03,344.3800048828125,343.0667962646484,1,1386.2920470197057,1386.2920470197057,107939.32978512236,43.067432492851594,WIN,107939.32978512236,0.0
2021-11-04,344.45001220703125,351.2676049804688,1,1409.8814574733872,728.1221801296347,108667.451965252,42.700621241916096,LOSS,108667.451965252,0.0
2021-11-05,337.04998779296875,351.33901245117187,1,1412.1852461683836,-16.71721965192819,108650.73474560007,42.778091971440446,LOSS,108667.451965252,-0.015383833291011251
2021-11-08,353.9200134277344,343.7909875488281,1,1389.7913875161557,1389.7913875161557,110040.52613311623,43.08992078342902,WIN,110040.52613311623,0.0
2021-11-09,357.3900146484375,360.99841369628905,1,1472.3895369524425,1111.5496321672877,111152.07576528352,43.57718964691851,LOSS,111152.07576528352,0.0
2021-11-10,328.6000061035156,364.5378149414063,1,1454.364008352402,-2139.4168754366638,109012.65888984685,42.37562889317665,LOSS,111152.07576528352,-1.9247655616926231
2021-11-11,336.3900146484375,335.17200622558596,1,1458.350940221307,1458.350940221307,110471.00983006816,47.25267922677162,WIN,111152.07576528352,-0.6127334379733458
2021-11-12,342.9800109863281,343.11781494140627,1,1473.8225149468144,1460.0421194390003,111931.05194950716,46.50151779686017,LOSS,111931.05194950716,0.0
2021-11-15,345.3599853515625,349.8396112060547,1,1439.6580206758385,991.6954352266173,112922.74738473378,44.0701703355999,LOSS,112922.74738473378,0.0
2021-11-16,342.1199951171875,352.2671850585938,1,1430.659700240446,415.9407060998178,113338.6880908336,43.342839248433506,LOSS,113338.6880908336,0.0
2021-11-17,346.5199890136719,348.96239501953124,1,1403.5587087642991,1159.3181081783623,114498.00619901196,42.81390257491324,LOSS,114498.00619901196,0.0
2021-11-18,323.57000732421875,353.4503887939453,1,1413.4272272413796,-1574.6109197312762,112923.39527928068,42.501523281634576,LOSS,114498.00619901196,-1.3752299904632437
2021-11-19,332.54998779296875,330.0414074707031,1,1354.2679284920428,1354.2679284920428,114277.66320777273,43.91004361951652,WIN,114498.00619901196,-0.192442644683478
2021-11-22,315.4800109863281,339.20098754882815,1,1399.173029167042,-972.9246270829608,113304.73858068977,44.20124515443527,LOSS,114498.00619901196,-1.0421732726490822
2021-11-23,317.20001220703125,321.7896112060547,1,1278.4822104192792,819.5223105169341,114124.2608912067,42.15200043371854,LOSS,114498.00619901196,-0.32642079998812173
2021-11-24,312.3800048828125,323.54401245117185,1,1281.0972154054139,164.69645856947864,114288.95734977617,41.97036373079362,LOSS,114498.00619901196,-0.1825785934406843
2021-11-26,303.19000244140625,318.62760498046873,1,1256.1452560064442,-287.61499789980394,114001.34235187637,41.7380804935829,LOSS,114498.00619901196,-0.43377510545670056
2021-11-29,319.3900146484375,309.25380249023436,1,1222.3273167717157,1222.3273167717157,115223.66966864809,41.87495291490886,WIN,115223.66966864809,0.0
2021-11-30,315.0,325.77781494140623,1,1329.8525216186679,252.07102747804447,115475.74069612613,43.62340506502129,LOSS,115475.74069612613,0.0
2021-12-01,294.5,321.3,1,1295.0217952401647,-1384.9782047598362,114090.76249136629,42.928290264177626,LOSS,115475.74069612613,-1.199367240608922
2021-12-02,284.7099914550781,300.39,1,1253.411662345133,-314.58919214705315,113776.17329921924,44.844958009104296,LOSS,115475.74069612613,-1.471796055744117
2021-12-03,265.6499938964844,290.4041912841797,1,1208.0506606593185,-1267.3690781102155,112508.80422110902,44.67331677236734,LOSS,115475.74069612613,-2.5693158209087286
2021-12-06,263.239990234375,270.9629937744141,1,1160.7357044013784,388.4353503974696,112897.23957150649,46.34444590080625,LOSS,115475.74069612613,-2.2329375062463996
2021-12-07,286.4200134277344,268.5047900390625,1,1149.306722224627,1149.306722224627,114046.54629373112,46.29928448750393,WIN,115475.74069612613,-1.2376577052282556
2021-12-08,287.4800109863281,292.1484136962891,1,1316.6971008154483,849.8568298193525,114896.40312355048,49.356203065587025,LOSS,115475.74069612613,-0.5016963468545075
2021-12-09,263.9100036621094,293.2296112060547,1,1319.4502238142402,-1612.510530580292,113283.8925929702,49.25865890360609,LOSS,115475.74069612613,-1.8981026577034679
2021-12-10,255.75999450683594,269.1882037353516,1,1213.2394266989554,-129.58149615260868,113154.31109681759,49.35734345564331,LOSS,115475.74069612613,-2.0103179986672446
2021-12-13,251.3699951171875,260.8751943969727,1,1167.7960971124883,217.27616913396946,113371.58726595156,48.94478047223279,LOSS,115475.74069612613,-1.8221605832446146
2021-12-14,255.86000061035156,256.39739501953125,1,1137.5270918585773,1083.787650940609,114455.37491689216,48.40670801990818,LOSS,115475.74069612613,-0.883619168045913
2021-12-15,258.29998779296875,260.9772006225586,1,1163.4207982090675,895.6995152500826,115351.07443214225,48.694954935133445,LOSS,115475.74069612613,-0.10795883467154774
2021-12-16,247.1699981689453,263.46598754882814,1,1179.4524891671313,-450.14644882115135,114900.9279833211,48.94779306485197,LOSS,115475.74069612613,-0.49777789632685054
2021-12-17,243.35000610351562,252.11339813232422,1,1129.2770298224495,252.93782694158995,115153.8658102627,48.982390687177976,LOSS,115475.74069612613,-0.2787381002477807
2021-12-20,238.0500030517578,248.21700622558595,1,1087.4413424956329,70.74102511281933,115224.60683537551,47.656916424026114,LOSS,115475.74069612613,-0.21747759246808054
2021-12-21,247.69000244140625,242.81100311279297,1,1047.639461451147,1047.639461451147,116272.24629682666,46.76121075248123,WIN,116272.24629682666,0.0
2021-12-22,254.5500030517578,252.64380249023438,1,1104.4373067799668,1104.4373067799668,117376.68360360662,47.528849350491136,WIN,117376.68360360662,0.0
2021-12-23,268.1499938964844,259.641003112793,1,1146.8014250824106,1146.8014250824106,118523.48502868903,48.14082390696529,WIN,118523.48502868903,0.0
2021-12-27,280.2699890136719,273.51299377441404,1,1245.331353628326,1245.331353628326,119768.81638231735,49.97894291336424,WIN,119768.81638231735,0.0
2021-12-28,261.3299865722656,285.8753887939453,1,1320.422380945698,-1134.1178412222716,118634.69854109509,50.86648486431548,LOSS,119768.81638231735,-0.9469224757152281
2021-12-29,252.60000610351562,266.55658630371096,1,1233.6088621689669,-162.04915785056642,118472.64938324453,50.98886564661721,LOSS,119768.81638231735,-1.0822241032551372
2021-12-30,256.7900085449219,257.6520062255859,1,1197.2525181159322,1111.0527500495275,119583.70213329405,51.243047913539435,LOSS,119768.81638231735,-0.15455963798823474
2021-12-31,252.3699951171875,261.9258087158203,1,1193.0570936598929,237.47573379661048,119821.17786709066,50.00384178419178,LOSS,119821.17786709066,0.0
2022-01-03,251.0500030517578,257.4173950195312,1,1166.7823664287268,530.0431696513854,120351.22103674205,49.70300587800023,LOSS,120351.22103674205,0.0
2022-01-04,250.14999389648438,256.071003112793,1,1123.2107255784636,531.1098039476017,120882.33084068965,47.72862936449189,LOSS,120882.33084068965,0.0
2022-01-05,234.22999572753906,255.15299377441406,1,1118.7159791929769,-973.5838254945227,119908.74701519513,47.70387687290839,LOSS,120882.33084068965,-0.8053979590926392
2022-01-06,234.0,238.91459564208984,1,997.0036924611321,505.54412825214854,120414.29114344728,44.850899018039115,LOSS,120882.33084068965,-0.3871861950272985
2022-01-07,232.3300018310547,238.68,1,995.0299062054465,360.0300893109146,120774.32123275819,44.79465951524159,LOSS,120882.33084068965,-0.08935103019631008
2022-01-10,225.00999450683594,236.97660186767578,1,930.8718145926453,-265.7889214913391,120508.53231126684,41.54587225674413,LOSS,120882.33084068965,-0.3092251173709088
2022-01-11,237.22999572753906,229.51019439697265,1,901.8796258830087,901.8796258830087,121410.41193714985,41.56566943358373,WIN,121410.41193714985,0.0
2022-01-12,234.6999969482422,241.97459564208984,1,985.787628679112,258.32775929434695,121668.7396964442,43.51337922972449,LOSS,121668.7396964442,0.0
2022-01-13,228.22999572753906,239.39399688720704,1,971.3830419820713,-145.01707398472627,121523.72262245948,43.29404185926613,LOSS,121668.7396964442,-0.11919008477159534
2022-01-14,230.02999877929688,232.79459564208986,1,947.8847330641358,671.4250467848374,122195.14766924431,43.48415367701933,LOSS,122195.14766924431,0.0
2022-01-18,222.0,234.6305987548828,1,941.4204331433843,-321.6394423448969,121873.50822689942,42.682476422673126,LOSS,122195.14766924431,-0.26321785151035837
2022-01-19,219.5,226.44,1,916.9616568657625,222.96165686576273,122096.46988376518,43.183309093150285,LOSS,122195.14766924431,-0.08075425854570613
2022-01-20,221.6199951171875,223.89000000000001,1,903.9992007118148,676.9987124305633,122773.46859619574,43.02442471360517,LOSS,122773.46859619574,0.0
2022-01-21,191.97000122070312,226.05239501953125,1,894.4641982810207,-2513.7751816017912,120259.69341459396,41.934100404438404,LOSS,122773.46859619574,-2.047490561555802
2022-01-24,191.47999572753906,195.8094012451172,1,885.9595645888504,453.019012831038,120712.712427425,49.59443939901454,LOSS,122773.46859619574,-1.67850284946222
2022-01-25,185.6300048828125,195.30959564208985,1,851.6812211321268,-116.27785479560782,120596.43457262938,47.382489962723064,LOSS,122773.46859619574,-1.7732121185943412
2022-01-26,178.63999938964844,189.34260498046876,1,797.4834868977055,-272.77707218432715,120323.65750044506,45.374435537525514,LOSS,122773.46859619574,-1.9953912875168185
2022-01-27,170.1999969482422,182.2127993774414,1,752.3056104225232,-448.97463249739803,119874.68286794766,44.252673910659496,LOSS,122773.46859619574,-2.361084818563076
2022-01-28,177.5800018310547,173.60399688720705,1,721.1407290254872,721.1407290254872,120595.82359697315,44.5929881670205,WIN,122773.46859619574,-1.7737097632917032
2022-01-31,190.14999389648438,181.13160186767578,1,771.3510096029112,771.3510096029112,121367.17460657605,46.003995052009365,WIN,122773.46859619574,-1.1454380215036677
2022-02-01,197.72999572753906,193.95299377441407,1,879.6647689085673,879.6647689085673,122246.83937548462,49.74086423203675,WIN,122773.46859619574,-0.4289438318658398
2022-02-02,187.3699951171875,201.68459564208985,1,933.2515080596551,-498.20854443057954,121748.63083105403,50.97993832196808,LOSS,122773.46859619574,-0.8347387891372697
2022-02-03,181.30999755859375,191.11739501953124,1,894.3918810186663,-86.34786507508318,121662.28296597896,51.68862964104376,LOSS,122773.46859619574,-0.9050698354637985
2022-02-04,194.44000244140625,184.93619750976563,1,851.5181047981704,851.5181047981704,122513.80107077713,50.67102840667785,WIN,122773.46859619574,-0.21150133525400625
2022-02-07,205.74000549316406,198.32880249023438,1,957.0911790530204,957.0911790530204,123470.89224983015,53.658337794338486,WIN,123470.89224983015,0.0
2022-02-08,208.72999572753906,209.85480560302736,1,1039.8861087699813,927.4051212211517,124398.2973710513,55.40551698019959,LOSS,124398.2973710513,0.0
2022-02-09,214.5,212.90459564208984,1,1052.1092232027552,1052.1092232027552,125450.40659425406,55.222394273278226,WIN,125450.40659425406,0.0
2022-02-10,204.77000427246094,218.79,1,1065.2647606619034,-336.7348120920019,125113.67178216206,54.24005418893779,LOSS,125450.40659425406,-0.26842066218335414
2022-02-11,194.52999877929688,208.86540435791017,1,1027.4321270683527,-406.1084307929764,124707.56335136908,54.917684440359736,LOSS,125450.40659425406,-0.5921409607603467
2022-02-14,195.25,198.4205987548828,1,984.9374430326716,667.8775675443912,125375.44091891347,55.521861473548945,LOSS,125450.40659425406,-0.059757219905272635
2022-02-15,208.9499969482422,199.155,1,987.9462169847562,987.9462169847562,126363.38713589823,55.47872245526244,WIN,126363.38713589823,0.0
2022-02-16,207.9600067138672,213.12899688720702,1,1086.3795797549792,569.4805624209956,126932.86769831923,57.32186567447345,LOSS,126932.86769831923,0.0
2022-02-17,191.9199981689453,212.11920684814453,1,1080.7085920793713,-939.2122758405503,125993.65542247868,57.28854579641274,LOSS,126932.86769831923,-0.7399283517904656
2022-02-18,189.16000366210938,195.75839813232423,1,1026.5209690268805,366.68152200539487,126360.33694448408,59.299031948492804,LOSS,126932.86769831923,-0.45105004260667875
2022-02-22,176.75999450683594,192.94320373535157,1,912.7599305780313,-705.5609922735323,125654.77595221055,52.37563703370947,LOSS,126932.86769831923,-1.0069037037328377
2022-02-23,172.74000549316406,180.29519439697265,1,876.8402052962851,121.32131491542668,125776.09726712598,54.16539916736605,LOSS,126932.86769831923,-0.9113245861131394
2022-02-24,179.55999755859375,176.19480560302733,1,854.8221943238594,854.8221943238594,126630.91946144984,54.00638840141481,WIN,126932.86769831923,-0.237880260916365
2022-02-25,176.8300018310547,183.15119750976564,1,889.845272006988,257.725704135893,126888.64516558574,54.1002204343453,LOSS,126932.86769831923,-0.0348393080022367
2022-02-28,190.77000427246094,180.3666018676758,1,864.0278507943763,864.0278507943763,127752.67301638011,53.180919150967966,WIN,127752.67301638011,0.0
2022-03-01,196.1699981689453,194.58540435791016,1,956.9910509578914,956.9910509578914,128709.664067338,54.90408124495129,WIN,128709.664067338,0.0
2022-03-02,194.5,200.0933981323242,1,959.5880207482555,400.24820751583445,129109.91227485384,53.25246516518822,LOSS,129109.91227485384,0.0
2022-03-03,178.02999877929688,198.39000000000001,1,942.5797803606947,-1093.4203417096192,128016.49193314422,52.65127068555662,LOSS,129109.91227485384,-0.8468910887197425
2022-03-04,165.75,181.59059875488282,1,888.1353099952864,-695.9245654929955,127320.56736765122,54.5365658910566,LOSS,129109.91227485384,-1.3859082356073409
2022-03-07,161.13999938964844,169.065,1,845.1578426561259,52.6577816209699,127373.2251492722,55.99580424271658,LOSS,129109.91227485384,-1.3451230002267485
2022-03-08,161.99000549316406,164.3627993774414,1,793.177811274539,555.8984228468047,127929.123572119,53.65826329607053,LOSS,129109.91227485384,-0.9145608434936644
2022-03-09,178.97000122070312,165.22980560302736,1,773.8968887967995,773.8968887967995,128703.0204609158,51.74202509325093,WIN,129109.91227485384,-0.31515149129048614
2022-03-10,172.97000122070312,182.5494012451172,1,925.312913290431,-32.627089150976076,128670.39337176482,56.93796760637471,LOSS,129109.91227485384,-0.34042227691500104
2022-03-11,160.07000732421875,176.4294012451172,1,891.1640220080866,-744.7753700817576,127925.61800168306,56.69876725478657,LOSS,129109.91227485384,-0.9172760265297099
2022-03-14,153.19000244140625,163.27140747070314,1,838.5231582682018,-169.6173446614871,127756.00065702158,57.84103264541616,LOSS,129109.91227485384,-1.0486504048968777
2022-03-15,155.97999572753906,156.25380249023436,1,800.2223818598779,772.8417055903478,128528.84236261192,57.64586773037242,LOSS,129109.91227485384,-0.4500583278260733
2022-03-16,172.52999877929688,159.09959564208984,1,817.5965661626691,817.5965661626691,129346.43892877459,57.88333975824777,WIN,129346.43892877459,0.0
2022-03-17,177.22000122070312,175.9805987548828,1,938.4662459061454,938.4662459061454,130284.90517468074,60.49948909371501,WIN,130284.90517468074,0.0
2022-03-18,185.94000244140625,180.7644012451172,1,969.6890849823019,969.6890849823019,131254.59425966305,60.92585643695663,WIN,131254.59425966305,0.0
2022-03-21,176.80999755859375,189.65880249023436,1,1003.4981809978906,-281.382312166171,130973.21194749688,59.936662246073105,LOSS,131254.59425966305,-0.21437901945703078
2022-03-22,186.0800018310547,180.34619750976563,1,964.6792032796844,964.6792032796844,131937.89115077656,60.718871202355146,WIN,131937.89115077656,0.0
2022-03-23,183.11000061035156,189.80160186767577,1,1005.9220812153083,336.7619554828874,132274.65310625944,60.055267387405024,LOSS,132274.65310625944,0.0
2022-03-24,190.19000244140625,186.7722006225586,1,988.2336058308574,988.2336058308574,133262.8867120903,59.93728645109009,WIN,133262.8867120903,0.0
2022-03-25,186.7100067138672,193.99380249023437,1,1026.1437921296438,297.76421449292525,133560.6509265832,59.916408980874365,LOSS,133560.6509265832,0.0
2022-03-28,201.41000366210938,190.44420684814455,1,1008.046370212303,1008.046370212303,134568.69729679552,59.96447579459614,WIN,134568.69729679552,0.0
2022-03-29,204.52999877929688,205.43820373535158,1,1087.3269585155367,996.5064629100664,135565.2037597056,59.95891789430406,LOSS,135565.2037597056,0.0
2022-03-30,196.6999969482422,208.62059875488282,1,1101.536037488941,-90.52414317512239,135474.67961653045,59.78852494649267,LOSS,135565.2037597056,-0.0667753528667962
2022-03-31,189.86000061035156,200.63399688720705,1,1067.9096160804966,-9.490011605051905,135465.1896049254,60.36310993661598,LOSS,135565.2037597056,-0.07377568284961182
2022-04-01,186.9600067138672,193.6572006225586,1,996.8727681303117,327.1533772611699,135792.34298218656,58.00096747416759,LOSS,135792.34298218656,0.0
2022-04-04,191.64999389648438,190.69920684814454,1,952.8368694718018,952.8368694718018,136745.17985165835,55.96250470348247,WIN,136745.17985165835,0.0
2022-04-05,177.1699981689453,195.48299377441407,1,970.5265236399167,-860.773036906959,135884.4068147514,55.53366622980828,LOSS,136745.17985165835,-0.6294723059640792
2022-04-06,166.83999633789062,180.71339813232422,1,934.0615696105725,-453.2786098327864,135431.1282049186,58.286084788351964,LOSS,136745.17985165835,-0.9609491524053916
2022-04-07,166.19000244140625,170.17679626464843,1,844.6688838622597,445.9895015380416,135877.11770645666,55.51634975039347,LOSS,136745.17985165835,-0.6348027375761032
2022-04-08,160.94000244140625,169.51380249023438,1,836.1191290600409,-21.26087582277239,135855.8568306339,55.09773237401341,LOSS,136745.17985165835,-0.6503505439747173
2022-04-11,153.8699951171875,164.15880249023436,1,786.0531389633909,-242.8275983412957,135613.02923229258,53.15355596573217,LOSS,136745.17985165835,-0.8279272590038864
2022-04-12,149.85000610351562,156.94739501953126,1,751.9513267469872,42.212435145424024,135655.241667438,53.19044528703947,LOSS,136745.17985165835,-0.7970578454046516
2022-04-13,154.7899932861328,152.84700622558594,1,734.1140684101945,734.1140684101945,136389.3557358482,53.35006713147673,WIN,136745.17985165835,-0.26020962215718196
2022-04-14,147.2899932861328,157.88579315185547,1,701.2047136725473,-358.3752728997181,136030.98046294847,48.46927062835231,LOSS,136745.17985165835,-0.5222848728449848
2022-04-18,145.16000366210938,150.23579315185546,1,670.6980211152043,163.11907214059568,136194.09953508907,48.7808007457051,LOSS,136745.17985165835,-0.4029979829395754
2022-04-19,151.27000427246094,148.06320373535158,1,641.7718605306723,641.7718605306723,136835.87139561973,47.02859527206552,WIN,136835.87139561973,0.0
2022-04-20,147.1300048828125,154.29540435791017,1,674.9374013831249,-41.60254612664232,136794.2688494931,47.566631272254064,LOSS,136835.87139561973,-0.030403245656512607
2022-04-21,137.32000732421875,150.07260498046875,1,636.4889811798074,-638.770784445193,136155.4980650479,45.770499549855316,LOSS,136835.87139561973,-0.4972185463011666
2022-04-22,131.52000427246094,140.06640747070313,1,610.1464702801486,-244.49384954407026,135911.00421550384,47.3210966178589,LOSS,136835.87139561973,-0.6758952683115654
2022-04-25,135.13999938964844,134.15040435791016,1,572.8353312045891,572.8353312045891,136483.83954670842,46.16033129798629,WIN,136835.87139561973,-0.2572657632248479
2022-04-26,127.1500015258789,137.8427993774414,1,598.9012315660319,-470.37855359021694,136013.4609931182,47.168494206600094,LOSS,136835.87139561973,-0.6010195967720874
2022-04-27,122.55000305175781,129.6930015563965,1,521.7462630458664,-192.55358741800194,135820.9074057002,42.82525696135024,LOSS,136835.87139561973,-0.7417382441955256
2022-04-28,122.69000244140625,125.00100311279297,1,495.2912501968555,264.1911830581833,136085.0985887584,42.00709080346854,LOSS,136835.87139561973,-0.5486666611642264
2022-04-29,112.70999908447266,125.14380249023438,1,498.16833085936094,-745.2120097168114,135339.8865790416,42.256297643065295,LOSS,136835.87139561973,-1.0932694777474978
2022-05-02,121.33999633789062,114.96419906616211,1,473.5769192648144,473.5769192648144,135813.4634983064,44.1261425193995,WIN,136835.87139561973,-0.7471782704970281
2022-05-03,123.55999755859375,123.76679626464843,1,556.9336232568174,536.253752651349,136349.71725095776,49.2606304685108,LOSS,136835.87139561973,-0.3552826752982033
2022-05-04,130.14999389648438,126.03119750976563,1,564.5129295491433,564.5129295491433,136914.23018050691,48.9811746919858,WIN,136914.23018050691,0.0
2022-05-05,114.25,132.75299377441405,1,602.5696399510647,-1247.7297374903405,135666.5004430166,49.7891057780283,LOSS,136914.23018050691,-0.9113221729000183
2022-05-06,103.73999786376953,116.535,1,565.7365018399958,-713.7637117830507,134952.73673123354,54.04787382415781,LOSS,136914.23018050691,-1.4326439601547276
2022-05-09,83.51000213623047,105.81479782104492,1,529.7902812354771,-1700.6892872459682,133252.04744398757,56.100485734155185,LOSS,136914.23018050691,-2.67480066293412
2022-05-10,72.98999786376953,85.18020217895508,1,491.03986787046756,-727.9805636480878,132524.0668803395,66.32774260542548,LOSS,136914.23018050691,-3.206506215153424
2022-05-11,53.720001220703125,74.44979782104492,1,444.2072997510854,-1628.7723602830947,130895.2945200564,69.05091818801196,LOSS,136914.23018050691,-4.396135925765486
2022-05-12,58.5,54.794401245117186,1,382.13268101545157,382.13268101545157,131277.42720107184,80.0,WIN,136914.23018050691,-4.117032226674718
2022-05-13,67.87000274658203,59.67,1,428.70773116103214,428.70773116103214,131706.13493223288,80.0,WIN,136914.23018050691,-3.803910843604582
2022-05-16,61.70000076293945,69.22740280151368,1,541.9535163007004,-210.78668755672197,131495.34824467616,80.0,LOSS,136914.23018050691,-3.9578661244244153
2022-05-17,70.0,62.93400077819825,1,495.34123734127496,495.34123734127496,131990.68948201745,80.0,WIN,136914.23018050691,-3.5960766766159358
2022-05-18,63.029998779296875,71.4,1,586.2386416686452,-250.76148040166788,131739.92800161577,80.0,LOSS,136914.23018050691,-3.7792289173078455
2022-05-19,67.41999816894531,64.29059875488281,1,531.8423960433179,531.8423960433179,132271.7703976591,80.0,WIN,136914.23018050691,-3.390779597363417
2022-05-20,66.1500015258789,68.76839813232422,1,577.936394701504,316.0967340569724,132587.86713171608,80.0,LOSS,136914.23018050691,-3.159907515155281
2022-05-23,66.0999984741211,67.47300155639648,1,566.9512978233965,429.65098959585765,133017.51812131194,80.0,LOSS,136914.23018050691,-2.846097190962237
2022-05-24,61.36000061035156,67.42199844360351,1,564.2616506139813,-41.938132711213825,132975.57998860072,80.0,LOSS,136914.23018050691,-2.8767281433883873
2022-05-25,67.16999816894531,62.5872006225586,1,524.6024998504146,524.6024998504146,133500.18248845113,80.0,WIN,136914.23018050691,-2.4935667297363646
2022-05-26,69.87000274658203,68.51339813232423,1,588.2365448686254,588.2365448686254,134088.41903331975,80.0,WIN,136914.23018050691,-2.0639280105958555
2022-05-27,75.31999969482422,71.26740280151367,1,615.1556359242263,615.1556359242263,134703.57466924397,80.0,WIN,136914.23018050691,-1.6146280107980213
2022-05-31,78.0999984741211,76.8263996887207,1,668.3393117141753,668.3393117141753,135371.91398095814,80.0,WIN,136914.23018050691,-1.126483490806905
2022-06-01,68.62999725341797,79.66199844360352,1,686.9054422393338,-416.2946767792216,134955.61930417892,80.0,LOSS,136914.23018050691,-1.4305385742196195
2022-06-02,73.81999969482422,70.00259719848633,1,612.2622980846421,612.2622980846421,135567.88160226357,80.0,WIN,136914.23018050691,-0.9833518228662746
2022-06-03,66.69000244140625,75.2963996887207,1,662.4317660082204,-198.20795872322435,135369.67364354036,80.0,LOSS,136914.23018050691,-1.128119798015314
2022-06-06,70.66999816894531,68.02380249023437,1,594.3135625372838,594.3135625372838,135963.98720607764,80.0,WIN,136914.23018050691,-0.6940425207638974
2022-06-07,69.56999969482422,72.08339813232422,1,629.7655656796405,378.4257219296404,136342.41292800728,80.0,LOSS,136914.23018050691,-0.4176463262772269
2022-06-08,69.19999694824219,70.9613996887207,1,585.3626719341742,409.22239788632254,136751.6353258936,80.0,LOSS,136914.23018050691,-0.11875672411767303
2022-06-09,63.7599983215332,70.58399688720704,1,565.8340804592796,-116.5657761081037,136635.06954978552,80.0,LOSS,136914.23018050691,-0.20389453335372915
2022-06-10,58.709999084472656,65.03519828796387,1,450.13747509961314,-182.38244524950773,136452.68710453602,80.0,LOSS,136914.23018050691,-0.3371038024041783
2022-06-13,52.0099983215332,59.88419906616211,1,415.5451533798554,-371.8749210830355,136080.81218345297,80.0,LOSS,136914.23018050691,-0.6087153949996048
2022-06-14,51.58000183105469,53.050198287963866,1,353.71612854921864,206.69648285830078,136287.50866631127,78.5102758775656,LOSS,136914.23018050691,-0.45774753535068957
2022-06-15,55.0099983215332,52.61160186767578,1,343.70967801095713,343.70967801095713,136631.21834432223,76.69393114498178,WIN,136914.23018050691,-0.20670739324288087
2022-06-16,51.04999923706055,56.11019828796387,1,349.54614019601695,-156.4737648943152,136474.7445794279,72.60103869076077,LOSS,136914.23018050691,-0.32099336971737324
2022-06-17,51.220001220703125,52.070999221801756,1,319.61131984613525,234.51151973627213,136709.25609916417,71.36443411282355,LOSS,136914.23018050691,-0.14970984467612478
2022-06-21,57.4900016784668,52.24440124511719,1,313.5820685083697,313.5820685083697,137022.83816767254,69.53234916087395,WIN,137022.83816767254,0.0
2022-06-22,51.90999984741211,58.63980171203613,1,373.26518615198813,-299.7150003104141,136723.12316736212,74.43280057900303,LOSS,137022.83816767254,-0.2187336098991482
2022-06-23,58.880001068115234,52.94819984436035,1,345.7692358273138,345.7692358273138,137068.89240318944,76.6584001724403,WIN,137068.89240318944,0.0
2022-06-24,62.709999084472656,60.057601089477544,1,409.0564631883213,409.0564631883213,137477.94886637776,80.0,WIN,137477.94886637776,0.0
2022-06-27,55.959999084472656,63.96419906616211,1,429.9580932750885,-370.4619048938568,137107.4869614839,79.24271058518444,LOSS,137477.94886637776,-0.26947005534242735
2022-06-28,51.18000030517578,57.07919906616211,1,393.108851117941,-196.81102498069203,136910.67593650322,80.0,LOSS,137477.94886637776,-0.4126283047951952
2022-06-29,49.75,52.203600311279295,1,356.9725617574757,111.61253062954617,137022.28846713278,80.0,LOSS,137477.94886637776,-0.33144253533187545
2022-06-30,47.02000045776367,50.745,1,344.2842128202629,-28.21574140336969,136994.0727257294,80.0,LOSS,137477.94886637776,-0.35196636597965175
2022-07-01,49.040000915527344,47.96040046691895,1,316.7422424933507,316.7422424933507,137310.81496822275,77.65575732616364,WIN,137477.94886637776,-0.12157142256861389
2022-07-05,55.40999984741211,50.02080093383789,1,325.4344656864186,325.4344656864186,137636.24943390916,76.32986945267963,WIN,137636.24943390916,0.0
2022-07-06,51.709999084472656,56.51819984436035,1,381.8866803642821,-98.93339562448762,137537.31603828468,79.7153066000811,LOSS,137636.24943390916,-0.07188033387380788
2022-07-07,57.459999084472656,52.74419906616211,1,354.9361837320354,354.9361837320354,137892.25222201672,79.34435210687612,WIN,137892.25222201672,0.0
2022-07-08,60.290000915527344,58.60919906616211,1,410.1517861608258,410.1517861608258,138302.40400817755,80.0,WIN,138302.40400817755,0.0
2022-07-11,53.880001068115234,61.49580093383789,1,433.57298648536204,-328.0070000869037,137974.39700809063,80.0,LOSS,138302.40400817755,-0.2371665210299034
2022-07-12,54.2400016784668,54.95760108947754,1,392.2525664905157,320.4926253894412,138294.88963348008,80.0,LOSS,138302.40400817755,-0.005433292899970276
2022-07-13,53.099998474121094,55.324801712036134,1,389.1884360127287,166.70811222122467,138461.5977457013,80.0,LOSS,138461.5977457013,0.0
2022-07-14,53.41999816894531,54.161998443603515,1,368.1362348421025,293.93620737628225,138755.53395307757,80.0,LOSS,138755.53395307757,0.0
2022-07-15,53.790000915527344,54.48839813232422,1,370.1878109029589,300.3480892232712,139055.88204230083,80.0,LOSS,139055.88204230083,0.0
2022-07-18,58.66999816894531,54.86580093383789,1,368.62156844320634,368.62156844320634,139424.50361074402,79.19883392371236,WIN,139424.50361074402,0.0
2022-07-19,65.83000183105469,59.84339813232422,1,403.31065268985003,403.31065268985003,139827.8142634339,79.479909884306,WIN,139827.8142634339,0.0
2022-07-20,75.2699966430664,67.14660186767578,1,467.268701252868,467.268701252868,140295.08296468676,80.0,WIN,140295.08296468676,0.0
2022-07-21,73.9800033569336,76.77539657592773,1,541.0465422273953,261.50722032798177,140556.59018501473,80.0,LOSS,140556.59018501473,0.0
2022-07-22,70.81999969482422,75.45960342407227,1,514.9586762214051,50.99830329659994,140607.58848831133,80.0,LOSS,140607.58848831133,0.0
2022-07-25,67.06999969482422,72.23639968872071,1,478.7247338318652,-37.915265557783925,140569.67322275354,77.965432217838,LOSS,140607.58848831133,-0.026965305333392177
2022-07-26,52.93000030517578,68.4113996887207,1,454.3877129816663,-1093.7522253728264,139475.92099738072,78.16503742036721,LOSS,140607.58848831133,-0.8048409784260626
2022-07-27,58.83000183105469,53.9886003112793,1,391.73763146657313,391.73763146657313,139867.65862884728,80.0,WIN,140607.58848831133,-0.5262375007061351
2022-07-28,62.25,60.00660186767578,1,438.2140342163339,438.2140342163339,140305.8726630636,80.0,WIN,140607.58848831133,-0.21458004400154077
2022-07-29,62.959999084472656,63.495000000000005,1,464.0510052479428,410.55091369520795,140716.42357675883,80.0,LOSS,140716.42357675883,0.0
2022-08-01,62.70000076293945,64.2191990661621,1,463.6881288135372,311.76829849127205,141028.1918752501,80.0,LOSS,141028.1918752501,0.0
2022-08-02,67.2300033569336,63.95400077819824,1,461.5673415160195,461.5673415160195,141489.75921676614,80.0,WIN,141489.75921676614,0.0
2022-08-03,80.80999755859375,68.57460342407227,1,482.9024521817459,482.9024521817459,141972.66166894787,80.0,WIN,141972.66166894787,0.0
2022-08-04,88.9000015258789,82.42619750976563,1,616.6062460508684,616.6062460508684,142589.26791499872,80.0,WIN,142589.26791499872,0.0
2022-08-05,93.05000305175781,90.67800155639648,1,675.7049420867027,675.7049420867027,143264.97285708543,80.0,WIN,143264.97285708543,0.0
2022-08-08,98.0199966430664,94.91100311279297,1,707.0718712899217,707.0718712899217,143972.04472837536,80.0,WIN,143972.04472837536,0.0
2022-08-09,87.68000030517578,99.98039657592774,1,713.9897147304584,-516.0499123447375,143455.9948160306,80.0,LOSS,143972.04472837536,-0.35843757954424865
2022-08-10,94.13999938964844,89.43360031127929,1,666.3148931254206,666.3148931254206,144122.30970915602,80.0,WIN,144122.30970915602,0.0
2022-08-11,84.0,96.0227993774414,1,714.0317661860742,-488.248171558066,143634.06153759794,80.0,LOSS,144122.30970915602,-0.33877348520390915
2022-08-12,90.48999786376953,85.68,1,662.7574784792141,662.7574784792141,144296.81901607715,80.0,WIN,144296.81901607715,0.0
2022-08-15,91.97000122070312,92.29979782104492,1,716.5721117276611,683.5924516934817,144980.41146777064,80.0,LOSS,144980.41146777064,0.0
2022-08-16,90.38999938964844,93.80940124511719,1,722.9410790113408,381.0008934644659,145361.4123612351,80.0,LOSS,145361.4123612351,0.0
2022-08-17,85.44000244140625,92.19779937744141,1,698.7764507337714,22.996757130255105,145384.40911836535,80.0,LOSS,145384.40911836535,0.0
2022-08-18,83.47000122070312,87.14880249023437,1,644.0714164529707,276.19128949984577,145660.6004078652,80.0,LOSS,145660.6004078652,0.0
2022-08-19,74.05999755859375,85.13940124511718,1,629.7352338865757,-478.20513476576787,145182.39527309942,80.0,LOSS,145660.6004078652,-0.32830094989773734
2022-08-22,71.47000122070312,75.54119750976562,1,573.7388449577696,166.61921605151974,145349.01448915093,80.0,LOSS,145660.6004078652,-0.2139122850254561
2022-08-23,71.18000030517578,72.89940124511719,1,551.5033920633745,379.5632980692336,145728.57778722016,80.0,LOSS,145728.57778722016,0.0
2022-08-24,71.4800033569336,72.6036003112793,1,485.6565564152316,373.29686098066156,146101.8746482008,78.80144062310968,LOSS,146101.8746482008,0.0
2022-08-25,71.37000274658203,72.90960342407227,1,474.62806182589645,320.6679940768723,146422.5426422777,76.38158578903963,LOSS,146422.5426422777,0.0
2022-08-26,66.73999786376953,72.79740280151367,1,470.889458104352,-134.85103567006183,146287.69160660764,75.824002456183,LOSS,146422.5426422777,-0.09209718205721187
2022-08-29,66.33999633789062,68.07479782104492,1,447.47788001670176,273.9977317012718,146561.6893383089,77.23856312711581,LOSS,146561.6893383089,0.0
2022-08-30,67.02999877929688,67.66679626464844,1,444.8496649666074,381.16991643145093,146942.85925474035,77.24927384163296,LOSS,146942.85925474035,0.0
2022-08-31,66.80000305175781,68.37059875488282,1,443.2058865626399,286.1463162501391,147229.0055709905,76.0117228135254,LOSS,147229.0055709905,0.0
2022-09-01,65.52999877929688,68.13600311279296,1,377.6176414281814,117.0172080785726,147346.02277906908,63.324097985660806,LOSS,147346.02277906908,0.0
2022-09-02,65.26000213623047,66.84059875488282,1,348.7174158321321,190.65775396689702,147536.68053303598,58.939219478673486,LOSS,147536.68053303598,0.0
2022-09-06,62.779998779296875,66.56520217895508,1,340.32444389242363,-38.195896073396455,147498.4846369626,57.52914135927668,LOSS,147536.68053303598,-0.025889084623153983
2022-09-07,68.25,64.03559875488281,1,318.3364691411513,318.3364691411513,147816.82110610374,55.62110643112614,WIN,147816.82110610374,0.0
2022-09-08,73.08000183105469,69.615,1,351.4837603158153,351.4837603158153,148168.30486641955,56.66985829400478,WIN,148168.30486641955,0.0
2022-09-09,80.87000274658203,74.54160186767578,1,375.28929628720545,375.28929628720545,148543.59416270675,56.47640333723576,WIN,148543.59416270675,0.0
2022-09-12,82.55000305175781,82.48740280151367,1,420.8360373856822,420.8360373856822,148964.43020009244,57.383061876440756,WIN,148964.43020009244,0.0
2022-09-13,75.25,84.20100311279298,1,415.12465374606967,-479.9756575332279,148484.45454255922,55.06680889424037,LOSS,148964.43020009244,-0.3222082324542172
2022-09-14,78.69999694824219,76.755,1,392.78175876911575,392.78175876911575,148877.23630132835,57.59251035949661,WIN,148964.43020009244,-0.058533368433638044
2022-09-15,77.2300033569336,80.27399688720703,1,416.9532604410939,112.55390741374993,148989.7902087421,58.62855285135022,LOSS,148989.7902087421,0.0
2022-09-16,74.0,78.77460342407227,1,403.9631902659131,-73.49715214131368,148916.29305660079,57.73749490510343,LOSS,148989.7902087421,-0.049330327962977406
2022-09-19,69.93000030517578,75.48,1,389.3630567444721,-165.63691273795024,148750.65614386284,58.1477448529894,LOSS,148989.7902087421,-0.16050365903880373
2022-09-20,67.94000244140625,71.3286003112793,1,348.159091466602,9.299304479296723,148759.95544834214,54.40423211221521,LOSS,148989.7902087421,-0.1542620874074404
2022-09-21,67.63999938964844,69.29880249023438,1,337.4004189485163,171.52010888992208,148931.47555723207,54.23851049169743,LOSS,148989.7902087421,-0.039140031963489724
2022-09-22,62.939998626708984,68.9927993774414,1,335.9149567504909,-269.36511832275073,148662.11043890932,54.23937077821107,LOSS,148989.7902087421,-0.21993437897569407
2022-09-23,61.880001068115234,64.19879859924316,1,321.08821590192775,89.20846278913501,148751.31890169845,56.02894913320751,LOSS,148989.7902087421,-0.16005882464130283
2022-09-26,62.279998779296875,63.11760108947754,1,315.8957347642888,232.13550374622244,148983.45440544467,56.07493194315522,LOSS,148989.7902087421,-0.004252508368901558
2022-09-27,63.04999923706055,63.525598754882814,1,310.9985148269621,263.43856304473536,149246.8929684894,54.60099238631457,LOSS,149246.8929684894,0.0
2022-09-28,67.30999755859375,64.31099922180177,1,315.2103343554005,315.2103343554005,149562.1033028448,54.67794806884477,WIN,149562.1033028448,0.0
2022-09-29,61.939998626708984,68.65619750976563,1,345.7563516734639,-325.863536632201,149236.2397662126,56.49564050168699,LOSS,149562.1033028448,-0.2178784126700725
2022-09-30,64.48999786376953,63.178798599243166,1,329.60105596961137,329.60105596961137,149565.8408221822,58.936613890823004,WIN,149565.8408221822,0.0
2022-10-03,65.94999694824219,65.77979782104492,1,345.78927043226656,345.78927043226656,149911.63009261445,59.47382864027485,WIN,149911.63009261445,0.0
2022-10-04,74.5,67.26899688720704,1,354.4028316045474,354.4028316045474,150266.032924219,59.631326900871706,WIN,150266.032924219,0.0
2022-10-05,72.97000122070312,75.99,1,426.74574225963744,124.74586432995045,150390.77878854895,64.31853434402987,LOSS,150390.77878854895,0.0
2022-10-06,73.91000366210938,74.42940124511719,1,407.56635537754045,355.62659707675886,150746.40538562572,62.43033128067376,LOSS,150746.40538562572,0.0
2022-10-07,67.0,75.38820373535157,1,404.0215706059252,-434.7988029292315,150311.6065826965,60.8561485836372,LOSS,150746.40538562572,-0.28843062746137743
2022-10-10,67.04000091552734,68.34,1,359.2333906324092,229.23348218514326,150540.84006488163,59.47101034038947,LOSS,150746.40538562572,-0.13636499007603758
2022-10-11,70.16000366210938,68.38080093383789,1,357.98927238950426,357.98927238950426,150898.82933727113,59.183191978621004,WIN,150898.82933727113,0.0
2022-10-12,69.94999694824219,71.56320373535156,1,366.20785106197786,204.8871723510402,151103.71650962217,57.59143582723986,LOSS,151103.71650962217,0.0
2022-10-13,69.26000213623047,71.34899688720704,1,360.0715869157865,151.17211181812974,151254.8886214403,56.638263495638014,LOSS,151254.8886214403,0.0
2022-10-14,63.59000015258789,70.64520217895507,1,356.15532475010764,-349.36487788661066,150905.5237435537,56.568648334367204,LOSS,151254.8886214403,-0.23097757769733482
2022-10-17,69.16999816894531,64.86180015563966,1,335.5224773178418,335.5224773178418,151241.04622087153,58.34190756282538,WIN,151254.8886214403,-0.009151704579555713
2022-10-18,66.20999908447266,70.55339813232422,1,375.53833380695886,-58.80157097819739,151182.24464989334,60.36416285629471,LOSS,151254.8886214403,-0.04802751977740922
2022-10-19,63.189998626708984,67.53419906616212,1,361.3617021796893,-73.05834176562394,151109.1863081277,60.74254809843649,LOSS,151254.8886214403,-0.09632899448113312
2022-10-20,63.59000015258789,64.45379859924317,1,348.312914996919,261.9330703313909,151371.11937845912,61.46141168296121,LOSS,151371.11937845912,0.0
2022-10-21,66.37999725341797,64.86180015563966,1,342.1174278559676,342.1174278559676,151713.23680631508,59.71386848362925,WIN,151713.23680631508,0.0
2022-10-24,66.38999938964844,67.70759719848633,1,359.3736511505466,227.61387026675777,151940.85067658185,60.1614495313471,LOSS,151940.85067658185,0.0
2022-10-25,75.05000305175781,67.71779937744141,1,359.4645261318877,359.4645261318877,152300.31520271374,60.168767205523345,WIN,152300.31520271374,0.0
2022-10-26,73.80999755859375,76.55100311279297,1,435.9770147690103,161.87645934908835,152462.19166206283,65.3903690688951,LOSS,152462.19166206283,0.0
2022-10-27,72.47000122070312,75.28619750976563,1,423.47811175889024,141.8584828526399,152604.05014491547,64.44126797953103,LOSS,152604.05014491547,0.0
2022-10-28,72.06999969482422,73.91940124511719,1,402.57682839612414,217.63667336682744,152821.6868182823,62.029319619597594,LOSS,152821.6868182823,0.0
2022-10-31,66.25,73.5113996887207,1,398.6485252584833,-327.4914436135868,152494.19537466872,61.71612798986491,LOSS,152821.6868182823,-0.21429644602927841
2022-11-01,63.290000915527344,67.575,1,378.51135577905893,-49.98855266820698,152444.2068220005,64.12338619541298,LOSS,152821.6868182823,-0.24700682484328781
2022-11-02,60.709999084472656,64.55580093383789,1,334.83581245528194,-49.7443724812411,152394.46244951925,58.5292365322664,LOSS,152821.6868182823,-0.27955742254765525
2022-11-03,55.79999923706055,61.92419906616211,1,322.8365730798681,-289.58340983028825,152104.87903968897,58.8888301084663,LOSS,152821.6868182823,-0.4690484665606862
2022-11-04,58.81999969482422,56.91599922180176,1,303.7438568044041,303.7438568044041,152408.62289649338,60.55240788898745,WIN,152821.6868182823,-0.27029142943571777
2022-11-07,56.970001220703125,59.99639968872071,1,314.8748451486049,12.234998346846623,152420.85789484024,59.358581644152764,LOSS,152821.6868182823,-0.26228536786056467
2022-11-08,50.83000183105469,58.10940124511719,1,305.958948032009,-421.98099337424134,151998.876901466,59.58788539229966,LOSS,152821.6868182823,-0.538411748978201
2022-11-09,45.97999954223633,51.84660186767578,1,281.64056389987974,-305.01966864406546,151693.85723282193,61.840820977926406,LOSS,152821.6868182823,-0.7380036230076737
2022-11-10,50.91999816894531,46.89959953308106,1,262.007546248792,262.007546248792,151955.86477907072,63.92382833105969,WIN,152821.6868182823,-0.5665570490928495
2022-11-11,57.459999084472656,51.93839813232422,1,309.0466489781528,309.0466489781528,152264.91142804886,68.83123454417384,WIN,152821.6868182823,-0.36433009072559797
2022-11-14,53.220001220703125,58.60919906616211,1,365.64513962522227,-173.2746449206765,152091.63678312817,72.72331903013003,LOSS,152821.6868182823,-0.4777136349909663
2022-11-15,55.529998779296875,54.28440124511719,1,333.5275709503336,333.5275709503336,152425.1643540785,71.4465631649817,WIN,152821.6868182823,-0.2594674044367093
2022-11-16,48.83000183105469,56.64059875488282,1,349.87084921817353,-431.1888431646394,151993.97551091385,71.89124237027255,LOSS,152821.6868182823,-0.5416190101033649
2022-11-17,48.790000915527344,49.80660186767578,1,319.4199622625489,217.7598670477052,152211.73537796157,75.07799295592098,LOSS,152821.6868182823,-0.39912623202884256
2022-11-18,45.2599983215332,49.765800933837895,1,318.9684122362871,-131.61184899418203,152080.12352896738,75.02650810544849,LOSS,152821.6868182823,-0.48524741792485016
2022-11-21,41.22999954223633,46.16519828796387,1,296.0810578402754,-197.43881673247864,151882.6847122349,75.08213293587238,LOSS,152821.6868182823,-0.614442966569223
2022-11-22,43.38999938964844,42.05459953308105,1,273.65556442334974,273.65556442334974,152156.34027665827,76.34561281608401,WIN,152821.6868182823,-0.4353744258922976
2022-11-23,45.56999969482422,44.25779937744141,1,271.5295633560877,271.5295633560877,152427.86984001435,71.32650490590575,WIN,152821.6868182823,-0.25769704972320334
2022-11-25,44.279998779296875,46.48139968872071,1,290.4912964202393,70.3512054778561,152498.22104549222,72.87074380220116,LOSS,152821.6868182823,-0.2116622185794254
2022-11-28,42.5099983215332,45.165598754882815,1,282.3006811713266,16.74063783636541,152514.96168332858,72.88049704222199,LOSS,152821.6868182823,-0.2007078585112286
2022-11-29,43.11000061035156,43.36019828796387,1,271.0211416437523,246.0013738825217,152760.9630572111,72.88200337281621,LOSS,152821.6868182823,-0.03973504175712619
2022-11-30,45.72999954223633,43.972200622558596,1,272.680293385704,272.680293385704,153033.6433505968,72.2172994053008,WIN,153033.6433505968,0.0
2022-12-01,45.27000045776367,46.644599533081056,1,294.3001276060397,156.8402200743013,153190.48357067112,73.6775138141846,LOSS,153190.48357067112,0.0
2022-12-02,47.66999816894531,46.175400466918944,1,290.5863516314323,290.5863516314323,153481.06992230256,73.45735468614558,WIN,153481.06992230256,0.0
2022-12-05,46.0,48.62339813232422,1,304.53690382534086,42.19709059291898,153523.26701289546,73.05359906811854,LOSS,153523.26701289546,0.0
2022-12-06,42.40999984741211,46.92,1,290.82472107299986,-160.17529418578937,153363.09171870968,72.17834417945005,LOSS,153523.26701289546,-0.10433291142269052
2022-12-07,41.2599983215332,43.258199844360355,1,271.8865742981968,72.0664220154816,153435.15814072517,73.35081782527232,LOSS,153523.26701289546,-0.057391217555901326
2022-12-08,42.810001373291016,42.08519828796387,1,256.1159083109724,256.1159083109724,153691.27404903615,70.65821977398318,WIN,153691.27404903615,0.0
2022-12-09,40.2400016784668,43.66620140075684,1,259.4197217541741,-83.20025047483028,153608.07379856132,68.70600556834827,LOSS,153691.27404903615,-0.054134661183352445
2022-12-12,42.599998474121094,41.04480171203613,1,234.36180324225754,234.36180324225754,153842.4356018036,65.58809105535394,WIN,153842.4356018036,0.0
2022-12-13,38.689998626708984,43.451998443603514,1,231.81787011791516,-244.38211157153785,153598.05349023207,60.529864326147454,LOSS,153842.4356018036,-0.1588522117551943
2022-12-14,40.189998626708984,39.46379859924316,1,213.16256291784183,213.16256291784183,153811.2160531499,61.426326425140225,WIN,153842.4356018036,-0.020293197082826734
2022-12-15,37.97999954223633,40.99379859924316,1,220.86899282994264,-80.5109128707409,153730.70514027914,61.24271671282399,LOSS,153842.4356018036,-0.07262655527220496
2022-12-16,36.599998474121094,38.739599533081055,1,198.15343047718827,-15.806675418807856,153714.89846486034,57.56101042750595,LOSS,153842.4356018036,-0.08290114261669877
2022-12-19,35.16999816894531,37.33199844360352,1,191.45676606880681,-24.74326139701364,153690.15520346334,57.74289822228053,LOSS,153842.4356018036,-0.0989846512404476
2022-12-20,34.970001220703125,35.87339813232422,1,180.9386628680572,90.5989717059478,153780.75417516928,56.600310237229486,LOSS,153842.4356018036,-0.040093896325176494
2022-12-21,35.150001525878906,35.669401245117186,1,172.97608306606432,121.03611114223636,153901.7902863115,53.977385742591224,LOSS,153901.7902863115,0.0
2022-12-22,34.59000015258789,35.853001556396485,1,169.8376283024496,43.53748792159013,153945.3277742331,52.46113671053226,LOSS,153945.3277742331,0.0
2022-12-23,35.4900016784668,35.28180015563965,1,162.71052434337906,162.71052434337906,154108.0382985765,50.77023785877606,WIN,154108.0382985765,0.0
2022-12-27,32.650001525878906,36.199801712036134,1,168.31423558316888,-186.6657830325539,153921.37251554395,51.28094679413273,LOSS,154108.0382985765,-0.12112657139330177
2022-12-28,32.529998779296875,33.30300155639649,1,159.16725731082403,81.86697960086272,154003.2394951448,53.032067291805646,LOSS,154108.0382985765,-0.0680034634070405
2022-12-29,34.779998779296875,33.180598754882816,1,157.9060101598251,157.9060101598251,154161.14550530462,52.75706559865663,WIN,154161.14550530462,0.0
2022-12-30,35.38999938964844,35.47559875488281,1,170.32128915729277,161.7613526338555,154322.90685793848,53.32509038363018,LOSS,154322.90685793848,0.0
2023-01-03,33.599998474121094,36.097799377441405,1,174.29528430330748,-75.4848060287236,154247.42205190976,53.69393997086158,LOSS,154322.90685793848,-0.048913545996257
2023-01-04,37.70000076293945,34.271998443603515,1,162.0604306756825,162.0604306756825,154409.48248258544,52.34778694943024,WIN,154409.48248258544,0.0
2023-01-05,33.529998779296875,38.45400077819824,1,202.09711422609496,-290.30308566404176,154119.1793969214,59.45743305716562,LOSS,154409.48248258544,-0.18800858664673994
2023-01-06,33.2599983215332,34.20059875488281,1,184.8654277077099,90.80538437274905,154209.98478129413,61.478360067821086,LOSS,154409.48248258544,-0.12920042090926295
2023-01-09,38.27000045776367,33.925198287963866,1,183.1024689943464,183.1024689943464,154393.0872502885,61.36924904335533,WIN,154409.48248258544,-0.010618021661205502
2023-01-10,43.22999954223633,39.035400466918944,1,232.40092498855472,232.40092498855472,154625.48817527705,68.876305105491,WIN,154625.48817527705,0.0
2023-01-11,43.790000915527344,44.09459953308106,1,274.86074212298524,244.40088036761372,154869.88905564466,72.65226904671634,LOSS,154869.88905564466,0.0
2023-01-12,47.54999923706055,44.66580093383789,1,275.71375424848173,275.71375424848173,155145.60280989314,71.8343356596518,WIN,155145.60280989314,0.0
2023-01-13,49.97999954223633,48.500999221801756,1,295.188152069254,295.188152069254,155440.7909619624,70.66598351175304,WIN,155440.7909619624,0.0
2023-01-17,54.13999938964844,50.97959953308106,1,311.15960358058163,311.15960358058163,155751.95056554297,70.90052377048303,WIN,155751.95056554297,0.0
2023-01-18,50.209999084472656,55.222799377441405,1,336.18826325276865,-165.09176604410618,155586.85879949885,70.6879013973941,LOSS,155751.95056554297,-0.10599659615475943
2023-01-19,49.41999816894531,51.21419906616211,1,317.7408720964241,138.3207823747444,155725.17958187358,72.25721943830308,LOSS,155751.95056554297,-0.017188217272513268
2023-01-20,55.15999984741211,50.40839813232422,1,310.3890404048844,310.3890404048844,156035.56862227846,71.62749710970431,WIN,156035.56862227846,0.0
2023-01-23,55.959999084472656,56.26319984436035,1,355.9642053997569,325.6441294109875,156361.21275168945,73.91166434890201,LOSS,156361.21275168945,0.0
2023-01-24,53.560001373291016,57.07919906616211,1,360.7697138651793,8.84994457806971,156370.06269626753,73.8272402013001,LOSS,156370.06269626753,0.0
2023-01-25,52.7599983215332,54.63120140075684,1,348.64559823586933,161.525290313506,156531.58798658103,74.65427973645448,LOSS,156531.58798658103,0.0
2023-01-26,53.02000045776367,53.81519828796387,1,345.08174722701085,265.5619642069914,156797.149950788,75.06641734763997,LOSS,156797.149950788,0.0
2023-01-27,61.369998931884766,54.080400466918945,1,334.7625859653187,334.7625859653187,157131.9125367533,72.06743436824671,WIN,157131.9125367533,0.0
2023-01-30,56.15999984741211,62.597398910522465,1,406.74225856518296,-236.99764774585253,156894.91488900746,76.2187849660921,LOSS,157131.9125367533,-0.15082718966487532
2023-01-31,58.47999954223633,57.283199844360354,1,385.67942678516494,385.67942678516494,157280.5943157926,79.39112042211491,WIN,157280.5943157926,0.0
2023-02-01,65.69999694824219,59.64959953308106,1,401.69556567339305,401.69556567339305,157682.28988146601,79.41001235518698,WIN,157682.28988146601,0.0
2023-02-02,81.45999908447266,67.01399688720703,1,452.8935624472815,452.8935624472815,158135.1834439133,79.73303424672866,WIN,158135.1834439133,0.0
2023-02-03,74.62999725341797,83.08919906616211,1,610.8343001469899,-235.08588112742416,157900.09756278587,80.0,LOSS,158135.1834439133,-0.14866133899342024
2023-02-06,74.58999633789062,76.12259719848633,1,549.7986077139884,396.5385216544177,158296.63608444028,80.0,LOSS,158296.63608444028,0.0
2023-02-07,71.41999816894531,76.08179626464843,1,548.5350498273727,82.35524025706081,158378.99132469733,80.0,LOSS,158378.99132469733,0.0
2023-02-08,69.44000244140625,72.84839813232422,1,518.271977108274,177.43240801647693,158556.4237327138,80.0,LOSS,158556.4237327138,0.0
2023-02-09,59.630001068115234,70.82880249023438,1,496.043326856425,-623.8368153554895,157932.5869173583,80.0,LOSS,158556.4237327138,-0.39344783432245095
2023-02-10,57.09000015258789,60.82260108947754,1,454.3203752374951,81.0602815485305,158013.64719890684,80.0,LOSS,158556.4237327138,-0.3423239002425679
2023-02-13,56.400001525878906,58.23180015563965,1,433.6558349707417,250.47597199466765,158264.1231709015,80.0,LOSS,158556.4237327138,-0.18435113187532784
2023-02-14,59.029998779296875,57.52800155639648,1,427.4523836438039,427.4523836438039,158691.5755545453,80.0,WIN,158691.5755545453,0.0
2023-02-15,69.33999633789062,60.21059875488282,1,443.25868218821,443.25868218821,159134.8342367335,80.0,WIN,159134.8342367335,0.0
2023-02-16,65.58999633789062,70.72679626464844,1,541.7446561514702,28.064663475688462,159162.8989002092,80.0,LOSS,159162.8989002092,0.0
2023-02-17,65.19999694824219,66.90179626464844,1,516.884486399488,346.7045547588628,159509.60345496805,80.0,LOSS,159509.60345496805,0.0
2023-02-21,62.06999969482422,66.50399688720704,1,503.5235448674044,60.12382562912251,159569.72728059717,80.0,LOSS,159569.72728059717,0.0
2023-02-22,61.18000030517578,63.311399688720705,1,482.88777397319456,269.7478356187022,159839.47511621588,80.0,LOSS,159839.47511621588,0.0
2023-02-23,62.36000061035156,62.4036003112793,1,473.74211942586203,469.3821493330885,160308.85726554896,80.0,LOSS,160308.85726554896,0.0
2023-02-24,58.439998626708984,63.607200622558594,1,482.2126967775059,-34.50750280745501,160274.3497627415,80.0,LOSS,160308.85726554896,-0.021525637070875427
2023-02-27,58.959999084472656,59.608798599243165,1,457.0668711708777,392.1869196938268,160666.53668243534,80.0,LOSS,160666.53668243534,0.0
2023-02-28,64.83000183105469,60.139199066162114,1,438.17904219061853,438.17904219061853,161104.71572462594,80.0,WIN,161104.71572462594,0.0
2023-03-01,64.66999816894531,66.12660186767579,1,482.24098977695127,336.5806199039037,161441.29634452984,80.0,LOSS,161441.29634452984,0.0
2023-03-02,63.70000076293945,65.96339813232422,1,480.10052961858827,253.76079268011205,161695.05713720995,80.0,LOSS,161695.05713720995,0.0
2023-03-03,64.51000213623047,64.97400077819825,1,457.46119671635984,411.06133251958215,162106.11846972952,80.0,LOSS,162106.11846972952,0.0
2023-03-06,62.77000045776367,65.80020217895508,1,384.1445254258282,81.12435330668785,162187.2428230362,67.31716121329603,LOSS,162187.2428230362,0.0
2023-03-07,61.88999938964844,64.02540046691895,1,365.56501856720365,152.02491084015213,162339.26773387636,65.58519201123224,LOSS,162339.26773387636,0.0
2023-03-08,63.0099983215332,63.127799377441406,1,360.44862819214154,348.6685226013213,162687.93625647767,65.5870368986968,LOSS,162687.93625647767,0.0
2023-03-09,58.09000015258789,64.27019828796386,1,365.7748152740609,-252.2449982635365,162435.69125821412,65.33579135251534,LOSS,162687.93625647767,-0.1550483730188082
2023-03-10,53.439998626708984,59.25180015563965,1,343.9956165419866,-237.18453635107994,162198.50672186306,66.88013976211681,LOSS,162687.93625647767,-0.30083947579433545
2023-03-13,59.16999816894531,54.508798599243164,1,299.0953228312554,299.0953228312554,162497.6020446943,62.58177046435199,WIN,162687.93625647767,-0.11699343919594944
2023-03-14,62.650001525878906,60.35339813232422,1,345.7931007619688,345.7931007619688,162843.39514545628,65.8521520921353,WIN,162843.39514545628,0.0
2023-03-15,64.47000122070312,63.90300155639648,1,370.02527648065995,370.02527648065995,163213.42042193693,66.67455684400124,WIN,163213.42042193693,0.0
2023-03-16,67.77999877929688,65.75940124511719,1,379.06020567868694,379.06020567868694,163592.48062761562,66.32277362407343,WIN,163592.48062761562,0.0
2023-03-17,74.9800033569336,69.1355987548828,1,349.06784916458406,349.06784916458406,163941.5484767802,56.670750109372776,WIN,163941.5484767802,0.0
2023-03-20,75.13999938964844,76.47960342407227,1,401.4881579952161,267.52775455283324,164209.07623133305,59.37722767591358,LOSS,164209.07623133305,0.0
2023-03-21,83.98999786376953,76.6427993774414,1,401.99205852470624,401.99205852470624,164611.06828985777,59.31511295526649,WIN,164611.06828985777,0.0
2023-03-22,77.13999938964844,85.66979782104492,1,466.28491046654574,-386.6949326731029,164224.37335718467,61.98420284209754,LOSS,164611.06828985777,-0.23491429628060007
2023-03-23,66.30000305175781,78.68279937744141,1,445.19652253412227,-793.0831100342377,163431.29024715043,64.88934276799898,LOSS,164611.06828985777,-0.7167063885582111
2023-03-24,67.83000183105469,67.62600311279297,1,417.5322906556479,417.5322906556479,163848.8225378061,71.85218180381706,WIN,164611.06828985777,-0.4630586265982218
2023-03-27,62.540000915527344,69.18660186767578,1,419.99775566178135,-244.66233955306194,163604.16019825303,70.45385226525761,LOSS,164611.06828985777,-0.6116891786594265
2023-03-28,63.040000915527344,63.79080093383789,1,397.4067472406715,322.3267454096166,163926.48694366263,72.60384019490468,LOSS,164611.06828985777,-0.41587807752372885
2023-03-29,65.30000305175781,64.30080093383789,1,387.5668428608982,387.5668428608982,164314.05378652352,69.87223528184012,WIN,164611.06828985777,-0.1804341022872406
2023-03-30,64.16000366210938,66.60600311279298,1,403.15251748633136,158.55257241797125,164472.6063589415,70.21486451949086,LOSS,164611.06828985777,-0.08411459348070909
2023-03-31,67.56999969482422,65.44320373535156,1,396.2501609947394,396.2501609947394,164868.85651993623,70.2428705491296,WIN,164868.85651993623,0.0
2023-04-03,63.61000061035156,68.9213996887207,1,420.911582007023,-110.22832582989048,164758.62819410634,70.94794604038145,LOSS,164868.85651993623,-0.06685818544302842
2023-04-04,62.540000915527344,64.8822006225586,1,400.42137590879145,166.20140520566588,164924.829599312,71.81676531441727,LOSS,164924.829599312,0.0
2023-04-05,60.779998779296875,63.79080093383789,1,393.8285475057899,92.74833205168812,165017.5779313637,71.8469624765464,LOSS,165017.5779313637,0.0
2023-04-06,61.439998626708984,61.99559875488281,1,383.592766929175,328.0327541117921,165345.6106854755,72.03138837016941,LOSS,165345.6106854755,0.0
2023-04-10,66.12999725341797,62.66879859924317,1,378.84052712556775,378.84052712556775,165724.45121260107,70.11132182835311,WIN,165724.45121260107,0.0
2023-04-11,70.19000244140625,67.45259719848633,1,402.59148989339513,402.59148989339513,166127.04270249445,69.07756979031723,WIN,166127.04270249445,0.0
2023-04-12,67.83999633789062,71.59380249023438,1,416.284509592327,40.9038943579514,166167.94659685242,66.99990594623478,LOSS,166167.94659685242,0.0
2023-04-13,68.94999694824219,69.19679626464844,1,401.0374529784283,376.35752133780295,166544.30411819022,66.74453761758025,LOSS,166544.30411819022,0.0
2023-04-14,69.91000366210938,70.32899688720703,1,406.8781633067551,364.97884079698997,166909.28295898723,66.60619114306729,LOSS,166909.28295898723,0.0
2023-04-17,67.72000122070312,71.30820373535157,1,408.94006937049613,50.11981790565176,166959.40277689288,65.92438275601407,LOSS,166959.40277689288,0.0
2023-04-18,67.26000213623047,69.07440124511719,1,378.3957363436278,196.95582545495597,167156.35860234784,62.46016242731164,LOSS,167156.35860234784,0.0
2023-04-19,64.44000244140625,68.60520217895508,1,375.78590737986065,-40.734066375022564,167115.6245359728,62.452390662186716,LOSS,167156.35860234784,-0.024368840477040847
2023-04-20,60.5,65.72880249023437,1,333.675053423915,-189.20519559952226,166926.41934037328,57.04195745258067,LOSS,167156.35860234784,-0.13755938685023106
2023-04-21,59.040000915527344,61.71,1,308.7975460547619,41.79763760749614,166968.21697798077,56.063273032156935,LOSS,167156.35860234784,-0.11255427310105671
2023-04-24,54.75,60.22080093383789,1,266.86309186933926,-280.21700151445003,166687.99997646632,48.3369791182968,LOSS,167156.35860234784,-0.280191929159996
2023-04-25,55.54999923706055,55.845,1,254.1881265676961,224.6880502737509,166912.68802674007,49.95970781387778,LOSS,167156.35860234784,-0.14577403913628278
2023-04-26,53.88999938964844,56.66099922180176,1,248.6592394053997,-28.440743809932513,166884.24728293013,47.758555089247395,LOSS,167156.35860234784,-0.1627884943731324
2023-04-27,54.16999816894531,54.96779937744141,1,241.9911375215369,162.21101667192724,167046.45829960206,47.945750631698886,LOSS,167156.35860234784,-0.06574700697280958
2023-04-28,53.790000915527344,55.25339813232422,1,239.62661521396979,93.286893534282,167139.74519313633,47.061265992044405,LOSS,167156.35860234784,-0.00993884369725467
2023-05-01,50.13999938964844,54.86580093383789,1,237.77118751286608,-234.80896690607906,166904.93622623026,47.018357905184054,LOSS,167156.35860234784,-0.1504114938969784
2023-05-02,51.31999969482422,51.142799377441406,1,219.87813108458738,219.87813108458738,167124.81435731484,46.55433976859263,WIN,167156.35860234784,-0.018871100864336486
2023-05-03,48.4900016784668,52.3463996887207,1,223.18543994583501,-162.4543610795555,166962.3599962353,46.07299876178244,LOSS,167156.35860234784,-0.11605816717631462
2023-05-04,49.220001220703125,49.45980171203613,1,214.57689479877828,190.5968456654776,167152.95684190077,47.08209104347661,LOSS,167156.35860234784,-0.002035076903753564
2023-05-05,58.2400016784668,50.20440124511719,1,218.50965490937386,218.50965490937386,167371.46649681014,47.270868809179646,WIN,167371.46649681014,0.0
2023-05-08,58.099998474121094,59.40480171203613,1,323.5741688956149,193.09384510411104,167564.56034191424,62.03980461854769,LOSS,167564.56034191424,0.0
2023-05-09,60.209999084472656,59.26199844360352,1,312.79949520465766,312.79949520465766,167877.35983711891,59.7636311469301,WIN,167877.35983711891,0.0
2023-05-10,62.63999938964844,61.41419906616211,1,319.4978789143139,319.4978789143139,168196.85771603324,58.73945955779377,WIN,168196.85771603324,0.0
2023-05-11,60.349998474121094,63.892799377441406,1,334.4675935138933,-19.81249681813796,168177.0452192151,59.17771060187529,LOSS,168196.85771603324,-0.011779350153845243
2023-05-12,57.34000015258789,61.55699844360352,1,323.3589081179595,-98.34092098360327,168078.7042982315,59.42295720654615,LOSS,168196.85771603324,-0.07024710176287884
2023-05-15,60.77000045776367,58.48680015563965,1,309.5194071784965,309.5194071784965,168388.22370541,59.950873283078444,WIN,168388.22370541,0.0
2023-05-16,57.880001068115234,61.98540046691895,1,334.2378468266569,-76.30209305371432,168311.9216123563,61.301267108851185,LOSS,168388.22370541,-0.04531320027889268
2023-05-17,61.040000915527344,59.03760108947754,1,321.1703916345445,321.1703916345445,168633.09200399084,61.947546414337786,WIN,168633.09200399084,0.0
2023-05-18,60.2599983215332,62.26080093383789,1,341.772682121779,141.6924208913101,168774.78442488215,62.612400736597834,LOSS,168774.78442488215,0.0
2023-05-19,56.779998779296875,61.465198287963865,1,331.63729174743327,-136.88265911926572,168637.9017657629,61.34615631172304,LOSS,168774.78442488215,-0.08110373808842648
2023-05-22,61.06999969482422,57.915598754882815,1,316.7186851638582,316.7186851638582,168954.62045092674,62.33245646720366,WIN,168954.62045092674,0.0
2023-05-23,59.099998474121094,62.2913996887207,1,339.72487075811256,20.584749298151735,168975.20520022488,62.13242685178235,LOSS,168975.20520022488,0.0
2023-05-24,58.36000061035156,60.28199844360352,1,330.92411183585233,138.7243285106566,169113.92952873555,62.615492418785365,LOSS,169113.92952873555,0.0
2023-05-25,56.869998931884766,59.527200622558595,1,325.36951206785375,59.649343000470765,169173.578871736,62.29564008768336,LOSS,169173.578871736,0.0
2023-05-26,56.91999816894531,58.00739891052246,1,318.44666902343863,209.70659486572376,169383.28546660172,62.617632651361546,LOSS,169383.28546660172,0.0
2023-05-30,61.16999816894531,58.05839813232422,1,318.55326176833836,318.55326176833836,169701.83872837006,62.5773373004446,WIN,169701.83872837006,0.0
2023-05-31,62.20000076293945,62.39339813232422,1,340.208419012741,320.8686820742641,170022.70741044433,62.11669790634371,LOSS,170022.70741044433,0.0
2023-06-01,63.56999969482422,63.444000778198244,1,345.74256888276386,345.74256888276386,170368.4499793271,62.07535213792215,WIN,170368.4499793271,0.0
2023-06-02,64.55000305175781,64.8413996887207,1,345.45241311415924,316.3127494178706,170684.76272874497,60.4302625142476,LOSS,170684.76272874497,0.0
2023-06-05,58.709999084472656,65.84100311279298,1,350.7781062882926,-362.32229654373936,170322.44043220123,60.43029407201615,LOSS,170684.76272874497,-0.21227571269472595
2023-06-06,51.61000061035156,59.88419906616211,1,281.81293023314265,-545.6069153479123,169776.8335168533,52.04163024366606,LOSS,170684.76272874497,-0.5319333708390594
2023-06-07,53.2599983215332,52.6422006225586,1,270.78892815701465,270.78892815701465,170047.62244501032,57.95153099131224,WIN,170684.76272874497,-0.373284805010514
2023-06-08,54.900001525878906,54.325198287963865,1,278.92207441627977,278.92207441627977,170326.5445194266,57.82135164040394,WIN,170684.76272874497,-0.20987122903739588
2023-06-09,53.279998779296875,55.99800155639649,1,286.2607008786891,14.460423168727743,170341.00494259532,57.52013749097074,LOSS,170684.76272874497,-0.20139922313742753
2023-06-12,50.560001373291016,54.345598754882815,1,277.19197585279636,-101.36776230638355,170239.63718028893,57.36578365471467,LOSS,170684.76272874497,-0.26078809926545093
2023-06-13,52.400001525878906,51.571201400756834,1,263.2012925681601,263.2012925681601,170502.83847285708,57.40771097674593,WIN,170684.76272874497,-0.1065849423108772
2023-06-14,53.900001525878906,53.448001556396484,1,268.84626937395353,268.84626937395353,170771.68474223104,56.41465759145513,WIN,170771.68474223104,0.0
2023-06-15,54.25,54.978001556396485,1,275.2178447031006,202.41768906345206,170974.10243129448,56.08960681865408,LOSS,170974.10243129448,0.0
2023-06-16,55.59000015258789,55.335,1,271.502948191275,271.502948191275,171245.60537948576,54.747950588429426,WIN,171245.60537948576,0.0
2023-06-20,57.09000015258789,56.70180015563965,1,279.47636093121304,279.47636093121304,171525.08174041696,55.04949771105617,WIN,171525.08174041696,0.0
2023-06-21,58.099998474121094,58.23180015563965,1,282.50268761292966,269.32251946107436,171794.40425987804,54.00332540165687,LOSS,171794.40425987804,0.0
2023-06-22,57.4900016784668,59.26199844360352,1,277.1143551225662,99.91467860889423,171894.31893848692,51.63850131583631,LOSS,171894.31893848692,0.0
2023-06-23,61.470001220703125,58.63980171203613,1,272.442299125555,272.442299125555,172166.76123761246,51.232915577484924,WIN,172166.76123761246,0.0
2023-06-26,61.939998626708984,62.69940124511719,1,300.3300341862129,224.38977234539266,172391.15100995786,53.17552462489143,LOSS,172391.15100995786,0.0
2023-06-27,69.88999938964844,63.178798599243166,1,300.7944526228285,300.7944526228285,172691.94546258068,52.78428015964304,WIN,172691.94546258068,0.0
2023-06-28,70.75,71.2877993774414,1,370.14887358843015,316.3689358442899,173008.31439842496,58.60414636410872,LOSS,173008.31439842496,0.0
2023-06-29,72.43000030517578,72.165,1,366.10546942819474,366.10546942819474,173374.41986785317,56.99648164041855,WIN,173374.41986785317,0.0
2023-06-30,71.55000305175781,73.8786003112793,1,375.141072940985,142.28134698883628,173516.701214842,57.05898429276929,LOSS,173516.701214842,0.0
2023-07-03,79.93000030517578,72.98100311279298,1,371.0494899108631,371.0494899108631,173887.75070475286,57.14518657696742,WIN,173887.75070475286,0.0
2023-07-05,78.3499984741211,81.52860031127929,1,440.47041365599154,122.61022994017179,174010.36093469305,61.44222228070007,LOSS,174010.36093469305,0.0
2023-07-06,78.0999984741211,79.91699844360352,1,410.21191693617914,228.51191998793672,174238.872854681,57.80341466120936,LOSS,174238.872854681,0.0
2023-07-07,78.72000122070312,79.66199844360352,1,360.74375436256213,266.5440320725224,174505.41688675352,49.64608994380028,LOSS,174505.41688675352,0.0
2023-07-10,81.20999908447266,80.29440124511719,1,363.7770082182135,363.7770082182135,174869.19389497174,49.67456777754444,WIN,174869.19389497174,0.0
2023-07-11,89.1500015258789,82.83419906616211,1,375.3358366848998,375.3358366848998,175244.52973165666,49.68306644813823,WIN,175244.52973165666,0.0
2023-07-12,85.94999694824219,90.93300155639649,1,420.34386309734,-77.95659771809034,175166.57313393857,50.916312343799376,LOSS,175244.52973165666,-0.044484468552291566
2023-07-13,107.0,87.66899688720703,1,398.7232774573662,398.7232774573662,175565.29641139595,49.91087964916165,WIN,175565.29641139595,0.0
2023-07-14,105.30999755859375,109.14,1,634.894055846035,251.89381170540997,175817.19022310135,67.03649533055795,LOSS,175817.19022310135,0.0
2023-07-17,105.55000305175781,107.41619750976562,1,631.7171694318414,445.09772363106026,176262.28794673242,67.89708607241693,LOSS,176262.28794673242,0.0
2023-07-18,104.58999633789062,107.66100311279297,1,633.8196759437086,326.7189984534742,176589.0069451859,67.98015577242825,LOSS,176589.0069451859,0.0
2023-07-19,110.1500015258789,106.68179626464844,1,632.5629767491678,632.5629767491678,177221.56992193506,68.550345368393,WIN,177221.56992193506,0.0
2023-07-20,101.26000213623047,112.35300155639649,1,666.9123883789189,-442.3875536376836,176779.1823682974,68.63709884921812,LOSS,177221.56992193506,-0.24962398980696393
2023-07-21,100.81999969482422,103.28520217895507,1,642.0592285082419,395.53898009515626,177174.72134839254,72.42205482188339,LOSS,177221.56992193506,-0.026435029078659366
2023-07-24,98.8499984741211,102.8363996887207,1,638.2382887078861,239.59816724792512,177414.31951564047,72.28677345114023,LOSS,177414.31951564047,0.0
2023-07-25,97.68000030517578,100.82699844360351,1,627.1827700152326,312.48295617245924,177726.80247181293,72.47620776236684,LOSS,177726.80247181293,0.0
2023-07-26,99.75,99.6336003112793,1,622.0706814002156,622.0706814002156,178348.87315321315,72.7892270484169,WIN,178348.87315321315,0.0
2023-07-27,92.69000244140625,101.745,1,610.3869301779908,-295.1128256813846,178053.76032753175,69.49146036179062,LOSS,178348.87315321315,-0.16546940861682727
2023-07-28,94.76000213623047,94.54380249023437,1,583.5356471399334,583.5356471399334,178637.2959746717,71.8249425376518,WIN,178637.2959746717,0.0
2023-07-31,98.61000061035156,96.65520217895508,1,596.5246826457062,596.5246826457062,179233.8206573174,71.81897093392529,WIN,179233.8206573174,0.0
2023-08-01,94.1500015258789,100.5822006225586,1,620.1079343022101,-23.111975365759577,179210.70868195166,71.73138101909402,LOSS,179233.8206573174,-0.012894874014845336
2023-08-02,90.43000030517578,96.03300155639648,1,577.1978232569647,16.897698134894426,179227.60638008654,69.64295809890493,LOSS,179233.8206573174,-0.0034671342763784555
2023-08-03,90.75,92.2386003112793,1,557.6073113605453,408.74728023261537,179636.35366031915,70.11333008921444,LOSS,179636.35366031915,0.0
2023-08-04,87.30999755859375,92.565,1,559.3223666955296,33.82212255490481,179670.17578287405,70.07570369334569,LOSS,179670.17578287405,0.0
2023-08-07,85.95999908447266,89.05619750976562,1,542.3710914443126,232.75124891501576,179902.92703178906,70.71973270300268,LOSS,179902.92703178906,0.0
2023-08-08,88.04000091552734,87.67919906616211,1,533.6348022231559,533.6348022231559,180436.56183401222,70.66585779726742,WIN,180436.56183401222,0.0
2023-08-09,84.33999633789062,89.80080093383789,1,529.2754475701183,-16.80501202460823,180419.7568219876,68.07061017200427,LOSS,180436.56183401222,-0.009313529283537467
2023-08-10,83.38999938964844,86.02679626464844,1,508.0102786530421,244.33059115304195,180664.08741314063,68.2240685315824,LOSS,180664.08741314063,0.0
2023-08-11,81.01000213623047,85.05779937744141,1,340.14467293367153,-64.63505118742285,180599.4523619532,42.502087618024284,LOSS,180664.08741314063,-0.03577636934539854
2023-08-14,80.80999755859375,82.63020217895507,1,331.37899439305437,149.358532356922,180748.81089431013,42.65595348328837,LOSS,180748.81089431013,0.0
2023-08-15,79.18000030517578,82.42619750976563,1,330.1266940121044,5.506973553119622,180754.31786786325,42.58488015057365,LOSS,180754.31786786325,0.0
2023-08-16,79.0,80.7636003112793,1,323.60106027398564,147.24102914605515,180901.55889700932,42.607145021580806,LOSS,180901.55889700932,0.0
2023-08-17,75.55999755859375,80.58,1,306.0808515301452,-195.91939261047963,180705.63950439883,39.79652576452171,LOSS,180901.55889700932,-0.10830166075132236
2023-08-18,73.19000244140625,77.07119750976562,1,278.70150999509593,-109.41799684084157,180596.221507558,37.33648565129168,LOSS,180901.55889700932,-0.16878648880254787
2023-08-21,75.27999877929688,74.65380249023437,1,270.63036680426677,270.63036680426677,180866.85187436224,37.45768185464367,WIN,180901.55889700932,-0.019185585165046423
2023-08-22,74.9000015258789,76.78559875488281,1,285.74481523012275,97.18509232973213,180964.036966692,38.75567311305794,LOSS,180964.036966692,0.0
2023-08-23,77.77999877929688,76.39800155639648,1,284.5428218836155,284.5428218836155,181248.5797885756,38.79812966076865,WIN,181248.5797885756,0.0
2023-08-24,73.66000366210938,79.33559875488281,1,301.321315801974,-266.23819347536954,180982.3415951002,39.79096200163332,LOSS,181248.5797885756,-0.146891188767351
2023-08-25,74.26000213623047,75.13320373535156,1,278.50291343562424,191.18275352351537,181173.52434862373,38.55941681903905,LOSS,181248.5797885756,-0.04141022238045122
2023-08-28,73.70999908447266,75.74520217895508,1,277.7558976473908,74.23558819914814,181247.75993682287,38.02222087915224,LOSS,181248.5797885756,-0.0004523355458432776
2023-08-29,84.69999694824219,75.18419906616211,1,263.7617439266459,263.7617439266459,181511.52168074952,35.879889444661636,WIN,181511.52168074952,0.0
2023-08-30,83.83000183105469,86.39399688720704,1,393.4527440005245,137.05323838528943,181648.57491913481,49.99338126881076,LOSS,181648.57491913481,0.0
2023-08-31,79.5999984741211,85.50660186767578,1,385.6532098435233,-205.00712951194566,181443.56778962287,49.40032198854079,LOSS,181648.57491913481,-0.11285920057628046
2023-09-01,77.98999786376953,81.19199844360352,1,372.1136293027912,51.91357131939196,181495.48136094227,50.38420431808872,LOSS,181648.57491913481,-0.08428007665939433
2023-09-05,77.5,79.54979782104492,1,362.24234355042785,157.26256144593594,181652.7439223882,49.986465708648545,LOSS,181652.7439223882,0.0
2023-09-06,78.04000091552734,79.05,1,359.6425736345468,258.64266518728147,181911.3865875755,49.931184354402255,LOSS,181911.3865875755,0.0
2023-09-07,81.79000091552734,79.60080093383789,1,360.1798320543443,360.1798320543443,182271.56641962982,49.597474824855375,WIN,182271.56641962982,0.0
2023-09-08,82.08999633789062,83.42580093383789,1,380.6220232192608,247.0415636245342,182518.60798325436,50.104487481118205,LOSS,182518.60798325436,0.0
2023-09-11,80.62000274658203,83.73179626464844,1,381.7097862022083,70.53043439556768,182589.13841764993,50.05480339219508,LOSS,182589.13841764993,0.0
2023-09-12,81.31999969482422,82.23240280151367,1,373.4238488922731,282.1835382233278,182871.32195587325,49.816773923002444,LOSS,182871.32195587325,0.0
2023-09-13,79.86000061035156,82.9463996887207,1,376.8098018139628,68.16989397704873,182939.4918498503,49.840140044333964,LOSS,182939.4918498503,0.0
2023-09-14,83.44999694824219,81.45720062255859,1,369.78589277306554,369.78589277306554,183309.27774262338,49.79727671781255,WIN,183309.27774262338,0.0
2023-09-15,82.1500015258789,85.11899688720703,1,391.70044999512055,94.80091386230794,183404.07865648568,50.636076884446936,LOSS,183404.07865648568,0.0
2023-09-18,81.61000061035156,83.79300155639649,1,380.04811626415153,161.74802165965878,183565.82667814533,49.74229110096744,LOSS,183565.82667814533,0.0
2023-09-19,78.12999725341797,83.2422006225586,1,373.9217751728818,-137.29856174118123,183428.52811640414,49.15417782798672,LOSS,183565.82667814533,-0.07479527329556965
2023-09-20,76.66999816894531,79.69259719848633,1,362.64148310129684,60.381580147195564,183488.90969655133,49.943946833709255,LOSS,183565.82667814533,-0.04190157993233618
2023-09-21,74.41999816894531,78.20339813232422,1,356.93177340453235,-21.408222933358843,183467.50147361797,50.12803077868167,LOSS,183565.82667814533,-0.05356400279217169
2023-09-22,70.95999908447266,75.90839813232422,1,344.9412729624065,-149.89863182275013,183317.60284179522,49.85858791295001,LOSS,183565.82667814533,-0.1352233369587531
2023-09-25,71.75,72.37919906616212,1,327.29232600909677,264.3724193928852,183581.9752611881,49.558137383452525,LOSS,183581.9752611881,0.0
2023-09-26,70.5199966430664,73.185,1,331.1004656373868,64.60012994402717,183646.57539113215,49.58844445410754,LOSS,183646.57539113215,0.0
2023-09-27,71.5199966430664,71.93039657592773,1,325.97927253955896,284.93927925342655,183931.51467038557,49.69252437919695,LOSS,183931.51467038557,0.0
2023-09-28,75.16000366210938,72.95039657592774,1,255.26335075670596,255.26335075670596,184186.77802114227,35.757488052023156,WIN,184186.77802114227,0.0
2023-09-29,75.08000183105469,76.66320373535156,1,282.33560168412174,124.01541125443464,184310.7934323967,38.23579130124293,LOSS,184310.7934323967,0.0
2023-10-02,75.30999755859375,76.58160186767579,1,272.9365486347078,145.77611772650414,184456.56955012318,36.63267161075589,LOSS,184456.56955012318,0.0
2023-10-03,72.4800033569336,76.81619750976563,1,272.4249378145947,-161.19447746860885,184295.37507265457,36.39593661419771,LOSS,184456.56955012318,-0.08738885140375037
2023-10-04,73.47000122070312,73.92960342407227,1,267.3218770710702,221.36165673415582,184516.73672938874,37.332992820627055,LOSS,184516.73672938874,0.0
2023-10-05,74.62000274658203,74.93940124511718,1,271.6946822226122,239.75483236909713,184756.49156175784,37.46289996654852,LOSS,184756.49156175784,0.0
2023-10-06,78.45999908447266,76.11240280151367,1,266.03794462585927,266.03794462585927,185022.5295063837,35.70613034144698,WIN,185022.5295063837,0.0
2023-10-09,79.0999984741211,80.0291990661621,1,292.9204739730216,200.00041476892028,185222.52992115263,37.930374800071405,LOSS,185222.52992115263,0.0
2023-10-10,79.62000274658203,80.68199844360352,1,294.4819801221229,188.28241041997416,185410.8123315726,37.79192431177749,LOSS,185410.8123315726,0.0
2023-10-11,77.3499984741211,81.21240280151368,1,296.2656444597613,-89.97478827949692,185320.8375432931,37.76662593815974,LOSS,185410.8123315726,-0.04852726070721396
2023-10-12,75.19000244140625,78.89699844360352,1,289.8090131507912,-80.89058706893599,185239.94695622416,38.10697245030561,LOSS,185410.8123315726,-0.09215502224481563
2023-10-13,73.43000030517578,76.69380249023438,1,274.67337614782554,-51.706842358033896,185188.24011386614,36.867890630626746,LOSS,185410.8123315726,-0.1200427390978934
2023-10-16,75.20999908447266,74.8986003112793,1,269.1930444101568,269.1930444101568,185457.43315827628,37.03886760688488,WIN,185457.43315827628,0.0
2023-10-17,77.45999908447266,76.71419906616211,1,279.17454358654385,279.17454358654385,185736.6077018628,37.646756514484885,WIN,185736.6077018628,0.0
2023-10-18,73.93000030517578,79.00919906616211,1,284.704769208045,-223.215106890588,185513.39259497222,37.16487427003776,LOSS,185736.6077018628,-0.12017830499461435
2023-10-19,73.0999984741211,75.4086003112793,1,278.59676414743655,47.736580431615835,185561.12917540382,38.39354538785028,LOSS,185736.6077018628,-0.09447708162122757
2023-10-20,74.66000366210938,74.56199844360351,1,272.695335416031,272.695335416031,185833.82451081986,37.89160154450577,WIN,185833.82451081986,0.0
2023-10-23,77.20999908447266,76.15320373535157,1,270.63741524369465,270.63741524369465,186104.46192606355,36.495826099243,WIN,186104.46192606355,0.0
2023-10-24,82.06999969482422,78.75419906616212,1,283.7944601622908,283.7944601622908,186388.25638622584,37.16634221577171,WIN,186388.25638622584,0.0
2023-10-25,77.79000091552734,83.7113996887207,1,313.6617331090613,-278.47814421027465,186109.77824201557,39.10121387180507,LOSS,186388.25638622584,-0.14940755904342917
2023-10-26,74.61000061035156,79.3458009338379,1,310.3227451198053,-163.25728722882775,185946.52095478674,41.31513119395155,LOSS,186388.25638622584,-0.23699745896208843
2023-10-27,70.77999877929688,76.1022006225586,1,295.9506184804782,-236.2695658456941,185710.25138894105,41.01613187324541,LOSS,186388.25638622584,-0.3637595041824195
2023-10-30,73.5999984741211,72.19559875488281,1,289.1070532073275,289.1070532073275,185999.35844214837,42.57649213470616,WIN,186388.25638622584,-0.20864938146726006
2023-10-31,77.12000274658203,75.07199844360352,1,306.16096186940825,306.16096186940825,186305.51940401777,43.57141236872076,WIN,186388.25638622584,-0.04438958967276425
2023-11-01,77.80999755859375,78.66240280151368,1,322.82565014025397,237.5851258482611,186543.10452986605,43.91828802297819,LOSS,186543.10452986605,0.0
2023-11-02,84.5999984741211,79.36619750976563,1,325.4696685989254,325.4696685989254,186868.57419846498,43.876751728452426,WIN,186868.57419846498,0.0
2023-11-03,85.80000305175781,86.29199844360352,1,376.73290576389496,327.5333665793244,187196.1075650443,47.45156474536007,LOSS,187196.1075650443,0.0
2023-11-06,86.37000274658203,87.51600311279297,1,375.3815269838972,260.781490362803,187456.8890554071,46.41930109925322,LOSS,187456.8890554071,0.0
2023-11-07,89.06999969482422,88.09740280151367,1,377.85217787819175,377.85217787819175,187834.7412332853,46.415756729524375,WIN,187834.7412332853,0.0
2023-11-08,88.31999969482422,90.8513996887207,1,391.9598168608365,138.81981747118795,187973.5610507565,46.7567118190335,LOSS,187973.5610507565,0.0
2023-11-09,92.86000061035156,90.0863996887207,1,385.0795711031363,385.0795711031363,188358.64062185964,46.22052038293996,WIN,188358.64062185964,0.0
2023-11-10,92.91999816894531,94.7172006225586,1,406.2736102751382,226.55336491381013,188585.19398677346,46.419879198813504,LOSS,188585.19398677346,0.0
2023-11-13,92.63999938964844,94.77839813232423,1,402.3362427160314,188.49636844845242,188773.69035522192,45.82195646700731,LOSS,188773.69035522192,0.0
2023-11-14,92.08999633789062,94.49279937744141,1,401.3817181220748,161.10141416699582,188934.79176938892,45.85877650266651,LOSS,188934.79176938892,0.0
2023-11-15,98.1500015258789,93.93179626464844,1,398.54312236029546,398.54312236029546,189333.33489174923,45.79333010969813,WIN,189333.33489174923,0.0
2023-11-16,96.91999816894531,100.11300155639648,1,422.9253278284169,103.62498908329985,189436.95988083252,45.54479066870883,LOSS,189436.95988083252,0.0
2023-11-17,99.05000305175781,98.85839813232423,1,417.9033908862072,417.9033908862072,189854.86327171873,45.58275026246014,WIN,189854.86327171873,0.0
2023-11-20,106.0999984741211,101.03100311279297,1,427.12245298940593,427.12245298940593,190281.98572470812,45.58740133480542,WIN,190281.98572470812,0.0
2023-11-21,105.48999786376953,108.22199844360351,1,469.09812346145736,195.89806547805944,190477.88379018617,47.03056384577426,LOSS,190477.88379018617,0.0
2023-11-22,109.25,107.59979782104493,1,458.608342495116,458.608342495116,190936.49213268128,46.05332431436548,WIN,190936.49213268128,0.0
2023-11-24,115.54000091552734,111.435,1,455.81764978043077,455.81764978043077,191392.3097824617,43.736086180564826,WIN,191392.3097824617,0.0
2023-11-27,119.7699966430664,117.85080093383789,1,470.0126572479867,470.0126572479867,191862.32243970968,42.356602965048864,WIN,191862.32243970968,0.0
2023-11-28,128.27000427246094,122.16539657592773,1,453.88111755038506,453.88111755038506,192316.20355726007,38.674264274517476,WIN,192316.20355726007,0.0
2023-11-29,127.81999969482422,130.83540435791016,1,497.46564984544415,195.9251835368496,192512.12874079694,39.847170425984984,LOSS,192512.12874079694,0.0
2023-11-30,124.72000122070312,130.3763996887207,1,499.1195381234534,-66.52030867830507,192445.60843211864,40.198963791284115,LOSS,192512.12874079694,-0.03455382739435858
2023-12-01,133.75999450683594,127.21440124511719,1,500.1874331114376,500.1874331114376,192945.79586523006,41.59618894115228,WIN,192945.79586523006,0.0
2023-12-04,141.08999633789062,136.43519439697266,1,525.8247601287966,525.8247601287966,193471.62062535886,40.5461354253103,WIN,193471.62062535886,0.0
2023-12-05,140.1999969482422,143.91179626464844,1,560.1108793869321,188.9309477463064,193660.55157310516,41.059112162011246,LOSS,193660.55157310516,0.0
2023-12-06,134.6300048828125,143.00399688720702,1,560.9422354518056,-276.45696498764676,193384.0946081175,41.4709350770531,LOSS,193660.55157310516,-0.14275337064879226
2023-12-07,136.19000244140625,137.32260498046875,1,562.4814633446002,449.2212094383499,193833.31581755585,43.81196676454547,LOSS,193833.31581755585,0.0
2023-12-08,146.6199951171875,138.9138024902344,1,564.1235818374827,564.1235818374827,194397.43939939333,43.338385248013296,WIN,194397.43939939333,0.0
2023-12-11,138.02000427246094,149.55239501953125,1,620.404167223578,-532.8349074834528,193864.60449190988,44.518315339961546,LOSS,194397.43939939333,-0.2740956409352365
2023-12-12,139.6199951171875,140.78040435791016,1,617.7899096676302,501.7489855953645,194366.35347750524,47.75558690632541,LOSS,194397.43939939333,-0.015990911189024216
2023-12-13,150.4600067138672,142.41239501953126,1,622.3118586352728,622.3118586352728,194988.66533614052,47.5054747656023,WIN,194988.66533614052,0.0
2023-12-14,153.6300048828125,153.46920684814452,1,682.3260345719841,682.3260345719841,195670.9913707125,48.534010217391724,WIN,195670.9913707125,0.0
2023-12-15,147.89999389648438,156.70260498046875,1,686.8842250395462,-193.37688335889118,195477.6144873536,47.688642626776705,LOSS,195670.9913707125,-0.09882756866731063
2023-12-18,153.42999267578125,150.85799377441407,1,674.437148740042,674.437148740042,196152.05163609365,48.86679534600386,WIN,196152.05163609365,0.0
2023-12-19,161.16000366210938,156.49859252929687,1,700.8930418689849,700.8930418689849,196852.94467796263,48.97358813953456,WIN,196852.94467796263,0.0
2023-12-20,161.86000061035156,164.38320373535157,1,726.6199065913657,474.29959409136484,197327.244272054,48.18680082658831,LOSS,197327.244272054,0.0
2023-12-21,168.02999877929688,165.0972006225586,1,726.9410651703251,726.9410651703251,198054.18533722433,47.95510486132241,WIN,198054.18533722433,0.0
2023-12-22,175.47999572753906,171.3905987548828,1,755.1061940012737,755.1061940012737,198809.2915312256,47.99089542609269,WIN,198809.2915312256,0.0
2023-12-26,172.0500030517578,178.98959564208985,1,783.4878956553202,89.52863662211621,198898.82016784773,47.60660181991949,LOSS,198898.82016784773,0.0
2023-12-27,185.24000549316406,175.49100311279298,1,776.9737805705647,776.9737805705647,199675.7939484183,48.28324138352779,WIN,199675.7939484183,0.0
2023-12-28,186.36000061035156,188.94480560302733,1,840.8547502785176,582.3742510109405,200258.16819942923,48.5914096920037,LOSS,200258.16819942923,0.0
2023-12-29,173.9199981689453,190.08720062255858,1,843.4937943679989,-773.2264509933283,199484.9417484359,48.41785727503173,LOSS,200258.16819942923,-0.3861148126668693
2024-01-02,156.8800048828125,177.39839813232422,1,821.4982247182791,-1230.3411002328928,198254.60064820302,51.0275382913875,LOSS,200258.16819942923,-1.000492299136051
2024-01-03,152.24000549316406,160.01760498046875,1,787.2908634380522,9.530914707583747,198264.1315629106,54.93003690525189,LOSS,200258.16819942923,-0.9957329852996818
2024-01-04,155.60000610351562,155.28480560302734,1,759.5436590629137,759.5436590629137,199023.6752219735,54.54234104289116,WIN,200258.16819942923,-0.6164507488285527
2024-01-05,153.97999572753906,158.71200622558595,1,776.9158010666577,303.7147512619687,199327.38997323546,54.59409095842552,LOSS,200258.16819942923,-0.4647891442145035
2024-01-08,159.4199981689453,157.05959564208985,1,759.526087520556,759.526087520556,200086.91606075602,53.79502610233806,WIN,200258.16819942923,-0.08551568218813835
2024-01-09,151.99000549316406,162.60839813232423,1,790.0096284730433,-271.829635442973,199815.08642531306,54.09790761113664,LOSS,200258.16819942923,-0.22125528166967245
2024-01-10,151.2899932861328,155.02980560302734,1,742.2525193556102,368.27128766615726,200183.35771297922,53.14593136763021,LOSS,200258.16819942923,-0.03735702125044145
2024-01-11,141.16000366210938,154.31579315185547,1,719.1042302532616,-596.4747187213483,199586.88299425787,51.42076848152625,LOSS,200258.16819942923,-0.33520989990423244
2024-01-12,130.77999877929688,143.98320373535157,1,694.1685811707264,-626.1519144347428,198960.73107982313,53.59623391703572,LOSS,200258.16819942923,-0.6478822468375073
2024-01-16,133.8800048828125,133.39559875488283,1,637.7588325642049,637.7588325642049,199598.48991238733,53.05354680484326,WIN,200258.16819942923,-0.32941392252472307
2024-01-17,133.86000061035156,136.55760498046874,1,653.5309407155978,383.7705037038802,199982.26041609122,53.11823682053558,LOSS,200258.16819942923,-0.13777604470208105
2024-01-18,124.33999633789062,136.5372006225586,1,648.8584383251231,-570.8619901416745,199411.39842594953,52.66612561886339,LOSS,200258.16819942923,-0.42283906873473043
2024-01-19,124.75,126.82679626464844,1,611.8117195892517,404.132093124408,199815.53051907395,53.63423961987395,LOSS,200258.16819942923,-0.22103352104693147
2024-01-22,128.2100067138672,127.245,1,599.3151414754802,599.3151414754802,200414.8456605494,52.095145057675175,WIN,200414.8456605494,0.0
2024-01-23,124.19000244140625,130.77420684814453,1,621.3920551519777,-37.02838552185028,200377.81727502757,52.65795208360267,LOSS,200414.8456605494,-0.018475869589302023
2024-01-24,121.33999633789062,126.67380249023438,1,592.8239621914536,59.44334695707812,200437.26062198463,51.69027432653348,LOSS,200437.26062198463,0.0
2024-01-25,121.01000213623047,123.76679626464843,1,564.1886395073428,288.5092266655463,200725.76984865018,50.05158849290248,LOSS,200725.76984865018,0.0
2024-01-26,125.19999694824219,123.43020217895508,1,563.4949260016829,563.4949260016829,201289.26477465185,50.14348734090389,WIN,201289.26477465185,0.0
2024-01-29,132.82000732421875,127.70399688720704,1,554.2928265287095,554.2928265287095,201843.55760118057,47.10961980662923,WIN,201843.55760118057,0.0
2024-01-30,130.82000732421875,135.47640747070312,1,615.6484414232631,150.0084267748258,201993.56602795538,49.86053316360171,LOSS,201993.56602795538,0.0
2024-01-31,128.1999969482422,133.43640747070313,1,593.321558871892,69.68050662579765,202063.24653458118,48.540239694004,LOSS,202063.24653458118,0.0
2024-02-01,128.9499969482422,130.76399688720704,1,543.6325545648367,362.2325606683512,202425.47909524952,44.639077303392625,LOSS,202425.47909524952,0.0
2024-02-02,129.22000122070312,131.52899688720703,1,545.5054407563764,314.605874105986,202740.08496935552,44.504944013465135,LOSS,202740.08496935552,0.0
2024-02-05,117.30000305175781,131.8044012451172,1,542.1872964074315,-908.2525229285064,201831.83244642703,44.048319452475056,LOSS,202740.08496935552,-0.4479886269485279
2024-02-06,119.79000091552734,119.64600311279297,1,523.9142449427342,523.9142449427342,202355.74669136977,47.62802671798592,WIN,202740.08496935552,-0.1895719231072842
2024-02-07,122.06999969482422,122.1858009338379,1,529.6237901010003,518.0436661996325,202873.7903575694,47.03037512381714,LOSS,202873.7903575694,0.0
2024-02-08,132.5500030517578,124.5113996887207,1,538.4280033221869,538.4280033221869,203412.2183608916,46.892064970166004,WIN,203412.2183608916,0.0
2024-02-09,141.99000549316406,135.20100311279296,1,627.4670219867069,627.4670219867069,204039.6853828783,51.16495606511435,WIN,204039.6853828783,0.0
2024-02-12,147.30999755859375,144.82980560302735,1,677.9146322351032,677.9146322351032,204717.6000151134,51.701633929187196,WIN,204717.6000151134,0.0
2024-02-13,140.38999938964844,150.25619750976563,1,677.8109161059474,-308.8088959057716,204408.79111920763,49.411373918827216,LOSS,204717.6000151134,-0.15084628575313802
2024-02-14,160.3800048828125,143.1977993774414,1,657.8725719223323,657.8725719223323,205066.66369112997,50.53291452822202,WIN,205066.66369112997,0.0
2024-02-15,165.6699981689453,163.58760498046874,1,844.9787866123845,844.9787866123845,205911.64247774237,58.23957082868341,WIN,205911.64247774237,0.0
2024-02-16,180.30999755859375,168.98339813232423,1,839.713350584208,839.713350584208,206751.35582832657,55.59363443512189,WIN,206751.35582832657,0.0
2024-02-20,173.3000030517578,183.91619750976562,1,939.8673833843955,-121.7520624163858,206629.6037659102,57.49749203287212,LOSS,206751.35582832657,-0.058888156708132466
2024-02-21,162.41000366210938,176.76600311279296,1,919.3193901747022,-516.2805548936562,206113.32321101654,58.718206422243924,LOSS,206751.35582832657,-0.30859900035664845
2024-02-22,170.91000366210938,165.65820373535158,1,879.6834115571169,879.6834115571169,206993.00662257365,60.19520183821788,WIN,206993.00662257365,0.0
2024-02-23,165.97999572753906,174.32820373535156,1,924.149497803052,89.32869702180176,207082.33531959544,60.0734006170851,LOSS,207082.33531959544,0.0
2024-02-26,193.94000244140625,169.29959564208986,1,905.6102152047096,905.6102152047096,207987.94553480015,60.720444350097694,WIN,207987.94553480015,0.0
2024-02-27,199.22000122070312,197.8188024902344,1,1164.5763606525127,1164.5763606525127,209152.52189545266,67.97889490842964,WIN,209152.52189545266,0.0
2024-02-28,200.8000030517578,203.2044012451172,1,1189.6849197976853,949.2451004617469,210101.7669959144,67.54084089552285,LOSS,210101.7669959144,0.0
2024-02-29,203.55999755859375,204.81600311279297,1,1193.2363710488855,1067.6358156289634,211169.40281154335,67.15321012472175,LOSS,211169.40281154335,0.0
2024-03-01,205.77000427246094,207.63119750976563,1,1200.4603134306024,1014.3409897001334,212183.7438012435,66.5568189347697,LOSS,212183.7438012435,0.0
2024-03-04,229.14999389648438,209.88540435791015,1,1212.6369860948403,1212.6369860948403,213396.38078733833,66.5017576574508,WIN,213396.38078733833,0.0
2024-03-05,216.77000427246094,233.73299377441407,1,1386.3858759326408,-309.91307426267235,213086.46771307566,68.57810431440191,LOSS,213396.38078733833,-0.14522883336597872
2024-03-06,238.5500030517578,221.10540435791015,1,1269.7022155914435,1269.7022155914435,214356.1699286671,66.0282145119894,WIN,214356.1699286671,0.0
2024-03-07,242.6199951171875,243.32100311279297,1,1420.9408782520404,1350.840078691494,215707.0100073586,67.34056157990281,LOSS,215707.0100073586,0.0
2024-03-08,256.6199951171875,247.47239501953126,1,1445.6175402158383,1445.6175402158383,217152.62754757443,67.3641953078345,WIN,217152.62754757443,0.0
2024-03-11,254.1699981689453,261.75239501953126,1,1516.6635281426072,758.4238430840121,217911.05139065845,66.7264669840211,LOSS,217911.05139065845,0.0
2024-03-12,256.1400146484375,259.2533981323242,1,1504.8250962882032,1193.4867478995325,219104.53813855798,66.86394497074824,LOSS,219104.53813855798,0.0
2024-03-13,251.72999572753906,261.26281494140625,1,1519.4724970815328,566.1905756948142,219670.7287142528,67.01804949908274,LOSS,219670.7287142528,0.0
2024-03-14,233.6699981689453,256.76459564208983,1,1470.366265166259,-839.0934821481928,218831.6352321046,65.8122509189729,LOSS,219670.7287142528,-0.38197782975431577
2024-03-15,242.36000061035156,238.3433981323242,1,1341.8781534882482,1341.8781534882482,220173.51338559284,64.51021727195948,WIN,220173.51338559284,0.0
2024-03-18,239.6199951171875,247.2072006225586,1,1392.5144456755047,633.7938951383959,220807.30728073124,64.5502214793042,LOSS,220807.30728073124,0.0
2024-03-19,230.1199951171875,244.41239501953126,1,1352.2213061358389,-77.01868409853705,220730.28859663272,63.19488164899634,LOSS,220807.30728073124,-0.03488049605197426
2024-03-20,256.8800048828125,234.72239501953126,1,1299.1190042112075,1299.1190042112075,222029.40760084393,63.22408521961597,WIN,222029.40760084393,0.0
2024-03-21,262.0,262.0176049804688,1,1465.1070773579534,1463.3465793110759,223492.754180155,63.99228634996536,LOSS,223492.754180155,0.0
2024-03-22,255.50999450683594,267.24,1,1489.069725096057,316.06917577964987,223808.82335593464,63.72775745117623,LOSS,223808.82335593464,0.0
2024-03-25,279.7099914550781,260.62019439697264,1,1449.4914462922923,1449.4914462922923,225258.31480222693,63.58835548261074,WIN,225258.31480222693,0.0
2024-03-26,266.80999755859375,285.3041912841797,1,1462.2638678486974,-387.15550470989706,224871.15929751704,57.69959002602202,LOSS,225258.31480222693,-0.1718717930788977
2024-03-27,256.70001220703125,272.1461975097656,1,1425.773142412488,-118.84538786094845,224752.31390965608,59.23401260682852,LOSS,225258.31480222693,-0.22463139396879261
2024-03-28,265.1199951171875,261.8340124511719,1,1391.5026139819763,1391.5026139819763,226143.81652363806,60.25206402648712,WIN,226143.81652363806,0.0
2024-04-01,252.11000061035156,270.4223950195313,1,1439.6442668443808,-391.5951740735909,225752.22134956447,60.37676526557611,LOSS,226143.81652363806,-0.1731620081828144
2024-04-02,245.83999633789062,257.1522006225586,1,1395.64044360554,264.4200151387415,226016.64136470322,61.77475701954793,LOSS,226143.81652363806,-0.05623640782658726
2024-04-03,251.5800018310547,250.75679626464844,1,1292.5050569112093,1292.5050569112093,227309.14642161442,58.09274314994173,WIN,227309.14642161442,0.0
2024-04-04,249.61000061035156,256.6116018676758,1,1297.1988232100985,597.0386974776745,227906.1851190921,56.752707539648775,LOSS,227906.1851190921,0.0
2024-04-05,240.89999389648438,254.6022006225586,1,1218.7131988915817,-151.50747371584066,227754.67764537624,53.13148644655778,LOSS,227906.1851190921,-0.06647799998787786
2024-04-08,256.989990234375,245.71799377441405,1,1185.1430418162574,1185.1430418162574,228939.8206871925,53.6233054059336,WIN,228939.8206871925,0.0
2024-04-09,242.9499969482422,262.1297900390625,1,1273.531037474778,-644.448271607256,228295.37241558524,54.09847233858108,LOSS,228939.8206871925,-0.28149243310877836
2024-04-10,250.99000549316406,247.80899688720703,1,1226.191763204933,1226.191763204933,229521.56417879017,55.30928058903038,WIN,229521.56417879017,0.0
2024-04-11,263.010009765625,256.00980560302736,1,1274.9721116716496,1274.9721116716496,230796.5362904618,55.74155980458868,WIN,230796.5362904618,0.0
2024-04-12,245.75,268.2702099609375,1,1350.131441488938,-901.8895546048129,229894.646735857,56.45077742575008,LOSS,230796.5362904618,-0.39077256925110676
2024-04-15,223.41000366210938,250.665,1,1254.9269731459271,-1470.5726606431344,228424.07407521387,56.09537975794326,LOSS,230796.5362904618,-1.0279453294143694
2024-04-16,218.8300018310547,227.87820373535158,1,1187.1705474759367,282.35035704624784,228706.4244322601,58.83831028480471,LOSS,230796.5362904618,-0.9056079834626559
2024-04-17,213.77999877929688,223.20660186767577,1,1164.3314125242898,221.6711036864001,228928.09553594652,58.928890385756745,LOSS,230796.5362904618,-0.8095618697517303
2024-04-18,218.0800018310547,218.05559875488282,1,1131.6414271799717,1131.6414271799717,230059.7369631265,58.56872429960438,WIN,230796.5362904618,-0.3192419345531445
2024-04-19,211.00999450683594,222.4416018676758,1,1060.3137531505413,-82.84698293344354,229976.88998019305,52.8612341147675,LOSS,230796.5362904618,-0.3551380464554353
2024-04-22,225.86000061035156,215.23019439697265,1,1024.3719053618897,1024.3719053618897,231001.26188555494,52.76298312611297,WIN,231001.26188555494,0.0
2024-04-23,236.42999267578125,230.3772006225586,1,1138.0777485222154,1138.0777485222154,232139.33963407716,55.20038751605062,WIN,232139.33963407716,0.0
2024-04-24,224.3699951171875,241.15859252929687,1,1134.806355675941,-544.0533855349959,231595.28624854216,52.037295000508045,LOSS,232139.33963407716,-0.23436500956390602
2024-04-25,223.61000061035156,228.85739501953125,1,1079.9661524989972,555.2267115810281,232150.5129601232,52.216817817320546,LOSS,232150.5129601232,0.0
2024-04-26,236.32000732421875,228.0822006225586,1,1069.0291955834293,1069.0291955834293,233219.54215570661,51.786201125323075,WIN,233219.54215570661,0.0
2024-04-29,218.16000366210938,241.04640747070312,1,1148.8964200232772,-1139.743960836097,232079.79819487053,52.8555817468644,LOSS,233219.54215570661,-0.48870002500697346
2024-04-30,203.92999267578125,222.52320373535156,1,1083.310736179836,-776.0103697771947,231303.78782509334,54.232135597311874,LOSS,233219.54215570661,-0.8214381663326645
2024-05-01,210.08999633789062,208.0085925292969,1,1032.3117436420255,1032.3117436420255,232336.09956873537,55.50762804714663,WIN,233219.54215570661,-0.37880298486368774
2024-05-02,228.85000610351562,214.29179626464844,1,1066.5769341695059,1066.5769341695059,233402.67650290488,55.70173699928615,WIN,233402.67650290488,0.0
2024-05-03,223.25,233.42700622558596,1,1222.2138068062748,204.5131842476792,233607.18968715257,59.19299367361555,LOSS,233607.18968715257,0.0
2024-05-06,226.92999267578125,227.715,1,1188.7220693286235,1110.221336906748,234717.4110240593,58.98062739142839,LOSS,234717.4110240593,0.0
2024-05-07,214.33999633789062,231.46859252929687,1,1178.2915516134085,-534.568067527216,234182.84295653208,57.230331557632134,LOSS,234717.4110240593,-0.22774964379290788
2024-05-08,211.1999969482422,218.62679626464845,1,1113.4610197585407,370.7810881179147,234553.62404465,57.26370092262815,LOSS,234717.4110240593,-0.06978049847036033
2024-05-09,210.4499969482422,215.42399688720704,1,1087.9321979369195,590.5322040404343,235144.15624869044,56.686380843727115,LOSS,235144.15624869044,0.0
2024-05-10,200.9199981689453,214.65899688720702,1,1063.7510126287818,-310.14885919738936,234834.00738949305,55.409217160703584,LOSS,235144.15624869044,-0.1318973280668622
2024-05-13,199.50999450683594,204.9383981323242,1,1003.7773560818371,460.93699353300985,235294.94438302607,54.63210664032993,LOSS,235294.94438302607,0.0
2024-05-14,203.0500030517578,203.50019439697266,1,950.2306055629191,905.2114710414344,236200.1558540675,51.54870060552084,LOSS,236200.1558540675,0.0
2024-05-15,219.91000366210938,207.111003112793,1,968.3175540455867,968.3175540455867,237168.4734081131,51.62860852536127,WIN,237168.4734081131,0.0
2024-05-16,199.1699981689453,224.30820373535155,1,1094.9548577172418,-1418.8656989233823,235749.6077091897,54.40984631182789,LOSS,237168.4734081131,-0.5982522375483862
2024-05-17,207.60000610351562,203.1533981323242,1,1042.8459148727213,1042.8459148727213,236792.45362406241,57.8077118699872,WIN,237168.4734081131,-0.15854543339899516
2024-05-20,225.19000244140625,211.75200622558594,1,1092.6202216955448,1092.6202216955448,237885.07384575796,58.16679563347881,WIN,237885.07384575796,0.0
2024-05-21,225.77999877929688,229.6938024902344,1,1199.4377425751281,808.0573714813767,238693.13121723934,59.00329655127962,LOSS,238693.13121723934,0.0
2024-05-22,231.50999450683594,230.2955987548828,1,1188.5269739538116,1188.5269739538116,239881.65819119316,58.1798953527975,WIN,239881.65819119316,0.0
2024-05-23,218.86000061035156,236.14019439697267,1,1204.3602447488695,-523.6591339132417,239357.99905727993,57.36106431894104,LOSS,239881.65819119316,-0.2182989470148883
2024-05-24,237.64999389648438,223.2372006225586,1,1158.611979412351,1158.611979412351,240516.61103669228,58.57353767516825,WIN,240516.61103669228,0.0
2024-05-28,245.0,242.40299377441406,1,1285.4726871273635,1285.4726871273635,241802.08372381964,60.09815982546138,WIN,241802.08372381964,0.0
2024-05-29,236.64999389648438,249.9,1,1283.9054112643457,-41.095199087217225,241760.9885247324,57.86686291252885,LOSS,241802.08372381964,-0.016995386662658023
2024-05-30,234.75999450683594,241.38299377441408,1,1214.8942610901233,552.5943343323096,242313.5828590647,56.45518849479007,LOSS,242313.5828590647,0.0
2024-05-31,225.9199981689453,239.45519439697267,1,1203.3953615498315,-150.1242612529045,242163.4585978118,56.35397372802836,LOSS,242313.5828590647,-0.06195453819863578
2024-06-03,231.38999938964844,230.4383981323242,1,1118.4695443866035,1118.4695443866035,243281.92814219842,54.03452582859309,WIN,243281.92814219842,0.0
2024-06-04,244.1999969482422,236.0177993774414,1,1144.214540425288,1144.214540425288,244426.1426826237,53.958173143182854,WIN,244426.1426826237,0.0
2024-06-05,251.39999389648438,249.08399688720704,1,1226.857650373543,1226.857650373543,245653.00033299724,55.00359003288524,WIN,245653.00033299724,0.0
2024-06-06,257.0799865722656,256.42799377441406,1,1235.7772137490572,1235.7772137490572,246888.7775467463,53.56952075647856,WIN,246888.7775467463,0.0
2024-06-07,244.16000366210938,262.2215863037109,1,1259.9026850447472,-546.2555791154075,246342.5219676309,53.37423877358567,LOSS,246888.7775467463,-0.22125573488733669
2024-06-10,249.80999755859375,249.04320373535157,1,1223.4287311200014,1223.4287311200014,247565.95069875088,54.828695129961936,WIN,247565.95069875088,0.0
2024-06-11,244.1999969482422,254.80619750976564,1,1228.3184422383422,167.69838608599707,247733.64908483688,53.58842501668322,LOSS,247733.64908483688,0.0
2024-06-12,254.9600067138672,249.08399688720704,1,1207.1760937100426,1207.1760937100426,248940.82517854692,53.93740442688613,WIN,248940.82517854692,0.0
2024-06-13,247.63999938964844,260.0592068481445,1,1268.5059320083224,26.58518615871344,248967.41036470563,54.35969634037836,LOSS,248967.41036470563,0.0
2024-06-14,244.5,252.59279937744142,1,1200.8708429955136,391.5909052513713,249359.001269957,52.69217222099251,LOSS,249359.001269957,0.0
2024-06-17,245.10000610351562,249.39000000000001,1,1096.9584338660393,667.9590442176003,250026.9603141746,47.89380007103978,LOSS,250026.9603141746,0.0
2024-06-18,235.9499969482422,250.00200622558594,1,1090.4395655327921,-314.76136220158355,249712.198951973,47.396665557277515,LOSS,250026.9603141746,-0.12589096864037183
2024-06-20,235.02999877929688,240.66899688720704,1,1009.0044730271012,445.1046622360843,250157.3036142091,45.11326336550472,LOSS,250157.3036142091,0.0
2024-06-21,225.86000061035156,239.7305987548828,1,1005.5152675509352,-381.54454690218915,249775.7590673069,45.138311916705725,LOSS,250157.3036142091,-0.15252184980798927
2024-06-24,212.30999755859375,230.3772006225586,1,975.7493406708206,-830.9709657256647,248944.78810158125,45.692714693610824,LOSS,250157.3036142091,-0.4847012240337279
2024-06-25,221.7100067138672,216.55619750976564,1,922.440172502455,922.440172502455,249867.2282740837,46.01852013888269,WIN,250157.3036142091,-0.11595717411982576
2024-06-26,214.5800018310547,226.14420684814453,1,910.7946913855889,-245.62581032339597,249621.6024637603,42.886814521665904,LOSS,250157.3036142091,-0.21414571659876214
2024-06-27,224.0,218.8716018676758,1,876.8083860956899,876.8083860956899,250498.41084985598,42.597312997789814,WIN,250498.41084985598,0.0
2024-06-28,222.22999572753906,228.48000000000002,1,929.3540065593198,304.35357931322426,250802.7644291692,43.427298971886366,LOSS,250802.7644291692,0.0
2024-07-01,233.3699951171875,226.67459564208986,1,922.0007880801269,922.0007880801269,251724.76521724934,43.426724858209134,WIN,251724.76521724934,0.0
2024-07-02,227.50999450683594,238.03739501953126,1,979.244283400126,-73.49576786940611,251651.26944937994,44.05169760338331,LOSS,251724.76521724934,-0.0291968761222101
2024-07-03,224.94000244140625,232.06019439697266,1,956.0823866495032,244.06319109286198,251895.3326404728,44.13468699130783,LOSS,251895.3326404728,0.0
2024-07-05,223.67999267578125,229.43880249023437,1,913.4220024760045,337.54102103069295,252232.8736615035,42.260977028422374,LOSS,252232.8736615035,0.0
2024-07-08,220.55999755859375,228.15359252929687,1,896.3474452063579,136.9879481360456,252369.86160963954,41.55376429406969,LOSS,252369.86160963954,0.0
2024-07-09,219.97000122070312,224.97119750976563,1,875.7606703108107,375.64104140456016,252745.5026510441,41.068896195241194,LOSS,252745.5026510441,0.0
2024-07-10,219.55999755859375,224.3694012451172,1,852.2347681418349,371.29439948949107,253116.7970505336,39.79495864989591,LOSS,253116.7970505336,0.0
2024-07-11,214.6300048828125,223.95119750976562,1,841.6662136988417,-90.45304899647033,253026.34400153713,39.253898647732505,LOSS,253116.7970505336,-0.03573569595162951
2024-07-12,218.02000427246094,218.92260498046875,1,822.7663356774981,732.5062648767171,253758.85026641385,39.25382877529165,LOSS,253758.85026641385,0.0
2024-07-15,242.85000610351562,222.38040435791015,1,811.7106778027699,811.7106778027699,254570.56094421662,37.7944946848855,WIN,254570.56094421662,0.0
2024-07-16,251.49000549316406,247.70700622558593,1,1054.0918111293795,1054.0918111293795,255624.652755346,45.96197878117732,WIN,255624.652755346,0.0
2024-07-17,249.10000610351562,256.51980560302735,1,1101.8373266868273,359.8573767356547,255984.51013208166,46.50080507271457,LOSS,255984.51013208166,0.0
2024-07-18,233.24000549316406,254.08200622558593,1,1092.6361264537227,-991.5639467884639,254992.9461852932,46.56824749251041,LOSS,255984.51013208166,-0.3873531044034027
2024-07-19,257.7900085449219,237.90480560302734,1,1047.5903520450886,1047.5903520450886,256040.53653733828,47.959042413812426,WIN,256040.53653733828,0.0
2024-07-22,265.1499938964844,262.9458087158203,1,1252.9483540327374,1252.9483540327374,257293.48489137102,52.83880638384443,WIN,257293.48489137102,0.0
2024-07-23,257.6300048828125,270.45299377441404,1,1273.6128647970738,-8.68602436308015,257284.79886700792,52.085066266918076,LOSS,257293.48489137102,-0.003375920834824754
2024-07-24,245.05999755859375,262.78260498046876,1,1207.0939382201536,-565.1668039673475,256719.63206304057,50.524210855799396,LOSS,257293.48489137102,-0.22303434094832508
2024-07-25,231.52000427246094,249.96119750976564,1,1164.9976725954718,-679.1216511349983,256040.51041190556,51.431047861441904,LOSS,257293.48489137102,-0.4869825911038745
2024-07-26,242.92999267578125,236.15040435791016,1,1118.447377458427,1118.447377458427,257158.95778936398,52.44913773290218,WIN,257293.48489137102,-0.05228546772718829
2024-07-29,234.1999969482422,247.7885925292969,1,1177.201408973381,-181.65814913208965,256977.29964023188,52.64700804939007,LOSS,257293.48489137102,-0.1228889457782526
2024-07-30,224.4600067138672,238.88399688720705,1,1146.3052900172618,-296.0937273167242,256681.20591291515,53.29139302648128,LOSS,257293.48489137102,-0.23796909537541275
2024-07-31,224.36000061035156,228.94920684814454,1,1094.7640169035974,635.8433931242995,257317.04930603944,53.063409245053265,LOSS,257317.04930603944,0.0
2024-08-01,212.63999938964844,228.8472006225586,1,1089.701510467723,-531.0186128232936,256786.03069321613,52.79367230890031,LOSS,257317.04930603944,-0.20636744213234692
2024-08-02,204.44000244140625,216.8927993774414,1,1050.471950067119,-194.80774353639663,256591.22294967974,53.89443259816216,LOSS,257317.04930603944,-0.28207472389302873
2024-08-05,189.47000122070312,208.52880249023437,1,1018.3974545402993,-887.4826724128252,255703.74027726692,54.440216500932415,LOSS,257317.04930603944,-0.6269732352067101
2024-08-06,194.1699981689453,193.2594012451172,1,970.8431711165371,970.8431711165371,256674.58344838346,56.32655762009863,WIN,257317.04930603944,-0.249678697695565
2024-08-07,178.91000366210938,198.05339813232422,1,1000.3032718059447,-914.0361752155396,255760.54727316793,56.69291480819351,LOSS,257317.04930603944,-0.6048965807237597
2024-08-08,192.32000732421875,182.48820373535156,1,948.5878388403206,948.5878388403206,256709.13511200825,58.6818716889764,WIN,257317.04930603944,-0.236251035705046
2024-08-09,196.2899932861328,196.16640747070312,1,1053.801906930802,1053.801906930802,257762.93701893906,61.0283872295168,WIN,257762.93701893906,0.0
2024-08-12,191.74000549316406,200.21579315185548,1,1076.6942250355096,229.11545916636794,257992.05247810544,61.10515577056544,LOSS,257992.05247810544,0.0
2024-08-13,197.94000244140625,195.57480560302736,1,972.0587834745112,972.0587834745112,258964.11126157996,55.607932991608074,WIN,258964.11126157996,0.0
2024-08-14,195.9600067138672,201.89880249023437,1,1001.7234516791433,407.84387404242466,259371.95513562238,55.489822014015914,LOSS,259371.95513562238,0.0
2024-08-15,197.1199951171875,199.87920684814455,1,991.6975350101985,715.7763619144937,260087.73149753688,55.489439418905064,LOSS,260087.73149753688,0.0
2024-08-16,205.30999755859375,201.06239501953127,1,980.4137465195446,980.4137465195446,261068.14524405642,54.33822094712283,WIN,261068.14524405642,0.0
2024-08-19,204.4600067138672,209.41619750976562,1,948.2799752835366,452.66089569369296,261520.80613975012,49.64309128507262,LOSS,261520.80613975012,0.0
2024-08-20,197.25,208.54920684814454,1,932.9014632173413,-197.01922159711228,261323.786918153,48.902097286303935,LOSS,261520.80613975012,-0.07533596447077186
2024-08-21,206.22999572753906,201.195,1,901.9729244211592,901.9729244211592,262225.75984257413,49.03414841868354,WIN,262225.75984257413,0.0
2024-08-22,198.42999267578125,210.35459564208983,1,954.9299299903593,-237.5303666404992,261988.22947593362,49.797085313162206,LOSS,262225.75984257413,-0.09058239235653621
2024-08-23,211.39999389648438,202.39859252929688,1,908.9277503306512,908.9277503306512,262897.15722626424,49.13808422502388,WIN,262897.15722626424,0.0
2024-08-26,204.0,215.62799377441408,1,984.0165621645134,-178.78281527689467,262718.37441098737,50.119194188855204,LOSS,262897.15722626424,-0.0680048491825293
2024-08-27,198.3000030517578,208.08,1,949.1711075173054,-28.828587306914642,262689.54582368047,50.09323939274962,LOSS,262897.15722626424,-0.07897057723035475
2024-08-28,190.1999969482422,202.26600311279296,1,916.9837744697983,-289.61684198527894,262399.9289816952,49.71522985938812,LOSS,262897.15722626424,-0.1891341275102086
2024-08-29,188.27999877929688,194.00399688720702,1,887.4378858494014,315.03807505838654,262714.9670567536,50.26540980331642,LOSS,262897.15722626424,-0.06930092794950278
2024-08-30,183.36000061035156,192.0455987548828,1,864.2153799129406,-4.3444345401834426,262710.6226222134,49.26319512366576,LOSS,262897.15722626424,-0.07095345039821677
2024-09-03,169.1300048828125,187.0272006225586,1,837.0278644624857,-952.6917095121253,261757.93091270127,48.93100026270617,LOSS,262897.15722626424,-0.43333534891839603
2024-09-04,163.22000122070312,172.51260498046875,1,775.9253182337079,-153.3350577428547,261604.5958549584,49.232647379429984,LOSS,262897.15722626424,-0.49166045952843423
2024-09-05,159.6999969482422,166.4844012451172,1,747.952916179726,69.51248649222498,261674.10834145063,49.163041778373554,LOSS,262897.15722626424,-0.46521951690827534
2024-09-06,147.35000610351562,162.89399688720704,1,701.4810726765676,-852.9180056925737,260821.19033575806,46.64970364536076,LOSS,262897.15722626424,-0.7896498054254307
2024-09-09,155.0500030517578,150.29700622558593,1,633.5870572556256,633.5870572556256,261454.77739301368,45.42452686124228,WIN,262897.15722626424,-0.5486479384062621
2024-09-10,158.4600067138672,158.15100311279298,1,685.6511819531688,685.6511819531688,262140.42857496685,47.04176060365455,WIN,262897.15722626424,-0.2878420821591887
2024-09-11,157.14999389648438,161.62920684814452,1,705.8610945384561,257.9397993724416,262398.3683743393,47.470066000114606,LOSS,262897.15722626424,-0.18972774646461962
2024-09-12,162.88999938964844,160.29299377441407,1,689.1661764941435,689.1661764941435,263087.53455083346,46.55592582724577,WIN,263087.53455083346,0.0
2024-09-13,163.0500030517578,166.1477993774414,1,727.839253051239,418.05962048288006,263505.59417131636,47.65236672298877,LOSS,263505.59417131636,0.0
2024-09-16,161.5,166.31100311279297,1,727.8140828667562,246.71377158745872,263752.30794290383,47.592319085454484,LOSS,263752.30794290383,0.0
2024-09-17,162.4499969482422,164.73,1,704.0946756155396,476.09437043975936,264228.4023133436,46.216152868407164,LOSS,264228.4023133436,0.0
2024-09-18,162.63999938964844,165.69899688720704,1,709.7774424619367,403.877692706076,264632.28000604967,46.34164460666846,LOSS,264632.28000604967,0.0
2024-09-19,168.24000549316406,165.8927993774414,1,707.1479092693412,707.1479092693412,265339.427915319,46.06024128824593,WIN,265339.427915319,0.0
2024-09-20,170.08999633789062,171.60480560302736,1,724.0266038786242,572.5456773649508,265911.97359268396,45.472892081695335,LOSS,265911.97359268396,0.0
2024-09-23,170.22000122070312,173.49179626464843,1,728.4131746703601,401.2336702758298,266313.2072629598,45.19485191299628,LOSS,266313.2072629598,0.0
2024-09-24,171.67999267578125,173.62440124511718,1,688.8735266342138,494.4326697006204,266807.63993266044,42.07873477972501,LOSS,266807.63993266044,0.0
2024-09-25,167.0800018310547,175.11359252929688,1,691.9369722148516,-111.42209760936771,266696.21783505107,41.85950778615658,LOSS,266807.63993266044,-0.041761209550633636
2024-09-26,179.92999267578125,170.42160186767578,1,673.050704975759,673.050704975759,267369.26854002685,41.832071686676755,WIN,267369.26854002685,0.0
2024-09-27,191.22999572753906,183.52859252929687,1,767.9161333828662,767.9161333828662,268137.18467340973,45.000976284903345,WIN,268137.18467340973,0.0
2024-09-30,178.1699981689453,195.05459564208985,1,846.1097012367575,-842.3500460776963,267294.83462733205,47.07399087320419,LOSS,268137.18467340973,-0.3141489111641359
2024-10-01,165.00999450683594,181.73339813232423,1,815.4835268388076,-856.8568357100212,266437.97779162205,49.09046445175746,LOSS,268137.18467340973,-0.6337080341383142
2024-10-02,164.47000122070312,168.31019439697266,1,751.8162779216327,367.796960294679,266805.7747519167,48.8151663999414,LOSS,268137.18467340973,-0.49654057609155744
2024-10-03,163.10000610351562,167.7594012451172,1,741.7441069052682,275.8045927451103,267081.5793446618,48.202924317259075,LOSS,268137.18467340973,-0.3936810666650612
2024-10-04,170.91000366210938,166.36200622558593,1,732.8678842245292,732.8678842245292,267814.4472288863,47.984120640537256,WIN,268137.18467340973,-0.12036280790988542
2024-10-07,168.9199981689453,174.32820373535156,1,734.555774365449,193.73521772482377,268008.1824466111,45.398488920682624,LOSS,268137.18467340973,-0.04811053228433977
2024-10-08,167.69000244140625,172.29839813232422,1,713.5553150234538,252.71574593165644,268260.8981925428,44.42367119863391,LOSS,268260.8981925428,0.0
2024-10-09,166.97000122070312,171.04380249023438,1,707.0440653396238,299.6639383864979,268560.56213092926,44.31989566798377,LOSS,268560.56213092926,0.0
2024-10-10,164.27000427246094,170.3094012451172,1,703.4484159340811,99.50871866845625,268660.07084959775,44.27553938732387,LOSS,268660.07084959775,0.0
2024-10-11,176.3800048828125,167.55540435791016,1,686.2361833949674,686.2361833949674,269346.3070329927,43.80547570944912,WIN,269346.3070329927,0.0
2024-10-14,196.35000610351562,179.90760498046876,1,773.565975569823,773.565975569823,270119.87300856254,46.56105864919233,WIN,270119.87300856254,0.0
2024-10-15,196.33999633789062,200.27700622558595,1,939.0756639430034,545.3746751734709,270665.24768373603,51.81115487595425,LOSS,270665.24768373603,0.0
2024-10-16,210.47999572753906,200.26679626464843,1,939.6427330175449,939.6427330175449,271604.8904167536,51.85258771402527,WIN,271604.8904167536,0.0
2024-10-17,204.1999969482422,214.68959564208984,1,1031.461010981872,-17.498858402893347,271587.3915583507,53.3702467124278,LOSS,271604.8904167536,-0.006442762638051242
2024-10-18,220.2100067138672,208.28399688720702,1,1009.3345566628254,1009.3345566628254,272596.72611501353,53.93054434535735,WIN,272596.72611501353,0.0
2024-10-21,213.72000122070312,224.61420684814453,1,1118.5105266546025,29.08996391046162,272625.816078924,55.73518027547179,LOSS,272625.816078924,0.0
2024-10-22,210.72000122070312,217.9944012451172,1,1096.5168799816852,369.0768775402788,272994.89295646426,56.41425734241748,LOSS,272994.89295646426,0.0
2024-10-23,198.92999267578125,214.9344012451172,1,1085.4015752392988,-515.0392816942949,272479.85367477,56.68273518294618,LOSS,272994.89295646426,-0.1886626068775625
2024-10-24,209.16000366210938,202.90859252929687,1,1042.630048634809,1042.630048634809,273522.4837234048,57.876924120918034,WIN,273522.4837234048,0.0
2024-10-25,205.0399932861328,213.34320373535158,1,1078.989430534602,248.66838561272527,273771.15210901754,56.78540261126915,LOSS,273771.15210901754,0.0
2024-10-28,216.10000610351562,209.14079315185546,1,1042.5754671595287,1042.5754671595287,274813.72757617704,55.80730105835791,WIN,274813.72757617704,0.0
2024-10-29,219.66000366210938,220.42200622558593,1,1074.086917553764,997.8866612061082,275811.6142373831,54.293685178398604,LOSS,275811.6142373831,0.0
2024-10-30,211.74000549316406,224.05320373535156,1,1036.548974612141,-194.77084960660864,275616.8433877765,50.967388164992954,LOSS,275811.6142373831,-0.07061734878175603
2024-10-31,179.25,215.97480560302733,1,1015.4869231693862,-2656.9936371333474,272959.8497506432,51.986469808091975,LOSS,275811.6142373831,-1.033953734916146
