Date,Stock_Price,Strike,Contracts,Premium,PnL,Capital,VIX,Status,Peak,Drawdown_%
2019-01-03,12.656999588012695,12.857000350952148,2,71.42163288711458,31.42148029922396,50031.42148029922,51.74338369981129,LOSS,50031.42148029922,0.0
2019-01-04,13.039999961853027,12.656999588012695,2,70.31061315639283,70.31061315639283,50101.73209345561,51.74338369981129,WIN,50101.73209345561,0.0
2019-01-07,13.123000144958496,13.039999961853027,2,72.43820990130743,72.43820990130743,50174.17030335692,51.74338369981129,WIN,50174.17030335692,0.0
2019-01-08,13.230999946594238,13.123000144958496,2,72.8992823478741,72.8992823478741,50247.0695857048,51.74338369981129,WIN,50247.0695857048,0.0
2019-01-09,13.157999992370605,13.230999946594238,2,73.49922961191365,58.899238767187086,50305.96882447199,51.74338369981129,LOSS,50305.96882447199,0.0
2019-01-10,13.25100040435791,13.157999992370605,2,73.09370921143,73.09370921143,50379.06253368342,51.74338369981129,WIN,50379.06253368342,0.0
2019-01-11,13.38599967956543,13.25100040435791,2,73.6103337040797,73.6103337040797,50452.6728673875,51.74338369981129,WIN,50452.6728673875,0.0
2019-01-14,13.211000442504883,13.38599967956543,2,74.36026513526177,39.360417723152395,50492.03328511065,51.74338369981129,LOSS,50492.03328511065,0.0
2019-01-15,13.430999755859375,13.211000442504883,2,73.38813081748229,73.38813081748229,50565.42141592813,51.74338369981129,WIN,50565.42141592813,0.0
2019-01-16,13.383999824523926,13.430999755859375,2,74.61024404490072,65.21025777781088,50630.631673705946,51.74338369981129,LOSS,50630.631673705946,0.0
2019-01-17,13.48799991607666,13.383999824523926,2,74.34915578559212,74.34915578559212,50704.980829491535,51.74338369981129,WIN,50704.980829491535,0.0
2019-01-18,13.631999969482422,13.48799991607666,2,74.92688435029233,74.92688435029233,50779.90771384183,51.74338369981129,WIN,50779.90771384183,0.0
2019-01-22,13.723999977111816,13.631999969482422,2,75.72681580158994,75.72681580158994,50855.634529643416,51.74338369981129,WIN,50855.634529643416,0.0
2019-01-23,13.748000144958496,13.723999977111816,2,76.23788297053747,76.23788297053747,50931.87241261395,51.74338369981129,WIN,50931.87241261395,0.0
2019-01-24,13.82800006866455,13.748000144958496,2,76.37120576204286,76.37120576204286,51008.24361837599,51.74338369981129,WIN,51008.24361837599,0.0
2019-01-25,13.9399995803833,13.82800006866455,2,76.81561153523768,76.81561153523768,51085.05922991123,51.74338369981129,WIN,51085.05922991123,0.0
2019-01-28,13.85099983215332,13.9399995803833,2,77.43777749861655,59.63782785262046,51144.69705776385,51.74338369981129,LOSS,51144.69705776385,0.0
2019-01-29,13.82699966430664,13.85099983215332,2,76.94337700304088,72.14334343370494,51216.84040119755,51.74338369981129,LOSS,51216.84040119755,0.0
2019-01-30,12.737000465393066,13.82699966430664,2,76.81005421153549,-141.18978557117936,51075.65061562637,51.74338369981129,LOSS,51216.84040119755,-0.2756706279910977
2019-01-31,12.689000129699707,12.737000465393066,2,70.75502422732234,61.15495708865046,51136.80557271502,51.74338369981129,LOSS,51216.84040119755,-0.1562666260854683
2019-02-01,12.803999900817871,12.689000129699707,2,32.209158480586794,32.209158480586794,51169.01473119561,31.789625346216383,WIN,51216.84040119755,-0.09337879812051579
2019-02-04,13.005000114440918,12.803999900817871,2,32.177097905960146,32.177097905960146,51201.19182910157,31.622266407060383,WIN,51216.84040119755,-0.030553567876117516
2019-02-05,13.21500015258789,13.005000114440918,2,31.36796469214878,31.36796469214878,51232.55979379372,30.953831791497876,WIN,51232.55979379372,0.0
2019-02-06,12.82699966430664,13.21500015258789,2,32.316055894887555,-45.284041761362445,51187.27575203236,31.174847950265033,LOSS,51232.55979379372,-0.08838918442417577
2019-02-07,12.913999557495117,12.82699966430664,2,32.85342147992642,32.85342147992642,51220.12917351229,31.941214864795786,WIN,51232.55979379372,-0.02426312550351829
2019-02-08,13.07800006866455,12.913999557495117,2,33.15369020745055,33.15369020745055,51253.28286371974,31.98087779515257,WIN,51253.28286371974,0.0
2019-02-11,13.680000305175781,13.07800006866455,2,33.80121370994675,33.80121370994675,51287.08407742968,32.09542839484746,WIN,51287.08407742968,0.0
2019-02-12,14.211000442504883,13.680000305175781,2,39.130256998970154,39.130256998970154,51326.21433442865,33.919759950251944,WIN,51326.21433442865,0.0
2019-02-13,14.043000221252441,14.211000442504883,2,42.59722241861634,8.997178168128059,51335.21151259678,34.826481871866534,LOSS,51335.21151259678,0.0
2019-02-14,14.005999565124512,14.043000221252441,2,42.17763114915252,34.77749992356658,51369.98901252035,34.86604022507745,LOSS,51369.98901252035,0.0
2019-02-15,14.105999946594238,14.005999565124512,2,42.049313655632695,42.049313655632695,51412.038326175985,34.857923423540996,WIN,51412.038326175985,0.0
2019-02-19,14.190999984741211,14.105999946594238,2,42.338549476524875,42.338549476524875,51454.37687565251,34.85277066677117,WIN,51454.37687565251,0.0
2019-02-20,14.041999816894531,14.190999984741211,2,42.4949013845297,12.69486781519376,51467.071743467706,34.80673334729241,LOSS,51467.071743467706,0.0
2019-02-21,14.312999725341797,14.041999816894531,2,42.278489067202266,42.278489067202266,51509.35023253491,34.914963918600606,WIN,51509.35023253491,0.0
2019-02-22,14.541000366210938,14.312999725341797,2,43.63692450827145,43.63692450827145,51552.98715704318,35.16566276183393,WIN,51552.98715704318,0.0
2019-02-25,14.619000434875488,14.541000366210938,2,44.6340727687594,44.6340727687594,51597.621229811935,35.30304889141361,WIN,51597.621229811935,0.0
2019-02-26,14.180000305175781,14.619000434875488,2,44.83432889278529,-42.96569704715612,51554.65553276478,35.285327471125086,LOSS,51597.621229811935,-0.083270693537962
2019-02-27,14.119000434875488,14.180000305175781,2,45.13976930041319,32.9397952403546,51587.59532800513,36.05581827176147,LOSS,51597.621229811935,-0.019430938031325333
2019-02-28,14.149999618530273,14.119000434875488,2,44.984162863459815,44.984162863459815,51632.57949086859,36.07389053887218,WIN,51632.57949086859,0.0
2019-03-01,14.173999786376953,14.149999618530273,2,31.721525422388435,31.721525422388435,51664.301016290985,29.82813952965503,WIN,51664.301016290985,0.0
2019-03-04,13.930999755859375,14.173999786376953,2,31.6017225374196,-16.998283566096024,51647.302732724886,29.74712503446586,LOSS,51664.301016290985,-0.032901410125996775
2019-03-05,13.866000175476074,13.930999755859375,2,32.1691697178116,19.169253641151442,51666.471986366036,30.2737822927894,LOSS,51666.471986366036,0.0
2019-03-06,13.696999549865723,13.866000175476074,2,31.86824628011764,-1.931878841952674,51664.54010752408,30.20183421857912,LOSS,51666.471986366036,-0.0037391344283481025
2019-03-07,13.734999656677246,13.696999549865723,2,31.568697024265983,31.568697024265983,51696.10880454835,30.244747807079282,WIN,51696.10880454835,0.0
2019-03-08,13.812000274658203,13.734999656677246,2,29.232063218350174,29.232063218350174,51725.340867766696,29.07731552935895,WIN,51725.340867766696,0.0
2019-03-11,14.300000190734863,13.812000274658203,2,29.38060356491576,29.38060356491576,51754.72147133161,29.069969746592058,WIN,51754.72147133161,0.0
2019-03-12,14.519000053405762,14.300000190734863,2,32.63652903220438,32.63652903220438,51787.35800036382,30.095828378292303,WIN,51787.35800036382,0.0
2019-03-13,14.75,14.519000053405762,2,28.896838313974136,28.896838313974136,51816.25483867779,28.164447891314076,WIN,51816.25483867779,0.0
2019-03-14,14.800000190734863,14.75,2,25.966992193370565,25.966992193370565,51842.22183087116,26.644441294917655,WIN,51842.22183087116,0.0
2019-03-15,14.833000183105469,14.800000190734863,2,25.411123990616506,25.411123990616506,51867.63295486178,26.3566746194853,WIN,51867.63295486178,0.0
2019-03-18,14.782999992370605,14.833000183105469,2,25.37045920163017,15.370421054657513,51883.003375916436,26.313275275806426,LOSS,51883.003375916436,0.0
2019-03-19,14.739999771118164,14.782999992370605,2,25.34144635992873,16.74140210944045,51899.74477802587,26.338558642639683,LOSS,51899.74477802587,0.0
2019-03-20,14.753999710083008,14.739999771118164,2,25.306219387197558,25.306219387197558,51925.05099741307,26.355828385587387,WIN,51925.05099741307,0.0
2019-03-21,14.961999893188477,14.753999710083008,2,24.7983617309372,24.7983617309372,51949.849359144006,26.11737483921774,WIN,51949.849359144006,0.0
2019-03-22,14.383000373840332,14.961999893188477,2,24.642499590846146,-91.15740427878276,51858.69195486522,25.89391893895005,LOSS,51949.849359144006,-0.1754719318791214
2019-03-25,14.409000396728516,14.383000373840332,2,27.790834233017808,27.790834233017808,51886.48278909824,27.780302126897833,WIN,51949.849359144006,-0.12197642693377811
2019-03-26,14.5649995803833,14.409000396728516,2,27.758593818123135,27.758593818123135,51914.24138291636,27.742441176607123,WIN,51949.849359144006,-0.06854298263980363
2019-03-27,14.362000465393066,14.5649995803833,2,25.605480291818523,-14.994342706228352,51899.24704021013,26.62817284659588,LOSS,51949.849359144006,-0.09740609368093786
2019-03-28,14.479999542236328,14.362000465393066,2,25.857045390344013,25.857045390344013,51925.10408560048,26.908388372950625,WIN,51949.849359144006,-0.047633003461584576
2019-03-29,14.425000190734863,14.479999542236328,2,26.219317297901785,15.219446997608816,51940.323532598086,26.976829300615517,LOSS,51949.849359144006,-0.018336581652171818
2019-04-01,14.734000205993652,14.425000190734863,2,26.19180175544102,26.19180175544102,51966.51533435353,27.00987745534159,WIN,51966.51533435353,0.0
2019-04-02,14.619999885559082,14.734000205993652,2,26.797236383740962,3.9971722968269,51970.51250665035,27.0297988163373,LOSS,51970.51250665035,0.0
2019-04-03,14.793000221252441,14.619999885559082,2,26.758526186044556,26.758526186044556,51997.2710328364,27.10608862740361,WIN,51997.2710328364,0.0
2019-04-04,14.456999778747559,14.793000221252441,2,26.54917853032307,-40.650909970653494,51956.620122865745,26.87090564011752,LOSS,51997.2710328364,-0.07817892970764095
2019-04-05,14.652000427246094,14.456999778747559,2,27.938479982593385,27.938479982593385,51984.55860284834,27.78243604730517,WIN,51997.2710328364,-0.0244482637945207
2019-04-08,14.442000389099121,14.652000427246094,2,28.615456396837768,-13.384551232556763,51971.17405161578,27.917925721913704,LOSS,51997.2710328364,-0.05018913628012597
2019-04-09,14.413000106811523,14.442000389099121,2,25.6824882633443,19.88243180582477,51991.056483421606,26.76247665895243,LOSS,51997.2710328364,-0.011951683792919034
2019-04-10,14.77400016784668,14.413000106811523,2,24.931105265874542,24.931105265874542,52015.98758868748,26.441321021760025,WIN,52015.98758868748,0.0
2019-04-11,14.85200023651123,14.77400016784668,2,26.74147006552007,26.74147006552007,52042.729058753,26.972261858982414,WIN,52042.729058753,0.0
2019-04-12,15.0649995803833,14.85200023651123,2,26.930760685943877,26.930760685943877,52069.659819438944,26.993686752313845,WIN,52069.659819438944,0.0
2019-04-15,14.954000473022461,15.0649995803833,2,27.89790706898091,5.698085596812941,52075.35790503576,27.248743156260407,LOSS,52075.35790503576,0.0
2019-04-16,15.112000465393066,14.954000473022461,2,27.842633037415283,27.842633037415283,52103.20053807317,27.315213409803853,WIN,52103.20053807317,0.0
2019-04-17,14.810999870300293,15.112000465393066,2,28.36805378385339,-31.832065234701297,52071.36847283847,27.416426214196246,LOSS,52103.20053807317,-0.06109426082461551
2019-04-18,14.64799976348877,14.810999870300293,2,29.063052164102203,-3.5369691982024847,52067.831503640264,27.979138653714834,LOSS,52103.20053807317,-0.0678826522510126
2019-04-22,14.734000205993652,14.64799976348877,2,28.47879114186439,28.47879114186439,52096.31029478213,27.85974198144998,WIN,52103.20053807317,-0.013224222734657289
2019-04-23,14.916000366210938,14.734000205993652,2,24.025737328391937,24.025737328391937,52120.33603211052,25.78561917116513,WIN,52120.33603211052,0.0
2019-04-24,14.954000473022461,14.916000366210938,2,24.722929411371474,24.722929411371474,52145.05896152189,25.96318069481743,WIN,52145.05896152189,0.0
2019-04-25,14.800000190734863,14.954000473022461,2,24.497058414326524,-6.302998043193007,52138.755963478696,25.835415669180865,LOSS,52145.05896152189,-0.01208743104087308
2019-04-26,14.942000389099121,14.800000190734863,2,23.903082641042644,23.903082641042644,52162.65904611974,25.68270463192536,WIN,52162.65904611974,0.0
2019-04-29,14.92300033569336,14.942000389099121,2,24.202705551107826,20.402694869955482,52183.061740989695,25.713816469625744,LOSS,52183.061740989695,0.0
2019-04-30,14.970000267028809,14.92300033569336,2,24.096720942250695,24.096720942250695,52207.15846193195,25.680481403064174,WIN,52207.15846193195,0.0
2019-05-01,14.10200023651123,14.970000267028809,2,22.722335854527625,-150.877670248988,52056.28079168296,25.039687509220457,LOSS,52207.15846193195,-0.28899805063897677
2019-05-02,14.083999633789062,14.10200023651123,2,30.8225096545448,27.222389110111205,52083.50318079307,29.456937661523483,LOSS,52207.15846193195,-0.23685503057792676
2019-05-03,14.102999687194824,14.083999633789062,2,30.31561084746663,30.31561084746663,52113.81879164054,29.237356083314214,WIN,52207.15846193195,-0.17878711088915394
2019-05-06,14.145000457763672,14.102999687194824,2,29.262991420967506,29.262991420967506,52143.081783061505,28.724491178283593,WIN,52207.15846193195,-0.12273542701460231
2019-05-07,13.88700008392334,14.145000457763672,2,28.824697921455293,-22.775376846611113,52120.30640621489,28.478787530698376,LOSS,52207.15846193195,-0.16636043461431846
2019-05-08,13.79699993133545,13.88700008392334,2,28.591436711415145,10.59140619383702,52130.89781240873,28.618101589129445,LOSS,52207.15846193195,-0.14607316653486282
2019-05-09,13.812999725341797,13.79699993133545,2,28.458748944977465,28.458748944977465,52159.35656135371,28.643323314335948,WIN,52207.15846193195,-0.09156196580416573
2019-05-10,13.925999641418457,13.812999725341797,2,26.51509575899582,26.51509575899582,52185.8716571127,27.696798443907603,WIN,52207.15846193195,-0.040773728060240086
2019-05-13,13.505000114440918,13.925999641418457,2,26.889307453496446,-57.31059794201137,52128.561059170686,27.7715105343527,LOSS,52207.15846193195,-0.15054909149781087
2019-05-14,13.649999618530273,13.505000114440918,2,26.946283279093556,26.946283279093556,52155.50734244978,28.19754974265897,WIN,52207.15846193195,-0.09893493728418046
2019-05-15,13.621999740600586,13.649999618530273,2,27.843471247765134,22.243495661827634,52177.75083811161,28.492106706427826,LOSS,52207.15846193195,-0.05632871944520312
2019-05-16,13.805999755859375,13.621999740600586,2,27.206634669788844,27.206634669788844,52204.9574727814,28.210613477826186,WIN,52207.15846193195,-0.0042158761660030745
2019-05-17,13.684000015258789,13.805999755859375,2,27.748855188983722,3.3489070688665343,52208.30637985027,28.294323354894416,LOSS,52208.30637985027,0.0
2019-05-20,13.626999855041504,13.684000015258789,2,27.42964006482658,16.029608021369548,52224.33598787164,28.25855124280564,LOSS,52224.33598787164,0.0
2019-05-21,13.730999946594238,13.626999855041504,2,27.088677501218818,27.088677501218818,52251.424665372855,28.148511186660844,WIN,52251.424665372855,0.0
2019-05-22,13.626999855041504,13.730999946594238,2,26.950377664309066,6.150359353762191,52257.57502472662,27.982302329830944,LOSS,52257.57502472662,0.0
2019-05-23,13.392000198364258,13.626999855041504,2,26.65343377018375,-20.34649756526547,52237.22852716135,27.93724922800003,LOSS,52257.57502472662,-0.038935020531741985
2019-05-24,13.407999992370605,13.392000198364258,2,26.519522712343264,26.519522712343264,52263.74804987369,28.098129656830395,WIN,52263.74804987369,0.0
2019-05-28,13.532999992370605,13.407999992370605,2,26.09652174677971,26.09652174677971,52289.84457162047,27.87382657090092,WIN,52289.84457162047,0.0
2019-05-29,13.375,13.532999992370605,2,26.83944054000755,-4.7605579341135424,52285.08401368636,28.118023541897237,LOSS,52289.84457162047,-0.009104173043754684
2019-05-30,13.366000175476074,13.375,2,26.461493133713137,24.66152822892798,52309.74554191529,28.086080402102468,LOSS,52309.74554191529,0.0
2019-05-31,13.291000366210938,13.366000175476074,2,17.52170595353343,2.521744100506087,52312.2672860158,23.670895535320113,LOSS,52312.2672860158,0.0
2019-06-03,13.09000015258789,13.291000366210938,2,17.447223358046614,-22.75281936656276,52289.514466649234,23.68275765595144,LOSS,52312.2672860158,-0.04349423289601184
2019-06-04,13.381999969482422,13.09000015258789,2,17.63056980422013,17.63056980422013,52307.145036453454,23.908728539072868,WIN,52312.2672860158,-0.009791679520098932
2019-06-05,13.437999725341797,13.381999969482422,2,20.195498113726046,20.195498113726046,52327.34053456718,24.98211510496285,WIN,52327.34053456718,0.0
2019-06-06,13.440999984741211,13.437999725341797,2,19.525221954877782,19.525221954877782,52346.86575652206,24.61059730648102,WIN,52346.86575652206,0.0
2019-06-07,13.71399974822998,13.440999984741211,2,19.448362953412573,19.448362953412573,52366.31411947547,24.57062938778101,WIN,52366.31411947547,0.0
2019-06-10,13.654999732971191,13.71399974822998,2,21.366086445303488,9.566083393545675,52375.88020286902,25.305044527997225,LOSS,52375.88020286902,0.0
2019-06-11,13.413999557495117,13.654999732971191,2,21.063284164142633,-27.13675093107221,52348.743451937946,25.202895053532252,LOSS,52375.88020286902,-0.05181154154538973
2019-06-12,13.267999649047852,13.413999557495117,2,18.654914151562142,-10.545067537890983,52338.19838440006,24.19864790563433,LOSS,52375.88020286902,-0.07194498368907172
2019-06-13,13.204999923706055,13.267999649047852,2,18.335639087143207,5.735694018783832,52343.93407841884,24.140703654883204,LOSS,52375.88020286902,-0.06099396196577903
2019-06-14,13.364999771118164,13.204999923706055,2,18.28714894930231,18.28714894930231,52362.22122736814,24.160024344527034,WIN,52375.88020286902,-0.026078751226651806
2019-06-17,14.125,13.364999771118164,2,18.36228555024568,18.36228555024568,52380.58351291839,24.087549925307698,WIN,52380.58351291839,0.0
2019-06-18,14.559000015258789,14.125,2,29.191102030648235,29.191102030648235,52409.77461494904,28.66945070247926,WIN,52409.77461494904,0.0
2019-06-19,14.767000198364258,14.559000015258789,2,32.01629163849561,32.01629163849561,52441.790906587536,29.545495138607972,WIN,52441.790906587536,0.0
2019-06-20,14.788999557495117,14.767000198364258,2,32.72078080076534,32.72078080076534,52474.5116873883,29.65616705149626,WIN,52474.5116873883,0.0
2019-06-21,14.67199993133545,14.788999557495117,2,32.44369140577001,9.043766173836417,52483.55545356214,29.510437088539913,LOSS,52483.55545356214,0.0
2019-06-24,14.157999992370605,14.67199993133545,2,31.369142630886635,-71.43084516208211,52412.12460840006,29.14172413969713,LOSS,52483.55545356214,-0.13610138365203628
2019-06-25,14.015999794006348,14.157999992370605,2,33.83089908776518,5.43085941491362,52417.55546781497,30.805224195540035,LOSS,52483.55545356214,-0.12575364831288455
2019-06-26,13.911999702453613,14.015999794006348,2,33.72997030011477,12.929951989567897,52430.485419804536,30.917721613741122,LOSS,52483.55545356214,-0.10111745155025215
2019-06-27,14.102999687194824,13.911999702453613,2,33.2627770664946,33.2627770664946,52463.74819687103,30.814591344802526,WIN,52483.55545356214,-0.03773992924057856
2019-06-28,14.331000328063965,14.102999687194824,2,33.976761277390935,33.976761277390935,52497.72495814842,30.93527311374177,WIN,52497.72495814842,0.0
2019-07-01,14.003000259399414,14.331000328063965,2,34.70790188393097,-30.892111848979184,52466.83284629944,31.019202220986383,LOSS,52497.72495814842,-0.05884466779009759
2019-07-02,14.050000190734863,14.003000259399414,2,34.679816163110736,34.679816163110736,52501.51266246255,31.381162497558314,WIN,52501.51266246255,0.0
2019-07-03,14.116000175476074,14.050000190734863,2,33.99429283519677,33.99429283519677,52535.506955297744,31.003637654173453,WIN,52535.506955297744,0.0
2019-07-05,14.02400016784668,14.116000175476074,2,34.15805971268642,15.758058186807517,52551.26501348455,31.005548693827276,LOSS,52551.26501348455,0.0
2019-07-08,12.593000411987305,14.02400016784668,2,34.10182988170685,-252.09812129016814,52299.166892194386,31.08402738864933,LOSS,52551.26501348455,-0.47971846391419887
2019-07-09,12.39900016784668,12.593000411987305,2,46.019195617614514,7.219146789489514,52306.386038983874,39.171234645466676,LOSS,52551.26501348455,-0.4659811223152179
2019-07-10,12.295999526977539,12.39900016784668,2,45.47489088791238,24.874762714084255,52331.26080169796,39.25906334351401,LOSS,52551.26501348455,-0.4186468427166184
2019-07-11,12.279000282287598,12.295999526977539,2,44.88638574188919,41.48653680390091,52372.74733850186,39.145701548092454,LOSS,52551.26501348455,-0.3397019556748748
2019-07-12,12.302000045776367,12.279000282287598,2,44.76413558042959,44.76413558042959,52417.51147408229,39.11327625984265,WIN,52551.26501348455,-0.2545201135842163
2019-07-15,12.362000465393066,12.302000045776367,2,44.878611272401656,44.878611272401656,52462.390085354695,39.129743978801415,WIN,52551.26501348455,-0.1691204352684062
2019-07-16,12.449999809265137,12.362000465393066,2,44.87833387420336,44.87833387420336,52507.2684192289,39.01247901148105,WIN,52551.26501348455,-0.08372128481467084
2019-07-17,12.25100040435791,12.449999809265137,2,40.17637915492675,0.376498173481437,52507.64491740238,36.34472077338323,LOSS,52551.26501348455,-0.08300484502319891
2019-07-18,12.265999794006348,12.25100040435791,2,37.53927181368035,37.53927181368035,52545.18418921606,35.26764638382613,WIN,52551.26501348455,-0.011571223389073503
2019-07-19,12.175000190734863,12.265999794006348,2,36.931679543509205,18.73175888921233,52563.91594810527,34.91522118315271,LOSS,52563.91594810527,0.0
2019-07-22,12.225000381469727,12.175000190734863,2,36.48864555145626,36.48864555145626,52600.40459365673,34.82338404401075,WIN,52600.40459365673,0.0
2019-07-23,12.157999992370605,12.225000381469727,2,36.90363090342603,23.50355308360181,52623.90814674033,34.96683574623432,LOSS,52623.90814674033,0.0
2019-07-24,12.27299976348877,12.157999992370605,2,35.580887117227725,35.580887117227725,52659.48903385756,34.35725012303013,WIN,52659.48903385756,0.0
2019-07-25,12.218999862670898,12.27299976348877,2,36.318651831880864,25.518671668306645,52685.007705525866,34.573478886995076,LOSS,52685.007705525866,0.0
2019-07-26,12.331999778747559,12.218999862670898,2,36.16193655464369,36.16193655464369,52721.16964208051,34.57514774641503,WIN,52721.16964208051,0.0
2019-07-29,12.218000411987305,12.331999778747559,2,36.24412381182281,13.444250459772029,52734.613892540285,34.43985967684968,LOSS,52734.613892540285,0.0
2019-07-30,12.319000244140625,12.218000411987305,2,35.05987692316938,35.05987692316938,52769.67376946346,33.980134270627104,WIN,52769.67376946346,0.0
2019-07-31,13.67300033569336,12.319000244140625,2,35.305675827209114,35.305675827209114,52804.979445290664,33.956497332705474,WIN,52804.979445290664,0.0
2019-08-01,13.54800033569336,13.67300033569336,2,57.87335094216783,32.87335094216783,52837.85279623283,42.99650595546794,LOSS,52837.85279623283,0.0
2019-08-02,13.430000305175781,13.54800033569336,2,57.381401982598355,33.78139587908273,52871.63419211191,43.01463606518545,LOSS,52871.63419211191,0.0
2019-08-05,13.251999855041504,13.430000305175781,2,56.91373650052736,21.313646473671888,52892.947838585584,43.0304522602697,LOSS,52892.947838585584,0.0
2019-08-06,13.40999984741211,13.251999855041504,2,42.14403433921396,42.14403433921396,52935.0918729248,36.035057977326176,WIN,52935.0918729248,0.0
2019-08-07,13.835000038146973,13.40999984741211,2,42.18176074899917,42.18176074899917,52977.2736336738,35.80582589011266,WIN,52977.2736336738,0.0
2019-08-08,14.027000427246094,13.835000038146973,2,44.37143140830987,44.37143140830987,53021.64506508211,36.213547614502225,WIN,53021.64506508211,0.0
2019-08-09,14.069999694824219,14.027000427246094,2,44.96859133515081,44.96859133515081,53066.61365641726,36.204766852826964,WIN,53066.61365641726,0.0
2019-08-12,14.074000358581543,14.069999694824219,2,45.088360546437556,45.088360546437556,53111.7020169637,36.196267167186406,WIN,53111.7020169637,0.0
2019-08-13,13.873000144958496,14.074000358581543,2,45.167805684272814,4.967762959663439,53116.669779923366,36.227578879911235,LOSS,53116.669779923366,0.0
2019-08-14,13.795000076293945,13.873000144958496,2,45.209693953354474,29.609680220444318,53146.27946014381,36.55510808766634,LOSS,53146.27946014381,0.0
2019-08-15,13.638999938964844,13.795000076293945,2,44.39287025572894,13.192842789908624,53159.47230293372,36.285337809249384,LOSS,53159.47230293372,0.0
2019-08-16,13.732999801635742,13.638999938964844,2,44.331637286961225,44.331637286961225,53203.80394022068,36.4990996404608,WIN,53203.80394022068,0.0
2019-08-19,13.975000381469727,13.732999801635742,2,44.34892079771754,44.34892079771754,53248.152861018396,36.3602667005946,WIN,53248.152861018396,0.0
2019-08-20,14.050999641418457,13.975000381469727,2,45.314551281058286,45.314551281058286,53293.467412299455,36.447411482924565,WIN,53293.467412299455,0.0
2019-08-21,14.08899974822998,14.050999641418457,2,45.29722061453378,45.29722061453378,53338.76463291399,36.32324814727315,WIN,53338.76463291399,0.0
2019-08-22,14.121999740600586,14.08899974822998,2,45.44959033379966,45.44959033379966,53384.21422324779,36.337269387790634,WIN,53384.21422324779,0.0
2019-08-23,13.810999870300293,14.121999740600586,2,45.366730330263806,-16.833243729794788,53367.380979518,36.2485994290396,LOSS,53384.21422324779,-0.03153224970100524
2019-08-26,13.961999893188477,13.810999870300293,2,45.69186802439575,45.69186802439575,53413.0728475424,36.88279647849761,WIN,53413.0728475424,0.0
2019-08-27,13.871999740600586,13.961999893188477,2,45.823288327391666,27.82325780981354,53440.89610535221,36.708391723422466,LOSS,53440.89610535221,0.0
2019-08-28,13.946000099182129,13.871999740600586,2,45.79822591464281,45.79822591464281,53486.69433126685,36.837283471008135,WIN,53486.69433126685,0.0
2019-08-29,14.138999938964844,13.946000099182129,2,21.374426072224843,21.374426072224843,53508.068757339075,25.13756908820733,WIN,53508.068757339075,0.0
2019-08-30,14.329000473022461,14.138999938964844,2,21.783661214961235,21.783661214961235,53529.85241855404,25.19063414457623,WIN,53529.85241855404,0.0
2019-09-03,14.359999656677246,14.329000473022461,2,22.01311052464702,22.01311052464702,53551.865529078685,25.161423356228973,WIN,53551.865529078685,0.0
2019-09-04,13.717000007629395,14.359999656677246,2,21.025800129383615,-107.5741296801867,53444.2913993985,24.684721376826744,LOSS,53551.865529078685,-0.20087839819842196
2019-09-05,14.140999794006348,13.717000007629395,2,26.68893250250678,26.68893250250678,53470.980331901,27.869482780518176,WIN,53551.865529078685,-0.15104085801410863
2019-09-06,13.98900032043457,14.140999794006348,2,27.38405944004501,-3.015835274310458,53467.96449662669,27.808749773915956,LOSS,53551.865529078685,-0.15667247372817114
2019-09-09,14.369000434875488,13.98900032043457,2,26.959853951110464,26.959853951110464,53494.92435057781,27.747349221421086,WIN,53551.865529078685,-0.10632902876176888
2019-09-10,14.496000289916992,14.369000434875488,2,29.604059893227973,29.604059893227973,53524.52841047104,28.62742325576756,WIN,53551.865529078685,-0.05104792958669826
2019-09-11,14.753999710083008,14.496000289916992,2,30.00926583436391,30.00926583436391,53554.5376763054,28.69292439939113,WIN,53554.5376763054,0.0
2019-09-12,14.84000015258789,14.753999710083008,2,30.4280087973685,30.4280087973685,53584.96568510277,28.641206749127296,WIN,53584.96568510277,0.0
2019-09-13,14.57800006866455,14.84000015258789,2,30.39181578404264,-22.008201000625327,53562.957484102146,28.546021837850535,LOSS,53584.96568510277,-0.041071596704859284
2019-09-16,14.744999885559082,14.57800006866455,2,30.469352581093172,30.469352581093172,53593.42683668324,28.82465515828835,WIN,53593.42683668324,0.0
2019-09-17,14.901000022888184,14.744999885559082,2,30.954247954495333,30.954247954495333,53624.38108463774,28.885595582274767,WIN,53624.38108463774,0.0
2019-09-18,14.812999725341797,14.901000022888184,2,30.878767059379104,13.27870755010176,53637.65979218784,28.70672074121226,LOSS,53637.65979218784,0.0
2019-09-19,15.045000076293945,14.812999725341797,2,30.898921071068823,30.898921071068823,53668.55871325891,28.79714818910106,WIN,53668.55871325891,0.0
2019-09-20,14.904999732971191,15.045000076293945,2,31.809928931948626,3.809860267397845,53672.36857352631,28.984905408738634,LOSS,53672.36857352631,0.0
2019-09-23,15.059000015258789,14.904999732971191,2,31.923671267868542,31.923671267868542,53704.29224479418,29.166738782980403,WIN,53704.29224479418,0.0
2019-09-24,14.887999534606934,15.059000015258789,2,30.57028513900997,-3.629810991361122,53700.66243380282,28.427414155023506,LOSS,53704.29224479418,-0.006758884326818727
2019-09-25,14.956999778747559,14.887999534606934,2,30.730031598377845,30.730031598377845,53731.3924654012,28.65261014441102,WIN,53731.3924654012,0.0
2019-09-26,14.937000274658203,14.956999778747559,2,30.59490731845714,26.595006500586045,53757.98747190179,28.52987185717632,LOSS,53757.98747190179,0.0
2019-09-27,14.70300006866455,14.937000274658203,2,30.61840223394721,-16.181638964783257,53741.805832937,28.558391304077034,LOSS,53757.98747190179,-0.030100901699946187
2019-09-30,14.836999893188477,14.70300006866455,2,30.734925197887726,30.734925197887726,53772.54075813489,28.826594616409032,WIN,53772.54075813489,0.0
2019-10-01,14.633999824523926,14.836999893188477,2,30.798381833774407,-9.80163189913575,53762.739126235756,28.730009385655087,LOSS,53772.54075813489,-0.018227950104167254
2019-10-02,14.489999771118164,14.633999824523926,2,30.98470295161056,2.1846922704582177,53764.92381850621,29.004684201203588,LOSS,53772.54075813489,-0.014165110149693547
2019-10-03,14.541999816894531,14.489999771118164,2,24.813913827583523,24.813913827583523,53789.73773233379,26.327026583677213,WIN,53789.73773233379,0.0
2019-10-04,14.659000396728516,14.541999816894531,2,22.09045904334302,22.09045904334302,53811.828191377135,25.047768826822995,WIN,53811.828191377135,0.0
2019-10-07,14.734999656677246,14.659000396728516,2,21.81036396741409,21.81036396741409,53833.63855534455,24.841189286422942,WIN,53833.63855534455,0.0
2019-10-08,14.395999908447266,14.734999656677246,2,19.419821225378858,-48.38012842061724,53785.25842692393,23.717342834209525,LOSS,53833.63855534455,-0.08986969805297888
2019-10-09,14.437000274658203,14.395999908447266,2,20.88159829672838,20.88159829672838,53806.14002522066,24.59424778098866,WIN,53833.63855534455,-0.05108057129674006
2019-10-10,14.35200023651123,14.437000274658203,2,19.664694832173822,2.664687202779291,53808.804712423436,24.00947065597059,LOSS,53833.63855534455,-0.04613071601241215
2019-10-11,14.414999961853027,14.35200023651123,2,19.428075180256034,19.428075180256034,53828.232787603694,23.95377900859743,WIN,53833.63855534455,-0.010041616888479314
2019-10-14,14.394000053405762,14.414999961853027,2,18.49509732577944,14.295115636326315,53842.52790324002,23.486546674894655,LOSS,53842.52790324002,0.0
2019-10-15,14.418000221252441,14.394000053405762,2,17.816620957739755,17.816620957739755,53860.34452419776,23.187152300052865,WIN,53860.34452419776,0.0
2019-10-16,14.340999603271484,14.418000221252441,2,17.246159968327998,1.8460363721365916,53862.1905605699,22.911820232839098,LOSS,53862.1905605699,0.0
2019-10-17,14.371999740600586,14.340999603271484,2,17.13330693574067,17.13330693574067,53879.32386750564,22.902250634915134,WIN,53879.32386750564,0.0
2019-10-18,14.3149995803833,14.371999740600586,2,15.7824843576065,4.382452314149468,53883.706319819794,22.26352098431934,LOSS,53883.706319819794,0.0
2019-10-21,14.402000427246094,14.3149995803833,2,15.47942154132535,15.47942154132535,53899.18574136112,22.152410240655136,WIN,53899.18574136112,0.0
2019-10-22,14.302000045776367,14.402000427246094,2,15.125142297239963,-4.87493399670535,53894.31080736442,21.946494215354832,LOSS,53899.18574136112,-0.009044541081002921
2019-10-23,14.260000228881836,14.302000045776367,2,14.694732030023111,6.294768651116861,53900.605576015536,21.79600867181825,LOSS,53900.605576015536,0.0
2019-10-24,14.460000038146973,14.260000228881836,2,14.40994930815958,14.40994930815958,53915.015525323695,21.683930866498134,WIN,53915.015525323695,0.0
2019-10-25,14.57699966430664,14.460000038146973,2,15.936416923791045,15.936416923791045,53930.951942247484,22.28972957443977,WIN,53930.951942247484,0.0
2019-10-28,14.616999626159668,14.57699966430664,2,15.384095812261215,15.384095812261215,53946.336038059744,21.980601735983065,WIN,53946.336038059744,0.0
2019-10-29,14.664999961853027,14.616999626159668,2,14.98667683321971,14.98667683321971,53961.322714892965,21.78166191662035,WIN,53961.322714892965,0.0
2019-10-30,15.340999603271484,14.664999961853027,2,14.103705250120576,14.103705250120576,53975.426420143085,21.361216630317003,WIN,53975.426420143085,0.0
2019-10-31,15.324999809265137,15.340999603271484,2,23.426091350513502,20.22613254924397,53995.65255269233,25.10032160657294,LOSS,53995.65255269233,0.0
2019-11-01,15.369000434875488,15.324999809265137,2,23.45601175177564,23.45601175177564,54019.108564444105,25.123780524794455,WIN,54019.108564444105,0.0
2019-11-04,15.35099983215332,15.369000434875488,2,23.40942911606531,19.809308571631718,54038.91787301574,25.0747488487538,LOSS,54038.91787301574,0.0
2019-11-05,15.5,15.35099983215332,2,23.39547801635904,23.39547801635904,54062.3133510321,25.08055131775773,WIN,54062.3133510321,0.0
2019-11-06,15.496000289916992,15.5,2,21.065213490568222,20.26527147396666,54082.578622506066,23.989244550084898,LOSS,54082.578622506066,0.0
2019-11-07,15.57800006866455,15.496000289916992,2,21.12378314969136,21.12378314969136,54103.70240565576,24.01656490664008,WIN,54103.70240565576,0.0
2019-11-08,15.61299991607666,15.57800006866455,2,20.826609060620985,20.826609060620985,54124.529014716376,23.842923992856832,WIN,54124.529014716376,0.0
2019-11-11,15.592000007629395,15.61299991607666,2,20.888431311918715,16.68844962246559,54141.21746433884,23.84929142808179,LOSS,54141.21746433884,0.0
2019-11-12,15.805999755859375,15.592000007629395,2,20.85494320377004,20.85494320377004,54162.07240754261,23.847003799473008,WIN,54162.07240754261,0.0
2019-11-13,15.696000099182129,15.805999755859375,2,21.497966353593586,-0.5019649818556324,54161.570442560755,23.996310506103477,LOSS,54162.07240754261,-0.0009267831889441672
2019-11-14,15.663999557495117,15.696000099182129,2,21.500372303924227,15.100263966521883,54176.67070652728,24.060371727196987,LOSS,54176.67070652728,0.0
2019-11-15,15.640000343322754,15.663999557495117,2,21.616787578350067,16.81694474387741,54193.487651271156,24.128039723586774,LOSS,54193.487651271156,0.0
2019-11-18,15.52299976348877,15.640000343322754,2,21.432938008507403,-1.9671779582894722,54191.52047331287,24.06429389245256,LOSS,54193.487651271156,-0.0036299157768632
2019-11-19,15.74899959564209,15.52299976348877,2,21.8308855864426,21.8308855864426,54213.351358899316,24.302179836703537,WIN,54213.351358899316,0.0
2019-11-20,15.402000427246094,15.74899959564209,2,22.04840596330716,-47.35142771589206,54165.999931183425,24.26004833355352,LOSS,54213.351358899316,-0.08734274220093434
2019-11-21,14.949999809265137,15.402000427246094,2,24.103967326327936,-66.29615626986347,54099.70377491356,25.351431857298834,LOSS,54213.351358899316,-0.20963024999762622
2019-11-22,15.15999984741211,14.949999809265137,2,26.493617849278394,26.493617849278394,54126.19739276284,26.721659708004047,WIN,54213.351358899316,-0.1607610744436417
2019-11-25,15.276000022888184,15.15999984741211,2,27.216775794783533,27.216775794783533,54153.414168557625,26.87480556840042,WIN,54213.351358899316,-0.11055798772685824
2019-11-26,15.239999771118164,15.276000022888184,2,27.52003696460979,20.319986610605884,54173.73415516823,26.91594229028683,LOSS,54213.351358899316,-0.07307647053363589
2019-11-27,15.26200008392334,15.239999771118164,2,27.516911947535828,27.516911947535828,54201.251067115765,26.942734080549833,WIN,54213.351358899316,-0.022319763453553847
2019-11-29,15.032999992370605,15.26200008392334,2,19.976294269460716,-25.82372404108616,54175.427343074676,23.6575000758438,LOSS,54213.351358899316,-0.06995327695861767
2019-12-02,15.008000373840332,15.032999992370605,2,20.56478289729218,15.564859191237492,54190.992202265916,24.04831060664583,LOSS,54213.351358899316,-0.04124289694872276
2019-12-03,14.998000144958496,15.008000373840332,2,20.469543378548053,18.469497602180866,54209.461699868094,24.021408562376813,LOSS,54213.351358899316,-0.0071747252913244314
2019-12-04,15.15999984741211,14.998000144958496,2,20.456722570226688,20.456722570226688,54229.91842243832,24.021769575468227,WIN,54229.91842243832,0.0
2019-12-05,14.986000061035156,15.15999984741211,2,20.781922236399495,-14.01803503899113,54215.90038739933,24.067249102377524,LOSS,54229.91842243832,-0.025849264477581582
2019-12-06,15.15999984741211,14.986000061035156,2,20.96129882367183,20.96129882367183,54236.861686223,24.25169885534413,WIN,54236.861686223,0.0
2019-12-09,15.229999542236328,15.15999984741211,2,21.712494535048236,21.712494535048236,54258.57418075805,24.473262114246154,WIN,54258.57418075805,0.0
2019-12-10,15.270000457763672,15.229999542236328,2,21.901673217894356,21.901673217894356,54280.47585397594,24.51188154504756,WIN,54280.47585397594,0.0
2019-12-11,15.04699993133545,15.270000457763672,2,22.013905531993306,-22.586199753651226,54257.889654222294,24.535579187443783,LOSS,54280.47585397594,-0.04161017271552557
2019-12-12,14.6850004196167,15.04699993133545,2,21.41214067652212,-50.98776166722788,54206.90189255506,24.412374480980667,LOSS,54280.47585397594,-0.13554406121789828
2019-12-13,14.53499984741211,14.6850004196167,2,22.530343011759022,-7.469771429158946,54199.4321211259,25.148056325975283,LOSS,54280.47585397594,-0.14930549442503613
2019-12-16,14.652999877929688,14.53499984741211,2,22.45680614581484,22.45680614581484,54221.88892727171,25.219319732774466,WIN,54280.47585397594,-0.10793370135854768
2019-12-17,14.734999656677246,14.652999877929688,2,23.099597178168807,23.099597178168807,54244.98852444988,25.427180445701172,WIN,54280.47585397594,-0.06537770527570433
2019-12-18,14.581999778747559,14.734999656677246,2,23.404415772365418,-7.195559813572082,54237.792964636305,25.50598322993109,LOSS,54280.47585397594,-0.07863396307442527
2019-12-19,14.595000267028809,14.581999778747559,2,22.235409839128113,22.235409839128113,54260.028374475434,25.08595625197995,WIN,54280.47585397594,-0.03767004466857546
2019-12-20,14.520000457763672,14.595000267028809,2,20.99226088976766,5.992299036740317,54266.020673512176,24.51358354833031,LOSS,54280.47585397594,-0.026630533790185856
2019-12-23,14.432999610900879,14.520000457763672,2,17.842020082242733,0.44185070968413953,54266.46252422186,23.12767674525007,LOSS,54280.47585397594,-0.025816519722081703
2019-12-24,14.4399995803833,14.432999610900879,2,16.642461176564034,16.642461176564034,54283.10498539842,22.626933877968742,WIN,54283.10498539842,0.0
2019-12-26,14.505000114440918,14.4399995803833,2,16.191353251223333,16.191353251223333,54299.29633864965,22.4166023783217,WIN,54299.29633864965,0.0
2019-12-27,14.47599983215332,14.505000114440918,2,16.509110483425214,10.709054025905683,54310.00539267556,22.528266177424292,LOSS,54310.00539267556,0.0
2019-12-30,14.20199966430664,14.47599983215332,2,16.40180473381961,-38.39822883551633,54271.60716384004,22.49431764325214,LOSS,54310.00539267556,-0.07070194259398244
2019-12-31,14.262999534606934,14.20199966430664,2,16.614714023911997,16.614714023911997,54288.22187786395,22.73806549267274,WIN,54310.00539267556,-0.040109579540834
2020-01-02,14.430999755859375,14.262999534606934,2,16.902734444082654,16.902734444082654,54305.124612308035,22.8385391003311,WIN,54310.00539267556,-0.008986889859857967
2020-01-03,14.357000350952148,14.430999755859375,2,17.968946924160694,3.169065942715381,54308.29367825075,23.235979087960473,LOSS,54310.00539267556,-0.0031517478454070155
2020-01-06,14.425000190734863,14.357000350952148,2,17.15093942496718,17.15093942496718,54325.44461767572,22.901567068393035,WIN,54325.44461767572,0.0
2020-01-07,14.38700008392334,14.425000190734863,2,17.06729156534146,9.467270203036772,54334.911887878756,22.825963334185474,LOSS,54334.911887878756,0.0
2020-01-08,14.371000289916992,14.38700008392334,2,16.11825348310362,12.918294681834087,54347.83018256059,22.41031661156485,LOSS,54347.83018256059,0.0
2020-01-09,14.350000381469727,14.371000289916992,2,15.84952772677474,11.649546037321615,54359.47972859791,22.294883431373005,LOSS,54359.47972859791,0.0
2020-01-10,14.23900032043457,14.350000381469727,2,15.682902000795504,-6.5171102062357456,54352.96261839167,22.228755649282512,LOSS,54359.47972859791,-0.011988912032962533
2020-01-13,14.458999633789062,14.23900032043457,2,14.989581935699302,14.989581935699302,54367.95220032737,21.963042553235255,WIN,54367.95220032737,0.0
2020-01-14,14.47700023651123,14.458999633789062,2,14.123683199277604,14.123683199277604,54382.075883526646,21.460985249322746,WIN,54382.075883526646,0.0
2020-01-15,14.626999855041504,14.47700023651123,2,13.612966065793767,13.612966065793767,54395.68884959244,21.219610801210287,WIN,54395.68884959244,0.0
2020-01-16,14.67199993133545,14.626999855041504,2,13.999180363915533,13.999180363915533,54409.688029956356,21.330476203035776,WIN,54409.688029956356,0.0
2020-01-17,14.673999786376953,14.67199993133545,2,13.911137799378848,13.911137799378848,54423.59916775573,21.271369145882474,WIN,54423.59916775573,0.0
2020-01-21,14.595000267028809,14.673999786376953,2,13.255609395321608,-2.544294474307298,54421.05487328143,20.975031764889266,LOSS,54423.59916775573,-0.004674983854819902
2020-01-22,14.592000007629395,14.595000267028809,2,13.369711465105583,12.76965958522277,54433.82453286665,21.059083759879826,LOSS,54433.82453286665,0.0
2020-01-23,14.574000358581543,14.592000007629395,2,13.197752334967774,9.597822525397461,54443.42235539205,20.98238255980845,LOSS,54443.42235539205,0.0
2020-01-24,14.315999984741211,14.574000358581543,2,12.946592291816572,-38.653482476249835,54404.7688729158,20.87578267584629,LOSS,54443.42235539205,-0.07099752514441465
2020-01-27,14.253000259399414,14.315999984741211,2,14.515488291467435,1.9155432231080596,54406.68441613891,21.706547258107395,LOSS,54443.42235539205,-0.06747911439756384
2020-01-28,14.399999618530273,14.253000259399414,2,14.387921912925083,14.387921912925083,54421.07233805183,21.676991260052873,WIN,54443.42235539205,-0.04105182292605686
2020-01-29,15.260000228881836,14.399999618530273,2,15.147974107177085,15.147974107177085,54436.22031215901,21.957946773565045,WIN,54443.42235539205,-0.013228491012253818
2020-01-30,15.270000457763672,15.260000228881836,2,27.850553294233844,27.850553294233844,54464.07086545324,27.071696721313337,WIN,54464.07086545324,0.0
2020-01-31,15.20300006866455,15.270000457763672,2,27.895097104689704,14.495019284865485,54478.565884738106,27.083085711284834,LOSS,54478.565884738106,0.0
2020-02-03,14.947999954223633,15.20300006866455,2,27.713932754119135,-23.28609013406446,54455.279794604045,27.057517198545845,LOSS,54478.565884738106,-0.04274358136249035
2020-02-04,15.180999755859375,14.947999954223633,2,28.20044649402857,28.20044649402857,54483.48024109807,27.478486839823194,WIN,54483.48024109807,0.0
2020-02-05,15.284000396728516,15.180999755859375,2,29.148845453048388,29.148845453048388,54512.62908655112,27.70018399869479,WIN,54512.62908655112,0.0
2020-02-06,15.223999977111816,15.284000396728516,2,29.299064271674506,17.298980348334663,54529.928066899454,27.679605420309493,LOSS,54529.928066899454,0.0
2020-02-07,15.265999794006348,15.223999977111816,2,29.278649752292086,29.278649752292086,54559.206716651745,27.720708434837967,WIN,54559.206716651745,0.0
2020-02-10,15.145000457763672,15.265999794006348,2,29.29682753138607,5.096960282850915,54564.30367693459,27.693587203117588,LOSS,54564.30367693459,0.0
2020-02-11,15.210000038146973,15.145000457763672,2,29.077223201599217,29.077223201599217,54593.380900136195,27.69909195815049,WIN,54593.380900136195,0.0
2020-02-12,14.984000205993652,15.210000038146973,2,28.733116573037183,-16.46684985762688,54576.91405027857,27.495180909504192,LOSS,54593.380900136195,-0.030162722268016418
2020-02-13,14.807000160217285,14.984000205993652,2,29.169501571374134,-6.230507583899303,54570.68354269467,27.876275688165933,LOSS,54593.380900136195,-0.041575291852766705
2020-02-14,14.883999824523926,14.807000160217285,2,29.081471137390402,29.081471137390402,54599.76501383206,27.990872485461736,WIN,54599.76501383206,0.0
2020-02-18,14.79699993133545,14.883999824523926,2,29.27352772535443,11.873549087659118,54611.63856291972,28.00901559929295,LOSS,54611.63856291972,0.0
2020-02-19,14.960000038146973,14.79699993133545,2,29.223141490660066,29.223141490660066,54640.86170441038,28.062979872799446,WIN,54640.86170441038,0.0
2020-02-20,14.979999542236328,14.960000038146973,2,29.71994920768555,29.71994920768555,54670.581653618065,28.140306547543766,WIN,54670.581653618065,0.0
2020-02-21,14.994999885559082,14.979999542236328,2,29.752312168695884,29.752312168695884,54700.33396578676,28.137052959445317,WIN,54700.33396578676,0.0
2020-02-24,14.588000297546387,14.994999885559082,2,29.76148348464897,-51.63843411789009,54648.69553166887,28.12795674386251,LOSS,54700.33396578676,-0.09440241105326866
2020-02-25,14.005000114440918,14.588000297546387,2,30.17612524390996,-86.42391137718379,54562.271620291685,28.682225339060423,LOSS,54700.33396578676,-0.2523976281048482
2020-02-26,14.01200008392334,14.005000114440918,2,32.79984255987003,32.79984255987003,54595.071462851556,30.490936405992414,WIN,54700.33396578676,-0.19243484509810102
2020-02-27,13.621999740600586,14.01200008392334,2,32.532418704298784,-45.467649960252,54549.603812891306,30.356959913552274,LOSS,54700.33396578676,-0.2755561839708922
2020-02-28,13.515999794006348,13.621999740600586,2,22.90015781675455,1.700168497906894,54551.30398138921,26.119535259327698,LOSS,54700.33396578676,-0.272448033847042
2020-03-02,13.67199993133545,13.515999794006348,2,22.607819327201824,22.607819327201824,54573.911800716414,26.063677962576683,WIN,54700.33396578676,-0.23111772068781225
2020-03-03,13.439000129699707,13.67199993133545,2,23.75620179585901,-22.843758531289428,54551.06804218513,26.49301535308917,LOSS,54700.33396578676,-0.2728793643106352
2020-03-04,13.616999626159668,13.439000129699707,2,23.369808063679105,23.369808063679105,54574.43785024881,26.502102040159077,WIN,54700.33396578676,-0.23015602723137843
2020-03-05,13.687999725341797,13.616999626159668,2,23.40415872229982,23.40415872229982,54597.84200897111,26.368433818733962,WIN,54700.33396578676,-0.18736989225652628
2020-03-06,13.628000259399414,13.687999725341797,2,23.418225358974794,11.418332170498232,54609.260341141606,26.316262728220952,LOSS,54700.33396578676,-0.1664955550401568
2020-03-09,12.942999839782715,13.628000259399414,2,23.312098130930618,-113.68798579240922,54495.5723553492,26.314575326456264,LOSS,54700.33396578676,-0.3743333826181655
2020-03-10,12.998000144958496,12.942999839782715,2,26.816435633632963,26.816435633632963,54522.38879098283,28.70424565673075,WIN,54700.33396578676,-0.32530911952974
2020-03-11,12.414999961853027,12.998000144958496,2,27.271669833746998,-89.32836678734675,54433.060424195486,28.87791495092862,LOSS,54700.33396578676,-0.48861409467526545
2020-03-12,10.852999687194824,12.414999961853027,2,28.487605209932177,-283.91244972170847,54149.14797447378,30.177430339278636,LOSS,54700.33396578676,-1.007646482849135
2020-03-13,11.133000373840332,10.852999687194824,2,41.976640170627185,41.976640170627185,54191.12461464441,40.5827314950907,WIN,54700.33396578676,-0.9309072070032429
2020-03-16,10.666000366210938,11.133000373840332,2,44.79095488488551,-48.6090466409934,54142.515568003415,41.61136343105191,LOSS,54700.33396578676,-1.019771466353832
2020-03-17,10.935999870300293,10.666000366210938,2,43.25213819198828,43.25213819198828,54185.7677061954,41.82223828022713,WIN,54700.33396578676,-0.9407003984897131
2020-03-18,9.220000267028809,10.935999870300293,2,45.90567730770826,-297.2942433465886,53888.473462848815,42.76495230491487,LOSS,54700.33396578676,-1.4841966110220435
2020-03-19,10.538000106811523,9.220000267028809,2,51.712129503210924,51.712129503210924,53940.18559235203,52.098001753950136,WIN,54700.33396578676,-1.3896594743099417
2020-03-20,10.074000358581543,10.538000106811523,2,75.31155634888694,-17.488393297109155,53922.69719905492,62.27074561794417,LOSS,54700.33396578676,-1.4216307476627599
2020-03-23,10.246999740600586,10.074000358581543,2,72.22044285158384,72.22044285158384,53994.917641906504,62.41843472277474,WIN,54700.33396578676,-1.2896014936974096
2020-03-24,10.689000129699707,10.246999740600586,2,74.02809224317596,74.02809224317596,54068.94573414968,62.78469968432773,WIN,54700.33396578676,-1.1542675992289049
2020-03-25,10.413000106811523,10.689000129699707,2,78.62946147049223,23.429456892855512,54092.375191042534,63.65609464159066,LOSS,54700.33396578676,-1.1114352155957317
2020-03-26,11.053999900817871,10.413000106811523,2,76.61090338636673,76.61090338636673,54168.9860944289,63.663544607027646,WIN,54700.33396578676,-0.9713795745565268
2020-03-27,10.630999565124512,11.053999900817871,2,84.08255750656171,-0.517509632110162,54168.46858479679,65.31245222468968,LOSS,54700.33396578676,-0.9723256558591284
2020-03-30,11.02400016784668,10.630999565124512,2,81.31030254375011,81.31030254375011,54249.778887340544,65.58951377063333,WIN,54700.33396578676,-0.8236788439500656
2020-03-31,11.8100004196167,11.02400016784668,2,85.24361663615039,85.24361663615039,54335.022503976696,66.14600123392319,WIN,54700.33396578676,-0.6678413737630129
2020-04-01,11.33899974822998,11.8100004196167,2,94.69561838437154,0.4954841070277922,54335.517988083724,68.0357848413723,LOSS,54700.33396578676,-0.6669355582567705
2020-04-02,11.449000358581543,11.33899974822998,2,91.35755965775829,91.35755965775829,54426.87554774148,68.29160168600991,WIN,54700.33396578676,-0.49992092958028267
2020-04-03,11.222999572753906,11.449000358581543,2,92.31276624294027,47.11260907741293,54473.988156818894,68.3314295278609,LOSS,54700.33396578676,-0.4137923711936379
2020-04-06,11.602999687194824,11.222999572753906,2,90.57110898858534,90.57110898858534,54564.55926580748,68.37891817550951,WIN,54700.33396578676,-0.24821548633359786
2020-04-07,11.770999908447266,11.602999687194824,2,93.37740548830226,93.37740548830226,54657.936671295785,68.23050065819099,WIN,54700.33396578676,-0.07750829184606915
2020-04-08,12.300000190734863,11.770999908447266,2,94.86961042441297,94.86961042441297,54752.8062817202,68.30927663597433,WIN,54752.8062817202,0.0
2020-04-09,12.541999816894531,12.300000190734863,2,99.19033774423144,99.19033774423144,54851.99661946443,68.34003293947526,WIN,54851.99661946443,0.0
2020-04-13,12.208999633789062,12.541999816894531,2,90.5659499981167,23.965913377022943,54875.962532841455,62.762514838853136,LOSS,54875.962532841455,0.0
2020-04-14,12.649999618530273,12.208999633789062,2,88.70168401939002,88.70168401939002,54964.664216860845,63.05524691360492,WIN,54964.664216860845,0.0
2020-04-15,12.260000228881836,12.649999618530273,2,90.73825602913338,12.738378099445882,54977.40259496029,62.444835393735474,LOSS,54977.40259496029,0.0
2020-04-16,12.413000106811523,12.260000228881836,2,88.78423641972132,88.78423641972132,55066.18683138001,62.899878777320836,WIN,55066.18683138001,0.0
2020-04-17,12.652999877929688,12.413000106811523,2,68.98992194769113,68.98992194769113,55135.1767533277,51.761897783112424,WIN,55135.1767533277,0.0
2020-04-20,12.692000389099121,12.652999877929688,2,53.8273781936884,53.8273781936884,55189.00413152139,43.13835805758791,WIN,55189.00413152139,0.0
2020-04-21,12.270999908447266,12.692000389099121,2,50.533979766600226,-33.66611636377087,55155.33801515762,41.335553719259714,LOSS,55189.00413152139,-0.061001492767543145
2020-04-22,12.50100040435791,12.270999908447266,2,51.029150378125046,51.029150378125046,55206.36716553575,42.50599839514632,WIN,55206.36716553575,0.0
2020-04-23,12.597999572753906,12.50100040435791,2,50.75229429785924,50.75229429785924,55257.11945983361,41.85344069169197,WIN,55257.11945983361,0.0
2020-04-24,12.555000305175781,12.597999572753906,2,49.68235477628001,41.08250126065501,55298.201961094266,41.08492612795524,LOSS,55298.201961094266,0.0
2020-04-27,12.92300033569336,12.555000305175781,2,46.1675534916327,46.1675534916327,55344.3695145859,39.322553207899276,WIN,55344.3695145859,0.0
2020-04-28,12.885000228881836,12.92300033569336,2,45.120848667606985,37.5208273053023,55381.8903418912,38.09420053734432,LOSS,55381.8903418912,0.0
2020-04-29,12.748000144958496,12.885000228881836,2,44.10862886549144,16.70861208082347,55398.598953972025,37.64269704639786,LOSS,55398.598953972025,0.0
2020-04-30,12.633000373840332,12.748000144958496,2,37.63823593846217,14.638281714829354,55413.23723568685,34.52883019846186,LOSS,55413.23723568685,0.0
2020-05-01,12.258999824523926,12.633000373840332,2,34.23687803138508,-40.56323183189617,55372.674003854954,32.925722761369485,LOSS,55413.23723568685,-0.07320133934671741
2020-05-04,11.854999542236328,12.258999824523926,2,35.13929950668259,-45.66075695083694,55327.01324690412,33.95950915051654,LOSS,55413.23723568685,-0.15560178954353077
2020-05-05,12.081000328063965,11.854999542236328,2,35.1905355620155,35.1905355620155,55362.20378246614,34.63420691594227,WIN,55413.23723568685,-0.09209614122281658
2020-05-06,12.199999809265137,12.081000328063965,2,34.75838216769252,34.75838216769252,55396.96216463383,34.03030227079588,WIN,55413.23723568685,-0.02937036683816445
2020-05-07,12.347999572753906,12.199999809265137,2,34.95187671085168,34.95187671085168,55431.91404134468,33.94958505689393,WIN,55431.91404134468,0.0
2020-05-08,12.467000007629395,12.347999572753906,2,32.31846637866453,32.31846637866453,55464.23250772335,32.31183749423278,WIN,55464.23250772335,0.0
2020-05-11,12.381999969482422,12.467000007629395,2,32.100740177601345,15.100732548206814,55479.33324027155,32.03107711539621,LOSS,55479.33324027155,0.0
2020-05-12,12.01099967956543,12.381999969482422,2,30.62759717941069,-43.57246080398775,55435.760779467564,31.361049424952313,LOSS,55479.33324027155,-0.07853818396714354
2020-05-13,11.494999885559082,12.01099967956543,2,28.76469843858866,-74.43526036268088,55361.32551910488,30.840529647118235,LOSS,55479.33324027155,-0.21270573071886203
2020-05-14,11.321000099182129,11.494999885559082,2,28.998658729742942,-5.801298545647683,55355.52422055924,31.68622012117585,LOSS,55479.33324027155,-0.223162414688945
2020-05-15,11.557999610900879,11.321000099182129,2,28.33659393286716,28.33659393286716,55383.8608144921,31.555865182441885,WIN,55479.33324027155,-0.17208646932719363
2020-05-18,12.012999534606934,11.557999610900879,2,29.066553246292553,29.066553246292553,55412.9273677384,31.634122241831673,WIN,55479.33324027155,-0.11969479201482745
2020-05-19,11.906000137329102,12.012999534606934,2,33.28850212807493,11.888622672508525,55424.815990410905,33.32870672620325,LOSS,55479.33324027155,-0.09826587068835718
2020-05-20,12.12399959564209,11.906000137329102,2,31.44219874241991,31.44219874241991,55456.25818915333,32.46771325087787,WIN,55479.33324027155,-0.041592156521226956
2020-05-21,12.071999549865723,12.12399959564209,2,31.988013892362368,21.58800473708893,55477.846193890415,32.45140475847812,LOSS,55479.33324027155,-0.0026803609457567794
2020-05-22,12.237000465393066,12.071999549865723,2,31.711138223581532,31.711138223581532,55509.557332114,32.37487339686914,WIN,55509.557332114,0.0
2020-05-26,12.470999717712402,12.237000465393066,2,32.54029973275148,32.54029973275148,55542.09763184675,32.58877531381963,WIN,55542.09763184675,0.0
2020-05-27,12.592000007629395,12.470999717712402,2,32.22512499781035,32.22512499781035,55574.32275684456,32.09158620841836,WIN,55574.32275684456,0.0
2020-05-28,12.534000396728516,12.592000007629395,2,32.75290836260324,21.152986182427462,55595.47574302699,32.204584297377636,LOSS,55595.47574302699,0.0
2020-05-29,12.447999954223633,12.534000396728516,2,32.45104639569914,15.250957894722575,55610.72670092171,32.124899439377785,LOSS,55610.72670092171,0.0
2020-06-01,12.260000228881836,12.447999954223633,2,32.17032588294343,-5.429619185415945,55605.297081736295,32.094047677372686,LOSS,55610.72670092171,-0.009763618473494093
2020-06-02,12.109000205993652,12.260000228881836,2,30.50494512890682,0.3049405512701,55605.60202228757,31.457687002857334,LOSS,55610.72670092171,-0.009215270035409472
2020-06-03,12.963000297546387,12.109000205993652,2,28.29503943017698,28.29503943017698,55633.89706171774,30.455784209162125,WIN,55633.89706171774,0.0
2020-06-04,12.529999732971191,12.963000297546387,2,38.360913033773755,-48.23919988126531,55585.65786183647,34.5736777025208,LOSS,55633.89706171774,-0.08670828834398006
2020-06-05,12.520999908447266,12.529999732971191,2,39.04155777035652,37.24159286557136,55622.89945470204,35.60938843939443,LOSS,55633.89706171774,-0.019767817098088204
2020-06-08,12.63599967956543,12.520999908447266,2,38.8418900361703,38.8418900361703,55661.74134473821,35.51872498978564,WIN,55661.74134473821,0.0
2020-06-09,12.567999839782715,12.63599967956543,2,39.186876822250554,25.586908865707585,55687.32825360392,35.512569911002416,LOSS,55687.32825360392,0.0
2020-06-10,12.392000198364258,12.567999839782715,2,38.94455657463246,3.7446282909410513,55691.07288189486,35.49602421421265,LOSS,55691.07288189486,0.0
2020-06-11,11.734000205993652,12.392000198364258,2,37.24809864627367,-94.35189982784743,55596.72098206702,34.88161802988235,LOSS,55691.07288189486,-0.16942015110382044
2020-06-12,11.802000045776367,11.734000205993652,2,36.728851971494585,36.728851971494585,55633.44983403851,35.703810838490206,WIN,55691.07288189486,-0.10346909275487362
2020-06-15,12.267000198364258,11.802000045776367,2,36.54818435898128,36.54818435898128,55669.99801839749,35.483266884796066,WIN,55691.07288189486,-0.03784244477039511
2020-06-16,12.196000099182129,12.267000198364258,2,39.47312821450152,25.27310837807574,55695.271126775566,36.283948609388645,LOSS,55695.271126775566,0.0
2020-06-17,12.17300033569336,12.196000099182129,2,37.303050528699174,32.70309783094527,55727.974224606514,35.23093515095023,LOSS,55727.974224606514,0.0
2020-06-18,11.946000099182129,12.17300033569336,2,37.09195017781969,-8.308097124426403,55719.66612748209,35.154455168533275,LOSS,55727.974224606514,-0.014908306357848435
2020-06-19,11.819000244140625,11.946000099182129,2,36.47241394228163,11.072442933980845,55730.73857041607,35.19440319025459,LOSS,55730.73857041607,0.0
2020-06-22,11.871000289916992,11.819000244140625,2,36.21220881164191,36.21220881164191,55766.950779227715,35.26577903394245,WIN,55766.950779227715,0.0
2020-06-23,11.753999710083008,11.871000289916992,2,36.09785465681333,12.697738690016457,55779.64851791773,35.11328951908204,LOSS,55779.64851791773,0.0
2020-06-24,11.437999725341797,11.753999710083008,2,35.17961989711264,-28.02037705112955,55751.628140866604,34.796777216545124,LOSS,55779.64851791773,-0.05023405094086974
2020-06-25,11.779000282287598,11.437999725341797,2,34.76086103292311,34.76086103292311,55786.38900189953,35.101546568458694,WIN,55786.38900189953,0.0
2020-06-26,11.600000381469727,11.779000282287598,2,37.40282191628836,1.6028417527141414,55787.99184365224,36.003175726072016,LOSS,55787.99184365224,0.0
2020-06-29,11.850000381469727,11.600000381469727,2,37.01967862388406,37.01967862388406,55825.01152227612,36.10880604167734,WIN,55825.01152227612,0.0
2020-06-30,11.829000473022461,11.850000381469727,2,38.38044701607353,34.18046532662041,55859.191987602746,36.42301998800173,LOSS,55859.191987602746,0.0
2020-07-01,11.779999732971191,11.829000473022461,2,38.138349929632234,28.338201919378328,55887.53018952213,36.325679536130366,LOSS,55887.53018952213,0.0
2020-07-02,11.734999656677246,11.779999732971191,2,29.645300631271905,20.645285372482842,55908.17547489461,31.645605855270393,LOSS,55908.17547489461,0.0
2020-07-06,11.975000381469727,11.734999656677246,2,27.943274003118034,27.943274003118034,55936.11874889773,30.75009714361596,WIN,55936.11874889773,0.0
2020-07-07,11.809000015258789,11.975000381469727,2,29.50001685451888,-3.7000563876686208,55932.41869251006,31.294301833602862,LOSS,55936.11874889773,-0.006614789281826434
2020-07-08,11.821999549865723,11.809000015258789,2,29.069055177004987,29.069055177004987,55961.48774768706,31.281965184730424,WIN,55961.48774768706,0.0
2020-07-09,11.737000465393066,11.821999549865723,2,29.121706674129022,12.121889779597772,55973.60963746666,31.293519824738624,LOSS,55973.60963746666,0.0
2020-07-10,11.765999794006348,11.737000465393066,2,28.716951204391254,28.716951204391254,56002.32658867105,31.183417458919642,WIN,56002.32658867105,0.0
2020-07-13,11.579000473022461,11.765999794006348,2,23.38085612948932,-14.019008067288024,55988.30758060376,28.143789699435626,LOSS,56002.32658867105,-0.025032902954655035
2020-07-14,11.666000366210938,11.579000473022461,2,23.461883722854257,23.461883722854257,56011.769464326615,28.402346291549854,WIN,56011.769464326615,0.0
2020-07-15,12.045000076293945,11.666000366210938,2,19.845237702512456,19.845237702512456,56031.614702029125,26.25183482375981,WIN,56031.614702029125,0.0
2020-07-16,11.845999717712402,12.045000076293945,2,23.33383900490932,-16.466232711399275,56015.148469317726,27.813519042833406,LOSS,56031.614702029125,-0.02938739638142541
2020-07-17,11.833999633789062,11.845999717712402,2,23.50708663486013,21.10706985019216,56036.25553916792,28.12550792789915,LOSS,56036.25553916792,0.0
2020-07-20,12.050999641418457,11.833999633789062,2,22.75134581078063,22.75134581078063,56059.0068849787,27.716411371918266,WIN,56059.0068849787,0.0
2020-07-21,12.104000091552734,12.050999641418457,2,23.6423842623765,23.6423842623765,56082.649269241076,27.97648971457293,WIN,56082.649269241076,0.0
2020-07-22,12.121000289916992,12.104000091552734,2,23.746337745800087,23.746337745800087,56106.39560698687,27.97647549337418,WIN,56106.39560698687,0.0
2020-07-23,11.97599983215332,12.121000289916992,2,23.48224427548781,-5.517847277246567,56100.87775970963,27.81416077316097,LOSS,56106.39560698687,-0.009834613714802166
2020-07-24,11.694999694824219,11.97599983215332,2,21.649272156095538,-34.55075530972478,56066.3270043999,26.95695369767825,LOSS,56106.39560698687,-0.07141539240489546
2020-07-27,11.765999794006348,11.694999694824219,2,20.58573423866127,20.58573423866127,56086.91273863856,26.642739369901264,WIN,56106.39560698687,-0.03472486182286072
2020-07-28,11.781000137329102,11.765999794006348,2,20.182677810105886,20.182677810105886,56107.09541644867,26.34590073341732,WIN,56107.09541644867,0.0
2020-07-29,12.27400016784668,11.781000137329102,2,18.99931361899062,18.99931361899062,56126.094730067656,25.667061015790807,WIN,56126.094730067656,0.0
2020-07-30,12.21500015258789,12.27400016784668,2,24.137094954351827,12.337091902594015,56138.43182197025,28.007322337353862,LOSS,56138.43182197025,0.0
2020-07-31,12.392000198364258,12.21500015258789,2,24.041183487803547,24.041183487803547,56162.47300545805,28.018213658991385,WIN,56162.47300545805,0.0
2020-08-03,12.366000175476074,12.392000198364258,2,24.644766057301855,19.444761479665136,56181.91776693772,28.154438561821806,LOSS,56181.91776693772,0.0
2020-08-04,12.331999778747559,12.366000175476074,2,23.8503196983737,17.050240352670574,56198.96800729039,27.757159492934527,LOSS,56198.96800729039,0.0
2020-08-05,12.395000457763672,12.331999778747559,2,23.22273667358611,23.22273667358611,56222.190743963976,27.455722328696034,WIN,56222.190743963976,0.0
2020-08-06,12.335000038146973,12.395000457763672,2,23.355760285640905,11.355676362301061,56233.546420326275,27.463398772595454,LOSS,56233.546420326275,0.0
2020-08-07,12.33899974822998,12.335000038146973,2,23.14272628166672,23.14272628166672,56256.68914660794,27.409788855283814,WIN,56256.68914660794,0.0
2020-08-10,12.362000465393066,12.33899974822998,2,23.162547576706093,23.162547576706093,56279.85169418465,27.416391496291467,WIN,56279.85169418465,0.0
2020-08-11,13.48900032043457,12.362000465393066,2,22.306101027267523,22.306101027267523,56302.15779521191,26.935041622682014,WIN,56302.15779521191,0.0
2020-08-12,13.704000473022461,13.48900032043457,2,40.05582837516919,40.05582837516919,56342.21362358708,34.641514923614416,WIN,56342.21362358708,0.0
2020-08-13,13.699999809265137,13.704000473022461,2,39.69449161638806,38.89435886492322,56381.107982452,34.158958992092444,LOSS,56381.107982452,0.0
2020-08-14,14.663000106811523,13.699999809265137,2,38.767646290070864,38.767646290070864,56419.87562874207,33.71707161073768,WIN,56419.87562874207,0.0
2020-08-17,14.383999824523926,14.663000106811523,2,48.059698648815605,-7.740357808703926,56412.135270933366,36.679398790020656,LOSS,56419.87562874207,-0.013719203955068773
2020-08-18,14.314000129699707,14.383999824523926,2,48.43575640030148,34.43581743545773,56446.57108836882,37.272832237528235,LOSS,56446.57108836882,0.0
2020-08-19,14.166999816894531,14.314000129699707,2,48.4753336340449,19.075271073009745,56465.64635944183,37.40004128029486,LOSS,56465.64635944183,0.0
2020-08-20,14.413999557495117,14.166999816894531,2,48.453518809245736,48.453518809245736,56514.09987825108,37.622284635448636,WIN,56514.09987825108,0.0
2020-08-21,14.508000373840332,14.413999557495117,2,48.7127548675877,48.7127548675877,56562.812633118665,37.35358661945273,WIN,56562.812633118665,0.0
2020-08-24,14.857999801635742,14.508000373840332,2,47.15150099776005,47.15150099776005,56609.964134116424,36.49695725960076,WIN,56609.964134116424,0.0
2020-08-25,14.696000099182129,14.857999801635742,2,48.5060362536568,16.106095762934146,56626.070229879355,36.59357092576661,LOSS,56626.070229879355,0.0
2020-08-26,14.605999946594238,14.696000099182129,2,48.661221104939564,30.66119058736144,56656.73142046671,36.90145084844596,LOSS,56656.73142046671,0.0
2020-08-27,14.652000427246094,14.605999946594238,2,47.12896706075767,47.12896706075767,56703.86038752747,36.34251794571492,WIN,56703.86038752747,0.0
2020-08-28,14.689000129699707,14.652000427246094,2,47.0002457340644,47.0002457340644,56750.86063326154,36.21740345093464,WIN,56750.86063326154,0.0
2020-08-31,14.444000244140625,14.689000129699707,2,47.14613439220913,-1.8538427196072789,56749.00679054193,36.22965242331384,LOSS,56750.86063326154,-0.0032666336667400353
2020-09-01,14.881999969482422,14.444000244140625,2,47.240998625541486,47.240998625541486,56796.24778916747,36.63319231807506,WIN,56796.24778916747,0.0
2020-09-02,15.0,14.881999969482422,2,49.22083721652606,49.22083721652606,56845.468626384,36.87644383556764,WIN,56845.468626384,0.0
2020-09-03,14.428000450134277,15.0,2,49.578720340715655,-64.82118963242888,56780.64743675157,36.86216072372552,LOSS,56845.468626384,-0.11403053083872806
2020-09-04,14.218999862670898,14.428000450134277,2,50.94552613104464,9.145408638368856,56789.79284538994,38.35548730746544,LOSS,56845.468626384,-0.09794233795483182
2020-09-08,13.881999969482422,14.218999862670898,2,50.87992196035778,-16.520056677337536,56773.2727887126,38.668264563896415,LOSS,56845.468626384,-0.12700368106014157
2020-09-09,14.114999771118164,13.881999969482422,2,50.99471561705745,50.99471561705745,56824.26750432966,39.297532055502884,WIN,56845.468626384,-0.037296063462295456
2020-09-10,13.972000122070312,14.114999771118164,2,39.68087287191668,11.080943062346364,56835.34844739201,33.59470831162899,LOSS,56845.468626384,-0.017802965190597042
2020-09-11,14.11299991607666,13.972000122070312,2,39.177727586791256,39.177727586791256,56874.526174978804,33.54682994948422,WIN,56874.526174978804,0.0
2020-09-14,14.26200008392334,14.11299991607666,2,39.70819211411129,39.70819211411129,56914.23436709292,33.61014702236322,WIN,56914.23436709292,0.0
2020-09-15,15.574999809265137,14.26200008392334,2,29.500692221139325,29.500692221139325,56943.73505931406,28.68172322642441,WIN,56943.73505931406,0.0
2020-09-16,17.489999771118164,15.574999809265137,2,49.66841015160984,49.66841015160984,56993.403469465666,36.093140110175675,WIN,56993.403469465666,0.0
2020-09-17,16.361000061035156,17.489999771118164,2,78.51994630188574,-147.27999571471582,56846.12347375095,44.694718923894825,LOSS,56993.403469465666,-0.25841586350185247
2020-09-18,15.958999633789062,16.361000061035156,2,80.15529624191106,-0.24478920730769005,56845.87868454364,47.404953751248435,LOSS,56993.403469465666,-0.25884536795747193
2020-09-21,15.215999603271484,15.958999633789062,2,79.26778690257564,-69.33221920093999,56776.546465342704,47.853383033897074,LOSS,56993.403469465666,-0.38049491857271334
2020-09-22,15.425000190734863,15.215999603271484,2,78.54782499335332,78.54782499335332,56855.094290336056,49.144653058605996,WIN,56993.403469465666,-0.24267576721174333
2020-09-23,14.82800006866455,15.425000190734863,2,79.25042077790224,-40.149603636160265,56814.9446866999,48.9832904510269,LOSS,56993.403469465666,-0.31312182095139596
2020-09-24,14.605999946594238,14.82800006866455,2,77.79707528174208,33.39705086767958,56848.34173756758,49.703215701798534,LOSS,56993.403469465666,-0.25452372216339864
2020-09-25,14.61299991607666,14.605999946594238,2,76.84949967356141,76.84949967356141,56925.19123724114,49.80156532579497,WIN,56993.403469465666,-0.11968443376271021
2020-09-28,15.145999908447266,14.61299991607666,2,76.88071142688622,76.88071142688622,57002.071948668025,49.79902214149092,WIN,57002.071948668025,0.0
2020-09-29,14.968999862670898,15.145999908447266,2,81.00016203045244,45.600152875179006,57047.672101543205,50.3734131427319,LOSS,57047.672101543205,0.0
2020-09-30,15.055999755859375,14.968999862670898,2,79.87593433367408,79.87593433367408,57127.54803587688,50.294919487713805,WIN,57127.54803587688,0.0
2020-10-01,14.895999908447266,15.055999755859375,2,79.4978304554307,47.49786097300883,57175.045896849886,49.9248626070798,LOSS,57175.045896849886,0.0
2020-10-02,14.645999908447266,14.895999908447266,2,78.7463693553683,28.7463693553683,57203.79226620525,49.966318347886514,LOSS,57203.79226620525,0.0
2020-10-05,14.821000099182129,14.645999908447266,2,76.13485574219901,76.13485574219901,57279.927121947454,49.383772985253295,WIN,57279.927121947454,0.0
2020-10-06,15.003999710083008,14.821000099182129,2,76.84217425518412,76.84217425518412,57356.76929620264,49.29344880915394,WIN,57356.76929620264,0.0
2020-10-07,15.309000015258789,15.003999710083008,2,77.03550543078657,77.03550543078657,57433.80480163343,48.9604094625278,WIN,57433.80480163343,0.0
2020-10-08,16.393999099731445,15.309000015258789,2,78.71138372263026,78.71138372263026,57512.51618535606,49.00789510619396,WIN,57512.51618535606,0.0
2020-10-09,16.472999572753906,16.393999099731445,2,88.75904501160599,88.75904501160599,57601.27523036766,50.811024247302846,WIN,57601.27523036766,0.0
2020-10-12,16.645999908447266,16.472999572753906,2,89.20346319046779,89.20346319046779,57690.47869355813,50.81772989268442,WIN,57690.47869355813,0.0
2020-10-13,16.607999801635742,16.645999908447266,2,90.14004521499791,82.54002385269322,57773.01871741082,50.81763548580488,LOSS,57773.01871741082,0.0
2020-10-14,16.423999786376953,16.607999801635742,2,81.03940296105972,44.23939990930191,57817.258117320125,47.27512481831164,LOSS,57817.258117320125,0.0
2020-10-15,16.597000122070312,16.423999786376953,2,58.23610114429258,58.23610114429258,57875.49421846442,38.45321525783322,WIN,57875.49421846442,0.0
2020-10-16,16.469999313354492,16.597000122070312,2,51.41095722867455,26.010795485510485,57901.50501394993,35.48873388118708,LOSS,57901.50501394993,0.0
2020-10-19,16.413999557495117,16.469999313354492,2,49.80570173940908,38.60575056753408,57940.11076451746,35.00205011676695,LOSS,57940.11076451746,0.0
2020-10-20,16.906999588012695,16.413999557495117,2,44.40118700832964,44.40118700832964,57984.51195152579,32.892424440585216,WIN,57984.51195152579,0.0
2020-10-21,18.104999542236328,16.906999588012695,2,47.062427896931794,47.062427896931794,58031.574379422724,33.41182399958082,WIN,58031.574379422724,0.0
2020-10-22,18.30500030517578,18.104999542236328,2,54.79094271612165,54.79094271612165,58086.365322138845,35.017013558529186,WIN,58086.365322138845,0.0
2020-10-23,18.43000030517578,18.30500030517578,2,53.83073998907707,53.83073998907707,58140.19606212792,34.451345059716736,WIN,58140.19606212792,0.0
2020-10-26,17.5,18.43000030517578,2,53.95252521499961,-132.04753582015664,58008.14852630776,34.363125604878974,LOSS,58140.19606212792,-0.22711917875036738
2020-10-27,17.558000564575195,17.5,2,57.45506412776585,57.45506412776585,58065.60359043553,36.71597303476237,WIN,58140.19606212792,-0.12829759227623233
2020-10-28,16.21500015258789,17.558000564575195,2,56.90142034717232,-211.69866205028862,57853.904928385244,36.435670726185975,LOSS,58140.19606212792,-0.4924151501600551
2020-10-29,16.195999145507812,16.21500015258789,2,64.24065819208289,60.440456776067265,57914.34538516131,41.2048726543227,LOSS,58140.19606212792,-0.3884587467253662
2020-10-30,16.707000732421875,16.195999145507812,2,63.86090428656133,63.86090428656133,57978.20628944787,41.080526079924404,WIN,58140.19606212792,-0.278619240476843
2020-11-02,16.656999588012695,16.707000732421875,2,66.10354470132724,56.1033158194913,58034.309605267365,41.1706967726637,LOSS,58140.19606212792,-0.18212263465263823
2020-11-03,17.19499969482422,16.656999588012695,2,66.01388605737687,66.01388605737687,58100.32349132474,41.21365340467226,WIN,58140.19606212792,-0.06858004187080931
2020-11-04,17.253000259399414,17.19499969482422,2,69.15216749618301,69.15216749618301,58169.47565882093,41.600674769284254,WIN,58169.47565882093,0.0
2020-11-05,18.167999267578125,17.253000259399414,2,69.11469725808533,69.11469725808533,58238.59035607901,41.49688432955153,WIN,58238.59035607901,0.0
2020-11-06,18.562000274658203,18.167999267578125,2,69.26939372429767,69.26939372429767,58307.859749803305,40.21873577870588,WIN,58307.859749803305,0.0
2020-11-09,18.500999450683594,18.562000274658203,2,71.2181694765624,59.01800468164052,58366.87775448494,40.377863710287116,LOSS,58366.87775448494,0.0
2020-11-10,18.61400032043457,18.500999450683594,2,71.11120037377687,71.11120037377687,58437.98895485872,40.423295660568385,WIN,58437.98895485872,0.0
2020-11-11,19.215999603271484,18.61400032043457,2,71.4196354029282,71.4196354029282,58509.40859026165,40.37855790670804,WIN,58509.40859026165,0.0
2020-11-12,18.694000244140625,19.215999603271484,2,74.27766899258035,-30.12220283359153,58479.28638742806,40.56726740440867,LOSS,58509.40859026165,-0.05148266502663663
2020-11-13,19.226999282836914,18.694000244140625,2,74.40454131786215,74.40454131786215,58553.69092874592,41.326081920667974,WIN,58553.69092874592,0.0
2020-11-16,20.39299964904785,19.226999282836914,2,76.92646263148077,76.92646263148077,58630.617391377404,41.463865521709636,WIN,58630.617391377404,0.0
2020-11-17,20.81999969482422,20.39299964904785,2,86.09842398897469,86.09842398897469,58716.71581536638,42.9256389532744,WIN,58716.71581536638,0.0
2020-11-18,21.29599952697754,20.81999969482422,2,87.41670586690574,87.41670586690574,58804.13252123328,42.77171800509316,WIN,58804.13252123328,0.0
2020-11-19,21.711000442504883,21.29599952697754,2,82.30381780323836,82.30381780323836,58886.43633903652,40.56295063571551,WIN,58886.43633903652,0.0
2020-11-20,22.211000442504883,21.711000442504883,2,84.13763769863695,84.13763769863695,58970.573976735155,40.63300408939644,WIN,58970.573976735155,0.0
2020-11-23,22.076000213623047,22.211000442504883,2,86.45824618976422,59.45820041339704,59030.032177148554,40.747041291661475,LOSS,59030.032177148554,0.0
2020-11-24,24.722999572753906,22.076000213623047,2,78.08477725684611,78.08477725684611,59108.1169544054,38.395644569028306,WIN,59108.1169544054,0.0
2020-11-25,27.027000427246094,24.722999572753906,2,112.60621136843478,112.60621136843478,59220.72316577384,45.126606450536215,WIN,59220.72316577384,0.0
2020-11-27,27.125999450683594,27.027000427246094,2,112.05925354574417,112.05925354574417,59332.782419319585,42.42451181214765,WIN,59332.782419319585,0.0
2020-11-30,34.277000427246094,27.125999450683594,2,111.86183345365417,111.86183345365417,59444.644252773236,42.276284608071464,WIN,59444.644252773236,0.0
2020-12-01,32.400001525878906,34.277000427246094,2,259.92885070515433,-115.47092956828317,59329.17332320495,65.1580570765193,LOSS,59444.644252773236,-0.1942495089671551
2020-12-02,32.13199996948242,32.400001525878906,2,256.49483451212865,202.89452323283177,59532.067846437785,67.36277104414046,LOSS,59532.067846437785,0.0
2020-12-03,33.15999984741211,32.13199996948242,2,257.1835186822968,257.1835186822968,59789.25136512008,67.94127601644368,WIN,59789.25136512008,0.0
2020-12-04,32.79999923706055,33.15999984741211,2,263.908921853055,191.9087997827425,59981.16016490282,67.64153944566854,LOSS,59981.16016490282,0.0
2020-12-07,33.62200164794922,32.79999923706055,2,263.50414506652044,263.50414506652044,60244.66430996935,68.13768700434724,WIN,60244.66430996935,0.0
2020-12-08,28.94499969482422,33.62200164794922,2,270.0158877603571,-665.3845028646429,59579.2798071047,68.11959833106849,LOSS,60244.66430996935,-1.1044704298477401
2020-12-09,28.621000289916992,28.94499969482422,2,266.94088011053,202.14099912908466,59781.420806233786,76.00010286538884,LOSS,60244.66430996935,-0.7689369822895715
2020-12-10,29.033000946044922,28.621000289916992,2,265.06416691817446,265.06416691817446,60046.48497315196,76.25693197619172,WIN,60244.66430996935,-0.3289574920655579
2020-12-11,28.591999053955078,29.033000946044922,2,268.9042623837922,180.70388396582342,60227.18885711778,76.26251003771054,LOSS,60244.66430996935,-0.0290074698759301
2020-12-14,27.952999114990234,28.591999053955078,2,263.5567269403199,135.75673914735114,60362.94559626513,75.97033951057251,LOSS,60362.94559626513,0.0
2020-12-15,28.57900047302246,27.952999114990234,2,259.9637023245397,259.9637023245397,60622.909298589664,76.51390977985551,WIN,60622.909298589664,0.0
2020-12-16,29.91200065612793,28.57900047302246,2,263.9147946763658,263.9147946763658,60886.82409326603,76.08094251611968,WIN,60886.82409326603,0.0
2020-12-17,29.780000686645508,29.91200065612793,2,277.07573242114046,250.67573852465608,61137.49983179068,76.26917844320391,LOSS,61137.49983179068,0.0
2020-12-18,30.1200008392334,29.780000686645508,2,276.5841217542631,276.5841217542631,61414.08395354494,76.43156362309495,WIN,61414.08395354494,0.0
2020-12-21,31.760000228881836,30.1200008392334,2,279.8193375626552,279.8193375626552,61693.9032911076,76.44856894005176,WIN,61693.9032911076,0.0
2020-12-22,33.150001525878906,31.760000228881836,2,296.5815884858958,296.5815884858958,61990.484879593496,76.76646102954103,WIN,61990.484879593496,0.0
2020-12-23,33.71799850463867,33.150001525878906,2,309.1419396240541,309.1419396240541,62299.62681921755,76.68270395303595,WIN,62299.62681921755,0.0
2020-12-24,32.26100158691406,33.71799850463867,2,300.65556972364203,9.256186178720156,62308.88300539627,73.97887649423822,LOSS,62308.88300539627,0.0
2020-12-28,37.0,32.26100158691406,2,283.77717005703835,283.77717005703835,62592.660175453304,73.18199860486934,WIN,62592.660175453304,0.0
2020-12-29,36.606998443603516,37.0,2,351.9800905798943,273.3797793005974,62866.0399547539,77.92241798110734,LOSS,62866.0399547539,0.0
2020-12-30,38.99700164794922,36.606998443603516,2,239.26180264530313,239.26180264530313,63105.301757399204,58.231298313881524,WIN,63105.301757399204,0.0
2020-12-31,38.85499954223633,38.99700164794922,2,253.55155984249333,225.1511386999152,63330.452896099116,58.005509624290994,LOSS,63330.452896099116,0.0
2021-01-04,42.52199935913086,38.85499954223633,2,252.27606718020687,252.27606718020687,63582.728963279325,57.94555033816859,WIN,63582.728963279325,0.0
2021-01-05,42.862998962402344,42.52199935913086,2,291.356188567409,291.356188567409,63874.08515184673,60.32101203535463,WIN,63874.08515184673,0.0
2021-01-06,48.05500030517578,42.862998962402344,2,292.26157591066163,292.26157591066163,64166.346727757395,60.10017184738407,WIN,64166.346727757395,0.0
2021-01-07,53.57500076293945,48.05500030517578,2,355.0915015259942,355.0915015259942,64521.43822928339,63.87544478951474,WIN,64521.43822928339,0.0
2021-01-08,53.16400146484375,53.57500076293945,2,338.2692579641107,256.06939834497007,64777.50762762836,56.76277741513783,LOSS,64777.50762762836,0.0
2021-01-11,49.54899978637695,53.16400146484375,2,334.7282371505714,-388.272098542788,64389.23552908557,56.64508162901815,LOSS,64777.50762762836,-0.5993933894072595
2021-01-12,51.42399978637695,49.54899978637695,2,339.0152143354823,339.0152143354823,64728.25074342105,60.25570403368433,WIN,64777.50762762836,-0.0760401040596692
2021-01-13,51.92599868774414,51.42399978637695,2,346.19070142460856,346.19070142460856,65074.44144484566,59.52855213409392,WIN,65074.44144484566,0.0
2021-01-14,63.099998474121094,51.92599868774414,2,342.30294181712895,342.30294181712895,65416.74438666279,58.60284250573746,WIN,65416.74438666279,0.0
2021-01-15,57.80699920654297,63.099998474121094,2,517.1573022845602,-541.4425512310648,64875.301835431725,69.21036622953184,LOSS,65416.74438666279,-0.8276818975134634
2021-01-19,59.22100067138672,57.80699920654297,2,512.5333145257767,512.5333145257767,65387.8351499575,73.64496114154673,WIN,65416.74438666279,-0.044192411249345545
2021-01-20,55.082000732421875,59.22100067138672,2,521.1628995085156,-306.63708828445317,65081.19806167304,73.2085497129692,LOSS,65416.74438666279,-0.5129364479014876
2021-01-21,52.04600143432617,55.082000732421875,2,509.0391086621063,-98.16075095703434,64983.03731071601,76.12663262126125,LOSS,65416.74438666279,-0.6629909207698199
2021-01-22,57.702999114990234,52.04600143432617,2,495.2258858020918,495.2258858020918,65478.263196518106,77.93684915868748,WIN,65478.263196518106,0.0
2021-01-25,57.141998291015625,57.702999114990234,2,562.8369916261408,450.63682683121897,65928.90002334933,79.51686789897124,LOSS,65928.90002334933,0.0
2021-01-26,55.98099899291992,57.141998291015625,2,560.5401364314432,328.3402768123026,66257.24030016163,79.88440399453941,LOSS,66257.24030016163,0.0
2021-01-27,54.0099983215332,55.98099899291992,2,542.9699006337506,148.76976635640688,66406.01006651804,79.15405906975876,LOSS,66406.01006651804,0.0
2021-01-28,57.8380012512207,54.0099983215332,2,500.6572455511463,500.6572455511463,66906.66731206918,76.31339589779353,WIN,66906.66731206918,0.0
2021-01-29,61.73099899291992,57.8380012512207,2,538.5687176951411,538.5687176951411,67445.23602976433,76.59094626866195,WIN,67445.23602976433,0.0
2021-02-01,63.45600128173828,61.73099899291992,2,575.228987377804,575.228987377804,68020.46501714214,76.63487033847183,WIN,68020.46501714214,0.0
2021-02-02,68.79199981689453,63.45600128173828,2,588.9195508795323,588.9195508795323,68609.38456802168,76.38641902966478,WIN,68609.38456802168,0.0
2021-02-03,74.11900329589844,68.79199981689453,2,634.8511151648192,634.8511151648192,69244.23568318649,76.04118846482615,WIN,69244.23568318649,0.0
2021-02-04,76.55899810791016,74.11900329589844,2,689.8909079157838,689.8909079157838,69934.12659110228,76.56584994885961,WIN,69934.12659110228,0.0
2021-02-05,80.5999984741211,76.55899810791016,2,685.2763064425744,685.2763064425744,70619.40289754485,74.2050160993621,WIN,70619.40289754485,0.0
2021-02-08,104.0999984741211,80.5999984741211,2,695.8684590201316,695.8684590201316,71315.27135656498,72.10592191798071,WIN,71315.27135656498,0.0
2021-02-09,127.29399871826172,104.0999984741211,2,1164.3784166086343,1164.3784166086343,72479.64977317362,80.0,WIN,72479.64977317362,0.0
2021-02-10,97.447998046875,127.29399871826172,2,1502.3977518320344,-4466.802382445309,68012.8473907283,80.0,LOSS,72479.64977317362,-6.162836598168246
2021-02-11,100.99400329589844,97.447998046875,2,1373.7415300933026,1373.7415300933026,69386.58892082161,80.0,WIN,72479.64977317362,-4.267488684108982
2021-02-12,103.43099975585938,100.99400329589844,2,1421.3497139593119,1421.3497139593119,70807.93863478092,80.0,WIN,72479.64977317362,-2.306455872268074
2021-02-16,95.5,103.43099975585938,2,1363.0484595000032,-223.15149167187178,70584.78714310905,80.0,LOSS,72479.64977317362,-2.61433745333287
2021-02-17,94.18000030517578,95.5,2,1254.1277930856618,990.127854120818,71574.91499722986,80.0,LOSS,72479.64977317362,-1.2482604134748696
2021-02-18,92.77799987792969,94.18000030517578,2,1241.9270575832843,961.5269721340655,72536.44196936392,80.0,LOSS,72536.44196936392,0.0
2021-02-19,96.37200164794922,92.77799987792969,2,1201.882544549637,1201.882544549637,73738.32451391355,80.0,WIN,73738.32451391355,0.0
2021-02-22,87.5999984741211,96.37200164794922,2,1225.8130471512582,-528.5875876143668,73209.73692629919,80.0,LOSS,73738.32451391355,-0.7168424168827309
2021-02-23,69.12300109863281,87.5999984741211,2,1137.6547669351207,-2557.7447081625355,70651.99221813666,80.0,LOSS,73738.32451391355,-4.185519966885799
2021-02-24,81.76899719238281,69.12300109863281,2,998.983459780551,998.983459780551,71650.9756779172,80.0,WIN,73738.32451391355,-2.830751647472671
2021-02-25,73.16100311279297,81.76899719238281,2,1232.7275200106794,-488.8712959072893,71162.10438200991,80.0,LOSS,73738.32451391355,-3.4937329385854663
2021-02-26,75.04100036621094,73.16100311279297,2,1127.204752454144,1127.204752454144,72289.30913446406,80.0,WIN,73738.32451391355,-1.9650777109481055
2021-03-01,78.24400329589844,75.04100036621094,2,1151.7803238211368,1151.7803238211368,73441.08945828519,80.0,WIN,73738.32451391355,-0.4030943984525697
2021-03-02,74.8499984741211,78.24400329589844,2,1197.6335955618663,518.8326312063975,73959.92208949159,80.0,LOSS,73959.92208949159,0.0
2021-03-03,73.15699768066406,74.8499984741211,2,1152.4270088965459,813.8268502051396,74773.74893969673,80.0,LOSS,74773.74893969673,0.0
2021-03-04,64.56600189208984,73.15699768066406,2,1119.6866520883,-598.5125056265438,74175.23643407019,80.0,LOSS,74773.74893969673,-0.800431319966617
2021-03-05,62.02399826049805,64.56600189208984,2,1004.1925123530064,495.791786034647,74671.02822010484,80.0,LOSS,74773.74893969673,-0.1373753771189551
2021-03-08,62.41899871826172,62.02399826049805,2,965.1867288119307,965.1867288119307,75636.21494891676,80.0,WIN,75636.21494891676,0.0
2021-03-09,71.5989990234375,62.41899871826172,2,966.6174358704591,966.6174358704591,76602.83238478722,80.0,WIN,76602.83238478722,0.0
2021-03-10,75.65499877929688,71.5989990234375,2,986.6886252238432,986.6886252238432,77589.52101001107,80.0,WIN,77589.52101001107,0.0
2021-03-11,80.375,75.65499877929688,2,928.4667442322561,928.4667442322561,78517.98775424332,80.0,WIN,78517.98775424332,0.0
2021-03-12,78.4000015258789,80.375,2,872.2213968482868,477.221702024068,78995.20945626739,80.0,LOSS,78995.20945626739,0.0
2021-03-15,76.9010009765625,78.4000015258789,2,846.4219743820549,546.6218645187737,79541.83132078616,80.0,LOSS,79541.83132078616,0.0
2021-03-16,72.42900085449219,76.9010009765625,2,827.3729846187614,-67.0270397953011,79474.80428099087,80.0,LOSS,79541.83132078616,-0.08426640257374023
2021-03-17,77.0989990234375,72.42900085449219,2,773.84748005131,773.84748005131,80248.65176104217,80.0,WIN,80248.65176104217,0.0
2021-03-18,73.20500183105469,77.0989990234375,2,837.8692268148632,59.06978833830067,80307.72154938047,80.0,LOSS,80307.72154938047,0.0
2021-03-19,77.7040023803711,73.20500183105469,2,800.2329583579738,800.2329583579738,81107.95450773844,80.0,WIN,81107.95450773844,0.0
2021-03-22,72.45600128173828,77.7040023803711,2,856.3977914740342,-193.2024282525283,80914.75207948592,80.0,LOSS,81107.95450773844,-0.23820404475135698
2021-03-23,67.72100067138672,72.45600128173828,2,789.9422760156855,-157.05784605462702,80757.69423343129,80.0,LOSS,81107.95450773844,-0.43184454155323254
2021-03-24,62.15700149536133,67.72100067138672,2,638.0935676732955,-474.7062675317826,80282.9879658995,77.32324081585864,LOSS,81107.95450773844,-1.0171216212341105
2021-03-25,62.090999603271484,62.15700149536133,2,507.25227669865444,494.0518982806857,80777.03986418019,68.9787692387365,LOSS,81107.95450773844,-0.40799283568010497
2021-03-26,62.400001525878906,62.090999603271484,2,479.33016228816604,479.33016228816604,81256.37002646836,66.06168419778103,WIN,81256.37002646836,0.0
2021-03-29,63.13399887084961,62.400001525878906,2,478.90491739152753,478.90491739152753,81735.27494385988,65.76375328846864,WIN,81735.27494385988,0.0
2021-03-30,65.39800262451172,63.13399887084961,2,477.69335416950423,477.69335416950423,82212.96829802939,65.04664050610134,WIN,82212.96829802939,0.0
2021-03-31,67.87999725341797,65.39800262451172,2,496.41254340063864,496.41254340063864,82709.38084143003,65.20734903296879,WIN,82709.38084143003,0.0
2021-04-01,70.35600280761719,67.87999725341797,2,519.7470202989596,519.7470202989596,83229.127861729,65.64530848624354,WIN,83229.127861729,0.0
2021-04-05,72.05500030517578,70.35600280761719,2,491.03214712762065,491.03214712762065,83720.16000885662,61.16340096061814,WIN,83720.16000885662,0.0
2021-04-06,70.45800018310547,72.05500030517578,2,495.3385426186892,175.9385182046267,83896.09852706124,60.47021695245497,LOSS,83896.09852706124,0.0
2021-04-07,65.62000274658203,70.45800018310547,2,487.94621259490054,-479.65327470978696,83416.44525235146,60.806875313909124,LOSS,83896.09852706124,-0.5717229801276938
2021-04-08,69.01200103759766,65.62000274658203,2,393.0196272404605,393.0196272404605,83809.46487959192,54.61567169012832,WIN,83896.09852706124,-0.10326302294185852
2021-04-09,71.0999984741211,69.01200103759766,2,410.8407434230303,410.8407434230303,84220.30562301495,54.37657288614363,WIN,84220.30562301495,0.0
2021-04-12,71.8239974975586,71.0999984741211,2,408.3094260174037,408.3094260174037,84628.61504903235,52.98471246095657,WIN,84628.61504903235,0.0
2021-04-13,84.85399627685547,71.8239974975586,2,411.4604943417826,411.4604943417826,85040.07554337413,52.892006163854205,WIN,85040.07554337413,0.0
2021-04-14,73.55000305175781,84.85399627685547,2,640.386986181117,-1620.4116588384143,83419.66388453571,64.91823551684405,LOSS,85040.07554337413,-1.9054682730284502
2021-04-15,74.01499938964844,73.55000305175781,2,608.2817922424567,608.2817922424567,84027.94567677817,69.70300076635196,WIN,85040.07554337413,-1.190179877109507
2021-04-16,69.36199951171875,74.01499938964844,2,598.6249486505732,-331.9750269353643,83695.9706498428,68.49634384208802,LOSS,85040.07554337413,-1.580554679594303
2021-04-19,63.75199890136719,69.36199951171875,2,565.510050224975,-556.4900718453375,83139.48057799746,68.92718517832472,LOSS,85040.07554337413,-2.2349403539832076
2021-04-20,64.6449966430664,63.75199890136719,2,524.496504616687,524.496504616687,83663.97708261415,69.4174041070199,WIN,85040.07554337413,-1.6181764326609898
2021-04-21,65.0459976196289,64.6449966430664,2,521.4657535367318,521.4657535367318,84185.44283615088,68.35558715830915,WIN,85040.07554337413,-1.0049764205434564
2021-04-22,59.81999969482422,65.0459976196289,2,512.401175414585,-532.7984095463524,83652.64442660453,67.10490004211537,LOSS,85040.07554337413,-1.631502686121145
2021-04-23,61.30400085449219,59.81999969482422,2,470.38198670916654,470.38198670916654,84123.0264133137,67.01077250024721,WIN,85040.07554337413,-1.0783729014830175
2021-04-26,65.88200378417969,61.30400085449219,2,483.7483954211736,483.7483954211736,84606.77480873487,67.19389980960663,WIN,85040.07554337413,-0.509525340694521
2021-04-27,67.6989974975586,65.88200378417969,2,535.8099719969603,535.8099719969603,85142.58478073184,68.79389873053822,WIN,85142.58478073184,0.0
2021-04-28,68.08200073242188,67.6989974975586,2,552.0218127193185,552.0218127193185,85694.60659345116,68.9340495696062,WIN,85694.60659345116,0.0
2021-04-29,65.5009994506836,68.08200073242188,2,552.1088212259573,35.908564878301036,85730.51515832946,68.63909043118318,LOSS,85730.51515832946,0.0
2021-04-30,65.71600341796875,65.5009994506836,2,532.2196378745177,532.2196378745177,86262.73479620398,68.7442488087917,WIN,86262.73479620398,0.0
2021-05-03,63.5620002746582,65.71600341796875,2,529.8119121383695,99.01128347626013,86361.74607968023,68.32607311198902,LOSS,86361.74607968023,0.0
2021-05-04,61.6879997253418,63.5620002746582,2,512.9901826785076,138.19007281522636,86499.93615249546,68.38269888141213,LOSS,86499.93615249546,0.0
2021-05-05,62.345001220703125,61.6879997253418,2,498.7766027521889,498.7766027521889,86998.71275524764,68.48037124462925,WIN,86998.71275524764,0.0
2021-05-06,60.90800094604492,62.345001220703125,2,491.65831172186046,204.25825679021983,87202.97101203786,67.16158462444429,LOSS,87202.97101203786,0.0
2021-05-07,62.04600143432617,60.90800094604492,2,472.95136786089955,472.95136786089955,87675.92237989875,66.36072774315132,WIN,87675.92237989875,0.0
2021-05-10,56.94599914550781,62.04600143432617,2,479.74907754058023,-540.2513802230917,87135.67099967565,66.14337433285408,LOSS,87675.92237989875,-0.6161912707142037
2021-05-11,57.69599914550781,56.94599914550781,2,454.9456755604137,454.9456755604137,87590.61667523607,67.84274293359563,WIN,87675.92237989875,-0.09729661501940015
2021-05-12,54.1879997253418,57.69599914550781,2,343.88443521996913,-357.715448813234,87232.90122642284,54.423560940654006,LOSS,87675.92237989875,-0.5052939751877478
2021-05-13,48.80799865722656,54.1879997253418,2,279.6905836397424,-796.3096299833045,86436.59159643954,49.140018643795834,LOSS,87675.92237989875,-1.4135360653398166
2021-05-14,52.13100051879883,48.80799865722656,2,273.3927656243074,273.3927656243074,86709.98436206384,52.04972996157612,WIN,87675.92237989875,-1.1017141212949104
2021-05-17,48.935001373291016,52.13100051879883,2,308.951865182188,-330.2479639193745,86379.73639814447,54.19979447099143,LOSS,87675.92237989875,-1.4783830572525116
2021-05-18,48.720001220703125,48.935001373291016,2,282.7437637962605,239.74373327868238,86619.48013142314,53.21751623407502,LOSS,87675.92237989875,-1.204939987854425
2021-05-19,45.486000061035156,48.720001220703125,2,279.46157960431316,-367.3386523292806,86252.14147909386,52.94056968927669,LOSS,87675.92237989875,-1.623913227437366
2021-05-20,47.26599884033203,45.486000061035156,2,267.5173085704418,267.5173085704418,86519.6587876643,53.90121515042983,WIN,87675.92237989875,-1.3187926181424954
2021-05-21,45.051998138427734,47.26599884033203,2,272.8256574612408,-169.9744829196186,86349.68430474469,53.179074738192185,LOSS,87675.92237989875,-1.512659392857583
2021-05-24,47.244998931884766,45.051998138427734,2,259.4659772713819,259.4659772713819,86609.15028201607,53.09389582639117,WIN,87675.92237989875,-1.2167218421271608
2021-05-25,46.96699905395508,47.244998931884766,2,259.4349776790449,203.8350020931074,86812.98528410918,51.321327539871476,LOSS,87675.92237989875,-0.9842349785046768
2021-05-26,48.27899932861328,46.96699905395508,2,251.94802805086752,251.94802805086752,87064.93331216005,50.48192555212804,WIN,87675.92237989875,-0.6968721299461129
2021-05-27,49.3849983215332,48.27899932861328,2,264.0106470910154,264.0106470910154,87328.94395925106,51.17030828050346,WIN,87675.92237989875,-0.3957510924655428
2021-05-28,47.0,49.3849983215332,2,272.9625809976319,-204.03708330900872,87124.90687594205,51.55923514687881,LOSS,87675.92237989875,-0.6284684426462714
2021-06-01,47.7760009765625,47.0,2,262.4990363980315,262.4990363980315,87387.40591234008,51.94187072889806,WIN,87675.92237989875,-0.3290714938914844
2021-06-02,49.849998474121094,47.7760009765625,2,268.8091444957591,268.8091444957591,87656.21505683583,52.21544980421763,WIN,87675.92237989875,-0.022477463057104737
2021-06-03,48.86399841308594,49.849998474121094,2,289.27327593445386,92.07326372742261,87748.28832056325,53.38240584184011,LOSS,87748.28832056325,0.0
2021-06-04,48.46699905395508,48.86399841308594,2,282.45037750881363,203.05050568264176,87951.33882624589,53.23333542453745,LOSS,87951.33882624589,0.0
2021-06-07,46.98099899291992,48.46699905395508,2,279.6833411741633,-17.516671032867976,87933.82215521303,53.168887131360535,LOSS,87951.33882624589,-0.019916321077804756
2021-06-08,45.9379997253418,46.98099899291992,2,269.43327726859485,60.83342375296985,87994.65557896599,52.93307197901654,LOSS,87994.65557896599,0.0
2021-06-09,51.29899978637695,45.9379997253418,2,248.07188909399022,248.07188909399022,88242.72746805998,50.71860604145031,WIN,88242.72746805998,0.0
2021-06-10,50.8650016784668,51.29899978637695,2,326.3395875781994,239.53996599616818,88482.26743405615,57.07749640747324,LOSS,88482.26743405615,0.0
2021-06-11,51.64400100708008,50.8650016784668,2,313.457734346497,313.457734346497,88795.72516840264,55.761387213404426,WIN,88795.72516840264,0.0
2021-06-14,59.8489990234375,51.64400100708008,2,285.2994950251734,285.2994950251734,89081.02466342782,51.5401352668936,WIN,89081.02466342782,0.0
2021-06-15,63.05400085449219,59.8489990234375,2,402.80684726560975,402.80684726560975,89483.83151069343,59.51731698308903,WIN,89483.83151069343,0.0
2021-06-16,61.981998443603516,63.05400085449219,2,411.87368215083734,197.47319997310296,89681.30471066653,58.205638015670154,LOSS,89681.30471066653,0.0
2021-06-17,63.08100128173828,61.981998443603516,2,407.0850228930742,407.0850228930742,90088.38973355961,58.441876677068485,WIN,90088.38973355961,0.0
2021-06-18,64.64600372314453,63.08100128173828,2,389.1099097059545,389.1099097059545,90477.49964326556,55.80024226132515,WIN,90477.49964326556,0.0
2021-06-21,58.367000579833984,64.64600372314453,2,397.0928131744857,-858.7078154876237,89618.79182777794,55.62930307224016,LOSS,90477.49964326556,-0.9490843788492527
2021-06-22,55.37200164794922,58.367000579833984,2,388.98529014722567,-210.01449622972746,89408.7773315482,59.08134438843515,LOSS,90477.49964326556,-1.181202305469439
2021-06-23,55.29999923706055,55.37200164794922,2,377.28363631737017,362.8831541396358,89771.66048568784,60.0678432114648,LOSS,90477.49964326556,-0.7801267280381323
2021-06-24,58.1879997253418,55.29999923706055,2,376.42202211628626,376.42202211628626,90148.08250780412,60.023466196556065,WIN,90477.49964326556,-0.3640873551548863
2021-06-25,55.005001068115234,58.1879997253418,2,400.74215452568194,-235.85757691963056,89912.22493088449,60.55338238725406,LOSS,90477.49964326556,-0.6247682734490156
2021-06-28,62.41699981689453,55.005001068115234,2,390.31823565880137,390.31823565880137,90302.5431665433,61.93595871618428,WIN,90477.49964326556,-0.19337014994012852
2021-06-29,66.89900207519531,62.41699981689453,2,479.97778251883824,479.97778251883824,90782.52094906213,65.86362093285699,WIN,90782.52094906213,0.0
2021-06-30,66.44999694824219,66.89900207519531,2,524.057970956854,434.256945566229,91216.77789462837,66.81419082210193,LOSS,91216.77789462837,0.0
2021-07-01,65.08599853515625,66.44999694824219,2,520.3223624644686,247.5226798472811,91464.30057447565,66.79246184687031,LOSS,91464.30057447565,0.0
2021-07-02,63.56100082397461,65.08599853515625,2,509.81393470196775,204.81439246563963,91669.11496694128,66.80994824133148,LOSS,91669.11496694128,0.0
2021-07-06,63.42900085449219,63.56100082397461,2,500.85100012386414,474.45100622737976,92143.56597316866,67.12029283080057,LOSS,92143.56597316866,0.0
2021-07-07,63.986000061035156,63.42900085449219,2,494.075883543105,494.075883543105,92637.64185671177,66.52224924874355,WIN,92637.64185671177,0.0
2021-07-08,61.84400177001953,63.986000061035156,2,493.66051632639653,65.26085812327153,92702.90271483504,66.03080974922315,LOSS,92702.90271483504,0.0
2021-07-09,62.86600112915039,61.84400177001953,2,452.0496535352014,452.0496535352014,93154.95236837024,63.3478966947628,WIN,93154.95236837024,0.0
2021-07-12,58.86899948120117,62.86600112915039,2,458.26779588485715,-341.1325337049866,92813.81983466525,63.21615022443479,LOSS,93154.95236837024,-0.36619903186255165
2021-07-13,57.987998962402344,58.86899948120117,2,445.47704812154336,269.27694436177774,93083.09677902702,65.05272276171137,LOSS,93154.95236837024,-0.07713555481095187
2021-07-14,56.042999267578125,57.987998962402344,2,363.8414664847875,-25.158472480056275,93057.93830654696,56.501433667159844,LOSS,93154.95236837024,-0.10414267771793058
2021-07-15,54.104000091552734,56.042999267578125,2,344.1988342905669,-43.601000914511246,93014.33730563245,55.623473448627806,LOSS,93154.95236837024,-0.15094749035107458
2021-07-16,52.308998107910156,54.104000091552734,2,334.7136890292462,-24.286707699269414,92990.05059793318,55.9197647161886,LOSS,93154.95236837024,-0.17701879099779794
2021-07-19,49.87200164794922,52.308998107910156,2,323.9070359004944,-163.4922560916931,92826.55834184149,55.95745932319752,LOSS,93154.95236837024,-0.3525244962073058
2021-07-20,50.178001403808594,49.87200164794922,2,309.2622869525587,309.2622869525587,93135.82062879406,56.01655609010493,WIN,93154.95236837024,-0.020537544263382692
2021-07-21,55.694000244140625,50.178001403808594,2,287.1658247072822,287.1658247072822,93422.98645350133,52.85370759877297,WIN,93422.98645350133,0.0
2021-07-22,55.59400177001953,55.694000244140625,2,354.5029415392255,334.50324671500675,93757.48970021633,57.101780184676876,LOSS,93757.48970021633,0.0
2021-07-23,53.97100067138672,55.59400177001953,2,353.87662415160236,29.276404425039857,93786.76610464137,57.10299279126189,LOSS,93786.76610464137,0.0
2021-07-26,68.25,53.97100067138672,2,337.2080349439719,337.2080349439719,94123.97413958535,56.326295114791165,WIN,94123.97413958535,0.0
2021-07-27,63.06100082397461,68.25,2,637.238633777433,-400.5612014276451,93723.41293815771,76.7573242043096,LOSS,94123.97413958535,-0.42556766763121484
2021-07-28,64.66500091552734,63.06100082397461,2,565.4663260447458,565.4663260447458,94288.87926420245,74.3109550255893,WIN,94288.87926420245,0.0
2021-07-29,62.500999450683594,64.66500091552734,2,567.8440233336705,135.04373036492052,94423.92299456737,73.08296790940355,LOSS,94423.92299456737,0.0
2021-07-30,62.60100173950195,62.500999450683594,2,551.7205002612831,551.7205002612831,94975.64349482866,73.38767578666041,WIN,94975.64349482866,0.0
2021-08-02,63.77899932861328,62.60100173950195,2,551.5005450322644,551.5005450322644,95527.14403986093,73.27116378040401,WIN,95527.14403986093,0.0
2021-08-03,62.50600051879883,63.77899932861328,2,561.0164742718628,306.41671230897214,95833.5607521699,73.18177174142753,LOSS,95833.5607521699,0.0
2021-08-04,67.09300231933594,62.50600051879883,2,551.0729412435212,551.0729412435212,96384.63369341342,73.31447959739356,WIN,96384.63369341342,0.0
2021-08-05,71.56199645996094,67.09300231933594,2,605.469585374079,605.469585374079,96990.1032787875,74.69035122652187,WIN,96990.1032787875,0.0
2021-08-06,74.87200164794922,71.56199645996094,2,651.3472567521633,651.3472567521633,97641.45053553967,75.20314355939439,WIN,97641.45053553967,0.0
2021-08-09,76.77300262451172,74.87200164794922,2,685.3261859205026,685.3261859205026,98326.77672146018,75.5434145941432,WIN,98326.77672146018,0.0
2021-08-10,75.04900360107422,76.77300262451172,2,684.0343685371914,339.2345638496914,98666.01128530987,73.93298312891224,LOSS,98666.01128530987,0.0
2021-08-11,74.7490005493164,75.04900360107422,2,670.3102402624153,610.3096299108528,99276.32091522073,74.07720662159868,LOSS,99276.32091522073,0.0
2021-08-12,72.0989990234375,74.7490005493164,2,661.0632934491323,131.06298827335104,99407.38390349408,73.4960689268946,LOSS,99407.38390349408,0.0
2021-08-13,72.80000305175781,72.0989990234375,2,637.9006635723601,637.9006635723601,100045.28456706644,73.52114938609995,WIN,100045.28456706644,0.0
2021-08-16,69.7509994506836,72.80000305175781,2,636.1346999042162,26.333979689372427,100071.61854675581,72.79718907046876,LOSS,100071.61854675581,0.0
2021-08-17,66.36900329589844,69.7509994506836,2,607.6871443105375,-68.71208664649373,100002.90646010931,72.62602225913139,LOSS,100071.61854675581,-0.06866291126728762
2021-08-18,65.50499725341797,66.36900329589844,2,590.3907273654505,417.58951886935677,100420.49597897867,73.83872603914973,LOSS,100420.49597897867,0.0
2021-08-19,67.6259994506836,65.50499725341797,2,558.1160928766835,558.1160928766835,100978.61207185534,71.35586773410951,WIN,100978.61207185534,0.0
2021-08-20,71.65599822998047,67.6259994506836,2,577.0369453058596,577.0369453058596,101555.64901716121,71.43895347118053,WIN,101555.64901716121,0.0
2021-08-23,71.85099792480469,71.65599822998047,2,611.9710833979568,611.9710833979568,102167.62010055917,71.48945434537013,WIN,102167.62010055917,0.0
2021-08-24,71.55000305175781,71.85099792480469,2,350.71347124373074,290.51449663435574,102458.13459719352,47.285585905230015,LOSS,102458.13459719352,0.0
2021-08-25,72.6709976196289,71.55000305175781,2,311.0280105964325,311.0280105964325,102769.16260778996,43.75271599282992,WIN,102769.16260778996,0.0
2021-08-26,69.36599731445312,72.6709976196289,2,314.18267409178446,-346.8173869433718,102422.34522084659,43.59631934059179,LOSS,102769.16260778996,-0.3374722320809081
2021-08-27,70.72000122070312,69.36599731445312,2,306.4881314598181,306.4881314598181,102728.8333523064,44.225103329790684,WIN,102769.16260778996,-0.03924256504595943
2021-08-30,70.29900360107422,70.72000122070312,2,313.3933858451579,229.19386191937667,102958.02721422579,44.31140226126236,LOSS,102958.02721422579,0.0
2021-08-31,69.43000030517578,70.29900360107422,2,311.43999530796907,137.63933612828157,103095.66655035407,44.303145624222545,LOSS,103095.66655035407,0.0
2021-09-01,70.25,69.43000030517578,2,305.6101605522702,305.6101605522702,103401.27671090634,44.11452107884957,WIN,103401.27671090634,0.0
2021-09-02,69.57099914550781,70.25,2,279.2912281669152,143.49105726847768,103544.76776817482,41.29662395343259,LOSS,103544.76776817482,0.0
2021-09-03,71.22599792480469,69.57099914550781,2,247.14586136675902,247.14586136675902,103791.91362954158,38.497092709840416,WIN,103791.91362954158,0.0
2021-09-07,64.8010025024414,71.22599792480469,2,240.2144275149265,-1044.7846569577298,102747.12897258386,37.30743180338493,LOSS,103791.91362954158,-1.0066146970628291
2021-09-08,63.86199951171875,64.8010025024414,2,260.6201090158704,72.81951087133916,102819.9484834552,41.60205739458108,LOSS,103791.91362954158,-0.9364555600695068
2021-09-09,64.06199645996094,63.86199951171875,2,255.80862238385492,255.80862238385492,103075.75710583906,41.49486405172438,WIN,103791.91362954158,-0.6899926002507829
2021-09-10,61.55699920654297,64.06199645996094,2,257.2042431072714,-243.79520757632235,102831.96189826274,41.556246332322544,LOSS,103791.91362954158,-0.9248810410270853
2021-09-13,64.2699966430664,61.55699920654297,2,248.41808493254734,248.41808493254734,103080.3799831953,41.69284087814103,WIN,103791.91362954158,-0.6855386141987165
2021-09-14,61.847999572753906,64.2699966430664,2,272.84926772521607,-211.55014633728393,102868.82983685801,43.08041642728493,LOSS,103791.91362954158,-0.8893600285454564
2021-09-15,63.29999923706055,61.847999572753906,2,260.9735302162509,260.9735302162509,103129.80336707426,42.90999969653731,WIN,103791.91362954158,-0.6379208546347394
2021-09-16,63.29999923706055,63.29999923706055,2,259.7110846259826,259.7110846259826,103389.51445170025,42.13787325944004,WIN,103791.91362954158,-0.38769800437208696
2021-09-17,61.42900085449219,63.29999923706055,2,258.9434990498649,-115.25617746380698,103274.25827423645,42.05766628594696,LOSS,103791.91362954158,-0.4987434350163072
2021-09-20,58.8390007019043,61.42900085449219,2,248.37726477146478,-269.6227657461134,103004.63550849033,41.744064886564246,LOSS,103791.91362954158,-0.7585158549646106
2021-09-21,58.10200119018555,58.8390007019043,2,219.81777728052302,72.41787493677302,103077.0533834271,39.71078559702771,LOSS,103791.91362954158,-0.6887436806165704
2021-09-22,59.96099853515625,58.10200119018555,2,216.19785508773936,216.19785508773936,103293.25123851484,39.61213670917245,WIN,103791.91362954158,-0.4804443560088734
2021-09-23,61.65700149536133,59.96099853515625,2,233.09752753469698,233.09752753469698,103526.34876604954,40.71330131865823,WIN,103791.91362954158,-0.25586276830765586
2021-09-24,59.93899917602539,61.65700149536133,2,244.1906124986148,-99.4098513685727,103426.93891468097,41.19603684491864,LOSS,103791.91362954158,-0.3516407994589001
2021-09-27,59.474998474121094,59.93899917602539,2,231.35834728112604,138.55820690026667,103565.49712158124,40.53081712488839,LOSS,103791.91362954158,-0.21814465119939502
2021-09-28,57.35100173950195,59.474998474121094,2,225.27875336929273,-199.5205935545354,103365.9765280267,40.05387021326068,LOSS,103791.91362954158,-0.4103759981101721
2021-09-29,56.63199996948242,57.35100173950195,2,221.27713309811207,77.47677909420582,103443.4533071209,40.52022838511748,LOSS,103791.91362954158,-0.3357297406274051
2021-09-30,57.84000015258789,56.63199996948242,2,218.50851020382808,218.50851020382808,103661.96181732473,40.52087060593316,WIN,103791.91362954158,-0.1252041779291992
2021-10-01,61.24599838256836,57.84000015258789,2,225.9606631244416,225.9606631244416,103887.92248044917,40.84006393211287,WIN,103887.92248044917,0.0
2021-10-04,60.724998474121094,61.24599838256836,2,264.0887512660423,159.8887695765892,104047.81125002576,43.52076781960042,LOSS,104047.81125002576,0.0
2021-10-05,65.10099792480469,60.724998474121094,2,256.908162473886,256.908162473886,104304.71941249965,42.98333160840465,WIN,104304.71941249965,0.0
2021-10-06,67.38099670410156,65.10099792480469,2,264.25169329792544,264.25169329792544,104568.97110579757,41.8484465016026,WIN,104568.97110579757,0.0
2021-10-07,69.27899932861328,67.38099670410156,2,278.60447140358923,278.60447140358923,104847.57557720116,42.34888846782353,WIN,104847.57557720116,0.0
2021-10-08,70.88200378417969,69.27899932861328,2,290.1734999828919,290.1734999828919,105137.74907718405,42.70417173515865,WIN,105137.74907718405,0.0
2021-10-11,73.18000030517578,70.88200378417969,2,285.464956126813,285.464956126813,105423.21403331087,41.63825941755054,WIN,105423.21403331087,0.0
2021-10-12,71.06500244140625,73.18000030517578,2,289.7135313794014,-133.28604137450486,105289.92799193636,41.18577317175793,LOSS,105423.21403331087,-0.1264294990403088
2021-10-13,72.62999725341797,71.06500244140625,2,276.4539647856712,276.4539647856712,105566.38195672203,40.73096512533589,WIN,105566.38195672203,0.0
2021-10-14,72.3949966430664,72.62999725341797,2,282.2264346726433,235.22631260233078,105801.60826932437,40.70222317876693,LOSS,105801.60826932437,0.0
2021-10-15,74.98500061035156,72.3949966430664,2,281.72086441009515,281.72086441009515,106083.32913373446,40.73946339282847,WIN,106083.32913373446,0.0
2021-10-18,73.96399688720703,74.98500061035156,2,286.2574259232791,82.05668129437282,106165.38581502883,40.250581908841696,LOSS,106165.38581502883,0.0
2021-10-19,72.7249984741211,73.96399688720703,2,265.46482514485007,17.665142527662567,106183.0509575565,38.739722659917526,LOSS,106183.0509575565,0.0
2021-10-20,75.81800079345703,72.7249984741211,2,262.7291596216354,262.7291596216354,106445.78011717813,38.89536036811311,WIN,106445.78011717813,0.0
2021-10-21,73.54299926757812,75.81800079345703,2,278.1080050792852,-176.89230009649606,106268.88781708163,39.26220064350389,LOSS,106445.78011717813,-0.16618066014620134
2021-10-22,71.85199737548828,73.54299926757812,2,279.88513759581616,-58.31524082215259,106210.57257625948,40.17256833132996,LOSS,106445.78011717813,-0.22096464571890845
2021-10-25,74.60199737548828,71.85199737548828,2,271.00825696230197,271.00825696230197,106481.58083322179,39.94782599502048,WIN,106481.58083322179,0.0
2021-10-26,73.48600006103516,74.60199737548828,2,284.5002560277382,61.3007931371132,106542.8816263589,40.224422665086635,LOSS,106542.8816263589,0.0
2021-10-27,71.50199890136719,73.48600006103516,2,268.5677282798654,-128.23250365372837,106414.64912270517,39.173428224965335,LOSS,106542.8816263589,-0.12035764538773024
2021-10-28,71.71299743652344,71.50199890136719,2,268.1561413646462,268.1561413646462,106682.80526406982,39.806105895172685,WIN,106682.80526406982,0.0
2021-10-29,71.50599670410156,71.71299743652344,2,268.8363005839873,227.43615409961228,106910.24141816943,39.79585361640409,LOSS,106910.24141816943,0.0
2021-11-01,73.61199951171875,71.50599670410156,2,251.20584459828495,251.20584459828495,107161.44726276772,38.23679912620801,WIN,107161.44726276772,0.0
2021-11-02,79.41400146484375,73.61199951171875,2,259.4158821567444,259.4158821567444,107420.86314492446,38.30971563331598,WIN,107420.86314492446,0.0
2021-11-03,81.0250015258789,79.41400146484375,2,287.28724349959356,287.28724349959356,107708.15038842405,38.92810421086989,WIN,107708.15038842405,0.0
2021-11-04,80.0,81.0250015258789,2,288.6760571375034,83.67575196172214,107791.82614038578,38.56572176060263,LOSS,107791.82614038578,0.0
2021-11-05,79.7509994506836,80.0,2,285.64523263132,235.84512276803878,108027.67126315381,38.61707027292702,LOSS,108027.67126315381,0.0
2021-11-08,86.0,79.7509994506836,2,283.40392456887895,283.40392456887895,108311.07518772269,38.504918751915866,WIN,108311.07518772269,0.0
2021-11-09,85.9010009765625,86.0,2,343.62061201384995,323.82080732634995,108634.89599504904,41.42833385885059,LOSS,108634.89599504904,0.0
2021-11-10,81.63400268554688,85.9010009765625,2,332.03821373937603,-521.361444463749,108113.53455058529,40.56694710589545,LOSS,108634.89599504904,-0.47992078391413967
2021-11-11,81.83599853515625,81.63400268554688,2,339.8960488111777,339.8960488111777,108453.43059939647,42.54000744738268,WIN,108634.89599504904,-0.16704153300873303
2021-11-12,81.1729965209961,81.83599853515625,2,340.14595365999463,207.54555082796338,108660.97615022444,42.492228938302645,LOSS,108660.97615022444,0.0
2021-11-15,79.5,81.1729965209961,2,332.003471247279,-2.5958329519397694,108658.3803172725,42.05328917798661,LOSS,108660.97615022444,-0.0023889284303370067
2021-11-16,75.2020034790039,79.5,2,327.36345228313604,-532.2358519160828,108126.14446535642,42.23654978216156,LOSS,108660.97615022444,-0.4922021721290296
2021-11-17,75.30000305175781,75.2020034790039,2,329.0141920385936,329.0141920385936,108455.15865739502,43.93838227953604,WIN,108660.97615022444,-0.18941251967484038
2021-11-18,72.73600006103516,75.30000305175781,2,318.1438715090501,-194.65672663548116,108260.50193075954,42.94586756436341,LOSS,108660.97615022444,-0.3685538577448842
2021-11-19,71.83100128173828,72.73600006103516,2,309.00346793016286,128.00371207078786,108388.50564283032,43.099783109935366,LOSS,108660.97615022444,-0.2507528618346138
2021-11-22,69.00199890136719,71.83100128173828,2,302.7132048937036,-263.08727118051513,108125.41837164981,42.874589120049464,LOSS,108660.97615022444,-0.49287039151407624
2021-11-23,69.677001953125,69.00199890136719,2,289.9948496225212,289.9948496225212,108415.41322127233,42.798261854975124,WIN,108660.97615022444,-0.22598998983094898
2021-11-24,70.08999633789062,69.677001953125,2,292.8674497205496,292.8674497205496,108708.28067099288,42.80165683605216,WIN,108708.28067099288,0.0
2021-11-26,66.30000305175781,70.08999633789062,2,290.71878601362795,-467.27987121293455,108241.00079977995,42.43507096000694,LOSS,108708.28067099288,-0.4298475408944777
2021-11-29,69.5479965209961,66.30000305175781,2,290.90867470449615,290.90867470449615,108531.90947448445,44.022321722166076,WIN,108708.28067099288,-0.16224265108398372
2021-11-30,72.14299774169922,69.5479965209961,2,320.3874492247992,320.3874492247992,108852.29692370925,45.47052238159181,WIN,108852.29692370925,0.0
2021-12-01,70.5469970703125,72.14299774169922,2,335.487919728796,16.287785451452237,108868.5847091607,45.75896591679002,LOSS,108868.5847091607,0.0
2021-12-02,68.33599853515625,70.5469970703125,2,289.6343742538527,-152.56533277739732,108716.01937638331,42.15567484211091,LOSS,108868.5847091607,-0.14013715084564077
2021-12-03,63.0989990234375,68.33599853515625,2,279.8308659484853,-767.5690363952647,107948.45033998805,42.08539043585704,LOSS,108868.5847091607,-0.8451789573923122
2021-12-06,59.64699935913086,63.0989990234375,2,283.4114066057112,-406.98852625561693,107541.46181373243,44.708716152501914,LOSS,108868.5847091607,-1.219013638299461
2021-12-07,62.81700134277344,59.64699935913086,2,276.33680788341405,276.33680788341405,107817.79862161585,45.64355623955733,WIN,108868.5847091607,-0.9651876070144552
2021-12-08,63.65399932861328,62.81700134277344,2,269.4760240663223,269.4760240663223,108087.27464568216,43.3747444455165,WIN,108868.5847091607,-0.7176634706566493
2021-12-09,59.1879997253418,63.65399932861328,2,276.415156608159,-616.7847640461379,107470.48988163602,43.72269498805162,LOSS,108868.5847091607,-1.2842040991527974
2021-12-10,60.08399963378906,59.1879997253418,2,266.4072541450227,266.4072541450227,107736.89713578105,44.77154766177736,WIN,108868.5847091607,-1.0394987464959875
2021-12-13,57.16400146484375,60.08399963378906,2,273.4675593437583,-310.5320744453042,107426.36506133575,45.10481817444193,LOSS,108868.5847091607,-1.324734450877452
2021-12-14,58.03799819946289,57.16400146484375,2,265.0275614546756,265.0275614546756,107691.39262279042,45.666022331300596,WIN,108868.5847091607,-1.0812963992460436
2021-12-15,59.85900115966797,58.03799819946289,2,273.50687508309454,273.50687508309454,107964.89949787351,46.17057771571166,WIN,108868.5847091607,-0.8300697705415706
2021-12-16,56.694000244140625,59.85900115966797,2,283.22857176093714,-349.7716113445316,107615.12788652898,46.29656152583584,LOSS,108868.5847091607,-1.1513485051544434
2021-12-17,57.15800094604492,56.694000244140625,2,274.9753902749418,274.9753902749418,107890.10327680391,47.08084172035533,WIN,108868.5847091607,-0.8987729885262764
2021-12-20,54.638999938964844,57.15800094604492,2,276.96784337190013,-226.8323580441155,107663.2709187598,47.050982478186306,LOSS,108868.5847091607,-1.107127270572008
2021-12-21,56.75,54.638999938964844,2,269.12403118096677,269.12403118096677,107932.39494994076,47.57907626106893,WIN,108868.5847091607,-0.8599264532747831
2021-12-22,56.999000549316406,56.75,2,286.55281341101227,286.55281341101227,108218.94776335177,48.39856747891774,WIN,108868.5847091607,-0.5967166263292745
2021-12-23,59.72100067138672,56.999000549316406,2,287.0663651444296,287.0663651444296,108506.0141284962,48.31226006701137,WIN,108868.5847091607,-0.3330350822811697
2021-12-27,60.827999114990234,59.72100067138672,2,313.63452537005605,313.63452537005605,108819.64865386626,49.736480775786646,WIN,108868.5847091607,-0.04494965689613126
2021-12-28,56.797000885009766,60.827999114990234,2,311.35818835836255,-494.8414576377312,108324.80719622853,48.85679074789857,LOSS,108868.5847091607,-0.49948064851293256
2021-12-29,55.60900115966797,56.797000885009766,2,292.98075066274174,55.380805594382366,108380.18800182291,49.11950424776833,LOSS,108868.5847091607,-0.4486112395440099
2021-12-30,56.23400115966797,55.60900115966797,2,277.74565898310124,277.74565898310124,108657.93366080601,48.0362857663593,WIN,108868.5847091607,-0.19349112410842517
2021-12-31,54.44900131225586,56.23400115966797,2,282.51938184644837,-74.4805876359735,108583.45307317004,48.2306082399798,LOSS,108868.5847091607,-0.26190442059330904
2022-01-03,55.82600021362305,54.44900131225586,2,273.6211501295057,273.6211501295057,108857.07422329954,48.23906312525843,WIN,108868.5847091607,-0.010572825844948133
2022-01-04,55.106998443603516,55.82600021362305,2,264.8499147999567,121.04956079605046,108978.12378409559,46.379957664705415,LOSS,108978.12378409559,0.0
2022-01-05,50.90999984741211,55.106998443603516,2,250.3452503975644,-589.0544688407168,108389.06931525488,45.048419128470556,LOSS,108978.12378409559,-0.540525426926718
2022-01-06,49.86199951171875,50.90999984741211,2,236.72160661961576,27.12153948094388,108416.19085473582,45.755573705968175,LOSS,108978.12378409559,-0.515638285783902
2022-01-07,48.29499816894531,49.86199951171875,2,229.92717890916822,-83.47308964551928,108332.7177650903,45.50068895178093,LOSS,108978.12378409559,-0.5922344747684816
2022-01-10,48.19499969482422,48.29499816894531,2,209.93233517458427,189.93264035036552,108522.65040544067,43.751877631303,LOSS,108978.12378409559,-0.4179493671200376
2022-01-11,50.65599822998047,48.19499969482422,2,207.10543488364954,207.10543488364954,108729.75584032432,43.423564650985135,WIN,108978.12378409559,-0.22790623947915495
2022-01-12,51.4640007019043,50.65599822998047,2,225.6259277832417,225.6259277832417,108955.38176810756,44.460977727282,WIN,108978.12378409559,-0.020868423127822798
2022-01-13,48.95899963378906,51.4640007019043,2,229.34624998033163,-271.6539636427152,108683.72780446484,44.47658233412258,LOSS,108978.12378409559,-0.27014227205268776
2022-01-14,49.95600128173828,48.95899963378906,2,219.06039559817035,219.06039559817035,108902.788200063,44.59513742066895,WIN,108978.12378409559,-0.06912908886359144
2022-01-18,46.827999114990234,49.95600128173828,2,218.02832199835294,-407.57211135125647,108495.21608871175,43.86783889702685,LOSS,108978.12378409559,-0.44312351746902967
2022-01-19,46.04199981689453,46.827999114990234,2,215.46142391660857,58.26156429746794,108553.47765300922,45.43357369441438,LOSS,108978.12378409559,-0.3896618113261557
2022-01-20,45.75299835205078,46.04199981689453,2,207.26336859780847,149.46307562905847,108702.94072863828,44.775386135709226,LOSS,108978.12378409559,-0.2525121977714489
2022-01-21,37.5890007019043,45.75299835205078,2,197.0705162648562,-1435.7290137644407,107267.21171487383,43.48991298712056,LOSS,108978.12378409559,-1.5699591898015846
2022-01-24,37.04499816894531,37.5890007019043,2,233.55442091148663,124.75391431968976,107391.96562919352,56.09758864247967,LOSS,108978.12378409559,-1.4554830821317084
2022-01-25,36.505001068115234,37.04499816894531,2,219.3974830236056,111.39806285758996,107503.36369205112,54.17338419796323,LOSS,108978.12378409559,-1.353262508874002
2022-01-26,35.3650016784668,36.505001068115234,2,212.27317405155287,-15.726703878134629,107487.63698817299,53.46199233789906,LOSS,108978.12378409559,-1.367693573873144
2022-01-27,31.94499969482422,35.3650016784668,2,201.4628067066839,-482.53759002183176,107005.09939815116,52.67994201026074,LOSS,108978.12378409559,-1.8104774769781606
2022-01-28,33.89500045776367,31.94499969482422,2,192.82430036633298,192.82430036633298,107197.9236985175,54.92527393747289,WIN,108978.12378409559,-1.6335389376908123
2022-01-31,36.80099868774414,33.89500045776367,2,217.12589143837118,217.12589143837118,107415.04958995586,57.3706375705003,WIN,108978.12378409559,-1.4343008852276142
2022-02-01,37.29999923706055,36.80099868774414,2,258.94937699624825,258.94937699624825,107673.9989669521,61.541919928612366,WIN,108978.12378409559,-1.1966849601184004
2022-02-02,34.88399887084961,37.29999923706055,2,260.6925336983156,-222.50753954387193,107451.49142740823,61.22839322552642,LOSS,108978.12378409559,-1.4008612955310948
2022-02-03,34.00899887084961,34.88399887084961,2,247.56063849675223,72.56063849675223,107524.05206590498,61.940137675708,LOSS,108978.12378409559,-1.3342785393070025
2022-02-04,39.16400146484375,34.00899887084961,2,235.5212495653082,235.5212495653082,107759.57331547029,60.80630682391929,WIN,108978.12378409559,-1.1181606237224777
2022-02-07,41.34700012207031,39.16400146484375,2,324.62127777385666,324.62127777385666,108084.19459324414,69.82503952262265,WIN,108978.12378409559,-0.8202831539130458
2022-02-08,42.542999267578125,41.34700012207031,2,349.1372782612516,349.1372782612516,108433.33187150539,70.8523235648333,WIN,108978.12378409559,-0.49990942555546625
2022-02-09,44.65999984741211,42.542999267578125,2,361.35889953451317,361.35889953451317,108794.69077103991,71.18232133770304,WIN,108978.12378409559,-0.16832094982575554
2022-02-10,43.14799880981445,44.65999984741211,2,379.0591927715651,76.65898525203386,108871.34975629195,71.14063813664389,LOSS,108978.12378409559,-0.09797748767924651
2022-02-11,41.10100173950195,43.14799880981445,2,366.9655875359951,-42.4338265265049,108828.91592976544,71.25403907017963,LOSS,108978.12378409559,-0.13691541857130266
2022-02-14,40.94900131225586,41.10100173950195,2,349.367586910645,318.96750146142625,109147.88343122687,71.22367533586981,LOSS,109147.88343122687,0.0
2022-02-15,43.7239990234375,40.94900131225586,2,346.73658497613843,346.73658497613843,109494.62001620301,71.00739608392534,WIN,109494.62001620301,0.0
2022-02-16,43.49800109863281,43.7239990234375,2,373.6859385385359,328.4863535775984,109823.10636978061,71.52959952752539,LOSS,109823.10636978061,0.0
2022-02-17,40.459999084472656,43.49800109863281,2,371.29237908325797,-236.30802374877328,109586.79834603184,71.4593357129402,LOSS,109823.10636978061,-0.21517149856707876
2022-02-18,39.59700012207031,40.459999084472656,2,353.50573367272085,180.9059411922521,109767.70428722409,72.79092186709829,LOSS,109823.10636978061,-0.05044665406748013
2022-02-22,37.77000045776367,39.59700012207031,2,286.80909617375085,-78.59083668757728,109689.1134505365,62.90928226176421,LOSS,109823.10636978061,-0.12200794866696199
2022-02-23,36.50299835205078,37.77000045776367,2,277.77507783871414,24.374656696136014,109713.48810723264,63.64467616267807,LOSS,109823.10636978061,-0.09981347839395438
2022-02-24,39.69599914550781,36.50299835205078,2,270.32717929308257,270.32717929308257,109983.81528652571,63.98354390872141,WIN,109983.81528652571,0.0
2022-02-25,40.5,39.69599914550781,2,305.0437936094989,305.0437936094989,110288.85908013521,65.8281712418983,WIN,110288.85908013521,0.0
2022-02-28,44.29999923706055,40.5,2,287.4960150293653,287.4960150293653,110576.35509516457,61.953269054925215,WIN,110576.35509516457,0.0
2022-03-01,46.472999572753906,44.29999923706055,2,324.10280486805556,324.10280486805556,110900.45790003263,63.39139027467547,WIN,110900.45790003263,0.0
2022-03-02,45.92900085449219,46.472999572753906,2,330.48572339199245,221.6859797396487,111122.14387977228,62.037152970061626,LOSS,111122.14387977228,0.0
2022-03-03,42.869998931884766,45.92900085449219,2,328.0725478221983,-283.72783669928606,110838.416043073,62.24674809902735,LOSS,111122.14387977228,-0.25532970008773437
2022-03-04,41.0359992980957,42.869998931884766,2,306.8685876888743,-59.9313390689382,110778.48470400406,62.34651203819634,LOSS,111122.14387977228,-0.3092625499918697
2022-03-07,38.89099884033203,41.0359992980957,2,297.21767005524475,-131.78242149748962,110646.70228250658,62.90696301239571,LOSS,111122.14387977228,-0.42785495371660665
2022-03-08,41.0359992980957,38.89099884033203,2,242.7985806973495,242.7985806973495,110889.50086320392,56.29391648193201,WIN,111122.14387977228,-0.2093579267333631
2022-03-09,43.67499923706055,41.0359992980957,2,256.0307276003376,256.0307276003376,111145.53159080427,56.26825499609858,WIN,111145.53159080427,0.0
2022-03-10,42.112998962402344,43.67499923706055,2,280.78748307625364,-31.61257185538699,111113.91901894889,57.52397621389881,LOSS,111145.53159080427,-0.028442503628276085
2022-03-11,39.082000732421875,42.112998962402344,2,267.9815725852646,-338.21807341082916,110775.70094553806,57.0898899673238,LOSS,111145.53159080427,-0.3327445017113091
2022-03-14,36.99300003051758,39.082000732421875,2,257.4719244187364,-160.32821596212295,110615.37272957595,58.575473928339306,LOSS,111145.53159080427,-0.476995209470199
2022-03-15,39.61399841308594,36.99300003051758,2,244.90313062592026,244.90313062592026,110860.27586020186,58.78887751755866,WIN,111145.53159080427,-0.25665065119541963
2022-03-16,42.87799835205078,39.61399841308594,2,274.0053162240227,274.0053162240227,111134.28117642588,60.75086798098236,WIN,111145.53159080427,-0.010122237230199995
2022-03-17,43.409000396728516,42.87799835205078,2,301.67953532340744,301.67953532340744,111435.96071174929,61.537213534892466,WIN,111435.96071174929,0.0
2022-03-18,45.428001403808594,43.409000396728516,2,305.6232743970935,305.6232743970935,111741.58398614638,61.568866567870955,WIN,111741.58398614638,0.0
2022-03-21,43.64799880981445,45.428001403808594,2,310.54870460811964,-45.45181419070849,111696.13217195567,60.216310258889045,LOSS,111741.58398614638,-0.040675827717224715
2022-03-22,45.994998931884766,43.64799880981445,2,301.5723015262364,301.5723015262364,111997.7044734819,60.69999392299732,WIN,111997.7044734819,0.0
2022-03-23,45.069000244140625,45.994998931884766,2,315.19575501134796,129.99601746251983,112127.70049094442,60.32718781547621,LOSS,112127.70049094442,0.0
2022-03-24,48.391998291015625,45.069000244140625,2,306.25795905589456,306.25795905589456,112433.95845000031,59.94677008069658,WIN,112433.95845000031,0.0
2022-03-25,47.242000579833984,48.391998291015625,2,323.69314136119027,93.69359912486215,112527.65204912517,59.24344847203721,LOSS,112527.65204912517,0.0
2022-03-28,51.0,47.242000579833984,2,318.8328688340652,318.8328688340652,112846.48491795924,59.639963929062354,WIN,112846.48491795924,0.0
2022-03-29,52.0,51.0,2,337.77065984440156,337.77065984440156,113184.25557780365,58.8067238295332,WIN,113184.25557780365,0.0
2022-03-30,50.069000244140625,52.0,2,339.70779990785735,-46.49215126401765,113137.76342653963,58.210690239667365,LOSS,113184.25557780365,-0.04107651813114142
2022-03-31,48.63199996948242,50.069000244140625,2,331.6134304588036,44.21337552716295,113181.9768020668,58.80787833414353,LOSS,113184.25557780365,-0.002013332795463935
2022-04-01,49.097999572753906,48.63199996948242,2,310.41835516176684,310.41835516176684,113492.39515722856,57.219617261429434,WIN,113492.39515722856,0.0
2022-04-04,50.125999450683594,49.097999572753906,2,305.4896456413119,305.4896456413119,113797.88480286987,56.15491657019985,WIN,113797.88480286987,0.0
2022-04-05,48.72800064086914,50.125999450683594,2,299.215241812225,19.61547984933435,113817.50028271921,54.482959292116746,LOSS,113817.50028271921,0.0
2022-04-06,45.51100158691406,48.72800064086914,2,289.9571607633511,-353.4426500276645,113464.05763269155,54.35901987320482,LOSS,113817.50028271921,-0.31053453919627444
2022-04-07,46.361000061035156,45.51100158691406,2,276.33235332267896,276.33235332267896,113740.38998601423,55.16098638791874,WIN,113817.50028271921,-0.06774906891597635
2022-04-08,45.32400131225586,46.361000061035156,2,277.31315664885256,69.91340689299318,113810.30339290723,54.564593452105726,LOSS,113817.50028271921,-0.006323183863733065
2022-04-11,43.638999938964844,45.32400131225586,2,255.14378250757503,-81.8564921506281,113728.4469007566,52.234521309621165,LOSS,113817.50028271921,-0.07824225777354842
2022-04-12,44.345001220703125,43.638999938964844,2,240.42102487376317,240.42102487376317,113968.86792563036,51.44069769340022,WIN,113968.86792563036,0.0
2022-04-13,46.358001708984375,44.345001220703125,2,232.1335940217428,232.1335940217428,114201.0015196521,49.62440770203587,WIN,114201.0015196521,0.0
2022-04-14,44.91899871826172,46.358001708984375,2,227.7402692714877,-60.060328873043545,114140.94119077905,47.494072964455775,LOSS,114201.0015196521,-0.05259177071464966
2022-04-18,44.5890007019043,44.91899871826172,2,224.5313987791486,158.5317955076642,114299.47298628671,48.06252697333541,LOSS,114299.47298628671,0.0
2022-04-19,47.11399841308594,44.5890007019043,2,216.0774749482113,216.0774749482113,114515.55046123492,47.05315512999043,WIN,114515.55046123492,0.0
2022-04-20,44.90299987792969,47.11399841308594,2,232.8529746856606,-209.3467323455894,114306.20372888933,47.69044677859279,LOSS,114515.55046123492,-0.182810746228261
2022-04-21,42.7859992980957,44.90299987792969,2,221.01207893584794,-202.38803703094894,114103.81569185838,47.55589822479978,LOSS,114515.55046123492,-0.3595448545793011
2022-04-22,40.90800094604492,42.7859992980957,2,216.30818081403766,-159.2914895961186,113944.52420226227,48.43953994129384,LOSS,114515.55046123492,-0.4986451679904803
2022-04-25,42.79999923706055,40.90800094604492,2,192.13939314306577,192.13939314306577,114136.66359540533,46.06684753343892,WIN,114515.55046123492,-0.3308606248701932
2022-04-26,39.10100173950195,42.79999923706055,2,209.1474017156231,-530.6520977960956,113606.01149760924,47.32196391114153,LOSS,114515.55046123492,-0.7942493049741437
2022-04-27,38.577999114990234,39.10100173950195,2,186.12332729106302,81.52280238871927,113687.53429999796,46.48487348743218,LOSS,114515.55046123492,-0.7230600192741949
2022-04-28,40.04899978637695,38.577999114990234,2,180.2844394832764,180.2844394832764,113867.81873948124,45.910609872848525,WIN,114515.55046123492,-0.5656277415117894
2022-04-29,35.41699981689453,40.04899978637695,2,193.27044531429982,-733.1295485821845,113134.68919089905,46.919994057772016,LOSS,114515.55046123492,-1.2058286099784388
2022-05-02,36.590999603271484,35.41699981689453,2,197.6861250904342,197.6861250904342,113332.37531598948,51.91929916010286,WIN,114515.55046123492,-1.0332004173057305
2022-05-03,34.34000015258789,36.590999603271484,2,208.34836915243406,-241.8515209842847,113090.5237950052,52.66212844824396,LOSS,114515.55046123492,-1.2443957702601383
2022-05-04,36.64400100708008,34.34000015258789,2,197.3067692019229,197.3067692019229,113287.83056420712,53.0041235423936,WIN,114515.55046123492,-1.0720988477834692
2022-05-05,31.45199966430664,36.64400100708008,2,225.97763929205917,-812.4226292626283,112475.4079349445,55.78980317356235,LOSS,114515.55046123492,-1.7815419111844022
2022-05-06,29.423999786376953,31.45199966430664,2,218.4691282218209,-187.1308473641166,112288.27708758038,60.94421567700687,LOSS,114515.55046123492,-1.9449527725131939
2022-05-09,21.905000686645508,29.423999786376953,2,205.49241560390033,-1298.3074043423887,110989.969683238,61.193739119856914,LOSS,114515.55046123492,-3.078691726841391
2022-05-10,22.552000045776367,21.905000686645508,2,206.03509336619993,206.03509336619993,111196.0047766042,77.21383260801178,WIN,114515.55046123492,-2.8987728489803946
2022-05-11,16.81999969482422,22.552000045776367,2,215.3668162011897,-931.0332539892399,110264.97152261496,78.16590936142049,LOSS,114515.55046123492,-3.711791910792797
2022-05-12,17.118000030517578,16.81999969482422,2,188.24338475371914,188.24338475371914,110453.21490736867,80.0,WIN,114515.55046123492,-3.547409533032284
2022-05-13,20.457000732421875,17.118000030517578,2,189.160184791379,189.160184791379,110642.37509216006,80.0,WIN,114515.55046123492,-3.3822265652785575
2022-05-16,20.150999069213867,20.457000732421875,2,261.474438420141,200.27410577853942,110842.6491979386,80.0,LOSS,114515.55046123492,-3.20733843438987
2022-05-17,22.48699951171875,20.150999069213867,2,257.36517162890345,257.36517162890345,111100.0143695675,80.0,WIN,114515.55046123492,-2.982595881441985
2022-05-18,19.743999481201172,22.48699951171875,2,296.3826670854978,-252.2173390180178,110847.7970305495,80.0,LOSS,114515.55046123492,-3.202843121229205
2022-05-19,21.07699966430664,19.743999481201172,2,264.6595301653054,264.6595301653054,111112.4565607148,80.0,WIN,114515.55046123492,-2.9717308145605217
2022-05-20,20.274999618530273,21.07699966430664,2,288.1045441539285,127.70453499865505,111240.16109571345,80.0,LOSS,114515.55046123492,-2.860213614945009
2022-05-23,20.437000274658203,20.274999618530273,2,277.0568162613327,277.0568162613327,111517.21791197479,80.0,WIN,114515.55046123492,-2.618275454454638
2022-05-24,19.301000595092773,20.437000274658203,2,276.8335105547118,49.63357464162584,111566.85148661642,80.0,LOSS,114515.55046123492,-2.5749332407188437
2022-05-25,19.812000274658203,19.301000595092773,2,260.0434038061363,260.0434038061363,111826.89489042255,80.0,WIN,114515.55046123492,-2.3478519379972855
2022-05-26,21.610000610351562,19.812000274658203,2,268.4250043767881,268.4250043767881,112095.31989479934,80.0,WIN,114515.55046123492,-2.1134514541366696
2022-05-27,21.93899917602539,21.610000610351562,2,298.41679687296687,298.41679687296687,112393.7366916723,80.0,WIN,114515.55046123492,-1.852860821972719
2022-05-31,26.4689998626709,21.93899917602539,2,298.2158072943599,298.2158072943599,112691.95249896665,80.0,WIN,114515.55046123492,-1.5924457027219001
2022-06-01,23.81399917602539,26.4689998626709,2,392.2384112698298,-138.76172605927178,112553.19077290739,80.0,LOSS,114515.55046123492,-1.7136185264129844
2022-06-02,24.445999145507812,23.81399917602539,2,356.25782660163156,356.25782660163156,112909.44859950902,80.0,WIN,114515.55046123492,-1.4025185708464838
2022-06-03,22.722000122070312,24.445999145507812,2,362.778668743613,17.978864056113025,112927.42746356514,80.0,LOSS,114515.55046123492,-1.3868186384061272
2022-06-06,23.54400062561035,22.722000122070312,2,329.21284912739804,329.21284912739804,113256.64031269254,80.0,WIN,114515.55046123492,-1.0993355430523235
2022-06-07,24.0,23.54400062561035,2,340.14821612885606,340.14821612885606,113596.7885288214,80.0,WIN,114515.55046123492,-0.8023032057332067
2022-06-08,23.288999557495117,24.0,2,301.89755714178096,159.6974686408044,113756.48599746221,80.0,LOSS,114515.55046123492,-0.6628483736186229
2022-06-09,21.775999069213867,23.288999557495117,2,293.6606307893703,-8.939466866879684,113747.54653059533,80.0,LOSS,114515.55046123492,-0.6706547080691647
2022-06-10,20.336000442504883,21.775999069213867,2,228.2542316006144,-59.745493741182486,113687.80103685414,80.0,LOSS,114515.55046123492,-0.7228270929553612
2022-06-13,15.21500015258789,20.336000442504883,2,217.86356087859073,-806.3364971048077,112881.46453974933,80.0,LOSS,114515.55046123492,-1.4269554788882133
2022-06-14,15.687000274658203,15.21500015258789,2,176.6120498442159,176.6120498442159,113058.07658959355,80.0,WIN,114515.55046123492,-1.2727300927874816
2022-06-15,17.134000778198242,15.687000274658203,2,182.8877644147903,182.8877644147903,113240.96435400833,80.0,WIN,114515.55046123492,-1.1130244775429414
2022-06-16,16.134000778198242,17.134000778198242,2,196.76900820453227,-3.2309917954677303,113237.73336221286,80.0,LOSS,114515.55046123492,-1.1158459212529497
2022-06-17,16.760000228881836,16.134000778198242,2,179.58838458793875,179.58838458793875,113417.32174680081,80.0,WIN,114515.55046123492,-0.9590214691461273
2022-06-21,17.895999908447266,16.760000228881836,2,184.5913550111617,184.5913550111617,113601.91310181197,80.0,WIN,114515.55046123492,-0.7978282038929119
2022-06-22,17.090999603271484,17.895999908447266,2,199.61974540108253,38.619684365926275,113640.5327861779,80.0,LOSS,114515.55046123492,-0.7641038020886342
2022-06-23,18.83099937438965,17.090999603271484,2,191.5761297533654,191.5761297533654,113832.10891593125,80.0,WIN,114515.55046123492,-0.5968111252585018
2022-06-24,20.54400062561035,18.83099937438965,2,215.78674438888288,215.78674438888288,114047.89566032014,80.0,WIN,114515.55046123492,-0.40837667812904455
2022-06-27,19.67300033569336,20.54400062561035,2,240.08533305316286,65.88527506976442,114113.7809353899,80.0,LOSS,114515.55046123492,-0.35084276696640926
2022-06-28,18.61199951171875,19.67300033569336,2,226.31358911887628,14.113424323954405,114127.89435971386,80.0,LOSS,114515.55046123492,-0.3385183059939862
2022-06-29,17.9689998626709,18.61199951171875,2,215.5861061268129,86.98617631724258,114214.8805360311,80.0,LOSS,114515.55046123492,-0.26255816261880016
2022-06-30,16.43000030517578,17.9689998626709,2,179.01295608635766,-128.78695541266578,114086.09358061843,80.0,LOSS,114515.55046123492,-0.3750205792023563
2022-07-01,16.677000045776367,16.43000030517578,2,162.25108800046982,162.25108800046982,114248.3446686189,80.0,WIN,114515.55046123492,-0.23333581469048822
2022-07-05,18.76799964904785,16.677000045776367,2,164.15950960482928,164.15950960482928,114412.50417822372,80.0,WIN,114515.55046123492,-0.08998453275223639
2022-07-06,18.829999923706055,18.76799964904785,2,195.2084535518232,195.2084535518232,114607.71263177555,80.0,WIN,114607.71263177555,0.0
2022-07-07,21.951000213623047,18.829999923706055,2,194.66559649669054,194.66559649669054,114802.37822827224,80.0,WIN,114802.37822827224,0.0
2022-07-08,22.128000259399414,21.951000213623047,2,248.56769198906602,248.56769198906602,115050.9459202613,80.0,WIN,115050.9459202613,0.0
2022-07-11,20.09000015258789,22.128000259399414,2,249.91769706826238,-157.6823242940423,114893.26359596726,80.0,LOSS,115050.9459202613,-0.13705434843041608
2022-07-12,19.25200080871582,20.09000015258789,2,229.79797304322443,62.19810426881037,114955.46170023608,80.0,LOSS,115050.9459202613,-0.0829929899849837
2022-07-13,19.55500030517578,19.25200080871582,2,218.49158749634285,218.49158749634285,115173.95328773242,80.0,WIN,115173.95328773242,0.0
2022-07-14,20.458999633789062,19.55500030517578,2,172.16456217830392,172.16456217830392,115346.11784991073,73.2337776775113,WIN,115346.11784991073,0.0
2022-07-15,21.398000717163086,20.458999633789062,2,180.742008853944,180.742008853944,115526.85985876468,73.4337474277092,WIN,115526.85985876468,0.0
2022-07-18,22.562999725341797,21.398000717163086,2,184.3549039534195,184.3549039534195,115711.21476271811,71.98630859058738,WIN,115711.21476271811,0.0
2022-07-19,26.716999053955078,22.562999725341797,2,190.24282990594455,190.24282990594455,115901.45759262405,70.76997991970967,WIN,115901.45759262405,0.0
2022-07-20,28.87700080871582,26.716999053955078,2,254.32118766725736,254.32118766725736,116155.77878029131,77.96278020814438,WIN,116155.77878029131,0.0
2022-07-21,28.97100067138672,28.87700080871582,2,276.3066156196331,276.3066156196331,116432.08539591094,78.28899903542077,WIN,116432.08539591094,0.0
2022-07-22,28.191999435424805,28.97100067138672,2,271.70747805587564,115.90723086349283,116547.99262677443,77.03361979505084,LOSS,116547.99262677443,0.0
2022-07-25,26.586000442504883,28.191999435424805,2,261.11109390639126,-60.088704677593114,116487.90392209684,76.26161968564313,LOSS,116547.99262677443,-0.05155704815098256
2022-07-26,23.763999938964844,26.586000442504883,2,247.00473545546382,-317.395365252544,116170.5085568443,76.45274691503042,LOSS,116547.99262677443,-0.32388723428206745
2022-07-27,26.239999771118164,23.763999938964844,2,231.4495402720331,231.4495402720331,116401.95809711634,79.42075473329412,WIN,116547.99262677443,-0.12529990981976322
2022-07-28,27.57200050354004,26.239999771118164,2,258.34912166565965,258.34912166565965,116660.30721878199,80.0,WIN,116660.30721878199,0.0
2022-07-29,28.606000900268555,27.57200050354004,2,268.83679392625663,268.83679392625663,116929.14401270825,79.49253654096229,WIN,116929.14401270825,0.0
2022-08-01,27.573999404907227,28.606000900268555,2,264.3458975725808,57.94559850031516,116987.08961120856,76.12297097342918,LOSS,116987.08961120856,0.0
2022-08-02,27.826000213623047,27.573999404907227,2,259.4002772199881,259.4002772199881,117246.48988842855,77.22425458375494,WIN,117246.48988842855,0.0
2022-08-03,31.368000030517578,27.826000213623047,2,250.61783158062232,250.61783158062232,117497.10772000917,74.57310172052408,WIN,117497.10772000917,0.0
2022-08-04,30.930999755859375,31.368000030517578,2,295.2359367653339,207.8358818336933,117704.94360184287,77.25459592660681,LOSS,117704.94360184287,0.0
2022-08-05,31.915000915527344,30.930999755859375,2,266.96913961020107,266.96913961020107,117971.91274145307,72.08948601020177,WIN,117971.91274145307,0.0
2022-08-08,33.000999450683594,31.915000915527344,2,275.4396844026838,275.4396844026838,118247.35242585574,72.08482572634577,WIN,118247.35242585574,0.0
2022-08-09,31.937999725341797,33.000999450683594,2,264.70829357664763,52.10834850828826,118299.46077436404,68.05538668811276,LOSS,118299.46077436404,0.0
2022-08-10,33.58000183105469,31.937999725341797,2,254.32930084847993,254.32930084847993,118553.79007521251,67.67174580035515,WIN,118553.79007521251,0.0
2022-08-11,33.69900131225586,33.58000183105469,2,267.978059905185,267.978059905185,118821.7681351177,67.78463852516859,WIN,118821.7681351177,0.0
2022-08-12,35.284000396728516,33.69900131225586,2,269.40290268176796,269.40290268176796,119091.17103779948,67.87790848535236,WIN,119091.17103779948,0.0
2022-08-15,34.90800094604492,35.284000396728516,2,282.14679104369577,206.94690090697702,119298.11793870645,67.89155381497918,LOSS,119298.11793870645,0.0
2022-08-16,34.263999938964844,34.90800094604492,2,279.9651344039328,151.16493298791715,119449.28287169436,68.04787594013621,LOSS,119449.28287169436,0.0
2022-08-17,32.52000045776367,34.263999938964844,2,229.17489287916504,-119.62500336106933,119329.65786833329,59.240294067988515,LOSS,119449.28287169436,-0.10014710886926362
2022-08-18,32.4379997253418,32.52000045776367,2,215.4157656735033,199.0156191891283,119528.67348752242,58.814309381304916,LOSS,119528.67348752242,0.0
2022-08-19,28.299999237060547,32.4379997253418,2,215.01995537618757,-612.5801422800624,118916.09334524236,58.84435952112362,LOSS,119528.67348752242,-0.512496394719887
2022-08-22,26.80900001525879,28.299999237060547,2,212.5770724897559,-85.62277187059567,118830.47057337177,64.68428298626185,LOSS,119528.67348752242,-0.5841300616655261
2022-08-23,26.579999923706055,26.80900001525879,2,200.71623486654252,154.91621655599565,118985.38678992777,64.52117211084429,LOSS,119528.67348752242,-0.45452415871691765
2022-08-24,27.44099998474121,26.579999923706055,2,181.9742267261183,181.9742267261183,119167.36101665389,60.28391180610872,WIN,119528.67348752242,-0.3022810011409127
2022-08-25,27.2810001373291,27.44099998474121,2,173.60214335589112,141.60217387346924,119308.96319052736,56.84505836548175,LOSS,119528.67348752242,-0.183813883802534
2022-08-26,24.920000076293945,27.2810001373291,2,168.79129827142265,-303.4087139356086,119005.55447659174,55.924067707368195,LOSS,119528.67348752242,-0.43765148199798726
2022-08-29,24.496000289916992,24.920000076293945,2,162.35755328303134,77.55759600764071,119083.11207259938,58.09367056026332,LOSS,119528.67348752242,-0.37276529716491064
2022-08-30,24.023000717163086,24.496000289916992,2,158.4197510287691,63.81983647798785,119146.93190907736,57.77629603019492,LOSS,119528.67348752242,-0.31937238765132514
2022-08-31,23.1560001373291,24.023000717163086,2,155.34989272231448,-18.050223244482396,119128.88168583288,57.77329747259241,LOSS,119528.67348752242,-0.3344735535204246
2022-09-01,22.091999053955078,23.1560001373291,2,122.62784499021978,-90.1723716845849,119038.70931414829,50.02793873421113,LOSS,119528.67348752242,-0.40991350366259804
2022-09-02,21.805999755859375,22.091999053955078,2,118.50576440174993,61.3059047826093,119100.0152189309,50.480806961933766,LOSS,119528.67348752242,-0.3586237980263937
2022-09-06,20.424999237060547,21.805999755859375,2,113.29331445990418,-162.90678929986143,118937.10842963104,49.36507596798001,LOSS,119528.67348752242,-0.49491476867525913
2022-09-07,21.861000061035156,20.424999237060547,2,104.44514519716668,104.44514519716668,119041.55357482821,48.823242369861646,WIN,119528.67348752242,-0.4075339401679704
2022-09-08,23.450000762939453,21.861000061035156,2,124.15565941559899,124.15565941559899,119165.70923424381,52.56518431885447,WIN,119528.67348752242,-0.3036629142516996
2022-09-09,26.19700050354004,23.450000762939453,2,138.35240343947612,138.35240343947612,119304.06163768329,54.02409817481039,WIN,119528.67348752242,-0.18791461771101886
2022-09-12,26.29800033569336,26.19700050354004,2,180.68697369053754,180.68697369053754,119484.74861137383,60.620947851399336,WIN,119528.67348752242,-0.03674840092087151
2022-09-13,23.125,26.29800033569336,2,176.6473702830928,-457.95269685557906,119026.79591451825,59.42971001185466,LOSS,119528.67348752242,-0.4198804842057901
2022-09-14,22.599000930786133,23.125,2,169.0259182772778,63.82610443450437,119090.62201895275,63.346004852540986,LOSS,119528.67348752242,-0.36648233079855697
2022-09-15,21.694000244140625,22.599000930786133,2,165.20032506473063,-15.799812264370928,119074.82220668838,63.351581776440874,LOSS,119528.67348752242,-0.37970075931732233
2022-09-16,20.634000778198242,21.694000244140625,2,157.92593644968485,-54.07395673879171,119020.74824994958,63.150727010998146,LOSS,119528.67348752242,-0.42494007734960887
2022-09-19,20.6200008392334,20.634000778198242,2,150.83166102302158,148.03167323005283,119168.77992317964,63.35018050926856,LOSS,119528.67348752242,-0.3010939164989163
2022-09-20,19.65999984741211,20.6200008392334,2,137.47597358450696,-54.52422477975085,119114.25569839988,59.09883881515555,LOSS,119528.67348752242,-0.3467099374827429
2022-09-21,19.591999053955078,19.65999984741211,2,130.5879477983365,116.98778910693025,119231.24348750681,58.93479613151707,LOSS,119528.67348752242,-0.24883569049785859
2022-09-22,19.23200035095215,19.591999053955078,2,130.22496205475906,58.22522145417312,119289.46870896098,58.96474080323133,LOSS,119528.67348752242,-0.20012334411659968
2022-09-23,19.145000457763672,19.23200035095215,2,125.36352042788519,107.96354179018988,119397.43225075117,58.115730615527056,LOSS,119528.67348752242,-0.10979895697157001
2022-09-26,20.01799964904785,19.145000457763672,2,124.8284406723701,124.8284406723701,119522.26069142354,58.126795856662255,WIN,119528.67348752242,-0.005365069243869638
2022-09-27,20.60700035095215,20.01799964904785,2,128.15579974662506,128.15579974662506,119650.41649117017,57.34543675000664,WIN,119650.41649117017,0.0
2022-09-28,22.047000885009766,20.60700035095215,2,133.56936207369387,133.56936207369387,119783.98585324387,57.87272635585316,WIN,119783.98585324387,0.0
2022-09-29,21.18199920654297,22.047000885009766,2,149.70344261713794,-23.296893076221437,119760.68896016765,59.91292054200414,LOSS,119783.98585324387,-0.01944908821514522
2022-09-30,21.22599983215332,21.18199920654297,2,144.088486032564,144.088486032564,119904.77744620021,59.99366385494567,WIN,119904.77744620021,0.0
2022-10-03,22.45199966430664,21.22599983215332,2,142.07346557448318,142.07346557448318,120046.8509117747,59.27247959855535,WIN,120046.8509117747,0.0
2022-10-04,24.874000549316406,22.45199966430664,2,154.03632889510106,154.03632889510106,120200.8872406698,60.37923405700974,WIN,120200.8872406698,0.0
2022-10-05,24.2189998626709,24.874000549316406,2,177.55964238327465,46.55950505417309,120247.44674572398,62.21583242071402,LOSS,120247.44674572398,0.0
2022-10-06,24.16699981689453,24.2189998626709,2,169.66606485334063,159.2660556980672,120406.71280142205,61.336989148423,LOSS,120406.71280142205,0.0
2022-10-07,22.030000686645508,24.16699981689453,2,163.24574477882854,-264.1540812709761,120142.55872015108,59.67948509814255,LOSS,120406.71280142205,-0.2193848458487707
2022-10-10,22.065000534057617,22.030000686645508,2,140.1773662905425,140.1773662905425,120282.73608644163,57.087430672392884,WIN,120406.71280142205,-0.10296495278040721
2022-10-11,21.636999130249023,22.065000534057617,2,140.34014515717647,54.739864395457715,120337.47595083708,57.06946680915329,LOSS,120406.71280142205,-0.05750248385167764
2022-10-12,21.83799934387207,21.636999130249023,2,119.39903115890968,119.39903115890968,120456.87498199599,51.49999490766854,WIN,120456.87498199599,0.0
2022-10-13,22.054000854492188,21.83799934387207,2,120.00753805902822,120.00753805902822,120576.88252005502,51.348350432385615,WIN,120576.88252005502,0.0
2022-10-14,20.930999755859375,22.054000854492188,2,118.80167665272634,-105.79854307383616,120471.08397698119,50.6306882631455,LOSS,120576.88252005502,-0.08774363780406792
2022-10-17,22.113000869750977,20.930999755859375,2,113.06474574528357,113.06474574528357,120584.14872272647,50.72944469685779,WIN,120584.14872272647,0.0
2022-10-18,23.5,22.113000869750977,2,123.76905278532921,123.76905278532921,120707.9177755118,52.02144901146731,WIN,120707.9177755118,0.0
2022-10-19,22.607999801635742,23.5,2,131.819566965677,-46.58047270717455,120661.33730280462,52.102318311000694,LOSS,120707.9177755118,-0.03858940951480048
2022-10-20,22.10099983215332,22.607999801635742,2,129.921898445075,28.521904548590612,120689.8592073532,53.01099568328323,LOSS,120707.9177755118,-0.014960549806002863
2022-10-21,23.261999130249023,22.10099983215332,2,127.34510703460337,127.34510703460337,120817.20431438781,53.11179205163088,WIN,120817.20431438781,0.0
2022-10-24,23.760000228881836,23.261999130249023,2,136.5455106992615,136.5455106992615,120953.74982508707,53.82571118777785,WIN,120953.74982508707,0.0
2022-10-25,26.868999481201172,23.760000228881836,2,137.73658649149868,137.73658649149868,121091.48641157857,53.34351333975069,WIN,121091.48641157857,0.0
2022-10-26,27.27199935913086,26.868999481201172,2,178.3174164423307,178.3174164423307,121269.8038280209,58.89664180350567,WIN,121269.8038280209,0.0
2022-10-27,27.055999755859375,27.27199935913086,2,175.95906896321773,132.75914830892086,121402.56297632982,57.67599995811002,LOSS,121402.56297632982,0.0
2022-10-28,27.999000549316406,27.055999755859375,2,170.90532845437875,170.90532845437875,121573.4683047842,56.781213123363905,WIN,121573.4683047842,0.0
2022-10-31,26.750999450683594,27.999000549316406,2,177.30729885796728,-72.29292086859522,121501.1753839156,56.8864074798414,LOSS,121573.4683047842,-0.059464389621063
2022-11-01,25.719999313354492,26.750999450683594,2,171.3859191792109,-34.81410828660941,121466.361275629,57.37640926298362,LOSS,121573.4683047842,-0.0881006609819549
2022-11-02,24.822999954223633,25.719999313354492,2,151.69465907654902,-27.70521274962286,121438.65606287937,54.01111526516315,LOSS,121573.4683047842,-0.11088952530897342
2022-11-03,24.8439998626709,24.822999954223633,2,147.30583950085196,147.30583950085196,121585.96190238022,54.25136151004745,WIN,121585.96190238022,0.0
2022-11-04,27.709999084472656,24.8439998626709,2,147.4010481544021,147.4010481544021,121733.36295053462,54.24353149276643,WIN,121733.36295053462,0.0
2022-11-07,26.663999557495117,27.709999084472656,2,168.5731629581252,-40.6267424373826,121692.73620809724,55.23842310019084,LOSS,121733.36295053462,-0.03337354809945436
2022-11-08,21.18400001525879,26.663999557495117,2,166.05902465473505,-929.9408837925306,120762.79532430471,56.19326521580228,LOSS,121733.36295053462,-0.7972897508995063
2022-11-09,17.035999298095703,21.18400001525879,2,180.04087813820556,-649.5592652944116,120113.23605901029,71.21499587380433,LOSS,121733.36295053462,-1.3308815695682807
2022-11-10,17.5,17.035999298095703,2,170.42564589263785,170.42564589263785,120283.66170490293,80.0,WIN,121733.36295053462,-1.1908824421623532
2022-11-11,17.51799964904785,17.5,2,175.68605973537268,175.68605973537268,120459.3477646383,80.0,WIN,121733.36295053462,-1.0465620558055295
2022-11-14,16.59000015258789,17.51799964904785,2,174.60538469996374,-10.994514592028452,120448.35325004626,80.0,LOSS,121733.36295053462,-1.0555936921010807
2022-11-15,17.152999877929688,16.59000015258789,2,163.99195496490353,163.99195496490353,120612.34520501117,80.0,WIN,121733.36295053462,-0.9208796326270623
2022-11-16,16.944000244140625,17.152999877929688,2,167.27503340483034,125.47510664701784,120737.82031165819,79.50302309927778,LOSS,121733.36295053462,-0.817805911827937
2022-11-17,17.38800048828125,16.944000244140625,2,164.77975036070814,164.77975036070814,120902.6000620189,79.32457422569092,WIN,121733.36295053462,-0.6824447040482167
2022-11-18,17.011999130249023,17.38800048828125,2,169.86357661871406,94.66330501226875,120997.26336703116,79.61593741672174,LOSS,121733.36295053462,-0.6046818765719663
2022-11-21,15.722000122070312,17.011999130249023,2,163.6406562177908,-94.3591454179514,120902.90422161321,78.62457425151425,LOSS,121733.36295053462,-0.6821948468300024
2022-11-22,16.70800018310547,15.722000122070312,2,152.7334221088433,152.7334221088433,121055.63764372205,79.25624103968038,WIN,121733.36295053462,-0.5567293060719601
2022-11-23,17.638999938964844,16.70800018310547,2,151.69814424915606,151.69814424915606,121207.3357879712,75.05439903560486,WIN,121733.36295053462,-0.4321142124178123
2022-11-25,18.299999237060547,17.638999938964844,2,163.4075700170659,163.4075700170659,121370.74335798826,76.27555333444585,WIN,121733.36295053462,-0.29788020617955163
2022-11-28,17.66699981689453,18.299999237060547,2,171.70054709615135,45.10066306294823,121415.8440210512,77.05969488104725,LOSS,121733.36295053462,-0.26083147773748266
2022-11-29,18.200000762939453,17.66699981689453,2,163.9595387496938,163.9595387496938,121579.8035598009,76.38509213569455,WIN,121733.36295053462,-0.1261440471303784
2022-11-30,19.80900001525879,18.200000762939453,2,170.08141837968023,170.08141837968023,121749.88497818058,76.81224131897872,WIN,121749.88497818058,0.0
2022-12-01,19.898000717163086,19.80900001525879,2,192.65488106004585,192.65488106004585,121942.53985924063,79.32895448470093,WIN,121942.53985924063,0.0
2022-12-02,20.694000244140625,19.898000717163086,2,193.1188232497465,193.1188232497465,122135.65868249038,79.19544192743332,WIN,122135.65868249038,0.0
2022-12-05,19.566999435424805,20.694000244140625,2,202.5507206108715,-22.849441132292554,122112.80924135809,79.74084617412568,LOSS,122135.65868249038,-0.018708247352798437
2022-12-06,19.552000045776367,19.566999435424805,2,180.8341619509901,177.8342840213026,122290.64352537939,76.1287160617112,LOSS,122290.64352537939,0.0
2022-12-07,19.349000930786133,19.552000045776367,2,180.33855929851376,139.73873630046688,122430.38226167986,76.00795041203628,LOSS,122430.38226167986,0.0
2022-12-08,20.256999969482422,19.349000930786133,2,143.94340872566892,143.94340872566892,122574.32567040552,64.20647630817643,WIN,122574.32567040552,0.0
2022-12-09,20.325000762939453,20.256999969482422,2,104.60124438848972,104.60124438848972,122678.926914794,49.15472181181346,WIN,122678.926914794,0.0
2022-12-12,19.615999221801758,20.325000762939453,2,104.50130492602636,-37.2990033015127,122641.6279114925,49.007927938204034,LOSS,122678.926914794,-0.030403757384847616
2022-12-13,20.180999755859375,19.615999221801758,2,103.35970378992114,103.35970378992114,122744.98761528241,49.85217203586246,WIN,122744.98761528241,0.0
2022-12-14,20.273000717163086,20.180999755859375,2,101.30004456671162,101.30004456671162,122846.28765984913,48.20136873366036,WIN,122846.28765984913,0.0
2022-12-15,18.799999237060547,20.273000717163086,2,100.92143258967874,-193.67886343082907,122652.6087964183,47.927169528806665,LOSS,122846.28765984913,-0.1576595167182524
2022-12-16,17.375,18.799999237060547,2,101.89446599964211,-183.10538141246727,122469.50341500583,50.849392014514045,LOSS,122846.28765984913,-0.3067119503737682
2022-12-19,17.020999908447266,17.375,2,100.97101838929758,30.17100007875071,122499.67441508459,53.43801500474978,LOSS,122846.28765984913,-0.28215198958578086
2022-12-20,16.885000228881836,17.020999908447266,2,98.85244401430253,71.6525081012166,122571.32692318581,53.414162616701226,LOSS,122846.28765984913,-0.2238250271140927
2022-12-21,16.881999969482422,16.885000228881836,2,91.12819708146809,90.52814520158528,122661.8550683874,50.69774113636671,LOSS,122846.28765984913,-0.1501328163634868
2022-12-22,16.62299919128418,16.881999969482422,2,86.78924630632213,34.98909066667369,122696.84415905408,49.00408165743815,LOSS,122846.28765984913,-0.12165080739667826
2022-12-23,16.267000198364258,16.62299919128418,2,81.79618070412307,10.5963821201387,122707.44054117422,47.54712790509545,LOSS,122846.28765984913,-0.11302508306914755
2022-12-27,14.77400016784668,16.267000198364258,2,78.3047357827311,-220.29527032078454,122487.14527085343,46.8397453177261,LOSS,122846.28765984913,-0.29235103138820745
2022-12-28,13.809000015258789,14.77400016784668,2,78.29215540503532,-114.70787511254281,122372.4373957409,50.05170746846145,LOSS,122846.28765984913,-0.38572615675638594
2022-12-29,13.663000106811523,13.809000015258789,2,74.52767514431265,45.32769345485953,122417.76508919576,50.69804004739256,LOSS,122846.28765984913,-0.34882826238910025
2022-12-30,14.156999588012695,13.663000106811523,2,62.621562075786045,62.621562075786045,122480.38665127155,45.31564785693101,WIN,122846.28765984913,-0.29785271948203224
2023-01-03,14.501999855041504,14.156999588012695,2,67.58841870466442,67.58841870466442,122547.97506997621,46.57839807243908,WIN,122846.28765984913,-0.24283402905826637
2023-01-04,16.506000518798828,14.501999855041504,2,67.46051237365288,67.46051237365288,122615.43558234986,45.76881479136697,WIN,122846.28765984913,-0.18791945763837367
2023-01-05,15.656000137329102,16.506000518798828,2,100.92861255833859,-69.07146373560673,122546.36411861426,55.44468687251484,LOSS,122846.28765984913,-0.2441453844053693
2023-01-06,16.045000076293945,15.656000137329102,2,97.44912850781571,97.44912850781571,122643.81324712207,56.170502882296226,WIN,122846.28765984913,-0.16481931736324634
2023-01-09,17.500999450683594,16.045000076293945,2,100.97535755191491,100.97535755191491,122744.78860467399,56.62600239293704,WIN,122846.28765984913,-0.08262281026853821
2023-01-10,19.0,17.500999450683594,2,116.92664341078944,116.92664341078944,122861.71524808477,59.1915933107458,WIN,122861.71524808477,0.0
2023-01-11,19.47599983215332,19.0,2,135.23543345035958,135.23543345035958,122996.95068153513,62.07885859916802,WIN,122996.95068153513,0.0
2023-01-12,21.017000198364258,19.47599983215332,2,138.0393409542183,138.0393409542183,123134.99002248935,61.88049014885101,WIN,123134.99002248935,0.0
2023-01-13,21.69700050354004,21.017000198364258,2,154.6685288431635,154.6685288431635,123289.65855133251,63.6766021678822,WIN,123289.65855133251,0.0
2023-01-17,23.591999053955078,21.69700050354004,2,160.53833671675866,160.53833671675866,123450.19688804926,63.9404646940936,WIN,123450.19688804926,0.0
2023-01-18,22.118999481201172,23.591999053955078,2,173.8476484940066,-120.75226605677466,123329.44462199249,63.74085096356052,LOSS,123450.19688804926,-0.09781455931275798
2023-01-19,22.145000457763672,22.118999481201172,2,160.46193323881636,160.46193323881636,123489.9065552313,62.983903001961465,WIN,123489.9065552313,0.0
2023-01-20,24.003000259399414,22.145000457763672,2,159.45031737167423,159.45031737167423,123649.35687260298,62.62540951854812,WIN,123649.35687260298,0.0
2023-01-23,25.02199935913086,24.003000259399414,2,177.57714590167308,177.57714590167308,123826.93401850465,63.933983409061476,WIN,123826.93401850465,0.0
2023-01-24,24.75,25.02199935913086,2,185.17632026345464,130.77644843728277,123957.71046694194,63.94997448878616,LOSS,123957.71046694194,0.0
2023-01-25,24.583999633789062,24.75,2,182.7677761933306,149.5677029511431,124107.27816989308,63.84425085695597,LOSS,124107.27816989308,0.0
2023-01-26,24.531999588012695,24.583999633789062,2,180.18962305070264,169.7896138954292,124277.0677837885,63.480407839270775,LOSS,124277.0677837885,0.0
2023-01-27,25.836000442504883,24.531999588012695,2,162.66000356693576,162.66000356693576,124439.72778735544,58.85679163157995,WIN,124439.72778735544,0.0
2023-01-30,24.569000244140625,25.836000442504883,2,158.1592328831327,-95.24080678971887,124344.48698056572,55.49098066559603,LOSS,124439.72778735544,-0.0765356920038177
2023-01-31,25.17300033569336,24.569000244140625,2,157.4750474696123,157.4750474696123,124501.96202803534,57.394868448304926,WIN,124501.96202803534,0.0
2023-02-01,26.79199981689453,25.17300033569336,2,161.3613046301507,161.3613046301507,124663.32333266549,57.39878814475006,WIN,124663.32333266549,0.0
2023-02-02,29.21299934387207,26.79199981689453,2,173.3550939489342,173.3550939489342,124836.67842661442,57.79770735944645,WIN,124836.67842661442,0.0
2023-02-03,28.47599983215332,29.21299934387207,2,174.91767806947186,27.51777572572186,124864.19620234014,54.604686823929036,LOSS,124864.19620234014,0.0
2023-02-06,28.204999923706055,28.47599983215332,2,163.82799621810014,109.62801452864701,124973.82421686879,53.05381183610809,LOSS,124973.82421686879,0.0
2023-02-07,28.386999130249023,28.204999923706055,2,165.16801376469695,165.16801376469695,125138.99223063348,53.733689961526295,WIN,125138.99223063348,0.0
2023-02-08,27.59600067138672,28.386999130249023,2,159.6009209781732,1.4012292057122693,125140.3934598392,52.188181109566045,LOSS,125140.3934598392,0.0
2023-02-09,24.90399932861328,27.59600067138672,2,152.4996099329416,-385.9006586217459,124754.49280121745,51.55203952571907,LOSS,125140.3934598392,-0.3083741771561469
2023-02-10,24.336999893188477,24.90399932861328,2,158.27154244162628,44.87165535666534,124799.36445657411,57.036133975279924,LOSS,125140.3934598392,-0.27251712563499814
2023-02-13,24.924999237060547,24.336999893188477,2,149.54705789705858,149.54705789705858,124948.91151447117,55.64431998947155,WIN,125140.3934598392,-0.15301369931322478
2023-02-14,27.11400032043457,24.924999237060547,2,152.65905368748284,152.65905368748284,125101.57056815866,55.51132435332121,WIN,125140.3934598392,-0.031023469406780777
2023-02-15,29.84000015258789,27.11400032043457,2,166.1950484194828,166.1950484194828,125267.76561657814,55.54277882752144,WIN,125267.76561657814,0.0
2023-02-16,28.402999877929688,29.84000015258789,2,186.92612713782492,-100.4739277938157,125167.29168878432,56.4343199914692,LOSS,125267.76561657814,-0.0802073281177163
2023-02-17,29.405000686645508,28.402999877929688,2,184.35526304016966,184.35526304016966,125351.64695182448,57.93192453142905,WIN,125351.64695182448,0.0
2023-02-21,26.992000579833984,29.405000686645508,2,182.85989873714473,-299.74012262516,125051.90682919933,56.13261397105331,LOSS,125351.64695182448,-0.23911941319793764
2023-02-22,26.857999801635742,26.992000579833984,2,179.01610670763804,152.2159510679896,125204.12278026732,58.86782091443675,LOSS,125351.64695182448,-0.11768825950396802
2023-02-23,26.575000762939453,26.857999801635742,2,177.88605685826647,121.28624911900866,125325.40902938633,58.808387782865076,LOSS,125351.64695182448,-0.020931454094290647
2023-02-24,25.579999923706055,26.575000762939453,2,176.17537955937098,-22.824788287308706,125302.58424109902,58.84912775774373,LOSS,125351.64695182448,-0.039140060716015515
2023-02-27,25.864999771118164,25.579999923706055,2,172.0649540532186,172.0649540532186,125474.64919515223,59.49189592771272,WIN,125474.64919515223,0.0
2023-02-28,26.226999282836914,25.864999771118164,2,170.31657654732345,170.31657654732345,125644.96577169956,58.55454375446078,WIN,125644.96577169956,0.0
2023-03-01,25.791000366210938,26.226999282836914,2,168.73988951882063,81.54010619362532,125726.50587789319,57.55574371173573,LOSS,125726.50587789319,0.0
2023-03-02,25.288999557495117,25.791000366210938,2,165.88693202399267,65.48677028082861,125791.99264817401,57.54348044463243,LOSS,125791.99264817401,0.0
2023-03-03,24.69099998474121,25.288999557495117,2,157.08217209432647,37.48225754354522,125829.47490571755,56.085093324724156,LOSS,125829.47490571755,0.0
2023-03-06,23.7450008392334,24.69099998474121,2,139.77165310580517,-49.42817599575733,125780.0467297218,52.44289768365826,LOSS,125829.47490571755,-0.03928187416564204
2023-03-07,23.143999099731445,23.7450008392334,2,135.41623647874982,15.215888578359198,125795.26261830016,52.72138055804044,LOSS,125829.47490571755,-0.02718940649083176
2023-03-08,23.27199935913086,23.143999099731445,2,132.42732205648085,132.42732205648085,125927.68994035663,52.846717786531165,WIN,125927.68994035663,0.0
2023-03-09,21.082000732421875,23.27199935913086,2,133.1177060079085,-304.88201933388837,125622.80792102274,52.83477514773017,LOSS,125927.68994035663,-0.24210880027918602
2023-03-10,19.201000213623047,21.082000732421875,2,129.60114695473268,-246.59895680503294,125376.20896421772,55.66174847717686,LOSS,125927.68994035663,-0.43793464042746894
2023-03-13,22.31599998474121,19.201000213623047,2,116.42065238770982,116.42065238770982,125492.62961660542,55.104693800174914,WIN,125927.68994035663,-0.3454842409618328
2023-03-14,22.94700050354004,22.31599998474121,2,170.39732560436815,170.39732560436815,125663.02694220979,65.50512501433005,WIN,125927.68994035663,-0.21017061320841826
2023-03-15,22.7549991607666,22.94700050354004,2,175.48302313873018,137.08275458404268,125800.10969679384,65.58225784969675,LOSS,125927.68994035663,-0.10131230361108455
2023-03-16,24.107999801635742,22.7549991607666,2,164.1044087089771,164.1044087089771,125964.21410550282,62.701545869737174,WIN,125964.21410550282,0.0
2023-03-17,26.766000747680664,24.107999801635742,2,164.4389582610081,164.4389582610081,126128.65306376382,60.11620551154542,WIN,126128.65306376382,0.0
2023-03-20,26.395999908447266,26.766000747680664,2,198.8952075223196,124.89503967563991,126253.54810343946,64.1507174556363,LOSS,126253.54810343946,0.0
2023-03-21,27.33799934387207,26.395999908447266,2,194.39978191319386,194.39978191319386,126447.94788535265,63.71320272498048,WIN,126447.94788535265,0.0
2023-03-22,24.68600082397461,27.33799934387207,2,193.7472247423134,-336.6524792371788,126111.29540611547,61.87678196831955,LOSS,126447.94788535265,-0.2662379934725498
2023-03-23,26.33300018310547,24.68600082397461,2,186.91671212276847,186.91671212276847,126298.21211823824,65.08254877784958,WIN,126447.94788535265,-0.11841692144357661
2023-03-24,25.66699981689453,26.33300018310547,2,205.11338839861003,71.91331515642253,126370.12543339466,66.52081157663636,LOSS,126447.94788535265,-0.06154504937364108
2023-03-27,23.895999908447266,25.66699981689453,2,198.91679350525274,-155.28318818420038,126214.84224521046,66.26079897959832,LOSS,126447.94788535265,-0.1843490891236503
2023-03-28,24.826000213623047,23.895999908447266,2,190.55109897449555,190.55109897449555,126405.39334418495,67.74426911074269,WIN,126447.94788535265,-0.033653801330397574
2023-03-29,28.402999877929688,24.826000213623047,2,199.59145724539164,199.59145724539164,126604.98480143034,68.17704776648975,WIN,126604.98480143034,0.0
2023-03-30,27.92300033569336,28.402999877929688,2,252.99500465434872,156.9950962070831,126761.97989763743,73.91647608824917,LOSS,126761.97989763743,0.0
2023-03-31,29.23200035095215,27.92300033569336,2,248.56329546081054,248.56329546081054,127010.54319309824,73.87947721786654,WIN,127010.54319309824,0.0
2023-04-03,29.73900032043457,29.23200035095215,2,260.62686408306007,260.62686408306007,127271.1700571813,73.97251805109096,WIN,127271.1700571813,0.0
2023-04-04,29.898000717163086,29.73900032043457,2,261.9037299720309,261.9037299720309,127533.07378715333,73.2511289451509,WIN,127533.07378715333,0.0
2023-04-05,29.083999633789062,29.898000717163086,2,261.35903693789373,98.55882026308905,127631.63260741642,72.8208406958845,LOSS,127631.63260741642,0.0
2023-04-06,29.010000228881836,29.083999633789062,2,256.3309807421974,241.5310997607521,127873.16370717718,73.29562963352186,LOSS,127873.16370717718,0.0
2023-04-10,31.277999877929688,29.010000228881836,2,240.53771449109828,240.53771449109828,128113.70142166829,69.84341334490168,WIN,128113.70142166829,0.0
2023-04-11,33.23500061035156,31.277999877929688,2,245.57801746407577,245.57801746407577,128359.27943913237,66.93253758312471,WIN,128359.27943913237,0.0
2023-04-12,32.28300094604492,33.23500061035156,2,231.0170841955836,40.61715133425548,128399.89659046663,60.97666181465422,LOSS,128399.89659046663,0.0
2023-04-13,34.071998596191406,32.28300094604492,2,228.4580987801001,228.4580987801001,128628.35468924673,61.808172773419436,WIN,128628.35468924673,0.0
2023-04-14,33.375,34.071998596191406,2,241.83836528211882,102.43864604383757,128730.79333529057,61.94794834271958,LOSS,128730.79333529057,0.0
2023-04-17,31.30299949645996,33.375,2,237.03964928654395,-177.36045142146386,128553.4328838691,61.97737549619209,LOSS,128730.79333529057,-0.13777624360592328
2023-04-18,32.98500061035156,31.30299949645996,2,216.2721410871801,216.2721410871801,128769.70502495627,60.698679841596565,WIN,128769.70502495627,0.0
2023-04-19,31.472000122070312,32.98500061035156,2,230.0480451148034,-72.55205254144661,128697.15297241483,61.130809891460686,LOSS,128769.70502495627,-0.056342485623762026
2023-04-20,29.47100067138672,31.472000122070312,2,223.8700086554609,-176.32988148125784,128520.82309093357,62.050105380247395,LOSS,128769.70502495627,-0.1932767757559675
2023-04-21,29.101999282836914,29.47100067138672,2,199.98444508983,126.18416737986905,128647.00725831343,59.883877009192666,LOSS,128769.70502495627,-0.09528465303159886
2023-04-24,28.533000946044922,29.101999282836914,2,192.6040272092985,78.80435985090006,128725.81161816433,58.77554550056729,LOSS,128769.70502495627,-0.03408674950636908
2023-04-25,29.090999603271484,28.533000946044922,2,188.2939282665887,188.2939282665887,128914.10554643092,58.649361358701015,WIN,128914.10554643092,0.0
2023-04-26,29.945999145507812,29.090999603271484,2,181.75105856243917,181.75105856243917,129095.85660499336,56.32447389543067,WIN,129095.85660499336,0.0
2023-04-27,31.86400032043457,29.945999145507812,2,186.28596797861175,186.28596797861175,129282.14257297196,56.146259773927355,WIN,129282.14257297196,0.0
2023-04-28,32.8380012512207,31.86400032043457,2,165.94615136560662,165.94615136560662,129448.08872433758,49.447357764752304,WIN,129448.08872433758,0.0
2023-05-01,30.746999740600586,32.8380012512207,2,170.79011089304112,-247.41019123098232,129200.67853310659,49.40131422396885,LOSS,129448.08872433758,-0.1911269557311506
2023-05-02,32.80099868774414,30.746999740600586,2,167.01991336288918,167.01991336288918,129367.69844646948,50.92977839153607,WIN,129448.08872433758,-0.06210232894151562
2023-05-03,30.424999237060547,32.80099868774414,2,186.43716590329774,-288.762724233421,129078.93572223606,52.595377873671424,LOSS,129448.08872433758,-0.28517454814465404
2023-05-04,31.224000930786133,30.424999237060547,2,184.40810964440558,184.40810964440558,129263.34383188045,55.09022268670451,WIN,129448.08872433758,-0.1427173581917767
2023-05-05,32.672000885009766,31.224000930786133,2,188.43404559417058,188.43404559417058,129451.77787747463,54.9171797590186,WIN,129451.77787747463,0.0
2023-05-08,29.466999053955078,32.672000885009766,2,200.3453604925832,-440.6550057183543,129011.12287175628,55.55949940551075,LOSS,129451.77787747463,-0.3404008913152402
2023-05-09,30.343000411987305,29.466999053955078,2,188.70351125285535,188.70351125285535,129199.82638300913,57.35777126350456,WIN,129451.77787747463,-0.19462961312432914
2023-05-10,31.51099967956543,30.343000411987305,2,188.497399171993,188.497399171993,129388.32378218112,56.089974147261884,WIN,129451.77787747463,-0.04901755413012925
2023-05-11,28.73699951171875,31.51099967956543,2,197.4232147864561,-357.3768187828798,129030.94696339824,56.44050765347347,LOSS,129451.77787747463,-0.3250870099866088
2023-05-12,27.100000381469727,28.73699951171875,2,186.330255258423,-141.0695707913817,128889.87739260685,57.88752527381444,LOSS,129451.77787747463,-0.43406162053611036
2023-05-15,28.25,27.100000381469727,2,179.2345996622638,179.2345996622638,129069.11199226911,58.74632567983505,WIN,129451.77787747463,-0.2956049669458404
2023-05-16,27.3439998626709,28.25,2,185.63762058234386,4.437593116523544,129073.54958538564,58.464688322004186,LOSS,129451.77787747463,-0.2921769776286701
2023-05-17,29.05699920654297,27.3439998626709,2,175.12255434437088,175.12255434437088,129248.67213973001,57.36127944709753,WIN,129451.77787747463,-0.15689683144935307
2023-05-18,28.757999420166016,29.05699920654297,2,191.11251949264926,131.31256221725863,129379.98470194727,58.50382118042975,LOSS,129451.77787747463,-0.05545939708554032
2023-05-19,28.827999114990234,28.757999420166016,2,182.72620125600125,182.72620125600125,129562.71090320326,57.02727034968125,WIN,129562.71090320326,0.0
2023-05-22,29.41200065612793,28.827999114990234,2,182.88532437755083,182.88532437755083,129745.59622758081,56.96173005420029,WIN,129745.59622758081,0.0
2023-05-23,28.933000564575195,29.41200065612793,2,186.377066182338,90.57704787179114,129836.1732754526,56.913789967017664,LOSS,129836.1732754526,0.0
2023-05-24,28.44300079345703,28.933000564575195,2,183.38394696852203,85.38399274488921,129921.55726819749,56.923435925465185,LOSS,129921.55726819749,0.0
2023-05-25,28.099000930786133,28.44300079345703,2,179.2818636796021,110.48189114542242,130032.03915934291,56.69173545759679,LOSS,130032.03915934291,0.0
2023-05-26,28.510000228881836,28.099000930786133,2,169.45732929692863,169.45732929692863,130201.49648863984,54.88949217991908,WIN,130201.49648863984,0.0
2023-05-30,29.927000045776367,28.510000228881836,2,170.32696601607213,170.32696601607213,130371.82345465591,54.51620396605228,WIN,130371.82345465591,0.0
2023-05-31,30.163000106811523,29.927000045776367,2,177.0708487382842,177.0708487382842,130548.89430339419,54.135682618040526,WIN,130548.89430339419,0.0
2023-06-01,29.993999481201172,30.163000106811523,2,169.35929860575962,135.5591734836893,130684.45347687788,52.13842992577355,LOSS,130684.45347687788,0.0
2023-06-02,30.21299934387207,29.993999481201172,2,157.9168412285513,157.9168412285513,130842.37031810643,49.82435628345273,WIN,130842.37031810643,0.0
2023-06-05,27.63599967956543,30.21299934387207,2,157.6591626079254,-357.74077025340273,130484.62954785304,49.51551858718948,LOSS,130842.37031810643,-0.2734135505063462
2023-06-06,29.881999969482422,27.63599967956543,2,152.15495531507602,152.15495531507602,130636.7845031681,51.4166465097606,WIN,130842.37031810643,-0.1571248017278374
2023-06-07,29.08099937438965,29.881999969482422,2,160.3439636883173,0.14384466976261479,130636.92834783786,50.49212340061844,LOSS,130842.37031810643,-0.15701486435097103
2023-06-08,29.093000411987305,29.08099937438965,2,155.7636644153923,155.7636644153923,130792.69201225326,50.42793647131139,WIN,130842.37031810643,-0.0379680570845621
2023-06-09,28.232999801635742,29.093000411987305,2,152.4088824950261,-19.59123957528641,130773.10077267798,49.65060280555984,LOSS,130842.37031810643,-0.052941218704648546
2023-06-12,27.770000457763672,28.232999801635742,2,133.5485437802916,40.94867500587753,130814.04944768385,46.28752145361843,LOSS,130842.37031810643,-0.02164503008752387
2023-06-13,28.381999969482422,27.770000457763672,2,124.39651073103117,124.39651073103117,130938.44595841489,44.629296537018355,WIN,130938.44595841489,0.0
2023-06-14,28.288000106811523,28.381999969482422,2,124.07802056090615,105.27804802672647,131043.72400644161,43.91617802888251,LOSS,131043.72400644161,0.0
2023-06-15,27.79199981689453,28.288000106811523,2,120.91845633107977,21.71839834768133,131065.4424047893,43.27348727038735,LOSS,131065.4424047893,0.0
2023-06-16,29.339000701904297,27.79199981689453,2,109.65086481145994,109.65086481145994,131175.09326960077,41.09644153404278,WIN,131175.09326960077,0.0
2023-06-20,31.34000015258789,29.339000701904297,2,123.92155326228713,123.92155326228713,131299.01482286304,42.937694209841986,WIN,131299.01482286304,0.0
2023-06-21,33.13100051879883,31.34000015258789,2,143.75124722717715,143.75124722717715,131442.7660700902,45.33902751808605,WIN,131442.7660700902,0.0
2023-06-22,32.722999572753906,33.13100051879883,2,158.47171534168908,76.8715261327047,131519.63759622292,46.63779708328059,LOSS,131519.63759622292,0.0
2023-06-23,32.9109992980957,32.722999572753906,2,156.08468627142506,156.08468627142506,131675.72228249436,46.54977147048977,WIN,131675.72228249436,0.0
2023-06-26,30.573999404907227,32.9109992980957,2,155.42206847538264,-311.9779101623127,131363.74437233206,46.236376151369825,LOSS,131675.72228249436,-0.2369289530024282
2023-06-27,32.487998962402344,30.573999404907227,2,157.68719606507707,157.68719606507707,131521.43156839715,49.114044110002396,WIN,131675.72228249436,-0.11717476192475114
2023-06-28,32.56100082397461,32.487998962402344,2,174.80170917029915,174.80170917029915,131696.23327756746,50.58866858411858,WIN,131696.23327756746,0.0
2023-06-29,34.0260009765625,32.56100082397461,2,170.86323874346223,170.86323874346223,131867.0965163109,49.70882547208171,WIN,131867.0965163109,0.0
2023-06-30,34.242000579833984,34.0260009765625,2,182.22883977240022,182.22883977240022,132049.3253560833,50.42380664081751,WIN,132049.3253560833,0.0
2023-07-03,37.784000396728516,34.242000579833984,2,182.9847022781399,182.9847022781399,132232.31005836144,50.346358839958555,WIN,132232.31005836144,0.0
2023-07-05,37.81100082397461,37.784000396728516,2,224.0753906707587,224.0753906707587,132456.3854490322,54.2261110800619,WIN,132456.3854490322,0.0
2023-07-06,37.654998779296875,37.81100082397461,2,199.21930657605887,168.018897640512,132624.40434667273,49.849959672899,LOSS,132624.40434667273,0.0
2023-07-07,38.07400131225586,37.654998779296875,2,186.9605264334137,186.9605264334137,132811.36487310615,47.84099548294866,WIN,132811.36487310615,0.0
2023-07-10,40.770999908447266,38.07400131225586,2,184.3052429879993,184.3052429879993,132995.67011609414,47.018294732960754,WIN,132995.67011609414,0.0
2023-07-11,41.22999954223633,40.770999908447266,2,205.95836269267136,205.95836269267136,133201.62847878682,48.413125097647644,WIN,133201.62847878682,0.0
2023-07-12,41.3489990234375,41.22999954223633,2,201.0792921306861,201.0792921306861,133402.7077709175,47.25841660740935,WIN,133402.7077709175,0.0
2023-07-13,46.18299865722656,41.3489990234375,2,198.27014519074143,198.27014519074143,133600.97791610824,46.71621496121534,WIN,133600.97791610824,0.0
2023-07-14,45.88600158691406,46.18299865722656,2,251.44820057175164,192.04878650925164,133793.0267026175,51.01267921477013,LOSS,133793.0267026175,0.0
2023-07-17,44.987998962402344,45.88600158691406,2,250.43574977723733,70.83522487489358,133863.8619274924,51.099828400581835,LOSS,133863.8619274924,0.0
2023-07-18,44.58000183105469,44.987998962402344,2,246.09295404282489,164.49352777329364,134028.3554552657,51.181913555807625,LOSS,134028.3554552657,0.0
2023-07-19,45.310001373291016,44.58000183105469,2,244.02810583187494,244.02810583187494,134272.38356109758,51.20668766390319,WIN,134272.38356109758,0.0
2023-07-20,44.08300018310547,45.310001373291016,2,240.93632800638588,-4.463910030723497,134267.91965106686,50.172014256533835,LOSS,134272.38356109758,-0.0033245183501890738
2023-07-21,43.665000915527344,44.08300018310547,2,235.6605106965643,152.0606571809393,134419.9803082478,50.35938471473058,LOSS,134419.9803082478,0.0
2023-07-24,43.09400177001953,43.665000915527344,2,232.96495466986826,118.76512556830576,134538.7454338161,50.289552348934315,LOSS,134538.7454338161,0.0
2023-07-25,43.68199920654297,43.09400177001953,2,232.0552637206013,232.0552637206013,134770.8006975367,50.6175159541201,WIN,134770.8006975367,0.0
2023-07-26,44.34600067138672,43.68199920654297,2,210.33135538848927,210.33135538848927,134981.13205292518,46.84861438265708,WIN,134981.13205292518,0.0
2023-07-27,42.6150016784668,44.34600067138672,2,206.3404779465618,-139.85932063742257,134841.27273228776,45.77648388736532,LOSS,134981.13205292518,-0.10361397812442621
2023-07-28,43.46099853515625,42.6150016784668,2,207.7234646002335,207.7234646002335,135048.996196888,47.241265232816474,WIN,135048.996196888,0.0
2023-07-31,43.78799819946289,43.46099853515625,2,208.63619988374333,208.63619988374333,135257.63239677175,46.75257805750984,WIN,135257.63239677175,0.0
2023-08-01,43.49800109863281,43.78799819946289,2,210.15614139981764,152.15672123380202,135409.78911800554,46.745050556094114,LOSS,135409.78911800554,0.0
2023-08-02,40.733001708984375,43.49800109863281,2,177.67055372461832,-375.32932420506916,135034.4597938005,42.01687943019384,LOSS,135409.78911800554,-0.27718034763200805
2023-08-03,38.99100112915039,40.733001708984375,2,183.6549057177346,-164.74521024906227,134869.71458355142,44.8225755038675,LOSS,135409.78911800554,-0.39884452813338506
2023-08-04,37.696998596191406,38.99100112915039,2,182.47581303167593,-76.32469356012095,134793.3898899913,45.954938805430814,LOSS,135409.78911800554,-0.4552102414671677
2023-08-07,37.082000732421875,37.696998596191406,2,179.7346844641137,56.73511171020746,134850.1250017015,46.53654765453617,LOSS,135409.78911800554,-0.41331141562912943
2023-08-08,38.948001861572266,37.082000732421875,2,161.10004585430306,161.10004585430306,135011.2250475558,43.73568369511695,WIN,135409.78911800554,-0.2943391855535629
2023-08-09,37.784000396728516,38.948001861572266,2,177.98726818634094,-54.81302478240906,134956.4120227734,45.226842562457364,LOSS,135409.78911800554,-0.3348185520302607
2023-08-10,37.80099868774414,37.784000396728516,2,174.8121815106916,174.8121815106916,135131.2242042841,45.60220950439775,WIN,135409.78911800554,-0.20571992286220467
2023-08-11,38.430999755859375,37.80099868774414,2,118.69953641992785,118.69953641992785,135249.92374070405,35.76991779370663,WIN,135409.78911800554,-0.11806042852793894
2023-08-14,38.882999420166016,38.430999755859375,2,123.67765093042425,123.67765093042425,135373.60139163447,36.28622135628082,WIN,135409.78911800554,-0.026724601379846384
2023-08-15,37.6150016784668,38.882999420166016,2,126.215898974755,-127.38364936508874,135246.2177422694,36.47055815969689,LOSS,135409.78911800554,-0.1207973048341463
2023-08-16,36.96699905395508,37.6150016784668,2,124.82688600967072,-4.773638892673034,135241.4441033767,36.9500785975811,LOSS,135409.78911800554,-0.12432263259942765
2023-08-17,34.67900085449219,36.96699905395508,2,120.23931609000675,-337.3603238025714,134904.08377957414,36.5140081916258,LOSS,135409.78911800554,-0.3734629096798156
2023-08-18,32.86199951171875,34.67900085449219,2,121.9470134657156,-241.4532550889719,134662.63052448517,38.259138297487496,LOSS,135409.78911800554,-0.5517759080691356
2023-08-21,33.525001525878906,32.86199951171875,2,121.00738138590464,121.00738138590464,134783.63790587106,39.35605278949026,WIN,135409.78911800554,-0.4624120724306084
2023-08-22,32.95100021362305,33.525001525878906,2,127.1506247934455,12.350362342273627,134795.98826821335,40.08642184477282,LOSS,135409.78911800554,-0.45329134163061824
2023-08-23,34.63999938964844,32.95100021362305,2,122.71961405235967,122.71961405235967,134918.7078822657,39.63396996050329,WIN,135409.78911800554,-0.3626630238024199
2023-08-24,33.65599822998047,34.63999938964844,2,140.1829910875425,-56.61724084605126,134862.09064141967,41.7674176525574,LOSS,135409.78911800554,-0.4044748021197913
2023-08-25,33.60499954223633,33.65599822998047,2,134.70185945940057,124.50212191057244,134986.59276333023,41.47281614054759,LOSS,135409.78911800554,-0.31253010393990616
2023-08-28,34.4370002746582,33.60499954223633,2,131.62495358901538,131.62495358901538,135118.21771691926,40.9073722861728,WIN,135409.78911800554,-0.21532520136501426
2023-08-29,38.152000427246094,34.4370002746582,2,138.05936993301967,138.05936993301967,135256.27708685226,41.51731829803398,WIN,135409.78911800554,-0.11336848846245516
2023-08-30,37.167999267578125,38.152000427246094,2,195.8135896827415,-0.9866422508522419,135255.2904446014,48.94802735280669,LOSS,135409.78911800554,-0.1140971228228481
2023-08-31,35.75299835205078,37.167999267578125,2,182.29424142797703,-100.70594167749172,135154.5845029239,47.44089255285212,LOSS,135409.78911800554,-0.18846836461670302
2023-09-01,35.14799880981445,35.75299835205078,2,174.39834685392967,53.39843840666404,135207.98294133059,47.2640530937327,LOSS,135409.78911800554,-0.149033668828102
2023-09-05,34.92499923706055,35.14799880981445,2,169.49043032799182,124.89051577721057,135332.8734571078,46.895807971858844,LOSS,135409.78911800554,-0.0568021421484571
2023-09-06,35.06999969482422,34.92499923706055,2,167.9309301588525,167.9309301588525,135500.80438726666,46.804115128269565,WIN,135500.80438726666,0.0
2023-09-07,35.30699920654297,35.06999969482422,2,160.61915904909554,160.61915904909554,135661.42354631575,45.29358100471795,WIN,135661.42354631575,0.0
2023-09-08,35.62799835205078,35.30699920654297,2,159.99868913209687,159.99868913209687,135821.42223544786,44.97399602437848,WIN,135821.42223544786,0.0
2023-09-11,34.268001556396484,35.62799835205078,2,161.8276099979977,-110.17174913286166,135711.250486315,45.04347922439534,LOSS,135821.42223544786,-0.08111514908294518
2023-09-12,34.7760009765625,34.268001556396484,2,157.85842544900453,157.85842544900453,135869.108911764,45.46968871287565,WIN,135869.108911764,0.0
2023-09-13,34.183998107910156,34.7760009765625,2,160.51804350358637,42.11746977311762,135911.2263815371,45.53045290740586,LOSS,135911.2263815371,0.0
2023-09-14,34.63999938964844,34.183998107910156,2,155.99686821517852,155.99686821517852,136067.22324975228,45.18436559844454,WIN,136067.22324975228,0.0
2023-09-15,34.077999114990234,34.63999938964844,2,158.32228871641044,45.922233784769816,136113.14548353705,45.23104866648504,LOSS,136113.14548353705,0.0
2023-09-18,34.0620002746582,34.077999114990234,2,145.7194103277672,142.51964226136096,136255.6651257984,43.2834476007028,LOSS,136255.6651257984,0.0
2023-09-19,33.92599868774414,34.0620002746582,2,136.7778566411196,109.5775392583071,136365.24266505672,41.5604038675675,LOSS,136365.24266505672,0.0
2023-09-20,33.34700012207031,33.92599868774414,2,135.23975190892514,19.440038774159518,136384.68270383088,41.367002060454354,LOSS,136384.68270383088,0.0
2023-09-21,32.60599899291992,33.34700012207031,2,132.9253269917241,-15.274898838354034,136369.40780499252,41.36574181145633,LOSS,136384.68270383088,-0.011199863896401608
2023-09-22,32.28099822998047,32.60599899291992,2,122.82731467764887,57.82716208975825,136427.23496708227,39.91646774213978,LOSS,136427.23496708227,0.0
2023-09-25,32.7599983215332,32.28099822998047,2,119.54046247567551,119.54046247567551,136546.77542955795,39.493847205950956,WIN,136546.77542955795,0.0
2023-09-26,31.729999542236328,32.7599983215332,2,122.1775905269501,-83.8221653324249,136462.95326422554,39.66815757640906,LOSS,136546.77542955795,-0.06138714375987356
2023-09-27,31.562999725341797,31.729999542236328,2,118.73599954158244,85.3360361626762,136548.28930038822,39.751491568692074,LOSS,136548.28930038822,0.0
2023-09-28,32.891998291015625,31.562999725341797,2,63.86665189674977,63.86665189674977,136612.15595228496,28.38396852798674,WIN,136612.15595228496,0.0
2023-09-29,32.827999114990234,32.891998291015625,2,78.6402263985294,65.84039119345128,136677.99634347841,30.81406519113474,LOSS,136677.99634347841,0.0
2023-10-02,32.94900131225586,32.827999114990234,2,72.62656992454761,72.62656992454761,136750.62291340297,29.6332283246174,WIN,136750.62291340297,0.0
2023-10-03,31.132999420166016,32.94900131225586,2,72.18463248746144,-291.0157459305073,136459.60716747245,29.490771983685132,LOSS,136750.62291340297,-0.21280761998049855
2023-10-04,32.040000915527344,31.132999420166016,2,80.91294782036117,80.91294782036117,136540.5201152928,32.19040421456763,WIN,136750.62291340297,-0.15363937189756882
2023-10-05,32.34199905395508,32.040000915527344,2,88.15090139225067,88.15090139225067,136628.67101668505,33.19798347891479,WIN,136750.62291340297,-0.08917831167404859
2023-10-06,34.0629997253418,32.34199905395508,2,89.27320401942113,89.27320401942113,136717.94422070446,33.257583288473015,WIN,136750.62291340297,-0.023896558569390585
2023-10-09,34.04499816894531,34.0629997253418,2,107.2012750558325,103.60096377653562,136821.545184481,35.81642224068088,LOSS,136821.545184481,0.0
2023-10-10,34.04600143432617,34.04499816894531,2,101.31509761205618,101.31509761205618,136922.86028209305,34.68384246986425,WIN,136922.86028209305,0.0
2023-10-11,33.46099853515625,34.04600143432617,2,100.30843118042515,-16.69214865355923,136906.1681334395,34.487689605662986,LOSS,136922.86028209305,-0.01219091437263858
2023-10-12,32.36000061035156,33.46099853515625,2,98.6072554449518,-121.5923295159857,136784.5758039235,34.492116702663125,LOSS,136922.86028209305,-0.10099444160357697
2023-10-13,31.82200050354004,32.36000061035156,2,98.33507711305725,-9.264944249247435,136775.31085967427,35.09967199384752,LOSS,136922.86028209305,-0.10776098462652602
2023-10-16,32.58000183105469,31.82200050354004,2,96.7426405370039,96.7426405370039,136872.05350021127,35.10849129426625,WIN,136922.86028209305,-0.0371061353649099
2023-10-17,33.54100036621094,32.58000183105469,2,101.80659416868019,101.80659416868019,136973.86009437995,35.66873195661256,WIN,136973.86009437995,0.0
2023-10-18,32.91400146484375,33.54100036621094,2,108.50794803813302,-16.891832235304477,136956.96826214466,36.398068233530324,LOSS,136973.86009437995,-0.01233215755448468
2023-10-19,34.23500061035156,32.91400146484375,2,106.70029858054018,106.70029858054018,137063.6685607252,36.442428928155515,WIN,137063.6685607252,0.0
2023-10-20,34.80400085449219,34.23500061035156,2,114.76374320682459,114.76374320682459,137178.43230393203,37.17294571628592,WIN,137178.43230393203,0.0
2023-10-23,37.749000549316406,34.80400085449219,2,116.63997787613192,116.63997787613192,137295.07228180816,37.167018648122564,WIN,137295.07228180816,0.0
2023-10-24,42.48699951171875,37.749000549316406,2,150.3751465996424,150.3751465996424,137445.4474284078,41.34872681912228,WIN,137445.4474284078,0.0
2023-10-25,43.321998596191406,42.48699951171875,2,209.4850030127132,209.4850030127132,137654.93243142052,47.61263608509139,WIN,137654.93243142052,0.0
2023-10-26,41.345001220703125,43.321998596191406,2,212.11938450931865,-183.2800905883376,137471.65234083217,47.38626782312637,LOSS,137654.93243142052,-0.13314458650412586
2023-10-27,40.67599868774414,41.345001220703125,2,211.39049936403632,77.58999277223944,137549.2423336044,48.818277562351355,LOSS,137654.93243142052,-0.07677901252740689
2023-10-30,42.02199935913086,40.67599868774414,2,209.7683862293806,209.7683862293806,137759.01071983378,49.11071644157994,WIN,137759.01071983378,0.0
2023-10-31,42.3390007019043,42.02199935913086,2,217.80194705693745,217.80194705693745,137976.8126668907,49.28262551559799,WIN,137976.8126668907,0.0
2023-11-01,42.66699981689453,42.3390007019043,2,203.98607608959924,203.98607608959924,138180.79874298032,46.867570048051725,WIN,138180.79874298032,0.0
2023-11-02,45.362998962402344,42.66699981689453,2,205.17156714213368,205.17156714213368,138385.97031012244,46.806369389050374,WIN,138385.97031012244,0.0
2023-11-03,45.39500045776367,45.362998962402344,2,225.61975219817677,225.61975219817677,138611.5900623206,47.89761307862072,WIN,138611.5900623206,0.0
2023-11-06,45.9630012512207,45.39500045776367,2,221.9598014460838,221.9598014460838,138833.5498637667,47.341140530772805,WIN,138833.5498637667,0.0
2023-11-07,47.35499954223633,45.9630012512207,2,223.84759625944426,223.84759625944426,139057.39746002614,47.213141829285604,WIN,139057.39746002614,0.0
2023-11-08,47.45000076293945,47.35499954223633,2,230.29853144609805,230.29853144609805,139287.69599147225,47.16728156476449,WIN,139287.69599147225,0.0
2023-11-09,49.40700149536133,47.45000076293945,2,227.12012354199265,227.12012354199265,139514.81611501426,46.659818491494676,WIN,139514.81611501426,0.0
2023-11-10,50.917999267578125,49.40700149536133,2,226.99943601583362,226.99943601583362,139741.8155510301,45.389622789909716,WIN,139741.8155510301,0.0
2023-11-13,50.487998962402344,50.917999267578125,2,227.4055407678332,141.40547973267695,139883.22103076277,44.540561112195505,LOSS,139883.22103076277,0.0
2023-11-14,48.0,50.487998962402344,2,229.84342422882443,-267.7563682516443,139615.46466251113,45.111539053361795,LOSS,139883.22103076277,-0.19141421414134402
2023-11-15,50.595001220703125,48.0,2,237.06847040729272,237.06847040729272,139852.53313291844,47.66792793709228,WIN,139883.22103076277,-0.021938226485061118
2023-11-16,48.90800094604492,50.595001220703125,2,248.1875231802666,-89.21253175137403,139763.32060116707,47.446014873074574,LOSS,139883.22103076277,-0.08571466163860365
2023-11-17,48.62200164794922,48.90800094604492,2,249.31424851925308,192.11438890011246,139955.43499006718,48.7175659977695,LOSS,139955.43499006718,0.0
2023-11-20,50.85300064086914,48.62200164794922,2,249.93895533808933,249.93895533808933,140205.37394540527,49.00087904442306,WIN,140205.37394540527,0.0
2023-11-21,49.30400085449219,50.85300064086914,2,246.91602038324575,-62.883936892144874,140142.49000851312,47.116019527803545,LOSS,140205.37394540527,-0.04485130285850072
2023-11-22,50.78799819946289,49.30400085449219,2,191.87142688459673,191.87142688459673,140334.36143539773,40.74051144114722,WIN,140334.36143539773,0.0
2023-11-24,52.02399826049805,50.78799819946289,2,199.3593335251059,199.3593335251059,140533.72076892282,40.96357588142695,WIN,140533.72076892282,0.0
2023-11-27,49.53799819946289,52.02399826049805,2,188.96178846530006,-308.2382237417312,140225.4825451811,39.024773003307764,LOSS,140533.72076892282,-0.2193339947560088
2023-11-28,50.58700180053711,49.53799819946289,2,193.52483464765706,193.52483464765706,140419.00737982875,40.83968890562418,WIN,140533.72076892282,-0.08162694936590785
2023-11-29,50.709999084472656,50.58700180053711,2,195.62192889053637,195.62192889053637,140614.62930871928,40.57806138006905,WIN,140614.62930871928,0.0
2023-11-30,49.83000183105469,50.709999084472656,2,196.33597521583118,20.336524532237434,140634.9658332515,40.60915860849853,LOSS,140634.9658332515,0.0
2023-12-01,52.768001556396484,49.83000183105469,2,196.261829288563,196.261829288563,140831.22766254007,41.05157400518803,WIN,140831.22766254007,0.0
2023-12-04,56.321998596191406,52.768001556396484,2,205.55161676200555,205.55161676200555,141036.77927930208,40.76554178190205,WIN,141036.77927930208,0.0
2023-12-05,57.75,56.321998596191406,2,236.45967165019405,236.45967165019405,141273.23895095228,42.769499568358206,WIN,141273.23895095228,0.0
2023-12-06,56.888999938964844,57.75,2,243.41579652925594,71.21578432222469,141344.4547352745,42.879552502212576,LOSS,141344.4547352745,0.0
2023-12-07,57.10900115966797,56.888999938964844,2,241.28220103288592,241.28220103288592,141585.7369363074,43.05343301887035,WIN,141585.7369363074,0.0
2023-12-08,59.93899917602539,57.10900115966797,2,242.083957973975,242.083957973975,141827.82089428138,43.038222355116446,WIN,141827.82089428138,0.0
2023-12-11,55.58000183105469,59.93899917602539,2,257.20457373030723,-614.5948952638335,141213.22599901754,43.38299552518046,LOSS,141827.82089428138,-0.4333387422781899
2023-12-12,55.832000732421875,55.58000183105469,2,266.10792093052277,266.10792093052277,141479.33391994805,46.66855692208794,WIN,141827.82089428138,-0.2457112942552281
2023-12-13,58.599998474121094,55.832000732421875,2,266.4612184872272,266.4612184872272,141745.7951384353,46.56747514472731,WIN,141827.82089428138,-0.05783474309122271
2023-12-14,58.23699951171875,58.599998474121094,2,272.1013537053372,199.50156122486845,141945.29669966016,45.712991981828864,LOSS,141945.29669966016,0.0
2023-12-15,57.04100036621094,58.23699951171875,2,261.859435715275,22.659606613712526,141967.95630627387,44.741184778025485,LOSS,141967.95630627387,0.0
2023-12-18,57.189998626708984,57.04100036621094,2,252.13720443824798,252.13720443824798,142220.09351071212,44.237405328089984,WIN,142220.09351071212,0.0
2023-12-19,57.130001068115234,57.189998626708984,2,251.9486763389604,239.9491646202104,142460.04267533234,44.139428079714925,LOSS,142460.04267533234,0.0
2023-12-20,57.34700012207031,57.130001068115234,2,244.76109172153238,244.76109172153238,142704.80376705388,43.33786833592689,WIN,142704.80376705388,0.0
2023-12-21,58.19499969482422,57.34700012207031,2,238.4132994018044,238.4132994018044,142943.2170664557,42.498487197449705,WIN,142943.2170664557,0.0
2023-12-22,61.92399978637695,58.19499969482422,2,239.54372737226396,239.54372737226396,143182.76079382797,42.22627090282609,WIN,143182.76079382797,0.0
2023-12-26,60.388999938964844,61.92399978637695,2,270.6392853022972,-36.36068418012468,143146.40010964783,43.908187713338876,LOSS,143182.76079382797,-0.025394596373577417
2023-12-27,67.07099914550781,60.388999938964844,2,252.54960422195913,252.54960422195913,143398.94971386978,42.661637349286494,WIN,143398.94971386978,0.0
2023-12-28,66.78800201416016,67.07099914550781,2,333.32189761039433,276.7224713408631,143675.67218521063,47.871392212900396,LOSS,143675.67218521063,0.0
2023-12-29,63.1619987487793,66.78800201416016,2,332.9791913774499,-392.22146169872195,143283.4507235119,47.976736299033654,LOSS,143675.67218521063,-0.2729908659784274
2024-01-02,68.51499938964844,63.1619987487793,2,332.01564180762034,332.01564180762034,143615.4663653195,49.768960649121325,WIN,143675.67218521063,-0.04190397648776253
2024-01-03,63.10599899291992,68.51499938964844,2,374.73473564641176,-707.0653436992914,142908.4010216202,51.17656451033007,LOSS,143675.67218521063,-0.5340299801077992
2024-01-04,65.58100128173828,63.10599899291992,2,365.3488131350318,365.3488131350318,143273.74983475523,53.29359002209722,WIN,143675.67218521063,-0.27974280150732983
2024-01-05,63.108001708984375,65.58100128173828,2,382.6592378307082,-111.94067672007304,143161.80915803515,53.59430171827418,LOSS,143675.67218521063,-0.357654862065351
2024-01-08,59.80099868774414,63.108001708984375,2,374.3880134231791,-287.0125908248678,142874.7965672103,54.23977746629496,LOSS,143675.67218521063,-0.5574190855136149
2024-01-09,57.729000091552734,59.80099868774414,2,367.11117632963175,-47.288542908649504,142827.50802430164,55.60487689980864,LOSS,143675.67218521063,-0.5903324814904134
2024-01-10,56.56700134277344,57.729000091552734,2,350.7581831530868,118.35843339722743,142945.86645769887,55.188593318443196,LOSS,143675.67218521063,-0.5079535849123968
2024-01-11,53.61800003051758,56.56700134277344,2,325.7632475777972,-264.0370148733747,142681.8294428255,53.09148968993934,LOSS,143675.67218521063,-0.6917265305040564
2024-01-12,48.553001403808594,53.61800003051758,2,318.3631577918506,-694.6365675499462,141987.19287527553,54.27364605370572,LOSS,143675.67218521063,-1.1752019560823734
2024-01-16,48.2140007019043,48.553001403808594,2,303.9025055729407,236.10236519208132,142223.29524046762,56.40065646345143,LOSS,143675.67218521063,-1.0108718634500402
2024-01-17,49.900001525878906,48.2140007019043,2,301.7736826172634,301.7736826172634,142525.06892308488,56.39970261780617,WIN,143675.67218521063,-0.8008337421540078
2024-01-18,48.65999984741211,49.900001525878906,2,316.97007830221594,68.96974260885656,142594.03866569375,57.015229187989625,LOSS,143675.67218521063,-0.7528299697965278
2024-01-19,48.099998474121094,48.65999984741211,2,309.9035144922253,197.9032398340222,142791.94190552778,57.12534074920141,LOSS,143675.67218521063,-0.6150869289434318
2024-01-22,47.01900100708008,48.099998474121094,2,306.29505005509947,90.09555664689634,142882.0374621747,57.11957151578068,LOSS,143675.67218521063,-0.5523793353219003
2024-01-23,45.01900100708008,47.01900100708008,2,299.62303068512887,-100.37696931487113,142781.6604928598,57.14934437574276,LOSS,143675.67218521063,-0.6222429161134236
2024-01-24,45.0989990234375,45.01900100708008,2,288.0687403540874,288.0687403540874,143069.7292332139,57.324253671726765,WIN,143675.67218521063,-0.42174359985983534
2024-01-25,45.77799987792969,45.0989990234375,2,272.8764816427216,272.8764816427216,143342.60571485662,55.0210273342057,WIN,143675.67218521063,-0.2318182788277876
2024-01-26,49.45000076293945,45.77799987792969,2,278.9594238467408,278.9594238467408,143621.56513870336,55.30632964220913,WIN,143675.67218521063,-0.03765915668556684
2024-01-29,51.38100051879883,49.45000076293945,2,280.243388228743,280.243388228743,143901.8085269321,52.485050575523275,WIN,143901.8085269321,0.0
2024-01-30,51.95100021362305,51.38100051879883,2,300.0887206924741,300.0887206924741,144201.89724762455,53.631017214102414,WIN,144201.89724762455,0.0
2024-01-31,50.12099838256836,51.95100021362305,2,298.38114580024506,-67.61922041069244,144134.27802721385,52.989754983145566,LOSS,144201.89724762455,-0.04689204629158953
2024-02-01,50.347999572753906,50.12099838256836,2,257.37650792593996,257.37650792593996,144391.6545351398,48.965516213615146,WIN,144391.6545351398,0.0
2024-02-02,50.0099983215332,50.347999572753906,2,242.7615806406035,175.1613303964629,144566.81586553625,46.892367904700535,LOSS,144566.81586553625,0.0
2024-02-05,49.060001373291016,50.0099983215332,2,230.85360197081525,40.85421232237775,144607.67007785864,45.53295543779686,LOSS,144607.67007785864,0.0
2024-02-06,49.79999923706055,49.060001373291016,2,224.0335528855247,224.0335528855247,144831.70363074416,45.2047008600386,WIN,144831.70363074416,0.0
2024-02-07,50.80099868774414,49.79999923706055,2,222.60529154344485,222.60529154344485,145054.3089222876,44.566177257724185,WIN,145054.3089222876,0.0
2024-02-08,58.78099822998047,50.80099868774414,2,226.9862564294236,226.9862564294236,145281.29517871703,44.55400489433069,WIN,145281.29517871703,0.0
2024-02-09,64.63200378417969,58.78099822998047,2,365.67935868991816,365.67935868991816,145646.97453740696,56.14835881562364,WIN,145646.97453740696,0.0
2024-02-12,71.75199890136719,64.63200378417969,2,421.6170278972958,421.6170278972958,146068.59156530426,58.14788877857257,WIN,146068.59156530426,0.0
2024-02-13,68.60199737548828,71.75199890136719,2,454.20447660788454,-175.7958285678967,145892.79573673636,56.87033489926296,LOSS,146068.59156530426,-0.12035155996510749
2024-02-14,76.98799896240234,68.60199737548828,2,447.8453139083118,447.8453139083118,146340.64105064466,58.179767782184626,WIN,146340.64105064466,0.0
2024-02-15,71.80000305175781,76.98799896240234,2,545.4592356182421,-492.1399465106641,145848.501104134,61.862806775703646,LOSS,146340.64105064466,-0.3362975199352512
2024-02-16,69.95600128173828,71.80000305175781,2,530.623213834801,161.8228598308948,146010.32396396488,63.88220766065696,LOSS,146340.64105064466,-0.2257179443169581
2024-02-20,70.49800109863281,69.95600128173828,2,521.0067817972538,521.0067817972538,146531.33074576213,64.26147688395201,WIN,146531.33074576213,0.0
2024-02-21,67.27999877929688,70.49800109863281,2,518.7683373113551,-124.83212655583236,146406.4986192063,63.672727850113944,LOSS,146531.33074576213,-0.0851914235136564
2024-02-22,71.31500244140625,67.27999877929688,2,496.5126625040336,496.5126625040336,146903.01128171035,63.81276202491727,WIN,146903.01128171035,0.0
2024-02-23,68.74400329589844,71.31500244140625,2,529.4408108627398,15.240981761177295,146918.25226347154,64.10498042196983,LOSS,146918.25226347154,0.0
2024-02-26,79.64800262451172,68.74400329589844,2,522.4537336546209,522.4537336546209,147440.70599712618,65.26920838598357,WIN,147440.70599712618,0.0
2024-02-27,87.18000030517578,79.64800262451172,2,661.8998267990117,661.8998267990117,148102.6058239252,69.96755338620291,WIN,148102.6058239252,0.0
2024-02-28,96.29499816894531,87.18000030517578,2,741.5677841170267,741.5677841170267,148844.17360804224,71.2630170395401,WIN,148844.17360804224,0.0
2024-02-29,102.28399658203125,96.29499816894531,2,840.0280699880078,840.0280699880078,149684.20167803025,72.70043641318063,WIN,149684.20167803025,0.0
2024-03-01,107.93900299072266,102.28399658203125,2,872.417026909749,872.417026909749,150556.61870494,71.41641336556441,WIN,150556.61870494,0.0
2024-03-04,133.4010009765625,107.93900299072266,2,915.78824374738,915.78824374738,151472.40694868736,71.11845300165551,WIN,151472.40694868736,0.0
2024-03-05,105.10099792480469,133.4010009765625,2,1312.24814569426,-4347.752464657302,147124.65448403006,80.0,LOSS,151472.40694868736,-2.8703263863299804
2024-03-06,124.62100219726562,105.10099792480469,2,1264.626965851623,1264.626965851623,148389.28144988167,80.0,WIN,151472.40694868736,-2.035437054783269
2024-03-07,130.0019989013672,124.62100219726562,2,1568.2822866209715,1568.2822866209715,149957.56373650263,80.0,WIN,151472.40694868736,-1.0000786563706587
2024-03-08,142.5590057373047,130.0019989013672,2,1632.1854099142167,1632.1854099142167,151589.74914641684,80.0,WIN,151589.74914641684,0.0
2024-03-11,148.42300415039062,142.5590057373047,2,1750.3331795054248,1750.3331795054248,153340.08232592227,80.0,WIN,153340.08232592227,0.0
2024-03-12,159.3350067138672,148.42300415039062,2,1810.7771664076186,1810.7771664076186,155150.85949232988,80.0,WIN,155150.85949232988,0.0
2024-03-13,176.61500549316406,159.3350067138672,2,1927.3666196690172,1927.3666196690172,157078.2261119989,80.0,WIN,157078.2261119989,0.0
2024-03-14,167.68499755859375,176.61500549316406,2,2107.4424142525913,321.44082733852883,157399.66693933742,80.0,LOSS,157399.66693933742,0.0
2024-03-15,178.23599243164062,167.68499755859375,2,2024.631337731995,2024.631337731995,159424.2982770694,80.0,WIN,159424.2982770694,0.0
2024-03-18,150.2760009765625,178.23599243164062,2,2077.868668318861,-3514.129622696764,155910.16865437265,80.0,LOSS,159424.2982770694,-2.204262249026442
2024-03-19,141.75,150.2760009765625,2,1921.8344787577753,216.6342834452753,156126.80293781793,80.0,LOSS,159424.2982770694,-2.0683768878948636
2024-03-20,154.65199279785156,141.75,2,1848.9136459051394,1848.9136459051394,157975.7165837231,80.0,WIN,159424.2982770694,-0.908632943034052
2024-03-21,159.9290008544922,154.65199279785156,2,1990.0486192924286,1990.0486192924286,159965.7652030155,80.0,WIN,159965.7652030155,0.0
2024-03-22,152.3000030517578,159.9290008544922,2,2058.0426421955954,532.2430816487204,160498.00828466422,80.0,LOSS,160498.00828466422,0.0
2024-03-25,185.60000610351562,152.3000030517578,2,1969.0813150234742,1969.0813150234742,162467.0895996877,80.0,WIN,162467.0895996877,0.0
2024-03-26,187.69900512695312,185.60000610351562,2,2489.967607967575,2489.967607967575,164957.05720765528,80.0,WIN,164957.05720765528,0.0
2024-03-27,191.91600036621094,187.69900512695312,2,2512.975580623437,2512.975580623437,167470.0327882787,80.0,WIN,167470.0327882787,0.0
2024-03-28,170.45599365234375,191.91600036621094,2,2551.054555274255,-1740.9467874991824,165729.08600077953,80.0,LOSS,167470.0327882787,-1.0395572022728068
2024-04-01,163.6739959716797,170.45599365234375,2,2367.335386797689,1010.9358506648764,166740.0218514444,80.0,LOSS,167470.0327882787,-0.4359054122579656
2024-04-02,157.88299560546875,163.6739959716797,2,2291.8312680585136,1133.6311948163261,167873.65304626073,80.0,LOSS,167873.65304626073,0.0
2024-04-03,160.61099243164062,157.88299560546875,2,2017.8727925072333,2017.8727925072333,169891.52583876796,80.0,WIN,169891.52583876796,0.0
2024-04-04,161.54200744628906,160.61099243164062,2,1778.6318501839453,1778.6318501839453,171670.1576889519,80.0,WIN,171670.1576889519,0.0
2024-04-05,143.89999389648438,161.54200744628906,2,1633.2002349644504,-1895.2024749964871,169774.95521395543,80.0,LOSS,171670.1576889519,-1.1039789911711866
2024-04-08,151.2989959716797,143.89999389648438,2,1527.9374619861378,1527.9374619861378,171302.89267594158,80.0,WIN,171670.1576889519,-0.21393643365539022
2024-04-09,144.1020050048828,151.2989959716797,2,1573.787091180359,134.38889782098408,171437.28157376256,80.0,LOSS,171670.1576889519,-0.13565323077950925
2024-04-10,156.60000610351562,144.1020050048828,2,1505.894154523612,1505.894154523612,172943.17572828618,80.0,WIN,172943.17572828618,0.0
2024-04-11,155.18099975585938,156.60000610351562,2,1648.121712081078,1364.320442549828,174307.496170836,80.0,LOSS,174307.496170836,0.0
2024-04-12,147.95799255371094,155.18099975585938,2,1566.2797321342916,121.67829170460413,174429.1744625406,80.0,LOSS,174429.1744625406,0.0
2024-04-15,133.58799743652344,147.95799255371094,2,1491.3442851277503,-1382.6547383097497,173046.51972423083,80.0,LOSS,174429.1744625406,-0.7926740137193591
2024-04-16,125.40299987792969,133.58799743652344,2,1362.7220138075086,-274.2774979112414,172772.2422263196,80.0,LOSS,174429.1744625406,-0.9499169168955971
2024-04-17,118.80500030517578,125.40299987792969,2,1186.3293970357286,-133.2705175150527,172638.97170880454,77.57291613073575,LOSS,174429.1744625406,-1.0263207168480346
2024-04-18,120.81600189208984,118.80500030517578,2,1122.0031366708158,1122.0031366708158,173760.97484547537,77.46667358781337,WIN,174429.1744625406,-0.38307789916687707
2024-04-19,117.41100311279297,120.81600189208984,2,1095.7082555272075,414.7084996678325,174175.68334514322,74.98732593788986,LOSS,174429.1744625406,-0.1453261005095336
2024-04-22,132.4010009765625,117.41100311279297,2,1056.11337527515,1056.11337527515,175231.79672041838,74.49641160511096,WIN,175231.79672041838,0.0
2024-04-23,133.86399841308594,132.4010009765625,2,1282.1196850696454,1282.1196850696454,176513.91640548804,79.05106103229562,WIN,176513.91640548804,0.0
2024-04-24,126.56700134277344,133.86399841308594,2,990.3723293292851,-469.0270847332149,176044.88932075482,63.935466589740344,LOSS,176513.91640548804,-0.26571677422632456
2024-04-25,124.04100036621094,126.56700134277344,2,941.1189421632,435.9187468507,176480.8080676055,64.18277767268475,LOSS,176513.91640548804,-0.01875678618249641
2024-04-26,128.23800659179688,124.04100036621094,2,911.5446050306767,911.5446050306767,177392.3526726362,63.60732190835196,WIN,177392.3526726362,0.0
2024-04-29,129.2969970703125,128.23800659179688,2,897.3404988861748,897.3404988861748,178289.69317152238,61.28385656673408,WIN,178289.69317152238,0.0
2024-04-30,106.50299835205078,129.2969970703125,2,901.7580488225043,-3657.0416948298393,174632.65147669252,61.13076084508289,LOSS,178289.69317152238,-2.051179532465525
2024-05-01,102.8270034790039,106.50299835205078,2,880.3885940609676,145.18961945159265,174777.8410961441,69.6766127016335,LOSS,178289.69317152238,-1.969744864611838
2024-05-02,112.94200134277344,102.8270034790039,2,845.1806813829899,845.1806813829899,175623.02177752712,69.36650442488346,WIN,178289.69317152238,-1.4956957671298519
2024-05-03,122.3010025024414,112.94200134277344,2,993.0888244772228,993.0888244772228,176616.11060200434,73.15963122943906,WIN,178289.69317152238,-0.938687222882806
2024-05-06,126.88099670410156,122.3010025024414,2,1069.6066267909564,1069.6066267909564,177685.71722879529,72.84730045649168,WIN,178289.69317152238,-0.33876099733148346
2024-05-07,125.74500274658203,126.88099670410156,2,1101.9075943577861,874.7088028538799,178560.42603164917,72.44306748399579,LOSS,178560.42603164917,0.0
2024-05-08,123.31199645996094,125.74500274658203,2,1082.2512320475507,595.649974723332,179156.07600637252,71.92805983434812,LOSS,179156.07600637252,0.0
2024-05-09,126.36399841308594,123.31199645996094,2,1013.4226223869524,1013.4226223869524,180169.49862875947,69.35935490496648,WIN,180169.49862875947,0.0
2024-05-10,118.0479965209961,126.36399841308594,2,1045.023953072273,-618.1764253456959,179551.32220341376,69.70057786744866,LOSS,180169.49862875947,-0.34310825641995296
2024-05-13,124.59600067138672,118.0479965209961,2,986.1604350994971,986.1604350994971,180537.48263851326,70.25581418106614,WIN,180537.48263851326,0.0
2024-05-14,129.76300048828125,124.59600067138672,2,1013.2936009758845,1013.2936009758845,181550.77623948915,68.7923139352212,WIN,181550.77623948915,0.0
2024-05-15,150.3470001220703,129.76300048828125,2,1041.2713513103686,1041.2713513103686,182592.0475907995,68.07647466028273,WIN,182592.0475907995,0.0
2024-05-16,143.9980010986328,150.3470001220703,2,1331.4426785955193,61.64287390801928,182653.69046470753,73.57559860923911,LOSS,182653.69046470753,0.0
2024-05-17,158.4499969482422,143.9980010986328,2,1293.7674102123137,1293.7674102123137,183947.45787491984,74.42767947586407,WIN,183947.45787491984,0.0
2024-05-20,172.7239990234375,158.4499969482422,2,1459.8768456515213,1459.8768456515213,185407.33472057135,75.94148237246463,WIN,185407.33472057135,0.0
2024-05-21,165.54200744628906,172.7239990234375,2,1541.53771627298,105.1394008432926,185512.47412141465,74.03240801718762,LOSS,185512.47412141465,0.0
2024-05-22,164.6999969482422,165.54200744628906,2,1499.4700342926349,1331.0679346832599,186843.5420560979,74.9126600905059,LOSS,186843.5420560979,0.0
2024-05-23,154.40699768066406,164.6999969482422,2,1461.2536962312454,-597.3461572843796,186246.19589881354,73.68418266906134,LOSS,186843.5420560979,-0.31970393555535304
2024-05-24,168.48399353027344,154.40699768066406,2,1401.0279583497245,1401.0279583497245,187647.22385716328,75.01624947899168,WIN,187647.22385716328,0.0
2024-05-28,167.53500366210938,168.48399353027344,2,1566.4613791268152,1376.6634054940027,189023.88726265728,76.49645376865035,LOSS,189023.88726265728,0.0
2024-05-29,161.8699951171875,167.53500366210938,2,1560.475158929016,427.47344994464106,189451.36071260192,76.60845655196536,LOSS,189451.36071260192,0.0
2024-05-30,154.10000610351562,161.8699951171875,2,1252.358424619028,-301.639378115347,189149.72133448656,66.17422999642068,LOSS,189451.36071260192,-0.15921731941157588
2024-05-31,152.44900512695312,154.10000610351562,2,1205.1977958024656,874.9976004899656,190024.71893497652,66.73026479626762,LOSS,190024.71893497652,0.0
2024-06-03,162.74099731445312,152.44900512695312,2,1152.6748381641944,1152.6748381641944,191177.3937731407,65.01165736969597,WIN,191177.3937731407,0.0
2024-06-04,163.8769989013672,162.74099731445312,2,1215.7159395811655,1215.7159395811655,192393.10971272187,64.41105950724274,WIN,192393.10971272187,0.0
2024-06-05,169.468994140625,163.8769989013672,2,1220.7451062808234,1220.7451062808234,193613.85481900268,64.27152661860264,WIN,193613.85481900268,0.0
2024-06-06,165.66299438476562,169.468994140625,2,1260.073915750999,498.87396457912405,194112.7287835818,64.180710482504,LOSS,194112.7287835818,0.0
2024-06-07,159.6199951171875,165.66299438476562,2,1233.7484034329887,25.148549917363653,194137.87733349917,64.25951429329666,LOSS,194137.87733349917,0.0
2024-06-10,159.99200439453125,159.6199951171875,2,1209.4202133672325,1209.4202133672325,195347.2975468664,65.11629515455083,WIN,195347.2975468664,0.0
2024-06-11,155.5489959716797,159.99200439453125,2,1159.8332992104665,271.231614640154,195618.52916150657,62.94974729542408,LOSS,195618.52916150657,0.0
2024-06-12,160.36700439453125,155.5489959716797,2,1129.0470263550662,1129.0470263550662,196747.57618786162,63.0102367677185,WIN,196747.57618786162,0.0
2024-06-13,148.38800048828125,160.36700439453125,2,1159.851873864892,-1235.948907385108,195511.6272804765,62.83838838146007,LOSS,196747.57618786162,-0.6281901568154448
2024-06-14,149.5540008544922,148.38800048828125,2,935.5790323464015,935.5790323464015,196447.2063128229,56.70332916559714,WIN,196747.57618786162,-0.15266763680580653
2024-06-17,150.7259979248047,149.5540008544922,2,925.6032645957449,925.6032645957449,197372.80957741864,55.9369865874153,WIN,197372.80957741864,0.0
2024-06-18,146.9429931640625,150.7259979248047,2,836.9354233523774,80.33447120393987,197453.14404862258,51.72762204426818,LOSS,197453.14404862258,0.0
2024-06-20,146.5399932861328,146.9429931640625,2,725.7827855991321,645.1828100131946,198098.32685863576,47.66982513421136,LOSS,198098.32685863576,0.0
2024-06-21,148.37600708007812,146.5399932861328,2,709.7883901323543,709.7883901323543,198808.11524876812,47.03773116230944,WIN,198808.11524876812,0.0
2024-06-24,137.21499633789062,148.37600708007812,2,722.1864524063087,-1510.0156960311913,197298.09955273694,47.193981205058705,LOSS,198808.11524876812,-0.7595342343755475
2024-06-25,149.57400512695312,137.21499633789062,2,685.0725809754746,685.0725809754746,197983.17213371242,48.02357117779828,WIN,198808.11524876812,-0.41494438696501756
2024-06-26,145.7729949951172,149.57400512695312,2,744.3879404407891,-15.814085926398434,197967.35804778602,47.91790855787868,LOSS,198808.11524876812,-0.4228988338479362
2024-06-27,152.5399932861328,145.7729949951172,2,729.8086455454477,729.8086455454477,198697.16669333147,48.11470997839515,WIN,198808.11524876812,-0.055806854412268354
2024-06-28,137.7480010986328,152.5399932861328,2,782.7330924215374,-2175.6653450784625,196521.50134825302,48.94055979803475,LOSS,198808.11524876812,-1.1501612485254291
2024-07-01,136.5970001220703,137.7480010986328,2,772.6725265807607,542.4723312682607,197063.97367952127,52.10215999361111,LOSS,198808.11524876812,-0.8772989810121272
2024-07-02,132.0189971923828,136.5970001220703,2,765.9965059921021,-149.60407994539787,196914.36959957588,52.091522108618605,LOSS,198808.11524876812,-0.9525494705397766
2024-07-03,130.20899963378906,132.0189971923828,2,695.810376324038,333.810864605288,197248.18046418118,49.86129372595113,LOSS,198808.11524876812,-0.7846434149003455
2024-07-05,128.1719970703125,130.20899963378906,2,683.6965283113802,276.29601561606773,197524.47647979725,49.73052921145279,LOSS,198808.11524876812,-0.6456671888693601
2024-07-08,129.05799865722656,128.1719970703125,2,653.3816416255837,653.3816416255837,198177.85812142282,48.718077553400796,WIN,198808.11524876812,-0.31701780712355104
2024-07-09,130.177001953125,129.05799865722656,2,660.4268390458977,660.4268390458977,198838.2849604687,48.84767301228575,WIN,198838.2849604687,0.0
2024-07-10,130.57200622558594,130.177001953125,2,663.1011732619297,663.1011732619297,199501.38613373064,48.692602614207445,WIN,199501.38613373064,0.0
2024-07-11,135.8560028076172,130.57200622558594,2,665.2765132233715,665.2765132233715,200166.662646954,48.70087237612474,WIN,200166.662646954,0.0
2024-07-12,139.67599487304688,135.8560028076172,2,711.087977691589,711.087977691589,200877.7506246456,49.620515663263454,WIN,200877.7506246456,0.0
2024-07-15,161.1280059814453,139.67599487304688,2,729.0317369662955,729.0317369662955,201606.7823616119,49.52341033331128,WIN,201606.7823616119,0.0
2024-07-16,166.42999267578125,161.1280059814453,2,1031.5079011331375,1031.5079011331375,202638.29026274502,57.34387071901631,WIN,202638.29026274502,0.0
2024-07-17,159.0,166.42999267578125,2,1072.4910110790781,-413.50752407717187,202224.78273866785,57.62369500002352,LOSS,202638.29026274502,-0.20406188955750018
2024-07-18,155.51600646972656,159.0,2,1047.6939257157642,350.8952196610767,202575.67795832892,58.58392417542281,LOSS,202638.29026274502,-0.030898555418584692
2024-07-19,177.85000610351562,155.51600646972656,2,1023.159387106246,1023.159387106246,203598.83734543517,58.51682748475403,WIN,203598.83734543517,0.0
2024-07-22,180.00900268554688,177.85000610351562,2,1344.6263836847788,1344.6263836847788,204943.46372911995,65.0076875939972,WIN,204943.46372911995,0.0
2024-07-23,172.177001953125,180.00900268554688,2,1360.9437694356457,-205.45637704872934,204738.00735207123,65.00748168911792,LOSS,204943.46372911995,-0.10025027064062544
2024-07-24,167.2689971923828,172.177001953125,2,1261.8837310676029,280.28277891916537,205018.2901309904,63.47672014860797,LOSS,205018.2901309904,0.0
2024-07-25,160.64700317382812,167.2689971923828,2,1182.8355535982205,-141.56325011271701,204876.7268808777,61.77329285813425,LOSS,205018.2901309904,-0.06904908338776895
2024-07-26,175.27099609375,160.64700317382812,2,1145.568295953029,1145.568295953029,206022.29517683072,62.16690571644499,WIN,206022.29517683072,0.0
2024-07-29,168.48500061035156,175.27099609375,2,1299.6633774506674,-57.53571922902006,205964.7594576017,64.04670712023406,LOSS,206022.29517683072,-0.027926938285801266
2024-07-30,160.40699768066406,168.48500061035156,2,1168.4725148214359,-447.1280711160641,205517.63138648565,60.871853233708784,LOSS,206022.29517683072,-0.24495591116093443
2024-07-31,161.44400024414062,160.40699768066406,2,1139.0446761064445,1139.0446761064445,206656.6760625921,61.968476886046716,WIN,206656.6760625921,0.0
2024-08-01,151.18099975585938,161.44400024414062,2,1129.6395599061964,-922.9605377500536,205733.71552484206,61.28145583193821,LOSS,206656.6760625921,-0.4466153987062557
2024-08-02,144.7989959716797,151.18099975585938,2,1097.13121472728,-179.26954210865756,205554.4459827334,63.001011278900556,LOSS,206656.6760625921,-0.5333629190497897
2024-08-05,130.89999389648438,144.7989959716797,2,1065.7419585560353,-1714.0584564830272,203840.38752625036,63.682799303692335,LOSS,206656.6760625921,-1.3627861388270601
2024-08-06,136.92100524902344,130.89999389648438,2,1030.1803457181165,1030.1803457181165,204870.56787196847,67.05502535149245,WIN,206656.6760625921,-0.8642876797663482
2024-08-07,124.68499755859375,136.92100524902344,2,1089.1818022421382,-1358.0197358437993,203512.54813612468,67.61618142571999,LOSS,206656.6760625921,-1.5214257706899004
2024-08-08,135.99000549316406,124.68499755859375,2,1040.4805581536011,1040.4805581536011,204553.02869427827,70.19615139701244,WIN,206656.6760625921,-1.017943096925008
2024-08-09,135.3699951171875,135.99000549316406,2,1174.0668921921615,1050.064816996849,205603.09351127513,72.10509768769526,LOSS,206656.6760625921,-0.5098226543612172
2024-08-12,131.4600067138672,135.3699951171875,2,1164.7588504865648,382.7611698225023,205985.85468109764,71.91184100806777,LOSS,206656.6760625921,-0.3246066830627252
2024-08-13,135.3800048828125,131.4600067138672,2,981.525900478088,981.525900478088,206967.38058157574,64.38523705703989,WIN,206967.38058157574,0.0
2024-08-14,130.3699951171875,135.3800048828125,2,1009.10577027148,7.103817146479969,206974.4843987222,64.30275554742515,LOSS,206974.4843987222,0.0
2024-08-15,131.92999267578125,130.3699951171875,2,968.4630499813226,968.4630499813226,207942.94744870355,64.13539311523473,WIN,207942.94744870355,0.0
2024-08-16,133.0399932861328,131.92999267578125,2,981.0915007154639,981.0915007154639,208924.03894941902,64.18752877276498,WIN,208924.03894941902,0.0
2024-08-19,135.35000610351562,133.0399932861328,2,817.0596685642007,817.0596685642007,209741.09861798323,55.621933223350865,WIN,209741.09861798323,0.0
2024-08-20,133.69000244140625,135.35000610351562,2,833.6676596082835,501.66692718640854,210242.76554516965,55.740251273314755,LOSS,210242.76554516965,0.0
2024-08-21,141.4199981689453,133.69000244140625,2,815.3018620972128,815.3018620972128,211058.06740726685,55.33745850783629,WIN,211058.06740726685,0.0
2024-08-22,133.80999755859375,141.4199981689453,2,897.8895991386125,-624.1105229317,210433.95688433514,56.995343920070574,LOSS,211058.06740726685,-0.295705599221371
2024-08-23,150.00999450683594,133.80999755859375,2,858.4582221132822,858.4582221132822,211292.41510644843,57.434552875166034,WIN,211292.41510644843,0.0
2024-08-26,146.89999389648438,150.00999450683594,2,1020.7841261674323,398.7840040971198,211691.19911054554,60.00935002697993,LOSS,211691.19911054554,0.0
2024-08-27,140.00999450683594,146.89999389648438,2,992.5526007516718,-385.4472771780157,211305.7518333675,59.69107307434258,LOSS,211691.19911054554,-0.18207997252485975
2024-08-28,132.08999633789062,140.00999450683594,2,945.3096704853793,-638.6899633036832,210667.06187006383,59.65849578914553,LOSS,211691.19911054554,-0.4837882938850482
2024-08-29,132.55999755859375,132.08999633789062,2,908.6769232053118,908.6769232053118,211575.73879326915,60.50180232337085,WIN,211691.19911054554,-0.054541859917424114
2024-08-30,132.4199981689453,132.55999755859375,2,888.8279590365553,860.8280811068678,212436.566874376,59.35006376815102,LOSS,212436.566874376,0.0
2024-09-03,122.31999969482422,132.4199981689453,2,876.9903872519317,-1143.009307572287,211293.5575668037,58.80566566506322,LOSS,212436.566874376,-0.5380473448566953
2024-09-04,124.8499984741211,122.31999969482422,2,786.6898970850054,786.6898970850054,212080.24746388872,57.539769289706584,WIN,212436.566874376,-0.16772979140544608
2024-09-05,119.56999969482422,124.8499984741211,2,789.4360288686672,-266.5637269907078,211813.683736898,56.82321653800091,LOSS,212436.566874376,-0.29320900193531146
2024-09-06,114.30000305175781,119.56999969482422,2,711.7762423440803,-342.22308626920096,211471.4606506288,54.374068143616356,LOSS,212436.566874376,-0.4543032482340511
2024-09-09,124.81999969482422,114.30000305175781,2,623.9113929494702,623.9113929494702,212095.37204357827,51.10486311922301,WIN,212436.566874376,-0.16061021688393884
2024-09-10,129.63999938964844,124.81999969482422,2,758.9630021276865,758.9630021276865,212854.33504570596,55.21846184181871,WIN,212854.33504570596,0.0
2024-09-11,129.27999877929688,129.63999938964844,2,794.8261508425128,722.8260287722003,213577.16107447815,55.552922334167995,LOSS,213577.16107447815,0.0
2024-09-12,130.77000427246094,129.27999877929688,2,785.3881554415046,785.3881554415046,214362.54922991965,55.182970327478195,WIN,214362.54922991965,0.0
2024-09-13,141.47000122070312,130.77000427246094,2,784.205824627695,784.205824627695,215146.75505454734,54.66531927937986,WIN,215146.75505454734,0.0
2024-09-16,134.52999877929688,141.47000122070312,2,901.4582285391549,-486.5422597420951,214660.21279480524,57.14735048857835,LOSS,215146.75505454734,-0.22614436346889946
2024-09-17,131.27000427246094,134.52999877929688,2,878.7530949285892,226.75419356140173,214886.96698836665,58.20527343539929,LOSS,215146.75505454734,-0.12074923747505248
2024-09-18,132.6699981689453,131.27000427246094,2,860.1970866261512,860.1970866261512,215747.1640749928,58.34325237377428,WIN,215747.1640749928,0.0
2024-09-19,144.66000366210938,132.6699981689453,2,868.9390207180369,868.9390207180369,216616.10309571083,58.32171148393941,WIN,216616.10309571083,0.0
2024-09-20,144.77999877929688,144.66000366210938,2,986.0723720620948,986.0723720620948,217602.17546777293,60.0867932590687,WIN,217602.17546777293,0.0
2024-09-23,149.97000122070312,144.77999877929688,2,959.7010896814309,959.7010896814309,218561.87655745435,58.84463388698844,WIN,218561.87655745435,0.0
2024-09-24,153.8800048828125,149.97000122070312,2,877.3185489467687,877.3185489467687,219439.1951064011,53.69385014008995,WIN,219439.1951064011,0.0
2024-09-25,151.94000244140625,153.8800048828125,2,900.5649956178419,512.5645073365919,219951.7596137377,53.70988663649491,LOSS,219951.7596137377,0.0
2024-09-26,165.97999572753906,151.94000244140625,2,865.9274137887236,865.9274137887236,220817.6870275264,52.69627078954721,WIN,220817.6870275264,0.0
2024-09-27,176.22000122070312,165.97999572753906,2,975.214307041131,975.214307041131,221792.90133456755,53.8627334293111,WIN,221792.90133456755,0.0
2024-09-30,168.60000610351562,176.22000122070312,2,1059.6344566468106,-464.3645667906894,221328.53676777685,54.773142002922974,LOSS,221792.90133456755,-0.20936854335577562
2024-10-01,162.69000244140625,168.60000610351562,2,1046.1139586362724,-135.8867737856026,221192.64999399125,56.04029177622868,LOSS,221792.90133456755,-0.27063595677070024
2024-10-02,164.63999938964844,162.69000244140625,2,950.2955619208013,950.2955619208013,222142.94555591204,53.63552909092158,WIN,222142.94555591204,0.0
2024-10-03,163.41000366210938,164.63999938964844,2,961.4832105624112,715.4840650545987,222858.42962096664,53.62739119203423,LOSS,222858.42962096664,0.0
2024-10-04,176.50999450683594,163.41000366210938,2,923.6974683092326,923.6974683092326,223782.12708927586,52.38868081876292,WIN,223782.12708927586,0.0
2024-10-07,186.08999633789062,176.50999450683594,2,992.3567678728994,992.3567678728994,224774.48385714876,52.186693407633925,WIN,224774.48385714876,0.0
2024-10-08,192.1999969482422,186.08999633789062,2,996.6116153604363,996.6116153604363,225771.0954725092,50.42353887704905,WIN,225771.0954725092,0.0
2024-10-09,188.91000366210938,192.1999969482422,2,1027.007346230276,369.00868900371347,226140.1041615129,50.34347133071806,LOSS,226140.1041615129,0.0
2024-10-10,183.33999633789062,188.91000366210938,2,1021.0386396854003,-92.96282515834969,226047.14133635454,50.750016770248614,LOSS,226140.1041615129,-0.04110850903825244
2024-10-11,212.58999633789062,183.33999633789062,2,1020.0685913143521,1020.0685913143521,227067.20992766888,51.80113268727046,WIN,227067.20992766888,0.0
2024-10-14,201.6699981689453,212.58999633789062,2,1391.108628100372,-792.8910056886905,226274.3189219802,58.28199280341479,LOSS,227067.20992766888,-0.3491878047654999
2024-10-15,194.30999755859375,201.6699981689453,2,1323.5356784335293,-148.46444363678324,226125.8544783434,58.40936044342537,LOSS,227067.20992766888,-0.41457128469819854
2024-10-16,194.08999633789062,194.30999755859375,2,1289.424988422378,1245.424744281753,227371.27922262513,58.89246431606306,LOSS,227371.27922262513,0.0
2024-10-17,193.4199981689453,194.08999633789062,2,1292.176688146566,1158.1770543575035,228529.45627698264,59.03599143820811,LOSS,228529.45627698264,0.0
2024-10-18,215.86000061035156,193.4199981689453,2,1234.5478479984642,1234.5478479984642,229764.00412498112,57.21779829302999,WIN,229764.00412498112,0.0
2024-10-21,219.0500030517578,215.86000061035156,2,1490.2008731274693,1490.2008731274693,231254.2049981086,60.66270849947277,WIN,231254.2049981086,0.0
2024-10-22,219.6999969482422,219.0500030517578,2,1510.109492816227,1510.109492816227,232764.31449092482,60.59888284417847,WIN,232764.31449092482,0.0
2024-10-23,213.9499969482422,219.6999969482422,2,1517.6677942491035,367.6677942491035,233131.98228517393,60.691529496709876,LOSS,233131.98228517393,0.0
2024-10-24,235.88999938964844,213.9499969482422,2,1490.1596792200544,1490.1596792200544,234622.141964394,61.069081341770506,WIN,234622.141964394,0.0
2024-10-25,234.33999633789062,235.88999938964844,2,1663.2670446836446,1353.266434332082,235975.40839872608,61.638167954433754,LOSS,235975.40839872608,0.0
2024-10-28,255.33999633789062,234.33999633789062,2,1635.0918158277498,1635.0918158277498,237610.50021455385,61.1513866928589,WIN,237610.50021455385,0.0
2024-10-29,258.239990234375,255.33999633789062,2,1796.248950537025,1796.248950537025,239406.74916509088,61.53039167425279,WIN,239406.74916509088,0.0
2024-10-30,247.30999755859375,258.239990234375,2,1770.1796088703195,-415.8189262859305,238990.93023880495,60.34014093574172,LOSS,239406.74916509088,-0.1736872196527682
2024-10-31,244.5,247.30999755859375,2,1751.7180853108725,1189.7185735921225,240180.64881239706,61.85021295720914,LOSS,240180.64881239706,0.0
