Date,Stock_Price,Strike,Contracts,Premium,PnL,Capital,VIX,Status,Peak,Drawdown_%
2019-01-03,12.656999588012695,12.98557035446167,2,97.13563358901887,31.42148029922396,50031.42148029922,51.74338369981129,LOSS,50031.42148029922,0.0
2019-01-04,13.039999961853027,12.783569583892822,2,95.62461233241818,95.62461233241818,50127.04609263164,51.74338369981129,WIN,50127.04609263164,0.0
2019-01-07,13.123000144958496,13.170399961471558,2,98.51820982501359,89.03824652240118,50216.08433915404,51.74338369981129,LOSS,50216.08433915404,0.0
2019-01-08,13.230999946594238,13.254230146408082,2,99.14528263779125,94.49924267502254,50310.583581829065,51.74338369981129,LOSS,50310.583581829065,0.0
2019-01-09,13.157999992370605,13.36330994606018,2,99.9612295051021,58.899238767187086,50369.482820596255,51.74338369981129,LOSS,50369.482820596255,0.0
2019-01-10,13.25100040435791,13.289579992294312,2,99.40970919617136,91.69379160889093,50461.17661220515,51.74338369981129,LOSS,50461.17661220515,0.0
2019-01-11,13.38599967956543,13.38351040840149,2,100.11233451279563,100.11233451279563,50561.28894671794,51.74338369981129,WIN,50561.28894671794,0.0
2019-01-14,13.211000442504883,13.519859676361085,2,101.13226449439279,39.360417723152395,50600.649364441095,51.74338369981129,LOSS,50600.649364441095,0.0
2019-01-15,13.430999755859375,13.343110446929932,2,99.81013170249221,99.81013170249221,50700.45949614359,51.74338369981129,WIN,50700.45949614359,0.0
2019-01-16,13.383999824523926,13.565309753417969,2,101.4722435566195,65.21025777781087,50765.6697539214,51.74338369981129,LOSS,50765.6697539214,0.0
2019-01-17,13.48799991607666,13.517839822769165,2,101.11715543464,95.14917409613899,50860.818928017536,51.74338369981129,LOSS,50860.818928017536,0.0
2019-01-18,13.631999969482422,13.622879915237426,2,101.9028841824456,101.9028841824456,50962.72181219998,51.74338369981129,WIN,50962.72181219998,0.0
2019-01-22,13.723999977111816,13.768319969177247,2,102.99081574055494,94.12681732746884,51056.84862952745,51.74338369981129,LOSS,51056.84862952745,0.0
2019-01-23,13.748000144958496,13.861239976882935,2,103.68588292476116,81.03791653987341,51137.88654606732,51.74338369981129,LOSS,51137.88654606732,0.0
2019-01-24,13.82800006866455,13.885480146408081,2,103.86720605195994,92.3711905032538,51230.25773657057,51.74338369981129,LOSS,51230.25773657057,0.0
2019-01-25,13.9399995803833,13.966280069351196,2,104.47161167256675,99.21551387898768,51329.47325044956,51.74338369981129,LOSS,51329.47325044956,0.0
2019-01-28,13.85099983215332,14.079399576187134,2,105.3177766593832,59.63782785262046,51389.11107830218,51.74338369981129,LOSS,51389.11107830218,0.0
2019-01-29,13.82699966430664,13.989509830474853,2,104.64537666734748,72.14334343370494,51461.25442173588,51.74338369981129,LOSS,51461.25442173588,0.0
2019-01-30,12.737000465393066,13.965269660949707,2,104.4640535401487,-141.18978557117936,51320.0646361647,51.74338369981129,LOSS,51461.25442173588,-0.2743613368109905
2019-01-31,12.689000129699707,12.864370470046998,2,96.22902515810863,61.15495708865046,51381.21959325335,51.74338369981129,LOSS,51461.25442173588,-0.1555244414110625
2019-02-01,12.803999900817871,12.815890130996705,2,57.5871587399863,55.2091127042196,51436.42870595757,31.789625346216383,LOSS,51461.25442173588,-0.048241567480761784
2019-02-04,13.005000114440918,12.93203989982605,2,57.78509770759588,57.78509770759588,51494.21380366517,31.622266407060383,WIN,51494.21380366517,0.0
2019-02-05,13.21500015258789,13.135050115585328,2,57.37796492103071,57.37796492103071,51551.5917685862,30.953831791497876,WIN,51551.5917685862,0.0
2019-02-06,12.82699966430664,13.34715015411377,2,58.74605620006339,-45.284041761362445,51506.30772682484,31.174847950265033,LOSS,51551.5917685862,-0.08784217947069682
2019-02-07,12.913999557495117,12.955269660949707,2,58.50742080853968,50.25340011762174,51556.56112694246,31.941214864795786,LOSS,51556.56112694246,0.0
2019-02-08,13.07800006866455,13.043139553070068,2,58.98168932244072,58.98168932244072,51615.542816264904,31.98087779515257,WIN,51615.542816264904,0.0
2019-02-11,13.680000305175781,13.208780069351196,2,59.95721384727577,59.95721384727577,51675.500030112176,32.09542839484746,WIN,51675.500030112176,0.0
2019-02-12,14.211000442504883,13.816800308227538,2,66.49025760932157,66.49025760932157,51741.9902877215,33.919759950251944,WIN,51741.9902877215,0.0
2019-02-13,14.043000221252441,14.353110446929932,2,71.01922330362622,8.997178168128059,51750.98746588963,34.826481871866534,LOSS,51750.98746588963,0.0
2019-02-14,14.005999565124512,14.183430223464965,2,70.26363159165727,34.77749992356658,51785.7649658132,34.86604022507745,LOSS,51785.7649658132,0.0
2019-02-15,14.105999946594238,14.146059560775758,2,70.06131278588185,62.049389949578,51847.81435576278,34.857923423540996,LOSS,51847.81435576278,0.0
2019-02-19,14.190999984741211,14.247059946060181,2,70.55054936971351,59.338557105919406,51907.152912868696,34.85277066677117,LOSS,51907.152912868696,0.0
2019-02-20,14.041999816894531,14.332909984588623,2,70.8769013540121,12.69486781519376,51919.84778068389,34.80673334729241,LOSS,51919.84778068389,0.0
2019-02-21,14.312999725341797,14.182419815063477,2,70.3624887009915,70.3624887009915,51990.21026938489,34.914963918600606,WIN,51990.21026938489,0.0
2019-02-22,14.541000366210938,14.456129722595215,2,72.26292395895499,72.26292395895499,52062.47319334384,35.16566276183393,WIN,52062.47319334384,0.0
2019-02-25,14.619000434875488,14.686410369873046,2,73.71607350118119,60.234086501669566,52122.707279845505,35.30304889141361,LOSS,52122.707279845505,0.0
2019-02-26,14.180000305175781,14.765190439224243,2,74.07232976253628,-42.96569704715611,52079.74158279835,35.285327471125086,LOSS,52122.707279845505,-0.08243182154079866
2019-02-27,14.119000434875488,14.32180030822754,2,73.49976991076477,32.9397952403546,52112.6813780387,36.05581827176147,LOSS,52122.707279845505,-0.0192351900544496
2019-02-28,14.149999618530273,14.260190439224242,2,73.22216373321065,51.183999594416846,52163.86537763312,36.07389053887218,LOSS,52163.86537763312,0.0
2019-03-01,14.173999786376953,14.291499614715576,2,60.021524659448986,36.521558991724376,52200.38693662485,29.82813952965503,LOSS,52200.38693662485,0.0
2019-03-04,13.930999755859375,14.315739784240723,2,59.94972211017353,-16.998283566096028,52183.38865305875,29.74712503446586,LOSS,52200.38693662485,-0.03256352024121315
2019-03-05,13.866000175476074,14.07030975341797,2,60.03116922953055,19.169253641151442,52202.5579066999,30.2737822927894,LOSS,52202.5579066999,0.0
2019-03-06,13.696999549865723,14.004660177230836,2,59.60024663106993,-1.931878841952674,52200.62602785794,30.20183421857912,LOSS,52202.5579066999,-0.0037007359781254987
2019-03-07,13.734999656677246,13.83396954536438,2,58.96269612399729,39.168718386570674,52239.794746244515,30.244747807079282,LOSS,52239.794746244515,0.0
2019-03-08,13.812000274658203,13.872349653244019,2,56.70206253170469,44.632186814541576,52284.426933059054,29.07731552935895,LOSS,52284.426933059054,0.0
2019-03-11,14.300000190734863,13.950120277404785,2,57.00460411423223,57.00460411423223,52341.43153717329,29.069969746592058,WIN,52341.43153717329,0.0
2019-03-12,14.519000053405762,14.443000192642213,2,61.236529413674305,61.236529413674305,52402.668066586964,30.095828378292303,WIN,52402.668066586964,0.0
2019-03-13,14.75,14.66419005393982,2,57.93483842078566,57.93483842078566,52460.60290500775,28.164447891314076,WIN,52460.60290500775,0.0
2019-03-14,14.800000190734863,14.8975,2,55.466992193370736,35.96703034034322,52496.56993534809,26.644441294917655,LOSS,52496.56993534809,0.0
2019-03-15,14.833000183105469,14.948000192642212,2,55.01112437208624,32.01112246473761,52528.58105781283,26.3566746194853,LOSS,52528.58105781283,0.0
2019-03-18,14.782999992370605,14.981330184936523,2,55.03645956784098,15.370421054657513,52543.951478867486,26.313275275806426,LOSS,52543.951478867486,0.0
2019-03-19,14.739999771118164,14.930829992294312,2,54.907446344669985,16.74140210944045,52560.69288097692,26.338558642639683,LOSS,52560.69288097692,0.0
2019-03-20,14.753999710083008,14.887399768829345,2,54.786218929433815,28.106207180166308,52588.79908815709,26.355828385587387,LOSS,52588.79908815709,0.0
2019-03-21,14.961999893188477,14.901539707183838,2,54.30636115110329,54.30636115110329,52643.10544930819,26.11737483921774,WIN,52643.10544930819,0.0
2019-03-22,14.383000373840332,15.11161989212036,2,54.566499377222996,-91.15740427878275,52551.94804502941,25.89391893895005,LOSS,52643.10544930819,-0.17316114522643783
2019-03-25,14.409000396728516,14.526830377578735,2,56.55683498069837,32.99083881065452,52584.93888384006,27.780302126897833,LOSS,52643.10544930819,-0.11049227619016114
2019-03-26,14.5649995803833,14.553090400695801,2,56.57659461158022,56.57659461158022,52641.51547845164,27.742441176607123,WIN,52643.10544930819,-0.003020283174744502
2019-03-27,14.362000465393066,14.710649576187134,2,54.7354794525851,-14.994342706228345,52626.52113574541,26.62817284659588,LOSS,52643.10544930819,-0.03150329643594021
2019-03-28,14.479999542236328,14.505620470046997,2,54.58104632113019,49.456860758996356,52675.97799650441,26.908388372950625,LOSS,52675.97799650441,0.0
2019-03-29,14.425000190734863,14.624799537658692,2,55.17931638237459,15.21944699760882,52691.19744350202,26.976829300615517,LOSS,52691.19744350202,0.0
2019-04-01,14.734000205993652,14.569250192642212,2,55.041802136910725,55.041802136910725,52746.23924563893,27.00987745534159,WIN,52746.23924563893,0.0
2019-04-02,14.619999885559082,14.881340208053588,2,56.26523679572817,3.9971722968269034,52750.236417935754,27.0297988163373,LOSS,52750.236417935754,0.0
2019-04-03,14.793000221252441,14.766199884414673,2,55.99852595716281,55.99852595716281,52806.234943892916,27.10608862740361,WIN,52806.234943892916,0.0
2019-04-04,14.456999778747559,14.940930223464965,2,56.13517897282788,-40.650909970653494,52765.58403392226,26.87090564011752,LOSS,52806.234943892916,-0.07698126937821768
2019-04-05,14.652000427246094,14.601569776535035,2,56.85247954008865,56.85247954008865,52822.43651346235,27.78243604730517,WIN,52822.43651346235,0.0
2019-04-08,14.442000389099121,14.798520431518554,2,57.919457251329845,-13.38455123255676,52809.051962229794,27.917925721913704,LOSS,52822.43651346235,-0.025338761549073552
2019-04-09,14.413000106811523,14.586420392990112,2,54.56648904154247,19.882431805824766,52828.93439403562,26.76247665895243,LOSS,52828.93439403562,0.0
2019-04-10,14.77400016784668,14.557130107879638,2,53.75710547949755,53.75710547949755,52882.69149951512,26.441321021760025,WIN,52882.69149951512,0.0
2019-04-11,14.85200023651123,14.921740169525147,2,56.28947040121363,42.341483798430225,52925.03298331355,26.972261858982414,LOSS,52925.03298331355,0.0
2019-04-12,15.0649995803833,15.000520238876343,2,56.6347611589663,56.6347611589663,52981.667744472514,26.993686752313845,WIN,52981.667744472514,0.0
2019-04-15,14.954000473022461,15.215649576187134,2,58.027906229747636,5.698085596812938,52987.36583006933,27.248743156260407,LOSS,52987.36583006933,0.0
2019-04-16,15.112000465393066,15.103540477752686,2,57.7506339834603,57.7506339834603,53045.116464052786,27.315213409803853,WIN,53045.116464052786,0.0
2019-04-17,14.810999870300293,15.263120470046998,2,58.592054714639616,-31.832065234701304,53013.28439881808,27.416426214196246,LOSS,53045.116464052786,-0.06000941718409575
2019-04-18,14.64799976348877,14.959109869003296,2,58.68505190470277,-3.5369691982024776,53009.74742961988,27.979138653714834,LOSS,53045.116464052786,-0.0666772679382777
2019-04-22,14.734000205993652,14.794479761123657,2,57.77479066884196,45.678879642840954,53055.42630926272,27.85974198144998,LOSS,53055.42630926272,0.0
2019-04-23,14.916000366210938,14.881340208053588,2,53.493737740379146,53.493737740379146,53108.9200470031,25.78561917116513,WIN,53108.9200470031,0.0
2019-04-24,14.954000473022461,15.065160369873047,2,54.55493014379328,32.32295077367616,53141.242997776775,25.96318069481743,LOSS,53141.242997776775,0.0
2019-04-25,14.800000190734863,15.103540477752686,2,54.405059360371546,-6.302998043193007,53134.93999973358,25.835415669180865,LOSS,53141.242997776775,-0.011860840446393512
2019-04-26,14.942000389099121,14.948000192642212,2,53.503083022512364,52.3031223138942,53187.243122047475,25.68270463192536,LOSS,53187.243122047475,0.0
2019-04-29,14.92300033569336,15.091420392990113,2,54.08670632930615,20.402694869955482,53207.64581691743,25.713816469625744,LOSS,53207.64581691743,0.0
2019-04-30,14.970000267028809,15.072230339050293,2,53.94272161363741,33.496707209340535,53241.14252412677,25.680481403064174,LOSS,53241.14252412677,0.0
2019-05-01,14.10200023651123,15.119700269699097,2,52.66233638858526,-150.87767024898798,53090.26485387779,25.039687509220457,LOSS,53241.14252412677,-0.28338548553989645
2019-05-02,14.083999633789062,14.243020238876342,2,59.026510127567164,27.22238911011121,53117.487242987896,29.456937661523483,LOSS,53241.14252412677,-0.23225512315563085
2019-05-03,14.102999687194824,14.224839630126953,2,58.48361011504466,34.11562152861898,53151.60286451651,29.237356083314214,LOSS,53241.14252412677,-0.16817756976135967
2019-05-06,14.145000457763672,14.244029684066772,2,57.46899079535714,37.66314553473704,53189.26601005125,28.724491178283593,LOSS,53241.14252412677,-0.0974368911260911
2019-05-07,13.88700008392334,14.286450462341309,2,57.114698836982654,-22.77537684661111,53166.49063320464,28.478787530698376,LOSS,53241.14252412677,-0.1402146674224821
2019-05-08,13.79699993133545,14.025870084762573,2,56.365436879261836,10.591406193837031,53177.082039398476,28.618101589129445,LOSS,53241.14252412677,-0.12032139374031282
2019-05-09,13.812999725341797,13.934969930648803,2,56.052748807648236,31.658707746246996,53208.74074714472,28.643323314335948,LOSS,53241.14252412677,-0.06085853053841987
2019-05-10,13.925999641418457,13.951129722595216,2,54.141095209679555,49.11507897432785,53257.85582611905,27.696798443907603,LOSS,53257.85582611905,0.0
2019-05-13,13.505000114440918,14.065259637832641,2,54.741306736333264,-57.31059794201136,53200.545228177034,27.7715105343527,LOSS,53257.85582611905,-0.10760966068391296
2019-05-14,13.649999618530273,13.640050115585327,2,53.9562835079753,53.9562835079753,53254.50151168501,28.19754974265897,WIN,53257.85582611905,-0.006298252871816616
2019-05-15,13.621999740600586,13.786499614715577,2,55.14347048482588,22.243495661827637,53276.74500734684,28.492106706427826,LOSS,53276.74500734684,0.0
2019-05-16,13.805999755859375,13.758219738006591,2,54.45063415098993,54.45063415098993,53331.195641497834,28.210613477826186,WIN,53331.195641497834,0.0
2019-05-17,13.684000015258789,13.944059753417969,2,55.360854700702546,3.348907068866538,53334.5445485667,28.294323354894416,LOSS,53334.5445485667,0.0
2019-05-20,13.626999855041504,13.820840015411378,2,54.79764009534427,16.029608021369548,53350.57415658807,28.25855124280564,LOSS,53350.57415658807,0.0
2019-05-21,13.730999946594238,13.763269853591918,2,54.342677211301684,47.88869581176569,53398.46285239983,28.148511186660844,LOSS,53398.46285239983,0.0
2019-05-22,13.626999855041504,13.868309946060181,2,54.41237755749767,6.150359353762191,53404.613211753596,27.982302329830944,LOSS,53404.613211753596,0.0
2019-05-23,13.392000198364258,13.763269853591918,2,53.90743348026661,-20.346497565265473,53384.26671418833,27.93724922800003,LOSS,53404.613211753596,-0.03809876402361024
2019-05-24,13.407999992370605,13.525920200347901,2,53.30352310907192,29.71948151361279,53413.98619570194,28.098129656830395,LOSS,53413.98619570194,0.0
2019-05-28,13.532999992370605,13.542079992294312,2,52.912521731520975,51.09652174677971,53465.08271744872,27.87382657090092,LOSS,53465.08271744872,0.0
2019-05-29,13.375,13.668329992294312,2,53.90544052474895,-4.7605579341135424,53460.32215951461,28.118023541897237,LOSS,53465.08271744872,-0.00890405044217214
2019-05-30,13.366000175476074,13.508750000000001,2,53.21149313371332,24.661528228927978,53484.98368774354,28.086080402102468,LOSS,53484.98368774354,0.0
2019-05-31,13.291000366210938,13.499660177230835,2,44.25370630448556,2.5217441005060834,53487.505431844045,23.670895535320113,LOSS,53487.505431844045,0.0
2019-06-03,13.09000015258789,13.423910369873047,2,44.02922409046853,-22.75281936656276,53464.75261247748,23.68275765595144,LOSS,53487.505431844045,-0.04253856892906792
2019-06-04,13.381999969482422,13.22090015411377,2,43.81057010939584,43.81057010939584,53508.56318258688,23.908728539072868,WIN,53508.56318258688,0.0
2019-06-05,13.437999725341797,13.515819969177246,2,46.95949805269079,31.395449285601046,53539.958631872476,24.98211510496285,LOSS,53539.958631872476,0.0
2019-06-06,13.440999984741211,13.572379722595215,2,46.401221405561486,20.12527383476059,53560.08390570724,24.61059730648102,LOSS,53560.08390570724,0.0
2019-06-07,13.71399974822998,13.575409984588623,2,46.33036292289493,46.33036292289493,53606.414268630135,24.57062938778101,WIN,53606.414268630135,0.0
2019-06-10,13.654999732971191,13.851139745712281,2,48.79408594176362,9.566083393545675,53615.98035202368,25.305044527997225,LOSS,53615.98035202368,0.0
2019-06-11,13.413999557495117,13.791549730300904,2,48.373283630085155,-27.136750931072214,53588.84360109261,25.202895053532252,LOSS,53615.98035202368,-0.05061317680456959
2019-06-12,13.267999649047852,13.548139553070069,2,45.48291326655246,-10.545067537890986,53578.29853355472,24.19864790563433,LOSS,53615.98035202368,-0.0702809465043002
2019-06-13,13.204999923706055,13.40067964553833,2,44.87163838523901,5.735694018783832,53584.0342275735,24.140703654883204,LOSS,53615.98035202368,-0.059583214258944625
2019-06-14,13.364999771118164,13.337049922943116,2,44.69714879671459,44.69714879671459,53628.73137637022,24.160024344527034,WIN,53628.73137637022,0.0
2019-06-17,14.125,13.498649768829345,2,45.09228509248195,45.09228509248195,53673.8236614627,24.087549925307698,WIN,53673.8236614627,0.0
2019-06-18,14.559000015258789,14.26625,2,57.44110203064812,57.44110203064812,53731.26476349335,28.66945070247926,WIN,53731.26476349335,0.0
2019-06-19,14.767000198364258,14.704590015411377,2,61.13429166901313,61.13429166901313,53792.399055162365,29.545495138607972,WIN,53792.399055162365,0.0
2019-06-20,14.788999557495117,14.914670200347901,2,62.25478119749399,37.12065262693722,53829.5197077893,29.65616705149626,LOSS,53829.5197077893,0.0
2019-06-21,14.67199993133545,14.936889553070069,2,62.021690520760316,9.043766173836417,53838.56347396314,29.510437088539913,LOSS,53838.56347396314,0.0
2019-06-24,14.157999992370605,14.818719930648804,2,60.71314249355759,-71.43084516208211,53767.13262880106,29.14172413969713,LOSS,53838.56347396314,-0.13267598641748024
2019-06-25,14.015999794006348,14.299579992294312,2,62.1468990725065,5.430859414913613,53772.56348821597,30.805224195540035,LOSS,53838.56347396314,-0.12258868269969447
2019-06-26,13.911999702453613,14.156159791946411,2,61.761969888127496,12.929951989567897,53785.49344020554,30.917721613741122,LOSS,53838.56347396314,-0.09857252930470667
2019-06-27,14.102999687194824,14.05111969947815,2,61.08677647140195,61.08677647140195,53846.580216676935,30.814591344802526,WIN,53846.580216676935,0.0
2019-06-28,14.331000328063965,14.244029684066772,2,62.18276065178057,62.18276065178057,53908.76297732872,30.93527311374177,WIN,53908.76297732872,0.0
2019-07-01,14.003000259399414,14.474310331344604,2,63.36990254005885,-30.892111848979177,53877.87086547974,31.019202220986383,LOSS,53908.76297732872,-0.057304434646317584
2019-07-02,14.050000190734863,14.143030261993408,2,62.685816681909486,44.07980243020057,53921.950667909936,31.381162497558314,LOSS,53921.950667909936,0.0
2019-07-03,14.116000175476074,14.190500192642212,2,62.09429321666644,47.19428978343896,53969.144957693374,31.003637654173453,LOSS,53969.144957693374,0.0
2019-07-05,14.02400016784668,14.257160177230835,2,62.39006006363861,15.75805818680751,53984.90301588018,31.005548693827276,LOSS,53984.90301588018,0.0
2019-07-08,12.593000411987305,14.164240169525147,2,62.14983021740035,-252.09812129016814,53732.804894590015,31.08402738864933,LOSS,53984.90301588018,-0.4669789278236006
2019-07-09,12.39900016784668,12.718930416107177,2,71.20519644158907,7.219146789489514,53740.0240413795,39.171234645466676,LOSS,53984.90301588018,-0.4536063988642274
2019-07-10,12.295999526977539,12.522990169525146,2,70.27289122360564,24.874762714084255,53764.89880409359,39.25906334351401,LOSS,53984.90301588018,-0.40752914147475566
2019-07-11,12.279000282287598,12.418959522247315,2,69.47838479584433,41.486536803900904,53806.38534089749,39.145701548092454,LOSS,53984.90301588018,-0.33068073666851006
2019-07-12,12.302000045776367,12.401790285110474,2,69.32213614500485,49.36408827818349,53855.749429175674,39.11327625984265,LOSS,53984.90301588018,-0.23924019399741764
2019-07-15,12.362000465393066,12.425020046234131,2,69.48261136395443,56.878695195741486,53912.62812437142,39.129743978801415,LOSS,53984.90301588018,-0.13387982097051213
2019-07-16,12.449999809265137,12.485620470046998,2,69.60233480498962,62.478202648617426,53975.10632702004,39.01247901148105,LOSS,53984.90301588018,-0.01814708985818177
2019-07-17,12.25100040435791,12.574499807357789,2,65.0763787734572,0.376498173481437,53975.48282519352,36.34472077338323,LOSS,53984.90301588018,-0.017449676039789405
2019-07-18,12.265999794006348,12.37351040840149,2,62.04127262239631,40.53914974336785,54016.021974936884,35.26764638382613,LOSS,54016.021974936884,0.0
2019-07-19,12.175000190734863,12.388659791946411,2,61.46367913152191,18.731758889212323,54034.753733826095,34.91522118315271,LOSS,54034.753733826095,0.0
2019-07-22,12.225000381469727,12.296750192642213,2,60.83864593292614,46.488683698428915,54081.242417524525,34.82338404401075,LOSS,54081.242417524525,0.0
2019-07-23,12.157999992370605,12.347250385284424,2,61.35363166636547,23.503553083601815,54104.74597060813,34.96683574623432,LOSS,54104.74597060813,0.0
2019-07-24,12.27299976348877,12.279579992294313,2,59.89688710196914,58.580841340860545,54163.32681194899,34.35725012303013,LOSS,54163.32681194899,0.0
2019-07-25,12.218999862670898,12.395729761123658,2,60.86465135885848,25.518671668306638,54188.8454836173,34.573478886995076,LOSS,54188.8454836173,0.0
2019-07-26,12.331999778747559,12.341189861297607,2,60.59993627998548,58.76191976997571,54247.60740338727,34.57514774641503,LOSS,54247.60740338727,0.0
2019-07-29,12.218000411987305,12.455319776535035,2,60.908123369318034,13.444250459772022,54261.05165384705,34.43985967684968,LOSS,54261.05165384705,0.0
2019-07-30,12.319000244140625,12.340180416107177,2,59.4958777471439,55.25984335383344,54316.311497200884,33.980134270627104,LOSS,54316.311497200884,0.0
2019-07-31,13.67300033569336,12.442190246582031,2,59.94367631549038,59.94367631549038,54376.25517351637,33.956497332705474,WIN,54376.25517351637,0.0
2019-08-01,13.54800033569336,13.809730339050294,2,85.2193516135547,32.87335094216783,54409.12852445854,42.99650595546794,LOSS,54409.12852445854,0.0
2019-08-02,13.430000305175781,13.683480339050293,2,84.4774026539851,33.78139587908274,54442.90992033762,43.01463606518545,LOSS,54442.90992033762,0.0
2019-08-05,13.251999855041504,13.564300308227539,2,83.77373711087887,21.31364647367188,54464.22356681129,43.0304522602697,LOSS,54464.22356681129,0.0
2019-08-06,13.40999984741211,13.38451985359192,2,68.64803404929715,68.64803404929715,54532.87160086059,36.035057977326176,WIN,54532.87160086059,0.0
2019-08-07,13.835000038146973,13.544099845886231,2,69.00176044382358,69.00176044382358,54601.87336130442,35.80582589011266,WIN,54601.87336130442,0.0
2019-08-08,14.027000427246094,13.973350038528443,2,72.04143148460385,72.04143148460385,54673.91479278902,36.213547614502225,WIN,54673.91479278902,0.0
2019-08-09,14.069999694824219,14.167270431518554,2,73.02259218964295,53.568444850775805,54727.4832376398,36.204766852826964,LOSS,54727.4832376398,0.0
2019-08-12,14.074000358581543,14.210699691772462,2,73.22835993608611,45.8884932979024,54773.3717309377,36.196267167186406,LOSS,54773.3717309377,0.0
2019-08-13,13.873000144958496,14.214740362167358,2,73.31580640143586,4.967762959663432,54778.339493897365,36.227578879911235,LOSS,54778.339493897365,0.0
2019-08-14,13.795000076293945,14.01173014640808,2,72.95569424327132,29.609680220444318,54807.949174117806,36.55510808766634,LOSS,54807.949174117806,0.0
2019-08-15,13.638999938964844,13.932950077056885,2,71.98287040831693,13.192842789908624,54821.14201690772,36.285337809249384,LOSS,54821.14201690772,0.0
2019-08-16,13.732999801635742,13.775389938354492,2,71.6096371648908,63.13160982114093,54884.27362672886,36.4990996404608,LOSS,54884.27362672886,0.0
2019-08-19,13.975000381469727,13.8703297996521,2,71.81492040098892,71.81492040098892,54956.088547129846,36.3602667005946,WIN,54956.088547129846,0.0
2019-08-20,14.050999641418457,14.114750385284424,2,73.26455204399774,60.51440327080438,55016.60295040065,36.447411482924565,LOSS,55016.60295040065,0.0
2019-08-21,14.08899974822998,14.191509637832642,2,73.39921989737073,52.89724197683847,55069.50019237749,36.32324814727315,LOSS,55069.50019237749,0.0
2019-08-22,14.121999740600586,14.229889745712281,2,73.62758983025982,52.049588807920756,55121.549781185415,36.337269387790634,LOSS,55121.549781185415,0.0
2019-08-23,13.810999870300293,14.263219738006592,2,73.61072981146505,-16.833243729794788,55104.71653745562,36.2485994290396,LOSS,55121.549781185415,-0.030538407930503657
2019-08-26,13.961999893188477,13.949109869003296,2,73.31386776499636,73.31386776499636,55178.03040522062,36.88279647849761,WIN,55178.03040522062,0.0
2019-08-27,13.871999740600586,14.101619892120361,2,73.74728811376856,27.82325780981354,55205.85366303043,36.708391723422466,LOSS,55205.85366303043,0.0
2019-08-28,13.946000099182129,14.010719738006593,2,73.54222539584416,60.59829763095141,55266.45196066138,36.837283471008135,LOSS,55266.45196066138,0.0
2019-08-29,14.138999938964844,14.08546010017395,2,49.26642627058912,49.26642627058912,55315.71838693197,25.13756908820733,WIN,55315.71838693197,0.0
2019-08-30,14.329000473022461,14.280389938354492,2,50.06166109289095,50.06166109289095,55365.78004802486,25.19063414457623,WIN,55365.78004802486,0.0
2019-09-03,14.359999656677246,14.472290477752686,2,50.67111147069211,28.21294725560405,55393.99299528047,25.161423356228973,LOSS,55393.99299528047,0.0
2019-09-04,13.717000007629395,14.503599653244018,2,49.74579944273806,-107.57412968018669,55286.41886560028,24.684721376826744,LOSS,55393.99299528047,-0.19419818623537646
2019-09-05,14.140999794006348,13.854170007705688,2,54.122932517765555,54.122932517765555,55340.54179811804,27.869482780518176,WIN,55393.99299528047,-0.09649276802807363
2019-09-06,13.98900032043457,14.282409791946412,2,55.66605902805786,-3.0158352743104615,55337.525962843734,27.808749773915956,LOSS,55393.99299528047,-0.10193710433826916
2019-09-09,14.369000434875488,14.128890323638917,2,54.93785459197975,54.93785459197975,55392.46381743572,27.747349221421086,WIN,55393.99299528047,-0.002760548142612184
2019-09-10,14.496000289916992,14.512690439224244,2,58.34206076297907,55.00403090152876,55447.46784833725,28.62742325576756,LOSS,55447.46784833725,0.0
2019-09-11,14.753999710083008,14.640960292816162,2,59.00126641419791,59.00126641419791,55506.469114751446,28.69292439939113,WIN,55506.469114751446,0.0
2019-09-12,14.84000015258789,14.901539707183838,2,59.936008217534585,47.62809729834506,55554.09721204979,28.641206749127296,LOSS,55554.09721204979,0.0
2019-09-13,14.57800006866455,14.98840015411377,2,60.071816089218366,-22.008201000625327,55532.08901104917,28.546021837850535,LOSS,55554.09721204979,-0.0396158017231698
2019-09-16,14.744999885559082,14.723780069351196,2,59.625352718422306,59.625352718422306,55591.71436376759,28.82465515828835,WIN,55591.71436376759,0.0
2019-09-17,14.901000022888184,14.892449884414672,2,60.444247725613366,60.444247725613366,55652.15861149321,28.885595582274767,WIN,55652.15861149321,0.0
2019-09-18,14.812999725341797,15.050010023117066,2,60.680767105155574,13.278707550101764,55665.43731904331,28.70672074121226,LOSS,55665.43731904331,0.0
2019-09-19,15.045000076293945,14.961129722595215,2,60.52492052175251,60.52492052175251,55725.962239565066,28.79714818910106,WIN,55725.962239565066,0.0
2019-09-20,14.904999732971191,15.195450077056885,2,61.899929084536474,3.809860267397845,55729.772099832466,28.984905408738634,LOSS,55729.772099832466,0.0
2019-09-23,15.059000015258789,15.054049730300903,2,61.73367073381093,61.73367073381093,55791.50577056628,29.166738782980403,WIN,55791.50577056628,0.0
2019-09-24,14.887999534606934,15.209590015411377,2,60.688285169527646,-3.6298109913611256,55787.875959574914,28.427414155023506,LOSS,55791.50577056628,-0.006506028007720999
2019-09-25,14.956999778747559,15.036879529953003,2,60.506030667591745,44.530080426502835,55832.40604000142,28.65261014441102,LOSS,55832.40604000142,0.0
2019-09-26,14.937000274658203,15.106569776535034,2,60.508906875952206,26.595006500586038,55859.00104650201,28.52987185717632,LOSS,55859.00104650201,0.0
2019-09-27,14.70300006866455,15.086370277404786,2,60.492402783263756,-16.18163896478326,55842.81940753722,28.558391304077034,LOSS,55859.00104650201,-0.02896872242902358
2019-09-30,14.836999893188477,14.850030069351197,2,60.14092533521698,57.534890102672875,55900.3542976399,28.826594616409032,LOSS,55900.3542976399,0.0
2019-10-01,14.633999824523926,14.985369892120362,2,60.472381620151495,-9.801631899135742,55890.55266574076,28.730009385655087,LOSS,55900.3542976399,-0.017534114089773577
2019-10-02,14.489999771118164,14.780339822769164,2,60.252702600658296,2.184692270458214,55892.73735801122,29.004684201203588,LOSS,55900.3542976399,-0.013625923707249653
2019-10-03,14.541999816894531,14.634899768829346,2,53.793913369819876,35.21392298285696,55927.95128099407,26.327026583677213,LOSS,55927.95128099407,0.0
2019-10-04,14.659000396728516,14.687419815063476,2,51.17445867713207,45.4905750101399,55973.44185600421,25.047768826822995,LOSS,55973.44185600421,0.0
2019-10-07,14.734999656677246,14.8055904006958,2,51.12836476087108,37.010215957160185,56010.45207196137,24.841189286422942,LOSS,56010.45207196137,0.0
2019-10-08,14.395999908447266,14.882349653244018,2,48.88982053873334,-48.38012842061723,55962.07194354075,23.717342834209525,LOSS,56010.45207196137,-0.08637696471091166
2019-10-09,14.437000274658203,14.539959907531738,2,49.673598113622916,29.081671538915884,55991.15361507967,24.59424778098866,LOSS,56010.45207196137,-0.03445509930344833
2019-10-10,14.35200023651123,14.581370277404785,2,48.538695381490214,2.664687202779291,55993.818302282445,24.00947065597059,LOSS,56010.45207196137,-0.029697617254644003
2019-10-11,14.414999961853027,14.495520238876344,2,48.13207565327865,32.028020248615405,56025.84632253106,23.95377900859743,LOSS,56025.84632253106,0.0
2019-10-14,14.394000053405762,14.559149961471558,2,47.32509724948558,14.295115636326315,56040.14143816739,23.486546674894655,LOSS,56040.14143816739,0.0
2019-10-15,14.418000221252441,14.537940053939819,2,46.60462106455115,22.61665452707569,56062.758092694465,23.187152300052865,LOSS,56062.758092694465,0.0
2019-10-16,14.340999603271484,14.562180223464965,2,46.082160410832785,1.846036372136595,56064.6041290666,22.911820232839098,LOSS,56064.6041290666,0.0
2019-10-17,14.371999740600586,14.484409599304199,2,45.815306142283504,23.333334401560975,56087.937463468166,22.902250634915134,LOSS,56087.937463468166,0.0
2019-10-18,14.3149995803833,14.515719738006592,2,44.52648383880764,4.382452314149468,56092.31991578232,22.26352098431934,LOSS,56092.31991578232,0.0
2019-10-21,14.402000427246094,14.458149576187134,2,44.109420702092024,32.879590913883945,56125.199506696204,22.152410240655136,LOSS,56125.199506696204,0.0
2019-10-22,14.302000045776367,14.546020431518555,2,43.929143151732134,-4.8749339967053515,56120.3245726995,21.946494215354832,LOSS,56125.199506696204,-0.008685820343715404
2019-10-23,14.260000228881836,14.44502004623413,2,43.29873212157582,6.294768651116861,56126.61934135062,21.79600867181825,LOSS,56126.61934135062,0.0
2019-10-24,14.460000038146973,14.402600231170654,2,42.929949765923155,42.929949765923155,56169.54929111654,21.683930866498134,WIN,56169.54929111654,0.0
2019-10-25,14.57699966430664,14.604600038528442,2,44.85641700008496,39.33634215572464,56208.885633272264,22.28972957443977,LOSS,56208.885633272264,0.0
2019-10-28,14.616999626159668,14.722769660949707,2,44.538095140874475,23.384088182866677,56232.26972145513,21.980601735983065,LOSS,56232.26972145513,0.0
2019-10-29,14.664999961853027,14.763169622421264,2,44.220676085538976,24.586743971891586,56256.85646542702,21.78166191662035,LOSS,56256.85646542702,0.0
2019-10-30,15.340999603271484,14.811649961471558,2,43.43370517382662,43.43370517382662,56300.29017060085,21.361216630317003,WIN,56300.29017060085,0.0
2019-10-31,15.324999809265137,15.4944095993042,2,54.108090557056656,20.22613254924397,56320.51630315009,25.10032160657294,LOSS,56320.51630315009,0.0
2019-11-01,15.369000434875488,15.478249807357788,2,54.10601137030583,32.25613687384595,56352.77244002394,25.123780524794455,LOSS,56352.77244002394,0.0
2019-11-04,15.35099983215332,15.522690439224244,2,54.147429985816366,19.809308571631725,56372.58174859557,25.0747488487538,LOSS,56372.58174859557,0.0
2019-11-05,15.5,15.504509830474854,2,54.09747768066575,53.19551158569497,56425.77726018127,25.08055131775773,LOSS,56425.77726018127,0.0
2019-11-06,15.496000289916992,15.655,2,52.0652134905681,20.265271473966664,56446.042531655236,23.989244550084898,LOSS,56446.042531655236,0.0
2019-11-07,15.57800006866455,15.650960292816162,2,52.11578372952532,37.52373889920308,56483.56627055444,24.01656490664008,LOSS,56483.56627055444,0.0
2019-11-08,15.61299991607666,15.733780069351196,2,51.98260919795007,27.826578543042856,56511.39284909748,23.842923992856832,LOSS,56511.39284909748,0.0
2019-11-11,15.592000007629395,15.769129915237427,2,52.114431144072014,16.688449622465583,56528.081298719946,23.84929142808179,LOSS,56528.081298719946,0.0
2019-11-12,15.805999755859375,15.74792000770569,2,52.03894321902895,52.03894321902895,56580.120241938974,23.847003799473008,WIN,56580.120241938974,0.0
2019-11-13,15.696000099182129,15.964059753417969,2,53.109965865312326,-0.5019649818556289,56579.61827695712,23.996310506103477,LOSS,56580.120241938974,-0.000887175530399103
2019-11-14,15.663999557495117,15.85296010017395,2,52.89237250228853,15.100263966521887,56594.71854092364,24.060371727196987,LOSS,56594.71854092364,0.0
2019-11-15,15.640000343322754,15.820639553070068,2,52.9447866933402,16.816944743877407,56611.53548566752,24.128039723586774,LOSS,56611.53548566752,0.0
2019-11-18,15.52299976348877,15.796400346755982,2,52.7129386951531,-1.9671779582894686,56609.56830770923,24.06429389245256,LOSS,56611.53548566752,-0.003474871227938937
2019-11-19,15.74899959564209,15.678229761123657,2,52.87688511342,52.87688511342,56662.445192822655,24.302179836703537,WIN,56662.445192822655,0.0
2019-11-20,15.402000427246094,15.906489591598511,2,53.546405154591426,-47.35142771589206,56615.093765106765,24.26004833355352,LOSS,56662.445192822655,-0.083567568527537
2019-11-21,14.949999809265137,15.556020431518554,2,54.90796818082006,-66.29615626986347,56548.7976088369,25.351431857298834,LOSS,56662.445192822655,-0.20056950172024643
2019-11-22,15.15999984741211,15.099499807357788,2,56.393617467808554,56.393617467808554,56605.19122630471,26.721659708004047,WIN,56662.445192822655,-0.10104393893187505
2019-11-25,15.276000022888184,15.311599845886231,2,57.53677548960795,50.416810889998374,56655.60803719471,26.87480556840042,LOSS,56662.445192822655,-0.012066467665979536
2019-11-26,15.239999771118164,15.428760023117066,2,58.07203701038628,20.31998661060588,56675.92802380532,26.91594229028683,LOSS,56675.92802380532,0.0
2019-11-27,15.26200008392334,15.392399768829346,2,57.99691148977224,31.91697450857098,56707.844998313885,26.942734080549833,LOSS,56707.844998313885,0.0
2019-11-29,15.032999992370605,15.414620084762573,2,50.50029443730738,-25.82372404108616,56682.021274272796,23.6575000758438,LOSS,56707.844998313885,-0.045538186192504465
2019-12-02,15.008000373840332,15.183329992294311,2,50.63078288203333,15.564859191237488,56697.586133464036,24.04831060664583,LOSS,56707.844998313885,-0.018090733037297607
2019-12-03,14.998000144958496,15.158080377578736,2,50.4855441262289,18.469497602180866,56716.055631066214,24.021408562376813,LOSS,56716.055631066214,0.0
2019-12-04,15.15999984741211,15.14798014640808,2,50.452722860143616,50.452722860143616,56766.50835392636,24.021769575468227,WIN,56766.50835392636,0.0
2019-12-05,14.986000061035156,15.311599845886231,2,51.10192193122391,-14.01803503899113,56752.490318887365,24.067249102377524,LOSS,56766.50835392636,-0.024694199882074018
2019-12-06,15.15999984741211,15.135860061645507,2,50.93329894574207,50.93329894574207,56803.423617833105,24.25169885534413,WIN,56803.423617833105,0.0
2019-12-09,15.229999542236328,15.311599845886231,2,52.03249422987266,35.71243349989199,56839.136051333,24.473262114246154,LOSS,56839.136051333,0.0
2019-12-10,15.270000457763672,15.382299537658692,2,52.36167230236721,29.901856323363106,56869.03790765636,24.51188154504756,LOSS,56869.03790765636,0.0
2019-12-11,15.04699993133545,15.422700462341309,2,52.553906447520745,-22.58619975365123,56846.451707902714,24.535579187443783,LOSS,56869.03790765636,-0.0397161629326733
2019-12-12,14.6850004196167,15.197469930648804,2,51.506140539193105,-50.98776166722788,56795.46394623548,24.412374480980667,LOSS,56869.03790765636,-0.12937437334591212
2019-12-13,14.53499984741211,14.831850423812867,2,51.900343850992535,-7.469771429158946,56787.99417480632,25.148056325975283,LOSS,56869.03790765636,-0.14250941431722391
2019-12-16,14.652999877929688,14.68034984588623,2,51.52680584063898,46.05681224933047,56834.05098705565,25.219319732774466,LOSS,56869.03790765636,-0.061521914011495885
2019-12-17,14.734999656677246,14.799529876708984,2,52.405596934028154,39.499552927680526,56873.55053998333,25.427180445701172,LOSS,56873.55053998333,0.0
2019-12-18,14.581999778747559,14.882349653244018,2,52.874415085719896,-7.195559813572082,56866.35498016975,25.50598322993109,LOSS,56873.55053998333,-0.01265185617085203
2019-12-19,14.595000267028809,14.727819776535034,2,51.39940939662316,24.835507495378117,56891.19048766513,25.08595625197995,LOSS,56891.19048766513,0.0
2019-12-20,14.520000457763672,14.740950269699097,2,50.18226142382527,5.99229903674032,56897.18278670187,24.51358354833031,LOSS,56897.18278670187,0.0
2019-12-23,14.432999610900879,14.665200462341309,2,46.88202099777012,0.44185070968413953,56897.62463741156,23.12767674525007,LOSS,56897.62463741156,0.0
2019-12-24,14.4399995803833,14.577329607009888,2,45.50846039836592,18.04245507304841,56915.667092484604,22.626933877968742,LOSS,56915.667092484604,0.0
2019-12-26,14.505000114440918,14.584399576187135,2,45.071352411990134,29.19146006274677,56944.85855254735,22.4166023783217,LOSS,56944.85855254735,0.0
2019-12-27,14.47599983215332,14.650050115585326,2,45.51911071230691,10.709054025905687,56955.56760657326,22.528266177424292,LOSS,56955.56760657326,0.0
2019-12-30,14.20199966430664,14.620759830474853,2,45.353804398126144,-38.39822883551632,56917.169377737744,22.49431764325214,LOSS,56955.56760657326,-0.06741786703059156
2019-12-31,14.262999534606934,14.344019660949707,2,45.01871335252524,28.814688083970594,56945.984065821714,22.73806549267274,LOSS,56955.56760657326,-0.016826345788961646
2020-01-02,14.430999755859375,14.405629529953003,2,45.428733513296635,45.428733513296635,56991.41279933501,22.8385391003311,WIN,56991.41279933501,0.0
2020-01-03,14.357000350952148,14.575309753417969,2,46.83094643587944,3.1690659427153776,56994.58186527773,23.235979087960473,LOSS,56994.58186527773,0.0
2020-01-06,14.425000190734863,14.50057035446167,2,45.86494012687158,30.750907381510153,57025.33277265924,22.901567068393035,LOSS,57025.33277265924,0.0
2020-01-07,14.38700008392334,14.569250192642212,2,45.917291946811154,9.467270203036769,57034.800042862276,22.825963334185474,LOSS,57034.800042862276,0.0
2020-01-08,14.371000289916992,14.530870084762574,2,44.89225365095045,12.918294681834084,57047.71833754411,22.41031661156485,LOSS,57047.71833754411,0.0
2020-01-09,14.350000381469727,14.514710292816162,2,44.59152830660861,11.649546037321613,57059.36788358143,22.294883431373005,LOSS,57059.36788358143,0.0
2020-01-10,14.23900032043457,14.493500385284424,2,44.38290276373499,-6.517110206235742,57052.85077337519,22.228755649282512,LOSS,57059.36788358143,-0.011421630571748715
2020-01-13,14.458999633789062,14.381390323638916,2,43.46758257656849,43.46758257656849,57096.31835595176,21.963042553235255,WIN,57096.31835595176,0.0
2020-01-14,14.47700023651123,14.603589630126953,2,43.041682466855654,17.723803743711194,57114.04215969547,21.460985249322746,LOSS,57114.04215969547,0.0
2020-01-15,14.626999855041504,14.621770238876342,2,42.56696653881615,42.56696653881615,57156.60912623429,21.219610801210287,WIN,57156.60912623429,0.0
2020-01-16,14.67199993133545,14.77326985359192,2,43.253180073998706,22.99919562270459,57179.60832185699,21.330476203035776,LOSS,57179.60832185699,0.0
2020-01-17,14.673999786376953,14.818719930648804,2,43.255137662049805,14.31110880767963,57193.91943066467,21.271369145882474,LOSS,57193.91943066467,0.0
2020-01-21,14.595000267028809,14.820739784240724,2,42.603608968075704,-2.544294474307293,57191.37513619036,20.975031764889266,LOSS,57193.91943066467,-0.004448540158869317
2020-01-22,14.592000007629395,14.740950269699097,2,42.559711999163184,12.769659585222769,57204.14479577559,21.059083759879826,LOSS,57204.14479577559,0.0
2020-01-23,14.574000358581543,14.73792000770569,2,42.38175235022673,9.597822525397461,57213.74261830099,20.98238255980845,LOSS,57213.74261830099,0.0
2020-01-24,14.315999984741211,14.719740362167359,2,42.094593008979786,-38.653482476249835,57175.08913582474,20.87578267584629,LOSS,57213.74261830099,-0.06755978670041632
2020-01-27,14.253000259399414,14.459159984588624,2,43.14748826094997,1.9155432231080596,57177.004679047845,21.706547258107395,LOSS,57213.74261830099,-0.0642117392987895
2020-01-28,14.399999618530273,14.39553026199341,2,42.89392243172409,42.89392243172409,57219.89860147957,21.676991260052873,WIN,57219.89860147957,0.0
2020-01-29,15.260000228881836,14.543999614715576,2,43.94797334423753,43.94797334423753,57263.8465748238,21.957946773565045,WIN,57263.8465748238,0.0
2020-01-30,15.270000457763672,15.412600231170654,2,58.37055375199738,29.850599070601035,57293.697173894405,27.071696721313337,LOSS,57293.697173894405,0.0
2020-01-31,15.20300006866455,15.422700462341309,2,58.43509802021715,14.495019284865485,57308.19219317927,27.083085711284834,LOSS,57308.19219317927,0.0
2020-02-03,14.947999954223633,15.355030069351196,2,58.11993289144819,-23.286090134064466,57284.90610304521,27.057517198545845,LOSS,57308.19219317927,-0.04063309143580421
2020-02-04,15.180999755859375,15.09747995376587,2,58.096446402475955,58.096446402475955,57343.00254944768,27.478486839823194,WIN,57343.00254944768,0.0
2020-02-05,15.284000396728516,15.332809753417969,2,59.510844964767195,49.74897362687651,57392.751523074556,27.70018399869479,LOSS,57392.751523074556,0.0
2020-02-06,15.223999977111816,15.4368404006958,2,59.86706506513142,17.29898034833466,57410.05050342289,27.679605420309493,LOSS,57410.05050342289,0.0
2020-02-07,15.265999794006348,15.376239976882935,2,59.726649706515886,37.67861313119833,57447.72911655409,27.720708434837967,LOSS,57447.72911655409,0.0
2020-02-10,15.145000457763672,15.41865979194641,2,59.82882711939865,5.096960282850915,57452.82607683694,27.693587203117588,LOSS,57452.82607683694,0.0
2020-02-11,15.210000038146973,15.296450462341308,2,59.36722411712654,42.07713927825938,57494.9032161152,27.69909195815049,LOSS,57494.9032161152,0.0
2020-02-12,14.984000205993652,15.362100038528443,2,59.15311664933116,-16.466849857626876,57478.43636625757,27.495180909504192,LOSS,57494.9032161152,-0.028640538441697772
2020-02-13,14.807000160217285,15.13384020805359,2,59.137501983361595,-6.230507583899303,57472.205858673675,27.876275688165933,LOSS,57494.9032161152,-0.03947716436047916
2020-02-14,14.883999824523926,14.955070161819458,2,58.69547145782504,44.48140399871853,57516.68726267239,27.990872485461736,LOSS,57516.68726267239,0.0
2020-02-18,14.79699993133545,15.032839822769166,2,59.04152737440243,11.873549087659121,57528.56081176005,28.00901559929295,LOSS,57528.56081176005,0.0
2020-02-19,14.960000038146973,14.944969930648805,2,58.817141353331145,58.817141353331145,57587.377953113384,28.062979872799446,WIN,57587.377953113384,0.0
2020-02-20,14.979999542236328,15.109600038528443,2,59.63994928397962,33.71985002555664,57621.09780313894,28.140306547543766,LOSS,57621.09780313894,0.0
2020-02-21,14.994999885559082,15.129799537658691,2,59.71231125316848,32.75238083324666,57653.85018397219,28.137052959445317,LOSS,57653.85018397219,0.0
2020-02-24,14.588000297546387,15.144949884414673,2,59.75148325576727,-51.638434117890085,57602.211749854294,28.12795674386251,LOSS,57653.85018397219,-0.08956632376348783
2020-02-25,14.005000114440918,14.73388030052185,2,59.352125839002646,-86.4239113771838,57515.78783847711,28.682225339060423,LOSS,57653.85018397219,-0.23946769392594333
2020-02-26,14.01200008392334,14.145050115585327,2,60.80984278875192,34.199836456354404,57549.987674933465,30.490936405992414,LOSS,57653.85018397219,-0.1801484353730034
2020-02-27,13.621999740600586,14.152120084762574,2,60.5564188721456,-45.46764996025199,57504.520024973215,30.356959913552274,LOSS,57653.85018397219,-0.2590115985705415
2020-02-28,13.515999794006348,13.758219738006591,2,50.14415729795564,1.700168497906894,57506.22019347112,26.119535259327698,LOSS,57653.85018397219,-0.25606267409719086
2020-03-02,13.67199993133545,13.65115979194641,2,49.63981891521439,49.63981891521439,57555.860012386336,26.063677962576683,WIN,57653.85018397219,-0.16996292749428868
2020-03-03,13.439000129699707,13.808719930648804,2,51.10020165853001,-22.843758531289424,57533.01625385505,26.49301535308917,LOSS,57653.85018397219,-0.20958518768747947
2020-03-04,13.616999626159668,13.573390130996705,2,50.24780832307868,50.24780832307868,57583.26406217813,26.502102040159077,WIN,57653.85018397219,-0.12243088981709956
2020-03-05,13.687999725341797,13.753169622421265,2,50.638157974619126,37.6041785587256,57620.868240736854,26.368433818733962,LOSS,57653.85018397219,-0.05720683550203112
2020-03-06,13.628000259399414,13.824879722595215,2,50.7942248096584,11.418332170498232,57632.28657290735,26.316262728220952,LOSS,57653.85018397219,-0.037401857804855713
2020-03-09,12.942999839782715,13.764280261993408,2,50.56809864972935,-113.68798579240921,57518.598587114946,26.314575326456264,LOSS,57653.85018397219,-0.2345924798181834
2020-03-10,12.998000144958496,13.072429838180541,2,52.70243531319829,37.81649666878921,57556.41508378374,28.70424565673075,LOSS,57653.85018397219,-0.1690001619623606
2020-03-11,12.414999961853027,13.127980146408081,2,53.267670123664026,-89.32836678734674,57467.08671699639,28.87791495092862,LOSS,57653.85018397219,-0.32393927964886826
2020-03-12,10.852999687194824,12.539149961471558,2,53.3176051336384,-283.91244972170847,57183.174267274684,30.177430339278636,LOSS,57653.85018397219,-0.8163824535492182
2020-03-13,11.133000373840332,10.961529684066772,2,63.6826395450167,63.6826395450167,57246.8569068197,40.5827314950907,WIN,57653.85018397219,-0.7059255814724895
2020-03-16,10.666000366210938,11.244330377578736,2,67.0569556325663,-48.6090466409934,57198.24786017871,41.61136343105191,LOSS,57653.85018397219,-0.7902374643491485
2020-03-17,10.935999870300293,10.772660369873046,2,64.58413892441,64.58413892441,57262.83199910312,41.82223828022713,WIN,57653.85018397219,-0.6782169510298782
2020-03-18,9.220000267028809,11.045359869003295,2,67.77767704830876,-297.2942433465886,56965.53775575653,42.76495230491487,LOSS,57653.85018397219,-1.193870705979335
2020-03-19,10.538000106811523,9.312200269699098,2,70.1521300372687,70.1521300372687,57035.6898857938,52.098001753950136,WIN,57653.85018397219,-1.0721925703241866
2020-03-20,10.074000358581543,10.643380107879638,2,96.38755656250989,-17.488393297109155,57018.20149249669,62.27074561794417,LOSS,57653.85018397219,-1.1025260055436923
2020-03-23,10.246999740600586,10.174740362167359,2,92.36844356874707,92.36844356874707,57110.56993606544,62.41843472277474,WIN,57653.85018397219,-0.9423139064835242
2020-03-24,10.689000129699707,10.349469738006592,2,94.52209172437715,94.52209172437715,57205.09202778982,62.78469968432773,WIN,57653.85018397219,-0.7783663272277404
2020-03-25,10.413000106811523,10.795890130996705,2,100.00746172989183,23.429456892855512,57228.52148468267,63.65609464159066,LOSS,57653.85018397219,-0.7377281793536786
2020-03-26,11.053999900817871,10.51713010787964,2,97.4369035999899,97.4369035999899,57325.95838828266,63.663544607027646,WIN,57653.85018397219,-0.5687248893928649
2020-03-27,10.630999565124512,11.16453989982605,2,106.19055730819741,-0.5175096321101762,57325.44087865055,65.31245222468968,LOSS,57653.85018397219,-0.569622504435849
2020-03-30,11.02400016784668,10.737309560775756,2,102.57230167399902,102.57230167399902,57428.01318032455,65.58951377063333,WIN,57653.85018397219,-0.39171192023948537
2020-03-31,11.8100004196167,11.134240169525146,2,107.29161697184368,107.29161697184368,57535.3047972964,66.14600123392319,WIN,57653.85018397219,-0.20561573302999392
2020-04-01,11.33899974822998,11.928100423812866,2,118.31561922360495,0.4954841070277922,57535.800281403426,68.0357848413723,LOSS,57653.85018397219,-0.2047563210298458
2020-04-02,11.449000358581543,11.45238974571228,2,114.0355591542181,113.35768172807077,57649.157963131496,68.29160168600991,LOSS,57653.85018397219,-0.008138607960643824
2020-04-03,11.222999572753906,11.563490362167359,2,115.21076696010348,47.11260907741293,57696.27057220891,68.3314295278609,LOSS,57696.27057220891,0.0
2020-04-06,11.602999687194824,11.335229568481445,2,113.01710813409309,113.01710813409309,57809.287680343004,68.37891817550951,WIN,57809.287680343004,0.0
2020-04-07,11.770999908447266,11.719029684066772,2,116.58340486269184,116.58340486269184,57925.8710852057,68.23050065819099,WIN,57925.8710852057,0.0
2020-04-08,12.300000190734863,11.888709907531739,2,118.41161024130767,118.41161024130767,58044.28269544701,68.30927663597433,WIN,58044.28269544701,0.0
2020-04-09,12.541999816894531,12.423000192642212,2,123.79033812570111,123.79033812570111,58168.073033572706,68.34003293947526,WIN,58168.073033572706,0.0
2020-04-13,12.208999633789062,12.667419815063477,2,115.64994963190583,23.965913377022943,58192.03894694973,62.762514838853136,LOSS,58192.03894694973,0.0
2020-04-14,12.649999618530273,12.331089630126954,2,113.11968328696827,113.11968328696827,58305.1586302367,63.05524691360492,WIN,58305.1586302367,0.0
2020-04-15,12.260000228881836,12.776499614715576,2,116.03825526619383,12.738378099445896,58317.89700833614,62.444835393735474,LOSS,58317.89700833614,0.0
2020-04-16,12.413000106811523,12.382600231170654,2,113.30423687748498,113.30423687748498,58431.201245213626,62.899878777320836,WIN,58431.201245213626,0.0
2020-04-17,12.652999877929688,12.537130107879639,2,93.81592216131422,93.81592216131422,58525.01716737494,51.761897783112424,WIN,58525.01716737494,0.0
2020-04-20,12.692000389099121,12.779529876708985,2,79.13337794954784,61.62748042757512,58586.64464780252,43.13835805758791,LOSS,58586.64464780252,0.0
2020-04-21,12.270999908447266,12.818920392990112,2,75.91798054479838,-33.66611636377087,58552.97853143875,41.335553719259714,LOSS,58586.64464780252,-0.057463806924180745
2020-04-22,12.50100040435791,12.393709907531738,2,75.57115019501953,75.57115019501953,58628.54968163377,42.50599839514632,WIN,58628.54968163377,0.0
2020-04-23,12.597999572753906,12.62601040840149,2,75.7542951065751,70.15212797705846,58698.70180961083,41.85344069169197,LOSS,58698.70180961083,0.0
2020-04-24,12.555000305175781,12.723979568481445,2,74.87835392178775,41.08250126065501,58739.78431087149,41.08492612795524,LOSS,58739.78431087149,0.0
2020-04-27,12.92300033569336,12.68055030822754,2,71.27755410198439,71.27755410198439,58811.061864973475,39.322553207899276,WIN,58811.061864973475,0.0
2020-04-28,12.885000228881836,13.052230339050293,2,70.96684933899378,37.52082730530229,58848.582692278775,38.09420053734432,LOSS,58848.582692278775,0.0
2020-04-29,12.748000144958496,13.013850231170654,2,69.87862932325503,16.70861208082347,58865.2913043596,37.64269704639786,LOSS,58865.2913043596,0.0
2020-04-30,12.633000373840332,12.875480146408082,2,63.13423622837928,14.638281714829347,58879.929586074424,34.52883019846186,LOSS,58879.929586074424,0.0
2020-05-01,12.258999824523926,12.759330377578735,2,59.50287877906564,-40.56323183189616,58839.36635424253,32.925722761369485,LOSS,58879.929586074424,-0.06889144079664496
2020-05-04,11.854999542236328,12.381589822769165,2,59.65729915573039,-45.660756950836934,58793.70559729169,33.95950915051654,LOSS,58879.929586074424,-0.14644037346662103
2020-05-05,12.081000328063965,11.973549537658691,2,58.9005346464881,58.9005346464881,58852.606131938184,34.63420691594227,WIN,58879.929586074424,-0.04640537841726989
2020-05-06,12.199999809265137,12.201810331344605,2,58.920382823820574,58.55827840792689,58911.16441034611,34.03030227079588,LOSS,58911.16441034611,0.0
2020-05-07,12.347999572753906,12.321999807357788,2,59.35187632938187,59.35187632938187,58970.51628667549,33.94958505689393,WIN,58970.51628667549,0.0
2020-05-08,12.467000007629395,12.471479568481445,2,57.01446552417237,56.11855335376219,59026.634840029255,32.31183749423278,LOSS,59026.634840029255,0.0
2020-05-11,12.381999969482422,12.59167000770569,2,57.034740192860255,15.100732548206807,59041.73557257746,32.03107711539621,LOSS,59041.73557257746,0.0
2020-05-12,12.01099967956543,12.505819969177246,2,55.39159711837547,-43.57246080398775,58998.16311177347,31.361049424952313,LOSS,59041.73557257746,-0.07379942405390054
2020-05-13,11.494999885559082,12.131109676361085,2,52.7866977977197,-74.43526036268086,58923.72785141079,30.840529647118235,LOSS,59041.73557257746,-0.19987170096246631
2020-05-14,11.321000099182129,11.609949884414673,2,51.988658500861206,-5.801298545647683,58917.926552865145,31.68622012117585,LOSS,59041.73557257746,-0.20969745979117332
2020-05-15,11.557999610900879,11.434210100173951,2,50.9785941312316,50.9785941312316,58968.905146996374,31.555865182441885,WIN,59041.73557257746,-0.12335414071891548
2020-05-18,12.012999534606934,11.673579607009888,2,52.182552468094336,52.182552468094336,59021.08769946447,31.634122241831673,WIN,59041.73557257746,-0.03497165676576108
2020-05-19,11.906000137329102,12.133129529953003,2,57.314501197288735,11.888622672508518,59032.97632213698,33.32870672620325,LOSS,59041.73557257746,-0.014835692676606064
2020-05-20,12.12399959564209,12.025060138702393,2,55.254199017078285,55.254199017078285,59088.23052115406,32.46771325087787,WIN,59088.23052115406,0.0
2020-05-21,12.071999549865723,12.24523959159851,2,56.236013083646476,21.58800473708893,59109.81852589115,32.45140475847812,LOSS,59109.81852589115,0.0
2020-05-22,12.237000465393066,12.19271954536438,2,55.85513732331295,55.85513732331295,59165.67366321446,32.37487339686914,WIN,59165.67366321446,0.0
2020-05-26,12.470999717712402,12.359370470046997,2,57.01430066353761,57.01430066353761,59222.687963878,32.58877531381963,WIN,59222.687963878,0.0
2020-05-27,12.592000007629395,12.595709714889527,2,57.16712443323517,56.42518298120878,59279.11314685921,32.09158620841836,LOSS,59279.11314685921,0.0
2020-05-28,12.534000396728516,12.717920007705688,2,57.93690837786194,21.15298618242747,59300.26613304164,32.204584297377636,LOSS,59300.26613304164,0.0
2020-05-29,12.447999954223633,12.6593404006958,2,57.51904718915608,15.250957894722575,59315.51709093636,32.124899439377785,LOSS,59315.51709093636,0.0
2020-06-01,12.260000228881836,12.57247995376587,2,57.06632579139074,-5.429619185415945,59310.08747175094,32.094047677372686,LOSS,59315.51709093636,-0.009153792214424058
2020-06-02,12.109000205993652,12.382600231170654,2,55.02494558667048,0.3049405512701071,59310.392412302215,31.457687002857334,LOSS,59315.51709093636,-0.008639693094619524
2020-06-03,12.963000297546387,12.23009020805359,2,52.513039842164346,52.513039842164346,59362.90545214438,30.455784209162125,WIN,59362.90545214438,0.0
2020-06-04,12.529999732971191,13.09263030052185,2,64.28691362886656,-48.23919988126531,59314.666252263116,34.5736777025208,LOSS,59362.90545214438,-0.08126152100179038
2020-06-05,12.520999908447266,12.655299730300904,2,64.10155723629896,37.24159286557136,59351.907845128684,35.60938843939443,LOSS,59362.90545214438,-0.018526059214815205
2020-06-08,12.63599967956543,12.646209907531738,2,63.88388985306469,61.84184425980311,59413.74968938849,35.51872498978564,LOSS,59413.74968938849,0.0
2020-06-09,12.567999839782715,12.762359676361084,2,64.45887618138151,25.586908865707585,59439.336598254195,35.512569911002416,LOSS,59439.336598254195,0.0
2020-06-10,12.392000198364258,12.693679838180541,2,64.08055625419775,3.744628290941037,59443.08122654514,35.49602421421265,LOSS,59443.08122654514,0.0
2020-06-11,11.734000205993652,12.515920200347901,2,62.032099043002376,-94.3518998278474,59348.72932671729,34.88161802988235,LOSS,59443.08122654514,-0.15872646215672764
2020-06-12,11.802000045776367,11.851340208053589,2,60.19685238348191,50.32881992803755,59399.05814664533,35.703810838490206,LOSS,59443.08122654514,-0.0740592159616214
2020-06-15,12.267000198364258,11.92002004623413,2,60.152184450533916,60.152184450533916,59459.21033109586,35.483266884796066,WIN,59459.21033109586,0.0
2020-06-16,12.196000099182129,12.3896702003479,2,64.0071286112301,25.273108378075747,59484.48343947394,36.283948609388645,LOSS,59484.48343947394,0.0
2020-06-17,12.17300033569336,12.31796010017395,2,61.695050727063446,32.70309783094527,59517.186537304886,35.23093515095023,LOSS,59517.186537304886,0.0
2020-06-18,11.946000099182129,12.294730339050293,2,61.43795084920644,-8.308097124426403,59508.87844018046,35.154455168533275,LOSS,59517.186537304886,-0.01395915635094697
2020-06-19,11.819000244140625,12.06546010017395,2,60.36441414064599,11.072442933980838,59519.95088311444,35.19440319025459,LOSS,59519.95088311444,0.0
2020-06-22,11.871000289916992,11.93719024658203,2,59.850209299923016,46.612217966915345,59566.56310108136,35.26577903394245,LOSS,59566.56310108136,0.0
2020-06-23,11.753999710083008,11.989710292816163,2,59.83985523664749,12.697738690016457,59579.26083977138,35.11328951908204,LOSS,59579.26083977138,0.0
2020-06-24,11.437999725341797,11.871539707183837,2,58.6876193172785,-28.02037705112955,59551.24046272025,34.796777216545124,LOSS,59579.26083977138,-0.04703042074738907
2020-06-25,11.779000282287598,11.552379722595214,2,57.63686048360655,57.63686048360655,59608.87732320386,35.101546568458694,WIN,59608.87732320386,0.0
2020-06-26,11.600000381469727,11.896790285110473,2,60.96082248086348,1.6028417527141485,59610.48016495657,36.003175726072016,LOSS,59610.48016495657,0.0
2020-06-29,11.850000381469727,11.716000385284424,2,60.21967938682358,60.21967938682358,59670.69984434339,36.10880604167734,WIN,59670.69984434339,0.0
2020-06-30,11.829000473022461,11.968500385284424,2,62.080447779012935,34.1804653266204,59704.880309670014,36.42301998800173,LOSS,59704.880309670014,0.0
2020-07-01,11.779999732971191,11.947290477752686,2,61.796350875677255,28.338201919378328,59733.218511589395,36.325679536130366,LOSS,59733.218511589395,0.0
2020-07-02,11.734999656677246,11.897799730300903,2,53.20530009721429,20.645285372482846,59753.86379696188,31.645605855270393,LOSS,59753.86379696188,0.0
2020-07-06,11.975000381469727,11.85234965324402,2,51.41327331647264,51.41327331647264,59805.27707027835,30.75009714361596,WIN,59805.27707027835,0.0
2020-07-07,11.809000015258789,12.094750385284424,2,53.45001761745842,-3.700056387668617,59801.57701389068,31.294301833602862,LOSS,59805.27707027835,-0.006186839304036306
2020-07-08,11.821999549865723,11.927090015411377,2,52.68705520752254,31.66896209839171,59833.24597598907,31.281965184730424,LOSS,59833.24597598907,0.0
2020-07-09,11.737000465393066,11.94021954536438,2,52.76570577386054,12.121889779597772,59845.36786576867,31.293519824738624,LOSS,59845.36786576867,0.0
2020-07-10,11.765999794006348,11.854370470046996,2,52.19095213517724,34.516816927047515,59879.884682695716,31.183417458919642,LOSS,59879.884682695716,0.0
2020-07-13,11.579000473022461,11.88365979194641,2,46.91285571750187,-14.019008067288027,59865.865674628425,28.143789699435626,LOSS,59879.884682695716,-0.0234118822064837
2020-07-14,11.666000366210938,11.694790477752685,2,46.619884668899026,40.86186236054957,59906.727536988976,28.402346291549854,LOSS,59906.727536988976,0.0
2020-07-15,12.045000076293945,11.782660369873048,2,43.17723843493448,43.17723843493448,59949.90477542391,26.25183482375981,WIN,59949.90477542391,0.0
2020-07-16,11.845999717712402,12.165450077056885,2,47.42383915749729,-16.46623271139928,59933.43854271251,27.813519042833406,LOSS,59949.90477542391,-0.027466653655384227
2020-07-17,11.833999633789062,11.964459714889527,2,47.199086070285034,21.10706985019216,59954.5456125627,28.12550792789915,LOSS,59954.5456125627,0.0
2020-07-20,12.050999641418457,11.952339630126954,2,46.419345078358845,46.419345078358845,60000.96495764106,27.716411371918266,WIN,60000.96495764106,0.0
2020-07-21,12.104000091552734,12.171509637832642,2,47.74438354521353,34.24247428923197,60035.20743193029,27.97648971457293,LOSS,60035.20743193029,0.0
2020-07-22,12.121000289916992,12.225040092468262,2,47.954337928905666,27.146377418651646,60062.35380934894,27.97647549337418,LOSS,60062.35380934894,0.0
2020-07-23,11.97599983215332,12.242210292816162,2,47.724244855321864,-5.517847277246567,60056.835962071695,27.81416077316097,LOSS,60062.35380934894,-0.009186864861741428
2020-07-24,11.694999694824219,12.095759830474854,2,45.601271820402346,-34.55075530972478,60022.28520676197,26.95695369767825,LOSS,60062.35380934894,-0.06671167552666886
2020-07-27,11.765999794006348,11.811949691772462,2,43.975733628309875,34.78575407508705,60057.07096083705,26.642739369901264,LOSS,60062.35380934894,-0.008795606859925809
2020-07-28,11.781000137329102,11.88365979194641,2,43.71467739811844,23.182746474656668,60080.25370731171,26.34590073341732,LOSS,60080.25370731171,0.0
2020-07-29,12.27400016784668,11.898810138702393,2,42.561313893648865,42.561313893648865,60122.81502120536,25.667061015790807,WIN,60122.81502120536,0.0
2020-07-30,12.21500015258789,12.396740169525147,2,48.68509529004531,12.337091902594011,60135.15211310795,28.007322337353862,LOSS,60135.15211310795,0.0
2020-07-31,12.392000198364258,12.33715015411377,2,48.471183792979424,48.471183792979424,60183.62329690093,28.018213658991385,WIN,60183.62329690093,0.0
2020-08-03,12.366000175476074,12.515920200347901,2,49.42876645403055,19.444761479665132,60203.068058380595,28.154438561821806,LOSS,60203.068058380595,0.0
2020-08-04,12.331999778747559,12.489660177230835,2,48.58232004932588,17.050240352670578,60220.118298733265,27.757159492934527,LOSS,60220.118298733265,0.0
2020-08-05,12.395000457763672,12.455319776535035,2,47.886736231081336,35.82287247680876,60255.94117121008,27.455722328696034,LOSS,60255.94117121008,0.0
2020-08-06,12.335000038146973,12.518950462341309,2,48.14576120116825,11.355676362301061,60267.296847572376,27.463398772595454,LOSS,60267.296847572376,0.0
2020-08-07,12.33899974822998,12.458350038528442,2,47.8127263579606,23.942668298268288,60291.23951587064,27.409788855283814,LOSS,60291.23951587064,0.0
2020-08-10,12.362000465393066,12.462389745712281,2,47.84054707316624,27.762691009323284,60319.002206879966,27.416391496291467,LOSS,60319.002206879966,0.0
2020-08-11,13.48900032043457,12.485620470046998,2,47.030101958053784,47.030101958053784,60366.03230883802,26.935041622682014,WIN,60366.03230883802,0.0
2020-08-12,13.704000473022461,13.623890323638916,2,67.03382901603831,67.03382901603831,60433.06613785405,34.641514923614416,WIN,60433.06613785405,0.0
2020-08-13,13.699999809265137,13.841040477752685,2,67.10249256243289,38.894358864923234,60471.96049671897,34.158958992092444,LOSS,60471.96049671897,0.0
2020-08-14,14.663000106811523,13.836999807357788,2,66.16764590860116,66.16764590860116,60538.128142627575,33.71707161073768,WIN,60538.128142627575,0.0
2020-08-17,14.383999824523926,14.809630107879638,2,77.38569886243852,-7.740357808703919,60530.38778481887,36.679398790020656,LOSS,60538.128142627575,-0.01278592194074289
2020-08-18,14.314000129699707,14.527839822769165,2,77.20375604934931,34.43581743545772,60564.82360225433,37.272832237528235,LOSS,60564.82360225433,0.0
2020-08-19,14.166999816894531,14.457140130996704,2,77.1033338934443,19.075271073009745,60583.898873327336,37.40004128029486,LOSS,60583.898873327336,0.0
2020-08-20,14.413999557495117,14.308669815063476,2,76.78751844303476,76.78751844303476,60660.686391770374,37.622284635448636,WIN,60660.686391770374,0.0
2020-08-21,14.508000373840332,14.558139553070069,2,77.54075398257798,67.51291813663067,60728.199309907,37.35358661945273,LOSS,60728.199309907,0.0
2020-08-24,14.857999801635742,14.653080377578735,2,76.16750174544075,76.16750174544075,60804.36681165244,36.49695725960076,WIN,60804.36681165244,0.0
2020-08-25,14.696000099182129,15.0065797996521,2,78.22203585692827,16.106095762934146,60820.47290741537,36.59357092576661,LOSS,60820.47290741537,0.0
2020-08-26,14.605999946594238,14.84296010017395,2,78.05322130330391,30.661190587361446,60851.13409800273,36.90145084844596,LOSS,60851.13409800273,0.0
2020-08-27,14.652000427246094,14.75205994606018,2,76.3409669539461,56.32906319112875,60907.46316119386,36.34251794571492,LOSS,60907.46316119386,0.0
2020-08-28,14.689000129699707,14.798520431518554,2,76.30424658855648,54.40018622478706,60961.86334741865,36.21740345093464,LOSS,60961.86334741865,0.0
2020-08-31,14.444000244140625,14.835890130996704,2,76.52413465160855,-1.853842719607286,60960.00950469904,36.22965242331384,LOSS,60961.86334741865,-0.003040987623763861
2020-09-01,14.881999969482422,14.588440246582032,2,76.12899911382279,76.12899911382279,61036.138503812865,36.63319231807506,WIN,61036.138503812865,0.0
2020-09-02,15.0,15.030819969177246,2,78.98483715549092,72.82084332004169,61108.959347132906,36.87644383556764,LOSS,61108.959347132906,0.0
2020-09-03,14.428000450134277,15.15,2,79.57872034071572,-64.82118963242887,61044.13815750048,36.86216072372552,LOSS,61108.959347132906,-0.10607477254555726
2020-09-04,14.218999862670898,14.57228045463562,2,79.80152703131334,9.145408638368863,61053.283566138845,38.35548730746544,LOSS,61108.959347132906,-0.09110903145607747
2020-09-08,13.881999969482422,14.361189861297607,2,79.31792168569949,-16.520056677337536,61036.76350946151,38.668264563896415,LOSS,61108.959347132906,-0.11814280335111423
2020-09-09,14.114999771118164,14.020819969177246,2,78.75871555602235,78.75871555602235,61115.522225017536,39.297532055502884,WIN,61115.522225017536,0.0
2020-09-10,13.972000122070312,14.256149768829346,2,67.910872414153,11.080943062346364,61126.603168079884,33.59470831162899,LOSS,61126.603168079884,0.0
2020-09-11,14.11299991607666,14.111720123291017,2,67.12172783093206,67.12172783093206,61193.72489591082,33.54682994948422,WIN,61193.72489591082,0.0
2020-09-14,14.26200008392334,14.254129915237426,2,67.93419194626449,67.93419194626449,61261.659087857086,33.61014702236322,WIN,61261.659087857086,0.0
2020-09-15,15.574999809265137,14.404620084762573,2,58.02469238898603,58.02469238898603,61319.68378024607,28.68172322642441,WIN,61319.68378024607,0.0
2020-09-16,17.489999771118164,15.730749807357789,2,80.81840977014029,80.81840977014029,61400.50219001621,36.093140110175675,WIN,61400.50219001621,0.0
2020-09-17,16.361000061035156,17.664899768829347,2,113.49994584412232,-147.2799957147158,61253.222194301496,44.694718923894825,LOSS,61400.50219001621,-0.23986773798515015
2020-09-18,15.958999633789062,16.524610061645507,2,112.87729636398129,-0.24478920730769005,61252.977405094185,47.404953751248435,LOSS,61400.50219001621,-0.24026641421511483
2020-09-21,15.215999603271484,16.11858963012695,2,111.18578617015346,-69.33221920093997,61183.64518589325,47.853383033897074,LOSS,61400.50219001621,-0.3531844144398913
2020-09-22,15.425000190734863,15.3681595993042,2,108.97982419989634,108.97982419989634,61292.62501009314,49.144653058605996,WIN,61400.50219001621,-0.1756942957717504
2020-09-23,14.82800006866455,15.579250192642212,2,110.1004211593719,-40.149603636160265,61252.475406456986,48.9832904510269,LOSS,61400.50219001621,-0.24108399488513194
2020-09-24,14.605999946594238,14.976280069351196,2,107.4530754190711,33.39705086767957,61285.872457324665,49.703215701798534,LOSS,61400.50219001621,-0.18669184876827205
2020-09-25,14.61299991607666,14.75205994606018,2,106.06149956674984,78.24949357004579,61364.12195089471,49.80156532579497,LOSS,61400.50219001621,-0.05925071916987503
2020-09-28,15.145999908447266,14.759129915237427,2,106.10671125903957,106.10671125903957,61470.22866215375,49.79902214149092,WIN,61470.22866215375,0.0
2020-09-29,14.968999862670898,15.297459907531739,2,111.29216184734703,45.600152875179006,61515.82881502893,50.3734131427319,LOSS,61515.82881502893,0.0
2020-09-30,15.055999755859375,15.118689861297607,2,109.81393405901585,97.2759129713694,61613.1047280003,50.294919487713805,LOSS,61613.1047280003,0.0
2020-10-01,14.895999908447266,15.206559753417968,2,109.60982996714938,47.49786097300883,61660.60258897331,49.9248626070798,LOSS,61660.60258897331,0.0
2020-10-02,14.645999908447266,15.044959907531739,2,108.538369172263,28.746369355368316,61689.34895832867,49.966318347886514,LOSS,61689.34895832867,0.0
2020-10-05,14.821000099182129,14.792459907531738,2,105.42685555909345,105.42685555909345,61794.77581388777,49.383772985253295,WIN,61794.77581388777,0.0
2020-10-06,15.003999710083008,14.96921010017395,2,106.48417445354823,106.48417445354823,61901.25998834132,49.29344880915394,WIN,61901.25998834132,0.0
2020-10-07,15.309000015258789,15.154039707183838,2,107.04350485095256,107.04350485095256,62008.303493192274,48.9604094625278,WIN,62008.303493192274,0.0
2020-10-08,16.393999099731445,15.462090015411377,2,109.32938375314785,109.32938375314785,62117.63287694542,49.00789510619396,WIN,62117.63287694542,0.0
2020-10-09,16.472999572753906,16.55793909072876,2,121.54704321106871,104.55913961609818,62222.192016561516,50.811024247302846,LOSS,62222.192016561516,0.0
2020-10-12,16.645999908447266,16.637729568481447,2,122.14946233597594,122.14946233597594,62344.34147889749,50.81772989268442,WIN,62344.34147889749,0.0
2020-10-13,16.607999801635742,16.81245990753174,2,123.4320450318926,82.54002385269321,62426.881502750184,50.81763548580488,LOSS,62426.881502750184,0.0
2020-10-14,16.423999786376953,16.7740797996521,2,114.2554025643312,44.23939990930191,62471.12090265949,47.27512481831164,LOSS,62471.12090265949,0.0
2020-10-15,16.597000122070312,16.588239784240724,2,91.0841007170467,91.0841007170467,62562.20500337653,38.45321525783322,WIN,62562.20500337653,0.0
2020-10-16,16.469999313354492,16.762970123291016,2,84.6049574728152,26.010795485510485,62588.215798862046,35.48873388118708,LOSS,62588.215798862046,0.0
2020-10-19,16.413999557495117,16.634699306488038,2,82.74570036611823,38.60575056753407,62626.82154942958,35.00205011676695,LOSS,62626.82154942958,0.0
2020-10-20,16.906999588012695,16.57813955307007,2,77.22918612332019,77.22918612332019,62704.0507355529,32.892424440585216,WIN,62704.0507355529,0.0
2020-10-21,18.104999542236328,17.07606958389282,2,80.87642707295687,80.87642707295687,62784.927162625856,33.41182399958082,WIN,62784.927162625856,0.0
2020-10-22,18.30500030517578,18.28604953765869,2,91.00094180059425,91.00094180059425,62875.92810442645,35.017013558529186,WIN,62875.92810442645,0.0
2020-10-23,18.43000030517578,18.48805030822754,2,90.44074059942861,78.83073998907707,62954.758844415526,34.451345059716736,LOSS,62954.758844415526,0.0
2020-10-26,17.5,18.614300308227538,2,90.81252582535092,-132.04753582015664,62822.71130859537,34.363125604878974,LOSS,62954.758844415526,-0.2097498874493295
2020-10-27,17.558000564575195,17.675,2,92.455064127766,69.05517704280491,62891.766485638174,36.71597303476237,LOSS,62954.758844415526,-0.10005972532279776
2020-10-28,16.21500015258789,17.733580570220948,2,92.0174214763228,-211.69866205028865,62680.06782358789,36.435670726185975,LOSS,62954.758844415526,-0.4363308284708096
2020-10-29,16.195999145507812,16.37715015411377,2,96.67065849725896,60.440456776067265,62740.50828036395,41.2048726543227,LOSS,62954.758844415526,-0.34032465215388413
2020-10-30,16.707000732421875,16.35795913696289,2,96.25290257757683,96.25290257757683,62836.76118294153,41.080526079924404,WIN,62954.758844415526,-0.1874324731599867
2020-11-02,16.656999588012695,16.874070739746095,2,99.51754616617127,56.1033158194913,62892.864498761024,41.1706967726637,LOSS,62954.758844415526,-0.09831559486625292
2020-11-03,17.19499969482422,16.823569583892823,2,99.3278852334024,99.3278852334024,62992.19238399443,41.21365340467226,WIN,62992.19238399443,0.0
2020-11-04,17.253000259399414,17.36694969177246,2,103.54216688583158,80.75228041122209,63072.94466440565,41.600674769284254,LOSS,63072.94466440565,0.0
2020-11-05,18.167999267578125,17.42553026199341,2,103.62069777688423,103.62069777688423,63176.56536218253,41.49688432955153,WIN,63176.56536218253,0.0
2020-11-06,18.562000274658203,18.349679260253907,2,105.60539225945416,105.60539225945416,63282.170754441984,40.21873577870588,WIN,63282.170754441984,0.0
2020-11-09,18.500999450683594,18.747620277404785,2,108.34217002587874,59.01800468164052,63341.18875912362,40.377863710287116,LOSS,63341.18875912362,0.0
2020-11-10,18.61400032043457,18.68600944519043,2,108.11319927514388,93.71137432397218,63434.9001334476,40.423295660568385,LOSS,63434.9001334476,0.0
2020-11-11,19.215999603271484,18.800140323638917,2,108.64763604379759,108.64763604379759,63543.54776949139,40.37855790670804,WIN,63543.54776949139,0.0
2020-11-12,18.694000244140625,19.4081595993042,2,112.7096681991232,-30.12220283359153,63513.4255666578,40.56726740440867,LOSS,63543.54776949139,-0.04740403060726312
2020-11-13,19.226999282836914,18.880940246582032,2,111.79254180614353,111.79254180614353,63625.218108463945,41.326081920667974,WIN,63625.218108463945,0.0
2020-11-16,20.39299964904785,19.419269275665282,2,115.38046119715446,115.38046119715446,63740.5985696611,41.463865521709636,WIN,63740.5985696611,0.0
2020-11-17,20.81999969482422,20.59692964553833,2,126.88442328707067,126.88442328707067,63867.48299294817,42.9256389532744,WIN,63867.48299294817,0.0
2020-11-18,21.29599952697754,21.02819969177246,2,129.0567052565541,129.0567052565541,63996.539698204724,42.77171800509316,WIN,63996.539698204724,0.0
2020-11-19,21.711000442504883,21.508959522247313,2,124.89581685719313,124.89581685719313,64121.435515061916,40.56295063571551,WIN,64121.435515061916,0.0
2020-11-20,22.211000442504883,21.92811044692993,2,127.55963858364669,127.55963858364669,64248.99515364556,40.63300408939644,WIN,64248.99515364556,0.0
2020-11-23,22.076000213623047,22.43311044692993,2,130.88024707477376,59.45820041339704,64308.45335405896,40.747041291661475,LOSS,64308.45335405896,0.0
2020-11-24,24.722999572753906,22.296760215759278,2,122.23677768409232,122.23677768409232,64430.69013174305,38.395644569028306,WIN,64430.69013174305,0.0
2020-11-25,27.027000427246094,24.970229568481447,2,162.05221051394284,162.05221051394284,64592.742342257,45.126606450536215,WIN,64592.742342257,0.0
2020-11-27,27.125999450683594,27.297270431518555,2,166.11325440023649,131.85905823324418,64724.601400490246,42.42451181214765,LOSS,64724.601400490246,0.0
2020-11-30,34.277000427246094,27.39725944519043,2,166.11383235502112,166.11383235502112,64890.715232845265,42.276284608071464,WIN,64890.715232845265,0.0
2020-12-01,32.400001525878906,34.61977043151855,2,328.48285155964624,-115.47092956828317,64775.24430327698,65.1580570765193,LOSS,64890.715232845265,-0.17794676658123365
2020-12-02,32.13199996948242,32.724001541137696,2,321.2948375638866,202.89452323283177,64978.138826509814,67.36277104414046,LOSS,64978.138826509814,0.0
2020-12-03,33.15999984741211,32.453319969177244,2,321.44751862126117,321.44751862126117,65299.58634513107,67.94127601644368,WIN,65299.58634513107,0.0
2020-12-04,32.79999923706055,33.49159984588623,2,330.22892154787866,191.9087997827425,65491.49514491382,67.64153944566854,LOSS,65491.49514491382,0.0
2020-12-07,33.62200164794922,33.127999229431154,2,329.10414354064187,329.10414354064187,65820.59928845445,68.13768700434724,WIN,65820.59928845445,0.0
2020-12-08,28.94499969482422,33.95822166442871,2,337.2598910562559,-665.384502864643,65155.21478558981,68.11959833106849,LOSS,65820.59928845445,-1.0109061753580253
2020-12-09,28.621000289916992,29.23444969177246,2,324.83087950017847,202.14099912908466,65357.35578471889,76.00010286538884,LOSS,65820.59928845445,-0.7037971527810413
2020-12-10,29.033000946044922,28.907210292816163,2,322.3061674980087,322.3061674980087,65679.6619522169,76.25693197619172,WIN,65820.59928845445,-0.21412344731153166
2020-12-11,28.591999053955078,29.323330955505373,2,326.9702642758824,180.70388396582345,65860.36583618273,76.26251003771054,LOSS,65860.36583618273,0.0
2020-12-14,27.952999114990234,28.87791904449463,2,320.74072504823,135.7567391473511,65996.12257533008,75.97033951057251,LOSS,65996.12257533008,0.0
2020-12-15,28.57900047302246,28.232529106140138,2,315.8697005545204,315.8697005545204,66311.99227588461,76.51390977985551,WIN,66311.99227588461,0.0
2020-12-16,29.91200065612793,28.864790477752685,2,321.0727956224105,321.0727956224105,66633.06507150702,76.08094251611968,WIN,66633.06507150702,0.0
2020-12-17,29.780000686645508,30.211120662689208,2,336.89973373339603,250.67573852465605,66883.74081003168,76.26917844320391,LOSS,66883.74081003168,0.0
2020-12-18,30.1200008392334,30.077800693511964,2,336.1441231275544,336.1441231275544,67219.88493315924,76.43156362309495,WIN,67219.88493315924,0.0
2020-12-21,31.760000228881836,30.421200847625734,2,340.0593392411223,340.0593392411223,67559.94427240036,76.44856894005176,WIN,67559.94427240036,0.0
2020-12-22,33.150001525878906,32.077600231170656,2,360.10158894365986,360.10158894365986,67920.04586134401,76.76646102954103,WIN,67920.04586134401,0.0
2020-12-23,33.71799850463867,33.481501541137696,2,375.4419426758121,375.4419426758121,68295.48780401982,76.68270395303595,WIN,68295.48780401982,0.0
2020-12-24,32.26100158691406,34.05517848968506,2,368.09156673292006,9.256186178720156,68304.74399019855,73.97887649423822,LOSS,68304.74399019855,0.0
2020-12-28,37.0,32.5836116027832,2,348.29917323086596,348.29917323086596,68653.04316342942,73.18199860486934,WIN,68653.04316342942,0.0
2020-12-29,36.606998443603516,37.37,2,425.98009057989384,273.3797793005975,68926.42294273002,77.92241798110734,LOSS,68926.42294273002,0.0
2020-12-30,38.99700164794922,36.973068428039554,2,312.47579953251073,312.47579953251073,69238.89874226252,58.231298313881524,WIN,69238.89874226252,0.0
2020-12-31,38.85499954223633,39.386971664428714,2,331.54556313839237,225.15113869991524,69464.04988096244,58.005509624290994,LOSS,69464.04988096244,0.0
2021-01-04,42.52199935913086,39.243549537658694,2,329.98606626468006,329.98606626468006,69794.03594722712,57.94555033816859,WIN,69794.03594722712,0.0
2021-01-05,42.862998962402344,42.947219352722165,2,376.4001872856701,359.55610922170587,70153.59205644883,60.32101203535463,LOSS,70153.59205644883,0.0
2021-01-06,48.05500030517578,43.291628952026365,2,377.9875738354658,377.9875738354658,70531.5796302843,60.10017184738407,WIN,70531.5796302843,0.0
2021-01-07,53.57500076293945,48.53555030822754,2,451.2015021363464,451.2015021363464,70982.78113242064,63.87544478951474,WIN,70982.78113242064,0.0
2021-01-08,53.16400146484375,54.11075077056885,2,445.4192594899899,256.06939834497007,71238.85053076562,56.76277741513783,LOSS,71238.85053076562,0.0
2021-01-11,49.54899978637695,53.69564147949219,2,441.056240080259,-388.2720985427881,70850.57843222283,56.64508162901815,LOSS,71238.85053076562,-0.5450285843327951
2021-01-12,51.42399978637695,50.044489784240724,2,438.1132139082366,438.1132139082366,71288.69164613106,60.25570403368433,WIN,71288.69164613106,0.0
2021-01-13,51.92599868774414,51.93823978424072,2,449.0387009973622,446.590481698046,71735.28212782911,59.52855213409392,LOSS,71735.28212782911,0.0
2021-01-14,63.099998474121094,52.445258674621584,2,446.1549391926177,446.1549391926177,72181.43706702173,58.60284250573746,WIN,72181.43706702173,0.0
2021-01-15,57.80699920654297,63.7309984588623,2,643.3572992328019,-541.4425512310648,71639.99451579066,69.21036622953184,LOSS,72181.43706702173,-0.7501132884460738
2021-01-19,59.22100067138672,58.3850691986084,2,628.1473129388628,628.1473129388628,72268.14182872952,73.64496114154673,WIN,72268.14182872952,0.0
2021-01-20,55.082000732421875,59.81321067810059,2,639.6049008512896,-306.63708828445317,71961.50474044507,73.2085497129692,LOSS,72268.14182872952,-0.4243046528180537
2021-01-21,52.04600143432617,55.632820739746094,2,619.2031101269502,-98.16075095703434,71863.34398948804,76.12663262126125,LOSS,72268.14182872952,-0.5601331776328544
2021-01-22,57.702999114990234,52.566461448669436,2,599.3178886707447,599.3178886707447,72462.66187815879,77.93684915868748,WIN,72462.66187815879,0.0
2021-01-25,57.141998291015625,58.280029106140134,2,678.2429898561207,450.63682683121897,72913.29870499001,79.51686789897124,LOSS,72913.29870499001,0.0
2021-01-26,55.98099899291992,57.71341827392578,2,674.8241330134747,328.3402768123026,73241.63898180232,79.88440399453941,LOSS,73241.63898180232,0.0
2021-01-27,54.0099983215332,56.54080898284912,2,654.9318986195905,148.76976635640682,73390.40874815872,79.15405906975876,LOSS,73390.40874815872,0.0
2021-01-28,57.8380012512207,54.55009830474854,2,608.6772421942131,608.6772421942131,73999.08599035293,76.31339589779353,WIN,73999.08599035293,0.0
2021-01-29,61.73099899291992,58.41638126373291,2,654.2447201975822,654.2447201975822,74653.33071055052,76.59094626866195,WIN,74653.33071055052,0.0
2021-02-01,63.45600128173828,62.34830898284912,2,698.6909853636433,698.6909853636433,75352.02169591417,76.63487033847183,WIN,75352.02169591417,0.0
2021-02-02,68.79199981689453,64.09056129455567,2,715.83155344301,715.83155344301,76067.85324935718,76.38641902966478,WIN,76067.85324935718,0.0
2021-02-03,74.11900329589844,69.47991981506348,2,772.4351147986094,772.4351147986094,76840.2883641558,76.04118846482615,WIN,76840.2883641558,0.0
2021-02-04,76.55899810791016,74.86019332885742,2,838.1289145075805,838.1289145075805,77678.41727866339,76.56584994885961,WIN,77678.41727866339,0.0
2021-02-05,80.5999984741211,77.32458808898926,2,838.394302658395,838.394302658395,78516.81158132179,74.2050160993621,WIN,78516.81158132179,0.0
2021-02-08,104.0999984741211,81.4059984588623,2,857.0684559683727,857.0684559683727,79373.88003729016,72.10592191798071,WIN,79373.88003729016,0.0
2021-02-09,127.29399871826172,105.1409984588623,2,1372.5784135568754,1372.5784135568754,80746.45845084703,80.0,WIN,80746.45845084703,0.0
2021-02-10,97.447998046875,128.56693870544433,2,1756.9857492685564,-4466.8023824453085,76279.65606840172,80.0,LOSS,80746.45845084703,-5.531886435817366
2021-02-11,100.99400329589844,98.42247802734376,2,1568.6375261870542,1568.6375261870542,77848.29359458877,80.0,WIN,80746.45845084703,-3.5892160620548603
2021-02-12,103.43099975585938,102.00394332885742,2,1623.3377205511079,1623.3377205511079,79471.63131513988,80.0,WIN,80746.45845084703,-1.5788025384211473
2021-02-16,95.5,104.46530975341797,2,1569.9104590117222,-223.15149167187155,79248.479823468,80.0,LOSS,80746.45845084703,-1.8551632556007285
2021-02-17,94.18000030517578,96.455,2,1445.1277930856613,990.1278541208179,80238.60767758882,80.0,LOSS,80746.45845084703,-0.6289449506535976
2021-02-18,92.77799987792969,95.12180030822753,2,1430.287058193635,961.5269721340655,81200.13464972288,80.0,LOSS,81200.13464972288,0.0
2021-02-19,96.37200164794922,93.70577987670899,2,1387.438544305497,1387.438544305497,82587.57319402837,80.0,WIN,82587.57319402837,0.0
2021-02-22,87.5999984741211,97.33572166442872,2,1418.557050447158,-528.5875876143668,82058.985606414,80.0,LOSS,82587.57319402837,-0.6400328368682342
2021-02-23,69.12300109863281,88.4759984588623,2,1312.8547638833634,-2557.7447081625355,79501.24089825148,80.0,LOSS,82587.57319402837,-3.737041998468675
2021-02-24,81.76899719238281,69.81423110961914,2,1137.2294619778172,1137.2294619778172,80638.47036022929,80.0,WIN,82587.57319402837,-2.3600437189502252
2021-02-25,73.16100311279297,82.58668716430664,2,1396.2655143954448,-488.8712959072891,80149.599064322,80.0,LOSS,82587.57319402837,-2.9519866432915784
2021-02-26,75.04100036621094,73.8926131439209,2,1273.5267586797297,1273.5267586797297,81423.12582300173,80.0,WIN,82587.57319402837,-1.40995470140639
2021-03-01,78.24400329589844,75.79141036987305,2,1301.862324553559,1301.862324553559,82724.98814755528,80.0,WIN,82724.98814755528,0.0
2021-03-02,74.8499984741211,79.02644332885743,2,1354.1216021536638,518.8326312063975,83243.82077876168,80.0,LOSS,83243.82077876168,0.0
2021-03-03,73.15699768066406,75.59849845886231,2,1302.127005844789,813.8268502051396,84057.64762896682,80.0,LOSS,84057.64762896682,0.0
2021-03-04,64.56600189208984,73.8885676574707,2,1266.0006474496279,-598.5125056265438,83459.13512334028,80.0,LOSS,84057.64762896682,-0.7120262373608078
2021-03-05,62.02399826049805,65.21166191101074,2,1133.324516137185,495.791786034647,83954.92690937493,80.0,LOSS,84057.64762896682,-0.1222027055114624
2021-03-08,62.41899871826172,62.644238243103025,2,1089.2347253329265,1044.1868203646652,84999.11372973959,80.0,LOSS,84999.11372973959,0.0
2021-03-09,71.5989990234375,63.04318870544434,2,1091.4554333069827,1091.4554333069827,86090.56916304657,80.0,WIN,86090.56916304657,0.0
2021-03-10,75.65499877929688,72.31498901367188,2,1129.8866232707185,1129.8866232707185,87220.4557863173,80.0,WIN,87220.4557863173,0.0
2021-03-11,80.375,76.41154876708984,2,1079.7767417908492,1079.7767417908492,88300.23252810814,80.0,WIN,88300.23252810814,0.0
2021-03-12,78.4000015258789,81.17875,2,1032.9713968482854,477.2217020240679,88777.4542301322,80.0,LOSS,88777.4542301322,0.0
2021-03-15,76.9010009765625,79.18400154113769,2,1003.2219774338116,546.6218645187737,89324.07609465098,80.0,LOSS,89324.07609465098,0.0
2021-03-16,72.42900085449219,77.67001098632812,2,981.1749865718859,-67.0270397953011,89257.04905485568,80.0,LOSS,89324.07609465098,-0.07503804430540632
2021-03-17,77.0989990234375,73.15329086303711,2,918.7054817602952,918.7054817602952,90175.75453661598,80.0,WIN,90175.75453661598,0.0
2021-03-18,73.20500183105469,77.86998901367187,2,992.067224861737,59.06978833830067,90234.82432495427,80.0,LOSS,90234.82432495427,0.0
2021-03-19,77.7040023803711,73.93705184936523,2,946.6429620200827,946.6429620200827,91181.46728697435,80.0,WIN,91181.46728697435,0.0
2021-03-22,72.45600128173828,78.4810424041748,2,1011.8057962347756,-193.2024282525282,90988.26485872183,80.0,LOSS,91181.46728697435,-0.21188782545520987
2021-03-23,67.72100067138672,73.18056129455566,2,934.8542785791611,-157.05784605462702,90831.2070126672,80.0,LOSS,91181.46728697435,-0.3841353783053057
2021-03-24,62.15700149536133,68.39821067810058,2,773.5355690160683,-474.7062675317826,90356.50074513542,77.32324081585864,LOSS,91181.46728697435,-0.9047524309326223
2021-03-25,62.090999603271484,62.77857151031494,2,631.5662796893769,494.05189828068575,90850.5526434161,68.9787692387365,LOSS,91181.46728697435,-0.3629187524661868
2021-03-26,62.400001525878906,62.7119095993042,2,603.5121614947091,541.1305468096505,91391.68319022575,66.06168419778103,LOSS,91391.68319022575,0.0
2021-03-29,63.13399887084961,63.02400154113769,2,603.7049204432849,603.7049204432849,91995.38811066904,65.76375328846864,WIN,91995.38811066904,0.0
2021-03-30,65.39800262451172,63.765338859558106,2,603.9613519112036,603.9613519112036,92599.34946258024,65.04664050610134,WIN,92599.34946258024,0.0
2021-03-31,67.87999725341797,66.05198265075684,2,627.2085486496632,627.2085486496632,93226.5580112299,65.20734903296879,WIN,93226.5580112299,0.0
2021-04-01,70.35600280761719,68.55879722595215,2,655.5070148057954,655.5070148057954,93882.0650260357,65.64530848624354,WIN,93882.0650260357,0.0
2021-04-05,72.05500030517578,71.05956283569336,2,631.7441527428543,631.7441527428543,94513.80917877857,61.16340096061814,WIN,94513.80917877857,0.0
2021-04-06,70.45800018310547,72.77555030822754,2,639.4485432290403,175.9385182046267,94689.74769698319,60.47021695245497,LOSS,94689.74769698319,0.0
2021-04-07,65.62000274658203,71.16258018493653,2,628.8622129611128,-479.65327470978696,94210.09442227341,60.806875313909124,LOSS,94689.74769698319,-0.5065524899746485
2021-04-08,69.01200103759766,66.27620277404785,2,524.2596327336234,524.2596327336234,94734.35405500703,54.61567169012832,WIN,94734.35405500703,0.0
2021-04-09,71.0999984741211,69.70212104797363,2,548.8647454982258,548.8647454982258,95283.21880050526,54.37657288614363,WIN,95283.21880050526,0.0
2021-04-12,71.8239974975586,71.8109984588623,2,550.5094229656451,550.5094229656451,95833.7282234709,52.98471246095657,WIN,95833.7282234709,0.0
2021-04-13,84.85399627685547,72.54223747253418,2,555.1084893369003,555.1084893369003,96388.8367128078,52.892006163854205,WIN,96388.8367128078,0.0
2021-04-14,73.55000305175781,85.70253623962402,2,810.094978734828,-1620.411658838414,94768.42505396937,64.91823551684405,LOSS,96388.8367128078,-1.6811196338705332
2021-04-15,74.01499938964844,74.2855030822754,2,755.3817983459737,701.2810598205817,95469.70611378996,69.70300076635196,LOSS,96388.8367128078,-0.9535654027617354
2021-04-16,69.36199951171875,74.75514938354492,2,746.6549474298693,-331.9750269353642,95137.73108685459,68.49634384208802,LOSS,96388.8367128078,-1.297977720885766
2021-04-19,63.75199890136719,70.05561950683594,2,704.2340492484127,-556.4900718453375,94581.24101500925,68.92718517832472,LOSS,96388.8367128078,-1.8753164364710724
2021-04-20,64.6449966430664,64.38951889038086,2,652.0005024194207,652.0005024194207,95233.24151742867,69.4174041070199,WIN,96388.8367128078,-1.1988890361051234
2021-04-21,65.0459976196289,65.29144660949707,2,650.7557468228649,601.6659488492318,95834.9074662779,68.35558715830915,LOSS,96388.8367128078,-0.5746819501311494
2021-04-22,59.81999969482422,65.6964575958252,2,642.4931706538426,-532.7984095463524,95302.10905673156,67.10490004211537,LOSS,96388.8367128078,-1.127441406222345
2021-04-23,61.30400085449219,60.418199691772465,2,590.0219860988157,590.0219860988157,95892.13104283037,67.01077250024721,WIN,96388.8367128078,-0.5153145186899276
2021-04-26,65.88200378417969,61.91704086303711,2,606.3563971301578,606.3563971301578,96498.48743996053,67.19389980960663,WIN,96498.48743996053,0.0
2021-04-27,67.6989974975586,66.54082382202148,2,667.5739795653187,667.5739795653187,97166.06141952585,68.79389873053822,WIN,97166.06141952585,0.0
2021-04-28,68.08200073242188,68.37598747253418,2,687.4198077144353,628.6224596919748,97794.68387921783,68.9340495696062,LOSS,97794.68387921783,0.0
2021-04-29,65.5009994506836,68.76282073974609,2,688.2728226908002,35.908564878301036,97830.59244409614,68.63909043118318,LOSS,97830.59244409614,0.0
2021-04-30,65.71600341796875,66.15600944519043,2,663.2216367758859,575.220431331549,98405.81287542768,68.7442488087917,LOSS,98405.81287542768,0.0
2021-05-03,63.5620002746582,66.37316345214843,2,661.243918974306,99.01128347626013,98504.82415890394,68.32607311198902,LOSS,98504.82415890394,0.0
2021-05-04,61.6879997253418,64.19762027740478,2,640.1141832278231,138.19007281522636,98643.01423171916,68.38269888141213,LOSS,98643.01423171916,0.0
2021-05-05,62.345001220703125,62.30487972259522,2,622.152602202873,622.152602202873,99265.16683392203,68.48037124462925,WIN,99265.16683392203,0.0
2021-05-06,60.90800094604492,62.968451232910155,2,616.3483141632665,204.2582567902199,99469.42509071225,67.16158462444429,LOSS,99469.42509071225,0.0
2021-05-07,62.04600143432617,61.51708095550537,2,594.7673697529893,594.7673697529893,100064.19246046523,66.36072774315132,WIN,100064.19246046523,0.0
2021-05-10,56.94599914550781,62.66646144866944,2,603.8410804092334,-540.2513802230917,99523.94108024213,66.14337433285408,LOSS,100064.19246046523,-0.5399048020464934
2021-05-11,57.69599914550781,57.51545913696289,2,568.8376738514289,568.8376738514289,100092.77875409357,67.84274293359563,WIN,100092.77875409357,0.0
2021-05-12,54.1879997253418,58.27295913696289,2,459.2764335109845,-357.71544881323405,99735.06330528033,54.423560940654006,LOSS,100092.77875409357,-0.35738387250899123
2021-05-13,48.80799865722656,54.729879722595214,2,388.06658309042587,-796.3096299833046,98938.75367529703,49.140018643795834,LOSS,100092.77875409357,-1.1529553811586406
2021-05-14,52.13100051879883,49.29607864379883,2,371.0087629387607,371.0087629387607,99309.76243823579,52.04972996157612,WIN,100092.77875409357,-0.7822905164632113
2021-05-17,48.935001373291016,52.65231052398682,2,413.2138662197864,-330.24796391937446,98979.51447431641,54.19979447099143,LOSS,100092.77875409357,-1.1122323644467957
2021-05-18,48.720001220703125,49.424351387023925,2,380.6137665428425,239.74373327868238,99219.25820759509,53.21751623407502,LOSS,100092.77875409357,-0.8727108562392175
2021-05-19,45.486000061035156,49.20720123291016,2,376.9015820457198,-367.33865232928065,98851.9195552658,52.94056968927669,LOSS,100092.77875409357,-1.2397090122518093
2021-05-20,47.26599884033203,45.94086006164551,2,358.48930869251234,358.48930869251234,99210.40886395832,53.90121515042983,WIN,100092.77875409357,-0.8815519971755809
2021-05-21,45.051998138427734,47.73865882873535,2,367.3576551419052,-169.9744829196186,99040.4343810387,53.179074738192185,LOSS,100092.77875409357,-1.0513689260643313
2021-05-24,47.244998931884766,45.50251811981201,2,349.56997354823693,349.56997354823693,99390.00435458694,53.09389582639117,WIN,100092.77875409357,-0.7021229785549188
2021-05-25,46.96699905395508,47.71744892120361,2,353.9249755428142,203.8350020931074,99593.83935668005,51.321327539871476,LOSS,100092.77875409357,-0.49847691674072037
2021-05-26,48.27899932861328,47.43666904449463,2,345.8820261587776,345.8820261587776,99939.72138283883,50.48192555212804,WIN,100092.77875409357,-0.1529154981607244
2021-05-27,49.3849983215332,48.761789321899414,2,360.568645748242,360.568645748242,100300.29002858707,51.17030828050346,WIN,100300.29002858707,0.0
2021-05-28,47.0,49.87884830474854,2,371.73257764069876,-204.03708330900872,100096.25294527806,51.55923514687881,LOSS,100300.29002858707,-0.20342621467082422
2021-06-01,47.7760009765625,47.47,2,356.49903639803125,356.49903639803125,100452.75198167609,51.94187072889806,WIN,100452.75198167609,0.0
2021-06-02,49.849998474121094,48.253760986328125,2,364.361146448884,364.361146448884,100817.11312812497,52.21544980421763,WIN,100817.11312812497,0.0
2021-06-03,48.86399841308594,50.3484984588623,2,388.97327288269554,92.07326372742261,100909.18639185239,53.38240584184011,LOSS,100909.18639185239,0.0
2021-06-04,48.46699905395508,49.3526383972168,2,380.17837433498624,203.05050568264176,101112.23689753503,53.23333542453745,LOSS,101112.23689753503,0.0
2021-06-07,46.98099899291992,48.95166904449463,2,376.6173392820735,-17.516671032867976,101094.72022650216,53.168887131360535,LOSS,101112.23689753503,-0.017323987254494334
2021-06-08,45.9379997253418,47.45080898284912,2,363.39527525443407,60.83342375296985,101155.55365025513,52.93307197901654,LOSS,101155.55365025513,0.0
2021-06-09,51.29899978637695,46.39737972259522,2,339.9478885446745,339.9478885446745,101495.5015387998,50.71860604145031,WIN,101495.5015387998,0.0
2021-06-10,50.8650016784668,51.81198978424072,2,428.9375871509533,239.53996599616812,101735.04150479597,57.07749640747324,LOSS,101735.04150479597,0.0
2021-06-11,51.64400100708008,51.37365169525147,2,415.1877377034312,415.1877377034312,102150.2292424994,55.761387213404426,WIN,102150.2292424994,0.0
2021-06-14,59.8489990234375,52.16044101715088,2,388.58749703933387,388.58749703933387,102538.81673953873,51.5401352668936,WIN,102538.81673953873,0.0
2021-06-15,63.05400085449219,60.44748901367188,2,522.5048453124851,522.5048453124851,103061.32158485122,59.51731698308903,WIN,103061.32158485122,0.0
2021-06-16,61.981998443603516,63.68454086303711,2,537.9816838598213,197.47319997310302,103258.79478482432,58.205638015670154,LOSS,103258.79478482432,0.0
2021-06-17,63.08100128173828,62.60181842803955,2,531.0490197802811,531.0490197802811,103789.8438046046,58.441876677068485,WIN,103789.8438046046,0.0
2021-06-18,64.64600372314453,63.711811294555666,2,515.2719122694315,515.2719122694315,104305.11571687403,55.80024226132515,WIN,104305.11571687403,0.0
2021-06-21,58.367000579833984,65.29246376037598,2,526.3848206207756,-858.7078154876237,103446.40790138641,55.62930307224016,LOSS,104305.11571687403,-0.8232652920097415
2021-06-22,55.37200164794922,58.950670585632324,2,505.71929130689347,-210.0144962297275,103236.39340515668,59.08134438843515,LOSS,104305.11571687403,-1.0246115968255074
2021-06-23,55.29999923706055,55.925721664428714,2,488.02763961326923,362.8831541396358,103599.27655929631,60.0678432114648,LOSS,104305.11571687403,-0.6767061737351899
2021-06-24,58.1879997253418,55.852999229431155,2,487.0220205904079,487.0220205904079,104086.29857988672,60.023466196556065,WIN,104305.11571687403,-0.20978562315320542
2021-06-25,55.005001068115234,58.76987972259521,2,517.1181539763652,-235.85757691963067,103850.44100296708,60.55338238725406,LOSS,104305.11571687403,-0.43590835481273826
2021-06-28,62.41699981689453,55.55505107879639,2,500.32823779503224,500.32823779503224,104350.76924076212,61.93595871618428,WIN,104350.76924076212,0.0
2021-06-29,66.89900207519531,63.041169815063476,2,604.8117821526272,604.8117821526272,104955.58102291475,65.86362093285699,WIN,104955.58102291475,0.0
2021-06-30,66.44999694824219,67.56799209594726,2,657.8559751072437,434.256945566229,105389.83796848098,66.81419082210193,LOSS,105389.83796848098,0.0
2021-07-01,65.08599853515625,67.11449691772461,2,653.2223563609527,247.5226798472811,105637.36064832826,66.79246184687031,LOSS,105637.36064832826,0.0
2021-07-02,63.56100082397461,65.73685852050781,2,639.9859317722796,204.81439246563968,105842.1750407939,66.80994824133148,LOSS,105842.1750407939,0.0
2021-07-06,63.42900085449219,64.19661083221436,2,627.9730017718146,474.4510062273798,106316.62604702127,67.12029283080057,LOSS,106316.62604702127,0.0
2021-07-07,63.986000061035156,64.06329086303711,2,620.9338852520897,605.4757248516988,106922.10177187297,66.52224924874355,LOSS,106922.10177187297,0.0
2021-07-08,61.84400177001953,64.62586006164551,2,621.6325164484675,65.26085812327153,106987.36262999625,66.03080974922315,LOSS,106987.36262999625,0.0
2021-07-09,62.86600112915039,62.462441787719726,2,575.7376570752403,575.7376570752403,107563.10028707149,63.3478966947628,WIN,107563.10028707149,0.0
2021-07-12,58.86899948120117,63.49466114044189,2,583.9997981431574,-341.1325337049866,107221.9677533665,63.21615022443479,LOSS,107563.10028707149,-0.31714643106656093
2021-07-13,57.987998962402344,59.457689476013186,2,563.2150470839463,269.27694436177774,107491.24469772827,65.05272276171137,LOSS,107563.10028707149,-0.06680319659013864
2021-07-14,56.042999267578125,58.56787895202637,2,479.8174644095926,-25.15847248005622,107466.0862252482,56.501433667159844,LOSS,107563.10028707149,-0.09019269764851146
2021-07-15,54.104000091552734,56.603429260253904,2,456.2848328257227,-43.601000914511246,107422.4852243337,55.623473448627806,LOSS,107563.10028707149,-0.13072797489335194
2021-07-16,52.308998107910156,54.645040092468264,2,442.9216892123522,-24.286707699269357,107398.19851663442,55.9197647161886,LOSS,107563.10028707149,-0.15330700769777258
2021-07-19,49.87200164794922,52.83208808898926,2,428.52503211631506,-163.49225609169298,107234.70626054273,55.95745932319752,LOSS,107563.10028707149,-0.30530360844221976
2021-07-20,50.178001403808594,50.370721664428714,2,409.00629024845784,370.4622381244337,107605.16849866718,56.01655609010493,LOSS,107605.16849866718,0.0
2021-07-21,55.694000244140625,50.679781417846684,2,387.52182751490017,387.52182751490017,107992.69032618207,52.85370759877297,WIN,107992.69032618207,0.0
2021-07-22,55.59400177001953,56.25094024658203,2,465.8909420275071,334.50324671500675,108327.19357289707,57.101780184676876,LOSS,108327.19357289707,0.0
2021-07-23,53.97100067138672,56.149941787719726,2,465.06462769164136,29.276404425039914,108356.46997732211,57.10299279126189,LOSS,108356.46997732211,0.0
2021-07-26,68.25,54.51071067810059,2,445.15003628674543,445.15003628674543,108801.62001360886,56.326295114791165,WIN,108801.62001360886,0.0
2021-07-27,63.06100082397461,68.9325,2,773.738633777434,-400.5612014276451,108401.05881218122,76.7573242043096,LOSS,108801.62001360886,-0.3681573871579662
2021-07-28,64.66500091552734,63.69161083221436,2,691.5883276926957,691.5883276926957,109092.64713987391,74.3109550255893,WIN,109092.64713987391,0.0
2021-07-29,62.500999450683594,65.31165092468262,2,697.1740251647266,135.04373036492052,109227.69087023883,73.08296790940355,LOSS,109227.69087023883,0.0
2021-07-30,62.60100173950195,63.126009445190434,2,676.722499162651,571.7209580249549,109799.4118282638,73.38767578666041,LOSS,109799.4118282638,0.0
2021-08-02,63.77899932861328,63.22701175689697,2,676.702548511268,676.702548511268,110476.11437677506,73.27116378040401,WIN,110476.11437677506,0.0
2021-08-03,62.50600051879883,64.41678932189942,2,688.5744729290896,306.41671230897214,110782.53108908403,73.18177174142753,LOSS,110782.53108908403,0.0
2021-08-04,67.09300231933594,63.13106052398682,2,676.0849422811192,676.0849422811192,111458.61603136515,73.31447959739356,WIN,111458.61603136515,0.0
2021-08-05,71.56199645996094,67.7639323425293,2,739.6555900127518,739.6555900127518,112198.2716213779,74.69035122652187,WIN,112198.2716213779,0.0
2021-08-06,74.87200164794922,72.27761642456055,2,794.4712496720855,794.4712496720855,112992.74287105,75.20314355939439,WIN,112992.74287105,0.0
2021-08-09,76.77300262451172,75.62072166442871,2,835.0701892164018,835.0701892164018,113827.8130602664,75.5434145941432,WIN,113827.8130602664,0.0
2021-08-10,75.04900360107422,77.54073265075684,2,837.5803737862151,339.2345638496914,114167.0476241161,73.93298312891224,LOSS,114167.0476241161,0.0
2021-08-11,74.7490005493164,75.79949363708496,2,820.4082474645645,610.3096299108529,114777.35725402695,74.07720662159868,LOSS,114777.35725402695,0.0
2021-08-12,72.0989990234375,75.49649055480957,2,810.5612945477649,131.06298827335115,114908.4202423003,73.4960689268946,LOSS,114908.4202423003,0.0
2021-08-13,72.80000305175781,72.81998901367187,2,782.0986616192346,778.1014692364226,115686.52171153673,73.52114938609995,LOSS,115686.52171153673,0.0
2021-08-16,69.7509994506836,73.52800308227539,2,781.7347060077317,26.333979689372427,115712.8556912261,72.79718907046876,LOSS,115712.8556912261,0.0
2021-08-17,66.36900329589844,70.44850944519042,2,747.1891432119037,-68.71208664649373,115644.1436045796,72.62602225913139,LOSS,115712.8556912261,-0.05938154947091809
2021-08-18,65.50499725341797,67.03269332885742,2,723.1287339572469,417.58951886935677,116061.73312344895,73.83872603914973,LOSS,116061.73312344895,0.0
2021-08-19,67.6259994506836,66.16004722595216,2,689.1260873835208,689.1260873835208,116750.85921083248,71.35586773410951,WIN,116750.85921083248,0.0
2021-08-20,71.65599822998047,68.30225944519043,2,712.2889442072268,712.2889442072268,117463.14815503971,71.43895347118053,WIN,117463.14815503971,0.0
2021-08-23,71.85099792480469,72.37255821228027,2,755.2830798579166,650.9710223628006,118114.11917740252,71.48945434537013,LOSS,118114.11917740252,0.0
2021-08-24,71.55000305175781,72.56950790405274,2,494.41546709334165,290.5144966343558,118404.63367403687,47.285585905230015,LOSS,118404.63367403687,0.0
2021-08-25,72.6709976196289,72.26550308227539,2,454.1280166999474,454.1280166999474,118858.76169073682,43.75271599282992,WIN,118858.76169073682,0.0
2021-08-26,69.36599731445312,73.3977075958252,2,459.5246693310424,-346.8173869433718,118511.94430379345,43.59631934059179,LOSS,118858.76169073682,-0.2917895004204774
2021-08-27,70.72000122070312,70.05965728759766,2,445.2201260887249,445.2201260887249,118957.16442988218,44.225103329790684,WIN,118957.16442988218,0.0
2021-08-30,70.29900360107422,71.42720123291015,2,454.8333882865629,229.19386191937667,119186.35829180156,44.31140226126236,LOSS,119186.35829180156,0.0
2021-08-31,69.43000030517578,71.00199363708496,2,452.0380025101183,137.63933612828157,119323.99762792984,44.303145624222545,LOSS,119323.99762792984,0.0
2021-09-01,70.25,70.12430030822755,2,444.47016116262324,444.47016116262324,119768.46778909246,44.11452107884957,WIN,119768.46778909246,0.0
2021-09-02,69.57099914550781,70.9525,2,419.79122816691523,143.49105726847762,119911.95884636094,41.29662395343259,LOSS,119911.95884636094,0.0
2021-09-03,71.22599792480469,70.26670913696289,2,386.2878596577741,386.2878596577741,120298.24670601872,38.497092709840416,WIN,120298.24670601872,0.0
2021-09-07,64.8010025024414,71.93825790405273,2,382.66642336453566,-1044.7846569577298,119253.462049061,37.30743180338493,LOSS,120298.24670601872,-0.8684953318654235
2021-09-08,63.86199951171875,65.44901252746583,2,390.22211402075425,72.81951087133916,119326.28155993234,41.60205739458108,LOSS,120298.24670601872,-0.8079628529097702
2021-09-09,64.06199645996094,64.50061950683593,2,383.5326214072913,295.8080120322924,119622.08957196464,41.49486405172438,LOSS,120298.24670601872,-0.5620673223163891
2021-09-10,61.55699920654297,64.70261642456055,2,385.32823602719304,-243.79520757632235,119378.29436438832,41.556246332322544,LOSS,120298.24670601872,-0.764726308836863
2021-09-13,64.2699966430664,62.1725691986084,2,371.5320833456336,371.5320833456336,119749.82644773395,41.69284087814103,WIN,120298.24670601872,-0.45588383314095826
2021-09-14,61.847999572753906,64.91269660949708,2,401.38926101134996,-211.55014633728388,119538.27630139668,43.08041642728493,LOSS,120298.24670601872,-0.6317385543275923
2021-09-15,63.29999923706055,62.46647956848145,2,384.6695293617589,384.6695293617589,119922.94583075843,42.90999969653731,WIN,120298.24670601872,-0.311975349214723
2021-09-16,63.29999923706055,63.932999229431154,2,386.311083100104,259.7110846259826,120182.65691538442,42.13787325944004,LOSS,120298.24670601872,-0.09608601438454585
2021-09-17,61.42900085449219,63.932999229431154,2,385.5434975239863,-115.25617746380698,120067.40073792062,42.05766628594696,LOSS,120298.24670601872,-0.19189470704609493
2021-09-20,58.8390007019043,62.04329086303711,2,371.23526648044873,-269.6227657461133,119797.7779721745,41.744064886564246,LOSS,120298.24670601872,-0.4160232983837636
2021-09-21,58.10200119018555,59.42739070892334,2,337.49577868433175,72.41787493677305,119870.19584711127,39.71078559702771,LOSS,120298.24670601872,-0.3558246862512495
2021-09-22,59.96099853515625,58.6830212020874,2,332.40185746811056,332.40185746811056,120202.59770457938,39.61213670917245,WIN,120298.24670601872,-0.07950988818073053
2021-09-23,61.65700149536133,60.56060852050781,2,353.01952460500956,353.01952460500956,120555.6172291844,40.71330131865823,WIN,120555.6172291844,0.0
2021-09-24,59.93899917602539,62.273571510314945,2,367.5046154893381,-99.40985136857267,120456.20737781582,41.19603684491864,LOSS,120555.6172291844,-0.08245974236073134
2021-09-27,59.474998474121094,60.538389167785645,2,351.236345633177,138.55820690026667,120594.7655847161,40.53081712488839,LOSS,120594.7655847161,0.0
2021-09-28,57.35100173950195,60.06974845886231,2,344.22875031753534,-199.52059355453542,120395.24499116155,40.05387021326068,LOSS,120594.7655847161,-0.16544714240882855
2021-09-29,56.63199996948242,57.924511756896976,2,335.97913657711666,77.47677909420582,120472.72177025575,40.52022838511748,LOSS,120594.7655847161,-0.10120158521690185
2021-09-30,57.84000015258789,57.19831996917725,2,331.7725101427934,331.7725101427934,120804.49428039855,40.52087060593316,WIN,120804.49428039855,0.0
2021-10-01,61.24599838256836,58.41840015411377,2,341.6406634296173,341.6406634296173,121146.13494382816,40.84006393211287,WIN,121146.13494382816,0.0
2021-10-04,60.724998474121094,61.858458366394046,2,386.5807480311797,159.8887695765892,121306.02371340475,43.52076781960042,LOSS,121306.02371340475,0.0
2021-10-05,65.10099792480469,61.3322484588623,2,378.3581594221278,378.3581594221278,121684.38187282688,42.98333160840465,WIN,121684.38187282688,0.0
2021-10-06,67.38099670410156,65.75200790405273,2,394.45368914753436,394.45368914753436,122078.83556197441,41.8484465016026,WIN,122078.83556197441,0.0
2021-10-07,69.27899932861328,68.05480667114257,2,413.3664648117911,413.3664648117911,122492.2020267862,42.34888846782353,WIN,122492.2020267862,0.0
2021-10-08,70.88200378417969,69.97178932189941,2,428.73149864011725,428.73149864011725,122920.93352542631,42.70417173515865,WIN,122920.93352542631,0.0
2021-10-11,73.18000030517578,71.59082382202149,2,427.22896369517366,427.22896369517366,123348.16248912149,41.63825941755054,WIN,123348.16248912149,0.0
2021-10-12,71.06500244140625,73.91180030822754,2,436.07353198975323,-133.28604137450492,123214.87644774698,41.18577317175793,LOSS,123348.16248912149,-0.10805677091968227
2021-10-13,72.62999725341797,71.77565246582031,2,418.5839696684841,418.5839696684841,123633.46041741547,40.73096512533589,WIN,123633.46041741547,0.0
2021-10-14,72.3949966430664,73.35629722595215,2,427.486429179479,235.22631260233078,123868.6867300178,40.70222317876693,LOSS,123868.6867300178,0.0
2021-10-15,74.98500061035156,73.11894660949707,2,426.5108576962284,426.5108576962284,124295.19758771402,40.73946339282847,WIN,124295.19758771402,0.0
2021-10-18,73.96399688720703,75.73485061645508,2,436.2274271439819,82.05668129437277,124377.2542690084,40.250581908841696,LOSS,124377.2542690084,0.0
2021-10-19,72.7249984741211,74.7036368560791,2,413.39281891926396,17.665142527662624,124394.91941153606,38.739722659917526,LOSS,124394.91941153606,0.0
2021-10-20,75.81800079345703,73.4522484588623,2,408.1791565698767,408.1791565698767,124803.09856810594,38.89536036811311,WIN,124803.09856810594,0.0
2021-10-21,73.54299926757812,76.5761808013916,2,429.74400666619914,-176.89230009649606,124626.20626800944,39.26220064350389,LOSS,124803.09856810594,-0.14173710599017633
2021-10-22,71.85199737548828,74.2784292602539,2,426.9711361309714,-58.31524082215259,124567.89102718729,40.17256833132996,LOSS,124803.09856810594,-0.1884629016564813
2021-10-25,74.60199737548828,72.57051734924316,2,414.71225171327796,414.71225171327796,124982.60327890057,39.94782599502048,WIN,124982.60327890057,0.0
2021-10-26,73.48600006103516,75.34801734924316,2,433.70425077871494,61.30079313711326,125043.90407203768,40.224422665086635,LOSS,125043.90407203768,0.0
2021-10-27,71.50199890136719,74.22086006164551,2,415.53972840193615,-128.23250365372837,124915.67156838396,39.173428224965335,LOSS,125043.90407203768,-0.102549984027888
2021-10-28,71.71299743652344,72.21701889038086,2,411.16013916737995,310.35584839589615,125226.02741677985,39.806105895172685,LOSS,125226.02741677985,0.0
2021-10-29,71.50599670410156,72.43012741088867,2,412.26229545703444,227.43615409961234,125453.46357087947,39.79585361640409,LOSS,125453.46357087947,0.0
2021-11-01,73.61199951171875,72.22105667114258,2,394.21783800648785,394.21783800648785,125847.68140888595,38.23679912620801,WIN,125847.68140888595,0.0
2021-11-02,79.41400146484375,74.34811950683594,2,406.6398811801829,406.6398811801829,126254.32129006613,38.30971563331598,WIN,126254.32129006613,0.0
2021-11-03,81.0250015258789,80.20814147949218,2,446.1152464292804,446.1152464292804,126700.43653649541,38.92810421086989,WIN,126700.43653649541,0.0
2021-11-04,80.0,81.8352515411377,2,450.7260601892609,83.67575196172209,126784.11228845714,38.56572176060263,LOSS,126784.11228845714,0.0
2021-11-05,79.7509994506836,80.8,2,445.6452326313194,235.84512276803872,127019.95741122517,38.61707027292702,LOSS,127019.95741122517,0.0
2021-11-08,86.0,80.54850944519043,2,442.90592347024676,442.90592347024676,127462.86333469542,38.504918751915866,WIN,127462.86333469542,0.0
2021-11-09,85.9010009765625,86.86,2,515.6206120138498,323.82080732634995,127786.68414202177,41.42833385885059,LOSS,127786.68414202177,0.0
2021-11-10,81.63400268554688,86.76001098632813,2,503.8402156925013,-521.361444463749,127265.32269755802,40.56694710589545,LOSS,127786.68414202177,-0.40799356205558157
2021-11-11,81.83599853515625,82.45034271240235,2,503.16405418227197,380.29521873305276,127645.61791629107,42.54000744738268,LOSS,127786.68414202177,-0.11039196038134694
2021-11-12,81.1729965209961,82.65435852050781,2,503.8179507303072,207.54555082796332,127853.16346711904,42.492228938302645,LOSS,127853.16346711904,0.0
2021-11-15,79.5,81.98472648620606,2,494.3494642892716,-2.5958329519397694,127850.5676341671,42.05328917798661,LOSS,127853.16346711904,-0.00203032360055918
2021-11-16,75.2020034790039,80.295,2,486.3634522831363,-532.2358519160828,127318.33178225103,42.23654978216156,LOSS,127853.16346711904,-0.4183171306555572
2021-11-17,75.30000305175781,75.95402351379394,2,479.4181989966008,348.6141065893749,127666.9458888404,43.93838227953604,LOSS,127853.16346711904,-0.14564956644700244
2021-11-18,72.73600006103516,76.0530030822754,2,468.74387761256673,-194.65672663548116,127472.28916220492,42.94586756436341,LOSS,127853.16346711904,-0.29789978955981933
2021-11-19,71.83100128173828,73.4633600616455,2,454.47546805223215,128.00371207078786,127600.2928742757,43.099783109935366,LOSS,127853.16346711904,-0.19778203838371694
2021-11-22,69.00199890136719,72.54931129455566,2,446.37520745718024,-263.0872711805152,127337.2056030952,42.874589120049464,LOSS,127853.16346711904,-0.40355502361624374
2021-11-23,69.677001953125,69.69201889038087,2,427.9988474252567,424.9954599740837,127762.20106306928,42.798261854975124,LOSS,127853.16346711904,-0.07114599403177992
2021-11-24,70.08999633789062,70.37377197265626,2,432.221453626801,375.46632667367453,128137.66738974296,42.80165683605216,LOSS,128137.66738974296,0.0
2021-11-26,66.30000305175781,70.79089630126953,2,430.89877868940823,-467.2798712129346,127670.38751853003,42.43507096000694,LOSS,128137.66738974296,-0.3646701869417158
2021-11-29,69.5479965209961,66.96300308227539,2,423.5086808080121,423.5086808080121,128093.89619933804,44.022321722166076,WIN,128137.66738974296,-0.034159503053685855
2021-11-30,72.14299774169922,70.24347648620605,2,459.4834422667903,459.4834422667903,128553.37964160483,45.47052238159181,WIN,128553.37964160483,0.0
2021-12-01,70.5469970703125,72.86442771911621,2,479.7739152121938,16.287785451452294,128569.66742705628,45.75896591679002,LOSS,128569.66742705628,0.0
2021-12-02,68.33599853515625,71.25246704101562,2,430.7283683944768,-152.56533277739732,128417.10209427889,42.15567484211091,LOSS,128569.66742705628,-0.11866355092187536
2021-12-03,63.0989990234375,69.01935852050781,2,416.5028630187969,-767.5690363952647,127649.53305788363,42.08539043585704,LOSS,128569.66742705628,-0.7156698680073096
2021-12-06,59.64699935913086,63.729989013671876,2,409.6094046525863,-406.98852625561705,127242.54453162801,44.708716152501914,LOSS,128569.66742705628,-1.032220835587998
2021-12-07,62.81700134277344,60.243469352722165,2,395.63080660167526,395.63080660167526,127638.17533822969,45.64355623955733,WIN,128569.66742705628,-0.7245037709653185
2021-12-08,63.65399932861328,63.44517135620117,2,395.11002675186916,395.11002675186916,128033.28536498155,43.3747444455165,WIN,128569.66742705628,-0.41719176288531934
2021-12-09,59.1879997253418,64.29053932189942,2,403.7231552653861,-616.7847640461378,127416.50060093541,43.72269498805162,LOSS,128569.66742705628,-0.8969198172462534
2021-12-10,60.08399963378906,59.77987972259522,2,384.78325359570704,384.78325359570704,127801.28385453112,44.77154766177736,WIN,128569.66742705628,-0.5976398538645177
2021-12-13,57.16400146484375,60.68483963012695,2,393.63555861133614,-310.53207444530426,127490.75178008582,45.10481817444193,LOSS,128569.66742705628,-0.839168109058524
2021-12-14,58.03799819946289,57.73564147949219,2,379.3555643843631,379.3555643843631,127870.10734447018,45.666022331300596,WIN,128569.66742705628,-0.5441097395565697
2021-12-15,59.85900115966797,58.61837818145752,2,389.58287148202095,389.58287148202095,128259.6902159522,46.17057771571166,WIN,128569.66742705628,-0.2410966889059934
2021-12-16,56.694000244140625,60.457591171264646,2,402.94657408027257,-349.77161134453166,127909.91860460766,46.29656152583584,LOSS,128569.66742705628,-0.5131450019678414
2021-12-17,57.15800094604492,57.26094024658203,2,388.363390763223,367.77553065580116,128277.69413526346,47.08084172035533,LOSS,128569.66742705628,-0.22709344873935366
2021-12-20,54.638999938964844,57.72958095550537,2,391.28384526398963,-226.8323580441155,128050.86177721934,47.050982478186306,LOSS,128569.66742705628,-0.40352103277492246
2021-12-21,56.75,55.18538993835449,2,378.402031058896,378.402031058896,128429.26380827824,47.57907626106893,WIN,128569.66742705628,-0.10920431046280926
2021-12-22,56.999000549316406,57.3175,2,400.05281341101283,336.3529232742936,128765.61673155252,48.39856747891774,LOSS,128765.61673155252,0.0
2021-12-23,59.72100067138672,57.568990554809574,2,401.0643662430631,401.0643662430631,129166.68109779559,48.31226006701137,WIN,129166.68109779559,0.0
2021-12-27,60.827999114990234,60.318210678100584,2,433.07652671282915,433.07652671282915,129599.75762450842,49.736480775786646,WIN,129599.75762450842,0.0
2021-12-28,56.797000885009766,61.436279106140134,2,433.01418658834245,-494.8414576377312,129104.9161668707,48.85679074789857,LOSS,129599.75762450842,-0.3818228264526836
2021-12-29,55.60900115966797,57.36497089385986,2,406.57475243276104,55.380805594382366,129160.29697246508,49.11950424776833,LOSS,129599.75762450842,-0.3390906434536716
2021-12-30,56.23400115966797,56.16509117126465,2,388.9636613024373,388.9636613024373,129549.26063376751,48.0362857663593,WIN,129599.75762450842,-0.03896380029291119
2021-12-31,54.44900131225586,56.79634117126465,2,394.9873841657847,-74.4805876359735,129474.78004613153,48.2306082399798,LOSS,129599.75762450842,-0.09643349699695054
2022-01-03,55.82600021362305,54.99349132537842,2,382.51915275401814,382.51915275401814,129857.29919888555,48.23906312525843,WIN,129857.29919888555,0.0
2022-01-04,55.106998443603516,56.38426021575928,2,376.50191522720263,121.04956079605046,129978.3487596816,46.379957664705415,LOSS,129978.3487596816,0.0
2022-01-05,50.90999984741211,55.65806842803955,2,360.55924728477106,-589.0544688407167,129389.29429084089,45.048419128470556,LOSS,129978.3487596816,-0.4531943007906795
2022-01-06,49.86199951171875,51.41909984588623,2,338.5416063144398,27.121539480943852,129416.41583032183,45.755573705968175,LOSS,129978.3487596816,-0.4323281028894538
2022-01-07,48.29499816894531,50.36061950683594,2,329.6511779326059,-83.47308964551928,129332.94274067631,45.50068895178093,LOSS,129978.3487596816,-0.49654886768763506
2022-01-10,48.19499969482422,48.777948150634764,2,306.5223315124745,189.93264035036555,129522.87538102668,43.751877631303,LOSS,129978.3487596816,-0.3504224995941812
2022-01-11,50.65599822998047,48.676949691772464,2,303.49543427329854,303.49543427329854,129826.37081529998,43.423564650985135,WIN,129978.3487596816,-0.11692558478536764
2022-01-12,51.4640007019043,51.162558212280274,2,326.93792424320276,326.93792424320276,130153.30873954318,44.460977727282,WIN,130153.30873954318,0.0
2022-01-13,48.95899963378906,51.97864070892334,2,332.274251384141,-271.65396364271515,129881.65477590046,44.47658233412258,LOSS,130153.30873954318,-0.20871844617207555
2022-01-14,49.95600128173828,49.44858963012695,2,316.9783948657485,316.9783948657485,130198.6331707662,44.59513742066895,WIN,130198.6331707662,0.0
2022-01-18,46.827999114990234,50.455561294555665,2,317.9403245618296,-407.57211135125647,129791.06105941495,43.86783889702685,LOSS,130198.6331707662,-0.31303870203974504
2022-01-19,46.04199981689453,47.29627910614014,2,309.1174221465898,58.26156429746794,129849.32262371242,45.43357369441438,LOSS,130198.6331707662,-0.26829048704039415
2022-01-20,45.75299835205078,46.502419815063476,2,299.34736823159744,149.4630756290585,129998.78569934148,44.775386135709226,LOSS,130198.6331707662,-0.153494292956679
2022-01-21,37.5890007019043,46.21052833557129,2,288.5765129689579,-1435.7290137644409,128563.05668557703,43.48991298712056,LOSS,130198.6331707662,-1.2562163252850587
2022-01-24,37.04499816894531,37.96489070892334,2,308.73242231529565,124.75391431968978,128687.81059989672,56.09758864247967,LOSS,130198.6331707662,-1.1603981808994208
2022-01-25,36.505001068115234,37.41544815063477,2,293.48747936149636,111.39806285758993,128799.20866275432,54.17338419796323,LOSS,130198.6331707662,-1.0748380946337779
2022-01-26,35.3650016784668,36.870051078796386,2,285.2831761877833,-15.726703878134629,128783.48195887619,53.46199233789906,LOSS,130198.6331707662,-1.0869171030650735
2022-01-27,31.94499969482422,35.71865169525147,2,272.1928100636178,-482.53759002183176,128300.94436885435,52.67994201026074,LOSS,130198.6331707662,-1.457533582109786
2022-01-28,33.89500045776367,32.26444969177246,2,256.7142997559817,256.7142997559817,128557.65866861034,54.92527393747289,WIN,130198.6331707662,-1.2603623111800184
2022-01-31,36.80099868774414,34.23395046234131,2,284.9158923538992,284.9158923538992,128842.57456096423,57.3706375705003,WIN,130198.6331707662,-1.0415306034921181
2022-02-01,37.29999923706055,37.16900867462158,2,332.5513743717361,332.5513743717361,129175.12593533596,61.541919928612366,WIN,130198.6331707662,-0.7861121200003885
2022-02-02,34.88399887084961,37.672999229431156,2,335.29253217243735,-222.50753954387193,128952.61839579209,61.22839322552642,LOSS,130198.6331707662,-0.9570106418397377
2022-02-03,34.00899887084961,35.23283885955811,2,317.32863623845185,72.56063849675223,129025.17903428884,61.940137675708,LOSS,130198.6331707662,-0.9012799196887726
2022-02-04,39.16400146484375,34.34908885955811,2,303.539247307008,303.539247307008,129328.71828159585,60.80630682391929,WIN,130198.6331707662,-0.6681444098029714
2022-02-07,41.34700012207031,39.55564147949219,2,402.9492807035442,402.9492807035442,129731.6675622994,69.82503952262265,WIN,130198.6331707662,-0.3586563062104851
2022-02-08,42.542999267578125,41.760470123291014,2,431.83127850539194,431.83127850539194,130163.49884080478,70.8523235648333,WIN,130198.6331707662,-0.02698517573171608
2022-02-09,44.65999984741211,42.968429260253906,2,446.44489806966936,446.44489806966936,130609.94373887446,71.18232133770304,WIN,130609.94373887446,0.0
2022-02-10,43.14799880981445,45.10659984588623,2,468.37919246638916,76.65898525203386,130686.6027241265,71.14063813664389,LOSS,130686.6027241265,0.0
2022-02-11,41.10100173950195,43.5794787979126,2,453.2615851556244,-42.43382652650496,130644.16889759999,71.25403907017963,LOSS,130686.6027241265,-0.03246991324434871
2022-02-14,40.94900131225586,41.512011756896975,2,431.56959038964936,318.9675014614263,130963.13639906142,71.22367533586981,LOSS,130963.13639906142,0.0
2022-02-15,43.7239990234375,41.35849132537842,2,428.6345876006498,428.6345876006498,131391.77098666207,71.00739608392534,WIN,131391.77098666207,0.0
2022-02-16,43.49800109863281,44.161239013671874,2,461.1339365854107,328.4863535775983,131720.25734023968,71.52959952752539,LOSS,131720.25734023968,0.0
2022-02-17,40.459999084472656,43.93298110961914,2,458.2883812805239,-236.30802374877322,131483.9493164909,71.4593357129402,LOSS,131720.25734023968,-0.1794014288465737
2022-02-18,39.59700012207031,40.864599075317386,2,434.4257318416668,180.90594119225204,131664.85525768317,72.79092186709829,LOSS,131720.25734023968,-0.04206041172042596
2022-02-22,37.77000045776367,39.992970123291016,2,366.0030964178916,-78.59083668757728,131586.2644209956,62.90928226176421,LOSS,131720.25734023968,-0.10172537007574
2022-02-23,36.50299835205078,38.14770046234131,2,353.3150787542422,24.374656696136014,131610.63907769174,63.64467616267807,LOSS,131720.25734023968,-0.08322050439424229
2022-02-24,39.69599914550781,36.86802833557129,2,343.33317599718407,343.33317599718407,131953.97225368893,63.98354390872141,WIN,131953.97225368893,0.0
2022-02-25,40.5,40.09295913696289,2,384.4357919005143,384.4357919005143,132338.40804558946,65.8281712418983,WIN,132338.40804558946,0.0
2022-02-28,44.29999923706055,40.905,2,368.49601502936554,368.49601502936554,132706.90406061884,61.953269054925215,WIN,132706.90406061884,0.0
2022-03-01,46.472999572753906,44.742999229431156,2,412.7028033421774,412.7028033421774,133119.606863961,63.39139027467547,WIN,133119.606863961,0.0
2022-03-02,45.92900085449219,46.937729568481444,2,423.43172253750004,221.6859797396487,133341.29284370065,62.037152970061626,LOSS,133341.29284370065,0.0
2022-03-03,42.869998931884766,46.388290863037106,2,419.93054953118207,-283.727836699286,133057.56500700137,62.24674809902735,LOSS,133341.29284370065,-0.21278317515029793
2022-03-04,41.0359992980957,43.298698921203616,2,392.6085855526445,-59.931339068938144,132997.63366793242,62.34651203819634,LOSS,133341.29284370065,-0.2577289963515364
2022-03-07,38.89099884033203,41.44635929107666,2,379.2896686514363,-131.78242149748962,132865.85124643493,62.90696301239571,LOSS,133341.29284370065,-0.3565599126318777
2022-03-08,41.0359992980957,39.27990882873535,2,320.5805783780135,320.5805783780135,133186.43182481296,56.29391648193201,WIN,133341.29284370065,-0.11613883110404227
2022-03-09,43.67499923706055,41.44635929107666,2,338.10272619652915,338.10272619652915,133524.53455100948,56.26825499609858,WIN,133524.53455100948,0.0
2022-03-10,42.112998962402344,44.111749229431155,2,368.1374815503752,-31.61257185538699,133492.92197915408,57.52397621389881,LOSS,133524.53455100948,-0.023675478039819762
2022-03-11,39.082000732421875,42.534128952026364,2,352.2075705100687,-338.21807341082916,133154.70390574326,57.0898899673238,LOSS,133524.53455100948,-0.27697579812565304
2022-03-14,36.99300003051758,39.47282073974609,2,335.63592588357955,-160.32821596212295,132994.37568978113,58.575473928339306,LOSS,133524.53455100948,-0.39704977292081045
2022-03-15,39.61399841308594,37.36293003082275,2,318.8891306869552,318.8891306869552,133313.2648204681,58.78887751755866,WIN,133524.53455100948,-0.15822540123566542
2022-03-16,42.87799835205078,40.0101383972168,2,353.2333130501951,353.2333130501951,133666.4981335183,60.75086798098236,WIN,133666.4981335183,0.0
2022-03-17,43.409000396728516,43.30677833557129,2,387.4355320275087,387.4355320275087,134053.9336655458,61.537213534892466,WIN,134053.9336655458,0.0
2022-03-18,45.428001403808594,43.8430904006958,2,392.4412751905504,392.4412751905504,134446.37494073636,61.568866567870955,WIN,134446.37494073636,0.0
2022-03-21,43.64799880981445,45.88228141784668,2,401.40470741573625,-45.45181419070855,134400.92312654565,60.216310258889045,LOSS,134446.37494073636,-0.03380664909020602
2022-03-22,45.994998931884766,44.084478797912595,2,388.86829914586485,388.86829914586485,134789.7914256915,60.69999392299732,WIN,134789.7914256915,0.0
2022-03-23,45.069000244140625,46.454948921203616,2,407.1857528751181,129.99601746251983,134919.78744315403,60.32718781547621,LOSS,134919.78744315403,0.0
2022-03-24,48.391998291015625,45.51969024658203,2,396.3959595441756,396.3959595441756,135316.1834026982,59.94677008069658,WIN,135316.1834026982,0.0
2022-03-25,47.242000579833984,48.875918273925784,2,420.477137943222,93.69359912486209,135409.87700182307,59.24344847203721,LOSS,135409.87700182307,0.0
2022-03-28,51.0,47.714420585632325,2,413.3168699937334,413.3168699937334,135823.1938718168,59.639963929062354,WIN,135823.1938718168,0.0
2022-03-29,52.0,51.51,2,439.7706598444012,439.7706598444012,136262.9645316612,58.8067238295332,WIN,136262.9645316612,0.0
2022-03-30,50.069000244140625,52.52,2,443.70779990785803,-46.49215126401759,136216.47238039717,58.210690239667365,LOSS,136262.9645316612,-0.03411943327653886
2022-03-31,48.63199996948242,50.569690246582034,2,431.75143094708545,44.21337552716295,136260.68575592432,58.80787833414353,LOSS,136262.9645316612,-0.001672336826588496
2022-04-01,49.097999572753906,49.11831996917725,2,407.6823551007324,403.61827581606366,136664.30403174038,57.219617261429434,LOSS,136664.30403174038,0.0
2022-04-04,50.125999450683594,49.58897956848145,2,403.6856447868203,403.6856447868203,137067.9896765272,56.15491657019985,WIN,137067.9896765272,0.0
2022-04-05,48.72800064086914,50.62725944519043,2,399.46724071359273,19.61547984933435,137087.60515637655,54.482959292116746,LOSS,137087.60515637655,0.0
2022-04-06,45.51100158691406,49.21528064727783,2,387.4131620450889,-353.44265002766457,136734.1625063489,54.35901987320482,LOSS,137087.60515637655,-0.2578224702550508
2022-04-07,46.361000061035156,45.9661116027832,2,367.3543564965066,367.3543564965066,137101.5168628454,55.16098638791874,WIN,137101.5168628454,0.0
2022-04-08,45.32400131225586,46.82461006164551,2,370.0351567709229,69.91340689299318,137171.4302697384,54.564593452105726,LOSS,137171.4302697384,0.0
2022-04-11,43.638999938964844,45.77724132537842,2,345.79178513208706,-81.85649215062807,137089.57377758776,52.234521309621165,LOSS,137171.4302697384,-0.059674592580734806
2022-04-12,44.345001220703125,44.07538993835449,2,327.69902475169255,327.69902475169255,137417.27280233946,51.44069769340022,WIN,137417.27280233946,0.0
2022-04-13,46.358001708984375,44.788451232910155,2,320.8235964631489,320.8235964631489,137738.09639880262,49.62440770203587,WIN,137738.09639880262,0.0
2022-04-14,44.91899871826172,46.82158172607422,2,320.45627268945697,-60.060328873043545,137678.03606992957,47.494072964455775,LOSS,137738.09639880262,-0.04360473278151905
2022-04-18,44.5890007019043,45.36818870544434,2,314.3693962156727,158.53179550766419,137836.56786543725,48.06252697333541,LOSS,137836.56786543725,0.0
2022-04-19,47.11399841308594,45.03489070892334,2,305.2554763520203,305.2554763520203,138141.82334178928,47.05315512999043,WIN,138141.82334178928,0.0
2022-04-20,44.90299987792969,47.585138397216795,2,327.0809715118321,-209.34673234558943,137932.4766094437,47.69044677859279,LOSS,138141.82334178928,-0.15154478729270893
2022-04-21,42.7859992980957,45.35202987670898,2,310.81807869170694,-202.38803703094896,137730.08857241273,47.55589822479978,LOSS,138141.82334178928,-0.29805221866649123
2022-04-22,40.90800094604492,43.21385929107666,2,301.88017941022883,-159.2914895961186,137570.7970828166,48.43953994129384,LOSS,138141.82334178928,-0.41336232949513707
2022-04-25,42.79999923706055,41.31708095550537,2,273.955395035155,273.955395035155,137844.75247785175,46.06684753343892,WIN,138141.82334178928,-0.21504773626920531
2022-04-26,39.10100173950195,43.227999229431155,2,294.74740018974484,-530.6520977960956,137314.10038005566,47.32196391114153,LOSS,138141.82334178928,-0.5991834635667633
2022-04-27,38.577999114990234,39.49201175689697,2,264.3253307700667,81.5228023887193,137395.6231824444,46.48487348743218,LOSS,138141.82334178928,-0.5401696179285534
2022-04-28,40.04899978637695,38.96377910614014,2,257.440437713257,257.440437713257,137653.06362015766,45.910609872848525,WIN,138141.82334178928,-0.35381009878690817
2022-04-29,35.41699981689453,40.449489784240725,2,273.3684448870543,-733.1295485821845,136919.93407157547,46.919994057772016,LOSS,138141.82334178928,-0.8845179835151179
2022-05-02,36.590999603271484,35.77116981506348,2,268.52012472422405,268.52012472422405,137188.4541962997,51.91929916010286,WIN,138141.82334178928,-0.690137948397258
2022-05-03,34.34000015258789,36.9569095993042,2,281.5303683589766,-241.85152098428466,136946.6026753154,52.66212844824396,LOSS,138141.82334178928,-0.8652127484351155
2022-05-04,36.64400100708008,34.68340015411377,2,265.9867695070987,265.9867695070987,137212.5894448225,53.0041235423936,WIN,138141.82334178928,-0.6726665932790596
2022-05-05,31.45199966430664,37.01044101715088,2,299.2656413062199,-812.4226292626282,136400.16681555985,55.78980317356235,LOSS,138141.82334178928,-1.260774242077463
2022-05-06,29.423999786376953,31.766519660949708,2,281.3731275504344,-187.13084736411662,136213.03596819573,60.94421567700687,LOSS,138141.82334178928,-1.3962370894883545
2022-05-09,21.905000686645508,29.718239784240723,2,264.34041517665423,-1298.3074043423887,134914.72856385334,61.193739119856914,LOSS,138141.82334178928,-2.3360736812858565
2022-05-10,22.552000045776367,22.124050693511965,2,249.84509473949132,249.84509473949132,135164.57365859282,77.21383260801178,WIN,138141.82334178928,-2.1552123833128856
2022-05-11,16.81999969482422,22.77752004623413,2,260.4708162927423,-931.0332539892402,134233.54040460358,78.16590936142049,LOSS,138141.82334178928,-2.8291815198615513
2022-05-12,17.118000030517578,16.98819969177246,2,221.88338414336766,221.88338414336766,134455.42378874696,80.0,WIN,138141.82334178928,-2.66856152891616
2022-05-13,20.457000732421875,17.289180030822752,2,223.39618485241388,223.39618485241388,134678.81997359937,80.0,WIN,138141.82334178928,-2.5068464310202243
2022-05-16,20.150999069213867,20.661570739746093,2,302.38843988498456,200.2741057785394,134879.09407937792,80.0,LOSS,138141.82334178928,-2.3618692612292698
2022-05-17,22.48699951171875,20.352509059906005,2,297.667169767331,297.667169767331,135176.76124914526,80.0,WIN,138141.82334178928,-2.146389862907692
2022-05-18,19.743999481201172,22.71186950683594,2,341.35666610893554,-252.2173390180178,134924.54391012725,80.0,LOSS,138141.82334178928,-2.3289684136438993
2022-05-19,21.07699966430664,19.941439476013183,2,304.14752912770774,304.14752912770774,135228.69143925497,80.0,WIN,138141.82334178928,-2.108797923802313
2022-05-20,20.274999618530273,21.287769660949706,2,330.25854348254165,127.70453499865505,135356.39597425362,80.0,LOSS,138141.82334178928,-2.0163534114096446
2022-05-23,20.437000274658203,20.477749614715577,2,317.6068154983935,309.45694748691864,135665.85292174053,80.0,LOSS,138141.82334178928,-1.7923394668989727
2022-05-24,19.301000595092773,20.641370277404786,2,317.70751110402824,49.633574641625785,135715.48649638216,80.0,LOSS,138141.82334178928,-1.7564100333350139
2022-05-25,19.812000274658203,19.4940106010437,2,298.64540499632193,298.64540499632193,136014.13190137848,80.0,WIN,138141.82334178928,-1.5402224966630709
2022-05-26,21.610000610351562,20.010120277404784,2,308.0490049261043,308.0490049261043,136322.1809063046,80.0,WIN,138141.82334178928,-1.3172277529467227
2022-05-27,21.93899917602539,21.82610061645508,2,341.6367980936702,341.6367980936702,136663.81770439827,80.0,WIN,138141.82334178928,-1.0699190162954026
2022-05-31,26.4689998626709,22.158389167785646,2,342.09380564641106,342.09380564641106,137005.91151004468,80.0,WIN,138141.82334178928,-0.8222794547413308
2022-06-01,23.81399917602539,26.73368986129761,2,445.176410995172,-138.76172605927172,136867.1497839854,80.0,LOSS,138141.82334178928,-0.922728198432775
2022-06-02,24.445999145507812,24.052139167785644,2,403.88582495368206,403.88582495368206,137271.03560893907,80.0,WIN,138141.82334178928,-0.6303577814343103
2022-06-03,22.722000122070312,24.69045913696289,2,411.6706670346284,17.978864056113025,137289.0144729952,80.0,LOSS,138141.82334178928,-0.6173429944413565
2022-06-06,23.54400062561035,22.949220123291017,2,374.65684937153895,374.65684937153895,137663.67132236672,80.0,WIN,138141.82334178928,-0.3461312496502381
2022-06-07,24.0,23.779440631866454,2,387.2362173800764,387.2362173800764,138050.90753974678,80.0,WIN,138141.82334178928,-0.06581337920924331
2022-06-08,23.288999557495117,24.240000000000002,2,349.89755714178136,159.6974686408044,138210.6050083876,80.0,LOSS,138210.6050083876,0.0
2022-06-09,21.775999069213867,23.521889553070068,2,340.23862990436044,-8.939466866879684,138201.66554152072,80.0,LOSS,138210.6050083876,-0.006468003570584041
2022-06-10,20.336000442504883,21.993759059906004,2,271.80622973904184,-59.745493741182486,138141.92004777954,80.0,LOSS,138210.6050083876,-0.049695868565138086
2022-06-13,15.21500015258789,20.539360446929933,2,258.53556176360087,-806.3364971048078,137335.58355067472,80.0,LOSS,138210.6050083876,-0.6331073202810755
2022-06-14,15.687000274658203,15.36715015411377,2,207.04205014939166,207.04205014939166,137542.6256008241,80.0,WIN,138210.6050083876,-0.48330546525206786
2022-06-15,17.134000778198242,15.843870277404786,2,214.2617649641069,214.2617649641069,137756.88736578822,80.0,WIN,138210.6050083876,-0.3282799048393087
2022-06-16,16.134000778198242,17.305340785980224,2,231.03700976092867,-3.2309917954677303,137753.65637399277,80.0,LOSS,138210.6050083876,-0.330617635576584
2022-06-17,16.760000228881836,16.295340785980226,2,211.85638614433557,211.85638614433557,137965.5127601371,80.0,WIN,138210.6050083876,-0.1773324472717731
2022-06-21,17.895999908447266,16.927600231170654,2,218.11135546892535,218.11135546892535,138183.624115606,80.0,WIN,138210.6050083876,-0.01952157924490547
2022-06-22,17.090999603271484,18.07495990753174,2,235.41174521797709,38.619684365926275,138222.24379997194,80.0,LOSS,138222.24379997194,0.0
2022-06-23,18.83099937438965,17.2619095993042,2,225.75812895990856,225.75812895990856,138448.00192893186,80.0,WIN,138448.00192893186,0.0
2022-06-24,20.54400062561035,19.019309368133545,2,253.44874313766215,253.44874313766215,138701.45067206954,80.0,WIN,138701.45067206954,0.0
2022-06-27,19.67300033569336,20.749440631866456,2,281.17333430438373,65.88527506976442,138767.3359471393,80.0,LOSS,138767.3359471393,0.0
2022-06-28,18.61199951171875,19.869730339050292,2,265.6595897902629,14.113424323954405,138781.44937146327,80.0,LOSS,138781.44937146327,0.0
2022-06-29,17.9689998626709,18.79811950683594,2,252.81010515025056,86.98617631724258,138868.4355477805,80.0,LOSS,138868.4355477805,0.0
2022-06-30,16.43000030517578,18.14868986129761,2,214.95095581169963,-128.78695541266583,138739.64859236786,80.0,LOSS,138868.4355477805,-0.09274026520471608
2022-07-01,16.677000045776367,16.594300308227538,2,195.1110886108212,195.1110886108212,138934.75968097866,80.0,WIN,138934.75968097866,0.0
2022-07-05,18.76799964904785,16.84377004623413,2,197.51350969638193,197.51350969638193,139132.27319067504,80.0,WIN,139132.27319067504,0.0
2022-07-06,18.829999923706055,18.95567964553833,2,232.74445284991856,207.6085084834638,139339.88169915852,80.0,LOSS,139339.88169915852,0.0
2022-07-07,21.951000213623047,19.018299922943115,2,232.32559634410254,232.32559634410254,139572.20729550262,80.0,WIN,139572.20729550262,0.0
2022-07-08,22.128000259399414,22.17051021575928,2,292.46969241631245,283.96770114433946,139856.17499664697,80.0,LOSS,139856.17499664697,0.0
2022-07-11,20.09000015258789,22.349280261993407,2,294.17369758706093,-157.6823242940423,139698.49267235294,80.0,LOSS,139856.17499664697,-0.11274605808274848
2022-07-12,19.25200080871582,20.29090015411377,2,269.97797334840055,62.19810426881037,139760.69077662175,80.0,LOSS,139856.17499664697,-0.06827315277820672
2022-07-13,19.55500030517578,19.444520816802978,2,256.9955891137744,256.9955891137744,140017.6863657355,80.0,WIN,140017.6863657355,0.0
2022-07-14,20.458999633789062,19.750550308227538,2,211.2745627886553,211.2745627886553,140228.96092852417,73.2337776775113,WIN,140228.96092852417,0.0
2022-07-15,21.398000717163086,20.663589630126953,2,221.66000812152214,221.66000812152214,140450.6209366457,73.4337474277092,WIN,140450.6209366457,0.0
2022-07-18,22.562999725341797,21.611980724334718,2,227.1509053877458,227.1509053877458,140677.77184203343,71.98630859058738,WIN,140677.77184203343,0.0
2022-07-19,26.716999053955078,22.788629722595214,2,235.36882935662797,235.36882935662797,140913.14067139005,70.76997991970967,WIN,140913.14067139005,0.0
2022-07-20,28.87700080871582,26.984169044494628,2,307.7551857751673,307.7551857751673,141220.89585716522,77.96278020814438,WIN,141220.89585716522,0.0
2022-07-21,28.97100067138672,29.16577081680298,2,334.0606172370649,295.1065881538128,141516.00244531903,78.28899903542077,LOSS,141516.00244531903,0.0
2022-07-22,28.191999435424805,29.260710678100587,2,329.64947939864925,115.90723086349283,141631.90967618252,77.03361979505084,LOSS,141631.90967618252,0.0
2022-07-25,26.586000442504883,28.473919429779052,2,317.49509277724076,-60.08870467759306,141571.82097150493,76.26161968564313,LOSS,141631.90967618252,-0.04242596517618974
2022-07-26,23.763999938964844,26.851860446929933,2,300.17673634047395,-317.39536525254397,141254.4256062524,76.45274691503042,LOSS,141631.90967618252,-0.2665247335809997
2022-07-27,26.239999771118164,24.001639938354494,2,278.97754014996303,278.97754014996303,141533.40314640236,79.42075473329412,WIN,141631.90967618252,-0.0695510849252697
2022-07-28,27.57200050354004,26.502399768829346,2,310.829121207896,310.829121207896,141844.23226761026,80.0,WIN,141844.23226761026,0.0
2022-07-29,28.606000900268555,27.84772050857544,2,323.98079493333654,323.98079493333654,142168.2130625436,79.49253654096229,WIN,142168.2130625436,0.0
2022-08-01,27.573999404907227,28.89206090927124,2,321.5578993731179,57.94559850031516,142226.1586610439,76.12297097342918,LOSS,142226.1586610439,0.0
2022-08-02,27.826000213623047,27.8497393989563,2,314.54827602980254,309.80043896315215,142535.95910000705,77.22425458375494,LOSS,142535.95910000705,0.0
2022-08-03,31.368000030517578,28.10426021575928,2,306.26983200786873,306.26983200786873,142842.22893201493,74.57310172052408,WIN,142842.22893201493,0.0
2022-08-04,30.930999755859375,31.681680030822754,2,357.97193682636913,207.8358818336933,143050.0648138486,77.25459592660681,LOSS,143050.0648138486,0.0
2022-08-05,31.915000915527344,31.240309753417968,2,328.83113912191965,328.83113912191965,143378.89595297055,72.08948601020177,WIN,143378.89595297055,0.0
2022-08-08,33.000999450683594,32.234150924682616,2,339.2696862337383,339.2696862337383,143718.1656392043,72.08482572634577,WIN,143718.1656392043,0.0
2022-08-09,31.937999725341797,33.33100944519043,2,330.7102924780153,52.10834850828826,143770.27398771257,68.05538668811276,LOSS,143770.27398771257,0.0
2022-08-10,33.58000183105469,32.25737972259522,2,318.2053002991641,318.2053002991641,144088.47928801173,67.67174580035515,WIN,144088.47928801173,0.0
2022-08-11,33.69900131225586,33.91580184936524,2,335.13806356729503,291.77795614541935,144380.25724415714,67.78463852516859,LOSS,144380.25724415714,0.0
2022-08-12,35.284000396728516,34.03599132537842,2,336.8009053062798,336.8009053062798,144717.0581494634,67.87790848535236,WIN,144717.0581494634,0.0
2022-08-15,34.90800094604492,35.6368404006958,2,352.71479183715326,206.94690090697702,144924.00505037038,67.89155381497918,LOSS,144924.00505037038,0.0
2022-08-16,34.263999938964844,35.25708095550537,2,349.78113629602296,151.16493298791715,145075.1699833583,68.04787594013621,LOSS,145075.1699833583,0.0
2022-08-17,32.52000045776367,34.60663993835449,2,297.7028927570944,-119.62500336106933,144955.54497999724,59.240294067988515,LOSS,145075.1699833583,-0.08245725534891887
2022-08-18,32.4379997253418,32.84520046234131,2,280.455766589031,199.0156191891283,145154.56059918637,58.814309381304916,LOSS,145154.56059918637,0.0
2022-08-19,28.299999237060547,32.76237972259521,2,279.8959548268708,-612.5801422800624,144541.9804569063,58.84435952112362,LOSS,145154.56059918637,-0.42201921851533714
2022-08-22,26.80900001525879,28.582999229431152,2,269.177070963877,-85.62277187059567,144456.3576850357,64.68428298626185,LOSS,145154.56059918637,-0.48100652936327937
2022-08-23,26.579999923706055,27.07709001541138,2,254.3342348970605,154.91621655599565,144611.2739015917,64.52117211084429,LOSS,145154.56059918637,-0.3742815212639809
2022-08-24,27.44099998474121,26.845799922943115,2,235.1342265735304,235.1342265735304,144846.40812816523,60.28391180610872,WIN,145154.56059918637,-0.21229265532485458
2022-08-25,27.2810001373291,27.715409984588625,2,228.48414332537394,141.60217387346924,144988.0103020387,56.84505836548175,LOSS,145154.56059918637,-0.11473996852746167
2022-08-26,24.920000076293945,27.553810138702392,2,223.35329854608074,-303.4087139356086,144684.60158810308,55.924067707368195,LOSS,145154.56059918637,-0.32376455079560784
2022-08-29,24.496000289916992,25.169200077056885,2,212.19755343561934,77.55759600764071,144762.15918411073,58.09367056026332,LOSS,145154.56059918637,-0.2703335075769163
2022-08-30,24.023000717163086,24.740960292816162,2,207.41175160860303,63.81983647798785,144825.9790205887,57.77629603019492,LOSS,145154.56059918637,-0.22636669302108103
2022-08-31,23.1560001373291,24.26323072433472,2,203.395894156641,-18.050223244482396,144807.92879734424,57.77329747259241,LOSS,145154.56059918637,-0.2388018677547998
2022-09-01,22.091999053955078,23.387560138702394,2,168.9398452648783,-90.17237168458493,144717.75642565967,50.02793873421113,LOSS,145154.56059918637,-0.30092349267126767
2022-09-02,21.805999755859375,22.312919044494627,2,162.6897625096598,61.3059047826093,144779.06233044228,50.480806961933766,LOSS,145154.56059918637,-0.2586885780192277
2022-09-06,20.424999237060547,22.02405975341797,2,156.90531397162303,-162.90678929986146,144616.15554114242,49.36507596798001,LOSS,145154.56059918637,-0.37091845810524854
2022-09-07,21.861000061035156,20.629249229431153,2,145.2951436712879,145.2951436712879,144761.4506848137,48.823242369861646,WIN,145154.56059918637,-0.2708216074988956
2022-09-08,23.450000762939453,22.079610061645507,2,167.87765953766916,167.87765953766916,144929.32834435135,52.56518431885447,WIN,145154.56059918637,-0.1551671913753723
2022-09-09,26.19700050354004,23.68450077056885,2,185.2524049653554,185.2524049653554,145114.5807493167,54.02409817481039,WIN,145154.56059918637,-0.027542951254609427
2022-09-12,26.29800033569336,26.45897050857544,2,233.08097469761782,200.88694012120163,145315.4676894379,60.620947851399336,LOSS,145315.4676894379,0.0
2022-09-13,23.125,26.560980339050293,2,229.24337095447945,-457.952696855579,144857.51499258232,59.42971001185466,LOSS,145315.4676894379,-0.3151438068756071
2022-09-14,22.599000930786133,23.35625,2,215.2759182772777,63.8261044345044,144921.34109701682,63.346004852540986,LOSS,145315.4676894379,-0.2712213632091802
2022-09-15,21.694000244140625,22.824990940093993,2,210.39832692630273,-15.799812264370956,144905.54128475246,63.351581776440874,LOSS,145315.4676894379,-0.28209413024188784
2022-09-16,20.634000778198242,21.910940246582033,2,201.31393693796647,-54.07395673879171,144851.46732801368,63.150727010998146,LOSS,145315.4676894379,-0.3193055555626552
2022-09-19,20.6200008392334,20.840340785980224,2,192.099662579418,148.03167323005283,144999.49900124373,63.35018050926856,LOSS,145315.4676894379,-0.21743637702040727
2022-09-20,19.65999984741211,20.82620084762573,2,178.71597526297356,-54.52422477975085,144944.974776464,59.09883881515555,LOSS,145315.4676894379,-0.25495765789070673
2022-09-21,19.591999053955078,19.85659984588623,2,169.90794749316055,116.98778910693025,145061.96256557092,58.93479613151707,LOSS,145315.4676894379,-0.17445157621400936
2022-09-22,19.23200035095215,19.78791904449463,2,169.40896016266922,58.22522145417312,145120.1877870251,58.96474080323133,LOSS,145315.4676894379,-0.13438342491534488
2022-09-23,19.145000457763672,19.42432035446167,2,163.8275211297896,107.96354179018988,145228.1513288153,58.115730615527056,LOSS,145315.4676894379,-0.06008745112338912
2022-09-26,20.01799964904785,19.336450462341308,2,163.11844158789725,163.11844158789725,145391.2697704032,58.126795856662255,WIN,145391.2697704032,0.0
2022-09-27,20.60700035095215,20.21817964553833,2,168.19179904472102,168.19179904472102,145559.4615694479,57.34543675000664,WIN,145559.4615694479,0.0
2022-09-28,22.047000885009766,20.81307035446167,2,174.7833627755979,174.7833627755979,145734.24493222352,57.87272635585316,WIN,145734.24493222352,0.0
2022-09-29,21.18199920654297,22.267470893859862,2,193.7974443871572,-23.296893076221437,145710.9480391473,59.91292054200414,LOSS,145734.24493222352,-0.015985874210312848
2022-09-30,21.22599983215332,21.393819198608398,2,186.45248444564982,152.8886111546343,145863.83665030194,59.99366385494567,LOSS,145863.83665030194,0.0
2022-10-03,22.45199966430664,21.438259830474852,2,184.5254652387895,184.5254652387895,146048.36211554072,59.27247959855535,WIN,146048.36211554072,0.0
2022-10-04,24.874000549316406,22.676519660949708,2,198.94032822371457,198.94032822371457,146247.30244376443,60.37923405700974,WIN,146247.30244376443,0.0
2022-10-05,24.2189998626709,25.12274055480957,2,227.30764348190763,46.559505054173115,146293.8619488186,62.21583242071402,LOSS,146293.8619488186,0.0
2022-10-06,24.16699981689453,24.46118986129761,2,218.1040645786826,159.26605569806716,146453.12800451668,61.336989148423,LOSS,146453.12800451668,0.0
2022-10-07,22.030000686645508,24.408669815063476,2,211.57974441261746,-264.1540812709762,146188.9739232457,59.67948509814255,LOSS,146453.12800451668,-0.18036766088248057
2022-10-10,22.065000534057617,22.250300693511964,2,184.23736766383365,147.17733577296437,146336.15125901866,57.087430672392884,LOSS,146453.12800451668,-0.07987316289646595
2022-10-11,21.636999130249023,22.285650539398194,2,184.47014622529184,54.739864395457715,146390.89112341413,57.06946680915329,LOSS,146453.12800451668,-0.04249610913099261
2022-10-12,21.83799934387207,21.853369121551513,2,162.67302941940753,159.59907388351905,146550.49019729765,51.49999490766854,LOSS,146550.49019729765,0.0
2022-10-13,22.054000854492188,22.05637933731079,2,163.68353674677226,163.20784018305164,146713.6980374807,51.348350432385615,LOSS,146713.6980374807,0.0
2022-10-14,20.930999755859375,22.27454086303711,2,162.9096783617109,-105.79854307383616,146607.89949440685,50.6306882631455,LOSS,146713.6980374807,-0.07211224615633365
2022-10-17,22.113000869750977,21.14030975341797,2,154.92674525700258,154.92674525700258,146762.82623966385,50.72944469685779,WIN,146762.82623966385,0.0
2022-10-18,23.5,22.334130878448487,2,167.99505452483137,167.99505452483137,146930.82129418867,52.02144901146731,WIN,146930.82129418867,0.0
2022-10-19,22.607999801635742,23.735,2,178.8195669656769,-46.58047270717455,146884.2408214815,52.102318311000694,LOSS,146930.82129418867,-0.03170231561824712
2022-10-20,22.10099983215332,22.8340797996521,2,175.13789804834622,28.521904548590612,146912.7627260301,53.01099568328323,LOSS,146930.82129418867,-0.01229052420690414
2022-10-21,23.261999130249023,22.322009830474855,2,171.54710669891026,171.54710669891026,147084.30983272902,53.11179205163088,WIN,147084.30983272902,0.0
2022-10-24,23.760000228881836,23.494619121551512,2,183.06950895975925,183.06950895975925,147267.3793416888,53.82571118777785,WIN,147267.3793416888,0.0
2022-10-25,26.868999481201172,23.997600231170654,2,185.25658694926238,185.25658694926238,147452.63592863805,53.34351333975069,WIN,147452.63592863805,0.0
2022-10-26,27.27199935913086,27.137689476013183,2,232.05541540473283,232.05541540473283,147684.69134404277,58.89664180350567,WIN,147684.69134404277,0.0
2022-10-27,27.055999755859375,27.54471935272217,2,230.50306768147956,132.75914830892086,147817.4504923517,57.67599995811002,LOSS,147817.4504923517,0.0
2022-10-28,27.999000549316406,27.326559753417968,2,225.01732796609727,225.01732796609727,148042.4678203178,56.781213123363905,WIN,148042.4678203178,0.0
2022-10-31,26.750999450683594,28.27899055480957,2,233.30529995660024,-72.29292086859519,147970.17489944922,56.8864074798414,LOSS,148042.4678203178,-0.048832555909784796
2022-11-01,25.719999313354492,27.01850944519043,2,224.8879180805778,-34.81410828660947,147935.36079116262,57.37640926298362,LOSS,148042.4678203178,-0.07234885417148394
2022-11-02,24.822999954223633,25.97719930648804,2,203.1346577032584,-27.70521274962286,147907.655578413,54.01111526516315,LOSS,148042.4678203178,-0.09106322252641741
2022-11-03,24.8439998626709,25.07122995376587,2,196.95183940929914,151.50582119030508,148059.1613996033,54.25136151004745,LOSS,148059.1613996033,0.0
2022-11-04,27.709999084472656,25.092439861297606,2,197.08904787974367,197.08904787974367,148256.25044748303,54.24353149276643,WIN,148256.25044748303,0.0
2022-11-07,26.663999557495117,27.98709907531738,2,223.99316112707024,-40.6267424373826,148215.62370504564,55.23842310019084,LOSS,148256.25044748303,-0.027403055395486226
2022-11-08,21.18400001525879,26.93063955307007,2,219.38702376972543,-929.9408837925307,147285.6828212531,56.19326521580228,LOSS,148256.25044748303,-0.6546554518277994
2022-11-09,17.035999298095703,21.395840015411377,2,222.4088781687231,-649.5592652944117,146636.1235559587,71.21499587380433,LOSS,148256.25044748303,-1.0927882545486516
2022-11-10,17.5,17.20635929107666,2,204.497644488829,204.497644488829,146840.62120044752,80.0,WIN,148256.25044748303,-0.9548529945703509
2022-11-11,17.51799964904785,17.675,2,210.68605973537285,179.28598954494302,147019.90718999246,80.0,LOSS,148256.25044748303,-0.8339231929574029
2022-11-14,16.59000015258789,17.69317964553833,2,209.64138399805927,-10.994514592028452,147008.91267540044,80.0,LOSS,148256.25044748303,-0.8413390790052668
2022-11-15,17.152999877929688,16.75590015411377,2,197.17195527007962,197.17195527007962,147206.08463067052,80.0,WIN,148256.25044748303,-0.708345053677528
2022-11-16,16.944000244140625,17.324529876708983,2,201.5810331606894,125.47510664701784,147331.55973731753,79.50302309927778,LOSS,148256.25044748303,-0.6237111132748248
2022-11-17,17.38800048828125,17.11344024658203,2,198.66775084898916,198.66775084898916,147530.2274881665,79.32457422569092,WIN,148256.25044748303,-0.4897081621349298
2022-11-18,17.011999130249023,17.56188049316406,2,204.63957759527628,94.66330501226875,147624.89079317878,79.61593741672174,LOSS,148256.25044748303,-0.4258570228227231
2022-11-21,15.722000122070312,17.182119121551512,2,197.66465447828853,-94.35914541795137,147530.53164776083,78.62457425151425,LOSS,148256.25044748303,-0.4895030041106283
2022-11-22,16.70800018310547,15.879220123291017,2,184.17742235298414,184.17742235298414,147714.7090701138,79.25624103968038,WIN,148256.25044748303,-0.36527389282724226
2022-11-23,17.638999938964844,16.875080184936525,2,185.11414461536737,185.11414461536737,147899.82321472917,75.05439903560486,WIN,148256.25044748303,-0.24041295505454682
2022-11-25,18.299999237060547,17.815389938354492,2,198.68556989499564,198.68556989499564,148098.50878462417,76.27555333444585,WIN,148256.25044748303,-0.10639798482880555
2022-11-28,17.66699981689453,18.48299922943115,2,208.30054557027216,45.10066306294823,148143.6094476871,77.05969488104725,LOSS,148256.25044748303,-0.07597723499410107
2022-11-29,18.200000762939453,17.84366981506348,2,199.2935383834832,199.2935383834832,148342.90298607058,76.38509213569455,WIN,148342.90298607058,0.0
2022-11-30,19.80900001525879,18.382000770568848,2,206.48141990555908,206.48141990555908,148549.38440597613,76.81224131897872,WIN,148549.38440597613,0.0
2022-12-01,19.898000717163086,20.00709001541138,2,232.27288109056374,210.4550214409052,148759.83942741703,79.32895448470093,LOSS,148759.83942741703,0.0
2022-12-02,20.694000244140625,20.096980724334717,2,232.9148246840727,232.9148246840727,148992.7542521011,79.19544192743332,WIN,148992.7542521011,0.0
2022-12-05,19.566999435424805,20.90094024658203,2,243.93872109915281,-22.849441132292554,148969.9048109688,79.74084617412568,LOSS,148992.7542521011,-0.015335941165059892
2022-12-06,19.552000045776367,19.762669429779052,2,219.9681608218396,177.8342840213026,149147.7390949901,76.1287160617112,LOSS,149147.7390949901,0.0
2022-12-07,19.349000930786133,19.747520046234133,2,219.4425593900669,139.7387363004669,149287.47783129057,76.00795041203628,LOSS,149287.47783129057,0.0
2022-12-08,20.256999969482422,19.542490940093995,2,182.64141058724127,182.64141058724127,149470.1192418778,64.20647630817643,WIN,149470.1192418778,0.0
2022-12-09,20.325000762939453,20.459569969177245,2,145.1152443274544,118.20140307989598,149588.3206449577,49.15472181181346,LOSS,149588.3206449577,0.0
2022-12-12,19.615999221801758,20.52825077056885,2,145.15130645190564,-37.2990033015127,149551.0216416562,49.007927938204034,LOSS,149588.3206449577,-0.02493443548312591
2022-12-13,20.180999755859375,19.812159214019776,2,142.5917022335247,142.5917022335247,149693.61334388974,49.85217203586246,WIN,149693.61334388974,0.0
2022-12-14,20.273000717163086,20.38280975341797,2,141.66204407843057,119.70023682745381,149813.3135807172,48.20136873366036,LOSS,149813.3135807172,0.0
2022-12-15,18.799999237060547,20.475730724334717,2,141.46743402400497,-193.67886343082907,149619.63471728636,47.927169528806665,LOSS,149813.3135807172,-0.12928014126493567
2022-12-16,17.375,18.987999229431153,2,139.49446447376343,-183.10538141246727,149436.5293358739,50.849392014514045,LOSS,149813.3135807172,-0.251502510583138
2022-12-19,17.020999908447266,17.548750000000002,2,135.72101838929797,30.171000078750723,149466.70033595266,53.43801500474978,LOSS,149813.3135807172,-0.2313634459315165
2022-12-20,16.885000228881836,17.19120990753174,2,132.89444383119726,71.6525081012166,149538.35284405388,53.414162616701226,LOSS,149813.3135807172,-0.18353558177936488
2022-12-21,16.881999969482422,17.053850231170653,2,124.8981975392315,90.52814520158528,149628.88098925547,50.69774113636671,LOSS,149813.3135807172,-0.12310827859925313
2022-12-22,16.62299919128418,17.050819969177248,2,120.55324624528727,34.989090666673704,149663.87007992214,49.00408165743815,LOSS,149813.3135807172,-0.09975315092041832
2022-12-23,16.267000198364258,16.789229183197023,2,115.04217908669165,10.596382120138685,149674.46646204227,47.54712790509545,LOSS,149813.3135807172,-0.09268009321488921
2022-12-27,14.77400016784668,16.4296702003479,2,110.83873617945952,-220.2952703207845,149454.17119172149,46.8397453177261,LOSS,149813.3135807172,-0.23972661735581138
2022-12-28,13.809000015258789,14.921740169525147,2,107.84015574072887,-114.70787511254281,149339.46331660895,50.05170746846145,LOSS,149813.3135807172,-0.3162938278198763
2022-12-29,13.663000106811523,13.947090015411376,2,102.1456751748301,45.327693454859514,149384.7910100638,50.69804004739256,LOSS,149813.3135807172,-0.28603770947399837
2022-12-30,14.156999588012695,13.799630107879638,2,89.94756228940899,89.94756228940899,149474.7385723532,45.31564785693101,WIN,149813.3135807172,-0.22599794388872366
2023-01-03,14.501999855041504,14.298569583892823,2,95.90241788068988,95.90241788068988,149570.6409902339,46.57839807243908,WIN,149813.3135807172,-0.1619833275715858
2023-01-04,16.506000518798828,14.64701985359192,2,96.46451208373593,96.46451208373593,149667.10550231763,45.76881479136697,WIN,149813.3135807172,-0.09759351482522798
2023-01-05,15.656000137329102,16.671060523986817,2,133.9406135959364,-69.07146373560673,149598.03403858203,55.44468687251484,LOSS,149813.3135807172,-0.14369853852753386
2023-01-06,16.045000076293945,15.812560138702393,2,128.761128782474,128.761128782474,149726.7951673645,56.170502882296226,WIN,149813.3135807172,-0.05775081752402325
2023-01-09,17.500999450683594,16.205450077056884,2,133.06535770450273,133.06535770450273,149859.860525069,56.62600239293704,WIN,149859.860525069,0.0
2023-01-10,19.0,17.67600944519043,2,151.92864231215685,151.92864231215685,150011.78916738115,59.1915933107458,WIN,150011.78916738115,0.0
2023-01-11,19.47599983215332,19.19,2,173.23543345035984,173.23543345035984,150185.0246008315,62.07885859916802,WIN,150185.0246008315,0.0
2023-01-12,21.017000198364258,19.670759830474854,2,176.991340618525,176.991340618525,150362.01594145002,61.88049014885101,WIN,150362.01594145002,0.0
2023-01-13,21.69700050354004,21.2271702003479,2,196.7025292398918,196.7025292398918,150558.71847068993,63.6766021678822,WIN,150558.71847068993,0.0
2023-01-17,23.591999053955078,21.91397050857544,2,203.9323377238386,203.9323377238386,150762.65080841377,63.9404646940936,WIN,150762.65080841377,0.0
2023-01-18,22.118999481201172,23.827919044494628,2,221.0316466019166,-120.75226605677463,150641.898542357,63.74085096356052,LOSS,150762.65080841377,-0.08009428423371719
2023-01-19,22.145000457763672,22.340189476013183,2,204.69993220121862,165.66212855131636,150807.5606709083,62.983903001961465,LOSS,150807.5606709083,0.0
2023-01-20,24.003000259399414,22.36645046234131,2,203.7403182872016,203.7403182872016,151011.3009891955,62.62540951854812,WIN,151011.3009891955,0.0
2023-01-23,25.02199935913086,24.243030261993407,2,225.5831464204718,225.5831464204718,151236.88413561598,63.933983409061476,WIN,151236.88413561598,0.0
2023-01-24,24.75,25.272219352722168,2,235.2203189817163,130.77644843728277,151367.66058405326,63.94997448878616,LOSS,151367.66058405326,0.0
2023-01-25,24.583999633789062,24.9975,2,232.26777619333038,149.56770295114313,151517.2282870044,63.84425085695597,LOSS,151517.2282870044,0.0
2023-01-26,24.531999588012695,24.829839630126955,2,229.35762231828107,169.78961389542917,151687.01790089984,63.480407839270775,LOSS,151687.01790089984,0.0
2023-01-27,25.836000442504883,24.777319583892822,2,211.72400274296118,211.72400274296118,151898.7419036428,58.85679163157995,WIN,151898.7419036428,0.0
2023-01-30,24.569000244140625,26.094360446929933,2,209.83123376814277,-95.24080678971885,151803.50109685308,55.49098066559603,LOSS,151898.7419036428,-0.06270019461394595
2023-01-31,25.17300033569336,24.814690246582032,2,206.61304795789368,206.61304795789368,152010.11414481097,57.394868448304926,WIN,152010.11414481097,0.0
2023-02-01,26.79199981689453,25.424730339050292,2,211.70730530153725,211.70730530153725,152221.8214501125,57.39878814475006,WIN,152221.8214501125,0.0
2023-02-02,29.21299934387207,27.059919815063477,2,226.93909358272336,226.93909358272336,152448.7605436952,57.79770735944645,WIN,152448.7605436952,0.0
2023-02-03,28.47599983215332,29.50512933731079,2,233.343676757216,27.51777572572186,152476.27831942093,54.604686823929036,LOSS,152476.27831942093,0.0
2023-02-06,28.204999923706055,28.760759830474854,2,220.77999588240678,109.62801452864701,152585.9063339496,53.05381183610809,LOSS,152585.9063339496,0.0
2023-02-07,28.386999130249023,28.487049922943115,2,221.57801361210892,201.56785507329067,152787.47418902288,53.733689961526295,LOSS,152787.47418902288,0.0
2023-02-08,27.59600067138672,28.670869121551515,2,216.37491923867157,1.4012292057122693,152788.8754182286,52.188181109566045,LOSS,152788.8754182286,0.0
2023-02-09,24.90399932861328,27.871960678100585,2,207.69161127571488,-385.90065862174583,152402.97475960685,51.55203952571907,LOSS,152788.8754182286,-0.25257117546380187
2023-02-10,24.336999893188477,25.153039321899413,2,208.0795410988527,44.871655356665315,152447.8464149635,57.036133975279924,LOSS,152788.8754182286,-0.2232027707066913
2023-02-13,24.924999237060547,24.580369892120363,2,198.2210576834358,198.2210576834358,152646.06747264694,55.64431998947155,WIN,152788.8754182286,-0.09346750225809305
2023-02-14,27.11400032043457,25.17424922943115,2,202.50905216160368,202.50905216160368,152848.57652480854,55.51132435332121,WIN,152848.57652480854,0.0
2023-02-15,29.84000015258789,27.385140323638915,2,220.42304906035164,220.42304906035164,153068.9995738689,55.54277882752144,WIN,153068.9995738689,0.0
2023-02-16,28.402999877929688,30.13840015411377,2,246.6061274430011,-100.47392779381565,152968.52564607508,56.4343199914692,LOSS,153068.9995738689,-0.06563963184807604
2023-02-17,29.405000686645508,28.687029876708984,2,241.16126279602886,241.16126279602886,153209.6869088711,57.93192453142905,WIN,153209.6869088711,0.0
2023-02-21,26.992000579833984,29.699050693511964,2,241.66990011043598,-299.74012262516,152909.94678624594,56.13261397105331,LOSS,153209.6869088711,-0.19564045111811543
2023-02-22,26.857999801635742,27.261920585632325,2,233.00010786730613,152.2159510679896,153062.16273731392,58.86782091443675,LOSS,153209.6869088711,-0.0962890627437528
2023-02-23,26.575000762939453,27.1265797996521,2,231.60205646153776,121.28624911900863,153183.44898643292,58.808387782865076,LOSS,153209.6869088711,-0.017125498372562956
2023-02-24,25.579999923706055,26.84075077056885,2,229.32538108525026,-22.824788287308706,153160.6241981456,58.84912775774373,LOSS,153209.6869088711,-0.03202324325268091
2023-02-27,25.864999771118164,25.835799922943117,2,223.2249539006311,223.2249539006311,153383.84915204626,59.49189592771272,WIN,153383.84915204626,0.0
2023-02-28,26.226999282836914,26.123649768829345,2,222.04657608955972,222.04657608955972,153605.8957281358,58.55454375446078,WIN,153605.8957281358,0.0
2023-03-01,25.791000366210938,26.489269275665283,2,221.19388808449435,81.54010619362529,153687.43583432943,57.55574371173573,LOSS,153687.43583432943,0.0
2023-03-02,25.288999557495117,26.04891036987305,2,217.46893275641494,65.48677028082861,153752.92260461027,57.54348044463243,LOSS,153752.92260461027,0.0
2023-03-03,24.69099998474121,25.541889553070067,2,207.6601712093165,37.48225754354522,153790.4048621538,56.085093324724156,LOSS,153790.4048621538,0.0
2023-03-06,23.7450008392334,24.93790998458862,2,189.1536530752873,-49.42817599575733,153740.97668615804,52.44289768365826,LOSS,153790.4048621538,-0.03213996090332837
2023-03-07,23.143999099731445,23.98245084762573,2,182.90623815721642,15.215888578359198,153756.1925747364,52.72138055804044,LOSS,153790.4048621538,-0.0222460480860783
2023-03-08,23.27199935913086,23.37543909072876,2,178.71532025594408,158.02737393636366,153914.21994867278,52.846717786531165,LOSS,153914.21994867278,0.0
2023-03-09,21.082000732421875,23.50471935272217,2,179.6617047261705,-304.88201933388837,153609.3379293389,52.83477514773017,LOSS,153914.21994867278,-0.19808567358854984
2023-03-10,19.201000213623047,21.292820739746094,2,171.76514841957658,-246.5989568050329,153362.73897253384,55.66174847717686,LOSS,153914.21994867278,-0.3583041101224051
2023-03-13,22.31599998474121,19.39301021575928,2,154.82265281495629,154.82265281495629,153517.5616253488,55.104693800174914,WIN,153914.21994867278,-0.25771388989025357
2023-03-14,22.94700050354004,22.539159984588622,2,215.02932557385037,215.02932557385037,153732.59095092266,65.50512501433005,WIN,153914.21994867278,-0.11800663889969633
2023-03-15,22.7549991607666,23.176470508575438,2,221.37702414580994,137.08275458404268,153869.6737055067,65.58225784969675,LOSS,153914.21994867278,-0.028942253146551754
2023-03-16,24.107999801635742,22.98254915237427,2,209.61440703051045,209.61440703051045,154079.2881125372,62.701545869737174,WIN,154079.2881125372,0.0
2023-03-17,26.766000747680664,24.3490797996521,2,212.65495786427948,212.65495786427948,154291.9430704015,60.11620551154542,WIN,154291.9430704015,0.0
2023-03-20,26.395999908447266,27.03366075515747,2,252.4272090176808,124.89503967563991,154416.83811007714,64.1507174556363,LOSS,154416.83811007714,0.0
2023-03-21,27.33799934387207,26.65995990753174,2,247.1917817300886,247.1917817300886,154664.02989180724,63.71320272498048,WIN,154664.02989180724,0.0
2023-03-22,24.68600082397461,27.61137933731079,2,248.42322343005742,-336.6524792371788,154327.37741257006,61.87678196831955,LOSS,154664.02989180724,-0.2176669516969642
2023-03-23,26.33300018310547,24.932860832214356,2,236.28871377071778,236.28871377071778,154563.66612634077,65.08254877784958,WIN,154664.02989180724,-0.06489147188048273
2023-03-24,25.66699981689453,26.596330184936523,2,257.7793887648209,71.91331515642256,154635.5794414972,66.52081157663636,LOSS,154664.02989180724,-0.018395001300528038
2023-03-27,23.895999908447266,25.923669815063477,2,250.2507931390418,-155.28318818420038,154480.296253313,66.26079897959832,LOSS,154664.02989180724,-0.1187953259867691
2023-03-28,24.826000213623047,24.134959907531737,2,238.34309879138985,238.34309879138985,154718.6393521044,67.74426911074269,WIN,154718.6393521044,0.0
2023-03-29,28.402999877929688,25.074260215759278,2,249.24345767263782,249.24345767263782,154967.88280977705,68.17704776648975,WIN,154967.88280977705,0.0
2023-03-30,27.92300033569336,28.687029876708984,2,309.80100441020795,156.99509620708312,155124.87790598412,73.91647608824917,LOSS,155124.87790598412,0.0
2023-03-31,29.23200035095215,28.202230339050292,2,304.409296132197,304.409296132197,155429.2872021163,73.87947721786654,WIN,155429.2872021163,0.0
2023-04-03,29.73900032043457,29.524320354461672,2,319.09086478496477,319.09086478496477,155748.37806690126,73.97251805109096,WIN,155748.37806690126,0.0
2023-04-04,29.898000717163086,30.036390323638916,2,321.3817306128999,293.703809317734,156042.081876219,73.2511289451509,LOSS,156042.081876219,0.0
2023-04-05,29.083999633789062,30.19698072433472,2,321.1550383722202,98.55882026308902,156140.64069648206,72.8208406958845,LOSS,156140.64069648206,0.0
2023-04-06,29.010000228881836,29.374839630126953,2,314.4989800097755,241.53109976075208,156382.17179624282,73.29562963352186,LOSS,156382.17179624282,0.0
2023-04-10,31.277999877929688,29.300100231170653,2,298.5577149488617,298.5577149488617,156680.7295111917,69.84341334490168,WIN,156680.7295111917,0.0
2023-04-11,33.23500061035156,31.590779876708986,2,308.13401721993546,308.13401721993546,156988.86352841163,66.93253758312471,WIN,156988.86352841163,0.0
2023-04-12,32.28300094604492,33.56735061645508,2,297.48708541628713,40.61715133425548,157029.48067974587,60.97666181465422,LOSS,157029.48067974587,0.0
2023-04-13,34.071998596191406,32.60583095550537,2,293.0241006721894,293.0241006721894,157322.50478041806,61.808172773419436,WIN,157322.50478041806,0.0
2023-04-14,33.375,34.41271858215332,2,309.9823624745011,102.4386460438376,157424.9434264619,61.94794834271958,LOSS,157424.9434264619,0.0
2023-04-17,31.30299949645996,33.70875,2,303.7896492865444,-177.36045142146384,157247.58297504042,61.97737549619209,LOSS,157424.9434264619,-0.11266350018052775
2023-04-18,32.98500061035156,31.616029491424563,2,278.8781400801004,278.8781400801004,157526.46111512053,60.698679841596565,WIN,157526.46111512053,0.0
2023-04-19,31.472000122070312,33.314850616455075,2,296.01804633550597,-72.55205254144659,157453.9090625791,61.130809891460686,LOSS,157526.46111512053,-0.04605705735267618
2023-04-20,29.47100067138672,31.786720123291015,2,286.8140088996015,-176.32988148125787,157277.57918109786,62.050105380247395,LOSS,157526.46111512053,-0.15799373150444432
2023-04-21,29.101999282836914,29.765710678100586,2,258.9264464326034,126.18416737986908,157403.76334847772,59.883877009192666,LOSS,157526.46111512053,-0.07789025778541811
2023-04-24,28.533000946044922,29.393019275665285,2,250.8080257749727,78.80435985090006,157482.56770832863,58.77554550056729,LOSS,157526.46111512053,-0.027864148334943033
2023-04-25,29.090999603271484,28.81833095550537,2,245.3599301586784,245.3599301586784,157727.9276384873,58.649361358701015,WIN,157727.9276384873,0.0
2023-04-26,29.945999145507812,29.3819095993042,2,239.93305776898254,239.93305776898254,157967.86069625628,56.32447389543067,WIN,157967.86069625628,0.0
2023-04-27,31.86400032043457,30.24545913696289,2,246.17796626962712,246.17796626962712,158214.0386625259,56.146259773927355,WIN,158214.0386625259,0.0
2023-04-28,32.8380012512207,32.182640323638914,2,229.6741520064754,229.6741520064754,158443.7128145324,49.447357764752304,WIN,158443.7128145324,0.0
2023-05-01,30.746999740600586,33.16638126373291,2,236.46611339548224,-247.41019123098232,158196.30262330142,49.40131422396885,LOSS,158443.7128145324,-0.15615021059281708
2023-05-02,32.80099868774414,31.054469738006592,2,228.5139128440904,228.5139128440904,158424.81653614552,50.92977839153607,WIN,158443.7128145324,-0.011926177474139715
2023-05-03,30.424999237060547,33.12900867462158,2,252.03916327878576,-288.76272423342107,158136.0538119121,52.595377873671424,LOSS,158443.7128145324,-0.19417558270704188
2023-05-04,31.224000930786133,30.729249229431154,2,245.25810811852708,245.25810811852708,158381.31192003062,55.09022268670451,WIN,158443.7128145324,-0.03938363560996217
2023-05-05,32.672000885009766,31.536240940093993,2,250.88204745574262,250.88204745574262,158632.19396748635,54.9171797590186,WIN,158632.19396748635,0.0
2023-05-08,29.466999053955078,32.99872089385986,2,265.68936226260234,-440.65500571835423,158191.538961768,55.55949940551075,LOSS,158632.19396748635,-0.2777840958366032
2023-05-09,30.343000411987305,29.761669044494628,2,247.6375093607653,247.6375093607653,158439.17647112877,57.35777126350456,WIN,158632.19396748635,-0.12167611852934844
2023-05-10,31.51099967956543,30.64643041610718,2,249.18339999596796,249.18339999596796,158688.35987112473,56.089974147261884,WIN,158688.35987112473,0.0
2023-05-11,28.73699951171875,31.826109676361085,2,260.4452141455872,-357.3768187828798,158330.98305234185,56.44050765347347,LOSS,158688.35987112473,-0.22520670014682773
2023-05-12,27.100000381469727,29.02436950683594,2,243.80425428186072,-141.0695707913817,158189.91348155047,57.88752527381444,LOSS,158688.35987112473,-0.3141039393053585
2023-05-15,28.25,27.371000385284425,2,233.4346004252035,233.4346004252035,158423.34808197568,58.74632567983505,WIN,158688.35987112473,-0.16700140411324138
2023-05-16,27.3439998626709,28.5325,2,242.1376205823436,4.437593116523516,158427.7856750922,58.464688322004186,LOSS,158688.35987112473,-0.1642049840606829
2023-05-17,29.05699920654297,27.61743986129761,2,229.81055406971288,229.81055406971288,158657.5962291619,57.36127944709753,WIN,158688.35987112473,-0.019386199459004917
2023-05-18,28.757999420166016,29.347569198608397,2,249.22651790573497,131.31256221725863,158788.90879137916,58.50382118042975,LOSS,158788.90879137916,0.0
2023-05-19,28.827999114990234,29.045579414367676,2,240.2422000963334,196.72614022084502,158985.6349316,57.02727034968125,LOSS,158985.6349316,0.0
2023-05-22,29.41200065612793,29.116279106140137,2,240.54132260753138,240.54132260753138,159226.17625420753,56.96173005420029,WIN,159226.17625420753,0.0
2023-05-23,28.933000564575195,29.70612066268921,2,245.2010674945938,90.57704787179111,159316.75330207933,56.913789967017664,LOSS,159316.75330207933,0.0
2023-05-24,28.44300079345703,29.222330570220947,2,241.24994809767242,85.38399274488921,159402.13729482424,56.923435925465185,LOSS,159402.13729482424,0.0
2023-05-25,28.099000930786133,28.727430801391602,2,236.16786526651623,110.4818911454224,159512.61918596967,56.69173545759679,LOSS,159512.61918596967,0.0
2023-05-26,28.510000228881836,28.379990940093993,2,225.6553311585007,225.6553311585007,159738.27451712816,54.88949217991908,WIN,159738.27451712816,0.0
2023-05-30,29.927000045776367,28.795100231170654,2,227.34696647383572,227.34696647383572,159965.62148360198,54.51620396605228,WIN,159965.62148360198,0.0
2023-05-31,30.163000106811523,30.22627004623413,2,236.92484882983695,224.2708609453155,160189.8923445473,54.135682618040526,LOSS,160189.8923445473,0.0
2023-06-01,29.993999481201172,30.46463010787964,2,229.68529881938275,135.5591734836893,160325.45151803098,52.13842992577355,LOSS,160325.45151803098,0.0
2023-06-02,30.21299934387207,30.293939476013183,2,217.90484019095345,201.716813762731,160527.1683317937,49.82435628345273,LOSS,160527.1683317937,0.0
2023-06-05,27.63599967956543,30.515129337310793,2,218.08516129566985,-357.74077025340273,160169.4275615403,49.51551858718948,LOSS,160527.1683317937,-0.2228537225013503
2023-06-06,29.881999969482422,27.912359676361085,2,207.42695467420705,207.42695467420705,160376.85451621452,51.4166465097606,WIN,160527.1683317937,-0.09363761732127046
2023-06-07,29.08099937438965,30.180819969177247,2,220.1079636272822,0.14384466976258636,160376.9983608843,50.49212340061844,LOSS,160527.1683317937,-0.09354800964222965
2023-06-08,29.093000411987305,29.371809368133544,2,213.92566316417137,158.16387193492352,160535.16223281922,50.42793647131139,LOSS,160535.16223281922,0.0
2023-06-09,28.232999801635742,29.383930416107177,2,210.59488331900047,-19.59123957528641,160515.57099324392,49.65060280555984,LOSS,160535.16223281922,-0.012203706217883947
2023-06-12,27.770000457763672,28.5153297996521,2,190.01454338356325,40.94867500587753,160556.5196682498,46.28752145361843,LOSS,160556.5196682498,0.0
2023-06-13,28.381999969482422,28.047700462341307,2,179.93651164655827,179.93651164655827,160736.45617989634,44.629296537018355,WIN,160736.45617989634,0.0
2023-06-14,28.288000106811523,28.665819969177246,2,180.84202049987098,105.27804802672648,160841.73422792307,43.91617802888251,LOSS,160841.73422792307,0.0
2023-06-15,27.79199981689453,28.57088010787964,2,177.49445654470276,21.71839834768133,160863.45262627074,43.27348727038735,LOSS,160863.45262627074,0.0
2023-06-16,29.339000701904297,28.06991981506348,2,165.2348644452494,165.2348644452494,161028.687490716,41.09644153404278,WIN,161028.687490716,0.0
2023-06-20,31.34000015258789,29.63239070892334,2,182.5995546660955,182.5995546660955,161211.28704538208,42.937694209841986,WIN,161211.28704538208,0.0
2023-06-21,33.13100051879883,31.65340015411377,2,206.4312475323527,206.4312475323527,161417.71829291442,45.33902751808605,WIN,161417.71829291442,0.0
2023-06-22,32.722999572753906,33.462310523986815,2,224.73371637928653,76.87152613270473,161494.58981904713,46.63779708328059,LOSS,161494.58981904713,0.0
2023-06-23,32.9109992980957,33.05022956848145,2,221.5306854169335,193.68463133978443,161688.27445038693,46.54977147048977,LOSS,161688.27445038693,0.0
2023-06-26,30.573999404907227,33.240109291076664,2,221.24406707157473,-311.9779101623127,161376.29654022463,46.236376151369825,LOSS,161688.27445038693,-0.1929502378714713
2023-06-27,32.487998962402344,30.8797393989563,2,218.83519487489176,218.83519487489176,161595.13173509954,49.114044110002396,WIN,161688.27445038693,-0.0576063512360478
2023-06-28,32.56100082397461,32.81287895202637,2,239.77770709510372,189.40208148475227,161784.5338165843,50.58866858411858,LOSS,161784.5338165843,0.0
2023-06-29,34.0260009765625,32.88661083221436,2,235.98524039141213,235.98524039141213,162020.51905697573,49.70882547208171,WIN,162020.51905697573,0.0
2023-06-30,34.242000579833984,34.36626098632812,2,250.2808417255246,225.4287604266971,162245.94781740243,50.42380664081751,LOSS,162245.94781740243,0.0
2023-07-03,37.784000396728516,34.58442058563232,2,251.4687034378076,251.4687034378076,162497.41652084023,50.346358839958555,WIN,162497.41652084023,0.0
2023-07-05,37.81100082397461,38.1618404006958,2,299.6433914642159,229.47547611997743,162726.8919969602,54.2261110800619,LOSS,162726.8919969602,0.0
2023-07-06,37.654998779296875,38.189110832214354,2,274.8413082240077,168.01889764051197,162894.91089460073,49.849959672899,LOSS,162894.91089460073,0.0
2023-07-07,38.07400131225586,38.031548767089845,2,262.27052399200767,262.27052399200767,163157.18141859275,47.84099548294866,WIN,163157.18141859275,0.0
2023-07-10,40.770999908447266,38.45474132537842,2,260.4532456125117,260.4532456125117,163417.63466420525,47.018294732960754,WIN,163417.63466420525,0.0
2023-07-11,41.22999954223633,41.17870990753174,2,287.50036250956623,287.50036250956623,163705.13502671482,48.413125097647644,WIN,163705.13502671482,0.0
2023-07-12,41.3489990234375,41.642299537658694,2,283.53929121515927,224.87918837092047,163930.01421508574,47.25841660740935,LOSS,163930.01421508574,0.0
2023-07-13,46.18299865722656,41.762489013671875,2,280.96814323761635,280.96814323761635,164210.98235832335,46.71621496121534,WIN,164210.98235832335,0.0
2023-07-14,45.88600158691406,46.64482864379883,2,343.8141978862054,192.0487865092516,164403.0311448326,51.01267921477013,LOSS,164403.0311448326,0.0
2023-07-17,44.987998962402344,46.344861602783205,2,342.20775295106574,70.83522487489358,164473.8663697075,51.099828400581835,LOSS,164473.8663697075,0.0
2023-07-18,44.58000183105469,45.43787895202637,2,336.06895196762946,164.49352777329364,164638.3598974808,51.181913555807625,LOSS,164638.3598974808,0.0
2023-07-19,45.310001373291016,45.02580184936524,2,333.1881094939849,333.1881094939849,164971.5480069748,51.20668766390319,WIN,164971.5480069748,0.0
2023-07-20,44.08300018310547,45.76310138702392,2,331.5563307529673,-4.463910030723525,164967.08409694408,50.172014256533835,LOSS,164971.5480069748,-0.0027058666083052195
2023-07-21,43.665000915527344,44.52383018493652,2,323.82651106277484,152.0606571809393,165119.144754125,50.35938471473058,LOSS,165119.144754125,0.0
2023-07-24,43.09400177001953,44.101650924682616,2,320.2949565009227,118.76512556830573,165237.90987969332,50.289552348934315,LOSS,165237.90987969332,0.0
2023-07-25,43.68199920654297,43.524941787719726,2,318.24326726064027,318.24326726064027,165556.15314695396,50.6175159541201,WIN,165556.15314695396,0.0
2023-07-26,44.34600067138672,44.1188191986084,2,297.6953538015754,297.6953538015754,165853.84850075553,46.84861438265708,WIN,165853.84850075553,0.0
2023-07-27,42.6150016784668,44.78946067810059,2,295.03247928933587,-139.85932063742257,165713.9891801181,45.77648388736532,LOSS,165853.84850075553,-0.08432684673987752
2023-07-28,43.46099853515625,43.041151695251465,2,292.95346795716705,292.95346795716705,166006.9426480753,47.241265232816474,WIN,166006.9426480753,0.0
2023-07-31,43.78799819946289,43.895608520507814,2,295.55819695405614,274.0361327450715,166280.97878082035,46.75257805750984,LOSS,166280.97878082035,0.0
2023-08-01,43.49800109863281,44.22587818145752,2,297.732137798743,152.15672123380205,166433.13550205415,46.745050556094114,LOSS,166433.13550205415,0.0
2023-08-02,40.733001708984375,43.93298110961914,2,264.66655592188425,-375.3293242050691,166057.8061778491,42.01687943019384,LOSS,166433.13550205415,-0.22551358121858153
2023-08-03,38.99100112915039,41.140331726074216,2,265.12090913570273,-164.74521024906227,165893.06096760003,44.8225755038675,LOSS,166433.13550205415,-0.32449940501628977
2023-08-04,37.696998596191406,39.380911140441896,2,260.4578152899769,-76.32469356012098,165816.7362740399,45.954938805430814,LOSS,166433.13550205415,-0.37035847828910723
2023-08-07,37.082000732421875,38.07396858215332,2,255.12868165649647,56.73511171020746,165873.4713857501,46.53654765453617,LOSS,166433.13550205415,-0.3362696464353639
2023-08-08,38.948001861572266,37.452820739746095,2,235.264047319147,235.264047319147,166108.73543306926,43.73568369511695,WIN,166433.13550205415,-0.19491315116206953
2023-08-09,37.784000396728516,39.33748188018799,2,255.8832719094852,-54.81302478240906,166053.92240828686,45.226842562457364,LOSS,166433.13550205415,-0.2278471126698274
2023-08-10,37.80099868774414,38.1618404006958,2,250.3801823041488,178.2118397138166,166232.1342480007,45.60220950439775,LOSS,166433.13550205415,-0.12076997374779702
2023-08-11,38.430999755859375,38.179008674621585,2,194.3015337954167,194.3015337954167,166426.4357817961,35.76991779370663,WIN,166433.13550205415,-0.0040254725946420895
2023-08-14,38.882999420166016,38.81530975341797,2,200.53965044214337,200.53965044214337,166626.97543223825,36.28622135628082,WIN,166626.97543223825,0.0
2023-08-15,37.6150016784668,39.27182941436767,2,203.98189781508646,-127.38364936508876,166499.59178287318,36.47055815969689,LOSS,166626.97543223825,-0.07644839560619464
2023-08-16,36.96699905395508,37.99115169525147,2,200.05688936660482,-4.773638892673034,166494.8181439805,36.9500785975811,LOSS,166626.97543223825,-0.07931326120211807
2023-08-17,34.67900085449219,37.33666904449463,2,194.17331419791657,-337.3603238025714,166157.45782017792,36.5140081916258,LOSS,166626.97543223825,-0.2817776718579794
2023-08-18,32.86199951171875,35.02579086303711,2,191.30501517469992,-241.4532550889719,165916.00456508895,38.259138297487496,LOSS,166626.97543223825,-0.4266841340095186
2023-08-21,33.525001525878906,33.19061950683594,2,186.73138040934197,186.73138040934197,166102.73594549828,39.35605278949026,WIN,166626.97543223825,-0.314618617651835
2023-08-22,32.95100021362305,33.86025154113769,2,194.2006278452028,12.350362342273627,166115.08630784057,40.08642184477282,LOSS,166626.97543223825,-0.3072066351020407
2023-08-23,34.63999938964844,33.28051021575928,2,188.621614479606,188.621614479606,166303.70792232017,39.63396996050329,WIN,166626.97543223825,-0.19400670814524879
2023-08-24,33.65599822998047,34.98639938354492,2,209.46298986683917,-56.61724084605123,166247.09068147413,41.7674176525574,LOSS,166626.97543223825,-0.2279851445293774
2023-08-25,33.60499954223633,33.99255821228027,2,202.01385591936125,124.50212191057241,166371.5928033847,41.47281614054759,LOSS,166626.97543223825,-0.15326607723093733
2023-08-28,34.4370002746582,33.94104953765869,2,198.8349526734882,198.8349526734882,166570.4277560582,40.9073722861728,WIN,166626.97543223825,-0.03393668764218126
2023-08-29,38.152000427246094,34.78137027740478,2,206.93337048233556,206.93337048233556,166777.36112654052,41.51731829803398,WIN,166777.36112654052,0.0
2023-08-30,37.167999267578125,38.53352043151855,2,272.11759053723347,-0.9866422508522419,166776.37448428967,48.94802735280669,LOSS,166777.36112654052,-0.0005915924344796387
2023-08-31,35.75299835205078,37.539679260253905,2,256.6302399631331,-100.7059416774917,166675.66854261217,47.44089255285212,LOSS,166777.36112654052,-0.06097505275382802
2023-09-01,35.14799880981445,36.11052833557129,2,245.90434355803112,53.39843840666404,166729.06698101884,47.2640530937327,LOSS,166777.36112654052,-0.028957254866885718
2023-09-05,34.92499923706055,35.499478797912595,2,239.7864279476201,124.89051577721057,166853.95749679607,46.895807971858844,LOSS,166853.95749679607,0.0
2023-09-06,35.06999969482422,35.274249229431156,2,237.7809286329743,196.93102171158685,167050.88851850765,46.804115128269565,LOSS,167050.88851850765,0.0
2023-09-07,35.30699920654297,35.42069969177246,2,230.7591584387443,208.01906139284557,167258.9075799005,45.29358100471795,LOSS,167258.9075799005,0.0
2023-09-08,35.62799835205078,35.6600691986084,2,230.61268754518255,224.19851823365934,167483.10609813416,44.97399602437848,LOSS,167483.10609813416,0.0
2023-09-11,34.268001556396484,35.98427833557129,2,233.0836067020994,-110.17174913286166,167372.9343490013,45.04347922439534,LOSS,167483.10609813416,-0.06578081318142412
2023-09-12,34.7760009765625,34.61068157196045,2,226.39442856179733,226.39442856179733,167599.3287775631,45.46968871287565,WIN,167599.3287775631,0.0
2023-09-13,34.183998107910156,35.12376098632812,2,230.07004545671083,42.11746977311765,167641.4462473362,45.53045290740586,LOSS,167641.4462473362,0.0
2023-09-14,34.63999938964844,34.52583808898926,2,224.3648644309994,224.3648644309994,167865.8111117672,45.18436559844454,WIN,167865.8111117672,0.0
2023-09-15,34.077999114990234,34.98639938354492,2,227.60228749570706,45.92223378476979,167911.73334555197,45.23104866648504,LOSS,167911.73334555197,0.0
2023-09-18,34.0620002746582,34.418779106140136,2,213.87540855774745,142.51964226136096,168054.25298781332,43.2834476007028,LOSS,168054.25298781332,0.0
2023-09-19,33.92599868774414,34.402620277404786,2,204.90185719043617,109.5775392583071,168163.83052707164,41.5604038675675,LOSS,168163.83052707164,0.0
2023-09-20,33.34700012207031,34.265258674621585,2,203.09174928441394,19.440038774159518,168183.2705658458,41.367002060454354,LOSS,168183.2705658458,0.0
2023-09-21,32.60599899291992,33.680470123291016,2,199.61932723586483,-15.274898838354034,168167.99566700743,41.36574181145633,LOSS,168183.2705658458,-0.00908229384942775
2023-09-22,32.28099822998047,32.93205898284912,2,188.03931266348866,57.82716208975825,168225.8228290972,39.91646774213978,LOSS,168225.8228290972,0.0
2023-09-25,32.7599983215332,32.60380821228027,2,184.1024589356359,184.1024589356359,168409.92528803283,39.493847205950956,WIN,168409.92528803283,0.0
2023-09-26,31.729999542236328,33.08759830474853,2,187.69758717001588,-83.8221653324249,168326.1031227004,39.66815757640906,LOSS,168409.92528803283,-0.049772699078782165
2023-09-27,31.562999725341797,32.047299537658695,2,182.19599862605585,85.33603616267621,168411.4391588631,39.751491568692074,LOSS,168411.4391588631,0.0
2023-09-28,32.891998291015625,31.878629722595214,2,126.99265134743318,126.99265134743318,168538.43181021052,28.38396852798674,WIN,168538.43181021052,0.0
2023-09-29,32.827999114990234,33.22091827392578,2,144.42422298056096,65.8403911934513,168604.27220140398,30.81406519113474,LOSS,168604.27220140398,0.0
2023-10-02,32.94900131225586,33.15627910614014,2,138.28256815452872,96.82700937767262,168701.09921078166,29.6332283246174,LOSS,168701.09921078166,0.0
2023-10-03,31.132999420166016,33.27849132537842,2,138.08263511197322,-291.0157459305073,168410.08346485114,29.490771983685132,LOSS,168701.09921078166,-0.17250376393037778
2023-10-04,32.040000915527344,31.444329414367676,2,143.17894666069324,143.17894666069324,168553.26241151182,32.19040421456763,WIN,168701.09921078166,-0.08763238648796244
2023-10-05,32.34199905395508,32.360400924682615,2,152.23090322330495,148.55052907779753,168701.81294058962,33.19798347891479,LOSS,168701.81294058962,0.0
2023-10-06,34.0629997253418,32.66541904449463,2,153.95720212733082,153.95720212733082,168855.77014271694,33.257583288473015,WIN,168855.77014271694,0.0
2023-10-09,34.04499816894531,34.40362972259521,2,175.32727450651564,103.60096377653562,168959.37110649346,35.81642224068088,LOSS,168959.37110649346,0.0
2023-10-10,34.04600143432617,34.385448150634765,2,169.40509394994675,101.51575068822805,169060.8868571817,34.68384246986425,LOSS,169060.8868571817,0.0
2023-10-11,33.46099853515625,34.386461448669436,2,168.40043404907806,-16.69214865355923,169044.19470852814,34.487689605662986,LOSS,169060.8868571817,-0.009873453856691656
2023-10-12,32.36000061035156,33.79560852050781,2,165.5292525152643,-121.59232951598571,168922.60237901215,34.492116702663125,LOSS,169060.8868571817,-0.08179566589306074
2023-10-13,31.82200050354004,32.68360061645508,2,163.05507833376095,-9.264944249247435,168913.3374347629,35.09967199384752,LOSS,169060.8868571817,-0.08727590701889074
2023-10-16,32.58000183105469,32.14022050857544,2,160.38664154408386,160.38664154408386,169073.724076307,35.10849129426625,WIN,169073.724076307,0.0
2023-10-17,33.54100036621094,32.90580184936523,2,166.96659783078923,166.96659783078923,169240.6906741378,35.66873195661256,WIN,169240.6906741378,0.0
2023-10-18,32.91400146484375,33.87641036987305,2,175.5899487705554,-16.89183223530449,169223.7988419025,36.398068233530324,LOSS,169240.6906741378,-0.009980952079557808
2023-10-19,34.23500061035156,33.24314147949219,2,172.52830151022772,172.52830151022772,169396.32714341272,36.442428928155515,WIN,169396.32714341272,0.0
2023-10-20,34.80400085449219,34.57735061645508,2,183.2337444275277,183.2337444275277,169579.56088784026,37.17294571628592,WIN,169579.56088784026,0.0
2023-10-23,37.749000549316406,35.15204086303711,2,186.247979585116,186.247979585116,169765.80886742537,37.167018648122564,WIN,169765.80886742537,0.0
2023-10-24,42.48699951171875,38.12649055480957,2,225.87314769827537,225.87314769827537,169991.68201512363,41.34872681912228,WIN,169991.68201512363,0.0
2023-10-25,43.321998596191406,42.911869506835934,2,294.4590020361501,294.4590020361501,170286.14101715977,47.61263608509139,WIN,170286.14101715977,0.0
2023-10-26,41.345001220703125,43.75521858215332,2,298.7633817017011,-183.2800905883376,170102.86092657142,47.38626782312637,LOSS,170286.14101715977,-0.10763065596153212
2023-10-27,40.67599868774414,41.758451232910154,2,294.08050180544217,77.58999277223944,170180.45091934365,48.818277562351355,LOSS,170286.14101715977,-0.06206617707395427
2023-10-30,42.02199935913086,41.08275867462158,2,291.1203836048685,291.1203836048685,170471.57130294852,49.11071644157994,WIN,170471.57130294852,0.0
2023-10-31,42.3390007019043,42.44221935272217,2,301.8459457751994,281.2022156116249,170752.77351856013,49.28262551559799,LOSS,170752.77351856013,0.0
2023-11-01,42.66699981689453,42.76239070892334,2,288.6640774934081,269.5858990876461,171022.3594176478,46.867570048051725,LOSS,171022.3594176478,0.0
2023-11-02,45.362998962402344,43.09366981506348,2,290.5055667759231,290.5055667759231,171312.8649844237,46.806369389050374,WIN,171312.8649844237,0.0
2023-11-03,45.39500045776367,45.81662895202637,2,316.3457501229821,232.02005127044242,171544.88503569414,47.89761307862072,LOSS,171544.88503569414,0.0
2023-11-06,45.9630012512207,45.84895046234131,2,312.74980236161076,312.74980236161076,171857.63483805576,47.341140530772805,WIN,171857.63483805576,0.0
2023-11-07,47.35499954223633,46.42263126373291,2,315.77359876188564,315.77359876188564,172173.40843681764,47.213141829285604,WIN,172173.40843681764,0.0
2023-11-08,47.45000076293945,47.828549537658695,2,325.0085305305714,249.29877558672302,172422.70721240438,47.16728156476449,LOSS,172422.70721240438,0.0
2023-11-09,49.40700149536133,47.92450077056885,2,322.0201250678716,322.0201250678716,172744.72733747226,46.659818491494676,WIN,172744.72733747226,0.0
2023-11-10,50.917999267578125,49.90107151031494,2,325.81343900655645,325.81343900655645,173070.54077647883,45.389622789909716,WIN,173070.54077647883,0.0
2023-11-13,50.487998962402344,51.42717926025391,2,329.2415393029898,141.40547973267695,173211.9462562115,44.540561112195505,LOSS,173211.9462562115,0.0
2023-11-14,48.0,50.992878952026366,2,330.819422153629,-267.75636825164423,172944.18988795986,45.111539053361795,LOSS,173211.9462562115,-0.15458308392630968
2023-11-15,50.595001220703125,48.480000000000004,2,333.06847040729355,333.06847040729355,173277.25835836717,47.66792793709228,WIN,173277.25835836717,0.0
2023-11-16,48.90800094604492,51.100951232910155,2,349.3775256216727,-89.212531751374,173188.0458266158,47.446014873074574,LOSS,173277.25835836717,-0.051485424340489125
2023-11-17,48.62200164794922,49.39708095550537,2,347.13025041134335,192.11438890011243,173380.1602155159,48.7175659977695,LOSS,173380.1602155159,0.0
2023-11-20,50.85300064086914,49.10822166442871,2,347.1829586339879,347.1829586339879,173727.3431741499,49.00087904442306,WIN,173727.3431741499,0.0
2023-11-21,49.30400085449219,51.36153064727783,2,348.62202166498395,-62.883936892144845,173664.45923725775,47.116019527803545,LOSS,173727.3431741499,-0.036196913936058006
2023-11-22,50.78799819946289,49.79704086303711,2,290.4794285935815,290.4794285935815,173954.93866585134,40.74051144114722,WIN,173954.93866585134,0.0
2023-11-24,52.02399826049805,51.29587818145752,2,300.9353299240313,300.9353299240313,174255.87399577536,40.96357588142695,WIN,174255.87399577536,0.0
2023-11-27,49.53799819946289,52.54423824310303,2,293.0097849862969,-308.23822374173113,173947.63577203362,39.024773003307764,LOSS,174255.87399577536,-0.17688828311704782
2023-11-28,50.58700180053711,50.03337818145752,2,292.6008310465833,292.6008310465833,174240.2366030802,40.83968890562418,WIN,174255.87399577536,-0.008973810946268753
2023-11-29,50.709999084472656,51.092871818542484,2,296.7959324916113,220.22138567764574,174460.45798875784,40.57806138006905,LOSS,174460.45798875784,0.0
2023-11-30,49.83000183105469,51.217099075317385,2,297.755973384777,20.336524532237434,174480.79451329008,40.60915860849853,LOSS,174480.79451329008,0.0
2023-12-01,52.768001556396484,50.32830184936523,2,295.92183295067196,295.92183295067196,174776.71634624075,41.05157400518803,WIN,174776.71634624075,0.0
2023-12-04,56.321998596191406,53.29568157196045,2,311.0876198747988,311.0876198747988,175087.80396611555,40.76554178190205,WIN,175087.80396611555,0.0
2023-12-05,57.75,56.88521858215332,2,349.10366884257706,349.10366884257706,175436.90763495813,42.769499568358206,WIN,175436.90763495813,0.0
2023-12-06,56.888999938964844,58.3275,2,358.91579652925606,71.21578432222469,175508.12341928037,42.879552502212576,LOSS,175508.12341928037,0.0
2023-12-07,57.10900115966797,57.45788993835449,2,355.06020091081535,285.28244517351095,175793.40586445387,43.05343301887035,LOSS,175793.40586445387,0.0
2023-12-08,59.93899917602539,57.68009117126465,2,356.30196029331114,356.30196029331114,176149.7078247472,43.038222355116446,WIN,176149.7078247472,0.0
2023-12-11,55.58000183105469,60.538389167785645,2,377.0825720823582,-614.5948952638335,175535.11292948335,43.38299552518046,LOSS,176149.7078247472,-0.3489048621501594
2023-12-12,55.832000732421875,56.13580184936524,2,377.2679245926326,316.50770120396027,175851.6206306873,46.66855692208794,LOSS,176149.7078247472,-0.16922378001129446
2023-12-13,58.599998474121094,56.390320739746095,2,378.1252199520711,378.1252199520711,176229.7458506394,46.56747514472731,WIN,176229.7458506394,0.0
2023-12-14,58.23699951171875,59.18599845886231,2,389.30135065358,199.50156122486845,176429.24741186426,45.712991981828864,LOSS,176429.24741186426,0.0
2023-12-15,57.04100036621094,58.81936950683594,2,378.3334347387131,22.659606613712526,176451.90701847797,44.741184778025485,LOSS,176451.90701847797,0.0
2023-12-18,57.189998626708984,57.61141036987305,2,366.21920517067025,281.93685653785735,176733.84387501582,44.237405328089984,LOSS,176733.84387501582,0.0
2023-12-19,57.130001068115234,57.761898612976076,2,366.32867359237866,239.9491646202104,176973.79303963605,44.139428079714925,LOSS,176973.79303963605,0.0
2023-12-20,57.34700012207031,57.70130107879639,2,359.0210938577636,288.160902512548,177261.9539421486,43.33786833592689,LOSS,177261.9539421486,0.0
2023-12-21,58.19499969482422,57.92047012329102,2,353.10729964594555,353.10729964594555,177615.06124179455,42.498487197449705,WIN,177615.06124179455,0.0
2023-12-22,61.92399978637695,58.77694969177246,2,355.9337267619118,355.9337267619118,177970.99496855645,42.22627090282609,WIN,177970.99496855645,0.0
2023-12-26,60.388999938964844,62.543239784240725,2,394.48728487505167,-36.36068418012468,177934.6342843763,43.908187713338876,LOSS,177970.99496855645,-0.020430679834408747
2023-12-27,67.07099914550781,60.992889938354494,2,373.3276040998893,373.3276040998893,178307.9618884762,42.661637349286494,WIN,178307.9618884762,0.0
2023-12-28,66.78800201416016,67.7417091369629,2,467.4638959014111,276.7224713408631,178584.68435981704,47.871392212900396,LOSS,178584.68435981704,0.0
2023-12-29,63.1619987487793,67.45588203430175,2,466.55519540576904,-392.2214616987219,178192.4628981183,47.976736299033654,LOSS,178584.68435981704,-0.2196277150556064
2024-01-02,68.51499938964844,63.79361873626709,2,458.33963930517945,458.33963930517945,178650.80253742347,49.768960649121325,WIN,178650.80253742347,0.0
2024-01-03,63.10599899291992,69.20014938354493,2,511.7647344257094,-707.0653436992914,177943.73719372417,51.17656451033007,LOSS,178650.80253742347,-0.3957806702554201
2024-01-04,65.58100128173828,63.73705898284912,2,491.5608111208715,491.5608111208715,178435.29800484504,53.29359002209722,WIN,178650.80253742347,-0.12062891938774628
2024-01-05,63.108001708984375,66.23681129455566,2,513.8212403941849,-111.94067672007304,178323.35732812496,53.59430171827418,LOSS,178650.80253742347,-0.18328784682057223
2024-01-08,59.80099868774414,63.73908172607422,2,500.6040168411477,-287.0125908248678,178036.3447373001,54.23977746629496,LOSS,178650.80253742347,-0.34394348718061835
2024-01-09,57.729000091552734,60.399008674621584,2,486.71317370512037,-47.288542908649504,177989.05619439145,55.60487689980864,LOSS,178650.80253742347,-0.3704133055284758
2024-01-10,56.56700134277344,58.30629009246826,2,466.21618333619176,118.35843339722737,178107.41462778868,55.188593318443196,LOSS,178650.80253742347,-0.304162031133875
2024-01-11,53.61800003051758,57.13267135620117,2,438.89725026334406,-264.0370148733747,177843.3776129153,53.09148968993934,LOSS,178650.80253742347,-0.45195706542602054
2024-01-12,48.553001403808594,54.15418003082276,2,425.59915785288655,-694.6365675499464,177148.74104536534,54.27364605370572,LOSS,178650.80253742347,-0.840780713393929
2024-01-16,48.2140007019043,49.03853141784668,2,401.00850838055743,236.10236519208138,177384.84341055743,56.40065646345143,LOSS,178650.80253742347,-0.7086221326102654
2024-01-17,49.900001525878906,48.69614070892334,2,398.2016840210715,398.2016840210715,177783.0450945785,56.39970261780617,WIN,178650.80253742347,-0.48572826459214874
2024-01-18,48.65999984741211,50.39900154113769,2,416.77008135397335,68.96974260885662,177852.01483718737,57.015229187989625,LOSS,178650.80253742347,-0.4471223688283051
2024-01-19,48.099998474121094,49.14659984588623,2,407.2235141870492,197.9032398340222,178049.9180770214,57.12534074920141,LOSS,178650.80253742347,-0.3363457940672829
2024-01-22,47.01900100708008,48.580998458862304,2,402.49504700334154,90.0955566468964,178140.0136336683,57.11957151578068,LOSS,178650.80253742347,-0.2859146986749
2024-01-23,45.01900100708008,47.48919101715088,2,393.6610326992892,-100.37696931487113,178039.63666435343,57.14934437574276,LOSS,178650.80253742347,-0.34210082708249673
2024-01-24,45.0989990234375,45.46919101715088,2,378.1067423682471,304.0683436255718,178343.705007979,57.324253671726765,LOSS,178650.80253742347,-0.17189820873048411
2024-01-25,45.77799987792969,45.549989013671876,2,363.07447968959684,363.07447968959684,178706.7794876686,55.0210273342057,WIN,178706.7794876686,0.0
2024-01-26,49.45000076293945,46.23577987670898,2,370.51542360259964,370.51542360259964,179077.2949112712,55.30632964220913,WIN,179077.2949112712,0.0
2024-01-29,51.38100051879883,49.94450077056885,2,379.1433897546226,379.1433897546226,179456.4383010258,52.485050575523275,WIN,179456.4383010258,0.0
2024-01-30,51.95100021362305,51.89481052398682,2,402.85072173007245,402.85072173007245,179859.28902275587,53.631017214102414,WIN,179859.28902275587,0.0
2024-01-31,50.12099838256836,52.470510215759276,2,402.283146227491,-67.61922041069238,179791.66980234516,52.989754983145566,LOSS,179859.28902275587,-0.03759562309965057
2024-02-01,50.347999572753906,50.62220836639404,2,357.6185046910763,302.77674596304934,180094.44654830822,48.965516213615146,LOSS,180094.44654830822,0.0
2024-02-02,50.0099983215332,50.851479568481444,2,343.4575797861112,175.16133039646292,180269.60787870467,46.892367904700535,LOSS,180269.60787870467,0.0
2024-02-05,49.060001373291016,50.51009830474854,2,330.87359861388234,40.85421232237775,180310.46209102706,45.53295543779686,LOSS,180310.46209102706,0.0
2024-02-06,49.79999923706055,49.550601387023924,2,322.1535556321065,322.1535556321065,180632.61564665916,45.2047008600386,WIN,180632.61564665916,0.0
2024-02-07,50.80099868774414,50.297999229431156,2,322.2052900175666,322.2052900175666,180954.82093667673,44.566177257724185,WIN,180954.82093667673,0.0
2024-02-08,58.78099822998047,51.30900867462158,2,328.5882538049116,328.5882538049116,181283.40919048165,44.55400489433069,WIN,181283.40919048165,0.0
2024-02-09,64.63200378417969,59.36880821228027,2,483.2413551498787,483.2413551498787,181766.65054563154,56.14835881562364,WIN,181766.65054563154,0.0
2024-02-12,71.75199890136719,65.27832382202149,2,550.8810354656566,550.8810354656566,182317.5315810972,58.14788877857257,WIN,182317.5315810972,0.0
2024-02-13,68.60199737548828,72.46951889038085,2,597.7084744106179,-175.7958285678967,182141.7357525293,56.87033489926296,LOSS,182317.5315810972,-0.09642288760897844
2024-02-14,76.98799896240234,69.28801734924316,2,585.049308659288,585.049308659288,182726.78506118857,58.179767782184626,WIN,182726.78506118857,0.0
2024-02-15,71.80000305175781,77.75787895202637,2,699.4352335430482,-492.1399465106641,182234.6451146779,61.862806775703646,LOSS,182726.78506118857,-0.26933103778182615
2024-02-16,69.95600128173828,72.51800308227538,2,674.2232199383155,161.8228598308948,182396.4679745088,63.88220766065696,LOSS,182726.78506118857,-0.18077102739434858
2024-02-20,70.49800109863281,70.65556129455567,2,660.918784360731,629.40674517616,183025.87471968494,64.26147688395201,LOSS,183025.87471968494,0.0
2024-02-21,67.27999877929688,71.20298110961915,2,659.7643395086217,-124.83212655583236,182901.04259312912,63.672727850113944,LOSS,183025.87471968494,-0.06820463322303838
2024-02-22,71.31500244140625,67.95279876708985,2,631.0726600626276,631.0726600626276,183532.11525319176,63.81276202491727,WIN,183532.11525319176,0.0
2024-02-23,68.74400329589844,72.02815246582031,2,672.0708157455523,15.240981761177295,183547.35623495295,64.10498042196983,LOSS,183547.35623495295,0.0
2024-02-26,79.64800262451172,69.43144332885743,2,659.9417402464187,659.9417402464187,184207.29797519938,65.26920838598357,WIN,184207.29797519938,0.0
2024-02-27,87.18000030517578,80.44448265075684,2,821.195832048036,821.195832048036,185028.49380724743,69.96755338620291,WIN,185028.49380724743,0.0
2024-02-28,96.29499816894531,88.05180030822754,2,915.9277847273787,915.9277847273787,185944.42159197482,71.2630170395401,WIN,185944.42159197482,0.0
2024-02-29,102.28399658203125,97.25794815063476,2,1032.6180663258974,1032.6180663258974,186977.03965830072,72.70043641318063,WIN,186977.03965830072,0.0
2024-03-01,107.93900299072266,103.30683654785156,2,1076.985020073811,1076.985020073811,188054.02467837452,71.41641336556441,WIN,188054.02467837452,0.0
2024-03-04,133.4010009765625,109.01839302062989,2,1131.6662497288262,1131.6662497288262,189185.69092810334,71.11845300165551,WIN,189185.69092810334,0.0
2024-03-05,105.10099792480469,134.73501098632812,2,1579.0501476473842,-4347.752464657302,184837.93846344604,80.0,LOSS,189185.69092810334,-2.298140225789902
2024-03-06,124.62100219726562,106.15200790405274,2,1474.828961701233,1474.828961701233,186312.76742514726,80.0,WIN,189185.69092810334,-1.518573359783264
2024-03-07,130.0019989013672,125.86721221923828,2,1817.5242910155032,1817.5242910155032,188130.29171616276,80.0,WIN,189185.69092810334,-0.5578641845284558
2024-03-08,142.5590057373047,131.30201889038085,2,1892.1894077169493,1892.1894077169493,190022.4811238797,80.0,WIN,190022.4811238797,0.0
2024-03-11,148.42300415039062,143.98459579467774,2,2035.4511909800362,2035.4511909800362,192057.93231485973,80.0,WIN,192057.93231485973,0.0
2024-03-12,159.3350067138672,149.90723419189453,2,2107.6231747084,2107.6231747084,194165.55548956813,80.0,WIN,194165.55548956813,0.0
2024-03-13,176.61500549316406,160.92835678100587,2,2246.0366330967545,2246.0366330967545,196411.59212266488,80.0,WIN,196411.59212266488,0.0
2024-03-14,167.68499755859375,178.3811555480957,2,2460.67242523892,321.44082733852883,196733.0329500034,80.0,LOSS,196733.0329500034,0.0
2024-03-15,178.23599243164062,169.3618475341797,2,2360.0013328491855,2360.0013328491855,199093.03428285258,80.0,WIN,199093.03428285258,0.0
2024-03-18,150.2760009765625,180.01835235595703,2,2434.340653182143,-3514.1296226967643,195578.90466015582,80.0,LOSS,199093.03428285258,-1.7650690971459153
2024-03-19,141.75,151.77876098632814,2,2222.3864807109026,216.63428344527506,195795.5389436011,80.0,LOSS,199093.03428285258,-1.6562585180989822
2024-03-20,154.65199279785156,143.1675,2,2132.4136459051374,2132.4136459051374,197927.95258950625,80.0,WIN,199093.03428285258,-0.5851946038911051
2024-03-21,159.9290008544922,156.19851272583008,2,2299.352604888133,2299.352604888133,200227.3051943944,80.0,WIN,200227.3051943944,0.0
2024-03-22,152.3000030517578,161.5282908630371,2,2377.9006439045806,532.2430816487204,200759.54827604312,80.0,LOSS,200759.54827604312,0.0
2024-03-25,185.60000610351562,153.8230030822754,2,2273.68132112699,2273.68132112699,203033.2295971701,80.0,WIN,203033.2295971701,0.0
2024-03-26,187.69900512695312,187.4560061645508,2,2861.1676201746072,2861.1676201746072,205894.39721734473,80.0,WIN,205894.39721734473,0.0
2024-03-27,191.91600036621094,189.57599517822266,2,2888.3735908773433,2888.3735908773433,208782.77080822206,80.0,WIN,208782.77080822206,0.0
2024-03-28,170.45599365234375,193.83516036987305,2,2934.886556006678,-1740.9467874991824,207041.82402072288,80.0,LOSS,208782.77080822206,-0.8338555814542443
2024-04-01,163.6739959716797,172.1605535888672,2,2708.2473741023796,1010.9358506648766,208052.75987138777,80.0,LOSS,208782.77080822206,-0.3496509477330626
2024-04-02,157.88299560546875,165.3107359313965,2,2619.179260001875,1133.6311948163261,209186.3910662041,80.0,LOSS,209186.3910662041,0.0
2024-04-03,160.61099243164062,159.46182556152343,2,2333.6387837181687,2333.6387837181687,211520.02984992226,80.0,WIN,211520.02984992226,0.0
2024-04-04,161.54200744628906,162.21710235595702,2,2099.8538350472254,1964.834853113633,213484.86470303588,80.0,LOSS,213484.86470303588,0.0
2024-04-05,143.89999389648438,163.15742752075195,2,1956.2842498570283,-1895.2024749964874,211589.6622280394,80.0,LOSS,213484.86470303588,-0.8877455915353824
2024-04-08,151.2989959716797,145.33899383544923,2,1815.7374497791088,1815.7374497791088,213405.39967781852,80.0,WIN,213484.86470303588,-0.0372227910994524
2024-04-09,144.1020050048828,152.8119859313965,2,1876.38508312372,134.38889782098408,213539.7885756395,80.0,LOSS,213539.7885756395,0.0
2024-04-10,156.60000610351562,145.54302505493163,2,1794.0981645333761,1794.0981645333761,215333.8867401729,80.0,WIN,215333.8867401729,0.0
2024-04-11,155.18099975585938,158.1660061645508,2,1961.3217242881117,1364.320442549828,216698.20718272272,80.0,LOSS,216698.20718272272,0.0
2024-04-12,147.95799255371094,156.73280975341797,2,1876.64173164601,121.67829170460391,216819.8854744273,80.0,LOSS,216819.8854744273,0.0
2024-04-15,133.58799743652344,149.43757247924805,2,1787.2602702351721,-1382.6547383097497,215437.23073611755,80.0,LOSS,216819.8854744273,-0.6376973842986557
2024-04-16,125.40299987792969,134.92387741088868,2,1629.8980086805568,-274.2774979112414,215162.9532382063,80.0,LOSS,216819.8854744273,-0.7641975423958213
2024-04-17,118.80500030517578,126.65702987670899,2,1437.135396791589,-133.27051751505246,215029.68272069126,77.57291613073575,LOSS,216819.8854744273,-0.8256635454902498
2024-04-18,120.81600189208984,119.99305030822754,2,1359.6131372811672,1359.6131372811672,216389.29585797244,77.46667358781337,WIN,216819.8854744273,-0.1985932312032613
2024-04-19,117.41100311279297,122.02416191101074,2,1337.340259311386,414.7084996678325,216804.00435764028,74.98732593788986,LOSS,216819.8854744273,-0.007324566541615937
2024-04-22,132.4010009765625,118.58511314392089,2,1290.9353815007348,1290.9353815007348,218094.93973914103,74.49641160511096,WIN,218094.93973914103,0.0
2024-04-23,133.86399841308594,133.72501098632813,2,1546.9216870227713,1546.9216870227713,219641.8614261638,79.05106103229562,WIN,219641.8614261638,0.0
2024-04-24,126.56700134277344,135.2026383972168,2,1258.1003261554552,-469.0270847332149,219172.8343414306,63.935466589740344,LOSS,219641.8614261638,-0.21354175460349809
2024-04-25,124.04100036621094,127.83267135620117,2,1194.2529448487476,435.91874685070013,219608.7530882813,64.18277767268475,LOSS,219641.8614261638,-0.015073783142954175
2024-04-26,128.23800659179688,125.28141036987304,2,1159.6266057630978,1159.6266057630978,220768.3796940444,63.60732190835196,WIN,220768.3796940444,0.0
2024-04-29,129.2969970703125,129.52038665771485,2,1153.8165120697702,1109.1385945892998,221877.5182886337,61.28385656673408,LOSS,221877.5182886337,0.0
2024-04-30,106.50299835205078,130.58996704101563,2,1160.3520429631296,-3657.041694829839,218220.47659380385,61.13076084508289,LOSS,221877.5182886337,-1.648225436735108
2024-05-01,102.8270034790039,107.56802833557128,2,1093.3945907650684,145.18961945159276,218365.66621325543,69.6766127016335,LOSS,221877.5182886337,-1.582788604481236
2024-05-02,112.94200134277344,103.85527351379395,2,1050.834688340998,1050.834688340998,219416.50090159645,69.36650442488346,WIN,221877.5182886337,-1.1091783457915687
2024-05-03,122.3010025024414,114.07142135620117,2,1218.9728271627696,1218.9728271627696,220635.4737287592,73.15963122943906,WIN,221877.5182886337,-0.5597883775943207
2024-05-06,126.88099670410156,123.52401252746583,2,1314.2086317958408,1314.2086317958408,221949.68236055505,72.84730045649168,WIN,221949.68236055505,0.0
2024-05-07,125.74500274658203,128.14980667114258,2,1355.6695877659906,874.7088028538799,222824.39116340893,72.44306748399579,LOSS,222824.39116340893,0.0
2024-05-08,123.31199645996094,127.00245277404785,2,1333.741237540715,595.6499747233319,223420.04113813225,71.92805983434812,LOSS,223420.04113813225,0.0
2024-05-09,126.36399841308594,124.54511642456055,2,1260.0466153068742,1260.0466153068742,224680.08775343912,69.35935490496648,WIN,224680.08775343912,0.0
2024-05-10,118.0479965209961,127.6276383972168,2,1297.7519498984452,-618.1764253456959,224061.9113280934,69.70057786744866,LOSS,224680.08775343912,-0.27513627554929837
2024-05-13,124.59600067138672,119.22847648620606,2,1222.256428141491,1222.256428141491,225284.1677562349,70.25581418106614,WIN,225284.1677562349,0.0
2024-05-14,129.76300048828125,125.84196067810059,2,1262.485602318659,1262.485602318659,226546.65335855357,68.7923139352212,WIN,226546.65335855357,0.0
2024-05-15,150.3470001220703,131.06063049316407,2,1300.7973522869324,1300.7973522869324,227847.4507108405,68.07647466028273,WIN,227847.4507108405,0.0
2024-05-16,143.9980010986328,151.85047012329102,2,1632.1366788396604,61.64287390801928,227909.0935847485,73.57559860923911,LOSS,227909.0935847485,0.0
2024-05-17,158.4499969482422,145.43798110961913,2,1581.7634124095773,1581.7634124095773,229490.8569971581,74.42767947586407,WIN,229490.8569971581,0.0
2024-05-20,172.7239990234375,160.03449691772462,2,1776.7768395480086,1776.7768395480086,231267.63383670608,75.94148237246463,WIN,231267.63383670608,0.0
2024-05-21,165.54200744628906,174.45123901367188,2,1886.9857143198562,105.1394008432926,231372.77323754938,74.03240801718762,LOSS,231372.77323754938,0.0
2024-05-22,164.6999969482422,167.19742752075194,2,1830.5540491852114,1331.06793468326,232703.84117223264,74.9126600905059,LOSS,232703.84117223264,0.0
2024-05-23,154.40699768066406,166.34699691772462,2,1790.6536901277327,-597.3461572843794,232106.49501494828,73.68418266906134,LOSS,232703.84117223264,-0.2566980219472391
2024-05-24,168.48399353027344,155.9510676574707,2,1709.8419537110524,1709.8419537110524,233816.33696865934,75.01624947899168,WIN,233816.33696865934,0.0
2024-05-28,167.53500366210938,170.16883346557617,2,1903.429366187362,1376.6634054940027,235193.00037415334,76.49645376865035,LOSS,235193.00037415334,0.0
2024-05-29,161.8699951171875,169.21035369873047,2,1895.5451662532355,427.47344994464106,235620.47382409798,76.60845655196536,LOSS,235620.47382409798,0.0
2024-05-30,154.10000610351562,163.48869506835936,2,1576.0984148534005,-301.639378115347,235318.83444598262,66.17422999642068,LOSS,235620.47382409798,-0.12801917134779572
2024-05-31,152.44900512695312,155.6410061645508,2,1513.3978080094982,874.9976004899656,236193.83204647258,66.73026479626762,LOSS,236193.83204647258,0.0
2024-06-03,162.74099731445312,153.97349517822266,2,1457.572848418102,1457.572848418102,237651.4048948907,65.01165736969597,WIN,237651.4048948907,0.0
2024-06-04,163.8769989013672,164.36840728759765,2,1541.1979342100701,1442.916256963978,239094.32115185467,64.41105950724274,LOSS,239094.32115185467,0.0
2024-06-05,169.468994140625,165.51576889038085,2,1548.4991040835569,1548.4991040835569,240642.82025593822,64.27152661860264,WIN,240642.82025593822,0.0
2024-06-06,165.66299438476562,171.16368408203124,2,1599.0119040322468,498.87396457912405,241141.69422051735,64.180710482504,LOSS,241141.69422051735,0.0
2024-06-07,159.6199951171875,167.3196243286133,2,1565.074392202521,25.148549917363653,241166.8427704347,64.25951429329666,LOSS,241166.8427704347,0.0
2024-06-10,159.99200439453125,161.21619506835938,2,1528.6602036016093,1283.8220688359827,242450.6648392707,65.11629515455083,LOSS,242450.6648392707,0.0
2024-06-11,155.5489959716797,161.59192443847655,2,1479.8173079995272,271.231614640154,242721.89645391086,62.94974729542408,LOSS,242721.89645391086,0.0
2024-06-12,160.36700439453125,157.10448593139648,2,1440.1450182984252,1440.1450182984252,244162.04147220927,63.0102367677185,WIN,244162.04147220927,0.0
2024-06-13,148.38800048828125,161.97067443847655,2,1480.585882653952,-1235.9489073851078,242926.09256482415,62.83838838146007,LOSS,244162.04147220927,-0.5062002676307863
2024-06-14,149.5540008544922,149.87188049316407,2,1232.3550333229657,1168.7791055885891,244094.87167041274,56.70332916559714,LOSS,244162.04147220927,-0.02751033755759692
2024-06-17,150.7259979248047,151.04954086303712,2,1224.711266304732,1160.0026786582448,245254.87434907097,55.9369865874153,LOSS,245254.87434907097,0.0
2024-06-18,146.9429931640625,152.23325790405275,2,1138.3874192019898,80.33447120393998,245335.20882027491,51.72762204426818,LOSS,245335.20882027491,0.0
2024-06-20,146.5399932861328,148.41242309570313,2,1019.6687719272587,645.1828100131946,245980.3916302881,47.66982513421136,LOSS,245980.3916302881,0.0
2024-06-21,148.37600708007812,148.00539321899413,2,1002.8683767046175,1002.8683767046175,246983.26000699273,47.03773116230944,WIN,246983.26000699273,0.0
2024-06-24,137.21499633789062,149.8597671508789,2,1018.9384665664626,-1510.0156960311915,245473.24431096154,47.193981205058705,LOSS,246983.26000699273,-0.6113838225264475
2024-06-25,149.57400512695312,138.58714630126954,2,959.5025736512579,959.5025736512579,246432.7468846128,48.02357117779828,WIN,246983.26000699273,-0.22289491294443958
2024-06-26,145.7729949951172,151.06974517822266,2,1043.5359506946963,-15.81408592639832,246416.9327986864,47.91790855787868,LOSS,246983.26000699273,-0.22929781082745693
2024-06-27,152.5399932861328,147.23072494506837,2,1021.354635535685,1021.354635535685,247438.2874342221,48.11470997839515,WIN,247438.2874342221,0.0
2024-06-28,137.7480010986328,154.06539321899413,2,1087.8130789938014,-2175.6653450784625,245262.62208914364,48.94055979803475,LOSS,247438.2874342221,-0.8792759470002475
2024-07-01,136.5970001220703,139.12548110961913,2,1048.1685287780244,542.4723312682609,245805.0944204119,52.10215999361111,LOSS,247438.2874342221,-0.6600405421268382
2024-07-02,132.0189971923828,137.96297012329103,2,1039.1905062362455,-149.60407994539787,245655.4903404665,52.091522108618605,LOSS,247438.2874342221,-0.7205017106455385
2024-07-03,130.20899963378906,133.33918716430665,2,959.8483707088058,333.8108646052881,245989.3012050718,49.86129372595113,LOSS,247438.2874342221,-0.585594995897911
2024-07-05,128.1719970703125,131.51108963012695,2,944.114527578957,276.29601561606773,246265.59722068787,49.73052921145279,LOSS,247438.2874342221,-0.47393239974875234
2024-07-08,129.05799865722656,129.45371704101564,2,909.7256357662111,830.5819590083963,247096.17917969625,48.718077553400796,LOSS,247438.2874342221,-0.13826003165204745
2024-07-09,130.177001953125,130.34857864379882,2,918.5428363603485,884.2274982255851,247980.40667792183,48.84767301228575,LOSS,247980.40667792183,0.0
2024-07-10,130.57200622558594,131.47877197265626,2,923.455177168182,742.1020277541172,248722.50870567595,48.692602614207445,LOSS,248722.50870567595,0.0
2024-07-11,135.8560028076172,131.8777262878418,2,926.4205256745431,926.4205256745431,249648.92923135048,48.70087237612474,WIN,249648.92923135048,0.0
2024-07-12,139.67599487304688,137.21456283569336,2,982.7999833068229,982.7999833068229,250631.7292146573,49.620515663263454,WIN,250631.7292146573,0.0
2024-07-15,161.1280059814453,141.07275482177735,2,1008.3837267123907,1008.3837267123907,251640.1129413697,49.52341033331128,WIN,251640.1129413697,0.0
2024-07-16,166.42999267578125,162.73928604125976,2,1353.763913096027,1353.763913096027,252993.87685446572,57.34387071901631,WIN,252993.87685446572,0.0
2024-07-17,159.0,168.09429260253907,2,1405.3509964306422,-413.50752407717187,252580.36933038855,57.62369500002352,LOSS,252993.87685446572,-0.16344566485893208
2024-07-18,155.51600646972656,160.59,2,1365.6939257157649,350.8952196610767,252931.26455004961,58.58392417542281,LOSS,252993.87685446572,-0.02474854537769086
2024-07-19,177.85000610351562,157.07116653442384,2,1334.1914000457011,1334.1914000457011,254265.45595009532,58.51682748475403,WIN,254265.45595009532,0.0
2024-07-22,180.00900268554688,179.62850616455077,2,1700.3263958918083,1700.3263958918083,255965.78234598713,65.0076875939972,WIN,255965.78234598713,0.0
2024-07-23,172.177001953125,181.80909271240233,2,1720.9617748067374,-205.4563770487291,255760.3259689384,65.00748168911792,LOSS,255965.78234598713,-0.08026712600631941
2024-07-24,167.2689971923828,173.89877197265625,2,1606.2377349738526,280.28277891916537,256040.6087478576,63.47672014860797,LOSS,256040.6087478576,0.0
2024-07-25,160.64700317382812,168.94168716430664,2,1517.3735479829866,-141.56325011271701,255899.04549774487,61.77329285813425,LOSS,256040.6087478576,-0.05528937413679313
2024-07-26,175.27099609375,162.2534732055664,2,1466.8623023006828,1466.8623023006828,257365.90780004556,62.16690571644499,WIN,257365.90780004556,0.0
2024-07-29,168.48500061035156,177.0237060546875,2,1650.2053696381665,-57.53571922901983,257308.37208081654,64.04670712023406,LOSS,257365.90780004556,-0.02235561023635107
2024-07-30,160.40699768066406,170.16985061645508,2,1505.4425160421392,-447.1280711160641,256861.2440097005,60.871853233708784,LOSS,257365.90780004556,-0.19608805014577232
2024-07-31,161.44400024414062,162.0110676574707,2,1459.8586714677729,1346.445188801757,258207.68919850225,61.968476886046716,LOSS,258207.68919850225,0.0
2024-08-01,151.18099975585938,163.05844024658202,2,1452.527560394476,-922.9605377500534,257284.7286607522,61.28145583193821,LOSS,258207.68919850225,-0.35744889728690343
2024-08-02,144.7989959716797,152.69280975341798,2,1399.493214239,-179.26954210865756,257105.45911864354,63.001011278900556,LOSS,258207.68919850225,-0.42687732626403246
2024-08-05,130.89999389648438,146.2469859313965,2,1355.3399504993968,-1714.058456483027,255391.4006621605,63.682799303692335,LOSS,258207.68919850225,-1.0907066885125434
2024-08-06,136.92100524902344,132.2089938354492,2,1291.9803335110828,1291.9803335110828,256683.38099567158,67.05502535149245,WIN,258207.68919850225,-0.5903419094769192
2024-08-07,124.68499755859375,138.29021530151368,2,1363.0238127401874,-1358.0197358437993,255325.3612598278,67.61618142571999,LOSS,258207.68919850225,-1.1162827674192954
2024-08-08,135.99000549316406,125.9318475341797,2,1289.85055327079,1289.85055327079,256615.21181309858,70.19615139701244,WIN,258207.68919850225,-0.6167428206134586
2024-08-09,135.3699951171875,137.3499055480957,2,1446.04690317849,1050.064816996849,257665.27663009544,72.10509768769526,LOSS,258207.68919850225,-0.210068325265799
2024-08-12,131.4600067138672,136.72369506835938,2,1435.49884072094,382.7611698225023,258048.03779991795,71.91184100806777,LOSS,258207.68919850225,-0.06183061359631691
2024-08-13,135.3800048828125,132.77460678100587,2,1244.445913905825,1244.445913905825,259292.48371382378,64.38523705703989,WIN,259292.48371382378,0.0
2024-08-14,130.3699951171875,136.73380493164063,2,1279.8657800371068,7.103817146479969,259299.58753097025,64.30275554742515,LOSS,259299.58753097025,0.0
2024-08-15,131.92999267578125,131.67369506835936,2,1229.2030402156956,1229.2030402156956,260528.79057118593,64.13539311523473,WIN,260528.79057118593,0.0
2024-08-16,133.0399932861328,133.24929260253907,2,1244.9514860670283,1203.0916227857765,261731.88219397172,64.18752877276498,LOSS,261731.88219397172,0.0
2024-08-19,135.35000610351562,134.37039321899414,2,1083.1396551364658,1083.1396551364658,262815.02184910816,55.621933223350865,WIN,262815.02184910816,0.0
2024-08-20,133.69000244140625,136.7035061645508,2,1104.367671815316,501.66692718640843,263316.6887762946,55.740251273314755,LOSS,263316.6887762946,0.0
2024-08-21,141.4199981689453,135.0269024658203,2,1082.6818669800255,1082.6818669800255,264399.3706432746,55.33745850783629,WIN,264399.3706432746,0.0
2024-08-22,133.80999755859375,142.83419815063476,2,1180.7295954765025,-624.1105229317,263775.26012034295,56.995343920070574,LOSS,264399.3706432746,-0.23604841471945828
2024-08-23,150.00999450683594,135.1480975341797,2,1126.0782172304716,1126.0782172304716,264901.3383375734,57.434552875166034,WIN,264901.3383375734,0.0
2024-08-26,146.89999389648438,151.5100944519043,2,1320.8041151811065,398.7840040971198,265300.1223416705,60.00935002697993,LOSS,265300.1223416705,0.0
2024-08-27,140.00999450683594,148.36899383544923,2,1286.352588544643,-385.44727717801584,264914.6750644925,59.69107307434258,LOSS,265300.1223416705,-0.14528725949157106
2024-08-28,132.08999633789062,141.41009445190429,2,1225.329659499049,-638.689963303683,264275.9851011888,59.65849578914553,LOSS,265300.1223416705,-0.38602969023991995
2024-08-29,132.55999755859375,133.41089630126953,2,1172.856915881093,1002.6771673459368,265278.66226853477,60.50180232337085,LOSS,265300.1223416705,-0.008088979735975147
2024-08-30,132.4199981689453,133.88559753417968,2,1153.9479541537414,860.8280811068678,266139.49034964165,59.35006376815102,LOSS,266139.49034964165,0.0
2024-09-03,122.31999969482422,133.74419815063476,2,1141.830383589821,-1143.009307572287,264996.4810420694,58.80566566506322,LOSS,266139.49034964165,-0.42947752927257676
2024-09-04,124.8499984741211,123.54319969177246,2,1031.3298964746532,1031.3298964746532,266027.81093854405,57.539769289706584,WIN,266139.49034964165,-0.041962735763446876
2024-09-05,119.56999969482422,126.09849845886231,2,1039.1360258169102,-266.5637269907079,265761.24721155333,56.82321653800091,LOSS,266139.49034964165,-0.14212213963113954
2024-09-06,114.30000305175781,120.76569969177247,2,950.9162417337302,-342.22308626920085,265419.0241252841,54.374068143616356,LOSS,266139.49034964165,-0.2707100037694628
2024-09-09,124.81999969482422,115.4430030822754,2,852.5113990529869,852.5113990529869,266271.5355243371,51.10486311922301,WIN,266271.5355243371,0.0
2024-09-10,129.63999938964844,126.06819969177246,2,1008.6030015173353,1008.6030015173353,267280.13852585445,55.21846184181871,WIN,267280.13852585445,0.0
2024-09-11,129.27999877929688,130.9363993835449,2,1054.106149621807,722.8260287722001,268002.96455462667,55.552922334167995,LOSS,268002.96455462667,0.0
2024-09-12,130.77000427246094,130.57279876708984,2,1043.948153000097,1043.948153000097,269046.91270762676,55.182970327478195,WIN,269046.91270762676,0.0
2024-09-13,141.47000122070312,132.07770431518554,2,1045.7458331726161,1045.7458331726161,270092.6585407994,54.66531927937986,WIN,270092.6585407994,0.0
2024-09-16,134.52999877929688,142.88470123291015,2,1184.3982309805592,-486.542259742095,269606.1162810573,57.14735048857835,LOSS,270092.6585407994,-0.18013901687320494
2024-09-17,131.27000427246094,135.87529876708984,2,1147.8130924871832,226.75419356140173,269832.8704746187,58.20527343539929,LOSS,270092.6585407994,-0.09618479361277091
2024-09-18,132.6699981689453,132.58270431518554,2,1122.7370951710714,1122.7370951710714,270955.60756978975,58.34325237377428,WIN,270955.60756978975,0.0
2024-09-19,144.66000366210938,133.99669815063476,2,1134.2790170559256,1134.2790170559256,272089.8865868457,58.32171148393941,WIN,272089.8865868457,0.0
2024-09-20,144.77999877929688,146.10660369873048,2,1275.392379386316,1010.0713954995947,273099.95798234525,60.0867932590687,LOSS,273099.95798234525,0.0
2024-09-23,149.97000122070312,146.22779876708984,2,1249.2610872400232,1249.2610872400232,274349.21906958526,58.84463388698844,WIN,274349.21906958526,0.0
2024-09-24,153.8800048828125,151.46970123291015,2,1177.2585513881745,1177.2585513881745,275526.4776209734,53.69385014008995,WIN,275526.4776209734,0.0
2024-09-25,151.94000244140625,155.41880493164064,2,1208.325005383469,512.5645073365918,276039.04212831,53.70988663649491,LOSS,276039.04212831,0.0
2024-09-26,165.97999572753906,153.45940246582032,2,1169.807418671537,1169.807418671537,277208.84954698157,52.69627078954721,WIN,277208.84954698157,0.0
2024-09-27,176.22000122070312,167.63979568481446,2,1307.1742984962102,1307.1742984962102,278516.0238454778,53.8627334293111,WIN,278516.0238454778,0.0
2024-09-30,168.60000610351562,177.98220123291017,2,1412.0744590882198,-464.3645667906894,278051.6592786871,54.773142002922974,LOSS,278516.0238454778,-0.16672813304570538
2024-10-01,162.69000244140625,170.28600616455077,2,1383.3139708433014,-135.8867737856026,277915.7725049015,56.04029177622868,LOSS,278516.0238454778,-0.2155177042557866
2024-10-02,164.63999938964844,164.3169024658203,2,1275.6755668036124,1275.6755668036124,279191.4480717051,53.63552909092158,WIN,279191.4480717051,0.0
2024-10-03,163.41000366210938,166.28639938354493,2,1290.76320934171,715.4840650545987,279906.93213675974,53.62739119203423,LOSS,279906.93213675974,0.0
2024-10-04,176.50999450683594,165.04410369873048,2,1250.5174756334538,1250.5174756334538,281157.4496123932,52.38868081876292,WIN,281157.4496123932,0.0
2024-10-07,186.08999633789062,178.2750944519043,2,1345.3767568865708,1345.3767568865708,282502.82636927976,52.186693407633925,WIN,282502.82636927976,0.0
2024-10-08,192.1999969482422,187.95089630126952,2,1368.7916080362158,1368.7916080362158,283871.61797731597,50.42353887704905,WIN,283871.61797731597,0.0
2024-10-09,188.91000366210938,194.1219969177246,2,1411.4073401267588,369.00868900371347,284240.6266663197,50.34347133071806,LOSS,284240.6266663197,0.0
2024-10-10,183.33999633789062,190.79910369873048,2,1398.8586470096207,-92.96282515834969,284147.6638411613,50.750016770248614,LOSS,284240.6266663197,-0.03270567837141399
2024-10-11,212.58999633789062,185.17339630126952,2,1386.7485839901312,1386.7485839901312,285534.41242515144,51.80113268727046,WIN,285534.41242515144,0.0
2024-10-14,201.6699981689453,214.71589630126954,2,1816.2886207761544,-792.8910056886907,284741.52141946275,58.28199280341479,LOSS,285534.41242515144,-0.2776866714433381
2024-10-15,194.30999755859375,203.68669815063475,2,1726.8756747714178,-148.46444363678302,284593.056975826,58.40936044342537,LOSS,285534.41242515144,-0.329681960689143
2024-10-16,194.08999633789062,196.2530975341797,2,1678.0449835395657,1245.4247442817532,285838.4817201077,58.89246431606306,LOSS,285838.4817201077,0.0
2024-10-17,193.4199981689453,196.03089630126954,2,1680.356680822348,1158.1770543575033,286996.6587744652,59.03599143820811,LOSS,286996.6587744652,0.0
2024-10-18,215.86000061035156,195.35419815063477,2,1621.3878443363562,1621.3878443363562,288618.04661880154,57.21779829302999,WIN,288618.04661880154,0.0
2024-10-21,219.0500030517578,218.01860061645507,2,1921.9208743481715,1921.9208743481715,290539.9674931497,60.66270849947277,WIN,290539.9674931497,0.0
2024-10-22,219.6999969482422,221.24050308227538,2,1948.2094989197408,1640.108272113102,292180.07576526277,60.59888284417847,LOSS,292180.07576526277,0.0
2024-10-23,213.9499969482422,221.8969969177246,2,1957.0677881455874,367.6677942491035,292547.74355951184,60.691529496709876,LOSS,292547.74355951184,0.0
2024-10-24,235.88999938964844,216.0894969177246,2,1918.0596731165374,1918.0596731165374,294465.8032326284,61.069081341770506,WIN,294465.8032326284,0.0
2024-10-25,234.33999633789062,238.24889938354494,2,2135.0470434629447,1353.266434332082,295819.06966696045,61.638167954433754,LOSS,295819.06966696045,0.0
2024-10-28,255.33999633789062,236.68339630126954,2,2103.7718085035326,2103.7718085035326,297922.841475464,61.1513866928589,WIN,297922.841475464,0.0
2024-10-29,258.239990234375,257.89339630126955,2,2306.9289432128094,2306.9289432128094,300229.7704186768,61.53039167425279,WIN,300229.7704186768,0.0
2024-10-30,247.30999755859375,260.82239013671875,2,2286.65958933907,-415.8189262859305,299813.9514923908,60.34014093574172,LOSS,300229.7704186768,-0.13850023124158675
2024-10-31,244.5,249.7830975341797,2,2246.3380804280605,1189.7185735921228,301003.67006598297,61.85021295720914,LOSS,301003.67006598297,0.0
