Date,Stock_Price,Strike,Contracts,Premium,PnL,Capital,VIX,Status,Peak,Drawdown_%
2019-01-03,12.656999588012695,12.599860343933106,3,71.42163288711458,71.42163288711458,50071.42163288711,51.74338369981129,WIN,50071.42163288711,0.0
2019-01-04,13.039999961853027,12.403859596252442,3,70.31061315639283,70.31061315639283,50141.7322460435,51.74338369981129,WIN,50141.7322460435,0.0
2019-01-07,13.123000144958496,12.779199962615966,3,72.43820990130745,72.43820990130745,50214.17045594481,51.74338369981129,WIN,50214.17045594481,0.0
2019-01-08,13.230999946594238,12.860540142059326,3,72.8992823478741,72.8992823478741,50287.06973829269,51.74338369981129,WIN,50287.06973829269,0.0
2019-01-09,13.157999992370605,12.966379947662354,3,73.49922961191366,73.49922961191366,50360.568967904605,51.74338369981129,WIN,50360.568967904605,0.0
2019-01-10,13.25100040435791,12.894839992523194,3,73.09370921143,73.09370921143,50433.66267711604,51.74338369981129,WIN,50433.66267711604,0.0
2019-01-11,13.38599967956543,12.985980396270751,3,73.6103337040797,73.6103337040797,50507.273010820114,51.74338369981129,WIN,50507.273010820114,0.0
2019-01-14,13.211000442504883,13.118279685974121,3,74.36026513526178,74.36026513526178,50581.63327595538,51.74338369981129,WIN,50581.63327595538,0.0
2019-01-15,13.430999755859375,12.946780433654785,3,73.3881308174823,73.3881308174823,50655.02140677286,51.74338369981129,WIN,50655.02140677286,0.0
2019-01-16,13.383999824523926,13.162379760742187,3,74.61024404490072,74.61024404490072,50729.63165081776,51.74338369981129,WIN,50729.63165081776,0.0
2019-01-17,13.48799991607666,13.116319828033447,3,74.34915578559212,74.34915578559212,50803.98080660335,51.74338369981129,WIN,50803.98080660335,0.0
2019-01-18,13.631999969482422,13.218239917755128,3,74.92688435029233,74.92688435029233,50878.907690953645,51.74338369981129,WIN,50878.907690953645,0.0
2019-01-22,13.723999977111816,13.359359970092774,3,75.72681580158995,75.72681580158995,50954.63450675523,51.74338369981129,WIN,50954.63450675523,0.0
2019-01-23,13.748000144958496,13.44951997756958,3,76.23788297053748,76.23788297053748,51030.872389725766,51.74338369981129,WIN,51030.872389725766,0.0
2019-01-24,13.82800006866455,13.473040142059325,3,76.37120576204286,76.37120576204286,51107.24359548781,51.74338369981129,WIN,51107.24359548781,0.0
2019-01-25,13.9399995803833,13.55144006729126,3,76.81561153523768,76.81561153523768,51184.05920702305,51.74338369981129,WIN,51184.05920702305,0.0
2019-01-28,13.85099983215332,13.661199588775634,3,77.43777749861657,77.43777749861657,51261.49698452166,51.74338369981129,WIN,51261.49698452166,0.0
2019-01-29,13.82699966430664,13.573979835510254,3,76.9433770030409,76.9433770030409,51338.4403615247,51.74338369981129,WIN,51338.4403615247,0.0
2019-01-30,12.737000465393066,13.550459671020507,3,76.81005421153549,-167.2277074766966,51171.212654048,51.74338369981129,LOSS,51338.4403615247,-0.32573585465215055
2019-01-31,12.689000129699707,12.482260456085205,3,70.75502422732235,70.75502422732235,51241.96767827532,51.74338369981129,WIN,51338.4403615247,-0.18791510332222136
2019-02-01,12.803999900817871,12.435220127105712,3,32.209158480586794,32.209158480586794,51274.17683675591,31.789625346216383,WIN,51338.4403615247,-0.1251762311364423
2019-02-04,13.005000114440918,12.547919902801514,3,32.177097905960146,32.177097905960146,51306.35393466187,31.622266407060383,WIN,51338.4403615247,-0.062499808402585136
2019-02-05,13.21500015258789,12.744900112152099,3,31.36796469214878,31.36796469214878,51337.72189935402,30.953831791497876,WIN,51338.4403615247,-0.0013994624020852613
2019-02-06,12.82699966430664,12.950700149536132,3,32.316055894887555,-4.794089673959931,51332.92780968006,31.174847950265033,LOSS,51338.4403615247,-0.010737669095160064
2019-02-07,12.913999557495117,12.570459671020508,3,32.853421479926425,32.853421479926425,51365.78123115999,31.941214864795786,WIN,51365.78123115999,0.0
2019-02-08,13.07800006866455,12.655719566345214,3,33.15369020745055,33.15369020745055,51398.93492136744,31.98087779515257,WIN,51398.93492136744,0.0
2019-02-11,13.680000305175781,12.816440067291259,3,33.80121370994675,33.80121370994675,51432.736135077386,32.09542839484746,WIN,51432.736135077386,0.0
2019-02-12,14.211000442504883,13.406400299072265,3,39.130256998970154,39.130256998970154,51471.86639207636,33.919759950251944,WIN,51471.86639207636,0.0
2019-02-13,14.043000221252441,13.926780433654784,3,42.59722241861633,42.59722241861633,51514.463614494976,34.826481871866534,WIN,51514.463614494976,0.0
2019-02-14,14.005999565124512,13.762140216827392,3,42.177631149152525,42.177631149152525,51556.64124564413,34.86604022507745,WIN,51556.64124564413,0.0
2019-02-15,14.105999946594238,13.725879573822022,3,42.0493136556327,42.0493136556327,51598.690559299765,34.857923423540996,WIN,51598.690559299765,0.0
2019-02-19,14.190999984741211,13.823879947662354,3,42.33854947652489,42.33854947652489,51641.02910877629,34.85277066677117,WIN,51641.02910877629,0.0
2019-02-20,14.041999816894531,13.907179985046387,3,42.4949013845297,42.4949013845297,51683.52401016082,34.80673334729241,WIN,51683.52401016082,0.0
2019-02-21,14.312999725341797,13.76115982055664,3,42.27848906720227,42.27848906720227,51725.802499228026,34.914963918600606,WIN,51725.802499228026,0.0
2019-02-22,14.541000366210938,14.026739730834962,3,43.636924508271456,43.636924508271456,51769.439423736294,35.16566276183393,WIN,51769.439423736294,0.0
2019-02-25,14.619000434875488,14.250180358886718,3,44.63407276875941,44.63407276875941,51814.07349650505,35.30304889141361,WIN,51814.07349650505,0.0
2019-02-26,14.180000305175781,14.326620426177978,3,44.83432889278528,0.8482925921261426,51814.92178909718,35.285327471125086,LOSS,51814.92178909718,0.0
2019-02-27,14.119000434875488,13.896400299072265,3,45.13976930041319,45.13976930041319,51860.06155839759,36.05581827176147,WIN,51860.06155839759,0.0
2019-02-28,14.149999618530273,13.836620426177978,3,44.984162863459815,44.984162863459815,51905.04572126105,36.07389053887218,WIN,51905.04572126105,0.0
2019-03-01,14.173999786376953,13.866999626159668,3,31.72152542238844,31.72152542238844,51936.76724668344,29.82813952965503,WIN,51936.76724668344,0.0
2019-03-04,13.930999755859375,13.890519790649414,3,31.601722537419608,31.601722537419608,51968.36896922086,29.74712503446586,WIN,51968.36896922086,0.0
2019-03-05,13.866000175476074,13.652379760742187,3,32.169169717811606,32.169169717811606,52000.53813893867,30.2737822927894,WIN,52000.53813893867,0.0
2019-03-06,13.696999549865723,13.588680171966553,3,31.86824628011764,31.86824628011764,52032.40638521878,30.20183421857912,WIN,52032.40638521878,0.0
2019-03-07,13.734999656677246,13.423059558868408,3,31.568697024265987,31.568697024265987,52063.97508224305,30.244747807079282,WIN,52063.97508224305,0.0
2019-03-08,13.812000274658203,13.4602996635437,3,29.232063218350177,29.232063218350177,52093.2071454614,29.07731552935895,WIN,52093.2071454614,0.0
2019-03-11,14.300000190734863,13.535760269165038,3,29.380603564915763,29.380603564915763,52122.587749026316,29.069969746592058,WIN,52122.587749026316,0.0
2019-03-12,14.519000053405762,14.014000186920166,3,32.63652903220438,32.63652903220438,52155.22427805852,30.095828378292303,WIN,52155.22427805852,0.0
2019-03-13,14.75,14.228620052337646,3,28.896838313974143,28.896838313974143,52184.121116372495,28.164447891314076,WIN,52184.121116372495,0.0
2019-03-14,14.800000190734863,14.455,3,25.966992193370565,25.966992193370565,52210.08810856586,26.644441294917655,WIN,52210.08810856586,0.0
2019-03-15,14.833000183105469,14.504000186920166,3,25.411123990616513,25.411123990616513,52235.49923255648,26.3566746194853,WIN,52235.49923255648,0.0
2019-03-18,14.782999992370605,14.536340179443359,3,25.370459201630172,25.370459201630172,52260.86969175811,26.313275275806426,WIN,52260.86969175811,0.0
2019-03-19,14.739999771118164,14.487339992523193,3,25.34144635992873,25.34144635992873,52286.21113811804,26.338558642639683,WIN,52286.21113811804,0.0
2019-03-20,14.753999710083008,14.4451997756958,3,25.306219387197558,25.306219387197558,52311.51735750523,26.355828385587387,WIN,52311.51735750523,0.0
2019-03-21,14.961999893188477,14.458919715881347,3,24.798361730937202,24.798361730937202,52336.31571923617,26.11737483921774,WIN,52336.31571923617,0.0
2019-03-22,14.383000373840332,14.662759895324706,3,24.64249959084615,-59.28535685446612,52277.0303623817,25.89391893895005,LOSS,52336.31571923617,-0.11327766588024588
2019-03-25,14.409000396728516,14.095340366363525,3,27.79083423301781,27.79083423301781,52304.82119661472,27.780302126897833,WIN,52336.31571923617,-0.06017718708057988
2019-03-26,14.5649995803833,14.120820388793945,3,27.75859381812313,27.75859381812313,52332.57979043284,27.742441176607123,WIN,52336.31571923617,-0.007138310658640169
2019-03-27,14.362000465393066,14.273699588775635,3,25.60548029181853,25.60548029181853,52358.18527072466,26.62817284659588,WIN,52358.18527072466,0.0
2019-03-28,14.479999542236328,14.074760456085205,3,25.857045390344016,25.857045390344016,52384.042316115,26.908388372950625,WIN,52384.042316115,0.0
2019-03-29,14.425000190734863,14.190399551391602,3,26.21931729790179,26.21931729790179,52410.261633412905,26.976829300615517,WIN,52410.261633412905,0.0
2019-04-01,14.734000205993652,14.136500186920166,3,26.191801755441027,26.191801755441027,52436.45343516835,27.00987745534159,WIN,52436.45343516835,0.0
2019-04-02,14.619999885559082,14.439320201873779,3,26.797236383740966,26.797236383740966,52463.25067155209,27.0297988163373,WIN,52463.25067155209,0.0
2019-04-03,14.793000221252441,14.3275998878479,3,26.758526186044556,26.758526186044556,52490.00919773813,27.10608862740361,WIN,52490.00919773813,0.0
2019-04-04,14.456999778747559,14.497140216827392,3,26.549178530323072,14.507047106373196,52504.516244844504,26.87090564011752,LOSS,52504.516244844504,0.0
2019-04-05,14.652000427246094,14.167859783172608,3,27.93847998259339,27.93847998259339,52532.4547248271,27.78243604730517,WIN,52532.4547248271,0.0
2019-04-08,14.442000389099121,14.358960418701171,3,28.615456396837775,28.615456396837775,52561.070181223935,27.917925721913704,WIN,52561.070181223935,0.0
2019-04-09,14.413000106811523,14.153160381317138,3,25.682488263344297,25.682488263344297,52586.75266948728,26.76247665895243,WIN,52586.75266948728,0.0
2019-04-10,14.77400016784668,14.124740104675293,3,24.931105265874542,24.931105265874542,52611.68377475315,26.441321021760025,WIN,52611.68377475315,0.0
2019-04-11,14.85200023651123,14.478520164489746,3,26.741470065520076,26.741470065520076,52638.425244818674,26.972261858982414,WIN,52638.425244818674,0.0
2019-04-12,15.0649995803833,14.554960231781006,3,26.930760685943877,26.930760685943877,52665.35600550462,26.993686752313845,WIN,52665.35600550462,0.0
2019-04-15,14.954000473022461,14.763699588775635,3,27.897907068980913,27.897907068980913,52693.2539125736,27.248743156260407,WIN,52693.2539125736,0.0
2019-04-16,15.112000465393066,14.65492046356201,3,27.842633037415283,27.842633037415283,52721.09654561101,27.315213409803853,WIN,52721.09654561101,0.0
2019-04-17,14.810999870300293,14.809760456085204,3,28.368053783853398,28.368053783853398,52749.464599394865,27.416426214196246,WIN,52749.464599394865,0.0
2019-04-18,14.64799976348877,14.514779872894287,3,29.063052164102206,29.063052164102206,52778.527651558965,27.979138653714834,WIN,52778.527651558965,0.0
2019-04-22,14.734000205993652,14.355039768218994,3,28.47879114186439,28.47879114186439,52807.00644270083,27.85974198144998,WIN,52807.00644270083,0.0
2019-04-23,14.916000366210938,14.439320201873779,3,24.025737328391948,24.025737328391948,52831.03218002922,25.78561917116513,WIN,52831.03218002922,0.0
2019-04-24,14.954000473022461,14.617680358886718,3,24.722929411371478,24.722929411371478,52855.75510944059,25.96318069481743,WIN,52855.75510944059,0.0
2019-04-25,14.800000190734863,14.65492046356201,3,24.497058414326524,24.497058414326524,52880.25216785492,25.835415669180865,WIN,52880.25216785492,0.0
2019-04-26,14.942000389099121,14.504000186920166,3,23.903082641042644,23.903082641042644,52904.15525049596,25.68270463192536,WIN,52904.15525049596,0.0
2019-04-29,14.92300033569336,14.643160381317138,3,24.202705551107826,24.202705551107826,52928.35795604707,25.713816469625744,WIN,52928.35795604707,0.0
2019-04-30,14.970000267028809,14.624540328979492,3,24.0967209422507,24.0967209422507,52952.45467698932,25.680481403064174,WIN,52952.45467698932,0.0
2019-05-01,14.10200023651123,14.670600261688232,3,22.722335854527632,-147.8576716985729,52804.59700529075,25.039687509220457,LOSS,52952.45467698932,-0.2792272286535226
2019-05-02,14.083999633789062,13.819960231781005,3,30.822509654544803,30.822509654544803,52835.41951494529,29.456937661523483,WIN,52952.45467698932,-0.22101933282969222
2019-05-03,14.102999687194824,13.80231964111328,3,30.31561084746663,30.31561084746663,52865.73512579276,29.237356083314214,WIN,52952.45467698932,-0.1637687086001062
2019-05-06,14.145000457763672,13.820939693450928,3,29.262991420967513,29.262991420967513,52894.99811721373,28.724491178283593,WIN,52952.45467698932,-0.10850594203059974
2019-05-07,13.88700008392334,13.862100448608398,3,28.824697921455297,28.824697921455297,52923.82281513518,28.478787530698376,WIN,52952.45467698932,-0.054070886852735374
2019-05-08,13.79699993133545,13.609260082244873,3,28.59143671141515,28.59143671141515,52952.414251846596,28.618101589129445,WIN,52952.45467698932,-7.634233950250301e-05
2019-05-09,13.812999725341797,13.52105993270874,3,28.458748944977465,28.458748944977465,52980.87300079157,28.643323314335948,WIN,52980.87300079157,0.0
2019-05-10,13.925999641418457,13.536739730834961,3,26.515095758995827,26.515095758995827,53007.38809655057,27.696798443907603,WIN,53007.38809655057,0.0
2019-05-13,13.505000114440918,13.647479648590087,3,26.88930745349645,-15.854552791254292,52991.53354375931,27.7715105343527,LOSS,53007.38809655057,-0.029910081142611847
2019-05-14,13.649999618530273,13.234900112152099,3,26.946283279093564,26.946283279093564,53018.479827038405,28.19754974265897,WIN,53018.479827038405,0.0
2019-05-15,13.621999740600586,13.376999626159668,3,27.843471247765137,27.843471247765137,53046.323298286174,28.492106706427826,WIN,53046.323298286174,0.0
2019-05-16,13.805999755859375,13.349559745788573,3,27.20663466978884,27.20663466978884,53073.529932955964,28.210613477826186,WIN,53073.529932955964,0.0
2019-05-17,13.684000015258789,13.529879760742187,3,27.748855188983725,27.748855188983725,53101.27878814495,28.294323354894416,WIN,53101.27878814495,0.0
2019-05-20,13.626999855041504,13.410320014953614,3,27.42964006482658,27.42964006482658,53128.70842820977,28.25855124280564,WIN,53128.70842820977,0.0
2019-05-21,13.730999946594238,13.354459857940673,3,27.088677501218818,27.088677501218818,53155.79710571099,28.148511186660844,WIN,53155.79710571099,0.0
2019-05-22,13.626999855041504,13.456379947662354,3,26.950377664309073,26.950377664309073,53182.7474833753,27.982302329830944,WIN,53182.7474833753,0.0
2019-05-23,13.392000198364258,13.354459857940673,3,26.653433770183753,26.653433770183753,53209.40091714548,27.93724922800003,WIN,53209.40091714548,0.0
2019-05-24,13.407999992370605,13.124160194396973,3,26.519522712343264,26.519522712343264,53235.92043985782,28.098129656830395,WIN,53235.92043985782,0.0
2019-05-28,13.532999992370605,13.139839992523193,3,26.096521746779707,26.096521746779707,53262.016961604604,27.87382657090092,WIN,53262.016961604604,0.0
2019-05-29,13.375,13.262339992523193,3,26.83944054000756,26.83944054000756,53288.856402144615,28.118023541897237,WIN,53288.856402144615,0.0
2019-05-30,13.366000175476074,13.1075,3,26.46149313371314,26.46149313371314,53315.31789527833,28.086080402102468,WIN,53315.31789527833,0.0
2019-05-31,13.291000366210938,13.098680171966553,3,17.521705953533434,17.521705953533434,53332.83960123186,23.670895535320113,WIN,53332.83960123186,0.0
2019-06-03,13.09000015258789,13.025180358886718,3,17.447223358046614,17.447223358046614,53350.28682458991,23.68275765595144,WIN,53350.28682458991,0.0
2019-06-04,13.381999969482422,12.828200149536132,3,17.63056980422013,17.63056980422013,53367.91739439413,23.908728539072868,WIN,53367.91739439413,0.0
2019-06-05,13.437999725341797,13.114359970092773,3,20.19549811372605,20.19549811372605,53388.11289250785,24.98211510496285,WIN,53388.11289250785,0.0
2019-06-06,13.440999984741211,13.169239730834962,3,19.525221954877786,19.525221954877786,53407.63811446273,24.61059730648102,WIN,53407.63811446273,0.0
2019-06-07,13.71399974822998,13.172179985046386,3,19.448362953412577,19.448362953412577,53427.086477416145,24.57062938778101,WIN,53427.086477416145,0.0
2019-06-10,13.654999732971191,13.439719753265381,3,21.36608644530349,21.36608644530349,53448.45256386145,25.305044527997225,WIN,53448.45256386145,0.0
2019-06-11,13.413999557495117,13.381899738311768,3,21.063284164142633,21.063284164142633,53469.51584802559,25.202895053532252,WIN,53469.51584802559,0.0
2019-06-12,13.267999649047852,13.145719566345214,3,18.654914151562146,18.654914151562146,53488.17076217716,24.19864790563433,WIN,53488.17076217716,0.0
2019-06-13,13.204999923706055,13.002639656066894,3,18.33563908714321,18.33563908714321,53506.5064012643,24.140703654883204,WIN,53506.5064012643,0.0
2019-06-14,13.364999771118164,12.940899925231934,3,18.28714894930231,18.28714894930231,53524.7935502136,24.160024344527034,WIN,53524.7935502136,0.0
2019-06-17,14.125,13.097699775695801,3,18.36228555024568,18.36228555024568,53543.15583576385,24.087549925307698,WIN,53543.15583576385,0.0
2019-06-18,14.559000015258789,13.8425,3,29.191102030648242,29.191102030648242,53572.3469377945,28.66945070247926,WIN,53572.3469377945,0.0
2019-06-19,14.767000198364258,14.267820014953614,3,32.016291638495616,32.016291638495616,53604.363229432995,29.545495138607972,WIN,53604.363229432995,0.0
2019-06-20,14.788999557495117,14.471660194396973,3,32.72078080076534,32.72078080076534,53637.08401023376,29.65616705149626,WIN,53637.08401023376,0.0
2019-06-21,14.67199993133545,14.493219566345214,3,32.44369140577001,32.44369140577001,53669.527701639534,29.510437088539913,WIN,53669.527701639534,0.0
2019-06-24,14.157999992370605,14.37855993270874,3,31.369142630886635,-34.798839470553624,53634.72886216898,29.14172413969713,LOSS,53669.527701639534,-0.0648391013686719
2019-06-25,14.015999794006348,13.874839992523192,3,33.83089908776518,33.83089908776518,53668.55976125674,30.805224195540035,WIN,53669.527701639534,-0.0018035194722997965
2019-06-26,13.911999702453613,13.73567979812622,3,33.72997030011478,33.72997030011478,53702.289731556855,30.917721613741122,WIN,53702.289731556855,0.0
2019-06-27,14.102999687194824,13.633759708404542,3,33.26277706649461,33.26277706649461,53735.55250862335,30.814591344802526,WIN,53735.55250862335,0.0
2019-06-28,14.331000328063965,13.820939693450928,3,33.97676127739094,33.97676127739094,53769.52926990074,30.93527311374177,WIN,53769.52926990074,0.0
2019-07-01,14.003000259399414,14.044380321502686,3,34.70790188393098,22.293883252949364,53791.82315315369,31.019202220986383,LOSS,53791.82315315369,0.0
2019-07-02,14.050000190734863,13.722940254211425,3,34.67981616311074,34.67981616311074,53826.502969316796,31.381162497558314,WIN,53826.502969316796,0.0
2019-07-03,14.116000175476074,13.769000186920167,3,33.99429283519677,33.99429283519677,53860.49726215199,31.003637654173453,WIN,53860.49726215199,0.0
2019-07-05,14.02400016784668,13.833680171966552,3,34.15805971268642,34.15805971268642,53894.65532186468,31.005548693827276,WIN,53894.65532186468,0.0
2019-07-08,12.593000411987305,13.743520164489746,3,34.10182988170685,-311.0540958690257,53583.601225995655,31.08402738864933,LOSS,53894.65532186468,-0.5771520274345885
2019-07-09,12.39900016784668,12.34114040374756,3,46.01919561761453,46.01919561761453,53629.62042161327,39.171234645466676,WIN,53894.65532186468,-0.49176471891061413
2019-07-10,12.295999526977539,12.151020164489745,3,45.47489088791239,45.47489088791239,53675.09531250118,39.25906334351401,WIN,53894.65532186468,-0.4073873523306982
2019-07-11,12.279000282287598,12.050079536437988,3,44.88638574188919,44.88638574188919,53719.98169824307,39.145701548092454,WIN,53894.65532186468,-0.32410194031010986
2019-07-12,12.302000045776367,12.033420276641845,3,44.764135580429596,44.764135580429596,53764.7458338235,39.11327625984265,WIN,53894.65532186468,-0.24104335998689666
2019-07-15,12.362000465393066,12.05596004486084,3,44.87861127240166,44.87861127240166,53809.624445095906,39.129743978801415,WIN,53894.65532186468,-0.15777237327330737
2019-07-16,12.449999809265137,12.114760456085206,3,44.87833387420336,44.87833387420336,53854.50277897011,39.01247901148105,WIN,53894.65532186468,-0.07450190126418395
2019-07-17,12.25100040435791,12.200999813079834,3,40.176379154926764,40.176379154926764,53894.679158125036,36.34472077338323,WIN,53894.679158125036,0.0
2019-07-18,12.265999794006348,12.005980396270752,3,37.53927181368035,37.53927181368035,53932.218429938715,35.26764638382613,WIN,53932.218429938715,0.0
2019-07-19,12.175000190734863,12.02067979812622,3,36.93167954350921,36.93167954350921,53969.15010948222,34.91522118315271,WIN,53969.15010948222,0.0
2019-07-22,12.225000381469727,11.931500186920166,3,36.48864555145626,36.48864555145626,54005.63875503368,34.82338404401075,WIN,54005.63875503368,0.0
2019-07-23,12.157999992370605,11.980500373840332,3,36.903630903426034,36.903630903426034,54042.54238593711,34.96683574623432,WIN,54042.54238593711,0.0
2019-07-24,12.27299976348877,11.914839992523193,3,35.58088711722773,35.58088711722773,54078.123273054334,34.35725012303013,WIN,54078.123273054334,0.0
2019-07-25,12.218999862670898,12.027539768218993,3,36.318651831880864,36.318651831880864,54114.44192488622,34.573478886995076,WIN,54114.44192488622,0.0
2019-07-26,12.331999778747559,11.97461986541748,3,36.16193655464369,36.16193655464369,54150.60386144086,34.57514774641503,WIN,54150.60386144086,0.0
2019-07-29,12.218000411987305,12.085359783172608,3,36.24412381182282,36.24412381182282,54186.84798525269,34.43985967684968,WIN,54186.84798525269,0.0
2019-07-30,12.319000244140625,11.973640403747558,3,35.05987692316938,35.05987692316938,54221.90786217586,33.980134270627104,WIN,54221.90786217586,0.0
2019-07-31,13.67300033569336,12.072620239257812,3,35.30567582720912,35.30567582720912,54257.21353800307,33.956497332705474,WIN,54257.21353800307,0.0
2019-08-01,13.54800033569336,13.399540328979493,3,57.87335094216784,57.87335094216784,54315.08688894523,42.99650595546794,WIN,54315.08688894523,0.0
2019-08-02,13.430000305175781,13.277040328979492,3,57.38140198259836,57.38140198259836,54372.46829092783,43.01463606518545,WIN,54372.46829092783,0.0
2019-08-05,13.251999855041504,13.161400299072266,3,56.913736500527364,56.913736500527364,54429.38202742836,43.0304522602697,WIN,54429.38202742836,0.0
2019-08-06,13.40999984741211,12.986959857940674,3,42.14403433921396,42.14403433921396,54471.526061767574,36.035057977326176,WIN,54471.526061767574,0.0
2019-08-07,13.835000038146973,13.141799850463867,3,42.18176074899918,42.18176074899918,54513.707822516575,35.80582589011266,WIN,54513.707822516575,0.0
2019-08-08,14.027000427246094,13.558300037384033,3,44.37143140830987,44.37143140830987,54558.07925392489,36.213547614502225,WIN,54558.07925392489,0.0
2019-08-09,14.069999694824219,13.746460418701172,3,44.96859133515081,44.96859133515081,54603.04784526004,36.204766852826964,WIN,54603.04784526004,0.0
2019-08-12,14.074000358581543,13.788599700927733,3,45.088360546437556,45.088360546437556,54648.13620580648,36.196267167186406,WIN,54648.13620580648,0.0
2019-08-13,13.873000144958496,13.792520351409912,3,45.16780568427282,45.16780568427282,54693.30401149075,36.227578879911235,WIN,54693.30401149075,0.0
2019-08-14,13.795000076293945,13.595540142059326,3,45.20969395335448,45.20969395335448,54738.5137054441,36.55510808766634,WIN,54738.5137054441,0.0
2019-08-15,13.638999938964844,13.519100074768065,3,44.39287025572894,44.39287025572894,54782.90657569983,36.285337809249384,WIN,54782.90657569983,0.0
2019-08-16,13.732999801635742,13.366219940185546,3,44.33163728696123,44.33163728696123,54827.23821298679,36.4990996404608,WIN,54827.23821298679,0.0
2019-08-19,13.975000381469727,13.458339805603027,3,44.34892079771754,44.34892079771754,54871.58713378451,36.3602667005946,WIN,54871.58713378451,0.0
2019-08-20,14.050999641418457,13.695500373840332,3,45.31455128105829,45.31455128105829,54916.90168506557,36.447411482924565,WIN,54916.90168506557,0.0
2019-08-21,14.08899974822998,13.769979648590088,3,45.297220614533785,45.297220614533785,54962.1989056801,36.32324814727315,WIN,54962.1989056801,0.0
2019-08-22,14.121999740600586,13.80721975326538,3,45.44959033379966,45.44959033379966,55007.648496013906,36.337269387790634,WIN,55007.648496013906,0.0
2019-08-23,13.810999870300293,13.839559745788574,3,45.366730330263806,36.798767683779644,55044.447263697686,36.2485994290396,LOSS,55044.447263697686,0.0
2019-08-26,13.961999893188477,13.534779872894287,3,45.69186802439577,45.69186802439577,55090.139131722084,36.88279647849761,WIN,55090.139131722084,0.0
2019-08-27,13.871999740600586,13.682759895324708,3,45.823288327391666,45.823288327391666,55135.96242004947,36.708391723422466,WIN,55135.96242004947,0.0
2019-08-28,13.946000099182129,13.594559745788574,3,45.79822591464282,45.79822591464282,55181.76064596412,36.837283471008135,WIN,55181.76064596412,0.0
2019-08-29,14.138999938964844,13.667080097198486,3,21.374426072224843,21.374426072224843,55203.13507203634,25.13756908820733,WIN,55203.13507203634,0.0
2019-08-30,14.329000473022461,13.856219940185547,3,21.78366121496123,21.78366121496123,55224.9187332513,25.19063414457623,WIN,55224.9187332513,0.0
2019-09-03,14.359999656677246,14.042420463562012,3,22.01311052464702,22.01311052464702,55246.93184377595,25.161423356228973,WIN,55246.93184377595,0.0
2019-09-04,13.717000007629395,14.072799663543702,3,21.025800129383615,-85.71409664490851,55161.21774713104,24.684721376826744,LOSS,55246.93184377595,-0.15514725213571165
2019-09-05,14.140999794006348,13.442660007476807,3,26.68893250250678,26.68893250250678,55187.90667963355,27.869482780518176,WIN,55246.93184377595,-0.1068388092741724
2019-09-06,13.98900032043457,13.858179798126221,3,27.384059440045007,27.384059440045007,55215.29073907359,27.808749773915956,WIN,55246.93184377595,-0.05727214823771648
2019-09-09,14.369000434875488,13.70922031402588,3,26.95985395111046,26.95985395111046,55242.250593024706,27.747349221421086,WIN,55246.93184377595,-0.008473322581028475
2019-09-10,14.496000289916992,14.081620426177977,3,29.604059893227976,29.604059893227976,55271.85465291794,28.62742325576756,WIN,55271.85465291794,0.0
2019-09-11,14.753999710083008,14.206080284118652,3,30.00926583436391,30.00926583436391,55301.8639187523,28.69292439939113,WIN,55301.8639187523,0.0
2019-09-12,14.84000015258789,14.458919715881347,3,30.4280087973685,30.4280087973685,55332.29192754967,28.641206749127296,WIN,55332.29192754967,0.0
2019-09-13,14.57800006866455,14.543200149536133,3,30.39181578404264,30.39181578404264,55362.68374333371,28.546021837850535,WIN,55362.68374333371,0.0
2019-09-16,14.744999885559082,14.28644006729126,3,30.469352581093176,30.469352581093176,55393.15309591481,28.82465515828835,WIN,55393.15309591481,0.0
2019-09-17,14.901000022888184,14.4500998878479,3,30.95424795449534,30.95424795449534,55424.107343869306,28.885595582274767,WIN,55424.107343869306,0.0
2019-09-18,14.812999725341797,14.602980022430419,3,30.878767059379104,30.878767059379104,55454.98611092869,28.70672074121226,WIN,55454.98611092869,0.0
2019-09-19,15.045000076293945,14.51673973083496,3,30.898921071068823,30.898921071068823,55485.88503199976,28.79714818910106,WIN,55485.88503199976,0.0
2019-09-20,14.904999732971191,14.744100074768067,3,31.809928931948633,31.809928931948633,55517.69496093171,28.984905408738634,WIN,55517.69496093171,0.0
2019-09-23,15.059000015258789,14.606899738311768,3,31.923671267868542,31.923671267868542,55549.61863219958,29.166738782980403,WIN,55549.61863219958,0.0
2019-09-24,14.887999534606934,14.757820014953612,3,30.570285139009975,30.570285139009975,55580.188917338586,28.427414155023506,WIN,55580.188917338586,0.0
2019-09-25,14.956999778747559,14.590239543914794,3,30.73003159837785,30.73003159837785,55610.91894893697,28.65261014441102,WIN,55610.91894893697,0.0
2019-09-26,14.937000274658203,14.657859783172608,3,30.59490731845714,30.59490731845714,55641.51385625543,28.52987185717632,WIN,55641.51385625543,0.0
2019-09-27,14.70300006866455,14.63826026916504,3,30.618402233947215,30.618402233947215,55672.13225848937,28.558391304077034,WIN,55672.13225848937,0.0
2019-09-30,14.836999893188477,14.40894006729126,3,30.734925197887726,30.734925197887726,55702.86718368726,28.826594616409032,WIN,55702.86718368726,0.0
2019-10-01,14.633999824523926,14.540259895324708,3,30.798381833774414,30.798381833774414,55733.665565521034,28.730009385655087,WIN,55733.665565521034,0.0
2019-10-02,14.489999771118164,14.341319828033447,3,30.98470295161056,30.98470295161056,55764.650268472644,29.004684201203588,WIN,55764.650268472644,0.0
2019-10-03,14.541999816894531,14.2001997756958,3,24.81391382758352,24.81391382758352,55789.464182300224,26.327026583677213,WIN,55789.464182300224,0.0
2019-10-04,14.659000396728516,14.25115982055664,3,22.090459043343024,22.090459043343024,55811.554641343566,25.047768826822995,WIN,55811.554641343566,0.0
2019-10-07,14.734999656677246,14.365820388793946,3,21.81036396741409,21.81036396741409,55833.36500531098,24.841189286422942,WIN,55833.36500531098,0.0
2019-10-08,14.395999908447266,14.440299663543701,3,19.41982122537886,6.129894696448154,55839.49490000743,23.717342834209525,LOSS,55839.49490000743,0.0
2019-10-09,14.437000274658203,14.10807991027832,3,20.881598296728384,20.881598296728384,55860.376498304155,24.59424778098866,WIN,55860.376498304155,0.0
2019-10-10,14.35200023651123,14.14826026916504,3,19.664694832173822,19.664694832173822,55880.04119313633,24.00947065597059,WIN,55880.04119313633,0.0
2019-10-11,14.414999961853027,14.064960231781006,3,19.428075180256034,19.428075180256034,55899.469268316585,23.95377900859743,WIN,55899.469268316585,0.0
2019-10-14,14.394000053405762,14.126699962615966,3,18.49509732577944,18.49509732577944,55917.964365642365,23.486546674894655,WIN,55917.964365642365,0.0
2019-10-15,14.418000221252441,14.106120052337646,3,17.816620957739755,17.816620957739755,55935.780986600104,23.187152300052865,WIN,55935.780986600104,0.0
2019-10-16,14.340999603271484,14.129640216827392,3,17.246159968328,17.246159968328,55953.027146568435,22.911820232839098,WIN,55953.027146568435,0.0
2019-10-17,14.371999740600586,14.054179611206054,3,17.13330693574067,17.13330693574067,55970.16045350418,22.902250634915134,WIN,55970.16045350418,0.0
2019-10-18,14.3149995803833,14.084559745788575,3,15.782484357606503,15.782484357606503,55985.942937861786,22.26352098431934,WIN,55985.942937861786,0.0
2019-10-21,14.402000427246094,14.028699588775634,3,15.47942154132535,15.47942154132535,56001.422359403114,22.152410240655136,WIN,56001.422359403114,0.0
2019-10-22,14.302000045776367,14.113960418701172,3,15.125142297239965,15.125142297239965,56016.547501700355,21.946494215354832,WIN,56016.547501700355,0.0
2019-10-23,14.260000228881836,14.01596004486084,3,14.694732030023111,14.694732030023111,56031.24223373038,21.79600867181825,WIN,56031.24223373038,0.0
2019-10-24,14.460000038146973,13.974800224304198,3,14.409949308159582,14.409949308159582,56045.65218303854,21.683930866498134,WIN,56045.65218303854,0.0
2019-10-25,14.57699966430664,14.170800037384033,3,15.936416923791047,15.936416923791047,56061.58859996233,22.28972957443977,WIN,56061.58859996233,0.0
2019-10-28,14.616999626159668,14.285459671020508,3,15.384095812261215,15.384095812261215,56076.97269577459,21.980601735983065,WIN,56076.97269577459,0.0
2019-10-29,14.664999961853027,14.324659633636474,3,14.98667683321971,14.98667683321971,56091.95937260781,21.78166191662035,WIN,56091.95937260781,0.0
2019-10-30,15.340999603271484,14.371699962615967,3,14.10370525012058,14.10370525012058,56106.06307785793,21.361216630317003,WIN,56106.06307785793,0.0
2019-10-31,15.324999809265137,15.034179611206055,3,23.426091350513502,23.426091350513502,56129.48916920844,25.10032160657294,WIN,56129.48916920844,0.0
2019-11-01,15.369000434875488,15.018499813079833,3,23.45601175177564,23.45601175177564,56152.94518096022,25.123780524794455,WIN,56152.94518096022,0.0
2019-11-04,15.35099983215332,15.061620426177978,3,23.40942911606531,23.40942911606531,56176.35461007628,25.0747488487538,WIN,56176.35461007628,0.0
2019-11-05,15.5,15.043979835510253,3,23.395478016359043,23.395478016359043,56199.750088092645,25.08055131775773,WIN,56199.750088092645,0.0
2019-11-06,15.496000289916992,15.19,3,21.065213490568222,21.065213490568222,56220.815301583214,23.989244550084898,WIN,56220.815301583214,0.0
2019-11-07,15.57800006866455,15.186080284118653,3,21.123783149691363,21.123783149691363,56241.939084732905,24.01656490664008,WIN,56241.939084732905,0.0
2019-11-08,15.61299991607666,15.26644006729126,3,20.826609060620985,20.826609060620985,56262.765693793524,23.842923992856832,WIN,56262.765693793524,0.0
2019-11-11,15.592000007629395,15.300739917755127,3,20.888431311918715,20.888431311918715,56283.654125105444,23.84929142808179,WIN,56283.654125105444,0.0
2019-11-12,15.805999755859375,15.280160007476807,3,20.854943203770045,20.854943203770045,56304.50906830921,23.847003799473008,WIN,56304.50906830921,0.0
2019-11-13,15.696000099182129,15.489879760742188,3,21.497966353593586,21.497966353593586,56326.007034662805,23.996310506103477,WIN,56326.007034662805,0.0
2019-11-14,15.663999557495117,15.382080097198486,3,21.50037230392423,21.50037230392423,56347.50740696673,24.060371727196987,WIN,56347.50740696673,0.0
2019-11-15,15.640000343322754,15.350719566345214,3,21.61678757835007,21.61678757835007,56369.12419454508,24.128039723586774,WIN,56369.12419454508,0.0
2019-11-18,15.52299976348877,15.327200336456299,3,21.4329380085074,21.4329380085074,56390.55713255359,24.06429389245256,WIN,56390.55713255359,0.0
2019-11-19,15.74899959564209,15.212539768218994,3,21.8308855864426,21.8308855864426,56412.38801814004,24.302179836703537,WIN,56412.38801814004,0.0
2019-11-20,15.402000427246094,15.434019603729247,3,22.04840596330716,12.442653018361128,56424.8306711584,24.26004833355352,LOSS,56424.8306711584,0.0
2019-11-21,14.949999809265137,15.093960418701172,3,24.103967326327933,-19.084215504482785,56405.74645565392,25.351431857298834,LOSS,56424.8306711584,-0.03382237089146644
2019-11-22,15.15999984741211,14.650999813079833,3,26.4936178492784,26.4936178492784,56432.2400735032,26.721659708004047,WIN,56432.2400735032,0.0
2019-11-25,15.276000022888184,14.856799850463867,3,27.21677579478353,27.21677579478353,56459.45684929798,26.87480556840042,WIN,56459.45684929798,0.0
2019-11-26,15.239999771118164,14.97048002243042,3,27.520036964609794,27.520036964609794,56486.97688626259,26.91594229028683,WIN,56486.97688626259,0.0
2019-11-27,15.26200008392334,14.9351997756958,3,27.51691194753583,27.51691194753583,56514.493798210126,26.942734080549833,WIN,56514.493798210126,0.0
2019-11-29,15.032999992370605,14.956760082244873,3,19.976294269460716,19.976294269460716,56534.47009247958,23.6575000758438,WIN,56534.47009247958,0.0
2019-12-02,15.008000373840332,14.732339992523194,3,20.564782897292183,20.564782897292183,56555.03487537688,24.04831060664583,WIN,56555.03487537688,0.0
2019-12-03,14.998000144958496,14.707840366363525,3,20.469543378548057,20.469543378548057,56575.50441875542,24.021408562376813,WIN,56575.50441875542,0.0
2019-12-04,15.15999984741211,14.698040142059327,3,20.456722570226688,20.456722570226688,56595.96114132565,24.021769575468227,WIN,56595.96114132565,0.0
2019-12-05,14.986000061035156,14.856799850463867,3,20.781922236399495,20.781922236399495,56616.74306356205,24.067249102377524,WIN,56616.74306356205,0.0
2019-12-06,15.15999984741211,14.686280059814452,3,20.961298823671832,20.961298823671832,56637.70436238572,24.25169885534413,WIN,56637.70436238572,0.0
2019-12-09,15.229999542236328,14.856799850463867,3,21.712494535048243,21.712494535048243,56659.41685692077,24.473262114246154,WIN,56659.41685692077,0.0
2019-12-10,15.270000457763672,14.925399551391601,3,21.901673217894356,21.901673217894356,56681.31853013866,24.51188154504756,WIN,56681.31853013866,0.0
2019-12-11,15.04699993133545,14.964600448608397,3,22.01390553199331,22.01390553199331,56703.33243567066,24.535579187443783,WIN,56703.33243567066,0.0
2019-12-12,14.6850004196167,14.74605993270874,3,21.41214067652212,3.094286748910072,56706.426722419565,24.412374480980667,LOSS,56706.426722419565,0.0
2019-12-13,14.53499984741211,14.391300411224364,3,22.530343011759026,22.530343011759026,56728.95706543132,25.148056325975283,WIN,56728.95706543132,0.0
2019-12-16,14.652999877929688,14.244299850463866,3,22.456806145814845,22.456806145814845,56751.41387157713,25.219319732774466,WIN,56751.41387157713,0.0
2019-12-17,14.734999656677246,14.359939880371094,3,23.099597178168814,23.099597178168814,56774.5134687553,25.427180445701172,WIN,56774.5134687553,0.0
2019-12-18,14.581999778747559,14.440299663543701,3,23.40441577236542,23.40441577236542,56797.91788452766,25.50598322993109,WIN,56797.91788452766,0.0
2019-12-19,14.595000267028809,14.290359783172606,3,22.235409839128113,22.235409839128113,56820.15329436679,25.08595625197995,WIN,56820.15329436679,0.0
2019-12-20,14.520000457763672,14.303100261688233,3,20.992260889767664,20.992260889767664,56841.14555525656,24.51358354833031,WIN,56841.14555525656,0.0
2019-12-23,14.432999610900879,14.229600448608398,3,17.842020082242733,17.842020082242733,56858.987575338804,23.12767674525007,WIN,56858.987575338804,0.0
2019-12-24,14.4399995803833,14.144339618682862,3,16.642461176564034,16.642461176564034,56875.630036515366,22.626933877968742,WIN,56875.630036515366,0.0
2019-12-26,14.505000114440918,14.151199588775635,3,16.191353251223337,16.191353251223337,56891.82138976659,22.4166023783217,WIN,56891.82138976659,0.0
2019-12-27,14.47599983215332,14.2149001121521,3,16.509110483425214,16.509110483425214,56908.33050025002,22.528266177424292,WIN,56908.33050025002,0.0
2019-12-30,14.20199966430664,14.186479835510253,3,16.401804733819613,16.401804733819613,56924.73230498384,22.49431764325214,WIN,56924.73230498384,0.0
2019-12-31,14.262999534606934,13.917959671020508,3,16.614714023912,16.614714023912,56941.34701900775,22.73806549267274,WIN,56941.34701900775,0.0
2020-01-02,14.430999755859375,13.977739543914794,3,16.902734444082654,16.902734444082654,56958.24975345183,22.8385391003311,WIN,56958.24975345183,0.0
2020-01-03,14.357000350952148,14.142379760742188,3,17.968946924160694,17.968946924160694,56976.218700376,23.235979087960473,WIN,56976.218700376,0.0
2020-01-06,14.425000190734863,14.069860343933104,3,17.15093942496718,17.15093942496718,56993.36963980096,22.901567068393035,WIN,56993.36963980096,0.0
2020-01-07,14.38700008392334,14.136500186920166,3,17.067291565341463,17.067291565341463,57010.436931366305,22.825963334185474,WIN,57010.436931366305,0.0
2020-01-08,14.371000289916992,14.099260082244873,3,16.11825348310362,16.11825348310362,57026.55518484941,22.41031661156485,WIN,57026.55518484941,0.0
2020-01-09,14.350000381469727,14.083580284118652,3,15.849527726774738,15.849527726774738,57042.40471257618,22.294883431373005,WIN,57042.40471257618,0.0
2020-01-10,14.23900032043457,14.063000373840332,3,15.682902000795504,15.682902000795504,57058.08761457697,22.228755649282512,WIN,57058.08761457697,0.0
2020-01-13,14.458999633789062,13.954220314025878,3,14.989581935699306,14.989581935699306,57073.07719651267,21.963042553235255,WIN,57073.07719651267,0.0
2020-01-14,14.47700023651123,14.16981964111328,3,14.123683199277608,14.123683199277608,57087.20087971195,21.460985249322746,WIN,57087.20087971195,0.0
2020-01-15,14.626999855041504,14.187460231781005,3,13.612966065793765,13.612966065793765,57100.813845777746,21.219610801210287,WIN,57100.813845777746,0.0
2020-01-16,14.67199993133545,14.334459857940674,3,13.999180363915533,13.999180363915533,57114.81302614166,21.330476203035776,WIN,57114.81302614166,0.0
2020-01-17,14.673999786376953,14.37855993270874,3,13.911137799378848,13.911137799378848,57128.724163941035,21.271369145882474,WIN,57128.724163941035,0.0
2020-01-21,14.595000267028809,14.380519790649414,3,13.255609395321612,13.255609395321612,57141.97977333636,20.975031764889266,WIN,57141.97977333636,0.0
2020-01-22,14.592000007629395,14.303100261688233,3,13.369711465105585,13.369711465105585,57155.34948480147,21.059083759879826,WIN,57155.34948480147,0.0
2020-01-23,14.574000358581543,14.300160007476807,3,13.197752334967777,13.197752334967777,57168.54723713644,20.98238255980845,WIN,57168.54723713644,0.0
2020-01-24,14.315999984741211,14.282520351409913,3,13.116600322723388,13.116600322723388,57181.663837459164,20.87578267584629,WIN,57181.663837459164,0.0
2020-01-27,14.253000259399414,14.029679985046386,3,14.515488291467438,14.515488291467438,57196.17932575063,21.706547258107395,WIN,57196.17932575063,0.0
2020-01-28,14.399999618530273,13.967940254211426,3,14.387921912925085,14.387921912925085,57210.56724766355,21.676991260052873,WIN,57210.56724766355,0.0
2020-01-29,15.260000228881836,14.111999626159667,3,15.147974107177085,15.147974107177085,57225.715221770726,21.957946773565045,WIN,57225.715221770726,0.0
2020-01-30,15.270000457763672,14.954800224304199,3,27.850553294233848,27.850553294233848,57253.56577506496,27.071696721313337,WIN,57253.56577506496,0.0
2020-01-31,15.20300006866455,14.964600448608397,3,27.895097104689704,27.895097104689704,57281.46087216965,27.083085711284834,WIN,57281.46087216965,0.0
2020-02-03,14.947999954223633,14.89894006729126,3,27.713932754119135,27.713932754119135,57309.17480492377,27.057517198545845,WIN,57309.17480492377,0.0
2020-02-04,15.180999755859375,14.649039955139159,3,28.200446494028572,28.200446494028572,57337.3752514178,27.478486839823194,WIN,57337.3752514178,0.0
2020-02-05,15.284000396728516,14.877379760742187,3,29.148845453048395,29.148845453048395,57366.524096870846,27.70018399869479,WIN,57366.524096870846,0.0
2020-02-06,15.223999977111816,14.978320388793945,3,29.299064271674506,29.299064271674506,57395.82316114252,27.679605420309493,WIN,57395.82316114252,0.0
2020-02-07,15.265999794006348,14.91951997756958,3,29.27864975229209,29.27864975229209,57425.10181089481,27.720708434837967,WIN,57425.10181089481,0.0
2020-02-10,15.145000457763672,14.96067979812622,3,29.296827531386075,29.296827531386075,57454.398638426195,27.693587203117588,WIN,57454.398638426195,0.0
2020-02-11,15.210000038146973,14.842100448608399,3,29.07722320159922,29.07722320159922,57483.4758616278,27.69909195815049,WIN,57483.4758616278,0.0
2020-02-12,14.984000205993652,14.905800037384033,3,28.733116573037183,28.733116573037183,57512.20897820083,27.495180909504192,WIN,57512.20897820083,0.0
2020-02-13,14.807000160217285,14.68432020187378,3,29.169501571374138,29.169501571374138,57541.37847977221,27.876275688165933,WIN,57541.37847977221,0.0
2020-02-14,14.883999824523926,14.510860157012939,3,29.081471137390402,29.081471137390402,57570.4599509096,27.990872485461736,WIN,57570.4599509096,0.0
2020-02-18,14.79699993133545,14.586319828033448,3,29.273527725354434,29.273527725354434,57599.73347863495,28.00901559929295,WIN,57599.73347863495,0.0
2020-02-19,14.960000038146973,14.50105993270874,3,29.223141490660073,29.223141490660073,57628.95662012562,28.062979872799446,WIN,57628.95662012562,0.0
2020-02-20,14.979999542236328,14.660800037384034,3,29.71994920768555,29.71994920768555,57658.6765693333,28.140306547543766,WIN,57658.6765693333,0.0
2020-02-21,14.994999885559082,14.680399551391602,3,29.752312168695887,29.752312168695887,57688.428881502,28.137052959445317,WIN,57688.428881502,0.0
2020-02-24,14.588000297546387,14.6950998878479,3,29.761483484648974,-2.3683936058052772,57686.06048789619,28.12795674386251,LOSS,57688.428881502,-0.004105491606770435
2020-02-25,14.005000114440918,14.296240291595458,3,30.176125243909965,-57.195927902452055,57628.86455999374,28.682225339060423,LOSS,57688.428881502,-0.10325176584477853
2020-02-26,14.01200008392334,13.724900112152099,3,32.79984255987003,32.79984255987003,57661.66440255361,30.490936405992414,WIN,57688.428881502,-0.04639488276473312
2020-02-27,13.621999740600586,13.731760082244874,3,32.53241870429879,-0.39568378898749046,57661.26871876462,30.356959913552274,LOSS,57688.428881502,-0.04708078078043096
2020-02-28,13.515999794006348,13.349559745788573,3,22.900157816754557,22.900157816754557,57684.168876581374,26.119535259327698,WIN,57688.428881502,-0.007384505009442229
2020-03-02,13.67199993133545,13.24567979812622,3,22.607819327201824,22.607819327201824,57706.77669590858,26.063677962576683,WIN,57706.77669590858,0.0
2020-03-03,13.439000129699707,13.39855993270874,3,23.75620179585901,23.75620179585901,57730.53289770444,26.49301535308917,WIN,57730.53289770444,0.0
2020-03-04,13.616999626159668,13.170220127105713,3,23.36980806367911,23.36980806367911,57753.90270576812,26.502102040159077,WIN,57753.90270576812,0.0
2020-03-05,13.687999725341797,13.344659633636475,3,23.40415872229982,23.40415872229982,57777.30686449042,26.368433818733962,WIN,57777.30686449042,0.0
2020-03-06,13.628000259399414,13.41423973083496,3,23.418225358974798,23.418225358974798,57800.725089849395,26.316262728220952,WIN,57800.725089849395,0.0
2020-03-09,12.942999839782715,13.355440254211425,3,23.312098130930625,-100.42002619768243,57700.305063651715,26.314575326456264,LOSS,57800.725089849395,-0.17373489007548007
2020-03-10,12.998000144958496,12.68413984298706,3,26.816435633632963,26.816435633632963,57727.12149928535,28.70424565673075,WIN,57800.725089849395,-0.12734025472800065
2020-03-11,12.414999961853027,12.738040142059326,3,27.271669833746998,-69.64038422814257,57657.481115057206,28.87791495092862,LOSS,57800.725089849395,-0.2478238371050203
2020-03-12,10.852999687194824,12.166699962615967,3,28.487605209932177,-365.6224774164106,57291.8586376408,30.177430339278636,LOSS,57800.725089849395,-0.8803807416214584
2020-03-13,11.133000373840332,10.635939693450927,3,41.97664017062718,41.97664017062718,57333.83527781143,40.5827314950907,WIN,57800.725089849395,-0.8077577077315238
2020-03-16,10.666000366210938,10.910340366363526,3,44.79095488488552,-28.511045160890987,57305.324232650535,41.61136343105191,LOSS,57800.725089849395,-0.8570841566931466
2020-03-17,10.935999870300293,10.452680358886719,3,43.252138191988294,43.252138191988294,57348.57637084252,41.82223828022713,WIN,57800.725089849395,-0.7822544065044547
2020-03-18,9.220000267028809,10.717279872894286,3,45.90567730770826,-403.27820445193504,56945.29816639059,42.76495230491487,LOSS,57800.725089849395,-1.479958810428541
2020-03-19,10.538000106811523,9.035600261688232,3,51.71212950321093,51.71212950321093,56997.0102958938,52.098001753950136,WIN,57800.725089849395,-1.390492580683452
2020-03-20,10.074000358581543,10.327240104675292,3,75.31155634888694,-0.6603674792378342,56996.349928414566,62.27074561794417,LOSS,57800.725089849395,-1.3916350706404699
2020-03-23,10.246999740600586,9.872520351409912,3,72.22044285158384,72.22044285158384,57068.57037126615,62.41843472277474,WIN,57800.725089849395,-1.2666877750151657
2020-03-24,10.689000129699707,10.042059745788574,3,74.02809224317596,74.02809224317596,57142.59846350933,62.78469968432773,WIN,57800.725089849395,-1.1386130975295405
2020-03-25,10.413000106811523,10.475220127105713,3,78.62946147049225,59.96345538223543,57202.56191889156,63.65609464159066,LOSS,57800.725089849395,-1.0348713965577598
2020-03-26,11.053999900817871,10.204740104675293,3,76.61090338636673,76.61090338636673,57279.17282227793,63.663544607027646,WIN,57800.725089849395,-0.9023282437386917
2020-03-27,10.630999565124512,10.832919902801514,3,84.08255750656171,23.506456203461042,57302.67927848139,65.31245222468968,LOSS,57800.725089849395,-0.861660144563603
2020-03-30,11.02400016784668,10.41837957382202,3,81.31030254375013,81.31030254375013,57383.98958102514,65.58951377063333,WIN,57800.725089849395,-0.7209866453689857
2020-03-31,11.8100004196167,10.803520164489745,3,85.24361663615042,85.24361663615042,57469.23319766129,66.14600123392319,WIN,57800.725089849395,-0.5735081898588813
2020-04-01,11.33899974822998,11.573800411224365,3,94.69561838437156,24.25541948605617,57493.48861714735,68.0357848413723,LOSS,57800.725089849395,-0.5315443227130064
2020-04-02,11.449000358581543,11.11221975326538,3,91.3575596577583,91.3575596577583,57584.846176805106,68.29160168600991,WIN,57800.725089849395,-0.3734882438044026
2020-04-03,11.222999572753906,11.220020351409913,3,92.31276624294027,92.31276624294027,57677.158943048045,68.3314295278609,WIN,57800.725089849395,-0.21377957907841103
2020-04-06,11.602999687194824,10.998539581298829,3,90.57110898858535,90.57110898858535,57767.73005203663,68.37891817550951,WIN,57800.725089849395,-0.05708412439717962
2020-04-07,11.770999908447266,11.370939693450927,3,93.37740548830227,93.37740548830227,57861.10745752494,68.23050065819099,WIN,57861.10745752494,0.0
2020-04-08,12.300000190734863,11.53557991027832,3,94.86961042441297,94.86961042441297,57955.97706794935,68.30927663597433,WIN,57955.97706794935,0.0
2020-04-09,12.541999816894531,12.054000186920165,3,99.19033774423144,99.19033774423144,58055.16740569358,68.34003293947526,WIN,58055.16740569358,0.0
2020-04-13,12.208999633789062,12.29115982055664,3,90.5659499981167,65.91789396784347,58121.08529966143,62.762514838853136,LOSS,58121.08529966143,0.0
2020-04-14,12.649999618530273,11.964819641113282,3,88.70168401939,88.70168401939,58209.78698368082,63.05524691360492,WIN,58209.78698368082,0.0
2020-04-15,12.260000228881836,12.396999626159667,3,90.7382560291334,49.63843684578398,58259.425420526604,62.444835393735474,LOSS,58259.425420526604,0.0
2020-04-16,12.413000106811523,12.0148002243042,3,88.78423641972132,88.78423641972132,58348.209656946325,62.899878777320836,WIN,58348.209656946325,0.0
2020-04-17,12.652999877929688,12.164740104675293,3,68.98992194769113,68.98992194769113,58417.19957889402,51.761897783112424,WIN,58417.19957889402,0.0
2020-04-20,12.692000389099121,12.399939880371093,3,53.8273781936884,53.8273781936884,58471.026957087706,43.13835805758791,WIN,58471.026957087706,0.0
2020-04-21,12.270999908447266,12.438160381317138,3,50.53397976660024,0.38583790563860276,58471.412794993346,41.335553719259714,LOSS,58471.412794993346,0.0
2020-04-22,12.50100040435791,12.02557991027832,3,51.02915037812505,51.02915037812505,58522.44194537147,42.50599839514632,WIN,58522.44194537147,0.0
2020-04-23,12.597999572753906,12.250980396270752,3,50.75229429785924,50.75229429785924,58573.194239669334,41.85344069169197,WIN,58573.194239669334,0.0
2020-04-24,12.555000305175781,12.346039581298827,3,49.68235477628001,49.68235477628001,58622.87659444562,41.08492612795524,WIN,58622.87659444562,0.0
2020-04-27,12.92300033569336,12.303900299072266,3,46.16755349163271,46.16755349163271,58669.04414793725,39.322553207899276,WIN,58669.04414793725,0.0
2020-04-28,12.885000228881836,12.664540328979491,3,45.12084866760698,45.12084866760698,58714.16499660486,38.09420053734432,WIN,58714.16499660486,0.0
2020-04-29,12.748000144958496,12.627300224304198,3,44.10862886549144,44.10862886549144,58758.27362547035,37.64269704639786,WIN,58758.27362547035,0.0
2020-04-30,12.633000373840332,12.493040142059327,3,37.63823593846216,37.63823593846216,58795.91186140881,34.52883019846186,WIN,58795.91186140881,0.0
2020-05-01,12.258999824523926,12.380340366363525,3,34.23687803138508,-2.165284520494609,58793.74657688831,32.925722761369485,LOSS,58795.91186140881,-0.0036827127124063478
2020-05-04,11.854999542236328,12.013819828033448,3,35.13929950668259,-12.506786232453322,58781.23979065586,33.95950915051654,LOSS,58795.91186140881,-0.02495423625290497
2020-05-05,12.081000328063965,11.617899551391602,3,35.1905355620155,35.1905355620155,58816.43032621788,34.63420691594227,WIN,58816.43032621788,0.0
2020-05-06,12.199999809265137,11.839380321502686,3,34.758382167692524,34.758382167692524,58851.18870838557,34.03030227079588,WIN,58851.18870838557,0.0
2020-05-07,12.347999572753906,11.955999813079833,3,34.95187671085169,34.95187671085169,58886.14058509642,33.94958505689393,WIN,58886.14058509642,0.0
2020-05-08,12.467000007629395,12.101039581298828,3,32.31846637866453,32.31846637866453,58918.45905147509,32.31183749423278,WIN,58918.45905147509,0.0
2020-05-11,12.381999969482422,12.217660007476807,3,32.100740177601345,32.100740177601345,58950.55979165269,32.03107711539621,WIN,58950.55979165269,0.0
2020-05-12,12.01099967956543,12.134359970092774,3,30.62759717941069,-6.380489978792607,58944.179301673896,31.361049424952313,LOSS,58950.55979165269,-0.010823459524971709
2020-05-13,11.494999885559082,11.770779685974121,3,28.764698438588663,-53.96924168592308,58890.21005998797,30.840529647118235,LOSS,58950.55979165269,-0.10237346664393242
2020-05-14,11.321000099182129,11.2650998878479,3,28.998658729742946,28.998658729742946,58919.20871871772,31.68622012117585,WIN,58950.55979165269,-0.05318197663563498
2020-05-15,11.557999610900879,11.094580097198486,3,28.33659393286716,28.33659393286716,58947.54531265058,31.555865182441885,WIN,58950.55979165269,-0.005113571461851559
2020-05-18,12.012999534606934,11.326839618682861,3,29.066553246292557,29.066553246292557,58976.61186589688,31.634122241831673,WIN,58976.61186589688,0.0
2020-05-19,11.906000137329102,11.772739543914795,3,33.28850212807493,33.28850212807493,59009.90036802495,33.32870672620325,WIN,59009.90036802495,0.0
2020-05-20,12.12399959564209,11.66788013458252,3,31.44219874241992,31.44219874241992,59041.34256676737,32.46771325087787,WIN,59041.34256676737,0.0
2020-05-21,12.071999549865723,11.881519603729247,3,31.988013892362368,31.988013892362368,59073.330580659735,32.45140475847812,WIN,59073.330580659735,0.0
2020-05-22,12.237000465393066,11.830559558868408,3,31.711138223581532,31.711138223581532,59105.041718883316,32.37487339686914,WIN,59105.041718883316,0.0
2020-05-26,12.470999717712402,11.992260456085205,3,32.54029973275148,32.54029973275148,59137.58201861607,32.58877531381963,WIN,59137.58201861607,0.0
2020-05-27,12.592000007629395,12.221579723358154,3,32.22512499781034,32.22512499781034,59169.80714361388,32.09158620841836,WIN,59169.80714361388,0.0
2020-05-28,12.534000396728516,12.340160007476806,3,32.75290836260325,32.75290836260325,59202.560051976485,32.204584297377636,WIN,59202.560051976485,0.0
2020-05-29,12.447999954223633,12.283320388793944,3,32.45104639569914,32.45104639569914,59235.01109837218,32.124899439377785,WIN,59235.01109837218,0.0
2020-06-01,12.260000228881836,12.19903995513916,3,32.17032588294343,32.17032588294343,59267.181424255126,32.094047677372686,WIN,59267.181424255126,0.0
2020-06-02,12.109000205993652,12.0148002243042,3,30.50494512890682,30.50494512890682,59297.686369384035,31.457687002857334,WIN,59297.686369384035,0.0
2020-06-03,12.963000297546387,11.866820201873779,3,28.295039430176992,28.295039430176992,59325.981408814216,30.455784209162125,WIN,59325.981408814216,0.0
2020-06-04,12.529999732971191,12.703740291595459,3,38.36091303377375,-13.76125455350644,59312.22015426071,34.5736777025208,LOSS,59325.981408814216,-0.02319599984141844
2020-06-05,12.520999908447266,12.279399738311767,3,39.04155777035652,39.04155777035652,59351.26171203106,35.60938843939443,WIN,59351.26171203106,0.0
2020-06-08,12.63599967956543,12.27057991027832,3,38.84189003617031,38.84189003617031,59390.10360206723,35.51872498978564,WIN,59390.10360206723,0.0
2020-06-09,12.567999839782715,12.38327968597412,3,39.186876822250554,39.186876822250554,59429.29047888948,35.512569911002416,WIN,59429.29047888948,0.0
2020-06-10,12.392000198364258,12.31663984298706,3,38.94455657463246,38.94455657463246,59468.23503546412,35.49602421421265,WIN,59468.23503546412,0.0
2020-06-11,11.734000205993652,12.144160194396973,3,37.248098646273675,-85.79989787472239,59382.4351375894,34.88161802988235,LOSS,59468.23503546412,-0.1442785342856618
2020-06-12,11.802000045776367,11.499320201873779,3,36.728851971494585,36.728851971494585,59419.16398956089,35.703810838490206,WIN,59468.23503546412,-0.08251639866890845
2020-06-15,12.267000198364258,11.565960044860839,3,36.54818435898128,36.54818435898128,59455.71217391987,35.483266884796066,WIN,59468.23503546412,-0.02105806828936237
2020-06-16,12.196000099182129,12.021660194396972,3,39.47312821450153,39.47312821450153,59495.18530213437,36.283948609388645,WIN,59495.18530213437,0.0
2020-06-17,12.17300033569336,11.952080097198486,3,37.303050528699174,37.303050528699174,59532.48835266307,35.23093515095023,WIN,59532.48835266307,0.0
2020-06-18,11.946000099182129,11.929540328979492,3,37.0919501778197,37.0919501778197,59569.58030284089,35.154455168533275,WIN,59569.58030284089,0.0
2020-06-19,11.819000244140625,11.707080097198487,3,36.472413942281634,36.472413942281634,59606.052716783175,35.19440319025459,WIN,59606.052716783175,0.0
2020-06-22,11.871000289916992,11.582620239257812,3,36.212208811641915,36.212208811641915,59642.26492559482,35.26577903394245,WIN,59642.26492559482,0.0
2020-06-23,11.753999710083008,11.633580284118652,3,36.09785465681334,36.09785465681334,59678.362780251635,35.11328951908204,WIN,59678.362780251635,0.0
2020-06-24,11.437999725341797,11.518919715881347,3,35.179619897112644,10.903622735247474,59689.26640298688,34.796777216545124,LOSS,59689.26640298688,0.0
2020-06-25,11.779000282287598,11.20923973083496,3,34.76086103292312,34.76086103292312,59724.02726401981,35.101546568458694,WIN,59724.02726401981,0.0
2020-06-26,11.600000381469727,11.543420276641845,3,37.40282191628836,37.40282191628836,59761.430085936096,36.003175726072016,WIN,59761.430085936096,0.0
2020-06-29,11.850000381469727,11.368000373840331,3,37.01967862388406,37.01967862388406,59798.44976455998,36.10880604167734,WIN,59798.44976455998,0.0
2020-06-30,11.829000473022461,11.613000373840332,3,38.38044701607354,38.38044701607354,59836.83021157605,36.42301998800173,WIN,59836.83021157605,0.0
2020-07-01,11.779999732971191,11.59242046356201,3,38.13834992963224,38.13834992963224,59874.96856150569,36.325679536130366,WIN,59874.96856150569,0.0
2020-07-02,11.734999656677246,11.544399738311768,3,29.645300631271912,29.645300631271912,59904.61386213696,31.645605855270393,WIN,59904.61386213696,0.0
2020-07-06,11.975000381469727,11.500299663543702,3,27.943274003118034,27.943274003118034,59932.55713614008,30.75009714361596,WIN,59932.55713614008,0.0
2020-07-07,11.809000015258789,11.735500373840331,3,29.500016854518883,29.500016854518883,59962.057152994596,31.294301833602862,WIN,59962.057152994596,0.0
2020-07-08,11.821999549865723,11.572820014953614,3,29.06905517700499,29.06905517700499,59991.1262081716,31.281965184730424,WIN,59991.1262081716,0.0
2020-07-09,11.737000465393066,11.585559558868407,3,29.121706674129022,29.121706674129022,60020.24791484573,31.293519824738624,WIN,60020.24791484573,0.0
2020-07-10,11.765999794006348,11.502260456085205,3,28.71695120439126,28.71695120439126,60048.96486605012,31.183417458919642,WIN,60048.96486605012,0.0
2020-07-13,11.579000473022461,11.53067979812622,3,23.380856129489324,23.380856129489324,60072.345722179605,28.143789699435626,WIN,60072.345722179605,0.0
2020-07-14,11.666000366210938,11.347420463562012,3,23.46188372285426,23.46188372285426,60095.80760590246,28.402346291549854,WIN,60095.80760590246,0.0
2020-07-15,12.045000076293945,11.432680358886719,3,19.845237702512456,19.845237702512456,60115.65284360497,26.25183482375981,WIN,60115.65284360497,0.0
2020-07-16,11.845999717712402,11.804100074768066,3,23.333839004909322,23.333839004909322,60138.98668260988,27.813519042833406,WIN,60138.98668260988,0.0
2020-07-17,11.833999633789062,11.609079723358153,3,23.507086634860134,23.507086634860134,60162.49376924474,28.12550792789915,WIN,60162.49376924474,0.0
2020-07-20,12.050999641418457,11.59731964111328,3,22.75134581078063,22.75134581078063,60185.24511505552,27.716411371918266,WIN,60185.24511505552,0.0
2020-07-21,12.104000091552734,11.809979648590089,3,23.642384262376503,23.642384262376503,60208.8874993179,27.97648971457293,WIN,60208.8874993179,0.0
2020-07-22,12.121000289916992,11.86192008972168,3,23.74633774580009,23.74633774580009,60232.633837063695,27.97647549337418,WIN,60232.633837063695,0.0
2020-07-23,11.97599983215332,11.878580284118652,3,23.482244275487812,23.482244275487812,60256.11608133918,27.81416077316097,WIN,60256.11608133918,0.0
2020-07-24,11.694999694824219,11.736479835510254,3,21.649272156095538,9.20522995028497,60265.32131128947,26.95695369767825,LOSS,60265.32131128947,0.0
2020-07-27,11.765999794006348,11.461099700927734,3,20.585734238661274,20.585734238661274,60285.907045528125,26.642739369901264,WIN,60285.907045528125,0.0
2020-07-28,11.781000137329102,11.53067979812622,3,20.18267781010589,20.18267781010589,60306.089723338235,26.34590073341732,WIN,60306.089723338235,0.0
2020-07-29,12.27400016784668,11.545380134582519,3,18.999313618990623,18.999313618990623,60325.08903695722,25.667061015790807,WIN,60325.08903695722,0.0
2020-07-30,12.21500015258789,12.028520164489747,3,24.13709495435183,24.13709495435183,60349.22613191157,28.007322337353862,WIN,60349.22613191157,0.0
2020-07-31,12.392000198364258,11.970700149536132,3,24.04118348780355,24.04118348780355,60373.267315399375,28.018213658991385,WIN,60373.267315399375,0.0
2020-08-03,12.366000175476074,12.144160194396973,3,24.64476605730185,24.64476605730185,60397.91208145668,28.154438561821806,WIN,60397.91208145668,0.0
2020-08-04,12.331999778747559,12.118680171966552,3,23.8503196983737,23.8503196983737,60421.76240115505,27.757159492934527,WIN,60421.76240115505,0.0
2020-08-05,12.395000457763672,12.085359783172608,3,23.222736673586112,23.222736673586112,60444.98513782864,27.455722328696034,WIN,60444.98513782864,0.0
2020-08-06,12.335000038146973,12.147100448608398,3,23.35576028564091,23.35576028564091,60468.34089811428,27.463398772595454,WIN,60468.34089811428,0.0
2020-08-07,12.33899974822998,12.088300037384032,3,23.142726281666725,23.142726281666725,60491.48362439594,27.409788855283814,WIN,60491.48362439594,0.0
2020-08-10,12.362000465393066,12.09221975326538,3,23.162547576706096,23.162547576706096,60514.64617197265,27.416391496291467,WIN,60514.64617197265,0.0
2020-08-11,13.48900032043457,12.114760456085206,3,22.306101027267527,22.306101027267527,60536.952272999915,26.935041622682014,WIN,60536.952272999915,0.0
2020-08-12,13.704000473022461,13.219220314025879,3,40.0558283751692,40.0558283751692,60577.00810137508,34.641514923614416,WIN,60577.00810137508,0.0
2020-08-13,13.699999809265137,13.429920463562011,3,39.69449161638808,39.69449161638808,60616.70259299147,34.158958992092444,WIN,60616.70259299147,0.0
2020-08-14,14.663000106811523,13.425999813079834,3,38.76764629007086,38.76764629007086,60655.47023928154,33.71707161073768,WIN,60655.47023928154,0.0
2020-08-17,14.383999824523926,14.369740104675293,3,48.05969864881561,48.05969864881561,60703.529937930354,36.679398790020656,WIN,60703.529937930354,0.0
2020-08-18,14.314000129699707,14.096319828033447,3,48.435756400301486,48.435756400301486,60751.965694330655,37.272832237528235,WIN,60751.965694330655,0.0
2020-08-19,14.166999816894531,14.027720127105713,3,48.475333634044915,48.475333634044915,60800.4410279647,37.40004128029486,WIN,60800.4410279647,0.0
2020-08-20,14.413999557495117,13.883659820556641,3,48.453518809245736,48.453518809245736,60848.89454677395,37.622284635448636,WIN,60848.89454677395,0.0
2020-08-21,14.508000373840332,14.125719566345214,3,48.712754867587705,48.712754867587705,60897.60730164153,37.35358661945273,WIN,60897.60730164153,0.0
2020-08-24,14.857999801635742,14.217840366363525,3,47.15150099776005,47.15150099776005,60944.75880263929,36.49695725960076,WIN,60944.75880263929,0.0
2020-08-25,14.696000099182129,14.560839805603027,3,48.5060362536568,48.5060362536568,60993.264838892945,36.59357092576661,WIN,60993.264838892945,0.0
2020-08-26,14.605999946594238,14.402080097198485,3,48.66122110493957,48.66122110493957,61041.92605999788,36.90145084844596,WIN,61041.92605999788,0.0
2020-08-27,14.652000427246094,14.313879947662354,3,47.12896706075767,47.12896706075767,61089.05502705864,36.34251794571492,WIN,61089.05502705864,0.0
2020-08-28,14.689000129699707,14.358960418701171,3,47.00024573406441,47.00024573406441,61136.055272792706,36.21740345093464,WIN,61136.055272792706,0.0
2020-08-31,14.444000244140625,14.395220127105713,3,47.146134392209134,47.146134392209134,61183.20140718491,36.22965242331384,WIN,61183.20140718491,0.0
2020-09-01,14.881999969482422,14.155120239257812,3,47.240998625541486,47.240998625541486,61230.442405810456,36.63319231807506,WIN,61230.442405810456,0.0
2020-09-02,15.0,14.584359970092773,3,49.220837216526064,49.220837216526064,61279.66324302698,36.87644383556764,WIN,61279.66324302698,0.0
2020-09-03,14.428000450134277,14.7,3,49.57872034071566,-32.02114461900092,61247.64209840798,36.86216072372552,LOSS,61279.66324302698,-0.052254113231675184
2020-09-04,14.218999862670898,14.139440441131592,3,50.945526131044645,50.945526131044645,61298.587624539025,38.35548730746544,WIN,61298.587624539025,0.0
2020-09-08,13.881999969482422,13.93461986541748,3,50.87992196035779,35.09395317984049,61333.68157771887,38.668264563896415,LOSS,61333.68157771887,0.0
2020-09-09,14.114999771118164,13.604359970092773,3,50.99471561705745,50.99471561705745,61384.67629333593,39.297532055502884,WIN,61384.67629333593,0.0
2020-09-10,13.972000122070312,13.8326997756958,3,39.680872871916684,39.680872871916684,61424.35716620785,33.59470831162899,WIN,61424.35716620785,0.0
2020-09-11,14.11299991607666,13.692560119628906,3,39.17772758679126,39.17772758679126,61463.53489379464,33.54682994948422,WIN,61463.53489379464,0.0
2020-09-14,14.26200008392334,13.830739917755126,3,39.708192114111284,39.708192114111284,61503.243085908754,33.61014702236322,WIN,61503.243085908754,0.0
2020-09-15,15.574999809265137,13.976760082244873,3,29.500692221139328,29.500692221139328,61532.743778129894,28.68172322642441,WIN,61532.743778129894,0.0
2020-09-16,17.489999771118164,15.263499813079834,3,49.66841015160985,49.66841015160985,61582.4121882815,36.093140110175675,WIN,61582.4121882815,0.0
2020-09-17,16.361000061035156,17.1401997756958,3,78.51994630188575,-155.2399680963079,61427.172220185195,44.694718923894825,LOSS,61582.4121882815,-0.25208490960321106
2020-09-18,15.958999633789062,16.033780059814454,3,80.15529624191105,57.7211684342936,61484.893388619486,47.404953751248435,LOSS,61582.4121882815,-0.1583549526508675
2020-09-21,15.215999603271484,15.63981964111328,3,79.26778690257566,-47.87822444996327,61437.01516416953,47.853383033897074,LOSS,61582.4121882815,-0.23610154091957217
2020-09-22,15.425000190734863,14.911679611206054,3,78.54782499335332,78.54782499335332,61515.56298916288,49.144653058605996,WIN,61582.4121882815,-0.10855242063958079
2020-09-23,14.82800006866455,15.116500186920165,3,79.25042077790224,-7.2996146987820225,61508.2633744641,48.9832904510269,LOSS,61582.4121882815,-0.12040582884395759
2020-09-24,14.605999946594238,14.531440067291259,3,77.7970752817421,77.7970752817421,61586.06044974584,49.703215701798534,WIN,61586.06044974584,0.0
2020-09-25,14.61299991607666,14.313879947662354,3,76.84949967356141,76.84949967356141,61662.9099494194,49.80156532579497,WIN,61662.9099494194,0.0
2020-09-28,15.145999908447266,14.320739917755127,3,76.88071142688624,76.88071142688624,61739.79066084629,49.79902214149092,WIN,61739.79066084629,0.0
2020-09-29,14.968999862670898,14.84307991027832,3,81.00016203045244,81.00016203045244,61820.79082287674,50.3734131427319,WIN,61820.79082287674,0.0
2020-09-30,15.055999755859375,14.66961986541748,3,79.87593433367408,79.87593433367408,61900.66675721041,50.294919487713805,WIN,61900.66675721041,0.0
2020-10-01,14.895999908447266,14.754879760742186,3,79.49783045543069,79.49783045543069,61980.164587665844,49.9248626070798,WIN,61980.164587665844,0.0
2020-10-02,14.645999908447266,14.59807991027832,3,78.7463693553683,78.7463693553683,62058.91095702121,49.966318347886514,WIN,62058.91095702121,0.0
2020-10-05,14.821000099182129,14.35307991027832,3,76.13485574219902,76.13485574219902,62135.04581276341,49.383772985253295,WIN,62135.04581276341,0.0
2020-10-06,15.003999710083008,14.524580097198486,3,76.84217425518413,76.84217425518413,62211.8879870186,49.29344880915394,WIN,62211.8879870186,0.0
2020-10-07,15.309000015258789,14.703919715881348,3,77.03550543078657,77.03550543078657,62288.92349244939,48.9604094625278,WIN,62288.92349244939,0.0
2020-10-08,16.393999099731445,15.002820014953613,3,78.71138372263025,78.71138372263025,62367.634876172015,49.00789510619396,WIN,62367.634876172015,0.0
2020-10-09,16.472999572753906,16.066119117736815,3,88.75904501160599,88.75904501160599,62456.39392118362,50.811024247302846,WIN,62456.39392118362,0.0
2020-10-12,16.645999908447266,16.14353958129883,3,89.2034631904678,89.2034631904678,62545.59738437409,50.81772989268442,WIN,62545.59738437409,0.0
2020-10-13,16.607999801635742,16.31307991027832,3,90.14004521499793,90.14004521499793,62635.737429589084,50.81763548580488,WIN,62635.737429589084,0.0
2020-10-14,16.423999786376953,16.275839805603027,3,81.03940296105974,81.03940296105974,62716.776832550146,47.27512481831164,WIN,62716.776832550146,0.0
2020-10-15,16.597000122070312,16.095519790649412,3,58.2361011442926,58.2361011442926,62775.01293369444,38.45321525783322,WIN,62775.01293369444,0.0
2020-10-16,16.469999313354492,16.265060119628906,3,51.410957228674555,51.410957228674555,62826.42389092311,35.48873388118708,WIN,62826.42389092311,0.0
2020-10-19,16.413999557495117,16.1405993270874,3,49.80570173940909,49.80570173940909,62876.22959266252,35.00205011676695,WIN,62876.22959266252,0.0
2020-10-20,16.906999588012695,16.085719566345215,3,44.40118700832965,44.40118700832965,62920.63077967085,32.892424440585216,WIN,62920.63077967085,0.0
2020-10-21,18.104999542236328,16.56885959625244,3,47.062427896931794,47.062427896931794,62967.69320756778,33.41182399958082,WIN,62967.69320756778,0.0
2020-10-22,18.30500030517578,17.742899551391602,3,54.79094271612166,54.79094271612166,63022.484150283904,35.017013558529186,WIN,63022.484150283904,0.0
2020-10-23,18.43000030517578,17.938900299072266,3,53.830739989077074,53.830739989077074,63076.31489027298,34.451345059716736,WIN,63076.31489027298,0.0
2020-10-26,17.5,18.061400299072265,3,53.95252521499961,-114.46756450667979,62961.8473257663,34.363125604878974,LOSS,63076.31489027298,-0.18147471789658068
2020-10-27,17.558000564575195,17.15,3,57.45506412776585,57.45506412776585,63019.30238989407,36.71597303476237,WIN,63076.31489027298,-0.09038654283797788
2020-10-28,16.21500015258789,17.20684055328369,3,56.90142034717232,-240.6506998615677,62778.6516900325,36.435670726185975,LOSS,63076.31489027298,-0.4719096236967754
2020-10-29,16.195999145507812,15.890700149536132,3,64.24065819208289,64.24065819208289,62842.89234822458,41.2048726543227,WIN,63076.31489027298,-0.37006369578574744
2020-10-30,16.707000732421875,15.872079162597656,3,63.86090428656133,63.86090428656133,62906.753252511146,41.080526079924404,WIN,63076.31489027298,-0.26881982255431897
2020-11-02,16.656999588012695,16.372860717773438,3,66.10354470132722,66.10354470132722,62972.85679721247,41.1706967726637,WIN,63076.31489027298,-0.16402050950579908
2020-11-03,17.19499969482422,16.32385959625244,3,66.01388605737688,66.01388605737688,63038.87068326985,41.21365340467226,WIN,63076.31489027298,-0.05936333958042214
2020-11-04,17.253000259399414,16.851099700927733,3,69.15216749618301,69.15216749618301,63108.022850766036,41.600674769284254,WIN,63108.022850766036,0.0
2020-11-05,18.167999267578125,16.907940254211425,3,69.11469725808534,69.11469725808534,63177.13754802412,41.49688432955153,WIN,63177.13754802412,0.0
2020-11-06,18.562000274658203,17.804639282226564,3,69.26939372429767,69.26939372429767,63246.40694174841,40.21873577870588,WIN,63246.40694174841,0.0
2020-11-09,18.500999450683594,18.19076026916504,3,71.21816947656241,71.21816947656241,63317.625111224974,40.377863710287116,WIN,63317.625111224974,0.0
2020-11-10,18.61400032043457,18.13097946166992,3,71.11120037377687,71.11120037377687,63388.736311598754,40.423295660568385,WIN,63388.736311598754,0.0
2020-11-11,19.215999603271484,18.24172031402588,3,71.4196354029282,71.4196354029282,63460.15594700168,40.37855790670804,WIN,63460.15594700168,0.0
2020-11-12,18.694000244140625,18.831679611206056,3,74.27766899258036,32.97385887295111,63493.12980587463,40.56726740440867,LOSS,63493.12980587463,0.0
2020-11-13,19.226999282836914,18.32012023925781,3,74.40454131786214,74.40454131786214,63567.53434719249,41.326081920667974,WIN,63567.53434719249,0.0
2020-11-16,20.39299964904785,18.842459297180177,3,76.92646263148077,76.92646263148077,63644.46080982398,41.463865521709636,WIN,63644.46080982398,0.0
2020-11-17,20.81999969482422,19.985139656066895,3,86.09842398897467,86.09842398897467,63730.55923381295,42.9256389532744,WIN,63730.55923381295,0.0
2020-11-18,21.29599952697754,20.403599700927735,3,87.41670586690574,87.41670586690574,63817.975939679854,42.77171800509316,WIN,63817.975939679854,0.0
2020-11-19,21.711000442504883,20.870079536437988,3,82.30381780323839,82.30381780323839,63900.27975748309,40.56295063571551,WIN,63900.27975748309,0.0
2020-11-20,22.211000442504883,21.276780433654785,3,84.13763769863695,84.13763769863695,63984.41739518173,40.63300408939644,WIN,63984.41739518173,0.0
2020-11-23,22.076000213623047,21.766780433654784,3,86.45824618976421,86.45824618976421,64070.875641371495,40.747041291661475,WIN,64070.875641371495,0.0
2020-11-24,24.722999572753906,21.634480209350585,3,78.08477725684611,78.08477725684611,64148.96041862834,38.395644569028306,WIN,64148.96041862834,0.0
2020-11-25,27.027000427246094,24.22853958129883,3,112.6062113684348,112.6062113684348,64261.56662999678,45.126606450536215,WIN,64261.56662999678,0.0
2020-11-27,27.125999450683594,26.48646041870117,3,112.05925354574418,112.05925354574418,64373.625883542525,42.42451181214765,WIN,64373.625883542525,0.0
2020-11-30,34.277000427246094,26.58347946166992,3,111.86183345365416,111.86183345365416,64485.48771699618,42.276284608071464,WIN,64485.48771699618,0.0
2020-12-01,32.400001525878906,33.591460418701175,3,259.9288507051544,-97.50881714152615,64387.97889985465,65.1580570765193,LOSS,64485.48771699618,-0.1512104825343926
2020-12-02,32.13199996948242,31.752001495361327,3,256.4948345121287,256.4948345121287,64644.47373436678,67.36277104414046,WIN,64644.47373436678,0.0
2020-12-03,33.15999984741211,31.489359970092774,3,257.18351868229684,257.18351868229684,64901.657253049074,67.94127601644368,WIN,64901.657253049074,0.0
2020-12-04,32.79999923706055,32.496799850463866,3,263.908921853055,263.908921853055,65165.56617490213,67.64153944566854,WIN,65165.56617490213,0.0
2020-12-07,33.62200164794922,32.14399925231933,3,263.5041450665205,263.5041450665205,65429.070319968654,68.13768700434724,WIN,65429.070319968654,0.0
2020-12-08,28.94499969482422,32.94956161499023,3,270.01588776035715,-931.3526882894464,64497.71763167921,68.11959833106849,LOSS,65429.070319968654,-1.4234539536246464
2020-12-09,28.621000289916992,28.366099700927734,3,266.94088011053,266.94088011053,64764.65851178974,76.00010286538884,WIN,65429.070319968654,-1.01546881979177
2020-12-10,29.033000946044922,28.048580284118653,3,265.06416691817446,265.06416691817446,65029.72267870791,76.25693197619172,WIN,65429.070319968654,-0.6103520030283274
2020-12-11,28.591999053955078,28.452340927124023,3,268.90426238379223,268.90426238379223,65298.6269410917,76.26251003771054,WIN,65429.070319968654,-0.19936608947528053
2020-12-14,27.952999114990234,28.020159072875977,3,263.5567269403199,243.40873957459715,65542.0356806663,75.97033951057251,LOSS,65542.0356806663,0.0
2020-12-15,28.57900047302246,27.39393913269043,3,259.9637023245398,259.9637023245398,65801.99938299085,76.51390977985551,WIN,65801.99938299085,0.0
2020-12-16,29.91200065612793,28.00742046356201,3,263.9147946763658,263.9147946763658,66065.91417766722,76.08094251611968,WIN,66065.91417766722,0.0
2020-12-17,29.780000686645508,29.31376064300537,3,277.07573242114046,277.07573242114046,66342.98991008836,76.26917844320391,WIN,66342.98991008836,0.0
2020-12-18,30.1200008392334,29.1844006729126,3,276.58412175426315,276.58412175426315,66619.57403184263,76.43156362309495,WIN,66619.57403184263,0.0
2020-12-21,31.760000228881836,29.51760082244873,3,279.81933756265516,279.81933756265516,66899.39336940528,76.44856894005176,WIN,66899.39336940528,0.0
2020-12-22,33.150001525878906,31.1248002243042,3,296.58158848589585,296.58158848589585,67195.97495789117,76.76646102954103,WIN,67195.97495789117,0.0
2020-12-23,33.71799850463867,32.487001495361326,3,309.1419396240541,309.1419396240541,67505.11689751522,76.68270395303595,WIN,67505.11689751522,0.0
2020-12-24,32.26100158691406,33.0436385345459,3,300.655569723642,65.86448543409111,67570.98138294932,73.97887649423822,LOSS,67570.98138294932,0.0
2020-12-28,37.0,31.61578155517578,3,283.7771700570384,283.7771700570384,67854.75855300637,73.18199860486934,WIN,67854.75855300637,0.0
2020-12-29,36.606998443603516,36.26,3,351.9800905798943,351.9800905798943,68206.73864358626,77.92241798110734,WIN,68206.73864358626,0.0
2020-12-30,38.99700164794922,35.87485847473145,3,239.26180264530316,239.26180264530316,68446.00044623156,58.231298313881524,WIN,68446.00044623156,0.0
2020-12-31,38.85499954223633,38.217061614990236,3,253.55155984249336,253.55155984249336,68699.55200607405,58.005509624290994,WIN,68699.55200607405,0.0
2021-01-04,42.52199935913086,38.0778995513916,3,252.27606718020687,252.27606718020687,68951.82807325426,57.94555033816859,WIN,68951.82807325426,0.0
2021-01-05,42.862998962402344,41.67155937194824,3,291.356188567409,291.356188567409,69243.18426182168,60.32101203535463,WIN,69243.18426182168,0.0
2021-01-06,48.05500030517578,42.005738983154295,3,292.26157591066163,292.26157591066163,69535.44583773233,60.10017184738407,WIN,69535.44583773233,0.0
2021-01-07,53.57500076293945,47.09390029907227,3,355.09150152599426,355.09150152599426,69890.53733925833,63.87544478951474,WIN,69890.53733925833,0.0
2021-01-08,53.16400146484375,52.50350074768066,3,338.26925796411064,338.26925796411064,70228.80659722244,56.76277741513783,WIN,70228.80659722244,0.0
2021-01-11,49.54899978637695,52.10072143554687,3,334.7282371505713,-430.7882576004048,69798.01833962204,56.64508162901815,LOSS,70228.80659722244,-0.6134067749023129
2021-01-12,51.42399978637695,48.55801979064941,3,339.0152143354823,339.0152143354823,70137.03355395752,60.25570403368433,WIN,70228.80659722244,-0.13067720741897895
2021-01-13,51.92599868774414,50.395519790649416,3,346.1907014246086,346.1907014246086,70483.22425538213,59.52855213409392,WIN,70483.22425538213,0.0
2021-01-14,63.099998474121094,50.88747871398926,3,342.30294181712907,342.30294181712907,70825.52719719926,58.60284250573746,WIN,70825.52719719926,0.0
2021-01-15,57.80699920654297,61.83799850463867,3,517.1573022845603,-692.14248714415,70133.3847100551,69.21036622953184,LOSS,70825.52719719926,-0.9772500319228491
2021-01-19,59.22100067138672,56.65085922241211,3,512.5333145257769,512.5333145257769,70645.91802458088,73.64496114154673,WIN,70825.52719719926,-0.25359383788036655
2021-01-20,55.082000732421875,58.036580657958986,3,521.1628995085156,-365.2110781526176,70280.70694642827,73.2085497129692,LOSS,70825.52719719926,-0.7692427749306444
2021-01-21,52.04600143432617,53.980360717773436,3,509.0391086621063,-71.26867637207306,70209.4382700562,76.12663262126125,LOSS,70825.52719719926,-0.8698684662490263
2021-01-22,57.702999114990234,51.00508140563965,3,495.22588580209185,495.22588580209185,70704.66415585829,77.93684915868748,WIN,70825.52719719926,-0.1706489822581222
2021-01-25,57.141998291015625,56.54893913269043,3,562.8369916261408,562.8369916261408,71267.50114748444,79.51686789897124,WIN,71267.50114748444,0.0
2021-01-26,55.98099899291992,55.99915832519531,3,560.5401364314433,555.0923367488268,71822.59348423326,79.88440399453941,LOSS,71822.59348423326,0.0
2021-01-27,54.0099983215332,54.86137901306152,3,542.9699006337505,287.5556931752546,72110.14917740852,79.15405906975876,LOSS,72110.14917740852,0.0
2021-01-28,57.8380012512207,52.92979835510254,3,500.6572455511463,500.6572455511463,72610.80642295966,76.31339589779353,WIN,72610.80642295966,0.0
2021-01-29,61.73099899291992,56.681241226196285,3,538.5687176951411,538.5687176951411,73149.37514065481,76.59094626866195,WIN,73149.37514065481,0.0
2021-02-01,63.45600128173828,60.49637901306152,3,575.2289873778041,575.2289873778041,73724.60412803262,76.63487033847183,WIN,73724.60412803262,0.0
2021-02-02,68.79199981689453,62.18688125610351,3,588.9195508795324,588.9195508795324,74313.52367891216,76.38641902966478,WIN,74313.52367891216,0.0
2021-02-03,74.11900329589844,67.41615982055664,3,634.8511151648192,634.8511151648192,74948.37479407697,76.04118846482615,WIN,74948.37479407697,0.0
2021-02-04,76.55899810791016,72.63662322998047,3,689.8909079157837,689.8909079157837,75638.26570199276,76.56584994885961,WIN,75638.26570199276,0.0
2021-02-05,80.5999984741211,75.02781814575195,3,685.2763064425744,685.2763064425744,76323.54200843532,74.2050160993621,WIN,76323.54200843532,0.0
2021-02-08,104.0999984741211,78.98799850463867,3,695.8684590201317,695.8684590201317,77019.41046745545,72.10592191798071,WIN,77019.41046745545,0.0
2021-02-09,127.29399871826172,102.01799850463867,3,1164.3784166086346,1164.3784166086346,78183.7888840641,80.0,WIN,78183.7888840641,0.0
2021-02-10,97.447998046875,124.74811874389648,3,1502.3977518320344,-6687.638457274411,71496.15042678968,80.0,LOSS,78183.7888840641,-8.55374055508012
2021-02-11,100.99400329589844,95.4990380859375,3,1373.7415300933026,1373.7415300933026,72869.89195688299,80.0,WIN,78183.7888840641,-6.796673585442235
2021-02-12,103.43099975585938,98.97412322998046,3,1421.349713959312,1421.349713959312,74291.2416708423,80.0,WIN,78183.7888840641,-4.978713962038748
2021-02-16,95.5,101.36237976074219,3,1363.0484595000032,-395.6654687226526,73895.57620211964,80.0,LOSS,78183.7888840641,-5.484784944745115
2021-02-17,94.18000030517578,93.59,3,1254.127793085662,1254.127793085662,75149.7039952053,80.0,WIN,78183.7888840641,-3.8807084335065007
2021-02-18,92.77799987792969,92.29640029907226,3,1241.927057583284,1241.927057583284,76391.63105278858,80.0,WIN,78183.7888840641,-2.2922371208346544
2021-02-19,96.37200164794922,90.92243988037109,3,1201.882544549637,1201.882544549637,77593.51359733821,80.0,WIN,78183.7888840641,-0.7549842430905723
2021-02-22,87.5999984741211,94.44456161499023,3,1225.8130471512584,-827.5558951094838,76765.95770222873,80.0,LOSS,78183.7888840641,-1.8134592887763714
2021-02-23,69.12300109863281,85.84799850463867,3,1137.6547669351207,-3879.8444548666353,72886.1132473621,80.0,LOSS,78183.7888840641,-6.775925946180135
2021-02-24,81.76899719238281,67.74054107666015,3,998.9834597805511,998.9834597805511,73885.09670714264,80.0,WIN,78183.7888840641,-5.498188612086615
2021-02-25,73.16100311279297,80.13361724853516,3,1232.7275200106797,-859.0567207119775,73026.03998643067,80.0,LOSS,78183.7888840641,-6.596954395855216
2021-02-26,75.04100036621094,71.69778305053711,3,1127.204752454144,1127.204752454144,74153.24473888481,80.0,WIN,78183.7888840641,-5.15521721664837
2021-03-01,78.24400329589844,73.54018035888672,3,1151.780323821137,1151.780323821137,75305.02506270594,80.0,WIN,78183.7888840641,-3.6820469594111978
2021-03-02,74.8499984741211,76.67912322998046,3,1197.6335955618665,648.8961688040561,75953.92123151,80.0,LOSS,78183.7888840641,-2.8520844082661228
2021-03-03,73.15699768066406,73.35299850463868,3,1152.4270088965459,1093.6267617041615,77047.54799321416,80.0,LOSS,78183.7888840641,-1.4532947393158766
2021-03-04,64.56600189208984,71.69385772705078,3,1119.6866520883,-1018.6700983999822,76028.87789481418,80.0,LOSS,78183.7888840641,-2.75621202298772
2021-03-05,62.02399826049805,63.274681854248044,3,1004.1925123530064,628.9874342280073,76657.8653290422,80.0,LOSS,78183.7888840641,-1.9517134904841187
2021-03-08,62.41899871826172,60.78351829528808,3,965.1867288119308,965.1867288119308,77623.05205785412,80.0,WIN,78183.7888840641,-0.7172034435955431
2021-03-09,71.5989990234375,61.17061874389648,3,966.6174358704593,966.6174358704593,78589.66949372458,80.0,WIN,78589.66949372458,0.0
2021-03-10,75.65499877929688,70.16701904296875,3,986.6886252238432,986.6886252238432,79576.35811894842,80.0,WIN,79576.35811894842,0.0
2021-03-11,80.375,74.14189880371093,3,928.4667442322564,928.4667442322564,80504.82486318068,80.0,WIN,80504.82486318068,0.0
2021-03-12,78.4000015258789,78.7675,3,872.2213968482868,761.9718546119591,81266.79671779263,80.0,LOSS,81266.79671779263,0.0
2021-03-15,76.9010009765625,76.83200149536133,3,846.421974382055,846.421974382055,82113.21869217469,80.0,WIN,82113.21869217469,0.0
2021-03-16,72.42900085449219,75.36298095703125,3,827.3729846187616,-52.821046142958494,82060.39764603174,80.0,LOSS,82113.21869217469,-0.06432709250013738
2021-03-17,77.0989990234375,70.98042083740235,3,773.8474800513102,773.8474800513102,82834.24512608304,80.0,WIN,82834.24512608304,0.0
2021-03-18,73.20500183105469,75.55701904296875,3,837.8692268148632,132.26406324064533,82966.50918932368,80.0,LOSS,82966.50918932368,0.0
2021-03-19,77.7040023803711,71.7409017944336,3,800.2329583579738,800.2329583579738,83766.74214768165,80.0,WIN,83766.74214768165,0.0
2021-03-22,72.45600128173828,76.14992233276367,3,856.3977914740342,-251.77852383358118,83514.96362384807,80.0,LOSS,83766.74214768165,-0.3005709872179224
2021-03-23,67.72100067138672,71.00688125610351,3,789.9422760156856,-195.82189939935233,83319.14172444872,80.0,LOSS,83766.74214768165,-0.5343414483564425
2021-03-24,62.15700149536133,66.36658065795898,3,638.0935676732956,-624.780181105999,82694.36154334272,77.32324081585864,LOSS,83766.74214768165,-1.2801985332655241
2021-03-25,62.090999603271484,60.9138614654541,3,507.25227669865455,507.25227669865455,83201.61382004137,68.9787692387365,WIN,83766.74214768165,-0.6746452269135114
2021-03-26,62.400001525878906,60.849179611206054,3,479.33016228816615,479.33016228816615,83680.94398232954,66.06168419778103,WIN,83766.74214768165,-0.10242509515393325
2021-03-29,63.13399887084961,61.152001495361326,3,478.9049173915276,478.9049173915276,84159.84889972107,65.76375328846864,WIN,84159.84889972107,0.0
2021-03-30,65.39800262451172,61.871318893432615,3,477.69335416950423,477.69335416950423,84637.54225389057,65.04664050610134,WIN,84637.54225389057,0.0
2021-03-31,67.87999725341797,64.09004257202149,3,496.4125434006387,496.4125434006387,85133.95479729121,65.20734903296879,WIN,85133.95479729121,0.0
2021-04-01,70.35600280761719,66.52239730834961,3,519.7470202989597,519.7470202989597,85653.70181759018,65.64530848624354,WIN,85653.70181759018,0.0
2021-04-05,72.05500030517578,68.94888275146484,3,491.03214712762065,491.03214712762065,86144.7339647178,61.16340096061814,WIN,86144.7339647178,0.0
2021-04-06,70.45800018310547,70.61390029907227,3,495.3385426186893,448.5685078286489,86593.30247254645,60.47021695245497,LOSS,86593.30247254645,0.0
2021-04-07,65.62000274658203,69.04884017944336,3,487.94621259490054,-540.7050172634981,86052.59745528296,60.806875313909124,LOSS,86593.30247254645,-0.6244189814043839
2021-04-08,69.01200103759766,64.30760269165039,3,393.0196272404605,393.0196272404605,86445.61708252341,54.61567169012832,WIN,86593.30247254645,-0.17055059202743378
2021-04-09,71.0999984741211,67.6317610168457,3,410.8407434230304,410.8407434230304,86856.45782594645,54.37657288614363,WIN,86856.45782594645,0.0
2021-04-12,71.8239974975586,69.67799850463867,3,408.3094260174038,408.3094260174038,87264.76725196384,52.98471246095657,WIN,87264.76725196384,0.0
2021-04-13,84.85399627685547,70.38751754760742,3,411.4604943417826,411.4604943417826,87676.22774630562,52.892006163854205,WIN,87676.22774630562,0.0
2021-04-14,73.55000305175781,83.15691635131836,3,640.3869861811169,-2241.687003687047,85434.54074261857,64.91823551684405,LOSS,87676.22774630562,-2.5567785719219773
2021-04-15,74.01499938964844,72.07900299072266,3,608.2817922424567,608.2817922424567,86042.82253486103,69.70300076635196,WIN,87676.22774630562,-1.8629966792947716
2021-04-16,69.36199951171875,72.53469940185546,3,598.6249486505732,-353.18501839044063,85689.63751647058,68.49634384208802,LOSS,87676.22774630562,-2.2658253906444434
2021-04-19,63.75199890136719,67.97475952148437,3,565.5100502249752,-701.3181358101804,84988.3193806604,68.92718517832472,LOSS,87676.22774630562,-3.06572081707574
2021-04-20,64.6449966430664,62.47695892333984,3,524.496504616687,524.496504616687,85512.81588527709,69.4174041070199,WIN,87676.22774630562,-2.4675010737100234
2021-04-21,65.0459976196289,63.352096710205075,3,521.4657535367319,521.4657535367319,86034.28163881382,68.35558715830915,WIN,87676.22774630562,-1.8727380838541987
2021-04-22,59.81999969482422,63.74507766723633,3,512.401175414585,-665.1222163090484,85369.15942250477,67.10490004211537,LOSS,87676.22774630562,-2.631349891645015
2021-04-23,61.30400085449219,58.623599700927734,3,470.3819867091666,470.3819867091666,85839.54140921394,67.01077250024721,WIN,87676.22774630562,-2.094851003861848
2021-04-26,65.88200378417969,60.077920837402345,3,483.74839542117365,483.74839542117365,86323.28980463512,67.19389980960663,WIN,87676.22774630562,-1.543106924701734
2021-04-27,67.6989974975586,64.56436370849609,3,535.8099719969603,535.8099719969603,86859.09977663208,68.79389873053822,WIN,87676.22774630562,-0.9319834927637778
2021-04-28,68.08200073242188,66.34501754760743,3,552.0218127193185,552.0218127193185,87411.1215893514,68.9340495696062,WIN,87676.22774630562,-0.302369483460575
2021-04-29,65.5009994506836,66.72036071777343,3,552.1088212259574,186.30044109900615,87597.42203045041,68.63909043118318,LOSS,87676.22774630562,-0.0898826487873523
2021-04-30,65.71600341796875,64.19097946166993,3,532.2196378745177,532.2196378745177,88129.64166832493,68.7442488087917,WIN,88129.64166832493,0.0
2021-05-03,63.5620002746582,64.40168334960937,3,529.8119121383695,277.90698965301914,88407.54865797794,68.32607311198902,LOSS,88407.54865797794,0.0
2021-05-04,61.6879997253418,62.29076026916504,3,512.9901826785077,332.1620195315345,88739.71067750947,68.38269888141213,LOSS,88739.71067750947,0.0
2021-05-05,62.345001220703125,60.454239730834956,3,498.77660275218904,498.77660275218904,89238.48728026166,68.48037124462925,WIN,89238.48728026166,0.0
2021-05-06,60.90800094604492,61.098101196289065,3,491.6583117218605,434.62823664861764,89673.11551691027,67.16158462444429,LOSS,89673.11551691027,0.0
2021-05-07,62.04600143432617,59.689840927124024,3,472.95136786089955,472.95136786089955,90146.06688477116,66.36072774315132,WIN,90146.06688477116,0.0
2021-05-10,56.94599914550781,60.80508140563965,3,479.74907754058023,-677.9756004989702,89468.09128427219,66.14337433285408,LOSS,90146.06688477116,-0.7520856138577796
2021-05-11,57.69599914550781,55.80707916259765,3,454.94567556041375,454.94567556041375,89923.0369598326,67.84274293359563,WIN,90146.06688477116,-0.24740949066989706
2021-05-12,54.1879997253418,56.54207916259765,3,343.88443521996913,-362.3393959567874,89560.69756387582,54.423560940654006,LOSS,90146.06688477116,-0.6493564734705444
2021-05-13,48.80799865722656,53.10423973083496,3,279.69058363974244,-1009.1817384427775,88551.51582543305,49.140018643795834,LOSS,90146.06688477116,-1.7688526127006152
2021-05-14,52.13100051879883,47.83183868408203,3,273.39276562430746,273.39276562430746,88824.90859105735,52.04972996157612,WIN,90146.06688477116,-1.465575082052754
2021-05-17,48.935001373291016,51.08838050842285,3,308.95186518218804,-337.0618753573626,88487.84671569998,54.19979447099143,LOSS,90146.06688477116,-1.8394814398178836
2021-05-18,48.720001220703125,47.956301345825196,3,282.74376379626057,282.74376379626057,88770.59047949624,53.21751623407502,WIN,90146.06688477116,-1.5258307464851688
2021-05-19,45.486000061035156,47.74560119628906,3,279.46157960431316,-398.4187609718576,88372.17171852438,52.94056968927669,LOSS,90146.06688477116,-1.967800956323765
2021-05-20,47.26599884033203,44.57628005981445,3,267.51730857044186,267.51730857044186,88639.68902709482,53.90121515042983,WIN,90146.06688477116,-1.671041133277467
2021-05-21,45.051998138427734,46.32067886352539,3,272.8256574612408,-107.77856006805507,88531.91046702677,53.179074738192185,LOSS,90146.06688477116,-1.7906010473065708
2021-05-24,47.244998931884766,44.15095817565918,3,259.4659772713819,259.4659772713819,88791.37644429815,53.09389582639117,WIN,90146.06688477116,-1.502772652526974
2021-05-25,46.96699905395508,46.30009895324707,3,259.43497767904495,259.43497767904495,89050.8114219772,51.321327539871476,WIN,90146.06688477116,-1.214978645928029
2021-05-26,48.27899932861328,46.02765907287598,3,251.94802805086755,251.94802805086755,89302.75945002807,50.48192555212804,WIN,90146.06688477116,-0.9354899929478342
2021-05-27,49.3849983215332,47.313419342041016,3,264.0106470910154,264.0106470910154,89566.77009711908,51.17030828050346,WIN,90146.06688477116,-0.6426201471358356
2021-05-28,47.0,48.397298355102535,3,272.9625809976319,-146.22692553312862,89420.54317158594,51.55923514687881,LOSS,90146.06688477116,-0.8048312458408382
2021-06-01,47.7760009765625,46.06,3,262.49903639803154,262.49903639803154,89683.04220798398,51.94187072889806,WIN,90146.06688477116,-0.5136382460025085
2021-06-02,49.849998474121094,46.82048095703125,3,268.80914449575914,268.80914449575914,89951.85135247973,52.21544980421763,WIN,90146.06688477116,-0.21544537549229784
2021-06-03,48.86399841308594,48.85299850463867,3,289.27327593445386,289.27327593445386,90241.12462841418,53.38240584184011,WIN,90241.12462841418,0.0
2021-06-04,48.46699905395508,47.88671844482422,3,282.45037750881363,282.45037750881363,90523.57500592299,53.23333542453745,WIN,90523.57500592299,0.0
2021-06-07,46.98099899291992,47.497659072875976,3,279.6833411741633,124.68531718734704,90648.26032311034,53.168887131360535,LOSS,90648.26032311034,0.0
2021-06-08,45.9379997253418,46.04137901306152,3,269.4332772685949,238.4194909526772,90886.67981406301,52.93307197901654,LOSS,90886.67981406301,0.0
2021-06-09,51.29899978637695,45.01923973083496,3,248.07188909399025,248.07188909399025,91134.751703157,50.71860604145031,WIN,91134.751703157,0.0
2021-06-10,50.8650016784668,50.273019790649414,3,326.33958757819937,326.33958757819937,91461.0912907352,57.07749640747324,WIN,91461.0912907352,0.0
2021-06-11,51.64400100708008,49.84770164489746,3,313.457734346497,313.457734346497,91774.5490250817,55.761387213404426,WIN,91774.5490250817,0.0
2021-06-14,59.8489990234375,50.611120986938474,3,285.2994950251735,285.2994950251735,92059.84852010687,51.5401352668936,WIN,92059.84852010687,0.0
2021-06-15,63.05400085449219,58.652019042968746,3,402.8068472656098,402.8068472656098,92462.65536737248,59.51731698308903,WIN,92462.65536737248,0.0
2021-06-16,61.981998443603516,61.79292083740234,3,411.8736821508374,411.8736821508374,92874.52904952332,58.205638015670154,WIN,92874.52904952332,0.0
2021-06-17,63.08100128173828,60.74235847473145,3,407.0850228930743,407.0850228930743,93281.6140724164,58.441876677068485,WIN,93281.6140724164,0.0
2021-06-18,64.64600372314453,61.81938125610351,3,389.1099097059546,389.1099097059546,93670.72398212235,55.80024226132515,WIN,93670.72398212235,0.0
2021-06-21,58.367000579833984,63.35308364868164,3,397.09281317448574,-1098.7321074798106,92571.99187464254,55.62930307224016,LOSS,93670.72398212235,-1.172972793174428
2021-06-22,55.37200164794922,57.199660568237306,3,388.98529014722567,-159.31238593920045,92412.67948870333,59.08134438843515,LOSS,93670.72398212235,-1.3430498238266229
2021-06-23,55.29999923706055,54.264561614990235,3,377.28363631737017,377.28363631737017,92789.9631250207,60.0678432114648,WIN,93670.72398212235,-0.9402733529312158
2021-06-24,58.1879997253418,54.19399925231934,3,376.4220221162863,376.4220221162863,93166.38514713699,60.023466196556065,WIN,93670.72398212235,-0.53841671500438
2021-06-25,55.005001068115234,57.02423973083496,3,400.742154525682,-205.02944429023472,92961.35570284675,60.55338238725406,LOSS,93670.72398212235,-0.7572998788938454
2021-06-28,62.41699981689453,53.904901046752926,3,390.3182356588014,390.3182356588014,93351.67393850556,61.93595871618428,WIN,93670.72398212235,-0.34060806840532787
2021-06-29,66.89900207519531,61.16865982055664,3,479.9777825188383,479.9777825188383,93831.65172102439,65.86362093285699,WIN,93831.65172102439,0.0
2021-06-30,66.44999694824219,65.5610220336914,3,524.057970956854,524.057970956854,94355.70969198125,66.81419082210193,WIN,94355.70969198125,0.0
2021-07-01,65.08599853515625,65.12099700927735,3,520.3223624644686,509.8228202281398,94865.5325122094,66.79246184687031,LOSS,94865.5325122094,0.0
2021-07-02,63.56100082397461,63.784278564453125,3,509.8139347019678,442.83061255841324,95308.36312476781,66.80994824133148,LOSS,95308.36312476781,0.0
2021-07-06,63.42900085449219,62.28978080749511,3,500.8510001238642,500.8510001238642,95809.21412489167,67.12029283080057,WIN,95809.21412489167,0.0
2021-07-07,63.986000061035156,62.16042083740234,3,494.0758835431051,494.0758835431051,96303.29000843478,66.52224924874355,WIN,96303.29000843478,0.0
2021-07-08,61.84400177001953,62.70628005981445,3,493.66051632639653,234.97702938791986,96538.2670378227,66.03080974922315,LOSS,96538.2670378227,0.0
2021-07-09,62.86600112915039,60.60712173461914,3,452.0496535352014,452.0496535352014,96990.3166913579,63.3478966947628,WIN,96990.3166913579,0.0
2021-07-12,58.86899948120117,61.60868110656738,3,458.26779588485715,-363.6366917250058,96626.67999963289,63.21615022443479,LOSS,96990.3166913579,-0.3749206148920777
2021-07-13,57.987998962402344,57.69161949157715,3,445.47704812154336,445.47704812154336,97072.15704775443,65.05272276171137,WIN,97072.15704775443,0.0
2021-07-14,56.042999267578125,56.82823898315429,3,363.8414664847876,128.26955181193722,97200.42659956637,56.501433667159844,LOSS,97200.42659956637,0.0
2021-07-15,54.104000091552734,54.92213928222656,3,344.1988342905669,98.75707708841921,97299.1836766548,55.623473448627806,LOSS,97299.1836766548,0.0
2021-07-16,52.308998107910156,53.02192008972168,3,334.7136890292462,120.83709448578841,97420.02077114058,55.9197647161886,LOSS,97420.02077114058,0.0
2021-07-19,49.87200164794922,51.26281814575195,3,323.90703590049446,-93.337913440325,97326.68285770026,55.95745932319752,LOSS,97420.02077114058,-0.09580978601882242
2021-07-20,50.178001403808594,48.874561614990235,3,309.2622869525587,309.2622869525587,97635.94514465283,56.01655609010493,WIN,97635.94514465283,0.0
2021-07-21,55.694000244140625,49.17444137573242,3,287.1658247072822,287.1658247072822,97923.1109693601,52.85370759877297,WIN,97923.1109693601,0.0
2021-07-22,55.59400177001953,54.58012023925781,3,354.50294153922545,354.50294153922545,98277.61391089932,57.101780184676876,WIN,98277.61391089932,0.0
2021-07-23,53.97100067138672,54.48212173461914,3,353.87662415160236,200.54030518187545,98478.1542160812,57.10299279126189,LOSS,98478.1542160812,0.0
2021-07-26,68.25,52.89158065795898,3,337.2080349439719,337.2080349439719,98815.36225102517,56.326295114791165,WIN,98815.36225102517,0.0
2021-07-27,63.06100082397461,66.885,3,637.238633777433,-509.9611190301857,98305.401131995,76.7573242043096,LOSS,98815.36225102517,-0.5160747351557572
2021-07-28,64.66500091552734,61.79978080749512,3,565.4663260447458,565.4663260447458,98870.86745803973,74.3109550255893,WIN,98870.86745803973,0.0
2021-07-29,62.500999450683594,63.3717008972168,3,567.8440233336705,306.6335893737094,99177.50104741345,73.08296790940355,LOSS,99177.50104741345,0.0
2021-07-30,62.60100173950195,61.25097946166992,3,551.7205002612832,551.7205002612832,99729.22154767474,73.38767578666041,WIN,99729.22154767474,0.0
2021-08-02,63.77899932861328,61.34898170471191,3,551.5005450322644,551.5005450322644,100280.722092707,73.27116378040401,WIN,100280.722092707,0.0
2021-08-03,62.50600051879883,62.50341934204101,3,561.0164742718628,561.0164742718628,100841.73856697886,73.18177174142753,WIN,100841.73856697886,0.0
2021-08-04,67.09300231933594,61.25588050842285,3,551.0729412435212,551.0729412435212,101392.81150822238,73.31447959739356,WIN,101392.81150822238,0.0
2021-08-05,71.56199645996094,65.75114227294922,3,605.4695853740789,605.4695853740789,101998.28109359647,74.69035122652187,WIN,101998.28109359647,0.0
2021-08-06,74.87200164794922,70.13075653076172,3,651.3472567521634,651.3472567521634,102649.62835034863,75.20314355939439,WIN,102649.62835034863,0.0
2021-08-09,76.77300262451172,73.37456161499023,3,685.3261859205026,685.3261859205026,103334.95453626914,75.5434145941432,WIN,103334.95453626914,0.0
2021-08-10,75.04900360107422,75.23754257202148,3,684.0343685371915,627.4726772530125,103962.42721352215,73.93298312891224,LOSS,103962.42721352215,0.0
2021-08-11,74.7490005493164,73.54802352905273,3,670.3102402624154,670.3102402624154,104632.73745378458,74.07720662159868,WIN,104632.73745378458,0.0
2021-08-12,72.0989990234375,73.25402053833008,3,661.0632934491323,314.5568389813578,104947.29429276593,73.4960689268946,LOSS,104947.29429276593,0.0
2021-08-13,72.80000305175781,70.65701904296876,3,637.9006635723601,637.9006635723601,105585.1949563383,73.52114938609995,WIN,105585.1949563383,0.0
2021-08-16,69.7509994506836,71.34400299072266,3,636.1346999042163,158.2336378924972,105743.42859423079,72.79718907046876,LOSS,105743.42859423079,0.0
2021-08-17,66.36900329589844,68.35597946166992,3,607.6871443105375,11.594294579093344,105755.02288880988,72.62602225913139,LOSS,105755.02288880988,0.0
2021-08-18,65.50499725341797,65.04162322998047,3,590.3907273654505,590.3907273654505,106345.41361617533,73.83872603914973,WIN,106345.41361617533,0.0
2021-08-19,67.6259994506836,64.19489730834961,3,558.1160928766835,558.1160928766835,106903.529709052,71.35586773410951,WIN,106903.529709052,0.0
2021-08-20,71.65599822998047,66.27347946166992,3,577.0369453058597,577.0369453058597,107480.56665435787,71.43895347118053,WIN,107480.56665435787,0.0
2021-08-23,71.85099792480469,70.22287826538086,3,611.9710833979568,611.9710833979568,108092.53773775583,71.48945434537013,WIN,108092.53773775583,0.0
2021-08-24,71.55000305175781,70.4139779663086,3,350.71347124373074,350.71347124373074,108443.25120899956,47.285585905230015,WIN,108443.25120899956,0.0
2021-08-25,72.6709976196289,70.11900299072265,3,311.0280105964325,311.0280105964325,108754.27921959599,43.75271599282992,WIN,108754.27921959599,0.0
2021-08-26,69.36599731445312,71.21757766723633,3,314.18267409178446,-241.29143174317613,108512.98778785282,43.59631934059179,LOSS,108754.27921959599,-0.2218684482805106
2021-08-27,70.72000122070312,67.97867736816406,3,306.4881314598181,306.4881314598181,108819.47591931264,44.225103329790684,WIN,108819.47591931264,0.0
2021-08-30,70.29900360107422,69.30560119628906,3,313.3933858451579,313.3933858451579,109132.8693051578,44.31140226126236,WIN,109132.8693051578,0.0
2021-08-31,69.43000030517578,68.89302352905273,3,311.4399953079691,311.4399953079691,109444.30930046577,44.303145624222545,WIN,109444.30930046577,0.0
2021-09-01,70.25,68.04140029907227,3,305.61016055227026,305.61016055227026,109749.91946101804,44.11452107884957,WIN,109749.91946101804,0.0
2021-09-02,69.57099914550781,68.845,3,279.29122816691523,279.29122816691523,110029.21068918495,41.29662395343259,WIN,110029.21068918495,0.0
2021-09-03,71.22599792480469,68.17957916259766,3,247.14586136675905,247.14586136675905,110276.35655055172,38.497092709840416,WIN,110276.35655055172,0.0
2021-09-07,64.8010025024414,69.8014779663086,3,240.2144275149265,-1259.9282116452305,109016.4283389065,37.30743180338493,LOSS,110276.35655055172,-1.1425188962129522
2021-09-08,63.86199951171875,63.504982452392575,3,260.6201090158704,260.6201090158704,109277.04844792237,41.60205739458108,WIN,110276.35655055172,-0.9061852729703298
2021-09-09,64.06199645996094,62.58475952148437,3,255.80862238385492,255.80862238385492,109532.85707030623,41.49486405172438,WIN,110276.35655055172,-0.6742147668840168
2021-09-10,61.55699920654297,62.78075653076172,3,257.20424310727145,-109.92295415835423,109422.93411614788,41.556246332322544,LOSS,110276.35655055172,-0.7738942971085744
2021-09-13,64.2699966430664,60.325859222412106,3,248.41808493254734,248.41808493254734,109671.35220108043,41.69284087814103,WIN,110276.35655055172,-0.5486256242007311
2021-09-14,61.847999572753906,62.984596710205075,3,272.8492677252161,-68.12987351013453,109603.2223275703,43.08041642728493,LOSS,110276.35655055172,-0.610406658360033
2021-09-15,63.29999923706055,60.611039581298826,3,260.9735302162509,260.9735302162509,109864.19585778654,42.90999969653731,WIN,110276.35655055172,-0.37375254828648186
2021-09-16,63.29999923706055,62.03399925231933,3,259.71108462598266,259.71108462598266,110123.90694241253,42.13787325944004,WIN,110276.35655055172,-0.13824323990002343
2021-09-17,61.42900085449219,62.03399925231933,3,258.9434990498649,77.44397970172122,110201.35092211426,42.05766628594696,LOSS,110276.35655055172,-0.06801605601022497
2021-09-20,58.8390007019043,60.20042083740234,3,248.37726477146478,-160.04877587794837,110041.30214623631,41.744064886564246,LOSS,110276.35655055172,-0.213150317681793
2021-09-21,58.10200119018555,57.66222068786621,3,219.81777728052305,219.81777728052305,110261.11992351683,39.71078559702771,WIN,110276.35655055172,-0.013816766813384888
2021-09-22,59.96099853515625,56.939961166381835,3,216.19785508773938,216.19785508773938,110477.31777860457,39.61213670917245,WIN,110477.31777860457,0.0
2021-09-23,61.65700149536133,58.761778564453124,3,233.097527534697,233.097527534697,110710.41530613927,40.71330131865823,WIN,110710.41530613927,0.0
2021-09-24,59.93899917602539,60.4238614654541,3,244.19061249861483,98.73192567000129,110809.14723180927,41.19603684491864,LOSS,110809.14723180927,0.0
2021-09-27,59.474998474121094,58.74021919250488,3,231.35834728112604,231.35834728112604,111040.5055790904,40.53081712488839,WIN,111040.5055790904,0.0
2021-09-28,57.35100173950195,58.28549850463867,3,225.27875336929276,-55.0702761717215,110985.43530291868,40.05387021326068,LOSS,111040.5055790904,-0.04959476353653758
2021-09-29,56.63199996948242,56.203981704711914,3,221.27713309811207,221.27713309811207,111206.71243601678,40.52022838511748,WIN,111206.71243601678,0.0
2021-09-30,57.84000015258789,55.49935997009277,3,218.5085102038281,218.5085102038281,111425.22094622061,40.52087060593316,WIN,111425.22094622061,0.0
2021-10-01,61.24599838256836,56.683200149536134,3,225.96066312444162,225.96066312444162,111651.18160934505,40.84006393211287,WIN,111651.18160934505,0.0
2021-10-04,60.724998474121094,60.02107841491699,3,264.0887512660423,264.0887512660423,111915.27036061109,43.52076781960042,WIN,111915.27036061109,0.0
2021-10-05,65.10099792480469,59.51049850463867,3,256.9081624738861,256.9081624738861,112172.17852308498,42.98333160840465,WIN,112172.17852308498,0.0
2021-10-06,67.38099670410156,63.79897796630859,3,264.2516932979255,264.2516932979255,112436.4302163829,41.8484465016026,WIN,112436.4302163829,0.0
2021-10-07,69.27899932861328,66.03337677001953,3,278.60447140358923,278.60447140358923,112715.0346877865,42.34888846782353,WIN,112715.0346877865,0.0
2021-10-08,70.88200378417969,67.89341934204101,3,290.17349998289194,290.17349998289194,113005.20818776939,42.70417173515865,WIN,113005.20818776939,0.0
2021-10-11,73.18000030517578,69.4643637084961,3,285.464956126813,285.464956126813,113290.6731438962,41.63825941755054,WIN,113290.6731438962,0.0
2021-10-12,71.06500244140625,71.71640029907226,3,289.7135313794014,94.29417407959772,113384.9673179758,41.18577317175793,LOSS,113384.9673179758,0.0
2021-10-13,72.62999725341797,69.64370239257812,3,276.4539647856712,276.4539647856712,113661.42128276147,40.73096512533589,WIN,113661.42128276147,0.0
2021-10-14,72.3949966430664,71.17739730834961,3,282.22643467264334,282.22643467264334,113943.64771743411,40.70222317876693,WIN,113943.64771743411,0.0
2021-10-15,74.98500061035156,70.94709671020507,3,281.7208644100952,281.7208644100952,114225.3685818442,40.73946339282847,WIN,114225.3685818442,0.0
2021-10-18,73.96399688720703,73.48530059814453,3,286.25742592327913,286.25742592327913,114511.62600776748,40.250581908841696,WIN,114511.62600776748,0.0
2021-10-19,72.7249984741211,72.4847169494629,3,265.46482514485007,265.46482514485007,114777.09083291233,38.739722659917526,WIN,114777.09083291233,0.0
2021-10-20,75.81800079345703,71.27049850463867,3,262.7291596216354,262.7291596216354,115039.81999253397,38.89536036811311,WIN,115039.81999253397,0.0
2021-10-21,73.54299926757812,74.30164077758789,3,278.1080050792852,50.51555207635516,115090.33554461032,39.26220064350389,LOSS,115090.33554461032,0.0
2021-10-22,71.85199737548828,72.07213928222656,3,279.88513759581616,213.84256557433298,115304.17811018466,40.17256833132996,LOSS,115304.17811018466,0.0
2021-10-25,74.60199737548828,70.41495742797852,3,271.008256962302,271.008256962302,115575.18636714696,39.94782599502048,WIN,115575.18636714696,0.0
2021-10-26,73.48600006103516,73.10995742797851,3,284.50025602773826,284.50025602773826,115859.6866231747,40.224422665086635,WIN,115859.6866231747,0.0
2021-10-27,71.50199890136719,72.01628005981445,3,268.5677282798654,114.28338074568705,115973.97000392039,39.173428224965335,LOSS,115973.97000392039,0.0
2021-10-28,71.71299743652344,70.07195892333985,3,268.1561413646462,268.1561413646462,116242.12614528503,39.806105895172685,WIN,116242.12614528503,0.0
2021-10-29,71.50599670410156,70.27873748779297,3,268.8363005839873,268.8363005839873,116510.96244586902,39.79585361640409,WIN,116510.96244586902,0.0
2021-11-01,73.61199951171875,70.07587677001953,3,251.20584459828498,251.20584459828498,116762.1682904673,38.23679912620801,WIN,116762.1682904673,0.0
2021-11-02,79.41400146484375,72.13975952148438,3,259.4158821567444,259.4158821567444,117021.58417262405,38.30971563331598,WIN,117021.58417262405,0.0
2021-11-03,81.0250015258789,77.82572143554687,3,287.2872434995936,287.2872434995936,117308.87141612364,38.92810421086989,WIN,117308.87141612364,0.0
2021-11-04,80.0,79.40450149536133,3,288.67605713750334,288.67605713750334,117597.54747326115,38.56572176060263,WIN,117597.54747326115,0.0
2021-11-05,79.7509994506836,78.4,3,285.64523263132,285.64523263132,117883.19270589246,38.61707027292702,WIN,117883.19270589246,0.0
2021-11-08,86.0,78.15597946166992,3,283.403924568879,283.403924568879,118166.59663046134,38.504918751915866,WIN,118166.59663046134,0.0
2021-11-09,85.9010009765625,84.28,3,343.62061201385,343.62061201385,118510.21724247519,41.42833385885059,WIN,118510.21724247519,0.0
2021-11-10,81.63400268554688,84.18298095703125,3,332.03821373937603,-432.6552677059358,118077.56197476925,40.56694710589545,LOSS,118510.21724247519,-0.36507845295795255
2021-11-11,81.83599853515625,80.00132263183593,3,339.8960488111777,339.8960488111777,118417.45802358043,42.54000744738268,WIN,118510.21724247519,-0.07827107320626389
2021-11-12,81.1729965209961,80.19927856445312,3,340.14595365999463,340.14595365999463,118757.60397724043,42.492228938302645,WIN,118757.60397724043,0.0
2021-11-15,79.5,79.54953659057617,3,332.003471247279,317.1424940744288,119074.74647131487,42.05328917798661,LOSS,119074.74647131487,0.0
2021-11-16,75.2020034790039,77.91,3,327.36345228313604,-485.03550401569106,118589.71096729918,42.23654978216156,LOSS,119074.74647131487,-0.4073370033439724
2021-11-17,75.30000305175781,73.69796340942382,3,329.0141920385936,329.0141920385936,118918.72515933777,43.93838227953604,WIN,119074.74647131487,-0.13102804465317755
2021-11-18,72.73600006103516,73.79400299072266,3,318.1438715090501,0.7429926027988927,118919.46815194057,42.94586756436341,LOSS,119074.74647131487,-0.13040407305146012
2021-11-19,71.83100128173828,71.28128005981445,3,309.00346793016286,309.00346793016286,119228.47161987073,43.099783109935366,WIN,119228.47161987073,0.0
2021-11-22,69.00199890136719,70.39438125610351,3,302.7132048937036,-115.00150152719448,119113.47011834354,42.874589120049464,LOSS,119228.47161987073,-0.09645473095876424
2021-11-23,69.677001953125,67.62195892333985,3,289.99484962252126,289.99484962252126,119403.46496796607,42.798261854975124,WIN,119403.46496796607,0.0
2021-11-24,70.08999633789062,68.2834619140625,3,292.8674497205496,292.8674497205496,119696.33241768662,42.80165683605216,WIN,119696.33241768662,0.0
2021-11-26,66.30000305175781,68.68819641113281,3,290.71878601362795,-425.73922179887046,119270.59319588775,42.43507096000694,LOSS,119696.33241768662,-0.35568276253714104
2021-11-29,69.5479965209961,64.97400299072265,3,290.9086747044962,290.9086747044962,119561.50187059224,44.022321722166076,WIN,119696.33241768662,-0.1126438416039983
2021-11-30,72.14299774169922,68.15703659057617,3,320.3874492247992,320.3874492247992,119881.88931981704,45.47052238159181,WIN,119881.88931981704,0.0
2021-12-01,70.5469970703125,70.70013778686523,3,335.487919728796,289.5457047629779,120171.43502458002,45.75896591679002,LOSS,120171.43502458002,0.0
2021-12-02,68.33599853515625,69.13605712890624,3,289.6343742538527,49.61679612885422,120221.05182070888,42.15567484211091,LOSS,120221.05182070888,0.0
2021-12-03,63.0989990234375,66.96927856445312,3,279.8308659484854,-881.2529963562006,119339.79882435268,42.08539043585704,LOSS,120221.05182070888,-0.7330271886744513
2021-12-06,59.64699935913086,61.83701904296875,3,283.41140660571125,-373.5944985456555,118966.20432580702,44.708716152501914,LOSS,120221.05182070888,-1.043783493737243
2021-12-07,62.81700134277344,58.45405937194824,3,276.33680788341405,276.33680788341405,119242.54113369044,45.64355623955733,WIN,120221.05182070888,-0.8139262402043667
2021-12-08,63.65399932861328,61.56066131591797,3,269.47602406632234,269.47602406632234,119512.01715775675,43.3747444455165,WIN,120221.05182070888,-0.5897757940177886
2021-12-09,59.1879997253418,62.38091934204101,3,276.415156608159,-681.4607284016053,118830.55642935514,43.72269498805162,LOSS,120221.05182070888,-1.1566155596670715
2021-12-10,60.08399963378906,58.00423973083496,3,266.40725414502276,266.40725414502276,119096.96368350017,44.77154766177736,WIN,120221.05182070888,-0.9350177195963202
2021-12-13,57.16400146484375,58.88231964111328,3,273.4675593437583,-242.02789353709983,118854.93578996307,45.10481817444193,LOSS,120221.05182070888,-1.1363367813344005
2021-12-14,58.03799819946289,56.020721435546875,3,265.0275614546756,265.0275614546756,119119.96335141774,45.666022331300596,WIN,120221.05182070888,-0.9158865711250291
2021-12-15,59.85900115966797,56.877238235473634,3,273.5068750830946,273.5068750830946,119393.47022650084,46.17057771571166,WIN,120221.05182070888,-0.6883832587342916
2021-12-16,56.694000244140625,58.66182113647461,3,283.22857176093714,-307.1176959392576,119086.35253056158,46.29656152583584,LOSS,120221.05182070888,-0.9438440880050919
2021-12-17,57.15800094604492,55.56012023925781,3,274.97539027494184,274.97539027494184,119361.32792083651,47.08084172035533,WIN,120221.05182070888,-0.715119263100865
2021-12-20,54.638999938964844,56.01484092712402,3,276.9678433719002,-135.78445307585258,119225.54346776065,47.050982478186306,LOSS,120221.05182070888,-0.8280649169771602
2021-12-21,56.75,53.546219940185544,3,269.12403118096677,269.12403118096677,119494.66749894162,47.57907626106893,WIN,120221.05182070888,-0.6042072588505919
2021-12-22,56.999000549316406,55.615,3,286.55281341101227,286.55281341101227,119781.22031235263,48.39856747891774,WIN,120221.05182070888,-0.3658523209497361
2021-12-23,59.72100067138672,55.85902053833008,3,287.0663651444296,287.0663651444296,120068.28667749706,48.31226006701137,WIN,120221.05182070888,-0.1270702101655542
2021-12-27,60.827999114990234,58.52658065795898,3,313.63452537005605,313.63452537005605,120381.92120286712,49.736480775786646,WIN,120381.92120286712,0.0
2021-12-28,56.797000885009766,59.61143913269043,3,311.35818835836255,-532.9732859458363,119848.94791692129,48.85679074789857,LOSS,120381.92120286712,-0.4427353215668211
2021-12-29,55.60900115966797,55.66106086730957,3,292.9807506627418,277.36283837026065,120126.31075529155,49.11950424776833,LOSS,120381.92120286712,-0.21233291928014453
2021-12-30,56.23400115966797,54.49682113647461,3,277.74565898310124,277.74565898310124,120404.05641427464,48.0362857663593,WIN,120404.05641427464,0.0
2021-12-31,54.44900131225586,55.109321136474605,3,282.51938184644837,84.42343458082456,120488.47984885547,48.2306082399798,LOSS,120488.47984885547,0.0
2022-01-03,55.82600021362305,53.36002128601074,3,273.6211501295057,273.6211501295057,120762.10099898497,48.23906312525843,WIN,120762.10099898497,0.0
2022-01-04,55.106998443603516,54.70948020935059,3,264.8499147999567,264.8499147999567,121026.95091378492,46.379957664705415,WIN,121026.95091378492,0.0
2022-01-05,50.90999984741211,54.00485847473144,3,250.34525039756443,-678.1123377982353,120348.8385759867,45.048419128470556,LOSS,121026.95091378492,-0.5602986216527022
2022-01-06,49.86199951171875,49.89179985046387,3,236.72160661961578,227.78150499608012,120576.62008098277,45.755573705968175,LOSS,121026.95091378492,-0.3720913642804659
2022-01-07,48.29499816894531,48.86475952148437,3,229.92717890916825,58.99877314745001,120635.61885413023,45.50068895178093,LOSS,121026.95091378492,-0.32334290560907264
2022-01-10,48.19499969482422,47.3290982055664,3,209.9323351745843,209.9323351745843,120845.55118930481,43.751877631303,WIN,121026.95091378492,-0.14988374334022206
2022-01-11,50.65599822998047,47.231099700927736,3,207.10543488364954,207.10543488364954,121052.65662418846,43.423564650985135,WIN,121052.65662418846,0.0
2022-01-12,51.4640007019043,49.64287826538086,3,225.62592778324176,225.62592778324176,121278.2825519717,44.460977727282,WIN,121278.2825519717,0.0
2022-01-13,48.95899963378906,50.43472068786621,3,229.34624998033166,-213.37006624281275,121064.91248572888,44.47658233412258,LOSS,121278.2825519717,-0.17593427426001051
2022-01-14,49.95600128173828,47.97981964111328,3,219.06039559817037,219.06039559817037,121283.97288132705,44.59513742066895,WIN,121283.97288132705,0.0
2022-01-18,46.827999114990234,48.956881256103514,3,218.02832199835296,-420.63632033563107,120863.33656099142,43.86783889702685,LOSS,121283.97288132705,-0.34681937797932394
2022-01-19,46.04199981689453,45.89143913269043,3,215.46142391660862,215.46142391660862,121078.79798490803,45.43357369441438,WIN,121283.97288132705,-0.16916901017068187
2022-01-20,45.75299835205078,45.12115982055664,3,207.26336859780852,207.26336859780852,121286.06135350584,44.775386135709226,WIN,121286.06135350584,0.0
2022-01-21,37.5890007019043,44.837938385009764,3,197.07051626485622,-1977.6107886667835,119308.45056483905,43.48991298712056,LOSS,121286.06135350584,-1.630534264694073
2022-01-24,37.04499816894531,36.83722068786621,3,233.5544209114867,233.5544209114867,119542.00498575054,56.09758864247967,WIN,121286.06135350584,-1.4379693332377201
2022-01-25,36.505001068115234,36.304098205566405,3,219.3974830236056,219.3974830236056,119761.40246877415,54.17338419796323,WIN,121286.06135350584,-1.257076755331224
2022-01-26,35.3650016784668,35.77490104675293,3,212.27317405155293,89.30336356571291,119850.70583233987,53.46199233789906,LOSS,121286.06135350584,-1.183446395363122
2022-01-27,31.94499969482422,34.65770164489746,3,201.46280670668395,-612.3477783152877,119238.35805402457,52.67994201026074,LOSS,121286.06135350584,-1.6883253332078556
2022-01-28,33.89500045776367,31.306099700927735,3,192.82430036633298,192.82430036633298,119431.18235439091,54.92527393747289,WIN,121286.06135350584,-1.529342266056946
2022-01-31,36.80099868774414,33.2171004486084,3,217.12589143837124,217.12589143837124,119648.30824582928,57.3706375705003,WIN,121286.06135350584,-1.3503226087151843
2022-02-01,37.29999923706055,36.064978713989255,3,258.94937699624825,258.94937699624825,119907.25762282552,61.541919928612366,WIN,121286.06135350584,-1.1368196108385387
2022-02-02,34.88399887084961,36.553999252319336,3,260.6925336983155,-240.30758074260257,119666.95004208291,61.22839322552642,LOSS,121286.06135350584,-1.3349525026654034
2022-02-03,34.00899887084961,34.18631889343261,3,247.56063849675223,194.36463172185108,119861.31467380477,61.940137675708,LOSS,121286.06135350584,-1.1746994368532093
2022-02-04,39.16400146484375,33.32881889343262,3,235.5212495653082,235.5212495653082,120096.83592337008,60.80630682391929,WIN,121286.06135350584,-0.9805128609705535
2022-02-07,41.34700012207031,38.380721435546874,3,324.62127777385666,324.62127777385666,120421.45720114393,69.82503952262265,WIN,121286.06135350584,-0.7128635745222954
2022-02-08,42.542999267578125,40.52006011962891,3,349.1372782612516,349.1372782612516,120770.59447940518,70.8523235648333,WIN,121286.06135350584,-0.42500091795235867
2022-02-09,44.65999984741211,41.69213928222656,3,361.35889953451317,361.35889953451317,121131.9533789397,71.18232133770304,WIN,121286.06135350584,-0.12706157067543883
2022-02-10,43.14799880981445,43.76679985046387,3,379.05919277156517,193.41888057674043,121325.37225951643,71.14063813664389,LOSS,121325.37225951643,0.0
2022-02-11,41.10100173950195,42.28503883361817,3,366.96558753599516,11.754459301131078,121337.12671881756,71.25403907017963,LOSS,121337.12671881756,0.0
2022-02-14,40.94900131225586,40.27898170471191,3,349.36758691064506,349.36758691064506,121686.4943057282,71.22367533586981,WIN,121686.4943057282,0.0
2022-02-15,43.7239990234375,40.13002128601074,3,346.73658497613843,346.73658497613843,122033.23089070435,71.00739608392534,WIN,122033.23089070435,0.0
2022-02-16,43.49800109863281,42.84951904296875,3,373.68593853853594,373.68593853853594,122406.91682924288,71.52959952752539,WIN,122406.91682924288,0.0
2022-02-17,40.459999084472656,42.62804107666015,3,371.2923790832581,-279.120218572991,122127.79661066989,71.4593357129402,LOSS,122406.91682924288,-0.22802650847121986
2022-02-18,39.59700012207031,39.6507991027832,3,353.5057336727209,337.3660394588536,122465.16265012874,72.79092186709829,LOSS,122465.16265012874,0.0
2022-02-22,37.77000045776367,38.805060119628905,3,286.80909617375085,-23.708802385819126,122441.45384774292,62.90928226176421,LOSS,122465.16265012874,-0.01935963001458382
2022-02-23,36.50299835205078,37.0146004486084,3,277.77507783871414,124.29444887142907,122565.74829661434,63.64467616267807,LOSS,122565.74829661434,0.0
2022-02-24,39.69599914550781,35.772938385009766,3,270.3271792930826,270.3271792930826,122836.07547590742,63.98354390872141,WIN,122836.07547590742,0.0
2022-02-25,40.5,38.90207916259766,3,305.04379360949895,305.04379360949895,123141.11926951692,65.8281712418983,WIN,123141.11926951692,0.0
2022-02-28,44.29999923706055,39.69,3,287.49601502936537,287.49601502936537,123428.61528454628,61.953269054925215,WIN,123428.61528454628,0.0
2022-03-01,46.472999572753906,43.413999252319336,3,324.10280486805556,324.10280486805556,123752.71808941434,63.39139027467547,WIN,123752.71808941434,0.0
2022-03-02,45.92900085449219,45.54353958129883,3,330.48572339199245,330.48572339199245,124083.20381280633,62.037152970061626,WIN,124083.20381280633,0.0
2022-03-03,42.869998931884766,45.01042083740234,3,328.0725478221983,-314.0540238330749,123769.14978897326,62.24674809902735,LOSS,124083.20381280633,-0.2530995446465572
2022-03-04,41.0359992980957,42.01259895324707,3,306.8685876888743,13.888691143463916,123783.03848011672,62.34651203819634,LOSS,124083.20381280633,-0.24190649779033632
2022-03-07,38.89099884033203,40.21527931213379,3,297.2176700552448,-100.0664714852822,123682.97200863145,62.90696301239571,LOSS,124083.20381280633,-0.3225511526754868
2022-03-08,41.0359992980957,38.11317886352539,3,242.7985806973495,242.7985806973495,123925.7705893288,56.29391648193201,WIN,124083.20381280633,-0.1268771426268471
2022-03-09,43.67499923706055,40.21527931213379,3,256.0307276003376,256.0307276003376,124181.80131692914,56.26825499609858,WIN,124181.80131692914,0.0
2022-03-10,42.112998962402344,42.80149925231934,3,280.7874830762537,74.23739610115527,124256.0387130303,57.52397621389881,LOSS,124256.0387130303,0.0
2022-03-11,39.082000732421875,41.270738983154295,3,267.9815725852646,-388.6399026344615,123867.39881039584,57.0898899673238,LOSS,124256.0387130303,-0.3127734528315552
2022-03-14,36.99300003051758,38.30036071777344,3,257.4719244187364,-134.73628175802116,123732.66252863783,58.575473928339306,LOSS,124256.0387130303,-0.42120784616449264
2022-03-15,39.61399841308594,36.25314002990723,3,244.9031306259203,244.9031306259203,123977.56565926375,58.78887751755866,WIN,124256.0387130303,-0.22411228995451873
2022-03-16,42.87799835205078,38.82171844482422,3,274.0053162240227,274.0053162240227,124251.57097548778,60.75086798098236,WIN,124256.0387130303,-0.0035955898713637495
2022-03-17,43.409000396728516,42.02043838500976,3,301.67953532340744,301.67953532340744,124553.25051081118,61.537213534892466,WIN,124553.25051081118,0.0
2022-03-18,45.428001403808594,42.54082038879395,3,305.6232743970935,305.6232743970935,124858.87378520827,61.568866567870955,WIN,124858.87378520827,0.0
2022-03-21,43.64799880981445,44.51944137573242,3,310.54870460811964,49.11593483272958,124907.989720041,60.216310258889045,LOSS,124907.989720041,0.0
2022-03-22,45.994998931884766,42.77503883361816,3,301.5723015262364,301.5723015262364,125209.56202156724,60.69999392299732,WIN,125209.56202156724,0.0
2022-03-23,45.069000244140625,45.07509895324707,3,315.19575501134796,313.36614227941413,125522.92816384665,60.32718781547621,LOSS,125522.92816384665,0.0
2022-03-24,48.391998291015625,44.167620239257815,3,306.2579590558946,306.2579590558946,125829.18612290254,59.94677008069658,WIN,125829.18612290254,0.0
2022-03-25,47.242000579833984,47.424158325195314,3,323.6931413611903,269.0458177527913,126098.23194065533,59.24344847203721,LOSS,126098.23194065533,0.0
2022-03-28,51.0,46.2971605682373,3,318.8328688340652,318.8328688340652,126417.0648094894,59.639963929062354,WIN,126417.0648094894,0.0
2022-03-29,52.0,49.98,3,337.7706598444016,337.7706598444016,126754.8354693338,58.8067238295332,WIN,126754.8354693338,0.0
2022-03-30,50.069000244140625,50.96,3,339.7077999078574,72.40787315004468,126827.24334248385,58.210690239667365,LOSS,126827.24334248385,0.0
2022-03-31,48.63199996948242,49.06762023925781,3,331.61343045880363,200.9273495261862,127028.17069201004,58.80787833414353,LOSS,127028.17069201004,0.0
2022-04-01,49.097999572753906,47.65935997009277,3,310.4183551617669,310.4183551617669,127338.5890471718,57.219617261429434,WIN,127338.5890471718,0.0
2022-04-04,50.125999450683594,48.11603958129883,3,305.48964564131194,305.48964564131194,127644.07869281311,56.15491657019985,WIN,127644.07869281311,0.0
2022-04-05,48.72800064086914,49.12347946166992,3,299.215241812225,180.57159557199017,127824.6502883851,54.482959292116746,LOSS,127824.6502883851,0.0
2022-04-06,45.51100158691406,47.753440628051756,3,289.9571607633511,-382.7745515779569,127441.87573680715,54.35901987320482,LOSS,127824.6502883851,-0.2994528447481577
2022-04-07,46.361000061035156,44.60078155517578,3,276.332353322679,276.332353322679,127718.20809012983,55.16098638791874,WIN,127824.6502883851,-0.08327204339314037
2022-04-08,45.32400131225586,45.43378005981445,3,277.3131566488526,244.37953238127466,127962.58762251111,54.564593452105726,LOSS,127962.58762251111,0.0
2022-04-11,43.638999938964844,44.41752128601074,3,255.14378250757508,21.587378393806404,127984.17500090491,52.234521309621165,LOSS,127984.17500090491,0.0
2022-04-12,44.345001220703125,42.76621994018554,3,240.4210248737632,240.4210248737632,128224.59602577868,51.44069769340022,WIN,128224.59602577868,0.0
2022-04-13,46.358001708984375,43.458101196289064,3,232.13359402174282,232.13359402174282,128456.72961980042,49.62440770203587,WIN,128456.72961980042,0.0
2022-04-14,44.91899871826172,45.43084167480469,3,227.74026927148773,74.18738230859651,128530.91700210901,47.494072964455775,LOSS,128530.91700210901,0.0
2022-04-18,44.5890007019043,44.020618743896485,3,224.53139877914856,224.53139877914856,128755.44840088816,48.06252697333541,WIN,128755.44840088816,0.0
2022-04-19,47.11399841308594,43.69722068786621,3,216.07747494821132,216.07747494821132,128971.52587583636,47.05315512999043,WIN,128971.52587583636,0.0
2022-04-20,44.90299987792969,46.171718444824215,3,232.85297468566063,-147.7625953826976,128823.76328045367,47.69044677859279,LOSS,128971.52587583636,-0.11456993656487238
2022-04-21,42.7859992980957,44.00493988037109,3,221.0120789358479,-144.67009574676814,128679.0931847069,47.55589822479978,LOSS,128971.52587583636,-0.226742057321237
2022-04-22,40.90800094604492,41.93027931213379,3,216.30818081403766,-90.37532901262318,128588.71785569428,48.43953994129384,LOSS,128971.52587583636,-0.2968159192833146
2022-04-25,42.79999923706055,40.08984092712402,3,192.1393931430658,192.1393931430658,128780.85724883735,46.06684753343892,WIN,128971.52587583636,-0.14783776938684715
2022-04-26,39.10100173950195,41.94399925231934,3,209.14740171562315,-643.7518521295921,128137.10539670776,47.32196391114153,LOSS,128971.52587583636,-0.646980388471109
2022-04-27,38.577999114990234,38.318981704711916,3,186.12332729106305,186.12332729106305,128323.22872399882,46.48487348743218,WIN,128971.52587583636,-0.5026668851399579
2022-04-28,40.04899978637695,37.80643913269043,3,180.28443948327646,180.28443948327646,128503.5131634821,45.910609872848525,WIN,128971.52587583636,-0.36288065072970316
2022-04-29,35.41699981689453,39.248019790649415,3,193.27044531429982,-956.0355468121654,127547.47761666993,46.919994057772016,LOSS,128971.52587583636,-1.1041570994030068
2022-05-02,36.590999603271484,34.70865982055664,3,197.68612509043425,197.68612509043425,127745.16374176036,51.91929916010286,WIN,128971.52587583636,-0.950878207998132
2022-05-03,34.34000015258789,35.85917961120605,3,208.3483691524341,-247.40546843301433,127497.75827332734,52.66212844824396,LOSS,128971.52587583636,-1.1427077352933281
2022-05-04,36.64400100708008,33.65320014953613,3,197.30676920192292,197.30676920192292,127695.06504252927,53.0041235423936,WIN,128971.52587583636,-0.9897229831458844
2022-05-05,31.45199966430664,35.91112098693848,3,225.97763929205917,-1111.758757497492,126583.30628503178,55.78980317356235,LOSS,128971.52587583636,-1.8517417504261935
2022-05-06,29.423999786376953,30.822959671020506,3,218.46912822182094,-201.2188371712449,126382.08744786054,60.94421567700687,LOSS,128971.52587583636,-2.007759782937461
2022-05-09,21.905000686645508,28.835519790649414,3,205.49241560390033,-1873.6633155972715,124508.42413226327,61.193739119856914,LOSS,128971.52587583636,-3.46053263560657
2022-05-10,22.552000045776367,21.466900672912598,3,206.03509336619996,206.03509336619996,124714.45922562947,77.21383260801178,WIN,128971.52587583636,-3.3007802468781064
2022-05-11,16.81999969482422,22.10096004486084,3,215.36681620118972,-1368.921288809797,123345.53793681967,78.16590936142049,LOSS,128971.52587583636,-4.362193825971284
2022-05-12,17.118000030517578,16.483599700927734,3,188.24338475371914,188.24338475371914,123533.78132157339,80.0,WIN,128971.52587583636,-4.216236504403309
2022-05-13,20.457000732421875,16.775640029907226,3,189.16018479137904,189.16018479137904,123722.94150636478,80.0,WIN,128971.52587583636,-4.0695683282250315
2022-05-16,20.150999069213867,20.047860717773435,3,261.474438420141,261.474438420141,123984.41594478492,80.0,WIN,128971.52587583636,-3.866830214796898
2022-05-17,22.48699951171875,19.747979087829588,3,257.3651716289035,257.3651716289035,124241.78111641383,80.0,WIN,128971.52587583636,-3.667278282786205
2022-05-18,19.743999481201172,22.037259521484376,3,296.3826670854978,-391.59534499946346,123850.18577141436,80.0,LOSS,128971.52587583636,-3.9709075857196816
2022-05-19,21.07699966430664,19.34911949157715,3,264.6595301653054,264.6595301653054,124114.84530157965,80.0,WIN,128971.52587583636,-3.7656998638074097
2022-05-20,20.274999618530273,20.65545967102051,3,288.10454415392854,173.9665284068579,124288.81182998652,80.0,LOSS,128971.52587583636,-3.6308123161681407
2022-05-23,20.437000274658203,19.86949962615967,3,277.05681626133276,277.05681626133276,124565.86864624785,80.0,WIN,128971.52587583636,-3.415992173210335
2022-05-24,19.301000595092773,20.028260269165038,3,276.8335105547118,58.65560833303235,124624.52425458089,80.0,LOSS,128971.52587583636,-3.37051267071185
2022-05-25,19.812000274658203,18.914980583190918,3,260.0434038061363,260.0434038061363,124884.56765838702,80.0,WIN,128971.52587583636,-3.168884131357756
2022-05-26,21.610000610351562,19.415760269165037,3,268.42500437678814,268.42500437678814,125152.9926627638,80.0,WIN,128971.52587583636,-2.960756792742564
2022-05-27,21.93899917602539,21.177800598144533,3,298.4167968729669,298.4167968729669,125451.40945963676,80.0,WIN,128971.52587583636,-2.7293748696037676
2022-05-31,26.4689998626709,21.500219192504883,3,298.21580729435993,298.21580729435993,125749.62526693112,80.0,WIN,128971.52587583636,-2.4981487867384264
2022-06-01,23.81399917602539,25.93961986541748,3,392.23841126982984,-245.4477955477971,125504.17747138333,80.0,LOSS,128971.52587583636,-2.6884604031056627
2022-06-02,24.445999145507812,23.33771919250488,3,356.25782660163156,356.25782660163156,125860.43529798496,80.0,WIN,128971.52587583636,-2.4122305731627245
2022-06-03,22.722000122070312,23.957079162597655,3,362.7786687436131,-7.745043414589588,125852.69025457038,80.0,LOSS,128971.52587583636,-2.4182358083198574
2022-06-06,23.54400062561035,22.267560119628907,3,329.21284912739804,329.21284912739804,126181.90310369778,80.0,WIN,128971.52587583636,-2.1629757058346426
2022-06-07,24.0,23.073120613098144,3,340.1482161288561,340.1482161288561,126522.05131982664,80.0,WIN,128971.52587583636,-1.899236703121496
2022-06-08,23.288999557495117,23.52,3,301.89755714178096,232.59742439031623,126754.64874421696,80.0,LOSS,128971.52587583636,-1.7188888140733005
2022-06-09,21.775999069213867,22.823219566345216,3,293.6606307893703,-20.505518350034322,126734.14322586692,80.0,LOSS,128971.52587583636,-1.7347880741702757
2022-06-10,20.336000442504883,21.34047908782959,3,228.25423160061445,-73.08936199679744,126661.05386387013,80.0,LOSS,128971.52587583636,-1.7914590032768771
2022-06-13,15.21500015258789,19.929280433654785,3,217.86356087859076,-1196.4205234414776,125464.63334042864,80.0,LOSS,128971.52587583636,-2.719121536007787
2022-06-14,15.687000274658203,14.910700149536133,3,176.6120498442159,176.6120498442159,125641.24539027286,80.0,WIN,128971.52587583636,-2.582182743786125
2022-06-15,17.134000778198242,15.373260269165039,3,182.8877644147903,182.8877644147903,125824.13315468765,80.0,WIN,128971.52587583636,-2.440377982484893
2022-06-16,16.134000778198242,16.791320762634278,3,196.76900820453227,-0.42698712627853297,125823.70616756137,80.0,LOSS,128971.52587583636,-2.4407090533343543
2022-06-17,16.760000228881836,15.811320762634278,3,179.58838458793878,179.58838458793878,126003.29455214931,80.0,WIN,128971.52587583636,-2.3014625154893755
2022-06-21,17.895999908447266,16.4248002243042,3,184.59135501116174,184.59135501116174,126187.88590716047,80.0,WIN,128971.52587583636,-2.1583368497599738
2022-06-22,17.090999603271484,17.53807991027832,3,199.61974540108258,65.49565329903189,126253.3815604595,80.0,LOSS,128971.52587583636,-2.107553816176199
2022-06-23,18.83099937438965,16.749179611206053,3,191.57612975336545,191.57612975336545,126444.95769021286,80.0,WIN,128971.52587583636,-1.959012400966616
2022-06-24,20.54400062561035,18.454379386901856,3,215.78674438888294,215.78674438888294,126660.74443460174,80.0,WIN,128971.52587583636,-1.7916989238843761
2022-06-27,19.67300033569336,20.133120613098143,3,240.08533305316286,102.04924983172782,126762.79368443348,80.0,LOSS,128971.52587583636,-1.7125735129545423
2022-06-28,18.61199951171875,19.279540328979493,3,226.31358911887634,26.05134394065334,126788.84502837413,80.0,LOSS,128971.52587583636,-1.6923742141064153
2022-06-29,17.9689998626709,18.239759521484373,3,215.58610612681292,134.35820848277046,126923.20323685689,80.0,LOSS,128971.52587583636,-1.5881975692459718
2022-06-30,16.43000030517578,17.60961986541748,3,179.0129560863577,-174.8729119861515,126748.33032487074,80.0,LOSS,128971.52587583636,-1.7237878949388747
2022-07-01,16.677000045776367,16.101400299072264,3,162.25108800046985,162.25108800046985,126910.58141287121,80.0,WIN,128971.52587583636,-1.5979840890998454
2022-07-05,18.76799964904785,16.34346004486084,3,164.15950960482928,164.15950960482928,127074.74092247603,80.0,WIN,128971.52587583636,-1.470700560049514
2022-07-06,18.829999923706055,18.392639656066894,3,195.2084535518232,195.2084535518232,127269.94937602786,80.0,WIN,128971.52587583636,-1.3193427682996097
2022-07-07,21.951000213623047,18.453399925231935,3,194.6655964966906,194.6655964966906,127464.61497252455,80.0,WIN,128971.52587583636,-1.168405888880116
2022-07-08,22.128000259399414,21.511980209350586,3,248.56769198906602,248.56769198906602,127713.18266451362,80.0,WIN,128971.52587583636,-0.9756752141819119
2022-07-11,20.09000015258789,21.685440254211425,3,249.91769706826238,-228.714333418798,127484.46833109482,80.0,LOSS,128971.52587583636,-1.1530122906145723
2022-07-12,19.25200080871582,19.688200149536133,3,229.79797304322446,98.93817079713065,127583.40650189195,80.0,LOSS,128971.52587583636,-1.0762991013076681
2022-07-13,19.55500030517578,18.866960792541505,3,218.4915874963429,218.4915874963429,127801.8980893883,80.0,WIN,128971.52587583636,-0.9068883836995856
2022-07-14,20.458999633789062,19.163900299072264,3,172.16456217830392,172.16456217830392,127974.06265156661,73.2337776775113,WIN,128971.52587583636,-0.7733980175050688
2022-07-15,21.398000717163086,20.04981964111328,3,180.74200885394401,180.74200885394401,128154.80466042056,73.4337474277092,WIN,128971.52587583636,-0.6332569998451278
2022-07-18,22.562999725341797,20.970040702819823,3,184.35490395341947,184.35490395341947,128339.15956437399,71.98630859058738,WIN,128971.52587583636,-0.49031466997697637
2022-07-19,26.716999053955078,22.11173973083496,3,190.24282990594457,190.24282990594457,128529.40239427992,70.76997991970967,WIN,128971.52587583636,-0.34280704872956236
2022-07-20,28.87700080871582,26.182659072875975,3,254.32118766725736,254.32118766725736,128783.72358194718,77.96278020814438,WIN,128971.52587583636,-0.14561531517428286
2022-07-21,28.97100067138672,28.299460792541502,3,276.30661561963313,276.30661561963313,129060.03019756681,78.28899903542077,WIN,129060.03019756681,0.0
2022-07-22,28.191999435424805,28.391580657958983,3,271.70747805587564,211.83311129562225,129271.86330886243,77.03361979505084,LOSS,129271.86330886243,0.0
2022-07-25,26.586000442504883,27.628159446716307,3,261.11109390639126,-51.536607357035905,129220.3267015054,76.26161968564313,LOSS,129271.86330886243,-0.03986684034552776
2022-07-26,23.763999938964844,26.054280433654785,3,247.00473545546384,-440.0794129515186,128780.24728855389,76.45274691503042,LOSS,129271.86330886243,-0.38029622821630826
2022-07-27,26.239999771118164,23.288719940185548,3,231.4495402720331,231.4495402720331,129011.69682882592,79.42075473329412,WIN,129271.86330886243,-0.2012553028766272
2022-07-28,27.57200050354004,25.7151997756958,3,258.3491216656597,258.3491216656597,129270.04595049158,80.0,WIN,129271.86330886243,-0.0014058421719455544
2022-07-29,28.606000900268555,27.020560493469237,3,268.83679392625663,268.83679392625663,129538.88274441783,79.49253654096229,WIN,129538.88274441783,0.0
2022-08-01,27.573999404907227,28.033880882263183,3,264.3458975725808,126.38145436579376,129665.26419878363,76.12297097342918,LOSS,129665.26419878363,0.0
2022-08-02,27.826000213623047,27.022519416809082,3,259.40027721998814,259.40027721998814,129924.66447600361,77.22425458375494,WIN,129924.66447600361,0.0
2022-08-03,31.368000030517578,27.269480209350586,3,250.6178315806223,250.6178315806223,130175.28230758423,74.57310172052408,WIN,130175.28230758423,0.0
2022-08-04,30.930999755859375,30.740640029907226,3,295.2359367653339,295.2359367653339,130470.51824434957,77.25459592660681,WIN,130470.51824434957,0.0
2022-08-05,31.915000915527344,30.312379760742186,3,266.96913961020107,266.96913961020107,130737.48738395977,72.08948601020177,WIN,130737.48738395977,0.0
2022-08-08,33.000999450683594,31.276700897216795,3,275.4396844026838,275.4396844026838,131012.92706836245,72.08482572634577,WIN,131012.92706836245,0.0
2022-08-09,31.937999725341797,32.340979461669924,3,264.7082935766477,143.81437267820942,131156.74144104065,68.05538668811276,LOSS,131156.74144104065,0.0
2022-08-10,33.58000183105469,31.29923973083496,3,254.32930084848,254.32930084848,131411.07074188913,67.67174580035515,WIN,131411.07074188913,0.0
2022-08-11,33.69900131225586,32.908401794433594,3,267.978059905185,267.978059905185,131679.0488017943,67.78463852516859,WIN,131679.0488017943,0.0
2022-08-12,35.284000396728516,33.02502128601074,3,269.40290268176796,269.40290268176796,131948.45170447606,67.87790848535236,WIN,131948.45170447606,0.0
2022-08-15,34.90800094604492,34.57832038879395,3,282.14679104369577,282.14679104369577,132230.59849551975,67.89155381497918,WIN,132230.59849551975,0.0
2022-08-16,34.263999938964844,34.20984092712402,3,279.9651344039328,279.9651344039328,132510.56362992368,68.04787594013621,WIN,132510.56362992368,0.0
2022-08-17,32.52000045776367,33.57871994018554,3,229.1748928791651,-88.44095184739626,132422.1226780763,59.240294067988515,LOSS,132510.56362992368,-0.06674256710158023
2022-08-18,32.4379997253418,31.8696004486084,3,215.41576567350336,215.41576567350336,132637.5384437498,58.814309381304916,WIN,132637.5384437498,0.0
2022-08-19,28.299999237060547,31.78923973083496,3,215.0199553761876,-831.7521927561367,131805.78625099367,58.84435952112362,LOSS,132637.5384437498,-0.6270865718070223
2022-08-22,26.80900001525879,27.733999252319336,3,212.57707248975592,-64.92269862840814,131740.86355236525,64.68428298626185,LOSS,132637.5384437498,-0.6760340261929859
2022-08-23,26.579999923706055,26.272820014953613,3,200.71623486654255,200.71623486654255,131941.57978723178,64.52117211084429,WIN,132637.5384437498,-0.5247071565740572
2022-08-24,27.44099998474121,26.048399925231934,3,181.9742267261183,181.9742267261183,132123.5540139579,60.28391180610872,WIN,132637.5384437498,-0.3875105311984249
2022-08-25,27.2810001373291,26.892179985046386,3,173.60214335589112,173.60214335589112,132297.1561573138,56.84505836548175,WIN,132637.5384437498,-0.25662590728820284
2022-08-26,24.920000076293945,26.73538013458252,3,168.79129827142265,-375.82271921514985,131921.33343809863,55.924067707368195,LOSS,132637.5384437498,-0.5399715752074971
2022-08-29,24.496000289916992,24.421600074768065,3,162.35755328303134,162.35755328303134,132083.69099138168,58.09367056026332,WIN,132637.5384437498,-0.4175646343157993
2022-08-30,24.023000717163086,24.006080284118653,3,158.41975102876916,158.41975102876916,132242.11074241044,57.77629603019492,WIN,132637.5384437498,-0.29812653791600274
2022-08-31,23.1560001373291,23.542540702819824,3,155.34989272231445,39.38772307509761,132281.49846548555,57.77329747259241,LOSS,132637.5384437498,-0.2684307794322056
2022-09-01,22.091999053955078,22.69288013458252,3,122.62784499021978,-57.63647919801275,132223.86198628755,50.02793873421113,LOSS,132637.5384437498,-0.31188490250645456
2022-09-02,21.805999755859375,21.650159072875976,3,118.50576440174996,118.50576440174996,132342.3677506893,50.480806961933766,WIN,132637.5384437498,-0.2225393327739405
2022-09-06,20.424999237060547,21.369879760742187,3,113.2933144599042,-170.17084264458776,132172.19690804472,49.36507596798001,LOSS,132637.5384437498,-0.350836981117853
2022-09-07,21.861000061035156,20.016499252319335,3,104.44514519716667,104.44514519716667,132276.64205324187,48.823242369861646,WIN,132637.5384437498,-0.27209219557477043
2022-09-08,23.450000762939453,21.42378005981445,3,124.155659415599,124.155659415599,132400.79771265746,52.56518431885447,WIN,132637.5384437498,-0.17848697576119732
2022-09-09,26.19700050354004,22.981000747680664,3,138.35240343947612,138.35240343947612,132539.15011609692,54.02409817481039,WIN,132637.5384437498,-0.07417834257728252
2022-09-12,26.29800033569336,25.673060493469237,3,180.68697369053754,180.68697369053754,132719.83708978747,60.620947851399336,WIN,132719.83708978747,0.0
2022-09-13,23.125,25.772040328979493,3,176.64737028309284,-617.4647284107551,132102.3723613767,59.42971001185466,LOSS,132719.83708978747,-0.46523921513935906
2022-09-14,22.599000930786133,22.662499999999998,3,169.02591827727787,149.97619751311834,132252.34855888982,63.346004852540986,LOSS,132719.83708978747,-0.3522371192946741
2022-09-15,21.694000244140625,22.147020912170408,3,165.20032506473063,29.294124655795713,132281.64268354562,63.351581776440874,LOSS,132719.83708978747,-0.3301649669336176
2022-09-16,20.634000778198242,21.260120239257812,3,157.9259364496849,-29.909901868186125,132251.73278167745,63.150727010998146,LOSS,132719.83708978747,-0.35270108702238695
2022-09-19,20.6200008392334,20.221320762634278,3,150.8316610230216,150.8316610230216,132402.56444270047,63.35018050926856,WIN,132719.83708978747,-0.23905442776602842
2022-09-20,19.65999984741211,20.20760082244873,3,137.47597358450696,-26.804318926478913,132375.760123774,59.09883881515555,LOSS,132719.83708978747,-0.2592505940017797
2022-09-21,19.591999053955078,19.266799850463865,3,130.5879477983365,130.5879477983365,132506.34807157234,58.93479613151707,WIN,132719.83708978747,-0.16085690194955493
2022-09-22,19.23200035095215,19.200159072875977,3,130.2249620547591,130.2249620547591,132636.5730336271,58.96474080323133,WIN,132719.83708978747,-0.06273670762875254
2022-09-23,19.145000457763672,18.847360343933104,3,125.36352042788522,125.36352042788522,132761.936554055,58.115730615527056,WIN,132761.936554055,0.0
2022-09-26,20.01799964904785,18.762100448608397,3,124.82844067237012,124.82844067237012,132886.76499472736,58.126795856662255,WIN,132886.76499472736,0.0
2022-09-27,20.60700035095215,19.617639656066896,3,128.15579974662506,128.15579974662506,133014.920794474,57.34543675000664,WIN,133014.920794474,0.0
2022-09-28,22.047000885009766,20.194860343933104,3,133.5693620736939,133.5693620736939,133148.4901565477,57.87272635585316,WIN,133148.4901565477,0.0
2022-09-29,21.18199920654297,21.60606086730957,3,149.70344261713794,22.484944387157768,133170.97510093485,59.91292054200414,LOSS,133170.97510093485,0.0
2022-09-30,21.22599983215332,20.75835922241211,3,144.088486032564,144.088486032564,133315.06358696742,59.99366385494567,WIN,133315.06358696742,0.0
2022-10-03,22.45199966430664,20.801479835510253,3,142.0734655744832,142.0734655744832,133457.1370525419,59.27247959855535,WIN,133457.1370525419,0.0
2022-10-04,24.874000549316406,22.00295967102051,3,154.03632889510106,154.03632889510106,133611.173381437,60.37923405700974,WIN,133611.173381437,0.0
2022-10-05,24.2189998626709,24.376520538330077,3,177.5596423832747,130.30343968552123,133741.47682112252,62.21583242071402,LOSS,133741.47682112252,0.0
2022-10-06,24.16699981689453,23.73461986541748,3,169.66606485334069,169.66606485334069,133911.14288597586,61.336989148423,WIN,133911.14288597586,0.0
2022-10-07,22.030000686645508,23.68365982055664,3,163.24574477882857,-332.8519953945116,133578.29089058135,59.67948509814255,LOSS,133911.14288597586,-0.24856183602131413
2022-10-10,22.065000534057617,21.589400672912596,3,140.1773662905425,140.1773662905425,133718.46825687189,57.087430672392884,WIN,133911.14288597586,-0.1438824469357529
2022-10-11,21.636999130249023,21.623700523376463,3,140.3401451571765,140.3401451571765,133858.80840202907,57.06946680915329,WIN,133911.14288597586,-0.03908150047778498
2022-10-12,21.83799934387207,21.20425914764404,3,119.3990311589097,119.3990311589097,133978.20743318798,51.49999490766854,WIN,133978.20743318798,0.0
2022-10-13,22.054000854492188,21.40123935699463,3,120.00753805902824,120.00753805902824,134098.214971247,51.348350432385615,WIN,134098.214971247,0.0
2022-10-14,20.930999755859375,21.612920837402342,3,118.80167665272636,-85.77464781016376,134012.44032343684,50.6306882631455,LOSS,134098.214971247,-0.06396404890890443
2022-10-17,22.113000869750977,20.51237976074219,3,113.06474574528357,113.06474574528357,134125.5050691821,50.72944469685779,WIN,134125.5050691821,0.0
2022-10-18,23.5,21.670740852355955,3,123.76905278532922,123.76905278532922,134249.27412196744,52.02144901146731,WIN,134249.27412196744,0.0
2022-10-19,22.607999801635742,23.03,3,131.819566965677,5.219507456399327,134254.49362942384,52.102318311000694,LOSS,134254.49362942384,0.0
2022-10-20,22.10099983215332,22.155839805603026,3,129.921898445075,113.46990641016318,134367.96353583402,53.01099568328323,LOSS,134367.96353583402,0.0
2022-10-21,23.261999130249023,21.658979835510255,3,127.3451070346034,127.3451070346034,134495.30864286862,53.11179205163088,WIN,134495.30864286862,0.0
2022-10-24,23.760000228881836,22.796759147644043,3,136.5455106992615,136.5455106992615,134631.8541535679,53.82571118777785,WIN,134631.8541535679,0.0
2022-10-25,26.868999481201172,23.2848002243042,3,137.73658649149868,137.73658649149868,134769.5907400594,53.34351333975069,WIN,134769.5907400594,0.0
2022-10-26,27.27199935913086,26.331619491577147,3,178.3174164423307,178.3174164423307,134947.9081565017,58.89664180350567,WIN,134947.9081565017,0.0
2022-10-27,27.055999755859375,26.72655937194824,3,175.95906896321776,175.95906896321776,135123.86722546493,57.67599995811002,WIN,135123.86722546493,0.0
2022-10-28,27.999000549316406,26.514879760742186,3,170.90532845437872,170.90532845437872,135294.77255391932,56.781213123363905,WIN,135294.77255391932,0.0
2022-10-31,26.750999450683594,27.439020538330077,3,177.30729885796728,-29.099027435977604,135265.67352648336,56.8864074798414,LOSS,135294.77255391932,-0.021507872689144565
2022-11-01,25.719999313354492,26.21597946166992,3,171.38591917921093,22.591874684582308,135288.26540116794,57.37640926298362,LOSS,135294.77255391932,-0.004809611360842394
2022-11-02,24.822999954223633,25.205599327087402,3,151.69465907654904,36.91484721741831,135325.18024838535,54.01111526516315,LOSS,135325.18024838535,0.0
2022-11-03,24.8439998626709,24.32653995513916,3,147.30583950085196,147.30583950085196,135472.4860878862,54.25136151004745,WIN,135472.4860878862,0.0
2022-11-04,27.709999084472656,24.34711986541748,3,147.4010481544021,147.4010481544021,135619.8871360406,54.24353149276643,WIN,135619.8871360406,0.0
2022-11-07,26.663999557495117,27.155799102783202,3,168.57316295812524,21.033299371699684,135640.9204354123,55.23842310019084,LOSS,135640.9204354123,0.0
2022-11-08,21.18400001525879,26.130719566345213,3,166.05902465473508,-1317.9568406711921,134322.9635947411,56.19326521580228,LOSS,135640.9204354123,-0.9716513545031265
2022-11-09,17.035999298095703,20.760320014953614,3,180.04087813820558,-937.2553369191675,133385.70825782194,71.21499587380433,LOSS,135640.9204354123,-1.662634085901981
2022-11-10,17.5,16.69527931213379,3,170.42564589263787,170.42564589263787,133556.13390371457,80.0,WIN,135640.9204354123,-1.5369893723851809
2022-11-11,17.51799964904785,17.15,3,175.68605973537268,175.68605973537268,133731.81996344993,80.0,WIN,135640.9204354123,-1.4074664679612006
2022-11-14,16.59000015258789,17.167639656066893,3,174.60538469996374,1.3135336562631323,133733.1334971062,80.0,LOSS,135640.9204354123,-1.4064980775580291
2022-11-15,17.152999877929688,16.258200149536133,3,163.99195496490353,163.99195496490353,133897.1254520711,80.0,WIN,135640.9204354123,-1.2855965425061542
2022-11-16,16.944000244140625,16.809939880371093,3,167.27503340483037,167.27503340483037,134064.40048547593,79.50302309927778,WIN,135640.9204354123,-1.1622745885796704
2022-11-17,17.38800048828125,16.60512023925781,3,164.77975036070816,164.77975036070816,134229.18023583663,79.32457422569092,WIN,135640.9204354123,-1.0407922587401566
2022-11-18,17.011999130249023,17.040240478515624,3,169.86357661871406,161.3911721387338,134390.57140797537,79.61593741672174,LOSS,135640.9204354123,-0.9218081265028719
2022-11-21,15.722000122070312,16.671759147644043,3,163.64065621779082,-121.2870514543282,134269.28435652104,78.62457425151425,LOSS,135640.9204354123,-1.011225870842114
2022-11-22,16.70800018310547,15.407560119628906,3,152.73342210884334,152.73342210884334,134422.01777862987,79.25624103968038,WIN,135640.9204354123,-0.8986245838421744
2022-11-23,17.638999938964844,16.37384017944336,3,151.6981442491561,151.6981442491561,134573.71592287903,75.05439903560486,WIN,135640.9204354123,-0.786786545761781
2022-11-25,18.299999237060547,17.286219940185546,3,163.40757001706592,163.40757001706592,134737.1234928961,76.27555333444585,WIN,135640.9204354123,-0.6663158430472013
2022-11-28,17.66699981689453,17.933999252319335,3,171.70054709615138,91.60071646871019,134828.7242093648,77.05969488104725,LOSS,135640.9204354123,-0.5987840715326305
2022-11-29,18.200000762939453,17.31365982055664,3,163.95953874969382,163.95953874969382,134992.68374811448,76.38509213569455,WIN,135640.9204354123,-0.477906435032255
2022-11-30,19.80900001525879,17.836000747680664,3,170.08141837968026,170.08141837968026,135162.76516649415,76.81224131897872,WIN,135640.9204354123,-0.3525155000299651
2022-12-01,19.898000717163086,19.412820014953613,3,192.65488106004588,192.65488106004588,135355.4200475542,79.32895448470093,WIN,135640.9204354123,-0.21048249078643674
2022-12-02,20.694000244140625,19.500040702819824,3,193.11882324974653,193.11882324974653,135548.53887080392,79.19544192743332,WIN,135640.9204354123,-0.06810744450260249
2022-12-05,19.566999435424805,20.280120239257812,3,202.55072061087154,-11.385520539030637,135537.15335026488,79.74084617412568,LOSS,135640.9204354123,-0.07650131303615035
2022-12-06,19.552000045776367,19.17565944671631,3,180.8341619509901,180.8341619509901,135717.98751221588,76.1287160617112,WIN,135717.98751221588,0.0
2022-12-07,19.349000930786133,19.16096004486084,3,180.33855929851376,180.33855929851376,135898.3260715144,76.00795041203628,WIN,135898.3260715144,0.0
2022-12-08,20.256999969482422,18.96202091217041,3,143.94340872566892,143.94340872566892,136042.26948024007,64.20647630817643,WIN,136042.26948024007,0.0
2022-12-09,20.325000762939453,19.85185997009277,3,104.60124438848975,104.60124438848975,136146.87072462856,49.15472181181346,WIN,136146.87072462856,0.0
2022-12-12,19.615999221801758,19.918500747680664,3,104.50130492602638,13.750847162354546,136160.62157179092,49.007927938204034,LOSS,136160.62157179092,0.0
2022-12-13,20.180999755859375,19.223679237365722,3,103.35970378992116,103.35970378992116,136263.98127558085,49.85217203586246,WIN,136263.98127558085,0.0
2022-12-14,20.273000717163086,19.777379760742186,3,101.30004456671162,101.30004456671162,136365.28132014757,48.20136873366036,WIN,136365.28132014757,0.0
2022-12-15,18.799999237060547,19.867540702819824,3,100.92143258967876,-219.34100713810426,136145.94031300946,47.927169528806665,LOSS,136365.28132014757,-0.16084813158794892
2022-12-16,17.375,18.423999252319337,3,101.89446599964211,-212.80530969615907,135933.1350033133,50.849392014514045,LOSS,136365.28132014757,-0.3169034762005888
2022-12-19,17.020999908447266,17.0275,3,100.9710183892976,99.02099092347733,136032.1559942368,53.43801500474978,LOSS,136365.28132014757,-0.24428895880667087
2022-12-20,16.885000228881836,16.68057991027832,3,98.85244401430253,98.85244401430253,136131.0084382511,53.414162616701226,WIN,136365.28132014757,-0.17179804098849813
2022-12-21,16.881999969482422,16.5473002243042,3,91.12819708146809,91.12819708146809,136222.13663533257,50.69774113636671,WIN,136365.28132014757,-0.10497150259157961
2022-12-22,16.62299919128418,16.544359970092774,3,86.78924630632216,86.78924630632216,136308.9258816389,49.00408165743815,WIN,136365.28132014757,-0.04132682304696649
2022-12-23,16.267000198364258,16.290539207458497,3,81.79618070412307,74.7344779758512,136383.66035961473,47.54712790509545,LOSS,136383.66035961473,0.0
2022-12-27,14.77400016784668,15.941660194396972,3,78.30473578273113,-271.9932721823566,136111.66708743238,46.8397453177261,LOSS,136383.66035961473,-0.1994324477471631
2022-12-28,13.809000015258789,14.478520164489746,3,78.29215540503532,-122.56388936425171,135989.10319806813,50.05170746846145,LOSS,136383.66035961473,-0.2892994369752505
2022-12-29,13.663000106811523,13.532820014953613,3,74.52767514431267,74.52767514431267,136063.63087321245,50.69804004739256,WIN,136383.66035961473,-0.2346538328407064
2022-12-30,14.156999588012695,13.389740104675292,3,62.621562075786045,62.621562075786045,136126.25243528822,45.31564785693101,WIN,136383.66035961473,-0.18873809637297095
2023-01-03,14.501999855041504,13.87385959625244,3,67.58841870466442,67.58841870466442,136193.84085399288,46.57839807243908,WIN,136383.66035961473,-0.13918053315282786
2023-01-04,16.506000518798828,14.211959857940673,3,67.46051237365288,67.46051237365288,136261.30136636653,45.76881479136697,WIN,136383.66035961473,-0.08971675413723641
2023-01-05,15.656000137329102,16.17588050842285,3,100.92861255833859,-55.0354987697859,136206.26586759675,55.44468687251484,LOSS,136383.66035961473,-0.13007019429616917
2023-01-06,16.045000076293945,15.342880134582519,3,97.44912850781571,97.44912850781571,136303.71499610457,56.170502882296226,WIN,136383.66035961473,-0.05861799228688268
2023-01-09,17.500999450683594,15.724100074768065,3,100.97535755191494,100.97535755191494,136404.69035365648,56.62600239293704,WIN,136404.69035365648,0.0
2023-01-10,19.0,17.150979461669923,3,116.92664341078945,116.92664341078945,136521.61699706726,59.1915933107458,WIN,136521.61699706726,0.0
2023-01-11,19.47599983215332,18.62,3,135.23543345035958,135.23543345035958,136656.8524305176,62.07885859916802,WIN,136656.8524305176,0.0
2023-01-12,21.017000198364258,19.086479835510254,3,138.0393409542183,138.0393409542183,136794.89177147183,61.88049014885101,WIN,136794.89177147183,0.0
2023-01-13,21.69700050354004,20.59666019439697,3,154.66852884316353,154.66852884316353,136949.560300315,63.6766021678822,WIN,136949.560300315,0.0
2023-01-17,23.591999053955078,21.263060493469236,3,160.53833671675866,160.53833671675866,137110.09863703177,63.9404646940936,WIN,137110.09863703177,0.0
2023-01-18,22.118999481201172,23.120159072875975,3,173.8476484940066,-126.50022900843425,136983.59840802333,63.74085096356052,LOSS,137110.09863703177,-0.09226178834814974
2023-01-19,22.145000457763672,21.67661949157715,3,160.46193323881639,160.46193323881639,137144.06034126214,62.983903001961465,WIN,137144.06034126214,0.0
2023-01-20,24.003000259399414,21.702100448608398,3,159.45031737167423,159.45031737167423,137303.5106586338,62.62540951854812,WIN,137303.5106586338,0.0
2023-01-23,25.02199935913086,23.522940254211424,3,177.5771459016731,177.5771459016731,137481.0878045355,63.933983409061476,WIN,137481.0878045355,0.0
2023-01-24,24.75,24.521559371948243,3,185.17632026345464,185.17632026345464,137666.26412479894,63.94997448878616,WIN,137666.26412479894,0.0
2023-01-25,24.583999633789062,24.255,3,182.7677761933306,182.7677761933306,137849.03190099227,63.84425085695597,WIN,137849.03190099227,0.0
2023-01-26,24.531999588012695,24.09231964111328,3,180.18962305070266,180.18962305070266,138029.22152404298,63.480407839270775,WIN,138029.22152404298,0.0
2023-01-27,25.836000442504883,24.04135959625244,3,162.66000356693576,162.66000356693576,138191.88152760992,58.85679163157995,WIN,138191.88152760992,0.0
2023-01-30,24.569000244140625,25.319280433654786,3,158.15923288313272,-66.92482397111556,138124.9567036388,55.49098066559603,LOSS,138191.88152760992,-0.0484289114753422
2023-01-31,25.17300033569336,24.07762023925781,3,157.4750474696123,157.4750474696123,138282.4317511084,57.394868448304926,WIN,138282.4317511084,0.0
2023-02-01,26.79199981689453,24.66954032897949,3,161.36130463015073,161.36130463015073,138443.79305573856,57.39878814475006,WIN,138443.79305573856,0.0
2023-02-02,29.21299934387207,26.25615982055664,3,173.35509394893424,173.35509394893424,138617.14814968748,57.79770735944645,WIN,138617.14814968748,0.0
2023-02-03,28.47599983215332,28.62873935699463,3,174.91767806947186,129.09582061707928,138746.24397030455,54.604686823929036,LOSS,138746.24397030455,0.0
2023-02-06,28.204999923706055,27.906479835510254,3,163.8279962181001,163.8279962181001,138910.07196652266,53.05381183610809,WIN,138910.07196652266,0.0
2023-02-07,28.386999130249023,27.640899925231935,3,165.16801376469692,165.16801376469692,139075.23998028736,53.733689961526295,WIN,139075.23998028736,0.0
2023-02-08,27.59600067138672,27.819259147644043,3,159.6009209781732,92.62337810097581,139167.86335838833,52.188181109566045,LOSS,139167.86335838833,0.0
2023-02-09,24.90399932861328,27.044080657958983,3,152.4996099329416,-489.5247888707689,138678.33856951757,51.55203952571907,LOSS,139167.86335838833,-0.35175131460496134
2023-02-10,24.336999893188477,24.405919342041017,3,158.27154244162628,137.59570778586422,138815.93427730343,57.036133975279924,LOSS,139167.86335838833,-0.2528809975178028
2023-02-13,24.924999237060547,23.850259895324708,3,149.54705789705858,149.54705789705858,138965.4813352005,55.64431998947155,WIN,139167.86335838833,-0.14542295778923475
2023-02-14,27.11400032043457,24.426499252319335,3,152.65905368748284,152.65905368748284,139118.14038888796,55.51132435332121,WIN,139167.86335838833,-0.035728772649422175
2023-02-15,29.84000015258789,26.571720314025878,3,166.19504841948282,166.19504841948282,139284.33543730745,55.54277882752144,WIN,139284.33543730745,0.0
2023-02-16,28.402999877929688,29.243200149536133,3,186.92612713782495,-65.13395434410859,139219.20148296334,56.4343199914692,LOSS,139284.33543730745,-0.046763301946061764
2023-02-17,29.405000686645508,27.834939880371092,3,184.3552630401697,184.3552630401697,139403.5567460035,57.93192453142905,WIN,139403.5567460035,0.0
2023-02-21,26.992000579833984,28.816900672912595,3,182.85989873714476,-364.61012918643854,139038.94661681706,56.13261397105331,LOSS,139403.5567460035,-0.26155009075613117
2023-02-22,26.857999801635742,26.452160568237304,3,179.01610670763807,179.01610670763807,139217.9627235247,58.86782091443675,WIN,139403.5567460035,-0.13313435238741977
2023-02-23,26.575000762939453,26.320839805603025,3,177.8860568582665,177.8860568582665,139395.84878038295,58.808387782865076,WIN,139403.5567460035,-0.0055292460253397
2023-02-24,25.579999923706055,26.043500747680664,3,176.17537955937098,37.125132366988225,139432.97391274993,58.84912775774373,LOSS,139432.97391274993,0.0
2023-02-27,25.864999771118164,25.068399925231933,3,172.06495405321863,172.06495405321863,139605.03886680317,59.49189592771272,WIN,139605.03886680317,0.0
2023-02-28,26.226999282836914,25.3476997756958,3,170.31657654732345,170.31657654732345,139775.35544335048,58.55454375446078,WIN,139775.35544335048,0.0
2023-03-01,25.791000366210938,25.702459297180177,3,168.73988951882063,168.73988951882063,139944.0953328693,57.55574371173573,WIN,139944.0953328693,0.0
2023-03-02,25.288999557495117,25.27518035888672,3,165.88693202399267,165.88693202399267,140109.9822648933,57.54348044463243,WIN,140109.9822648933,0.0
2023-03-03,24.69099998474121,24.783219566345213,3,157.0821720943265,129.41629761312578,140239.39856250642,56.085093324724156,LOSS,140239.39856250642,0.0
2023-03-06,23.7450008392334,24.197179985046386,3,139.77165310580517,4.117909361908914,140243.51647186832,52.44289768365826,LOSS,140243.51647186832,0.0
2023-03-07,23.143999099731445,23.27010082244873,3,135.41623647874985,97.58571966356477,140341.10219153189,52.72138055804044,LOSS,140341.10219153189,0.0
2023-03-08,23.27199935913086,22.681119117736817,3,132.42732205648088,132.42732205648088,140473.52951358838,52.846717786531165,WIN,140473.52951358838,0.0
2023-03-09,21.082000732421875,22.806559371948243,3,133.1177060079085,-384.2498858500019,140089.27962773837,52.83477514773017,LOSS,140473.52951358838,-0.27353899854337643
2023-03-10,19.201000213623047,20.660360717773436,3,129.6011469547327,-308.207004290384,139781.07262344798,55.66174847717686,LOSS,140473.52951358838,-0.4929447508994319
2023-03-13,22.31599998474121,18.816980209350586,3,116.42065238770982,116.42065238770982,139897.4932758357,55.104693800174914,WIN,140473.52951358838,-0.4100674623520118
2023-03-14,22.94700050354004,21.869679985046385,3,170.39732560436818,170.39732560436818,140067.89060144007,65.50512501433005,WIN,140473.52951358838,-0.2887653734855929
2023-03-15,22.7549991607666,22.488060493469238,3,175.48302313873023,175.48302313873023,140243.3736245788,65.58225784969675,WIN,140473.52951358838,-0.1638428889816765
2023-03-16,24.107999801635742,22.299899177551268,3,164.1044087089771,164.1044087089771,140407.47803328777,62.701545869737174,WIN,140473.52951358838,-0.04702058852605306
2023-03-17,26.766000747680664,23.625839805603025,3,164.4389582610081,164.4389582610081,140571.9169915488,60.11620551154542,WIN,140571.9169915488,0.0
2023-03-20,26.395999908447266,26.230680732727052,3,198.89520752231962,198.89520752231962,140770.8121990711,64.1507174556363,WIN,140770.8121990711,0.0
2023-03-21,27.33799934387207,25.86807991027832,3,194.39978191319392,194.39978191319392,140965.2119809843,63.71320272498048,WIN,140965.2119809843,0.0
2023-03-22,24.68600082397461,26.791239356994627,3,193.74722474231345,-437.8243351636917,140527.38764582062,61.87678196831955,LOSS,140965.2119809843,-0.31059034283065023
2023-03-23,26.33300018310547,24.192280807495116,3,186.91671212276853,186.91671212276853,140714.3043579434,65.08254877784958,WIN,140965.2119809843,-0.17799258378355998
2023-03-24,25.66699981689453,25.80634017944336,3,205.11338839861008,163.3112796339614,140877.61563757734,66.52081157663636,LOSS,140965.2119809843,-0.06214039774493247
2023-03-27,23.895999908447266,25.15365982055664,3,198.91679350525277,-178.38118012755973,140699.23445744978,66.26079897959832,LOSS,140965.2119809843,-0.18868309407459266
2023-03-28,24.826000213623047,23.41807991027832,3,190.55109897449552,190.55109897449552,140889.7855564243,67.74426911074269,WIN,140965.2119809843,-0.0535071195935884
2023-03-29,28.402999877929688,24.329480209350585,3,199.59145724539167,199.59145724539167,141089.3770136697,68.17704776648975,WIN,141089.3770136697,0.0
2023-03-30,27.92300033569336,27.834939880371092,3,252.99500465434875,252.99500465434875,141342.37201832404,73.91647608824917,WIN,141342.37201832404,0.0
2023-03-31,29.23200035095215,27.36454032897949,3,248.5632954608106,248.5632954608106,141590.93531378484,73.87947721786654,WIN,141590.93531378484,0.0
2023-04-03,29.73900032043457,28.647360343933105,3,260.62686408306007,260.62686408306007,141851.5621778679,73.97251805109096,WIN,141851.5621778679,0.0
2023-04-04,29.898000717163086,29.14422031402588,3,261.9037299720309,261.9037299720309,142113.4659078399,73.2511289451509,WIN,142113.4659078399,0.0
2023-04-05,29.083999633789062,29.300040702819825,3,261.35903693789373,196.5467162286651,142310.01262406856,72.8208406958845,LOSS,142310.01262406856,0.0
2023-04-06,29.010000228881836,28.50231964111328,3,256.3309807421974,256.3309807421974,142566.34360481077,73.29562963352186,WIN,142566.34360481077,0.0
2023-04-10,31.277999877929688,28.4298002243042,3,240.5377144910983,240.5377144910983,142806.88131930187,69.84341334490168,WIN,142806.88131930187,0.0
2023-04-11,33.23500061035156,30.652439880371094,3,245.57801746407577,245.57801746407577,143052.45933676595,66.93253758312471,WIN,143052.45933676595,0.0
2023-04-12,32.28300094604492,32.57030059814453,3,231.01708419558364,144.82718856570202,143197.28652533167,60.97666181465422,LOSS,143197.28652533167,0.0
2023-04-13,34.071998596191406,31.637340927124022,3,228.4580987801001,228.4580987801001,143425.74462411177,61.808172773419436,WIN,143425.74462411177,0.0
2023-04-14,33.375,33.39055862426758,3,241.83836528211884,237.17077800184583,143662.9154021136,61.94794834271958,LOSS,143662.9154021136,0.0
2023-04-17,31.30299949645996,32.707499999999996,3,237.03964928654398,-184.31050177546655,143478.60490033813,61.97737549619209,LOSS,143662.9154021136,-0.12829372232881742
2023-04-18,32.98500061035156,30.67693950653076,3,216.2721410871801,216.2721410871801,143694.87704142532,60.698679841596565,WIN,143694.87704142532,0.0
2023-04-19,31.472000122070312,32.32530059814453,3,230.04804511480341,-25.942097707461784,143668.93494371788,61.130809891460686,LOSS,143694.87704142532,-0.01805359957263408
2023-04-20,29.47100067138672,30.842560119628907,3,223.87000865546094,-187.59782581719543,143481.3371179007,62.050105380247395,LOSS,143694.87704142532,-0.1486064972678663
2023-04-21,29.101999282836914,28.881580657958985,3,199.98444508983005,199.98444508983005,143681.32156299052,59.883877009192666,WIN,143694.87704142532,-0.009433515455737595
2023-04-24,28.533000946044922,28.519959297180176,3,192.60402720929855,192.60402720929855,143873.92559019983,58.77554550056729,WIN,143873.92559019983,0.0
2023-04-25,29.090999603271484,27.96234092712402,3,188.29392826658875,188.29392826658875,144062.21951846642,58.649361358701015,WIN,144062.21951846642,0.0
2023-04-26,29.945999145507812,28.509179611206054,3,181.7510585624392,181.7510585624392,144243.97057702884,56.32447389543067,WIN,144243.97057702884,0.0
2023-04-27,31.86400032043457,29.347079162597655,3,186.28596797861175,186.28596797861175,144430.25654500746,56.146259773927355,WIN,144430.25654500746,0.0
2023-04-28,32.8380012512207,31.22672031402588,3,165.94615136560662,165.94615136560662,144596.20269637308,49.447357764752304,WIN,144596.20269637308,0.0
2023-05-01,30.746999740600586,32.18124122619629,3,170.79011089304112,-259.4823347856707,144336.72036158742,49.40131422396885,LOSS,144596.20269637308,-0.17945307687680156
2023-05-02,32.80099868774414,30.132059745788574,3,167.0199133628892,167.0199133628892,144503.7402749503,50.92977839153607,WIN,144596.20269637308,-0.0639452625301102
2023-05-03,30.424999237060547,32.14497871398926,3,186.43716590329777,-329.5566771753164,144174.183597775,52.595377873671424,LOSS,144596.20269637308,-0.29186042975432785
2023-05-04,31.224000930786133,29.816499252319336,3,184.4081096444056,184.4081096444056,144358.5917074194,55.09022268670451,WIN,144596.20269637308,-0.16432726760647823
2023-05-05,32.672000885009766,30.59952091217041,3,188.4340455941706,188.4340455941706,144547.02575301356,54.9171797590186,WIN,144596.20269637308,-0.03400984427148563
2023-05-08,29.466999053955078,32.01856086730957,3,200.34536049258324,-565.1231835137635,143981.9025694998,55.55949940551075,LOSS,144596.20269637308,-0.4248383535791742
2023-05-09,30.343000411987305,28.877659072875975,3,188.70351125285538,188.70351125285538,144170.60608075265,57.35777126350456,WIN,144596.20269637308,-0.2943345728892356
2023-05-10,31.51099967956543,29.73614040374756,3,188.49739917199304,188.49739917199304,144359.10347992464,56.089974147261884,WIN,144596.20269637308,-0.16397333541759831
2023-05-11,28.73699951171875,30.88077968597412,3,197.42321478645613,-445.7108374901545,143913.39264243448,56.44050765347347,LOSS,144596.20269637308,-0.47221852386564733
2023-05-12,27.100000381469727,28.162259521484373,3,186.330255258423,-132.34748674597085,143781.0451556885,57.88752527381444,LOSS,144596.20269637308,-0.5637475434927258
2023-05-15,28.25,26.558000373840333,3,179.23459966226383,179.23459966226383,143960.27975535078,58.74632567983505,WIN,144596.20269637308,-0.4397922830363799
2023-05-16,27.3439998626709,27.685,3,185.63762058234386,83.33757938361377,144043.6173347344,58.464688322004186,LOSS,144596.20269637308,-0.38215758874319944
2023-05-17,29.05699920654297,26.79711986541748,3,175.12255434437094,175.12255434437094,144218.73988907874,57.36127944709753,WIN,144596.20269637308,-0.26104614108500274
2023-05-18,28.757999420166016,28.475859222412108,3,191.11251949264926,191.11251949264926,144409.8524085714,58.50382118042975,WIN,144596.20269637308,-0.1288763358419423
2023-05-19,28.827999114990234,28.182839431762694,3,182.72620125600127,182.72620125600127,144592.5786098274,57.02727034968125,WIN,144596.20269637308,-0.0025063497367727133
2023-05-22,29.41200065612793,28.25143913269043,3,182.88532437755083,182.88532437755083,144775.46393420495,56.96173005420029,WIN,144775.46393420495,0.0
2023-05-23,28.933000564575195,28.82376064300537,3,186.377066182338,186.377066182338,144961.8410003873,56.913789967017664,WIN,144961.8410003873,0.0
2023-05-24,28.44300079345703,28.35434055328369,3,183.38394696852208,183.38394696852208,145145.22494735583,56.923435925465185,WIN,145145.22494735583,0.0
2023-05-25,28.099000930786133,27.87414077758789,3,179.2818636796021,179.2818636796021,145324.50681103545,56.69173545759679,WIN,145324.50681103545,0.0
2023-05-26,28.510000228881836,27.53702091217041,3,169.45732929692863,169.45732929692863,145493.96414033236,54.88949217991908,WIN,145493.96414033236,0.0
2023-05-30,29.927000045776367,27.9398002243042,3,170.32696601607213,170.32696601607213,145664.29110634842,54.51620396605228,WIN,145664.29110634842,0.0
2023-05-31,30.163000106811523,29.32846004486084,3,177.07084873828424,177.07084873828424,145841.3619550867,54.135682618040526,WIN,145841.3619550867,0.0
2023-06-01,29.993999481201172,29.559740104675292,3,169.35929860575965,169.35929860575965,146010.72125369246,52.13842992577355,WIN,146010.72125369246,0.0
2023-06-02,30.21299934387207,29.394119491577147,3,157.91684122855133,157.91684122855133,146168.638094921,49.82435628345273,WIN,146168.638094921,0.0
2023-06-05,27.63599967956543,29.60873935699463,3,157.6591626079254,-434.1627406208346,145734.47535430017,49.51551858718948,LOSS,146168.638094921,-0.2970286555854068
2023-06-06,29.881999969482422,27.08327968597412,3,152.15495531507605,152.15495531507605,145886.63030961526,51.4166465097606,WIN,146168.638094921,-0.19293316882560338
2023-06-07,29.08099937438965,29.284359970092773,3,160.34396368831733,99.33578497738009,145985.96609459264,50.49212340061844,LOSS,146168.638094921,-0.12497345717194397
2023-06-08,29.093000411987305,28.499379386901854,3,155.76366441539233,155.76366441539233,146141.72975900804,50.42793647131139,WIN,146168.638094921,-0.018409103528418035
2023-06-09,28.232999801635742,28.511140403747557,3,152.40888249502612,68.96670186148158,146210.6964608695,49.65060280555984,LOSS,146210.6964608695,0.0
2023-06-12,27.770000457763672,27.668339805603026,3,133.5485437802916,133.5485437802916,146344.2450046498,46.28752145361843,WIN,146344.2450046498,0.0
2023-06-13,28.381999969482422,27.214600448608397,3,124.39651073103119,124.39651073103119,146468.64151538082,44.629296537018355,WIN,146468.64151538082,0.0
2023-06-14,28.288000106811523,27.814359970092774,3,124.07802056090617,124.07802056090617,146592.71953594172,43.91617802888251,WIN,146592.71953594172,0.0
2023-06-15,27.79199981689453,27.722240104675294,3,120.91845633107977,120.91845633107977,146713.6379922728,43.27348727038735,WIN,146713.6379922728,0.0
2023-06-16,29.339000701904297,27.23615982055664,3,109.65086481145997,109.65086481145997,146823.28885708426,41.09644153404278,WIN,146823.28885708426,0.0
2023-06-20,31.34000015258789,28.75222068786621,3,123.92155326228712,123.92155326228712,146947.21041034654,42.937694209841986,WIN,146947.21041034654,0.0
2023-06-21,33.13100051879883,30.71320014953613,3,143.75124722717717,143.75124722717717,147090.9616575737,45.33902751808605,WIN,147090.9616575737,0.0
2023-06-22,32.722999572753906,32.468380508422854,3,158.4717153416891,158.4717153416891,147249.4333729154,46.63779708328059,WIN,147249.4333729154,0.0
2023-06-23,32.9109992980957,32.06853958129883,3,156.08468627142506,156.08468627142506,147405.51805918684,46.54977147048977,WIN,147405.51805918684,0.0
2023-06-26,30.573999404907227,32.25277931213379,3,155.42206847538264,-348.21190369258625,147057.30615549427,46.236376151369825,LOSS,147405.51805918684,-0.2362271835391922
2023-06-27,32.487998962402344,29.96251941680908,3,157.68719606507707,157.68719606507707,147214.99335155936,49.114044110002396,WIN,147405.51805918684,-0.1292520864456258
2023-06-28,32.56100082397461,31.838238983154298,3,174.80170917029915,174.80170917029915,147389.79506072967,50.58866858411858,WIN,147405.51805918684,-0.01066649245170172
2023-06-29,34.0260009765625,31.909780807495117,3,170.86323874346226,170.86323874346226,147560.6582994731,49.70882547208171,WIN,147560.6582994731,0.0
2023-06-30,34.242000579833984,33.34548095703125,3,182.22883977240025,182.22883977240025,147742.88713924552,50.42380664081751,WIN,147742.88713924552,0.0
2023-07-03,37.784000396728516,33.55716056823731,3,182.9847022781399,182.9847022781399,147925.87184152365,50.346358839958555,WIN,147925.87184152365,0.0
2023-07-05,37.81100082397461,37.028320388793944,3,224.07539067075874,224.07539067075874,148149.94723219442,54.2261110800619,WIN,148149.94723219442,0.0
2023-07-06,37.654998779296875,37.05478080749511,3,199.2193065760589,199.2193065760589,148349.16653877049,49.849959672899,WIN,148349.16653877049,0.0
2023-07-07,38.07400131225586,36.901898803710935,3,186.96052643341372,186.96052643341372,148536.1270652039,47.84099548294866,WIN,148536.1270652039,0.0
2023-07-10,40.770999908447266,37.31252128601074,3,184.3052429879993,184.3052429879993,148720.4323081919,47.018294732960754,WIN,148720.4323081919,0.0
2023-07-11,41.22999954223633,39.95557991027832,3,205.95836269267141,205.95836269267141,148926.39067088458,48.413125097647644,WIN,148926.39067088458,0.0
2023-07-12,41.3489990234375,40.4053995513916,3,201.07929213068613,201.07929213068613,149127.46996301526,47.25841660740935,WIN,149127.46996301526,0.0
2023-07-13,46.18299865722656,40.52201904296875,3,198.2701451907415,198.2701451907415,149325.740108206,46.71621496121534,WIN,149325.740108206,0.0
2023-07-14,45.88600158691406,45.25933868408203,3,251.44820057175167,251.44820057175167,149577.18830877775,51.01267921477013,WIN,149577.18830877775,0.0
2023-07-17,44.987998962402344,44.96828155517578,3,250.4357497772373,250.4357497772373,149827.624058555,51.099828400581835,WIN,149827.624058555,0.0
2023-07-18,44.58000183105469,44.0882389831543,3,246.09295404282489,246.09295404282489,150073.71701259783,51.181913555807625,WIN,150073.71701259783,0.0
2023-07-19,45.310001373291016,43.688401794433595,3,244.02810583187494,244.02810583187494,150317.7451184297,51.20668766390319,WIN,150317.7451184297,0.0
2023-07-20,44.08300018310547,44.403801345825194,3,240.9363280063859,144.69597919046836,150462.44109762018,50.172014256533835,LOSS,150462.44109762018,0.0
2023-07-21,43.665000915527344,43.201340179443356,3,235.6605106965643,235.6605106965643,150698.10160831673,50.35938471473058,WIN,150698.10160831673,0.0
2023-07-24,43.09400177001953,42.7917008972168,3,232.9649546698683,232.9649546698683,150931.0665629866,50.289552348934315,WIN,150931.0665629866,0.0
2023-07-25,43.68199920654297,42.23212173461914,3,232.05526372060132,232.05526372060132,151163.1218267072,50.6175159541201,WIN,151163.1218267072,0.0
2023-07-26,44.34600067138672,42.80835922241211,3,210.33135538848933,210.33135538848933,151373.4531820957,46.84861438265708,WIN,151373.4531820957,0.0
2023-07-27,42.6150016784668,43.459080657958985,3,206.3404779465618,-46.8832159010947,151326.5699661946,45.77648388736532,LOSS,151373.4531820957,-0.03097188768277232
2023-07-28,43.46099853515625,41.76270164489746,3,207.7234646002335,207.7234646002335,151534.29343079485,47.241265232816474,WIN,151534.29343079485,0.0
2023-07-31,43.78799819946289,42.59177856445312,3,208.63619988374336,208.63619988374336,151742.92963067858,46.75257805750984,WIN,151742.92963067858,0.0
2023-08-01,43.49800109863281,42.91223823547363,3,210.15614139981767,210.15614139981767,151953.0857720784,46.745050556094114,WIN,151953.0857720784,0.0
2023-08-02,40.733001708984375,42.62804107666015,3,177.67055372461834,-390.8412565781151,151562.2445155003,42.01687943019384,LOSS,151953.0857720784,-0.2572117930953669
2023-08-03,38.99100112915039,39.91834167480469,3,183.65490571773464,-94.5472579785542,151467.69725752174,44.8225755038675,LOSS,151953.0857720784,-0.319433140887127
2023-08-04,37.696998596191406,38.21118110656738,3,182.47581303167598,28.221059918883697,151495.9183174406,45.954938805430814,LOSS,151953.0857720784,-0.30086092185289204
2023-08-07,37.082000732421875,36.94305862426758,3,179.73468446411374,179.73468446411374,151675.65300190472,46.53654765453617,WIN,151953.0857720784,-0.18257791130994933
2023-08-08,38.948001861572266,36.340360717773436,3,161.10004585430312,161.10004585430312,151836.75304775903,43.73568369511695,WIN,151953.0857720784,-0.07655831648845646
2023-08-09,37.784000396728516,38.16904182434082,3,177.98726818634094,62.47483990264868,151899.2278876617,45.226842562457364,LOSS,151953.0857720784,-0.035443758277794966
2023-08-10,37.80099868774414,37.028320388793944,3,174.81218151069163,174.81218151069163,152074.0400691724,45.60220950439775,WIN,152074.0400691724,0.0
2023-08-11,38.430999755859375,37.04497871398926,3,118.69953641992787,118.69953641992787,152192.73960559233,35.76991779370663,WIN,152192.73960559233,0.0
2023-08-14,38.882999420166016,37.66237976074218,3,123.67765093042425,123.67765093042425,152316.41725652275,36.28622135628082,WIN,152316.41725652275,0.0
2023-08-15,37.6150016784668,38.105339431762694,3,126.21589897475502,-20.885427014014084,152295.53182950875,36.47055815969689,LOSS,152316.41725652275,-0.013711868615466416
2023-08-16,36.96699905395508,36.86270164489746,3,124.8268860096707,124.8268860096707,152420.3587155184,36.9500785975811,WIN,152420.3587155184,0.0
2023-08-17,34.67900085449219,36.22765907287597,3,120.23931609000675,-344.35814942512883,152076.00056609328,36.5140081916258,LOSS,152420.3587155184,-0.22592661001923386
2023-08-18,32.86199951171875,33.985420837402344,3,121.9470134657156,-215.0793842393627,151860.92118185392,38.259138297487496,LOSS,152420.3587155184,-0.3670359644728548
2023-08-21,33.525001525878906,32.20475952148438,3,121.00738138590462,121.00738138590462,151981.9285632398,39.35605278949026,WIN,152420.3587155184,-0.2876454011612028
2023-08-22,32.95100021362305,32.854501495361326,3,127.15062479344553,127.15062479344553,152109.07918803327,40.08642184477282,WIN,152420.3587155184,-0.20422437665700457
2023-08-23,34.63999938964844,32.291980209350584,3,122.71961405235967,122.71961405235967,152231.79880208563,39.63396996050329,WIN,152420.3587155184,-0.12371045116401544
2023-08-24,33.65599822998047,33.94719940185547,3,140.1829910875425,52.82263952504181,152284.62144161068,41.7674176525574,LOSS,152420.3587155184,-0.08905455613122476
2023-08-25,33.60499954223633,32.98287826538086,3,134.70185945940057,134.70185945940057,152419.32330107008,41.47281614054759,WIN,152420.3587155184,-0.0006793150580760735
2023-08-28,34.4370002746582,32.9328995513916,3,131.62495358901538,131.62495358901538,152550.9482546591,40.9073722861728,WIN,152550.9482546591,0.0
2023-08-29,38.152000427246094,33.74826026916504,3,138.05936993301967,138.05936993301967,152689.0076245921,41.51731829803398,WIN,152689.0076245921,0.0
2023-08-30,37.167999267578125,37.388960418701174,3,195.81358968274156,129.52524434582682,152818.53286893794,48.94802735280669,LOSS,152818.53286893794,0.0
2023-08-31,35.75299835205078,36.424639282226565,3,182.29424142797708,-19.198037624757973,152799.33483131317,47.44089255285212,LOSS,152818.53286893794,-0.01256263704692901
2023-09-01,35.14799880981445,35.03793838500977,3,174.3983468539297,174.3983468539297,152973.7331781671,47.2640530937327,WIN,152973.7331781671,0.0
2023-09-05,34.92499923706055,34.44503883361816,3,169.49043032799182,169.49043032799182,153143.22360849511,46.895807971858844,WIN,153143.22360849511,0.0
2023-09-06,35.06999969482422,34.226499252319336,3,167.93093015885253,167.93093015885253,153311.15453865397,46.804115128269565,WIN,153311.15453865397,0.0
2023-09-07,35.30699920654297,34.36859970092773,3,160.61915904909554,160.61915904909554,153471.77369770306,45.29358100471795,WIN,153471.77369770306,0.0
2023-09-08,35.62799835205078,34.60085922241211,3,159.9986891320969,159.9986891320969,153631.77238683516,44.97399602437848,WIN,153631.77238683516,0.0
2023-09-11,34.268001556396484,34.915438385009764,3,161.82760999799774,-32.403438585986294,153599.36894824918,45.04347922439534,LOSS,153631.77238683516,-0.021091625828800024
2023-09-12,34.7760009765625,33.582641525268556,3,157.85842544900456,157.85842544900456,153757.22737369817,45.46968871287565,WIN,153757.22737369817,0.0
2023-09-13,34.183998107910156,34.08048095703125,3,160.5180435035864,160.5180435035864,153917.74541720175,45.53045290740586,WIN,153917.74541720175,0.0
2023-09-14,34.63999938964844,33.500318145751955,3,155.99686821517852,155.99686821517852,154073.74228541693,45.18436559844454,WIN,154073.74228541693,0.0
2023-09-15,34.077999114990234,33.94719940185547,3,158.32228871641044,158.32228871641044,154232.06457413334,45.23104866648504,WIN,154232.06457413334,0.0
2023-09-18,34.0620002746582,33.39643913269043,3,145.7194103277672,145.7194103277672,154377.7839844611,43.2834476007028,WIN,154377.7839844611,0.0
2023-09-19,33.92599868774414,33.38076026916504,3,136.7778566411196,136.7778566411196,154514.56184110223,41.5604038675675,WIN,154514.56184110223,0.0
2023-09-20,33.34700012207031,33.24747871398926,3,135.23975190892514,135.23975190892514,154649.80159301116,41.367002060454354,WIN,154649.80159301116,0.0
2023-09-21,32.60599899291992,32.680060119628905,3,132.9253269917241,110.70698897902912,154760.5085819902,41.36574181145633,LOSS,154760.5085819902,0.0
2023-09-22,32.28099822998047,31.953879013061524,3,122.82731467764887,122.82731467764887,154883.33589666785,39.91646774213978,WIN,154883.33589666785,0.0
2023-09-25,32.7599983215332,31.635378265380858,3,119.54046247567553,119.54046247567553,155002.87635914353,39.493847205950956,WIN,155002.87635914353,0.0
2023-09-26,31.729999542236328,32.10479835510254,3,122.1775905269501,9.737946667087073,155012.61430581062,39.66815757640906,LOSS,155012.61430581062,0.0
2023-09-27,31.562999725341797,31.0953995513916,3,118.73599954158246,118.73599954158246,155131.3503053522,39.751491568692074,WIN,155131.3503053522,0.0
2023-09-28,32.891998291015625,30.93173973083496,3,63.86665189674977,63.86665189674977,155195.21695724895,28.38396852798674,WIN,155195.21695724895,0.0
2023-09-29,32.827999114990234,32.23415832519531,3,78.64022639852942,78.64022639852942,155273.8571836475,30.81406519113474,WIN,155273.8571836475,0.0
2023-10-02,32.94900131225586,32.17143913269043,3,72.62656992454762,72.62656992454762,155346.48375357204,29.6332283246174,WIN,155346.48375357204,0.0
2023-10-03,31.132999420166016,32.29002128601074,3,72.18463248746144,-274.92192726595636,155071.56182630608,29.490771983685132,LOSS,155346.48375357204,-0.17697338273976018
2023-10-04,32.040000915527344,30.510339431762695,3,80.91294782036117,80.91294782036117,155152.47477412643,32.19040421456763,WIN,155346.48375357204,-0.1248879116912444
2023-10-05,32.34199905395508,31.399200897216797,3,88.15090139225067,88.15090139225067,155240.62567551868,33.19798347891479,WIN,155346.48375357204,-0.06814320832732239
2023-10-06,34.0629997253418,31.695159072875978,3,89.27320401942112,89.27320401942112,155329.8988795381,33.257583288473015,WIN,155346.48375357204,-0.010676053704740304
2023-10-09,34.04499816894531,33.38173973083496,3,107.2012750558325,107.2012750558325,155437.1001545939,35.81642224068088,WIN,155437.1001545939,0.0
2023-10-10,34.04600143432617,33.36409820556641,3,101.31509761205619,101.31509761205619,155538.41525220597,34.68384246986425,WIN,155538.41525220597,0.0
2023-10-11,33.46099853515625,33.36508140563965,3,100.30843118042517,100.30843118042517,155638.7236833864,34.487689605662986,WIN,155638.7236833864,0.0
2023-10-12,32.36000061035156,32.791778564453125,3,98.60725544495182,-30.926130785516932,155607.79755260088,34.492116702663125,LOSS,155638.7236833864,-0.01987046029009597
2023-10-13,31.82200050354004,31.71280059814453,3,98.33507711305725,98.33507711305725,155706.13262971395,35.09967199384752,WIN,155706.13262971395,0.0
2023-10-16,32.58000183105469,31.18556049346924,3,96.74264053700392,96.74264053700392,155802.87527025095,35.10849129426625,WIN,155802.87527025095,0.0
2023-10-17,33.54100036621094,31.928401794433594,3,101.8065941686802,101.8065941686802,155904.68186441963,35.66873195661256,WIN,155904.68186441963,0.0
2023-10-18,32.91400146484375,32.87018035888672,3,108.50794803813302,108.50794803813302,156013.18981245777,36.398068233530324,WIN,156013.18981245777,0.0
2023-10-19,34.23500061035156,32.255721435546874,3,106.7002985805402,106.7002985805402,156119.89011103832,36.442428928155515,WIN,156119.89011103832,0.0
2023-10-20,34.80400085449219,33.55030059814453,3,114.7637432068246,114.7637432068246,156234.65385424515,37.17294571628592,WIN,156234.65385424515,0.0
2023-10-23,37.749000549316406,34.10792083740235,3,116.63997787613194,116.63997787613194,156351.29383212127,37.167018648122564,WIN,156351.29383212127,0.0
2023-10-24,42.48699951171875,36.994020538330076,3,150.37514659964242,150.37514659964242,156501.6689787209,41.34872681912228,WIN,156501.6689787209,0.0
2023-10-25,43.321998596191406,41.637259521484374,3,209.48500301271324,209.48500301271324,156711.15398173363,47.61263608509139,WIN,156711.15398173363,0.0
2023-10-26,41.345001220703125,42.455558624267574,3,212.11938450931868,-121.04783656001612,156590.1061451736,47.38626782312637,LOSS,156711.15398173363,-0.07724264258441858
2023-10-27,40.67599868774414,40.51810119628906,3,211.39049936403634,211.39049936403634,156801.49664453763,48.818277562351355,WIN,156801.49664453763,0.0
2023-10-30,42.02199935913086,39.862478713989255,3,209.7683862293806,209.7683862293806,157011.265030767,49.11071644157994,WIN,157011.265030767,0.0
2023-10-31,42.3390007019043,41.18155937194824,3,217.80194705693748,217.80194705693748,157229.06697782394,49.28262551559799,WIN,157229.06697782394,0.0
2023-11-01,42.66699981689453,41.49222068786621,3,203.98607608959927,203.98607608959927,157433.05305391355,46.867570048051725,WIN,157433.05305391355,0.0
2023-11-02,45.362998962402344,41.81365982055664,3,205.1715671421337,205.1715671421337,157638.22462105568,46.806369389050374,WIN,157638.22462105568,0.0
2023-11-03,45.39500045776367,44.4557389831543,3,225.6197521981768,225.6197521981768,157863.84437325384,47.89761307862072,WIN,157863.84437325384,0.0
2023-11-06,45.9630012512207,44.487100448608395,3,221.95980144608376,221.95980144608376,158085.80417469994,47.341140530772805,WIN,158085.80417469994,0.0
2023-11-07,47.35499954223633,45.04374122619629,3,223.84759625944426,223.84759625944426,158309.65177095938,47.213141829285604,WIN,158309.65177095938,0.0
2023-11-08,47.45000076293945,46.4078995513916,3,230.29853144609808,230.29853144609808,158539.9503024055,47.16728156476449,WIN,158539.9503024055,0.0
2023-11-09,49.40700149536133,46.50100074768066,3,227.12012354199265,227.12012354199265,158767.0704259475,46.659818491494676,WIN,158767.0704259475,0.0
2023-11-10,50.917999267578125,48.4188614654541,3,226.9994360158336,226.9994360158336,158994.06986196333,45.389622789909716,WIN,158994.06986196333,0.0
2023-11-13,50.487998962402344,49.89963928222656,3,227.40554076783323,227.40554076783323,159221.47540273116,44.540561112195505,WIN,159221.47540273116,0.0
2023-11-14,48.0,49.4782389831543,3,229.84342422882446,-213.6282707174651,159007.8471320137,45.111539053361795,LOSS,159221.47540273116,-0.13417051322826126
2023-11-15,50.595001220703125,47.04,3,237.06847040729272,237.06847040729272,159244.915602421,47.66792793709228,WIN,159244.915602421,0.0
2023-11-16,48.90800094604492,49.583101196289064,3,248.18752318026662,45.657448107023924,159290.57305052804,47.446014873074574,LOSS,159290.57305052804,0.0
2023-11-17,48.62200164794922,47.929840927124026,3,249.31424851925306,249.31424851925306,159539.8872990473,48.7175659977695,WIN,159539.8872990473,0.0
2023-11-20,50.85300064086914,47.64956161499023,3,249.93895533808936,249.93895533808936,159789.82625438538,49.00087904442306,WIN,159789.82625438538,0.0
2023-11-21,49.30400085449219,49.83594062805176,3,246.91602038324578,87.33408831537434,159877.16034270075,47.116019527803545,LOSS,159877.16034270075,0.0
2023-11-22,50.78799819946289,48.31792083740234,3,191.87142688459673,191.87142688459673,160069.03176958536,40.74051144114722,WIN,160069.03176958536,0.0
2023-11-24,52.02399826049805,49.77223823547363,3,199.35933352510597,199.35933352510597,160268.39110311045,40.96357588142695,WIN,160268.39110311045,0.0
2023-11-27,49.53799819946289,50.983518295288086,3,188.9617884653001,-244.6942402822584,160023.6968628282,39.024773003307764,LOSS,160268.39110311045,-0.15267779167061946
2023-11-28,50.58700180053711,48.547238235473635,3,193.5248346476571,193.5248346476571,160217.22169747585,40.83968890562418,WIN,160268.39110311045,-0.03192732221394916
2023-11-29,50.709999084472656,49.57526176452637,3,195.6219288905364,195.6219288905364,160412.84362636638,40.57806138006905,WIN,160412.84362636638,0.0
2023-11-30,49.83000183105469,49.695799102783205,3,196.33597521583124,196.33597521583124,160609.1796015822,40.60915860849853,WIN,160609.1796015822,0.0
2023-12-01,52.768001556396484,48.83340179443359,3,196.26182928856304,196.26182928856304,160805.44143087076,41.05157400518803,WIN,160805.44143087076,0.0
2023-12-04,56.321998596191406,51.71264152526855,3,205.5516167620056,205.5516167620056,161010.99304763277,40.76554178190205,WIN,161010.99304763277,0.0
2023-12-05,57.75,55.195558624267576,3,236.45967165019408,236.45967165019408,161247.45271928297,42.769499568358206,WIN,161247.45271928297,0.0
2023-12-06,56.888999938964844,56.595,3,243.41579652925594,243.41579652925594,161490.86851581224,42.879552502212576,WIN,161490.86851581224,0.0
2023-12-07,57.10900115966797,55.75121994018554,3,241.28220103288595,241.28220103288595,161732.15071684512,43.05343301887035,WIN,161732.15071684512,0.0
2023-12-08,59.93899917602539,55.96682113647461,3,242.083957973975,242.083957973975,161974.2346748191,43.038222355116446,WIN,161974.2346748191,0.0
2023-12-11,55.58000183105469,58.74021919250488,3,257.2045737303073,-690.8606347047509,161283.37404011434,43.38299552518046,LOSS,161974.2346748191,-0.4265250186807418
2023-12-12,55.832000732421875,54.468401794433596,3,266.10792093052277,266.10792093052277,161549.48196104486,46.66855692208794,WIN,161974.2346748191,-0.26223474037520894
2023-12-13,58.599998474121094,54.715360717773436,3,266.4612184872272,266.4612184872272,161815.9431795321,46.56747514472731,WIN,161974.2346748191,-0.09772634246724021
2023-12-14,58.23699951171875,57.42799850463867,3,272.10135370533726,272.10135370533726,162088.04453323744,45.712991981828864,WIN,162088.04453323744,0.0
2023-12-15,57.04100036621094,57.072259521484376,3,261.859435715275,252.48168913324335,162340.52622237068,44.741184778025485,LOSS,162340.52622237068,0.0
2023-12-18,57.189998626708984,55.900180358886715,3,252.13720443824803,252.13720443824803,162592.66342680893,44.237405328089984,WIN,162592.66342680893,0.0
2023-12-19,57.130001068115234,56.0461986541748,3,251.9486763389604,251.9486763389604,162844.6121031479,44.139428079714925,WIN,162844.6121031479,0.0
2023-12-20,57.34700012207031,55.98740104675293,3,244.7610917215324,244.7610917215324,163089.37319486943,43.33786833592689,WIN,163089.37319486943,0.0
2023-12-21,58.19499969482422,56.20006011962891,3,238.41329940180444,238.41329940180444,163327.78649427125,42.498487197449705,WIN,163327.78649427125,0.0
2023-12-22,61.92399978637695,57.03109970092773,3,239.54372737226396,239.54372737226396,163567.33022164353,42.22627090282609,WIN,163567.33022164353,0.0
2023-12-26,60.388999938964844,60.685519790649415,3,270.63928530229725,181.68332979692573,163749.01355144044,43.908187713338876,LOSS,163749.01355144044,0.0
2023-12-27,67.07099914550781,59.18121994018554,3,252.54960422195916,252.54960422195916,164001.56315566238,42.661637349286494,WIN,164001.56315566238,0.0
2023-12-28,66.78800201416016,65.72957916259766,3,333.32189761039433,333.32189761039433,164334.88505327277,47.871392212900396,WIN,164334.88505327277,0.0
2023-12-29,63.1619987487793,65.45224197387695,3,332.97919137744987,-354.09377615184655,163980.7912771209,47.976736299033654,LOSS,164334.88505327277,-0.2154708515097514
2024-01-02,68.51499938964844,61.898758773803706,3,332.01564180762034,332.01564180762034,164312.80691892852,49.768960649121325,WIN,164334.88505327277,-0.013434843330491464
2024-01-03,63.10599899291992,67.14469940185546,3,374.7347356464118,-836.8753870342503,163475.93153189425,51.17656451033007,LOSS,164334.88505327277,-0.5226848341422239
2024-01-04,65.58100128173828,61.843879013061525,3,365.3488131350317,365.3488131350317,163841.28034502928,53.29359002209722,WIN,164334.88505327277,-0.30036514041645435
2024-01-05,63.108001708984375,64.26938125610351,3,382.6592378307083,34.245373694966474,163875.52571872424,53.59430171827418,LOSS,164334.88505327277,-0.27952636739278847
2024-01-08,59.80099868774414,61.84584167480469,3,374.3880134231791,-239.06488269498533,163636.46083602926,54.23977746629496,LOSS,164334.88505327277,-0.425000581597203
2024-01-09,57.729000091552734,58.604978713989254,3,367.11117632963186,104.31758959867585,163740.77842562794,55.60487689980864,LOSS,164334.88505327277,-0.3615219175479587
2024-01-10,56.56700134277344,56.57442008972168,3,350.75818315308675,348.5325590686149,164089.31098469655,55.188593318443196,LOSS,164334.88505327277,-0.1494351418425891
2024-01-11,53.61800003051758,55.43566131591797,3,325.7632475777972,-219.53513804232,163869.77584665423,53.09148968993934,LOSS,164334.88505327277,-0.28302524230796283
2024-01-12,48.553001403808594,52.545640029907226,3,318.36315779185065,-879.4284300377387,162990.34741661648,54.27364605370572,LOSS,164334.88505327277,-0.818169335269516
2024-01-16,48.2140007019043,47.58194137573242,3,303.90250557294075,303.90250557294075,163294.24992218942,56.40065646345143,WIN,164334.88505327277,-0.6332405506876989
2024-01-17,49.900001525878906,47.24972068786621,3,301.7736826172634,301.7736826172634,163596.0236048067,56.39970261780617,WIN,164334.88505327277,-0.4496071836643577
2024-01-18,48.65999984741211,48.902001495361326,3,316.97007830221594,244.36958391745108,163840.39318872415,57.015229187989625,LOSS,164334.88505327277,-0.3009049870259241
2024-01-19,48.099998474121094,47.68679985046386,3,309.9035144922253,309.9035144922253,164150.2967032164,57.12534074920141,WIN,164334.88505327277,-0.11232450735979838
2024-01-22,47.01900100708008,47.137998504638674,3,306.2950500550995,270.5958007875209,164420.89250400392,57.11957151578068,LOSS,164420.89250400392,0.0
2024-01-23,45.01900100708008,46.078620986938475,3,299.62303068512887,-18.262963272390152,164402.62954073152,57.14934437574276,LOSS,164420.89250400392,-0.011107446866555359
2024-01-24,45.0989990234375,44.118620986938474,3,288.0687403540875,288.0687403540875,164690.6982810856,57.324253671726765,WIN,164690.6982810856,0.0
2024-01-25,45.77799987792969,44.19701904296875,3,272.8764816427216,272.8764816427216,164963.57476272833,55.0210273342057,WIN,164963.57476272833,0.0
2024-01-26,49.45000076293945,44.86243988037109,3,278.95942384674083,278.95942384674083,165242.53418657507,55.30632964220913,WIN,165242.53418657507,0.0
2024-01-29,51.38100051879883,48.461000747680664,3,280.24338822874313,280.24338822874313,165522.7775748038,52.485050575523275,WIN,165522.7775748038,0.0
2024-01-30,51.95100021362305,50.35338050842285,3,300.0887206924741,300.0887206924741,165822.86629549626,53.631017214102414,WIN,165822.86629549626,0.0
2024-01-31,50.12099838256836,50.91198020935059,3,298.3811458002451,61.08659776557647,165883.95289326183,52.989754983145566,LOSS,165883.95289326183,0.0
2024-02-01,50.347999572753906,49.11857841491699,3,257.37650792594,257.37650792594,166141.32940118777,48.965516213615146,WIN,166141.32940118777,0.0
2024-02-02,50.0099983215332,49.34103958129883,3,242.76158064060354,242.76158064060354,166384.09098182837,46.892367904700535,WIN,166384.09098182837,0.0
2024-02-05,49.060001373291016,49.00979835510254,3,230.8536019708153,230.8536019708153,166614.9445837992,45.53295543779686,WIN,166614.9445837992,0.0
2024-02-06,49.79999923706055,48.07880134582519,3,224.03355288552473,224.03355288552473,166838.97813668472,45.2047008600386,WIN,166838.97813668472,0.0
2024-02-07,50.80099868774414,48.803999252319336,3,222.60529154344482,222.60529154344482,167061.58342822816,44.566177257724185,WIN,167061.58342822816,0.0
2024-02-08,58.78099822998047,49.784978713989254,3,226.98625642942363,226.98625642942363,167288.5696846576,44.55400489433069,WIN,167288.5696846576,0.0
2024-02-09,64.63200378417969,57.60537826538086,3,365.67935868991816,365.67935868991816,167654.24904334752,56.14835881562364,WIN,167654.24904334752,0.0
2024-02-12,71.75199890136719,63.339363708496094,3,421.6170278972959,421.6170278972959,168075.86607124482,58.14788877857257,WIN,168075.86607124482,0.0
2024-02-13,68.60199737548828,70.31695892333984,3,454.20447660788454,-60.28398774758307,168015.58208349723,56.87033489926296,LOSS,168075.86607124482,-0.03586712902734004
2024-02-14,76.98799896240234,67.22995742797852,3,447.84531390831194,447.84531390831194,168463.42739740552,58.179767782184626,WIN,168463.42739740552,0.0
2024-02-15,71.80000305175781,75.4482389831543,3,545.4592356182422,-549.0115438007033,167914.41585360482,61.862806775703646,LOSS,168463.42739740552,-0.32589360924349825
2024-02-16,69.95600128173828,70.36400299072265,3,530.6232138348012,408.2227011394895,168322.6385547443,63.88220766065696,LOSS,168463.42739740552,-0.08357234851283052
2024-02-20,70.49800109863281,68.55688125610351,3,521.0067817972538,521.0067817972538,168843.64533654155,64.26147688395201,WIN,168843.64533654155,0.0
2024-02-21,67.27999877929688,69.08804107666016,3,518.7683373113553,-23.644351897630713,168820.0009846439,63.672727850113944,LOSS,168843.64533654155,-0.014003696645210754
2024-02-22,71.31500244140625,65.93439880371093,3,496.51266250403364,496.51266250403364,169316.51364714795,63.81276202491727,WIN,169316.51364714795,0.0
2024-02-23,68.74400329589844,69.88870239257812,3,529.4408108627398,186.03108185883355,169502.5447290068,64.10498042196983,LOSS,169502.5447290068,0.0
2024-02-26,79.64800262451172,67.36912322998047,3,522.453733654621,522.453733654621,170024.99846266143,65.26920838598357,WIN,170024.99846266143,0.0
2024-02-27,87.18000030517578,78.05504257202148,3,661.8998267990119,661.8998267990119,170686.89828946046,69.96755338620291,WIN,170686.89828946046,0.0
2024-02-28,96.29499816894531,85.43640029907226,3,741.5677841170268,741.5677841170268,171428.4660735775,71.2630170395401,WIN,171428.4660735775,0.0
2024-02-29,102.28399658203125,94.3690982055664,3,840.0280699880079,840.0280699880079,172268.4941435655,72.70043641318063,WIN,172268.4941435655,0.0
2024-03-01,107.93900299072266,100.23831665039063,3,872.4170269097491,872.4170269097491,173140.91117047524,71.41641336556441,WIN,173140.91117047524,0.0
2024-03-04,133.4010009765625,105.7802229309082,3,915.78824374738,915.78824374738,174056.69941422262,71.11845300165551,WIN,174056.69941422262,0.0
2024-03-05,105.10099792480469,130.73298095703126,3,1312.24814569426,-6377.346763973712,167679.3526502489,80.0,LOSS,174056.69941422262,-3.663947889070794
2024-03-06,124.62100219726562,102.99897796630859,3,1264.6269658516228,1264.6269658516228,168943.97961610052,80.0,WIN,174056.69941422262,-2.937387538272671
2024-03-07,130.0019989013672,122.12858215332031,3,1568.2822866209717,1568.2822866209717,170512.26190272148,80.0,WIN,174056.69941422262,-2.0363694838691804
2024-03-08,142.5590057373047,127.40195892333985,3,1632.185409914217,1632.185409914217,172144.4473126357,80.0,WIN,174056.69941422262,-1.098637460104953
2024-03-11,148.42300415039062,139.7078256225586,3,1750.3331795054246,1750.3331795054246,173894.78049214112,80.0,WIN,174056.69941422262,-0.09302653826392826
2024-03-12,159.3350067138672,145.4545440673828,3,1810.777166407619,1810.777166407619,175705.55765854873,80.0,WIN,175705.55765854873,0.0
2024-03-13,176.61500549316406,156.14830657958984,3,1927.3666196690176,1927.3666196690176,177632.92427821775,80.0,WIN,177632.92427821775,0.0
2024-03-14,167.68499755859375,173.08270538330078,3,2107.4424142525913,488.1300668404833,178121.05434505822,80.0,LOSS,178121.05434505822,0.0
2024-03-15,178.23599243164062,164.33129760742187,3,2024.631337731995,2024.631337731995,180145.6856827902,80.0,WIN,180145.6856827902,0.0
2024-03-18,150.2760009765625,174.6712725830078,3,2077.868668318861,-5240.712813614729,174904.9728691755,80.0,LOSS,180145.6856827902,-2.9091525526971758
2024-03-19,141.75,147.27048095703125,3,1921.8344787577753,265.6901916483994,175170.6630608239,80.0,LOSS,180145.6856827902,-2.761666260898744
2024-03-20,154.65199279785156,138.915,3,1848.9136459051397,1848.9136459051397,177019.57670672904,80.0,WIN,180145.6856827902,-1.735322699631996
2024-03-21,159.9290008544922,151.55895294189452,3,1990.0486192924288,1990.0486192924288,179009.62532602146,80.0,WIN,180145.6856827902,-0.6306342294364928
2024-03-22,152.3000030517578,156.73042083740233,3,2058.0426421955954,728.9173065022387,179738.5426325237,80.0,LOSS,180145.6856827902,-0.2260076608126134
2024-03-25,185.60000610351562,149.25400299072265,3,1969.0813150234744,1969.0813150234744,181707.62394754717,80.0,WIN,181707.62394754717,0.0
2024-03-26,187.69900512695312,181.8880059814453,3,2489.9676079675755,2489.9676079675755,184197.59155551475,80.0,WIN,184197.59155551475,0.0
2024-03-27,191.91600036621094,183.94502502441406,3,2512.975580623437,2512.975580623437,186710.56713613818,80.0,WIN,186710.56713613818,0.0
2024-03-28,170.45599365234375,188.0776803588867,3,2551.054555274255,-2735.451456688633,183975.11567944955,80.0,LOSS,186710.56713613818,-1.4650758650923639
2024-04-01,163.6739959716797,167.04687377929687,3,2367.3353867976894,1355.4720445125336,185330.5877239621,80.0,LOSS,186710.56713613818,-0.7391008625504816
2024-04-02,157.88299560546875,160.4005160522461,3,2291.8312680585136,1536.5751340253073,186867.1628579874,80.0,LOSS,186867.1628579874,0.0
2024-04-03,160.61099243164062,154.72533569335937,3,2017.8727925072335,2017.8727925072335,188885.03565049462,80.0,WIN,188885.03565049462,0.0
2024-04-04,161.54200744628906,157.3987725830078,3,1778.6318501839453,1778.6318501839453,190663.66750067857,80.0,WIN,190663.66750067857,0.0
2024-04-05,143.89999389648438,158.31116729736328,3,1633.2002349644508,-2690.151785299222,187973.51571537936,80.0,LOSS,190663.66750067857,-1.4109409624618894
2024-04-08,151.2989959716797,141.0219940185547,3,1527.9374619861383,1527.9374619861383,189501.4531773655,80.0,WIN,190663.66750067857,-0.609562555125468
2024-04-09,144.1020050048828,148.27301605224608,3,1573.7870911803593,322.4837769713797,189823.93695433688,80.0,LOSS,190663.66750067857,-0.44042504654889036
2024-04-10,156.60000610351562,141.21996490478514,3,1505.894154523612,1505.894154523612,191329.8311088605,80.0,WIN,191329.8311088605,0.0
2024-04-11,155.18099975585938,153.46800598144532,3,1648.121712081078,1648.121712081078,192977.95282094157,80.0,WIN,192977.95282094157,0.0
2024-04-12,147.95799255371094,152.0773797607422,3,1566.2797321342919,330.4635700249162,193308.41639096648,80.0,LOSS,193308.41639096648,0.0
2024-04-15,133.58799743652344,144.99883270263672,3,1491.3442851277505,-1931.906294706234,191376.51009626023,80.0,LOSS,193308.41639096648,-0.99939067877881
2024-04-16,125.40299987792969,130.91623748779296,3,1362.7220138075088,-291.2492691514715,191085.26082710875,80.0,LOSS,193308.41639096648,-1.150056270370242
2024-04-17,118.80500030517578,122.8949398803711,3,1186.3293970357286,-40.652475522866325,191044.6083515859,77.57291613073575,LOSS,193308.41639096648,-1.171086123224988
2024-04-18,120.81600189208984,116.42890029907227,3,1122.0031366708158,1122.0031366708158,192166.61148825672,77.46667358781337,WIN,193308.41639096648,-0.5906648681040649
2024-04-19,117.41100311279297,118.39968185424804,3,1095.7082555272077,799.1046330906852,192965.71612134742,74.98732593788986,LOSS,193308.41639096648,-0.17728160833201875
2024-04-22,132.4010009765625,115.0627830505371,3,1056.1133752751502,1056.1133752751502,194021.82949662258,74.49641160511096,WIN,194021.82949662258,0.0
2024-04-23,133.86399841308594,129.75298095703124,3,1282.1196850696456,1282.1196850696456,195303.94918169224,79.05106103229562,WIN,195303.94918169224,0.0
2024-04-24,126.56700134277344,131.1867184448242,3,990.3723293292851,-395.5428012859461,194908.4063804063,63.935466589740344,LOSS,195303.94918169224,-0.20252678091930076
2024-04-25,124.04100036621094,124.03566131591796,3,941.1189421632,941.1189421632,195849.52532256948,64.18277767268475,WIN,195849.52532256948,0.0
2024-04-26,128.23800659179688,121.56018035888671,3,911.5446050306768,911.5446050306768,196761.06992760015,63.60732190835196,WIN,196761.06992760015,0.0
2024-04-29,129.2969970703125,125.67324645996094,3,897.3404988861749,897.3404988861749,197658.41042648634,61.28385656673408,WIN,197658.41042648634,0.0
2024-04-30,106.50299835205078,126.71105712890625,3,901.7580488225044,-5160.659584234136,192497.7508422522,61.13076084508289,LOSS,197658.41042648634,-2.6108980503784407
2024-05-01,102.8270034790039,104.37293838500976,3,880.3885940609679,416.6081222592116,192914.3589645114,69.6766127016335,LOSS,197658.41042648634,-2.4001262844008173
2024-05-02,112.94200134277344,100.77046340942383,3,845.1806813829899,845.1806813829899,193759.53964589437,69.36650442488346,WIN,197658.41042648634,-1.9725296647784427
2024-05-03,122.3010025024414,110.68316131591797,3,993.0888244772229,993.0888244772229,194752.6284703716,73.15963122943906,WIN,197658.41042648634,-1.4701028657697692
2024-05-06,126.88099670410156,119.85498245239258,3,1069.6066267909564,1069.6066267909564,195822.23509716254,72.84730045649168,WIN,197658.41042648634,-0.9289639258769183
2024-05-07,125.74500274658203,124.34337677001953,3,1101.9075943577864,1101.9075943577864,196924.14269152033,72.44306748399579,WIN,197658.41042648634,-0.37148317310742457
2024-05-08,123.31199645996094,123.23010269165039,3,1082.251232047551,1082.251232047551,198006.3939235679,71.92805983434812,WIN,198006.3939235679,0.0
2024-05-09,126.36399841308594,120.84575653076172,3,1013.4226223869525,1013.4226223869525,199019.81654595485,69.35935490496648,WIN,199019.81654595485,0.0
2024-05-10,118.0479965209961,123.83671844482421,3,1045.023953072273,-691.5926240761632,198328.22392187867,69.70057786744866,LOSS,199019.81654595485,-0.3474993777398461
2024-05-13,124.59600067138672,115.68703659057617,3,986.1604350994972,986.1604350994972,199314.38435697817,70.25581418106614,WIN,199314.38435697817,0.0
2024-05-14,129.76300048828125,122.10408065795899,3,1013.2936009758847,1013.2936009758847,200327.67795795406,68.7923139352212,WIN,200327.67795795406,0.0
2024-05-15,150.3470001220703,127.16774047851563,3,1041.2713513103688,1041.2713513103688,201368.94930926443,68.07647466028273,WIN,201368.94930926443,0.0
2024-05-16,143.9980010986328,147.3400601196289,3,1331.4426785955195,328.82497229669275,201697.7742815611,73.57559860923911,LOSS,201697.7742815611,0.0
2024-05-17,158.4499969482422,141.11804107666015,3,1293.7674102123137,1293.7674102123137,202991.54169177343,74.42767947586407,WIN,202991.54169177343,0.0
2024-05-20,172.7239990234375,155.28099700927734,3,1459.8768456515215,1459.8768456515215,204451.41853742494,75.94148237246463,WIN,204451.41853742494,0.0
2024-05-21,165.54200744628906,169.26951904296874,3,1541.53771627298,423.28423726907727,204874.70277469401,74.03240801718762,LOSS,204874.70277469401,0.0
2024-05-22,164.6999969482422,162.23116729736327,3,1499.470034292635,1499.470034292635,206374.17280898665,74.9126600905059,WIN,206374.17280898665,0.0
2024-05-23,154.40699768066406,161.40599700927734,3,1461.2536962312456,-638.4461023527383,205735.72670663393,73.68418266906134,LOSS,206374.17280898665,-0.3093633731695927
2024-05-24,168.48399353027344,151.31885772705078,3,1401.0279583497247,1401.0279583497247,207136.75466498366,75.01624947899168,WIN,207136.75466498366,0.0
2024-05-28,167.53500366210938,165.11431365966797,3,1566.4613791268152,1566.4613791268152,208703.21604411048,76.49645376865035,WIN,208703.21604411048,0.0
2024-05-29,161.8699951171875,164.18430358886718,3,1560.4751589290163,866.1826174251121,209569.39866153558,76.60845655196536,LOSS,209569.39866153558,0.0
2024-05-30,154.10000610351562,158.63259521484375,3,1252.3584246190283,-107.41830877940833,209461.98035275616,66.17422999642068,LOSS,209569.39866153558,-0.051256676530769776
2024-05-31,152.44900512695312,151.0180059814453,3,1205.1977958024659,1205.1977958024659,210667.17814855863,66.73026479626762,WIN,210667.17814855863,0.0
2024-06-03,162.74099731445312,149.40002502441405,3,1152.6748381641946,1152.6748381641946,211819.8529867228,65.01165736969597,WIN,211819.8529867228,0.0
2024-06-04,163.8769989013672,159.48617736816405,3,1215.7159395811657,1215.7159395811657,213035.56892630397,64.41105950724274,WIN,213035.56892630397,0.0
2024-06-05,169.468994140625,160.59945892333985,3,1220.7451062808236,1220.7451062808236,214256.31403258478,64.27152661860264,WIN,214256.31403258478,0.0
2024-06-06,165.66299438476562,166.0796142578125,3,1260.0739157509988,1135.0879538369381,215391.40198642173,64.180710482504,LOSS,215391.40198642173,0.0
2024-06-07,159.6199951171875,162.3497344970703,3,1233.7484034329889,414.82658946814854,215806.22857588987,64.25951429329666,LOSS,215806.22857588987,0.0
2024-06-10,159.99200439453125,156.42759521484373,3,1209.4202133672325,1209.4202133672325,217015.6487892571,65.11629515455083,WIN,217015.6487892571,0.0
2024-06-11,155.5489959716797,156.79216430664061,3,1159.8332992104665,786.8827987221883,217802.5315879793,62.94974729542408,LOSS,217802.5315879793,0.0
2024-06-12,160.36700439453125,152.4380160522461,3,1129.0470263550662,1129.0470263550662,218931.57861433434,63.0102367677185,WIN,218931.57861433434,0.0
2024-06-13,148.38800048828125,157.15966430664062,3,1159.851873864892,-1471.6472716429196,217459.93134269142,62.83838838146007,LOSS,218931.57861433434,-0.6721950670420884
2024-06-14,149.5540008544922,145.4202404785156,3,935.5790323464016,935.5790323464016,218395.51037503782,56.70332916559714,WIN,218931.57861433434,-0.24485651758847088
2024-06-17,150.7259979248047,146.56292083740234,3,925.603264595745,925.603264595745,219321.11363963355,55.9369865874153,WIN,219321.11363963355,0.0
2024-06-18,146.9429931640625,147.7114779663086,3,836.9354233523776,606.3899826785498,219927.5036223121,51.72762204426818,LOSS,219927.5036223121,0.0
2024-06-20,146.5399932861328,144.00413330078123,3,725.7827855991322,725.7827855991322,220653.28640791122,47.66982513421136,WIN,220653.28640791122,0.0
2024-06-21,148.37600708007812,143.60919342041015,3,709.7883901323544,709.7883901323544,221363.07479804358,47.03773116230944,WIN,221363.07479804358,0.0
2024-06-24,137.21499633789062,145.40848693847656,3,722.1864524063088,-1735.8607277694705,219627.21407027412,47.193981205058705,LOSS,221363.07479804358,-0.7841690531960436
2024-06-25,149.57400512695312,134.47069641113282,3,685.0725809754745,685.0725809754745,220312.2866512496,48.02357117779828,WIN,221363.07479804358,-0.47468989475894047
2024-06-26,145.7729949951172,146.58252502441405,3,744.3879404407891,501.5289316517293,220813.81558290133,47.91790855787868,LOSS,221363.07479804358,-0.2481259422527285
2024-06-27,152.5399932861328,142.85753509521484,3,729.8086455454478,729.8086455454478,221543.62422844677,48.11470997839515,WIN,221543.62422844677,0.0
2024-06-28,137.7480010986328,149.48919342041015,3,782.7330924215374,-2739.624604111663,218803.99962433512,48.94055979803475,LOSS,221543.62422844677,-1.2366072883626134
2024-07-01,136.5970001220703,134.99304107666015,3,772.6725265807609,772.6725265807609,219576.67215091587,52.10215999361111,WIN,221543.62422844677,-0.8878396227294113
2024-07-02,132.0189971923828,133.8650601196289,3,765.9965059921024,212.1776278182739,219788.84977873415,52.091522108618605,LOSS,221543.62422844677,-0.7920672309229598
2024-07-03,130.20899963378906,129.37861724853516,3,695.8103763240381,695.8103763240381,220484.6601550582,49.86129372595113,WIN,221543.62422844677,-0.47799347739143905
2024-07-05,128.1719970703125,127.60481964111328,3,683.6965283113802,683.6965283113802,221168.35668336958,49.73052921145279,WIN,221543.62422844677,-0.16938765283095325
2024-07-08,129.05799865722656,125.60855712890624,3,653.3816416255837,653.3816416255837,221821.73832499515,48.718077553400796,WIN,221821.73832499515,0.0
2024-07-09,130.177001953125,126.47683868408203,3,660.4268390458979,660.4268390458979,222482.16516404104,48.84767301228575,WIN,222482.16516404104,0.0
2024-07-10,130.57200622558594,127.57346191406249,3,663.10117326193,663.10117326193,223145.26633730298,48.692602614207445,WIN,223145.26633730298,0.0
2024-07-11,135.8560028076172,127.96056610107422,3,665.2765132233716,665.2765132233716,223810.54285052634,48.70087237612474,WIN,223810.54285052634,0.0
2024-07-12,139.67599487304688,133.13888275146485,3,711.0879776915891,711.0879776915891,224521.63082821792,49.620515663263454,WIN,224521.63082821792,0.0
2024-07-15,161.1280059814453,136.88247497558592,3,729.0317369662955,729.0317369662955,225250.66256518423,49.52341033331128,WIN,225250.66256518423,0.0
2024-07-16,166.42999267578125,157.9054458618164,3,1031.5079011331377,1031.5079011331377,226282.17046631736,57.34387071901631,WIN,226282.17046631736,0.0
2024-07-17,159.0,163.1013928222656,3,1072.4910110790781,-157.9268356006046,226124.24363071675,57.62369500002352,LOSS,226282.17046631736,-0.06979199257067169
2024-07-18,155.51600646972656,155.82,3,1047.6939257157642,956.495866633735,227080.7394973505,58.58392417542281,LOSS,227080.7394973505,0.0
2024-07-19,177.85000610351562,152.40568634033204,3,1023.159387106246,1023.159387106246,228103.89888445675,58.51682748475403,WIN,228103.89888445675,0.0
2024-07-22,180.00900268554688,174.2930059814453,3,1344.6263836847788,1344.6263836847788,229448.52526814153,65.0076875939972,WIN,229448.52526814153,0.0
2024-07-23,172.177001953125,176.40882263183593,3,1360.9437694356457,91.39756582236623,229539.9228339639,65.00748168911792,LOSS,229539.9228339639,0.0
2024-07-24,167.2689971923828,168.7334619140625,3,1261.8837310676029,822.5443145636959,230362.4671485276,63.47672014860797,LOSS,230362.4671485276,0.0
2024-07-25,160.64700317382812,163.92361724853515,3,1182.8355535982205,199.85133118611247,230562.3184797137,61.77329285813425,LOSS,230562.3184797137,0.0
2024-07-26,175.27099609375,157.43406311035156,3,1145.5682959530293,1145.5682959530293,231707.88677566673,62.16690571644499,WIN,231707.88677566673,0.0
2024-07-29,168.48500061035156,171.76557617187498,3,1299.6633774506677,315.49070899364153,232023.37748466036,64.04670712023406,LOSS,232023.37748466036,0.0
2024-07-30,160.40699768066406,165.11530059814453,3,1168.4725148214359,-244.01836042270406,231779.35912423767,60.871853233708784,LOSS,232023.37748466036,-0.10516973033841126
2024-07-31,161.44400024414062,157.19885772705078,3,1139.0446761064447,1139.0446761064447,232918.40380034412,61.968476886046716,WIN,232918.40380034412,0.0
2024-08-01,151.18099975585938,158.2151202392578,3,1129.6395599061966,-980.596585113331,231937.8072152308,61.28145583193821,LOSS,232918.40380034412,-0.4210043384780716
2024-08-02,144.7989959716797,148.15737976074217,3,1097.1312147272802,89.61607800853426,232027.42329323935,63.001011278900556,LOSS,232918.40380034412,-0.38252902843543257
2024-08-05,130.89999389648438,141.9030160522461,3,1065.7419585560353,-2235.164688172483,229792.25860506686,63.682799303692335,LOSS,232918.40380034412,-1.3421632401177581
2024-08-06,136.92100524902344,128.28199401855468,3,1030.1803457181168,1030.1803457181168,230822.43895078497,67.05502535149245,WIN,232918.40380034412,-0.8998708626544594
2024-08-07,124.68499755859375,134.18258514404297,3,1089.1818022421385,-1760.094473392629,229062.34447739235,67.61618142571999,LOSS,232918.40380034412,-1.6555408503731432
2024-08-08,135.99000549316406,122.19129760742187,3,1040.4805581536011,1040.4805581536011,230102.82503554595,70.19615139701244,WIN,232918.40380034412,-1.208826232216356
2024-08-09,135.3699951171875,133.27020538330078,3,1174.0668921921615,1174.0668921921615,231276.89192773812,72.10509768769526,WIN,232918.40380034412,-0.7047583384665018
2024-08-12,131.4600067138672,132.66259521484375,3,1164.758850486565,803.982300193597,232080.87422793172,71.91184100806777,LOSS,232918.40380034412,-0.3595806766434501
2024-08-13,135.3800048828125,128.83080657958985,3,981.525900478088,981.525900478088,233062.40012840982,64.38523705703989,WIN,233062.40012840982,0.0
2024-08-14,130.3699951171875,132.67240478515626,3,1009.1057702714799,318.3828698808518,233380.78299829067,64.30275554742515,LOSS,233380.78299829067,0.0
2024-08-15,131.92999267578125,127.76259521484374,3,968.4630499813227,968.4630499813227,234349.246048272,64.13539311523473,WIN,234349.246048272,0.0
2024-08-16,133.0399932861328,129.29139282226564,3,981.091500715464,981.091500715464,235330.33754898747,64.18752877276498,WIN,235330.33754898747,0.0
2024-08-19,135.35000610351562,130.37919342041016,3,817.0596685642008,817.0596685642008,236147.39721755168,55.621933223350865,WIN,236147.39721755168,0.0
2024-08-20,133.69000244140625,132.6430059814453,3,833.6676596082835,833.6676596082835,236981.06487715998,55.740251273314755,WIN,236981.06487715998,0.0
2024-08-21,141.4199981689453,131.01620239257812,3,815.3018620972128,815.3018620972128,237796.36673925718,55.33745850783629,WIN,237796.36673925718,0.0
2024-08-22,133.80999755859375,138.5915982055664,3,897.8895991386127,-536.5905949531863,237259.776144304,56.995343920070574,LOSS,237796.36673925718,-0.2256513008634642
2024-08-23,150.00999450683594,131.13379760742188,3,858.4582221132823,858.4582221132823,238118.23436641728,57.434552875166034,WIN,238118.23436641728,0.0
2024-08-26,146.89999389648438,147.00979461669922,3,1020.7841261674323,987.8439101029775,239106.07827652025,60.00935002697993,LOSS,239106.07827652025,0.0
2024-08-27,140.00999450683594,143.9619940185547,3,992.5526007516719,-193.04725276395402,238913.03102375628,59.69107307434258,LOSS,239106.07827652025,-0.08073707458858932
2024-08-28,132.08999633789062,137.2097946166992,3,945.3096704853795,-590.6298131571968,238322.40121059908,59.65849578914553,LOSS,239106.07827652025,-0.3277528833938126
2024-08-29,132.55999755859375,129.4481964111328,3,908.6769232053118,908.6769232053118,239231.0781338044,60.50180232337085,WIN,239231.0781338044,0.0
2024-08-30,132.4199981689453,129.90879760742186,3,888.8279590365555,888.8279590365555,240119.90609284095,59.35006376815102,WIN,240119.90609284095,0.0
2024-09-03,122.31999969482422,129.7715982055664,3,876.9903872519317,-1358.48916597072,238761.41692687024,58.80566566506322,LOSS,240119.90609284095,-0.5657544966078133
2024-09-04,124.8499984741211,119.87359970092773,3,786.6898970850056,786.6898970850056,239548.10682395526,57.539769289706584,WIN,240119.90609284095,-0.23813072318319473
2024-09-05,119.56999969482422,122.35299850463866,3,789.4360288686673,-45.46361407566587,239502.64320987958,56.82321653800091,LOSS,240119.90609284095,-0.25706443626656533
2024-09-06,114.30000305175781,117.17859970092773,3,711.7762423440804,-151.80275240689593,239350.8404574727,54.374068143616356,LOSS,240119.90609284095,-0.3202839980584127
2024-09-09,124.81999969482422,112.01400299072266,3,623.9113929494702,623.9113929494702,239974.75185042215,51.10486311922301,WIN,240119.90609284095,-0.06045073262800241
2024-09-10,129.63999938964844,122.32359970092773,3,758.9630021276867,758.9630021276867,240733.71485254983,55.21846184181871,WIN,240733.71485254983,0.0
2024-09-11,129.27999877929688,127.04719940185547,3,794.8261508425128,794.8261508425128,241528.54100339234,55.552922334167995,WIN,241528.54100339234,0.0
2024-09-12,130.77000427246094,126.69439880371094,3,785.3881554415048,785.3881554415048,242313.92915883384,55.182970327478195,WIN,242313.92915883384,0.0
2024-09-13,141.47000122070312,128.15460418701173,3,784.2058246276949,784.2058246276949,243098.13498346152,54.66531927937986,WIN,243098.13498346152,0.0
2024-09-16,134.52999877929688,138.64060119628905,3,901.458228539155,-331.72249655849896,242766.41248690302,57.14735048857835,LOSS,243098.13498346152,-0.13645620793473895
2024-09-17,131.27000427246094,131.83939880371094,3,878.7530949285893,707.93473555359,243474.34722245662,58.20527343539929,LOSS,243474.34722245662,0.0
2024-09-18,132.6699981689453,128.6446041870117,3,860.1970866261513,860.1970866261513,244334.54430908276,58.34325237377428,WIN,244334.54430908276,0.0
2024-09-19,144.66000366210938,130.0165982055664,3,868.9390207180368,868.9390207180368,245203.4833298008,58.32171148393941,WIN,245203.4833298008,0.0
2024-09-20,144.77999877929688,141.7668035888672,3,986.0723720620949,986.0723720620949,246189.5557018629,60.0867932590687,WIN,246189.5557018629,0.0
2024-09-23,149.97000122070312,141.88439880371092,3,959.701089681431,959.701089681431,247149.25679154432,58.84463388698844,WIN,247149.25679154432,0.0
2024-09-24,153.8800048828125,146.97060119628907,3,877.3185489467689,877.3185489467689,248026.57534049108,53.69385014008995,WIN,248026.57534049108,0.0
2024-09-25,151.94000244140625,150.80240478515626,3,900.5649956178419,900.5649956178419,248927.14033610892,53.70988663649491,WIN,248927.14033610892,0.0
2024-09-26,165.97999572753906,148.9012023925781,3,865.9274137887236,865.9274137887236,249793.06774989763,52.69627078954721,WIN,249793.06774989763,0.0
2024-09-27,176.22000122070312,162.66039581298827,3,975.2143070411311,975.2143070411311,250768.28205693877,53.8627334293111,WIN,250768.28205693877,0.0
2024-09-30,168.60000610351562,172.69560119628906,3,1059.6344566468108,-169.04407118522,250599.23798575354,54.773142002922974,LOSS,250768.28205693877,-0.06741046746368237
2024-10-01,162.69000244140625,165.2280059814453,3,1046.1139586362726,284.7128966245556,250883.9508823781,56.04029177622868,LOSS,250883.9508823781,0.0
2024-10-02,164.63999938964844,159.4362023925781,3,950.2955619208014,950.2955619208014,251834.2464442989,53.63552909092158,WIN,251834.2464442989,0.0
2024-10-03,163.41000366210938,161.34719940185548,3,961.4832105624113,961.4832105624113,252795.7296548613,53.62739119203423,WIN,252795.7296548613,0.0
2024-10-04,176.50999450683594,160.1418035888672,3,923.6974683092326,923.6974683092326,253719.42712317052,52.38868081876292,WIN,253719.42712317052,0.0
2024-10-07,186.08999633789062,172.97979461669922,3,992.3567678728992,992.3567678728992,254711.78389104342,52.186693407633925,WIN,254711.78389104342,0.0
2024-10-08,192.1999969482422,182.3681964111328,3,996.6116153604363,996.6116153604363,255708.39550640385,50.42353887704905,WIN,255708.39550640385,0.0
2024-10-09,188.91000366210938,188.35599700927733,3,1027.007346230276,1027.007346230276,256735.4028526341,50.34347133071806,WIN,256735.4028526341,0.0
2024-10-10,183.33999633789062,185.13180358886717,3,1021.0386396854004,483.49646439243645,257218.89931702655,50.750016770248614,LOSS,257218.89931702655,0.0
2024-10-11,212.58999633789062,179.6731964111328,3,1020.0685913143523,1020.0685913143523,258238.96790834088,51.80113268727046,WIN,258238.96790834088,0.0
2024-10-14,201.6699981689453,208.3381964111328,3,1391.1086281003722,-609.3508445558737,257629.617063785,58.28199280341479,LOSS,258238.96790834088,-0.23596394048947955
2024-10-15,194.30999755859375,197.6365982055664,3,1323.5356784335295,325.5554843417343,257955.17254812675,58.40936044342537,LOSS,258238.96790834088,-0.10989641203757645
2024-10-16,194.08999633789062,190.42379760742188,3,1289.424988422378,1289.424988422378,259244.59753654912,58.89246431606306,WIN,259244.59753654912,0.0
2024-10-17,193.4199981689453,190.2081964111328,3,1292.1766881465662,1292.1766881465662,260536.7742246957,59.03599143820811,WIN,260536.7742246957,0.0
2024-10-18,215.86000061035156,189.5515982055664,3,1234.547847998464,1234.547847998464,261771.32207269417,57.21779829302999,WIN,261771.32207269417,0.0
2024-10-21,219.0500030517578,211.54280059814454,3,1490.2008731274695,1490.2008731274695,263261.52294582163,60.66270849947277,WIN,263261.52294582163,0.0
2024-10-22,219.6999969482422,214.66900299072265,3,1510.109492816227,1510.109492816227,264771.63243863784,60.59888284417847,WIN,264771.63243863784,0.0
2024-10-23,213.9499969482422,215.30599700927735,3,1517.6677942491037,1110.8677759385555,265882.5002145764,60.691529496709876,LOSS,265882.5002145764,0.0
2024-10-24,235.88999938964844,209.67099700927733,3,1490.1596792200544,1490.1596792200544,267372.65989379643,61.069081341770506,WIN,267372.65989379643,0.0
2024-10-25,234.33999633789062,231.17219940185547,3,1663.267044683645,1663.267044683645,269035.92693848006,61.638167954433754,WIN,269035.92693848006,0.0
2024-10-28,255.33999633789062,229.6531964111328,3,1635.0918158277502,1635.0918158277502,270671.0187543078,61.1513866928589,WIN,270671.0187543078,0.0
2024-10-29,258.239990234375,250.2331964111328,3,1796.2489505370254,1796.2489505370254,272467.2677048448,61.53039167425279,WIN,272467.2677048448,0.0
2024-10-30,247.30999755859375,253.0751904296875,3,1770.1796088703197,40.62174754219609,272507.889452387,60.34014093574172,LOSS,272507.889452387,0.0
2024-10-31,244.5,242.36379760742187,3,1751.718085310873,1751.718085310873,274259.6075376979,61.85021295720914,WIN,274259.6075376979,0.0
