Date,Stock_Price,Strike,Contracts,Premium,PnL,Capital,VIX,Status,Peak,Drawdown_%
2019-01-03,12.656999588012695,13.114140357971191,1,61.424817145461574,15.71074014961198,50015.71074014961,51.74338369981129,LOSS,50015.71074014961,0.0
2019-01-04,13.039999961853027,12.910139579772949,1,60.46930575422176,60.46930575422176,50076.180045903835,51.74338369981129,WIN,50076.180045903835,0.0
2019-01-07,13.123000144958496,13.300799961090089,1,62.29910487435987,44.51912326120059,50120.69916916503,51.74338369981129,LOSS,50120.69916916503,0.0
2019-01-08,13.230999946594238,13.385460147857666,1,62.695641463854024,47.24962133751127,50167.948790502545,51.74338369981129,LOSS,50167.948790502545,0.0
2019-01-09,13.157999992370605,13.495619945526123,1,63.21161469914527,29.449619383593543,50197.39840988614,51.74338369981129,LOSS,50197.39840988614,0.0
2019-01-10,13.25100040435791,13.421159992218017,1,62.862854590456195,45.846895804445474,50243.24530569059,51.74338369981129,LOSS,50243.24530569059,0.0
2019-01-11,13.38599967956543,13.51602041244507,1,63.307167660755766,50.3050943727918,50293.55040006338,51.74338369981129,LOSS,50293.55040006338,0.0
2019-01-14,13.211000442504883,13.653719673156738,1,63.95213192676172,19.680208861576197,50313.230608924954,51.74338369981129,LOSS,50313.230608924954,0.0
2019-01-15,13.430999755859375,13.47522045135498,1,63.11606629375088,58.69399674419036,50371.92460566914,51.74338369981129,LOSS,50371.92460566914,0.0
2019-01-16,13.383999824523926,13.699619750976563,1,64.16712153416914,32.605128888905426,50404.52973455805,51.74338369981129,LOSS,50404.52973455805,0.0
2019-01-17,13.48799991607666,13.651679821014405,1,63.94257754184394,47.574587048069496,50452.104321606115,51.74338369981129,LOSS,50452.104321606115,0.0
2019-01-18,13.631999969482422,13.757759914398193,1,64.43944200729943,51.86344751572234,50503.96776912184,51.74338369981129,LOSS,50503.96776912184,0.0
2019-01-22,13.723999977111816,13.90463996887207,1,65.12740783975978,47.063408663734414,50551.031177785575,51.74338369981129,LOSS,50551.031177785575,0.0
2019-01-23,13.748000144958496,13.998479976654053,1,65.56694143949242,40.518958269936704,50591.55013605551,51.74338369981129,LOSS,50591.55013605551,0.0
2019-01-24,13.82800006866455,14.022960147857667,1,65.6816031709385,46.18559525162689,50637.73573130714,51.74338369981129,LOSS,50637.73573130714,0.0
2019-01-25,13.9399995803833,14.104560070037842,1,66.06380590494791,49.60775693949384,50687.34348824663,51.74338369981129,LOSS,50687.34348824663,0.0
2019-01-28,13.85099983215332,14.218799571990967,1,66.59888791007492,29.81891392631023,50717.162402172944,51.74338369981129,LOSS,50717.162402172944,0.0
2019-01-29,13.82699966430664,14.128019828796386,1,66.17368816582704,36.07167171685248,50753.2340738898,51.74338369981129,LOSS,50753.2340738898,0.0
2019-01-30,12.737000465393066,14.103539657592775,1,66.05902643438112,-70.59489278558969,50682.63918110421,51.74338369981129,LOSS,50753.2340738898,-0.13909437314439818
2019-01-31,12.689000129699707,12.991740474700928,1,60.85151304444728,30.57747854432523,50713.21665964854,51.74338369981129,LOSS,50753.2340738898,-0.07884702319264628
2019-02-01,12.803999900817871,12.942780132293702,1,41.4825794996929,27.604556352109796,50740.82121600065,31.789625346216383,LOSS,50753.2340738898,-0.024457274724750355
2019-02-04,13.005000114440918,13.060079898834228,1,41.696548754615804,36.188570315284764,50777.00978631594,31.622266407060383,LOSS,50777.00978631594,0.0
2019-02-05,13.21500015258789,13.265100116729737,1,41.69398257495632,36.68398616077165,50813.69377247671,30.953831791497876,LOSS,50813.69377247671,0.0
2019-02-06,12.82699966430664,13.479300155639649,1,42.588028252619615,-22.642020880681223,50791.05175159603,31.174847950265033,LOSS,50813.69377247671,-0.04455889584028883
2019-02-07,12.913999557495117,13.083539657592773,1,42.080710068576465,25.12670005881087,50816.17845165484,31.941214864795786,LOSS,50816.17845165484,0.0
2019-02-08,13.07800006866455,13.17227954864502,1,42.404844218715624,32.97689622066864,50849.15534787551,31.98087779515257,LOSS,50849.15534787551,0.0
2019-02-11,13.680000305175781,13.339560070037843,1,43.05660699230257,43.05660699230257,50892.21195486781,32.09542839484746,WIN,50892.21195486781,0.0
2019-02-12,14.211000442504883,13.953600311279297,1,46.925129109836675,46.925129109836675,50939.13708397764,33.919759950251944,WIN,50939.13708397764,0.0
2019-02-13,14.043000221252441,14.495220451354982,1,49.72061209431805,4.4985890840640295,50943.635673061704,34.826481871866534,LOSS,50943.635673061704,0.0
2019-02-14,14.005999565124512,14.32386022567749,1,49.17481601708119,17.38874996178329,50961.02442302349,34.86604022507745,LOSS,50961.02442302349,0.0
2019-02-15,14.105999946594238,14.286119556427002,1,49.03665595806533,31.024694974789,50992.04911799828,34.857923423540996,LOSS,50992.04911799828,0.0
2019-02-19,14.190999984741211,14.388119945526123,1,49.38127463145089,29.669278552959703,51021.71839655124,34.85277066677117,LOSS,51021.71839655124,0.0
2019-02-20,14.041999816894531,14.474819984436035,1,49.629450661747256,6.34743390759688,51028.065830458836,34.80673334729241,LOSS,51028.065830458836,0.0
2019-02-21,14.312999725341797,14.322839813232422,1,49.2232441673902,48.23923537832769,51076.305065837165,34.914963918600606,LOSS,51076.305065837165,0.0
2019-02-22,14.541000366210938,14.599259719848632,1,50.44446170481927,44.618526341049794,51120.92359217822,35.16566276183393,LOSS,51120.92359217822,0.0
2019-02-25,14.619000434875488,14.831820373535157,1,51.39903711680165,30.117043250834776,51151.04063542905,35.30304889141361,LOSS,51151.04063542905,0.0
2019-02-26,14.180000305175781,14.911380443572998,1,51.65516531614364,-21.482848523578056,51129.557786905476,35.285327471125086,LOSS,51151.04063542905,-0.041998849401116124
2019-02-27,14.119000434875488,14.463600311279297,1,50.92988526055817,16.4698976201773,51146.02768452565,36.05581827176147,LOSS,51151.04063542905,-0.009800291139979683
2019-02-28,14.149999618530273,14.401380443572998,1,50.73008230148092,25.591999797208423,51171.61968432286,36.07389053887218,LOSS,51171.61968432286,0.0
2019-03-01,14.173999786376953,14.432999610900879,1,44.160761948254766,18.260779495862188,51189.88046381872,29.82813952965503,LOSS,51189.88046381872,0.0
2019-03-04,13.930999755859375,14.457479782104492,1,44.14886084146373,-8.499141783048017,51181.381322035675,29.74712503446586,LOSS,51189.88046381872,-0.016603167864502652
2019-03-05,13.866000175476074,14.209619750976563,1,43.94658437062457,9.584626820575721,51190.965948856254,30.2737822927894,LOSS,51190.965948856254,0.0
2019-03-06,13.696999549865723,14.143320178985595,1,43.666123491010936,-0.9659394209763335,51190.00000943528,30.20183421857912,LOSS,51190.965948856254,-0.0018869333740233198
2019-03-07,13.734999656677246,13.970939540863037,1,43.178347611864474,19.584359193285337,51209.584368628566,30.244747807079282,LOSS,51209.584368628566,0.0
2019-03-08,13.812000274658203,14.009699649810791,1,42.0860309225296,22.316093407270785,51231.90046203584,29.07731552935895,LOSS,51231.90046203584,0.0
2019-03-11,14.300000190734863,14.088240280151368,1,42.31430233177434,42.31430233177434,51274.214764367614,29.069969746592058,WIN,51274.214764367614,0.0
2019-03-12,14.519000053405762,14.58600019454956,1,44.91826489757194,38.21825078319203,51312.433015150804,30.095828378292303,LOSS,51312.433015150804,0.0
2019-03-13,14.75,14.809380054473877,1,43.486419263798595,37.5484138164109,51349.981428967214,28.164447891314076,LOSS,51349.981428967214,0.0
2019-03-14,14.800000190734863,15.045,1,42.48349609668527,17.983515170171607,51367.964944137384,26.644441294917655,LOSS,51367.964944137384,0.0
2019-03-15,14.833000183105469,15.09600019454956,1,42.305562376777985,16.005561232368805,51383.970505369754,26.3566746194853,LOSS,51383.970505369754,0.0
2019-03-18,14.782999992370605,15.129660186767579,1,42.35122996702607,7.685210527328756,51391.65571589708,26.313275275806426,LOSS,51391.65571589708,0.0
2019-03-19,14.739999771118164,15.078659992218018,1,42.23672316470562,8.370701054720229,51400.026416951805,26.338558642639683,LOSS,51400.026416951805,0.0
2019-03-20,14.753999710083008,15.034799766540528,1,42.133109235835214,14.053103590083154,51414.07952054189,26.355828385587387,LOSS,51414.07952054189,0.0
2019-03-21,14.961999893188477,15.049079704284669,1,41.90718028563469,33.199199176015476,51447.278719717906,26.11737483921774,LOSS,51447.278719717906,0.0
2019-03-22,14.383000373840332,15.261239891052247,1,42.2452495818001,-45.57870213939139,51401.700017578514,25.89391893895005,LOSS,51447.278719717906,-0.08859302819047452
2019-03-25,14.409000396728516,14.67066038131714,1,42.661417864189644,16.49541940532726,51418.19543698384,27.780302126897833,LOSS,51447.278719717906,-0.05653026449174872
2019-03-26,14.5649995803833,14.697180404663087,1,42.697297702518654,29.47921527454008,51447.674652258385,27.742441176607123,LOSS,51447.674652258385,0.0
2019-03-27,14.362000465393066,14.856299571990967,1,41.932739306675835,-7.497171353114176,51440.17748090527,26.62817284659588,LOSS,51447.674652258385,-0.014572420238206249
2019-03-28,14.479999542236328,14.649240474700928,1,41.65252362595818,24.728430379498178,51464.90591128477,26.908388372950625,LOSS,51464.90591128477,0.0
2019-03-29,14.425000190734863,14.769599533081054,1,42.06965773342352,7.609723498804414,51472.51563478357,26.976829300615517,LOSS,51472.51563478357,0.0
2019-04-01,14.734000205993652,14.71350019454956,1,41.94590125919021,41.94590125919021,51514.46153604276,27.00987745534159,WIN,51514.46153604276,0.0
2019-04-02,14.619999885559082,15.028680210113526,1,42.866618603857866,1.9985861484134517,51516.46012219118,27.0297988163373,LOSS,51516.46012219118,0.0
2019-04-03,14.793000221252441,14.912399883270265,1,42.61926286414054,30.67929666235821,51547.13941885354,27.10608862740361,LOSS,51547.13941885354,0.0
2019-04-04,14.456999778747559,15.088860225677491,1,42.86058970766653,-20.325454985326743,51526.81396386821,26.87090564011752,LOSS,51547.13941885354,-0.03943081073844399
2019-04-05,14.652000427246094,14.74613977432251,1,42.883239548791785,33.469304841150205,51560.28326870936,27.78243604730517,LOSS,51560.28326870936,0.0
2019-04-08,14.442000389099121,14.945040435791016,1,43.61172905291114,-6.69227561627838,51553.59099309309,27.917925721913704,LOSS,51560.28326870936,-0.012979516775339808
2019-04-09,14.413000106811523,14.730840396881105,1,41.7252449098705,9.941215902912383,51563.532208995995,26.76247665895243,LOSS,51563.532208995995,0.0
2019-04-10,14.77400016784668,14.701260108947753,1,41.29155284656028,41.29155284656028,51604.823761842556,26.441321021760025,WIN,51604.823761842556,0.0
2019-04-11,14.85200023651123,15.069480171203613,1,42.91873536845341,21.17074189921511,51625.99450374177,26.972261858982414,LOSS,51625.99450374177,0.0
2019-04-12,15.0649995803833,15.149040241241455,1,43.16938081599436,34.76531473017897,51660.75981847195,26.993686752313845,LOSS,51660.75981847195,0.0
2019-04-15,14.954000473022461,15.366299571990966,1,44.07895269525701,2.8490427984064723,51663.60886127036,27.248743156260407,LOSS,51663.60886127036,0.0
2019-04-16,15.112000465393066,15.253080482482911,1,43.82931746475266,29.721315755768188,51693.33017702613,27.315213409803853,LOSS,51693.33017702613,0.0
2019-04-17,14.810999870300293,15.414240474700929,1,44.408027822712924,-15.916032617350652,51677.41414440878,27.416426214196246,LOSS,51693.33017702613,-0.030789335031901177
2019-04-18,14.64799976348877,15.107219867706299,1,44.15352582265166,-1.7684845991012423,51675.64565980968,27.979138653714834,LOSS,51693.33017702613,-0.03421044292540749
2019-04-22,14.734000205993652,14.940959758758545,1,43.53539509790976,22.839439821420477,51698.4850996311,27.85974198144998,LOSS,51698.4850996311,0.0
2019-04-23,14.916000366210938,15.028680210113526,1,41.48086907618335,30.212884685924486,51728.69798431703,25.78561917116513,LOSS,51728.69798431703,0.0
2019-04-24,14.954000473022461,15.214320373535157,1,42.19346543810772,16.161475386838084,51744.85945970387,25.96318069481743,LOSS,51744.85945970387,0.0
2019-04-25,14.800000190734863,15.253080482482911,1,42.15653015320828,-3.151499021596507,51741.70796068227,25.835415669180865,LOSS,51744.85945970387,-0.0060904581720796136
2019-04-26,14.942000389099121,15.09600019454956,1,41.55154170199105,26.151561156947103,51767.85952183922,25.68270463192536,LOSS,51767.85952183922,0.0
2019-04-29,14.92300033569336,15.240840396881104,1,41.98535355375224,10.201347434977741,51778.0608692742,25.713816469625744,LOSS,51778.0608692742,0.0
2019-04-30,14.970000267028809,15.221460342407227,1,41.89436114251207,16.74835360467027,51794.809222878874,25.680481403064174,LOSS,51794.809222878874,0.0
2019-05-01,14.10200023651123,15.269400272369385,1,41.301168461321446,-75.438835124494,51719.37038775438,25.039687509220457,LOSS,51794.809222878874,-0.1456494120865871
2019-05-02,14.083999633789062,14.384040241241456,1,43.61525530029494,13.611194555055604,51732.98158230944,29.456937661523483,LOSS,51794.809222878874,-0.1193703413471085
2019-05-03,14.102999687194824,14.365679626464845,1,43.32580469131152,17.057810764309487,51750.03939307375,29.237356083314214,LOSS,51794.809222878874,-0.0864369045409085
2019-05-06,14.145000457763672,14.38505968093872,1,42.83749508487339,18.83157276736852,51768.87096584112,28.724491178283593,LOSS,51794.809222878874,-0.05007887359163991
2019-05-07,13.88700008392334,14.427900466918945,1,42.702349876255006,-11.387688423305555,51757.483277417814,28.478787530698376,LOSS,51794.809222878874,-0.07206503126682447
2019-05-08,13.79699993133545,14.164740085601807,1,42.06971852355426,5.2957030969185155,51762.77898051473,28.618101589129445,LOSS,51794.809222878874,-0.061840641648685
2019-05-09,13.812999725341797,14.072939929962159,1,41.82337433515968,15.829353873123495,51778.608334387856,28.643323314335948,LOSS,51794.809222878874,-0.0312789809135181
2019-05-10,13.925999641418457,14.089259719848632,1,40.88354733018147,24.55753948716393,51803.16587387502,27.696798443907603,LOSS,51803.16587387502,0.0
2019-05-13,13.505000114440918,14.204519634246827,1,41.296653009585214,-28.655298971005692,51774.510574904016,27.7715105343527,LOSS,51803.16587387502,-0.05531572923703246
2019-05-14,13.649999618530273,13.775100116729737,1,40.483141868428696,27.97309204848233,51802.483666952496,28.19754974265897,LOSS,51803.16587387502,-0.0013169212943173897
2019-05-15,13.621999740600586,13.92299961090088,1,41.22173486094314,11.121747830913819,51813.60541478341,28.492106706427826,LOSS,51813.60541478341,0.0
2019-05-16,13.805999755859375,13.894439735412599,1,40.847316816095685,32.00331886077333,51845.60873364418,28.210613477826186,LOSS,51845.60873364418,0.0
2019-05-17,13.684000015258789,14.082119750976563,1,41.486427106210684,1.674453534433269,51847.28318717861,28.294323354894416,LOSS,51847.28318717861,0.0
2019-05-20,13.626999855041504,13.957680015563964,1,41.0828200629308,8.01480401068477,51855.2979911893,28.25855124280564,LOSS,51855.2979911893,0.0
2019-05-21,13.730999946594238,13.899539852142334,1,40.79833846069245,23.944347905882843,51879.24233909518,28.148511186660844,LOSS,51879.24233909518,0.0
2019-05-22,13.626999855041504,14.005619945526123,1,40.93718872534296,3.075179676881099,51882.31751877206,27.982302329830944,LOSS,51882.31751877206,0.0
2019-05-23,13.392000198364258,13.899539852142334,1,40.58071659517491,-10.17324878263274,51872.14426998943,27.93724922800003,LOSS,51882.31751877206,-0.019608316029732804
2019-05-24,13.407999992370605,13.659840202331543,1,40.04376175290011,14.859740756806396,51887.00401074624,28.098129656830395,LOSS,51887.00401074624,0.0
2019-05-28,13.532999992370605,13.676159992218018,1,39.864260858131125,25.548260873389857,51912.55227161963,27.87382657090092,LOSS,51912.55227161963,0.0
2019-05-29,13.375,13.803659992218018,1,40.485720254745,-2.3802789670567677,51910.17199265257,28.118023541897237,LOSS,51912.55227161963,-0.004585170373833215
2019-05-30,13.366000175476074,13.6425,1,39.980746566856574,12.330764114463989,51922.50275676703,28.086080402102468,LOSS,51922.50275676703,0.0
2019-05-31,13.291000366210938,13.633320178985596,1,35.49285332771885,1.2608720502530417,51923.76362881729,23.670895535320113,LOSS,51923.76362881729,0.0
2019-06-03,13.09000015258789,13.556820373535157,1,35.305612411445225,-11.37640968328138,51912.387219134005,23.68275765595144,LOSS,51923.76362881729,-0.021909832585726017
2019-06-04,13.381999969482422,13.35180015563965,1,34.99528520728595,34.99528520728595,51947.382504341294,23.908728539072868,WIN,51947.382504341294,0.0
2019-06-05,13.437999725341797,13.649639968872071,1,36.861748995827945,15.697724642800523,51963.080228984094,24.98211510496285,LOSS,51963.080228984094,0.0
2019-06-06,13.440999984741211,13.706759719848632,1,36.63861042812242,10.062636917380296,51973.14286590147,24.61059730648102,LOSS,51973.14286590147,0.0
2019-06-07,13.71399974822998,13.709819984436036,1,36.60618144618881,36.60618144618881,52009.74904734766,24.57062938778101,WIN,52009.74904734766,0.0
2019-06-10,13.654999732971191,13.98827974319458,1,38.1110427191117,4.783041696772841,52014.53208904443,25.305044527997225,LOSS,52014.53208904443,0.0
2019-06-11,13.413999557495117,13.928099727630615,1,37.84164154801366,-13.568375465536107,52000.963713578894,25.202895053532252,LOSS,52014.53208904443,-0.026085739735781883
2019-06-12,13.267999649047852,13.68227954864502,1,36.15545619077139,-5.272533768945493,51995.691179809946,24.19864790563433,LOSS,52014.53208904443,-0.036222394930376205
2019-06-13,13.204999923706055,13.53335964202881,1,35.703818841667406,2.867847009391916,51998.55902681934,24.140703654883204,LOSS,52014.53208904443,-0.03070884536218034
2019-06-14,13.364999771118164,13.469099922180176,1,35.553574322063255,25.14355921586209,52023.7025860352,24.160024344527034,LOSS,52023.7025860352,0.0
2019-06-17,14.125,13.632299766540527,1,35.911142317359115,35.911142317359115,52059.61372835256,24.087549925307698,WIN,52059.61372835256,0.0
2019-06-18,14.559000015258789,14.4075,1,42.845551015324176,42.845551015324176,52102.45927936788,28.66945070247926,WIN,52102.45927936788,0.0
2019-06-19,14.767000198364258,14.850180015563964,1,45.12614584976532,36.808164129794676,52139.26744349768,29.545495138607972,LOSS,52139.26744349768,0.0
2019-06-20,14.788999557495117,15.062340202331542,1,45.89439079711114,18.560326313468615,52157.82776981115,29.65616705149626,LOSS,52157.82776981115,0.0
2019-06-21,14.67199993133545,15.08477954864502,1,45.79984481787531,4.5218830869182085,52162.34965289807,29.510437088539913,LOSS,52162.34965289807,0.0
2019-06-24,14.157999992370605,14.965439929962159,1,45.02857117811428,-35.715422581041054,52126.634230317024,29.14172413969713,LOSS,52162.34965289807,-0.06846973500753767
2019-06-25,14.015999794006348,14.441159992218019,1,45.23144952862391,2.7154297074568063,52129.34966002448,30.805224195540035,LOSS,52162.34965289807,-0.06326400764761506
2019-06-26,13.911999702453613,14.296319789886475,1,44.89698473807011,6.4649759947839485,52135.81463601927,30.917721613741122,LOSS,52162.34965289807,-0.05087005676578993
2019-06-27,14.102999687194824,14.190239696502685,1,44.455387938154466,35.7313870073684,52171.54602302664,30.814591344802526,LOSS,52171.54602302664,0.0
2019-06-28,14.331000328063965,14.38505968093872,1,45.1943800130851,39.78844472560953,52211.33446775225,30.93527311374177,LOSS,52211.33446775225,0.0
2019-07-01,14.003000259399414,14.617620334625244,1,46.015951598093366,-15.446055924489585,52195.88841182776,31.019202220986383,LOSS,52211.33446775225,-0.029583721776027153
2019-07-02,14.050000190734863,14.283060264587403,1,45.3459086003543,22.039901215100286,52217.92831304286,31.381162497558314,LOSS,52217.92831304286,0.0
2019-07-03,14.116000175476074,14.33100019454956,1,45.09714679906806,23.59714489171948,52241.52545793458,31.003637654173453,LOSS,52241.52545793458,0.0
2019-07-05,14.02400016784668,14.398320178985596,1,45.3110302072954,7.879029093403759,52249.40448702798,31.005548693827276,LOSS,52249.40448702798,0.0
2019-07-08,12.593000411987305,14.304480171203613,1,45.09891527654675,-126.04906064508408,52123.3554263829,31.08402738864933,LOSS,52249.40448702798,-0.24124497089029656
2019-07-09,12.39900016784668,12.84486042022705,1,48.19559863278181,3.609573394744757,52126.96499977764,39.171234645466676,LOSS,52249.40448702798,-0.23433661771348624
2019-07-10,12.295999526977539,12.646980171203614,1,47.53544577964963,12.437381357042128,52139.402381134685,39.25906334351401,LOSS,52249.40448702798,-0.21053274572843858
2019-07-11,12.279000282287598,12.54191951751709,1,47.03519192489974,20.743268401950452,52160.14564953664,39.145701548092454,LOSS,52249.40448702798,-0.17083225802794946
2019-07-12,12.302000045776367,12.52458028793335,1,46.94006835479006,24.682044139091744,52184.827693675725,39.11327625984265,LOSS,52249.40448702798,-0.12359335763968551
2019-07-15,12.362000465393066,12.548040046691895,1,47.04330572775361,28.439347597870743,52213.2670412736,39.129743978801415,LOSS,52249.40448702798,-0.06916336388744491
2019-07-16,12.449999809265137,12.609240474700927,1,47.163167867887765,31.239101324308713,52244.50614259791,39.01247901148105,LOSS,52249.40448702798,-0.009374928725344199
2019-07-17,12.25100040435791,12.69899980545044,1,44.98818919599364,0.1882490867407185,52244.69439168465,36.34472077338323,LOSS,52249.40448702798,-0.00901463928551028
2019-07-18,12.265999794006348,12.496020412445068,1,43.271636715555964,20.26957487168393,52264.96396655634,35.26764638382613,LOSS,52264.96396655634,0.0
2019-07-19,12.175000190734863,12.511319789886475,1,42.99783935976731,9.365879444606165,52274.32984600095,34.91522118315271,LOSS,52274.32984600095,0.0
2019-07-22,12.225000381469727,12.41850019454956,1,42.594323157197834,23.244341849214457,52297.57418785016,34.82338404401075,LOSS,52297.57418785016,0.0
2019-07-23,12.157999992370605,12.469500389099121,1,42.901816214652456,11.751776541800908,52309.32596439196,34.96683574623432,LOSS,52309.32596439196,0.0
2019-07-24,12.27299976348877,12.401159992218018,1,42.1064435433551,29.290420670430272,52338.61638506239,34.35725012303013,LOSS,52338.61638506239,0.0
2019-07-25,12.218999862670898,12.518459758758546,1,42.70532544291805,12.759335834153319,52351.37572089655,34.573478886995076,LOSS,52351.37572089655,0.0
2019-07-26,12.331999778747559,12.463379859924316,1,42.51896800266364,29.38095988498786,52380.75668078154,34.57514774641503,LOSS,52380.75668078154,0.0
2019-07-29,12.218000411987305,12.57863977432251,1,42.786061463406455,6.722125229886011,52387.47880601142,34.43985967684968,LOSS,52387.47880601142,0.0
2019-07-30,12.319000244140625,12.462360420227052,1,41.96593928555939,27.629921676916716,52415.10872768834,33.980134270627104,LOSS,52415.10872768834,0.0
2019-07-31,13.67300033569336,12.565380249023438,1,42.29083840188582,42.29083840188582,52457.39956609023,33.956497332705474,WIN,52457.39956609023,0.0
2019-08-01,13.54800033569336,13.946460342407226,1,56.2826761424706,16.436675471083916,52473.836241561316,42.99650595546794,LOSS,52473.836241561316,0.0
2019-08-02,13.430000305175781,13.818960342407227,1,55.786701662685914,16.89069793954137,52490.726939500855,43.01463606518545,LOSS,52490.726939500855,0.0
2019-08-05,13.251999855041504,13.698600311279296,1,55.3168688606152,10.656823236835947,52501.38376273769,43.0304522602697,LOSS,52501.38376273769,0.0
2019-08-06,13.40999984741211,13.517039852142334,1,47.576016879689995,36.87201640666753,52538.25577914436,36.035057977326176,LOSS,52538.25577914436,0.0
2019-08-07,13.835000038146973,13.678199844360352,1,47.91088006932382,47.91088006932382,52586.16665921368,35.80582589011266,WIN,52586.16665921368,0.0
2019-08-08,14.027000427246094,14.111700038909913,1,49.85571578044892,41.38575461406704,52627.55241382775,36.213547614502225,LOSS,52627.55241382775,0.0
2019-08-09,14.069999694824219,14.307540435791015,1,50.53829652206755,26.784222425387902,52654.33663625314,36.204766852826964,LOSS,52654.33663625314,0.0
2019-08-12,14.074000358581543,14.351399688720704,1,50.684179662867336,22.944246648951207,52677.28088290209,36.196267167186406,LOSS,52677.28088290209,0.0
2019-08-13,13.873000144958496,14.355480365753174,1,50.73190355929946,2.483881479831716,52679.76476438192,36.227578879911235,LOSS,52679.76476438192,0.0
2019-08-14,13.795000076293945,14.150460147857666,1,50.350847266594265,14.804840110222159,52694.56960449214,36.55510808766634,LOSS,52694.56960449214,0.0
2019-08-15,13.638999938964844,14.070900077819825,1,49.78643528045246,6.596421394954312,52701.1660258871,36.285337809249384,LOSS,52701.1660258871,0.0
2019-08-16,13.732999801635742,13.911779937744141,1,49.44381852141036,31.565804910570463,52732.73183079767,36.4990996404608,LOSS,52732.73183079767,0.0
2019-08-19,13.975000381469727,14.007659797668458,1,49.64046000213033,46.37451838225721,52779.10634917992,36.3602667005946,LOSS,52779.10634917992,0.0
2019-08-20,14.050999641418457,14.254500389099121,1,50.607276403468596,30.25720163540219,52809.363550815324,36.447411482924565,LOSS,52809.363550815324,0.0
2019-08-21,14.08899974822998,14.332019634246826,1,50.750609590103835,26.448620988419236,52835.812171803744,36.32324814727315,LOSS,52835.812171803744,0.0
2019-08-22,14.121999740600586,14.37077974319458,1,50.902794663359806,26.02479440396037,52861.8369662077,36.337269387790634,LOSS,52861.8369662077,0.0
2019-08-23,13.810999870300293,14.404439735412598,1,50.92736464633314,-8.416621864897401,52853.420344342805,36.2485994290396,LOSS,52861.8369662077,-0.015921924677489752
2019-08-26,13.961999893188477,14.087219867706299,1,50.46793375279848,37.94593630101624,52891.36628064382,36.88279647849761,LOSS,52891.36628064382,0.0
2019-08-27,13.871999740600586,14.241239891052246,1,50.83564395007273,13.91162890490677,52905.27790954873,36.708391723422466,LOSS,52905.27790954873,0.0
2019-08-28,13.946000099182129,14.149439735412598,1,50.64311243852258,30.29914881547571,52935.5770583642,36.837283471008135,LOSS,52935.5770583642,0.0
2019-08-29,14.138999938964844,14.224920101165772,1,38.579213234476704,29.987197014383902,52965.56425537859,25.13756908820733,LOSS,52965.56425537859,0.0
2019-08-30,14.329000473022461,14.421779937744141,1,39.16983048541034,29.89188401324234,52995.45613939183,25.19063414457623,LOSS,52995.45613939183,0.0
2019-09-03,14.359999656677246,14.61558048248291,1,39.664556208368424,14.106473627802025,53009.562613019625,25.161423356228973,LOSS,53009.562613019625,0.0
2019-09-04,13.717000007629395,14.64719964981079,1,39.23289937804626,-53.78706484009334,52955.77554817953,24.684721376826744,LOSS,53009.562613019625,-0.10146672069858297
2019-09-05,14.140999794006348,13.991340007781982,1,40.77846626651216,40.77846626651216,52996.55401444605,27.869482780518176,WIN,53009.562613019625,-0.024540097922603137
2019-09-06,13.98900032043457,14.423819789886474,1,41.97402930803518,-1.5079176371552308,52995.04609680889,27.808749773915956,LOSS,53009.562613019625,-0.027384712295610403
2019-09-09,14.369000434875488,14.268780326843261,1,41.45792761642434,41.45792761642434,53036.50402442531,27.747349221421086,WIN,53036.50402442531,0.0
2019-09-10,14.496000289916992,14.656380443573,1,43.540030816365075,27.502015450764375,53064.006039876076,28.62742325576756,LOSS,53064.006039876076,0.0
2019-09-11,14.753999710083008,14.785920295715332,1,43.99663349701595,40.80457493378351,53104.81061480986,28.69292439939113,LOSS,53104.81061480986,0.0
2019-09-12,14.84000015258789,15.049079704284669,1,44.72200381885034,23.814048649172534,53128.624663459035,28.641206749127296,LOSS,53128.624663459035,0.0
2019-09-13,14.57800006866455,15.136800155639648,1,44.87590819719705,-11.00410050031266,53117.62056295872,28.546021837850535,LOSS,53128.624663459035,-0.020712187770754387
2019-09-16,14.744999885559082,14.869560070037842,1,44.39067642787572,31.934657979999713,53149.55522093872,28.82465515828835,LOSS,53149.55522093872,0.0
2019-09-17,14.901000022888184,15.039899883270264,1,44.96712374836588,31.07713771015782,53180.63235864887,28.885595582274767,LOSS,53180.63235864887,0.0
2019-09-18,14.812999725341797,15.199020023345948,1,45.241383575466024,6.6393537750508855,53187.27171242392,28.70672074121226,LOSS,53187.27171242392,0.0
2019-09-19,15.045000076293945,15.109259719848634,1,45.0754599862181,38.64949563074925,53225.92120805467,28.79714818910106,LOSS,53225.92120805467,0.0
2019-09-20,14.904999732971191,15.345900077819824,1,45.994964618562165,1.904930133698926,53227.82613818837,28.984905408738634,LOSS,53227.82613818837,0.0
2019-09-23,15.059000015258789,15.203099727630615,1,45.771835099876654,31.361863862694037,53259.188002051065,29.166738782980403,LOSS,53259.188002051065,0.0
2019-09-24,14.887999534606934,15.360180015563966,1,45.40314260002266,-1.8149054956805628,53257.373096555384,28.427414155023506,LOSS,53259.188002051065,-0.0034076852535026743
2019-09-25,14.956999778747559,15.185759525299073,1,45.14101486840283,22.265040213251417,53279.63813676863,28.65261014441102,LOSS,53279.63813676863,0.0
2019-09-26,14.937000274658203,15.25613977432251,1,45.21145321672364,13.297503250293019,53292.93564001893,28.52987185717632,LOSS,53292.93564001893,0.0
2019-09-27,14.70300006866455,15.235740280151367,1,45.183201666289975,-8.09081948239163,53284.844820536535,28.558391304077034,LOSS,53292.93564001893,-0.015181786075822183
2019-09-30,14.836999893188477,14.997060070037842,1,44.77346273627294,28.767445051336438,53313.61226558787,28.826594616409032,LOSS,53313.61226558787,0.0
2019-10-01,14.633999824523926,15.133739891052246,1,45.07319070326411,-4.900815949567871,53308.71144963831,28.730009385655087,LOSS,53313.61226558787,-0.009192428990086621
2019-10-02,14.489999771118164,14.926679821014405,1,44.760351124853194,1.092346135229107,53309.803795773536,29.004684201203588,LOSS,53313.61226558787,-0.007143522362287826
2019-10-03,14.541999816894531,14.779799766540528,1,41.386956456028116,17.60696149142848,53327.41075726497,26.327026583677213,LOSS,53327.41075726497,0.0
2019-10-04,14.659000396728516,14.832839813232422,1,40.129229155460564,22.745287505069953,53350.15604477004,25.047768826822995,LOSS,53350.15604477004,0.0
2019-10-07,14.734999656677246,14.952180404663086,1,40.223182777164034,18.505107978580092,53368.66115274862,24.841189286422942,LOSS,53368.66115274862,0.0
2019-10-08,14.395999908447266,15.02969964981079,1,39.17990992604391,-24.190064210308613,53344.47108853831,23.717342834209525,LOSS,53368.66115274862,-0.045326346375958504
2019-10-09,14.437000274658203,14.683919906616211,1,39.232798965258716,14.540835769457935,53359.01192430777,24.59424778098866,LOSS,53368.66115274862,-0.01808032697921274
2019-10-10,14.35200023651123,14.725740280151367,1,38.7063479654033,1.3323436013896455,53360.34426790916,24.00947065597059,LOSS,53368.66115274862,-0.01558383639351957
2019-10-11,14.414999961853027,14.639040241241455,1,38.418038063150455,16.014010124307703,53376.35827803347,23.95377900859743,LOSS,53376.35827803347,0.0
2019-10-14,14.394000053405762,14.703299961090089,1,38.07754858659586,7.147557818163158,53383.50583585163,23.486546674894655,LOSS,53383.50583585163,0.0
2019-10-15,14.418000221252441,14.681880054473877,1,37.696310585681445,11.30832726353784,53394.814163115174,23.187152300052865,LOSS,53394.814163115174,0.0
2019-10-16,14.340999603271484,14.706360225677491,1,37.45908042666896,0.9230181860682976,53395.73718130124,22.911820232839098,LOSS,53395.73718130124,0.0
2019-10-17,14.371999740600586,14.627819595336915,1,37.24865267441335,11.666667200780488,53407.40384850202,22.902250634915134,LOSS,53407.40384850202,0.0
2019-10-18,14.3149995803833,14.659439735412597,1,36.63524166000439,2.1912261570747305,53409.5950746591,22.26352098431934,LOSS,53409.5950746591,0.0
2019-10-21,14.402000427246094,14.601299571990968,1,36.36970993142935,16.439795456941972,53426.03487011604,22.152410240655136,LOSS,53426.03487011604,0.0
2019-10-22,14.302000045776367,14.690040435791015,1,36.366572003112154,-2.4374669983526758,53423.59740311769,21.946494215354832,LOSS,53426.03487011604,-0.004562320606942777
2019-10-23,14.260000228881836,14.588040046691894,1,35.951366106564265,3.147384325558434,53426.74478744325,21.79600867181825,LOSS,53426.74478744325,0.0
2019-10-24,14.460000038146973,14.545200233459473,1,35.724975111843534,27.204955580593456,53453.94974302384,21.683930866498134,LOSS,53453.94974302384,0.0
2019-10-25,14.57699966430664,14.749200038909912,1,36.88820853818944,19.66817107786232,53473.617914101706,22.28972957443977,LOSS,53473.617914101706,0.0
2019-10-28,14.616999626159668,14.868539657592773,1,36.84604723474387,11.692044091433338,53485.30995819314,21.980601735983065,LOSS,53485.30995819314,0.0
2019-10-29,14.664999961853027,14.909339618682862,1,36.727337668929295,12.29337198594579,53497.60333017908,21.78166191662035,LOSS,53497.60333017908,0.0
2019-10-30,15.340999603271484,14.958299961090088,1,36.38185254876633,36.38185254876633,53533.98518272785,21.361216630317003,WIN,53533.98518272785,0.0
2019-10-31,15.324999809265137,15.647819595336914,1,42.39504488179973,10.113066274621985,53544.09824900247,25.10032160657294,LOSS,53544.09824900247,0.0
2019-11-01,15.369000434875488,15.63149980545044,1,42.37800549441818,16.128068436922973,53560.22631743939,25.123780524794455,LOSS,53560.22631743939,0.0
2019-11-04,15.35099983215332,15.676380443572999,1,42.4427154277837,9.904654285815859,53570.1309717252,25.0747488487538,LOSS,53570.1309717252,0.0
2019-11-05,15.5,15.658019828796387,1,42.39973867248623,26.597755792847487,53596.72872751805,25.08055131775773,LOSS,53596.72872751805,0.0
2019-11-06,15.496000289916992,15.81,1,41.53260674528416,10.132635736983332,53606.86136325503,23.989244550084898,LOSS,53606.86136325503,0.0
2019-11-07,15.57800006866455,15.805920295715332,1,41.55389215467964,18.76186944960154,53625.62323270464,24.01656490664008,LOSS,53625.62323270464,0.0
2019-11-08,15.61299991607666,15.889560070037842,1,41.56930466763958,13.913289271521428,53639.53652197616,23.842923992856832,LOSS,53639.53652197616,0.0
2019-11-11,15.592000007629395,15.925259914398193,1,41.67021548811266,8.344224811232792,53647.88074678739,23.84929142808179,LOSS,53647.88074678739,0.0
2019-11-12,15.805999755859375,15.903840007781982,1,41.611471617143756,31.827446424883064,53679.708193212275,23.847003799473008,LOSS,53679.708193212275,0.0
2019-11-13,15.696000099182129,16.122119750976562,1,42.36098268851553,-0.250982490927818,53679.457210721346,23.996310506103477,LOSS,53679.708193212275,-0.0004675556171525026
2019-11-14,15.663999557495117,16.009920101165772,1,42.14218635032642,7.550131983260947,53687.00734270461,24.060371727196987,LOSS,53687.00734270461,0.0
2019-11-15,15.640000343322754,15.97727954864502,1,42.13639290416534,8.4084723719387,53695.41581507654,24.128039723586774,LOSS,53695.41581507654,0.0
2019-11-18,15.52299976348877,15.952800350189209,1,41.99646969089922,-0.9835889791447343,53694.4322260974,24.06429389245256,LOSS,53695.41581507654,-0.0018317932065753362
2019-11-19,15.74899959564209,15.833459758758545,1,41.96144232019888,33.515426008553334,53727.947652105955,24.302179836703537,LOSS,53727.947652105955,0.0
2019-11-20,15.402000427246094,16.063979587554932,1,42.522202172937845,-23.67571385794603,53704.271938248006,24.26004833355352,LOSS,53727.947652105955,-0.04406591893524656
2019-11-21,14.949999809265137,15.710040435791015,1,42.8559845176561,-33.14807813493174,53671.123860113075,25.351431857298834,LOSS,53727.947652105955,-0.10576207444367625
2019-11-22,15.15999984741211,15.24899980545044,1,43.146808543169534,34.24681273933646,53705.37067285241,26.721659708004047,LOSS,53727.947652105955,-0.04202092251826041
2019-11-25,15.276000022888184,15.463199844360352,1,43.928387592216005,25.208405444999187,53730.579078297415,26.87480556840042,LOSS,53730.579078297415,0.0
2019-11-26,15.239999771118164,15.581520023345947,1,44.31201852808121,10.15999330530294,53740.739071602715,26.91594229028683,LOSS,53740.739071602715,0.0
2019-11-27,15.26200008392334,15.544799766540528,1,44.23845551600433,15.958487254285494,53756.697558857,26.942734080549833,LOSS,53756.697558857,0.0
2019-11-29,15.032999992370605,15.567240085601806,1,40.51214730257702,-12.911862020543083,53743.78569683646,23.6575000758438,LOSS,53756.697558857,-0.024019075960542327
2019-12-02,15.008000373840332,15.333659992218017,1,40.34839143338724,7.782429595618744,53751.568126432074,24.04831060664583,LOSS,53756.697558857,-0.009541941112190986
2019-12-03,14.998000144958496,15.308160381317139,1,40.2507724369547,9.234748801090433,53760.80287523317,24.021408562376813,LOSS,53760.80287523317,0.0
2019-12-04,15.15999984741211,15.297960147857665,1,40.22436157503028,26.428331530474672,53787.23120676364,24.021769575468227,LOSS,53787.23120676364,0.0
2019-12-05,14.986000061035156,15.463199844360352,1,40.71096081302399,-7.009017519495565,53780.222189244145,24.067249102377524,LOSS,53787.23120676364,-0.013031006360132926
2019-12-06,15.15999984741211,15.28572006225586,1,40.45264953390633,27.880628049531225,53808.10281729368,24.25169885534413,LOSS,53808.10281729368,0.0
2019-12-09,15.229999542236328,15.463199844360352,1,41.17624696234836,17.856216749945993,53825.959034043626,24.473262114246154,LOSS,53825.959034043626,0.0
2019-12-10,15.270000457763672,15.534599533081055,1,41.410835693419855,14.950928161681553,53840.90996220531,24.51188154504756,LOSS,53840.90996220531,0.0
2019-12-11,15.04699993133545,15.575400466918946,1,41.546953681524094,-11.293099876825615,53829.61686232848,24.535579187443783,LOSS,53840.90996220531,-0.02097494244572635
2019-12-12,14.6850004196167,15.347939929962159,1,40.80007020093204,-25.493880833613943,53804.12298149487,24.412374480980667,LOSS,53840.90996220531,-0.06832533242151145
2019-12-13,14.53499984741211,14.978700428009034,1,40.63517234511303,-3.7348857145794696,53800.38809578029,25.148056325975283,LOSS,53840.90996220531,-0.07526222430762348
2019-12-16,14.652999877929688,14.825699844360352,1,40.29840276773173,23.02840612466523,53823.416501904954,25.219319732774466,LOSS,53840.90996220531,-0.03249101902742089
2019-12-17,14.734999656677246,14.946059875488281,1,40.85579834494375,19.749776463840263,53843.16627836879,25.427180445701172,LOSS,53843.16627836879,0.0
2019-12-18,14.581999778747559,15.02969964981079,1,41.17220719953718,-3.5977799067860445,53839.56849846201,25.50598322993109,LOSS,53843.16627836879,-0.00668196199343781
2019-12-19,14.595000267028809,14.87363977432251,1,40.281704477059286,12.417753747689062,53851.986252209696,25.08595625197995,LOSS,53851.986252209696,0.0
2019-12-20,14.520000457763672,14.886900272369385,1,39.686130978941435,2.99614951837016,53854.98240172806,24.51358354833031,LOSS,53854.98240172806,0.0
2019-12-23,14.432999610900879,14.810400466918946,1,37.96101095664876,0.22092535484207332,53855.203327082905,23.12767674525007,LOSS,53855.203327082905,0.0
2019-12-24,14.4399995803833,14.721659603118896,1,37.18722981008372,9.0212275365242,53864.22455461943,22.626933877968742,LOSS,53864.22455461943,0.0
2019-12-26,14.505000114440918,14.728799571990967,1,36.97567578637829,14.595730031373385,53878.82028465081,22.4166023783217,LOSS,53878.82028465081,0.0
2019-12-27,14.47599983215332,14.795100116729737,1,37.26455547059448,5.354527012952843,53884.17481166376,22.528266177424292,LOSS,53884.17481166376,0.0
2019-12-30,14.20199966430664,14.765519828796387,1,37.15290203121651,-19.19911441775816,53864.975697246,22.49431764325214,LOSS,53884.17481166376,-0.035630339491815474
2019-12-31,14.262999534606934,14.486039657592773,1,36.71135634056923,14.40734404198529,53879.38304128799,22.73806549267274,LOSS,53884.17481166376,-0.008892722942345324
2020-01-02,14.430999755859375,14.548259525299073,1,36.97736629125531,25.251389347285468,53904.63443063528,22.8385391003311,LOSS,53904.63443063528,0.0
2020-01-03,14.357000350952148,14.719619750976562,1,37.846472973799095,1.5845329713576888,53906.21896360663,23.235979087960473,LOSS,53906.21896360663,0.0
2020-01-06,14.425000190734863,14.644140357971192,1,37.289470414387985,15.375453690755073,53921.59441729739,22.901567068393035,LOSS,53921.59441729739,0.0
2020-01-07,14.38700008392334,14.71350019454956,1,37.38364616414043,4.733635101518388,53926.32805239891,22.825963334185474,LOSS,53926.32805239891,0.0
2020-01-08,14.371000289916992,14.674740085601806,1,36.833126909398466,6.459147340917042,53932.787199739825,22.41031661156485,LOSS,53932.787199739825,0.0
2020-01-09,14.350000381469727,14.658420295715333,1,36.66676444322142,5.824773018660807,53938.61197275849,22.294883431373005,LOSS,53938.61197275849,0.0
2020-01-10,14.23900032043457,14.637000389099121,1,36.541451763337236,-3.258555103117871,53935.35341765537,22.228755649282512,LOSS,53938.61197275849,-0.006041229063812275
2020-01-13,14.458999633789062,14.523780326843262,1,35.972791608718836,29.49472230329887,53964.848139958674,21.963042553235255,LOSS,53964.848139958674,0.0
2020-01-14,14.47700023651123,14.748179626464845,1,35.979840867217035,8.8619018718556,53973.71004183053,21.460985249322746,LOSS,53973.71004183053,0.0
2020-01-15,14.626999855041504,14.766540241241456,1,35.76048350591945,21.80644488592423,53995.51648671645,21.219610801210287,LOSS,53995.51648671645,0.0
2020-01-16,14.67199993133545,14.919539852142334,1,36.253589892040765,11.499597811352295,54007.0160845278,21.330476203035776,LOSS,54007.0160845278,0.0
2020-01-17,14.673999786376953,14.965439929962159,1,36.29956876236038,7.155554403839815,54014.17163893164,21.271369145882474,LOSS,54014.17163893164,0.0
2020-01-21,14.595000267028809,14.967479782104492,1,35.97580427041472,-1.2721472371536464,54012.89949169449,20.975031764889266,LOSS,54014.17163893164,-0.0023552101208915988
2020-01-22,14.592000007629395,14.886900272369385,1,35.874856266610394,6.384829792611384,54019.284321487095,21.059083759879826,LOSS,54019.284321487095,0.0
2020-01-23,14.574000358581543,14.883840007781982,1,35.78287618274267,4.798911262698731,54024.08323274979,20.98238255980845,LOSS,54024.08323274979,0.0
2020-01-24,14.315999984741211,14.865480365753173,1,35.62129686307132,-19.326741238124917,54004.75649151167,20.87578267584629,LOSS,54024.08323274979,-0.0357743067195792
2020-01-27,14.253000259399414,14.602319984436036,1,35.88974411521625,0.9577716115540298,54005.71426312322,21.706547258107395,LOSS,54024.08323274979,-0.03400144625765074
2020-01-28,14.399999618530273,14.538060264587402,1,35.699961475261375,21.893896869548477,54027.60815999277,21.676991260052873,LOSS,54027.60815999277,0.0
2020-01-29,15.260000228881836,14.68799961090088,1,36.37398629064917,36.37398629064917,54063.98214628342,21.957946773565045,WIN,54063.98214628342,0.0
2020-01-30,15.270000457763672,15.565200233459473,1,44.44527710488063,14.925299535300518,54078.907445818724,27.071696721313337,LOSS,54078.907445818724,0.0
2020-01-31,15.20300006866455,15.575400466918946,1,44.48754946787229,7.247509642432739,54086.154955461156,27.083085711284834,LOSS,54086.154955461156,0.0
2020-02-03,14.947999954223633,15.507060070037841,1,44.26296651438862,-11.643045067032233,54074.511910394125,27.057517198545845,LOSS,54086.154955461156,-0.02152684929556978
2020-02-04,15.180999755859375,15.246959953308107,1,43.996223155461664,37.4002034105885,54111.91211380471,27.478486839823194,LOSS,54111.91211380471,0.0
2020-02-05,15.284000396728516,15.484619750976563,1,44.936422238243004,24.87448681343826,54136.78660061815,27.70018399869479,LOSS,54136.78660061815,0.0
2020-02-06,15.223999977111816,15.589680404663087,1,45.21753292929434,8.649490174167326,54145.43609079232,27.679605420309493,LOSS,54145.43609079232,0.0
2020-02-07,15.265999794006348,15.528479976654053,1,45.08732483036967,18.839306565599166,54164.27539735792,27.720708434837967,LOSS,54164.27539735792,0.0
2020-02-10,15.145000457763672,15.571319789886475,1,45.180413353705795,2.5484801414254576,54166.823877499344,27.693587203117588,LOSS,54166.823877499344,0.0
2020-02-11,15.210000038146973,15.447900466918945,1,44.82861251632693,21.03856963912969,54187.862447138476,27.69909195815049,LOSS,54187.862447138476,0.0
2020-02-12,14.984000205993652,15.514200038909912,1,44.78655836281257,-8.233424928813434,54179.629022209665,27.495180909504192,LOSS,54187.862447138476,-0.015194223497637431
2020-02-13,14.807000160217285,15.283680210113525,1,44.552751197674354,-3.115253791949648,54176.51376841772,27.876275688165933,LOSS,54187.862447138476,-0.020943211649710986
2020-02-14,14.883999824523926,15.103140163421632,1,44.154735889129846,22.240701999359267,54198.75447041708,27.990872485461736,LOSS,54198.75447041708,0.0
2020-02-18,14.79699993133545,15.181679821014404,1,44.40476351172503,5.936774543829557,54204.69124496091,28.00901559929295,LOSS,54204.69124496091,0.0
2020-02-19,14.960000038146973,15.092939929962158,1,44.20557060800094,30.91158142648238,54235.60282638739,28.062979872799446,LOSS,54235.60282638739,0.0
2020-02-20,14.979999542236328,15.259200038909912,1,44.77997468013667,16.85992501277832,54252.46275140017,28.140306547543766,LOSS,54252.46275140017,0.0
2020-02-21,14.994999885559082,15.279599533081054,1,44.83615516882054,16.37619041662333,54268.83894181679,28.137052959445317,LOSS,54268.83894181679,0.0
2020-02-24,14.588000297546387,15.294899883270263,1,44.8707415134426,-25.819217058945036,54243.01972475785,28.12795674386251,LOSS,54268.83894181679,-0.04757650534338484
2020-02-25,14.005000114440918,14.879760303497315,1,44.26406321704784,-43.21195568859189,54199.80776906925,28.682225339060423,LOSS,54268.83894181679,-0.12720222892837674
2020-02-26,14.01200008392334,14.285100116729737,1,44.40992150881691,17.099918228177202,54216.907687297426,30.490936405992414,LOSS,54268.83894181679,-0.09569258442224084
2020-02-27,13.621999740600586,14.292240085601806,1,44.290209519996026,-22.733824980125988,54194.1738623173,30.356959913552274,LOSS,54268.83894181679,-0.1375837054106568
2020-02-28,13.515999794006348,13.894439735412599,1,38.69407838957854,0.8500842489534506,54195.02394656625,26.119535259327698,LOSS,54268.83894181679,-0.1360172737981002
2020-03-02,13.67199993133545,13.786319789886475,1,38.33590925161366,26.90392339651107,54221.92786996276,26.063677962576683,LOSS,54268.83894181679,-0.08644200386215573
2020-03-03,13.439000129699707,13.94543992996216,1,39.222100760600505,-11.421879265644712,54210.505990697115,26.49301535308917,LOSS,54268.83894181679,-0.10748885042891625
2020-03-04,13.616999626159668,13.707780132293701,1,38.56290429123895,29.484853677835652,54239.99084437495,26.502102040159077,LOSS,54268.83894181679,-0.05315775683495009
2020-03-05,13.687999725341797,13.889339618682861,1,38.93607861346921,18.802089279362797,54258.79293365432,26.368433818733962,LOSS,54268.83894181679,-0.018511559042653475
2020-03-06,13.628000259399414,13.961759719848633,1,39.085112130171005,5.709166085249116,54264.50209973956,26.316262728220952,LOSS,54268.83894181679,-0.007991403836520111
2020-03-09,12.942999839782715,13.900560264587403,1,38.91204958426422,-56.84399289620462,54207.65810684336,26.314575326456264,LOSS,54268.83894181679,-0.11273658358349704
2020-03-10,12.998000144958496,13.20185983657837,1,39.29421749638199,18.908248334394607,54226.566355177754,28.70424565673075,LOSS,54268.83894181679,-0.07789476882739446
2020-03-11,12.414999961853027,13.257960147857666,1,39.63183520679052,-44.664183393673376,54181.90217178408,28.87791495092862,LOSS,54268.83894181679,-0.16019648057317093
2020-03-12,10.852999687194824,12.663299961090088,1,39.07380252867213,-141.95622486085423,54039.945946923224,30.177430339278636,LOSS,54268.83894181679,-0.4217761045873344
2020-03-13,11.133000373840332,11.070059680938721,1,42.69431945970328,42.69431945970328,54082.64026638293,40.5827314950907,WIN,54268.83894181679,-0.3431042179352575
2020-03-16,10.666000366210938,11.355660381317138,1,44.66147819012337,-24.304523320496692,54058.33574306243,41.61136343105191,LOSS,54268.83894181679,-0.3878896303273581
2020-03-17,10.935999870300293,10.879320373535156,1,42.958069828416036,42.958069828416036,54101.29381289085,41.82223828022713,WIN,54268.83894181679,-0.3087317366519921
2020-03-18,9.220000267028809,11.1547198677063,1,44.82483839445481,-148.6471216732943,53952.64669121755,42.76495230491487,LOSS,54268.83894181679,-0.5826405295647463
2020-03-19,10.538000106811523,9.404400272369385,1,44.29606528566307,44.29606528566307,53996.94275650322,52.098001753950136,WIN,54268.83894181679,-0.5010171409878232
2020-03-20,10.074000358581543,10.748760108947755,1,58.7317783880666,-8.744196648554578,53988.19855985466,62.27074561794417,LOSS,54268.83894181679,-0.5171298804881682
2020-03-23,10.246999740600586,10.275480365753173,1,56.25822214295497,53.41015962769622,54041.608719482356,62.41843472277474,LOSS,54268.83894181679,-0.41871215003891615
2020-03-24,10.689000129699707,10.451939735412598,1,57.50804560278917,57.50804560278917,54099.11676508514,62.78469968432773,WIN,54268.83894181679,-0.312743334924883
2020-03-25,10.413000106811523,10.902780132293701,1,60.69273099464554,11.714728446427756,54110.83149353157,63.65609464159066,LOSS,54268.83894181679,-0.2911568615916509
2020-03-26,11.053999900817871,10.621260108947753,1,59.13145190680636,59.13145190680636,54169.962945438376,63.663544607027646,WIN,54268.83894181679,-0.1821966312646298
2020-03-27,10.630999565124512,11.275079898834228,1,64.14927855491656,-0.2587548160550881,54169.704190622324,65.31245222468968,LOSS,54268.83894181679,-0.18267343309252448
2020-03-30,11.02400016784668,10.843619556427003,1,61.91715040212414,61.91715040212414,54231.621341024445,65.58951377063333,WIN,54268.83894181679,-0.06858005720787609
2020-03-31,11.8100004196167,11.244480171203614,1,64.66980865376865,64.66980865376865,54296.29114967821,66.14600123392319,WIN,54296.29114967821,0.0
2020-04-01,11.33899974822998,12.046200428009033,1,70.96781003141919,0.24774205351390322,54296.538891731725,68.0357848413723,LOSS,54296.538891731725,0.0
2020-04-02,11.449000358581543,11.56577974319458,1,68.35677932533915,56.67884086403539,54353.21773259576,68.29160168600991,LOSS,54353.21773259576,0.0
2020-04-03,11.222999572753906,11.677980365753173,1,69.05438383863317,23.556304538706463,54376.77403713447,68.3314295278609,LOSS,54376.77403713447,0.0
2020-04-06,11.602999687194824,11.447459564208984,1,67.73155363980042,67.73155363980042,54444.50559077427,68.37891817550951,WIN,54444.50559077427,0.0
2020-04-07,11.770999908447266,11.835059680938722,1,69.89470211854088,63.48872486939528,54507.994315643664,68.23050065819099,LOSS,54507.994315643664,0.0
2020-04-08,12.300000190734863,12.00641990661621,1,70.976805029101,70.976805029101,54578.971120672766,68.30927663597433,WIN,54578.971120672766,0.0
2020-04-09,12.541999816894531,12.546000194549562,1,74.19516925358556,73.79513148808252,54652.76625216085,68.34003293947526,LOSS,54652.76625216085,0.0
2020-04-13,12.208999633789062,12.792839813232423,1,70.36697463284747,11.982956688511464,54664.74920884936,62.762514838853136,LOSS,54664.74920884936,0.0
2020-04-14,12.649999618530273,12.453179626464843,1,68.76884127727307,68.76884127727307,54733.51805012663,63.05524691360492,WIN,54733.51805012663,0.0
2020-04-15,12.260000228881836,12.90299961090088,1,70.6691272516273,6.369189049722948,54739.88723917635,62.444835393735474,LOSS,54739.88723917635,0.0
2020-04-16,12.413000106811523,12.505200233459473,1,68.91211866762433,59.69210600282942,54799.57934517918,62.899878777320836,LOSS,54799.57934517918,0.0
2020-04-17,12.652999877929688,12.661260108947754,1,59.320961187468654,58.49493808566197,54858.07428326485,51.761897783112424,LOSS,54858.07428326485,0.0
2020-04-20,12.692000389099121,12.906059875488282,1,52.21968885270363,30.813740213787554,54888.888023478634,43.13835805758791,LOSS,54888.888023478634,0.0
2020-04-21,12.270999908447266,12.945840396881104,1,50.650990661498454,-16.83305818188542,54872.054965296746,41.335553719259714,LOSS,54888.888023478634,-0.030667515389795976
2020-04-22,12.50100040435791,12.51641990661621,1,50.056575005957015,48.51462478012698,54920.56959007687,42.50599839514632,LOSS,54920.56959007687,0.0
2020-04-23,12.597999572753906,12.751020412445069,1,50.37814795764548,35.07606398852923,54955.645654065396,41.85344069169197,LOSS,54955.645654065396,0.0
2020-04-24,12.555000305175781,12.849959564208985,1,50.03717653364792,20.541250630327504,54976.18690469572,41.08492612795524,LOSS,54976.18690469572,0.0
2020-04-27,12.92300033569336,12.806100311279296,1,48.193777356167864,48.193777356167864,55024.38068205189,39.322553207899276,WIN,55024.38068205189,0.0
2020-04-28,12.885000228881836,13.181460342407227,1,48.40642500519029,18.760413652651145,55043.14109570454,38.09420053734432,LOSS,55043.14109570454,0.0
2020-04-29,12.748000144958496,13.142700233459474,1,47.824314890509484,8.354306040411736,55051.49540174495,37.64269704639786,LOSS,55051.49540174495,0.0
2020-04-30,12.633000373840332,13.002960147857666,1,44.31511825914802,7.3191408574146735,55058.81454260236,34.52883019846186,LOSS,55058.81454260236,0.0
2020-05-01,12.258999824523926,12.88566038131714,1,42.38443976337327,-20.28161591594808,55038.532926686414,32.925722761369485,LOSS,55058.81454260236,-0.03683627423589955
2020-05-04,11.854999542236328,12.504179821014404,1,42.08764940238909,-22.83037847541847,55015.702548211,33.95950915051654,LOSS,55058.81454260236,-0.07830171199564616
2020-05-05,12.081000328063965,12.092099533081054,1,41.30526686548035,40.19534636377142,55055.897894574766,34.63420691594227,LOSS,55058.81454260236,-0.005297331683993033
2020-05-06,12.199999809265137,12.322620334625244,1,41.54119173997414,29.279139203963446,55085.17703377873,34.03030227079588,LOSS,55085.17703377873,0.0
2020-05-07,12.347999572753906,12.44399980545044,1,41.875937973956205,32.27591470430279,55117.452948483035,33.94958505689393,LOSS,55117.452948483035,0.0
2020-05-08,12.467000007629395,12.594959564208985,1,40.85523233484011,28.059276676881098,55145.51222515992,32.31183749423278,LOSS,55145.51222515992,0.0
2020-05-11,12.381999969482422,12.716340007781982,1,40.98437010405941,7.550366274103403,55153.06259143402,32.03107711539621,LOSS,55153.06259143402,0.0
2020-05-12,12.01099967956543,12.62963996887207,1,40.07779852867013,-21.786230401993876,55131.276361032025,31.361049424952313,LOSS,55153.06259143402,-0.03950139734466573
2020-05-13,11.494999885559082,12.251219673156738,1,38.404348578425186,-37.21763018134044,55094.05873085069,30.840529647118235,LOSS,55153.06259143402,-0.10698202023779634
2020-05-14,11.321000099182129,11.724899883270265,1,37.489329135989735,-2.9006492728238413,55091.158081577865,31.68622012117585,LOSS,55153.06259143402,-0.11224129168444254
2020-05-15,11.557999610900879,11.547420101165772,1,36.810297164797845,36.810297164797845,55127.96837874266,31.555865182441885,WIN,55153.06259143402,-0.04549921892325755
2020-05-18,12.012999534606934,11.789159603118897,1,37.64927584494806,37.64927584494806,55165.61765458761,31.634122241831673,WIN,55165.61765458761,0.0
2020-05-19,11.906000137329102,12.253259525299072,1,40.67025013325127,5.944311336254259,55171.561965923866,33.32870672620325,LOSS,55171.561965923866,0.0
2020-05-20,12.12399959564209,12.144120140075684,1,39.533099645868155,37.52104520250879,55209.08301112637,32.46771325087787,LOSS,55209.08301112637,0.0
2020-05-21,12.071999549865723,12.366479587554933,1,40.24200613746547,10.794002368544461,55219.877013494915,32.45140475847812,LOSS,55219.877013494915,0.0
2020-05-22,12.237000465393066,12.313439540863037,1,39.99956821152219,32.355660664525146,55252.23267415944,32.37487339686914,LOSS,55252.23267415944,0.0
2020-05-26,12.470999717712402,12.481740474700928,1,40.74415079716187,39.67007509830933,55291.902749257744,32.58877531381963,LOSS,55291.902749257744,0.0
2020-05-27,12.592000007629395,12.72041971206665,1,41.05456193433,28.21259149060439,55320.11534074835,32.09158620841836,LOSS,55320.11534074835,0.0
2020-05-28,12.534000396728516,12.843840007781983,1,41.56045419656049,10.576493091213734,55330.69183383956,32.204584297377636,LOSS,55330.69183383956,0.0
2020-05-29,12.447999954223633,12.784680404663087,1,41.29352399130669,7.625478947361287,55338.31731278692,32.124899439377785,LOSS,55338.31731278692,0.0
2020-06-01,12.260000228881836,12.696959953308106,1,40.98116284991902,-2.7148095927079723,55335.60250319421,32.094047677372686,LOSS,55338.31731278692,-0.004905840518002314
2020-06-02,12.109000205993652,12.505200233459473,1,39.77247302221707,0.15247027563505355,55335.75497346985,31.457687002857334,LOSS,55338.31731278692,-0.004630316644057606
2020-06-03,12.963000297546387,12.351180210113526,1,38.365520127075854,38.365520127075854,55374.12049359692,30.455784209162125,WIN,55374.12049359692,0.0
2020-06-04,12.529999732971191,13.222260303497315,1,45.10645711197968,-24.119599940632654,55350.00089365629,34.5736777025208,LOSS,55374.12049359692,-0.043557531434603385
2020-06-05,12.520999908447266,12.780599727630616,1,44.5807783511207,18.62079643278568,55368.62169008907,35.60938843939443,LOSS,55374.12049359692,-0.009930276921482408
2020-06-08,12.63599967956543,12.771419906616211,1,44.462944834979716,30.920922129901555,55399.542612218975,35.51872498978564,LOSS,55399.542612218975,0.0
2020-06-09,12.567999839782715,12.88871967315674,1,44.865437770256236,12.793454432853792,55412.33606665183,35.512569911002416,LOSS,55412.33606665183,0.0
2020-06-10,12.392000198364258,12.81935983657837,1,44.6082779668817,1.8723141454705186,55414.208380797296,35.49602421421265,LOSS,55414.208380797296,0.0
2020-06-11,11.734000205993652,12.639840202331543,1,43.40804971986536,-47.1759499139237,55367.03243088337,34.88161802988235,LOSS,55414.208380797296,-0.08513331019679499
2020-06-12,11.802000045776367,11.968680210113526,1,41.83242639773462,25.164409964018773,55392.19684084739,35.703810838490206,LOSS,55414.208380797296,-0.03972183415243411
2020-06-15,12.267000198364258,12.038040046691895,1,41.87809227104346,41.87809227104346,55434.074933118434,35.483266884796066,WIN,55434.074933118434,0.0
2020-06-16,12.196000099182129,12.512340202331544,1,44.27056450397934,12.636554189037874,55446.711487307475,36.283948609388645,LOSS,55446.711487307475,0.0
2020-06-17,12.17300033569336,12.439920101165772,1,43.04352546271386,16.351548915472634,55463.06303622295,35.23093515095023,LOSS,55463.06303622295,0.0
2020-06-18,11.946000099182129,12.416460342407227,1,42.89197576029659,-4.154048562213205,55458.90898766074,35.154455168533275,LOSS,55463.06303622295,-0.007489756848620001
2020-06-19,11.819000244140625,12.18492010116577,1,42.128207169505,5.536221466990419,55464.44520912773,35.19440319025459,LOSS,55464.44520912773,0.0
2020-06-22,11.871000289916992,12.055380249023438,1,41.74410489410224,23.306108983457676,55487.751318111186,35.26577903394245,LOSS,55487.751318111186,0.0
2020-06-23,11.753999710083008,12.108420295715332,1,41.79092790824065,6.348869345008232,55494.10018745619,35.11328951908204,LOSS,55494.10018745619,0.0
2020-06-24,11.437999725341797,11.989079704284668,1,41.09780936872235,-14.010188525564779,55480.08999893063,34.796777216545124,LOSS,55494.10018745619,-0.025246266681032317
2020-06-25,11.779000282287598,11.666759719848633,1,40.256429967145166,40.256429967145166,55520.34642889777,35.101546568458694,WIN,55520.34642889777,0.0
2020-06-26,11.600000381469727,12.01458028793335,1,42.25941152271947,0.8014208763570707,55521.14784977413,36.003175726072016,LOSS,55521.14784977413,0.0
2020-06-29,11.850000381469727,11.832000389099122,1,41.70984007488154,41.70984007488154,55562.85768984901,36.10880604167734,WIN,55562.85768984901,0.0
2020-06-30,11.829000473022461,12.08700038909912,1,42.89022427097618,17.090232663310204,55579.947922512314,36.42301998800173,LOSS,55579.947922512314,0.0
2020-07-01,11.779999732971191,12.065580482482911,1,42.727175910861135,14.16910095968916,55594.117023472005,36.325679536130366,LOSS,55594.117023472005,0.0
2020-07-02,11.734999656677246,12.015599727630615,1,38.38264978157834,10.322642686241423,55604.43966615824,31.645605855270393,LOSS,55604.43966615824,0.0
2020-07-06,11.975000381469727,11.96969964981079,1,37.441636314913445,37.441636314913445,55641.88130247316,30.75009714361596,WIN,55641.88130247316,0.0
2020-07-07,11.809000015258789,12.214500389099122,1,38.70000919019898,-1.850028193834305,55640.031274279325,31.294301833602862,LOSS,55641.88130247316,-0.003324884332676273
2020-07-08,11.821999549865723,12.045180015563965,1,38.15252761902004,15.834481049195851,55655.86575532852,31.281965184730424,LOSS,55655.86575532852,0.0
2020-07-09,11.737000465393066,12.058439540863038,1,38.204852436796024,6.060944889798883,55661.92670021832,31.293519824738624,LOSS,55661.92670021832,0.0
2020-07-10,11.765999794006348,11.971740474700928,1,37.83247653298179,17.258408463523757,55679.18510868184,31.183417458919642,LOSS,55679.18510868184,0.0
2020-07-13,11.579000473022461,12.001319789886475,1,35.222427652757396,-7.009504033644006,55672.1756046482,28.143789699435626,LOSS,55679.18510868184,-0.012589092351052624
2020-07-14,11.666000366210938,11.81058048248291,1,34.88894280747207,20.430931180274783,55692.60653582847,28.402346291549854,LOSS,55692.60653582847,0.0
2020-07-15,12.045000076293945,11.899320373535156,1,33.25461958367808,33.25461958367808,55725.861155412145,26.25183482375981,WIN,55725.861155412145,0.0
2020-07-16,11.845999717712402,12.285900077819825,1,35.75691965504264,-8.233116355699636,55717.62803905644,27.813519042833406,LOSS,55725.861155412145,-0.014774318754342297
2020-07-17,11.833999633789062,12.082919712066651,1,35.44554275285497,10.55353492509608,55728.181573981536,28.12550792789915,LOSS,55728.181573981536,0.0
2020-07-20,12.050999641418457,12.070679626464845,1,35.04367217296853,33.07567366832977,55761.25724764987,27.716411371918266,LOSS,55761.25724764987,0.0
2020-07-21,12.104000091552734,12.292019634246826,1,35.923191414025105,17.12123714461599,55778.378484794484,27.97648971457293,LOSS,55778.378484794484,0.0
2020-07-22,12.121000289916992,12.346080093383788,1,36.08116905600545,13.573188709325827,55791.95167350381,27.97647549337418,LOSS,55791.95167350381,0.0
2020-07-23,11.97599983215332,12.363420295715333,1,35.983122717577956,-2.758923638623287,55789.192749865186,27.81416077316097,LOSS,55791.95167350381,-0.004945020842382229
2020-07-24,11.694999694824219,12.215519828796387,1,34.7766357423544,-17.27537765486239,55771.91737221032,26.95695369767825,LOSS,55791.95167350381,-0.035908945094323505
2020-07-27,11.765999794006348,11.928899688720703,1,33.68286650897907,17.392877037543528,55789.310249247865,26.642739369901264,LOSS,55791.95167350381,-0.004734418095651744
2020-07-28,11.781000137329102,12.001319789886475,1,33.623338493065674,11.591373237328334,55800.901622485195,26.34590073341732,LOSS,55800.901622485195,0.0
2020-07-29,12.27400016784668,12.016620140075684,1,33.06165708415356,33.06165708415356,55833.96327956935,25.667061015790807,WIN,55833.96327956935,0.0
2020-07-30,12.21500015258789,12.519480171203613,1,36.61654781286922,6.168545951297006,55840.13182552064,28.007322337353862,LOSS,55840.13182552064,0.0
2020-07-31,12.392000198364258,12.45930015563965,1,36.450592049077656,29.720596321538494,55869.85242184218,28.018213658991385,LOSS,55869.85242184218,0.0
2020-08-03,12.366000175476074,12.639840202331543,1,37.106383425379455,9.722380739832573,55879.574802582014,28.154438561821806,LOSS,55879.574802582014,0.0
2020-08-04,12.331999778747559,12.613320178985596,1,36.657160200139025,8.525120176335285,55888.09992275835,27.757159492934527,LOSS,55888.09992275835,0.0
2020-08-05,12.395000457763672,12.57863977432251,1,36.27536789428811,17.911436238404384,55906.01135899676,27.455722328696034,LOSS,55906.01135899676,0.0
2020-08-06,12.335000038146973,12.642900466918945,1,36.46788105834779,5.677838181150527,55911.68919717791,27.463398772595454,LOSS,55911.68919717791,0.0
2020-08-07,12.33899974822998,12.581700038909913,1,36.241363217127414,11.971334149134144,55923.66053132705,27.409788855283814,LOSS,55923.66053132705,0.0
2020-08-10,12.362000465393066,12.58577974319458,1,36.25927328481301,13.881345504661638,55937.54187683171,27.416391496291467,LOSS,55937.54187683171,0.0
2020-08-11,13.48900032043457,12.609240474700927,1,35.87705144441984,35.87705144441984,55973.41892827613,26.935041622682014,WIN,55973.41892827613,0.0
2020-08-12,13.704000473022461,13.758780326843262,1,47.00591482845372,41.527929446373655,56014.946857722505,34.641514923614416,LOSS,56014.946857722505,0.0
2020-08-13,13.699999809265137,13.97808048248291,1,47.255246754239025,19.447179432461617,56034.39403715497,34.158958992092444,LOSS,56034.39403715497,0.0
2020-08-14,14.663000106811523,13.97399980545044,1,46.78382276356573,46.78382276356573,56081.177859918535,33.71707161073768,WIN,56081.177859918535,0.0
2020-08-17,14.383999824523926,14.956260108947754,1,53.35584953803089,-3.8701789043519597,56077.30768101418,36.679398790020656,LOSS,56081.177859918535,-0.006901029992669438
2020-08-18,14.314000129699707,14.671679821014404,1,52.98587784919857,17.21790871772886,56094.52558973191,37.272832237528235,LOSS,56094.52558973191,0.0
2020-08-19,14.166999816894531,14.600280132293701,1,52.86566707642185,9.537635536504872,56104.063225268415,37.40004128029486,LOSS,56104.063225268415,0.0
2020-08-20,14.413999557495117,14.450339813232421,1,52.56075903841189,48.92673346468146,56152.989958733095,37.622284635448636,LOSS,56152.989958733095,0.0
2020-08-21,14.508000373840332,14.70227954864502,1,53.18437654878413,33.75645906831534,56186.74641780141,37.35358661945273,LOSS,56186.74641780141,0.0
2020-08-24,14.857999801635742,14.798160381317139,1,52.591751246560726,52.591751246560726,56239.33816904797,36.49695725960076,WIN,56239.33816904797,0.0
2020-08-25,14.696000099182129,15.155159797668457,1,53.96901773009988,8.05304788146708,56247.39121692944,36.59357092576661,LOSS,56247.39121692944,0.0
2020-08-26,14.605999946594238,14.989920101165772,1,53.722610750834136,15.33059529368073,56262.72181222312,36.90145084844596,LOSS,56262.72181222312,0.0
2020-08-27,14.652000427246094,14.898119945526123,1,52.776483423567264,28.164531595564377,56290.88634381868,36.34251794571492,LOSS,56290.88634381868,0.0
2020-08-28,14.689000129699707,14.945040435791016,1,52.804123721524455,27.20009311239353,56318.08643693107,36.21740345093464,LOSS,56318.08643693107,0.0
2020-08-31,14.444000244140625,14.982780132293701,1,52.951067455503996,-0.9269213598036359,56317.15951557127,36.22965242331384,LOSS,56318.08643693107,-0.0016458679945381537
2020-09-01,14.881999969482422,14.732880249023438,1,52.508499801052054,52.508499801052054,56369.66801537232,36.63319231807506,WIN,56369.66801537232,0.0
2020-09-02,15.0,15.17963996887207,1,54.37441854722789,36.410421660020845,56406.078437032345,36.87644383556764,LOSS,56406.078437032345,0.0
2020-09-03,14.428000450134277,15.3,1,54.789360170357895,-32.41059481621444,56373.66784221613,36.86216072372552,LOSS,56406.078437032345,-0.057459401033168114
2020-09-04,14.218999862670898,14.716560459136963,1,54.32876396579084,4.572704319184432,56378.240546535315,38.35548730746544,LOSS,56406.078437032345,-0.04935264295692291
2020-09-08,13.881999969482422,14.503379859924317,1,53.87796070552078,-8.260028338668768,56369.980518196644,38.668264563896415,LOSS,56406.078437032345,-0.06399650505042381
2020-09-09,14.114999771118164,14.15963996887207,1,53.26135774749363,48.79733797210295,56418.777856168745,39.297532055502884,LOSS,56418.777856168745,0.0
2020-09-10,13.972000122070312,14.397299766540527,1,48.070435978194666,5.540471531173182,56424.31832769992,33.59470831162899,LOSS,56424.31832769992,0.0
2020-09-11,14.11299991607666,14.251440124511719,1,47.53286403753626,33.68884319403039,56458.00717089395,33.54682994948422,LOSS,56458.00717089395,0.0
2020-09-14,14.26200008392334,14.395259914398194,1,48.08009588920902,34.75411284172362,56492.76128373567,33.61014702236322,LOSS,56492.76128373567,0.0
2020-09-15,15.574999809265137,14.547240085601807,1,43.27434627841637,43.27434627841637,56536.035630014085,28.68172322642441,WIN,56536.035630014085,0.0
2020-09-16,17.489999771118164,15.88649980545044,1,55.98420469433518,55.98420469433518,56592.01983470842,36.093140110175675,WIN,56592.01983470842,0.0
2020-09-17,16.361000061035156,17.839799766540526,1,74.2399726931791,-73.6399978573579,56518.37983685106,44.694718923894825,LOSS,56592.01983470842,-0.13012434981547832
2020-09-18,15.958999633789062,16.68822006225586,1,72.79964824302576,-0.12239460365384502,56518.257442247406,47.404953751248435,LOSS,56592.01983470842,-0.13034062519142842
2020-09-21,15.215999603271484,16.278179626464844,1,71.551892718866,-34.66610960046998,56483.59133264694,47.853383033897074,LOSS,56592.01983470842,-0.19159680530607973
2020-09-22,15.425000190734863,15.520319595336915,1,69.70591170321968,60.17397124301455,56543.76530388995,49.144653058605996,LOSS,56592.01983470842,-0.08526737684820335
2020-09-23,14.82800006866455,15.733500194549562,1,70.47521077042096,-20.074801818080132,56523.69050207187,48.9832904510269,LOSS,56592.01983470842,-0.1207402259826143
2020-09-24,14.605999946594238,15.124560070037843,1,68.55453777820024,16.698525433839784,56540.38902750571,49.703215701798534,LOSS,56592.01983470842,-0.09123337062983548
2020-09-25,14.61299991607666,14.898119945526123,1,67.63674972996914,39.12474678502289,56579.51377429074,49.80156532579497,LOSS,56592.01983470842,-0.022098628842388914
2020-09-28,15.145999908447266,14.905259914398194,1,67.66635554559646,67.66635554559646,56647.180129836335,49.79902214149092,WIN,56647.180129836335,0.0
2020-09-29,14.968999862670898,15.448919906616212,1,70.7920808321208,22.800076437589496,56669.980206273925,50.3734131427319,LOSS,56669.980206273925,0.0
2020-09-30,15.055999755859375,15.268379859924316,1,69.87596689217881,48.6379564856847,56718.61816275961,50.294919487713805,LOSS,56718.61816275961,0.0
2020-10-01,14.895999908447266,15.357119750976564,1,69.86091473943421,23.748930486504413,56742.36709324611,49.9248626070798,LOSS,56742.36709324611,0.0
2020-10-02,14.645999908447266,15.19391990661621,1,69.16518449457867,14.373184677684158,56756.7402779238,49.966318347886514,LOSS,56756.7402779238,0.0
2020-10-05,14.821000099182129,14.938919906616212,1,67.35942768799413,55.567446944585846,56812.307724868384,49.383772985253295,LOSS,56812.307724868384,0.0
2020-10-06,15.003999710083008,15.117420101165772,1,68.06308732595635,56.72104821767994,56869.028773086065,49.29344880915394,LOSS,56869.028773086065,0.0
2020-10-07,15.309000015258789,15.304079704284668,1,68.52575213555927,68.52575213555927,56937.554525221625,48.9604094625278,WIN,56937.554525221625,0.0
2020-10-08,16.393999099731445,15.615180015563965,1,69.97369189183271,69.97369189183271,57007.52821711346,49.00789510619396,WIN,57007.52821711346,0.0
2020-10-09,16.472999572753906,16.721879081726076,1,77.16752070526607,52.27956980804909,57059.80778692151,50.811024247302846,LOSS,57059.80778692151,0.0
2020-10-12,16.645999908447266,16.802459564208984,1,77.5477307407417,61.90176516456984,57121.70955208608,50.81772989268442,LOSS,57121.70955208608,0.0
2020-10-13,16.607999801635742,16.978919906616213,1,78.36202242439366,41.27001192634661,57162.97956401243,50.81763548580488,LOSS,57162.97956401243,0.0
2020-10-14,16.423999786376953,16.940159797668457,1,73.73570108380135,22.119699954650955,57185.09926396708,47.27512481831164,LOSS,57185.09926396708,0.0
2020-10-15,16.597000122070312,16.752479782104494,1,61.9660501449004,46.41808414148223,57231.517348108566,38.45321525783322,LOSS,57231.517348108566,0.0
2020-10-16,16.469999313354492,16.92894012451172,1,58.89947885847793,13.005397742755243,57244.52274585132,35.48873388118708,LOSS,57244.52274585132,0.0
2020-10-19,16.413999557495117,16.799399299621584,1,57.84284949641369,19.302875283767037,57263.82562113508,35.00205011676695,LOSS,57263.82562113508,0.0
2020-10-20,16.906999588012695,16.74227954864502,1,55.02859261915501,55.02859261915501,57318.85421375424,32.892424440585216,WIN,57318.85421375424,0.0
2020-10-21,18.104999542236328,17.24513957977295,1,57.34521312449132,57.34521312449132,57376.19942687873,33.41182399958082,WIN,57376.19942687873,0.0
2020-10-22,18.30500030517578,18.467099533081054,1,63.60547044253342,47.39554765200613,57423.59497453074,35.017013558529186,LOSS,57423.59497453074,0.0
2020-10-23,18.43000030517578,18.671100311279297,1,63.52537060489007,39.41536999453854,57463.010344525275,34.451345059716736,LOSS,57463.010344525275,0.0
2020-10-26,17.5,18.798600311279298,1,63.836263217851474,-66.02376791007833,57396.9865766152,34.363125604878974,LOSS,57463.010344525275,-0.11489785779447229
2020-10-27,17.558000564575195,17.85,1,63.72753206388306,34.52758852140245,57431.5141651366,36.71597303476237,LOSS,57463.010344525275,-0.05481122412459325
2020-10-28,16.21500015258789,17.9091605758667,1,63.566711302736636,-105.84933102514431,57325.664834111456,36.435670726185975,LOSS,57463.010344525275,-0.2390155155296432
2020-10-29,16.195999145507812,16.539300155639648,1,64.55032940121716,30.220228388033632,57355.88506249949,41.2048726543227,LOSS,57463.010344525275,-0.18642476505060637
2020-10-30,16.707000732421875,16.519919128417968,1,64.32245043429617,64.32245043429617,57420.20751293378,41.080526079924404,WIN,57463.010344525275,-0.07448762488227449
2020-11-02,16.656999588012695,17.041140747070312,1,66.46577381550729,28.051657909745643,57448.25917084353,41.1706967726637,LOSS,57463.010344525275,-0.02567072903647882
2020-11-03,17.19499969482422,16.99013957977295,1,66.32094220471396,66.32094220471396,57514.58011304824,41.21365340467226,WIN,57514.58011304824,0.0
2020-11-04,17.253000259399414,17.538899688720704,1,68.96608313774007,40.37614020561105,57554.956253253855,41.600674769284254,LOSS,57554.956253253855,0.0
2020-11-05,18.167999267578125,17.598060264587403,1,69.06334914784156,69.06334914784156,57624.0196024017,41.49688432955153,WIN,57624.0196024017,0.0
2020-11-06,18.562000274658203,18.531359252929686,1,70.97069539730497,70.97069539730497,57694.990297799006,40.21873577870588,WIN,57694.990297799006,0.0
2020-11-09,18.500999450683594,18.933240280151367,1,72.73308528759755,29.50900234082026,57724.499300139825,40.377863710287116,LOSS,57724.499300139825,0.0
2020-11-10,18.61400032043457,18.871019439697267,1,72.55759908825581,46.8556871619861,57771.35498730181,40.423295660568385,LOSS,57771.35498730181,0.0
2020-11-11,19.215999603271484,18.98628032684326,1,72.93781834233314,72.93781834233314,57844.292805644145,40.37855790670804,WIN,57844.292805644145,0.0
2020-11-12,18.694000244140625,19.600319595336913,1,75.57083370283303,-15.061101416795765,57829.23170422735,40.56726740440867,LOSS,57844.292805644145,-0.02603731619193674
2020-11-13,19.226999282836914,19.06788024902344,1,74.59027114721246,74.59027114721246,57903.821975374565,41.326081920667974,WIN,57903.821975374565,0.0
2020-11-16,20.39299964904785,19.61153926849365,1,76.91722988141407,76.91722988141407,57980.73920525598,41.463865521709636,WIN,57980.73920525598,0.0
2020-11-17,20.81999969482422,20.800859642028808,1,83.83521129258298,83.83521129258298,58064.57441654857,42.9256389532744,WIN,58064.57441654857,0.0
2020-11-18,21.29599952697754,21.236399688720702,1,85.34835232310122,85.34835232310122,58149.92276887167,42.77171800509316,WIN,58149.92276887167,0.0
2020-11-19,21.711000442504883,21.72191951751709,1,83.7439079555743,82.65200045435355,58232.57476932603,40.56295063571551,LOSS,58232.57476932603,0.0
2020-11-20,22.211000442504883,22.14522045135498,1,85.49081973432821,85.49081973432821,58318.06558906035,40.63300408939644,WIN,58318.06558906035,0.0
2020-11-23,22.076000213623047,22.65522045135498,1,87.651123979892,29.72910020669852,58347.79468926705,40.747041291661475,LOSS,58347.79468926705,0.0
2020-11-24,24.722999572753906,22.51752021789551,1,83.19438905566926,83.19438905566926,58430.989078322724,38.395644569028306,WIN,58430.989078322724,0.0
2020-11-25,27.027000427246094,25.217459564208983,1,105.7491048297251,105.7491048297251,58536.73818315245,45.126606450536215,WIN,58536.73818315245,0.0
2020-11-27,27.125999450683594,27.567540435791017,1,110.0836276273644,65.92952911662209,58602.66771226907,42.42451181214765,LOSS,58602.66771226907,0.0
2020-11-30,34.277000427246094,27.668519439697267,1,110.1829156281944,110.1829156281944,58712.85062789726,42.276284608071464,WIN,58712.85062789726,0.0
2020-12-01,32.400001525878906,34.96254043579101,1,198.51842620706907,-57.735464784141584,58655.11516311312,65.1580570765193,LOSS,58712.85062789726,-0.09833531188947116
2020-12-02,32.13199996948242,33.048001556396486,1,193.04742030782225,101.44726161641589,58756.562424729535,67.36277104414046,LOSS,58756.562424729535,0.0
2020-12-03,33.15999984741211,32.77463996887207,1,192.8557592801135,192.8557592801135,58949.41818400965,67.94127601644368,WIN,58949.41818400965,0.0
2020-12-04,32.79999923706055,33.82319984436035,1,198.27446062135186,95.95439989137125,59045.37258390102,67.64153944566854,LOSS,59045.37258390102,0.0
2020-12-07,33.62200164794922,33.45599922180176,1,197.35207100738165,197.35207100738165,59242.7246549084,68.13768700434724,WIN,59242.7246549084,0.0
2020-12-08,28.94499969482422,34.29444168090821,1,202.25194717607735,-332.69225143232154,58910.03240347608,68.11959833106849,LOSS,59242.7246549084,-0.5615748657244766
2020-12-09,28.621000289916992,29.523899688720704,1,191.36043944491348,101.07049956454233,59011.10290304062,76.00010286538884,LOSS,59242.7246549084,-0.3909707955145341
2020-12-10,29.033000946044922,29.19342029571533,1,189.7740840389211,173.7321490718802,59184.8350521125,76.25693197619172,LOSS,59242.7246549084,-0.09771596956944113
2020-12-11,28.591999053955078,29.61366096496582,1,192.51813308398596,90.35194198291173,59275.18699409541,76.26251003771054,LOSS,59275.18699409541,0.0
2020-12-14,27.952999114990234,29.16383903503418,1,188.96236157807007,67.87836957367557,59343.06536366909,75.97033951057251,LOSS,59343.06536366909,0.0
2020-12-15,28.57900047302246,28.512059097290038,1,185.88784939225022,185.88784939225022,59528.953213061344,76.51390977985551,WIN,59528.953213061344,0.0
2020-12-16,29.91200065612793,29.150580482482912,1,189.11539828422798,189.11539828422798,59718.068611345574,76.08094251611968,WIN,59718.068611345574,0.0
2020-12-17,29.780000686645508,30.51024066925049,1,198.36186752282617,125.33786926232803,59843.406480607904,76.26917844320391,LOSS,59843.406480607904,0.0
2020-12-18,30.1200008392334,30.375600700378417,1,197.85206225042248,172.29207613592064,60015.698556743824,76.43156362309495,LOSS,60015.698556743824,0.0
2020-12-21,31.760000228881836,30.722400856018066,1,200.1496704597943,200.1496704597943,60215.84822720362,76.44856894005176,WIN,60215.84822720362,0.0
2020-12-22,33.150001525878906,32.39520023345948,1,211.810794700712,211.810794700712,60427.65902190433,76.76646102954103,WIN,60427.65902190433,0.0
2020-12-23,33.71799850463867,33.813001556396486,1,220.87097286378503,211.3706676880036,60639.02968959233,76.68270395303595,LOSS,60639.02968959233,0.0
2020-12-24,32.26100158691406,34.392358474731445,1,217.76378187109833,4.628093089360078,60643.657782681694,73.97887649423822,LOSS,60643.657782681694,0.0
2020-12-28,37.0,32.906221618652346,1,206.41058820234753,206.41058820234753,60850.068370884044,73.18199860486934,WIN,60850.068370884044,0.0
2020-12-29,36.606998443603516,37.74,1,249.99004528994737,136.68988965029874,60986.75826053434,77.92241798110734,LOSS,60986.75826053434,0.0
2020-12-30,38.99700164794922,37.339138412475585,1,192.84489820985846,192.84489820985846,61179.6031587442,58.231298313881524,WIN,61179.6031587442,0.0
2020-12-31,38.85499954223633,39.7769416809082,1,204.76978321714495,112.57556934995759,61292.17872809416,58.005509624290994,LOSS,61292.17872809416,0.0
2021-01-04,42.52199935913086,39.63209953308105,1,203.8480326745759,203.8480326745759,61496.026760768735,57.94555033816859,WIN,61496.026760768735,0.0
2021-01-05,42.862998962402344,43.37243934631348,1,230.7220930019663,179.77805461085293,61675.80481537959,60.32101203535463,LOSS,61675.80481537959,0.0
2021-01-06,48.05500030517578,43.72025894165039,1,231.8567858801357,231.8567858801357,61907.66160125972,60.10017184738407,WIN,61907.66160125972,0.0
2021-01-07,53.57500076293945,49.016100311279295,1,273.65575137334855,273.65575137334855,62181.31735263307,63.87544478951474,WIN,62181.31735263307,0.0
2021-01-08,53.16400146484375,54.646500778198245,1,276.28463050793454,128.03469917248503,62309.35205180556,56.76277741513783,LOSS,62309.35205180556,0.0
2021-01-11,49.54899978637695,54.22728149414063,1,273.69212150497333,-194.13604927139403,62115.216002534165,56.64508162901815,LOSS,62309.35205180556,-0.3115680758644132
2021-01-12,51.42399978637695,50.539979782104496,1,268.60560674049543,268.60560674049543,62383.82160927466,60.25570403368433,WIN,62383.82160927466,0.0
2021-01-13,51.92599868774414,52.45247978210449,1,275.94335028505793,223.295240849023,62607.11685012368,59.52855213409392,LOSS,62607.11685012368,0.0
2021-01-14,63.099998474121094,52.96451866149902,1,275.0034682840525,275.0034682840525,62882.12031840774,58.60284250573746,WIN,62882.12031840774,0.0
2021-01-15,57.80699920654297,64.36199844360351,1,384.7786480905218,-270.7212756155324,62611.3990427922,69.21036622953184,LOSS,62882.12031840774,-0.4305218625655752
2021-01-19,59.22100067138672,58.96313919067383,1,371.88065567597437,371.88065567597437,62983.27969846818,73.64496114154673,WIN,62983.27969846818,0.0
2021-01-20,55.082000732421875,60.40542068481445,1,379.02345109703106,-153.31854414222664,62829.96115432595,73.2085497129692,LOSS,62983.27969846818,-0.24342737449722482
2021-01-21,52.04600143432617,56.183640747070314,1,364.683555795897,-49.08037547851717,62780.88077884744,76.12663262126125,LOSS,62983.27969846818,-0.321353414096127
2021-01-22,57.702999114990234,53.08692146301269,1,351.70494576969804,351.70494576969804,63132.585724617136,77.93684915868748,WIN,63132.585724617136,0.0
2021-01-25,57.141998291015625,58.85705909729004,1,396.824494043051,225.31841341560946,63357.90413803275,79.51686789897124,LOSS,63357.90413803275,0.0
2021-01-26,55.98099899291992,58.28483825683594,1,394.5540647977531,164.1701384061513,63522.0742764389,79.88440399453941,LOSS,63522.0742764389,0.0
2021-01-27,54.0099983215332,57.10061897277832,1,383.4469483027152,74.38488317820344,63596.4591596171,79.15405906975876,LOSS,63596.4591596171,0.0
2021-01-28,57.8380012512207,55.090198287963865,1,358.3486194186393,358.3486194186393,63954.80777903574,76.31339589779353,WIN,63954.80777903574,0.0
2021-01-29,61.73099899291992,58.99476127624512,1,384.96036135001236,384.96036135001236,64339.76814038576,76.59094626866195,WIN,64339.76814038576,0.0
2021-02-01,63.45600128173828,62.96561897277832,1,411.0764916747421,411.0764916747421,64750.8446320605,76.63487033847183,WIN,64750.8446320605,0.0
2021-02-02,68.79199981689453,64.72512130737304,1,421.3717780032424,421.3717780032424,65172.216410063746,76.38641902966478,WIN,65172.216410063746,0.0
2021-02-03,74.11900329589844,70.16783981323242,1,455.0095572161984,455.0095572161984,65627.22596727994,76.04118846482615,WIN,65627.22596727994,0.0
2021-02-04,76.55899810791016,75.6013833618164,1,493.1834605496885,493.1834605496885,66120.40942782963,76.56584994885961,WIN,66120.40942782963,0.0
2021-02-05,80.5999984741211,78.09017807006836,1,495.75614943710775,495.75614943710775,66616.16557726673,74.2050160993621,WIN,66616.16557726673,0.0
2021-02-08,104.0999984741211,82.21199844360352,1,509.1342264583084,509.1342264583084,67125.29980372504,72.10592191798071,WIN,67125.29980372504,0.0
2021-02-09,127.29399871826172,106.18199844360352,1,790.3892052525596,790.3892052525596,67915.6890089776,80.0,WIN,67915.6890089776,0.0
2021-02-10,97.447998046875,129.83987869262697,1,1005.7868733525421,-2233.4011912226547,65682.28781775494,80.0,LOSS,67915.6890089776,-3.2884908094320124
2021-02-11,100.99400329589844,99.3969580078125,1,881.7667611404014,881.7667611404014,66564.05457889535,80.0,WIN,67915.6890089776,-1.9901652325187833
2021-02-12,103.43099975585938,103.01388336181641,1,912.6628635714534,912.6628635714534,67476.7174424668,80.0,WIN,67915.6890089776,-0.6463478069887029
2021-02-16,95.5,105.49961975097656,1,888.3862292617206,-111.57574583593578,67365.14169663088,80.0,LOSS,67915.6890089776,-0.8106334786266369
2021-02-17,94.18000030517578,97.41,1,818.0638965428304,495.0639270604089,67860.20562369129,80.0,LOSS,67915.6890089776,-0.08169450401802487
2021-02-18,92.77799987792969,96.0636003112793,1,809.323529401994,480.7634860670326,68340.96910975833,80.0,LOSS,68340.96910975833,0.0
2021-02-19,96.37200164794922,94.63355987548829,1,786.4972720306786,786.4972720306786,69127.46638178901,80.0,WIN,69127.46638178901,0.0
2021-02-22,87.5999984741211,98.2994416809082,1,805.6505268715274,-264.29379380718353,68863.17258798183,80.0,LOSS,69127.46638178901,-0.38232819404590573
2021-02-23,69.12300109863281,89.35199844360352,1,744.027380415803,-1278.8723540812678,67584.30023390056,80.0,LOSS,69127.46638178901,-2.2323487734464136
2021-02-24,81.76899719238281,70.50546112060547,1,637.7377320875416,637.7377320875416,68222.0379659881,80.0,WIN,69127.46638178901,-1.3097954593044903
2021-02-25,73.16100311279297,83.40437713623047,1,779.901754390105,-244.43564795364455,67977.60231803445,80.0,LOSS,69127.46638178901,-1.6633968000561388
2021-02-26,75.04100036621094,74.62422317504883,1,709.9243824526577,709.9243824526577,68687.52670048711,80.0,WIN,69127.46638178901,-0.6364180611974455
2021-03-01,78.24400329589844,76.54182037353516,1,725.9721626429906,725.9721626429906,69413.49886313011,80.0,WIN,69413.49886313011,0.0
2021-03-02,74.8499984741211,79.80888336181641,1,755.3048043727307,259.41631560319877,69672.91517873331,80.0,LOSS,69672.91517873331,0.0
2021-03-03,73.15699768066406,76.34699844360351,1,725.9135013965146,406.91342510256976,70079.82860383588,80.0,LOSS,70079.82860383588,0.0
2021-03-04,64.56600189208984,74.62013763427734,1,706.1573214054779,-299.2562528132719,69780.57235102261,80.0,LOSS,70079.82860383588,-0.4270219530715138
2021-03-05,62.02399826049805,65.85732192993164,1,631.2282599606831,247.89589301732343,70028.46824403993,80.0,LOSS,70079.82860383588,-0.07328836388326053
2021-03-08,62.41899871826172,63.26447822570801,1,606.6413609269617,522.0934101823325,70550.56165422227,80.0,LOSS,70550.56165422227,0.0
2021-03-09,71.5989990234375,63.667378692626954,1,608.1467153717531,608.1467153717531,71158.70836959402,80.0,WIN,71158.70836959402,0.0
2021-03-10,75.65499877929688,73.03097900390625,1,636.542310658797,636.542310658797,71795.25068025282,80.0,WIN,71795.25068025282,0.0
2021-03-11,80.375,77.16809875488282,1,615.5433696747226,615.5433696747226,72410.79404992754,80.0,WIN,72410.79404992754,0.0
2021-03-12,78.4000015258789,81.9825,1,596.8606984241435,238.61085101203395,72649.40490093958,80.0,LOSS,72649.40490093958,0.0
2021-03-15,76.9010009765625,79.96800155639649,1,580.0109902427856,273.3109322593869,72922.71583319896,80.0,LOSS,72922.71583319896,0.0
2021-03-16,72.42900085449219,78.43902099609375,1,567.4884942625052,-33.51351989765055,72889.20231330131,80.0,LOSS,72922.71583319896,-0.04595758607552036
2021-03-17,77.0989990234375,73.87758087158203,1,531.7817417346388,531.7817417346388,73420.98405503595,80.0,WIN,73420.98405503595,0.0
2021-03-18,73.20500183105469,78.64097900390625,1,573.1326114543068,29.534894169150334,73450.5189492051,80.0,LOSS,73450.5189492051,0.0
2021-03-19,77.7040023803711,74.66910186767578,1,546.5264828410959,546.5264828410959,73997.0454320462,80.0,WIN,73997.0454320462,0.0
2021-03-22,72.45600128173828,79.25808242797852,1,583.6069004977599,-96.60121412626427,73900.44421791994,80.0,LOSS,73997.0454320462,-0.1305473935644818
2021-03-23,67.72100067138672,73.90512130737305,1,539.8831405713198,-78.52892302731345,73821.91529489262,80.0,LOSS,73997.0454320462,-0.23667179700358237
2021-03-24,62.15700149536133,69.07542068481446,1,454.48878517942194,-237.35313376589124,73584.56216112673,77.32324081585864,LOSS,73997.0454320462,-0.5574320819312585
2021-03-25,62.090999603271484,63.40014152526856,1,377.94014134005033,247.02594914034287,73831.58811026707,68.9787692387365,LOSS,73997.0454320462,-0.2235999029597441
2021-03-26,62.400001525878906,63.332819595336915,1,363.8470803506261,270.56527340482523,74102.15338367189,66.06168419778103,LOSS,74102.15338367189,0.0
2021-03-29,63.13399887084961,63.64800155639649,1,364.25246174752186,312.8521931928341,74415.00557686473,65.76375328846864,LOSS,74415.00557686473,0.0
2021-03-30,65.39800262451172,64.3966788482666,1,365.1146748264515,365.1146748264515,74780.12025169119,65.04664050610134,WIN,74780.12025169119,0.0
2021-03-31,67.87999725341797,66.70596267700195,1,379.0022769493424,379.0022769493424,75159.12252864052,65.20734903296879,WIN,75159.12252864052,0.0
2021-04-01,70.35600280761719,69.23759719848633,1,395.6335046563156,395.6335046563156,75554.75603329684,65.64530848624354,WIN,75554.75603329684,0.0
2021-04-05,72.05500030517578,71.76312286376954,1,386.22807917904544,386.22807917904544,75940.98411247588,61.16340096061814,WIN,75940.98411247588,0.0
2021-04-06,70.45800018310547,73.49610031127929,1,391.7792719196957,87.96925910231334,76028.9533715782,60.47021695245497,LOSS,76028.9533715782,0.0
2021-04-07,65.62000274658203,71.86716018676758,1,384.88910666366115,-239.82663735489353,75789.1267342233,60.806875313909124,LOSS,76028.9533715782,-0.31544119275559007
2021-04-08,69.01200103759766,66.93240280151367,1,327.7498191133946,327.7498191133946,76116.8765533367,54.61567169012832,WIN,76116.8765533367,0.0
2021-04-09,71.0999984741211,70.39224105834961,1,343.4443737867107,343.4443737867107,76460.32092712341,54.37657288614363,WIN,76460.32092712341,0.0
2021-04-12,71.8239974975586,72.52199844360352,1,346.35470995694465,276.55461535245183,76736.87554247586,52.98471246095657,LOSS,76736.87554247586,0.0
2021-04-13,84.85399627685547,73.26047744750977,1,349.37824216600904,349.37824216600904,77086.25378464187,52.892006163854205,WIN,77086.25378464187,0.0
2021-04-14,73.55000305175781,86.55107620239258,1,489.90148564426954,-810.205829419207,76276.04795522266,64.91823551684405,LOSS,77086.25378464187,-1.0510380121502674
2021-04-15,74.01499938964844,75.02100311279297,1,451.24090222474393,350.64052991029087,76626.68848513295,69.70300076635196,LOSS,77086.25378464187,-0.5961702339211082
2021-04-16,69.36199951171875,75.49529937744141,1,447.34247310458403,-165.98751346768228,76460.70097166527,68.49634384208802,LOSS,77086.25378464187,-0.8114972284477955
2021-04-19,63.75199890136719,70.74923950195313,1,421.4790241359252,-278.24503592266876,76182.4559357426,68.92718517832472,LOSS,77086.25378464187,-1.1724500861388767
2021-04-20,64.6449966430664,65.02703887939454,1,389.75225011107864,351.5480264782654,76534.00396222087,69.4174041070199,LOSS,77086.25378464187,-0.7164050596671048
2021-04-21,65.0459976196289,65.93789657592774,1,390.02287005449904,300.8329744246159,76834.83693664549,68.35558715830915,LOSS,77086.25378464187,-0.3261500405750359
2021-04-22,59.81999969482422,66.34691757202148,1,386.2925829465501,-266.3992047731762,76568.43773187231,67.10490004211537,LOSS,77086.25378464187,-0.6717359157395247
2021-04-23,61.30400085449219,61.0163996887207,1,354.8309927442317,354.8309927442317,76923.26872461654,67.01077250024721,WIN,77086.25378464187,-0.21143206735751205
2021-04-26,65.88200378417969,62.53008087158203,1,364.48219941957103,364.48219941957103,77287.75092403611,67.19389980960663,WIN,77287.75092403611,0.0
2021-04-27,67.6989974975586,67.19964385986329,1,399.66899356684,399.66899356684,77687.41991760295,68.79389873053822,WIN,77687.41991760295,0.0
2021-04-28,68.08200073242188,69.05297744750976,1,411.408901354776,314.3112298459874,78001.73114744894,68.9340495696062,LOSS,78001.73114744894,0.0
2021-04-29,65.5009994506836,69.44364074707032,1,412.2184120778231,17.954282439150575,78019.6854298881,68.63909043118318,LOSS,78019.6854298881,0.0
2021-04-30,65.71600341796875,66.81101943969726,1,397.11181783862565,287.6102156657745,78307.29564555387,68.7442488087917,LOSS,78307.29564555387,0.0
2021-05-03,63.5620002746582,67.03032348632813,1,396.33796290512265,49.505641738130066,78356.801287292,68.32607311198902,LOSS,78356.801287292,0.0
2021-05-04,61.6879997253418,64.83324028015137,1,383.6190918885707,69.09503640761318,78425.8963236996,68.38269888141213,LOSS,78425.8963236996,0.0
2021-05-05,62.345001220703125,62.92175971984864,1,372.76430082677854,315.0884509122273,78740.98477461183,68.48037124462925,LOSS,78740.98477461183,0.0
2021-05-06,60.90800094604492,63.591901245117185,1,370.5191583023363,102.12912839510994,78843.11390300695,67.16158462444429,LOSS,78843.11390300695,0.0
2021-05-07,62.04600143432617,62.12616096496582,1,358.29168582253953,350.27573275857475,79193.38963576552,66.36072774315132,LOSS,79193.38963576552,0.0
2021-05-10,56.94599914550781,63.286921463012696,1,363.96654163894254,-270.12569011154585,78923.26394565398,66.14337433285408,LOSS,79193.38963576552,-0.34109625986958175
2021-05-11,57.69599914550781,58.08491912841797,1,341.36483607122284,302.4728377802069,79225.73678343419,67.84274293359563,LOSS,79225.73678343419,0.0
2021-05-12,54.1879997253418,58.84991912841797,1,287.3342159010006,-178.85772440661702,79046.87905902757,54.423560940654006,LOSS,79225.73678343419,-0.2257570982211546
2021-05-13,48.80799865722656,55.27175971984863,1,248.22129127055467,-398.15481499165224,78648.72424403593,49.140018643795834,LOSS,79225.73678343419,-0.7283145134712222
2021-05-14,52.13100051879883,49.784158630371095,1,234.31238012660697,234.31238012660697,78883.03662416253,52.04972996157612,WIN,79225.73678343419,-0.4325616563320021
2021-05-17,48.935001373291016,53.173620529174805,1,258.7379336286917,-165.12398195968723,78717.91264220285,54.19979447099143,LOSS,79225.73678343419,-0.6409838038104816
2021-05-18,48.720001220703125,49.913701400756835,1,239.24188464471223,119.87186663934119,78837.78450884219,53.21751623407502,LOSS,79225.73678343419,-0.4896796045614259
2021-05-19,45.486000061035156,49.69440124511719,1,237.17079224356326,-183.66932616464027,78654.11518267755,52.94056968927669,LOSS,79225.73678343419,-0.7215099839578443
2021-05-20,47.26599884033203,46.39572006225586,1,224.73065440729147,224.73065440729147,78878.84583708484,53.90121515042983,WIN,79225.73678343419,-0.4378513352265611
2021-05-21,45.051998138427734,48.211318817138675,1,230.94482641128477,-84.98724145980933,78793.85859562503,53.179074738192185,LOSS,79225.73678343419,-0.545123599152767
2021-05-24,47.244998931884766,45.95303810119629,1,219.83698491254668,219.83698491254668,79013.69558053758,53.09389582639117,WIN,79225.73678343419,-0.26764181881480004
2021-05-25,46.96699905395508,48.18989891052246,1,224.20748670329175,101.9175010465537,79115.61308158413,51.321327539871476,LOSS,79225.73678343419,-0.1389999087683848
2021-05-26,48.27899932861328,47.90633903503418,1,219.90801213334387,219.90801213334387,79335.52109371747,50.48192555212804,WIN,79335.52109371747,0.0
2021-05-27,49.3849983215332,49.24457931518555,1,228.5633222027343,228.5633222027343,79564.08441592021,51.17030828050346,WIN,79564.08441592021,0.0
2021-05-28,47.0,50.37269828796387,1,235.25128714188276,-102.01854165450436,79462.06587426571,51.55923514687881,LOSS,79564.08441592021,-0.12822185085571844
2021-06-01,47.7760009765625,47.94,1,225.2495181990155,208.84961585526574,79670.91549012097,51.94187072889806,LOSS,79670.91549012097,0.0
2021-06-02,49.849998474121094,48.73152099609375,1,229.95657420100449,229.95657420100449,79900.87206432197,52.21544980421763,WIN,79900.87206432197,0.0
2021-06-03,48.86399841308594,50.84699844360352,1,244.33663491546932,46.03663186371131,79946.90869618568,53.38240584184011,LOSS,79946.90869618568,0.0
2021-06-04,48.46699905395508,49.84127838134766,1,238.9531855805787,101.52525284132085,80048.433949027,53.23333542453745,LOSS,80048.433949027,0.0
2021-06-07,46.98099899291992,49.43633903503418,1,236.77566869499182,-8.758335516434016,80039.67561351057,53.168887131360535,LOSS,80048.433949027,-0.010941295268831773
2021-06-08,45.9379997253418,47.92061897277832,1,228.67863662013735,30.416711876484925,80070.09232538706,52.93307197901654,LOSS,80070.09232538706,0.0
2021-06-09,51.29899978637695,46.85675971984863,1,215.9119439976787,215.9119439976787,80286.00426938474,50.71860604145031,WIN,80286.00426938474,0.0
2021-06-10,50.8650016784668,52.32497978210449,1,265.7677933618536,119.76998299808406,80405.77425238282,57.07749640747324,LOSS,80405.77425238282,0.0
2021-06-11,51.64400100708008,51.88230171203613,1,258.45887053018197,234.62880003457664,80640.4030524174,55.761387213404426,LOSS,80640.4030524174,0.0
2021-06-14,59.8489990234375,52.67688102722168,1,245.93774952674715,245.93774952674715,80886.34080194414,51.5401352668936,WIN,80886.34080194414,0.0
2021-06-15,63.05400085449219,61.045979003906254,1,321.1014216796803,321.1014216796803,81207.44222362382,59.51731698308903,WIN,81207.44222362382,0.0
2021-06-16,61.981998443603516,64.31508087158203,1,332.04484278440253,98.73659998655148,81306.17882361037,58.205638015670154,LOSS,81306.17882361037,0.0
2021-06-17,63.08100128173828,63.221638412475585,1,327.506508333744,313.44279526001367,81619.62161887038,58.441876677068485,LOSS,81619.62161887038,0.0
2021-06-18,64.64600372314453,64.34262130737305,1,320.7169574164542,320.7169574164542,81940.33857628684,55.80024226132515,WIN,81940.33857628684,0.0
2021-06-21,58.367000579833984,65.93892379760743,1,327.83841403353273,-429.3539077438118,81510.98466854302,55.62930307224016,LOSS,81940.33857628684,-0.523983565608638
2021-06-22,55.37200164794922,59.53434059143066,1,311.2266462332807,-105.00724811486373,81405.97742042816,59.08134438843515,LOSS,81940.33857628684,-0.6521344250502366
2021-06-23,55.29999923706055,56.4794416809082,1,299.38582145458344,181.4415770698179,81587.41899749798,60.0678432114648,LOSS,81940.33857628684,-0.4307031004763184
2021-06-24,58.1879997253418,56.40599922180176,1,298.8110095322641,298.8110095322641,81886.23000703024,60.023466196556065,WIN,81940.33857628684,-0.06603410505342519
2021-06-25,55.005001068115234,59.35175971984864,1,316.74707671352496,-117.92878845981534,81768.30121857043,60.55338238725406,LOSS,81940.33857628684,-0.20995441403533632
2021-06-28,62.41699981689453,56.10510108947754,1,305.1691199656315,305.1691199656315,82073.47033853606,61.93595871618428,WIN,82073.47033853606,0.0
2021-06-29,66.89900207519531,63.66533981323242,1,364.8228908932081,364.8228908932081,82438.29322942927,65.86362093285699,WIN,82438.29322942927,0.0
2021-06-30,66.44999694824219,68.23698211669922,1,395.8269896288181,217.1284727831145,82655.42170221238,66.81419082210193,LOSS,82655.42170221238,0.0
2021-07-01,65.08599853515625,67.77899688720703,1,393.06117512871845,123.76133992364055,82779.18304213602,66.79246184687031,LOSS,82779.18304213602,0.0
2021-07-02,63.56100082397461,66.38771850585938,1,385.07896442129714,102.40719623281984,82881.59023836884,66.80994824133148,LOSS,82881.59023836884,0.0
2021-07-06,63.42900085449219,64.8322208404541,1,377.54750170988103,237.2255031136899,83118.81574148253,67.12029283080057,LOSS,83118.81574148253,0.0
2021-07-07,63.986000061035156,64.69758087158203,1,373.89594348053714,302.7378624258494,83421.55360390838,66.52224924874355,LOSS,83421.55360390838,0.0
2021-07-08,61.84400177001953,65.26572006225587,1,374.80225828526926,32.630429061635766,83454.18403297002,66.03080974922315,LOSS,83454.18403297002,0.0
2021-07-09,62.86600112915039,63.08088180541992,1,349.71283030763965,328.22476268068664,83782.40879565071,63.3478966947628,LOSS,83782.40879565071,0.0
2021-07-12,58.86899948120117,64.12332115173339,1,354.8659002007288,-170.5662668524933,83611.84252879822,63.21615022443479,LOSS,83782.40879565071,-0.20358243371649587
2021-07-13,57.987998962402344,60.046379470825194,1,340.47652302317385,134.63847218088884,83746.48100097911,65.05272276171137,LOSS,83782.40879565071,-0.042882265129464706
2021-07-14,56.042999267578125,59.147758941650395,1,297.8967311671989,-12.57923624002808,83733.90176473909,56.501433667159844,LOSS,83782.40879565071,-0.05789643865448913
2021-07-15,54.104000091552734,57.16385925292969,1,284.1854156804399,-21.800500457255623,83712.10126428182,55.623473448627806,LOSS,83782.40879565071,-0.08391681783746875
2021-07-16,52.308998107910156,55.18608009338379,1,275.56484469772835,-12.143353849634707,83699.95791043219,55.9197647161886,LOSS,83782.40879565071,-0.0984107361004935
2021-07-19,49.87200164794922,53.35517807006836,1,266.57151416606786,-81.74612804584649,83618.21178238634,55.95745932319752,LOSS,83782.40879565071,-0.19598029660959113
2021-07-20,50.178001403808594,50.8694416809082,1,254.37514677217777,185.23111906221686,83803.44290144855,56.01655609010493,LOSS,83803.44290144855,0.0
2021-07-21,55.694000244140625,51.18156143188477,1,243.93891516125836,243.93891516125836,84047.3818166098,52.85370759877297,WIN,84047.3818166098,0.0
2021-07-22,55.59400177001953,56.80788024902344,1,288.63947125789434,167.25162335750338,84214.6334399673,57.101780184676876,LOSS,84214.6334399673,0.0
2021-07-23,53.97100067138672,56.70588180541992,1,288.12631561584016,14.638202212519957,84229.27164217982,57.10299279126189,LOSS,84229.27164217982,0.0
2021-07-26,68.25,55.050420684814455,1,276.5460188147595,276.5460188147595,84505.81766099458,56.326295114791165,WIN,84505.81766099458,0.0
2021-07-27,63.06100082397461,69.615,1,455.11931688871596,-200.28060071382265,84305.53706028075,76.7573242043096,LOSS,84505.81766099458,-0.23700214524552382
2021-07-28,64.66500091552734,64.32222084045411,1,408.85516467032267,408.85516467032267,84714.39222495108,74.3109550255893,WIN,84714.39222495108,0.0
2021-07-29,62.500999450683594,65.95830093383789,1,413.2520134978899,67.52186518246026,84781.91409013353,73.08296790940355,LOSS,84781.91409013353,0.0
2021-07-30,62.60100173950195,63.75101943969727,1,400.8622490320088,285.8604790124774,85067.77456914601,73.38767578666041,LOSS,85067.77456914601,0.0
2021-08-02,63.77899932861328,63.853021774291996,1,400.95227599513646,393.550031427265,85461.32460057328,73.27116378040401,LOSS,85461.32460057328,0.0
2021-08-03,62.50600051879883,65.05457931518555,1,408.06623579315817,153.20835615448607,85614.53295672777,73.18177174142753,LOSS,85614.53295672777,0.0
2021-08-04,67.09300231933594,63.75612052917481,1,400.54847165935854,400.54847165935854,86015.08142838713,73.31447959739356,WIN,86015.08142838713,0.0
2021-08-05,71.56199645996094,68.43486236572265,1,436.9207973257108,436.9207973257108,86452.00222571284,74.69035122652187,WIN,86452.00222571284,0.0
2021-08-06,74.87200164794922,72.99323638916016,1,468.7976212960038,468.7976212960038,86920.79984700885,75.20314355939439,WIN,86920.79984700885,0.0
2021-08-09,76.77300262451172,76.36944168090821,1,492.40709625615045,492.40709625615045,87413.206943265,75.5434145941432,WIN,87413.206943265,0.0
2021-08-10,75.04900360107422,78.30846267700196,1,495.5631895176194,169.6172819248457,87582.82422518985,73.93298312891224,LOSS,87582.82422518985,0.0
2021-08-11,74.7490005493164,76.54998367309571,1,485.2531273333568,305.15481495542645,87887.97904014528,74.07720662159868,LOSS,87887.97904014528,0.0
2021-08-12,72.0989990234375,76.24398056030273,1,480.0296478231987,65.53149413667558,87953.51053428196,73.4960689268946,LOSS,87953.51053428196,0.0
2021-08-13,72.80000305175781,73.54097900390624,1,463.14832983305456,389.0507346182114,88342.56126890017,73.52114938609995,LOSS,88342.56126890017,0.0
2021-08-16,69.7509994506836,74.25600311279297,1,463.6673560556236,13.166989844686213,88355.72825874486,72.79718907046876,LOSS,88355.72825874486,0.0
2021-08-17,66.36900329589844,71.14601943969727,1,443.34557105663635,-34.356043323246865,88321.37221542161,72.62602225913139,LOSS,88355.72825874486,-0.03888377584601982
2021-08-18,65.50499725341797,67.6963833618164,1,427.9333702745216,208.79475943467833,88530.16697485629,73.83872603914973,LOSS,88530.16697485629,0.0
2021-08-19,67.6259994506836,66.81509719848633,1,410.0680409451776,410.0680409451776,88940.23501580146,71.35586773410951,WIN,88940.23501580146,0.0
2021-08-20,71.65599822998047,68.97851943969727,1,423.770471554297,423.770471554297,89364.00548735575,71.43895347118053,WIN,89364.00548735575,0.0
2021-08-23,71.85099792480469,73.08911819458008,1,449.2975381589396,325.4855111814002,89689.49099853715,71.48945434537013,LOSS,89689.49099853715,0.0
2021-08-24,71.55000305175781,73.28801788330078,1,319.05873147147486,145.25724831717793,89834.74824685433,47.285585905230015,LOSS,89834.74824685433,0.0
2021-08-25,72.6709976196289,72.98100311279298,1,298.6140114017326,267.61346208532564,90102.36170893966,43.75271599282992,LOSS,90102.36170893966,0.0
2021-08-26,69.36599731445312,74.12441757202149,1,302.43333228515013,-173.40869347168592,89928.95301546797,43.59631934059179,LOSS,90102.36170893966,-0.192457434170103
2021-08-27,70.72000122070312,70.7533172607422,1,291.97606035881586,288.64445635490904,90217.59747182288,44.225103329790684,LOSS,90217.59747182288,0.0
2021-08-30,70.29900360107422,72.13440124511719,1,298.1366953639854,114.59693095968834,90332.19440278257,44.31140226126236,LOSS,90332.19440278257,0.0
2021-08-31,69.43000030517578,71.70498367309571,1,296.31800485613377,68.81966806414079,90401.01407084671,44.303145624222545,LOSS,90401.01407084671,0.0
2021-09-01,70.25,70.8186003112793,1,291.66508088648675,234.805049758557,90635.81912060526,44.11452107884957,LOSS,90635.81912060526,0.0
2021-09-02,69.57099914550781,71.655,1,280.1456140834577,71.74552863423884,90707.5646492395,41.29662395343259,LOSS,90707.5646492395,0.0
2021-09-03,71.22599792480469,70.96241912841796,1,262.7149289743945,262.7149289743945,90970.2795782139,38.497092709840416,WIN,90970.2795782139,0.0
2021-09-07,64.8010025024414,72.65051788330078,1,262.5592096070724,-522.3923284788649,90447.88724973504,37.30743180338493,LOSS,90970.2795782139,-0.5742450511320262
2021-09-08,63.86199951171875,66.09702255249023,1,259.9120595128176,36.40975543566958,90484.29700517071,41.60205739458108,LOSS,90970.2795782139,-0.534221259180979
2021-09-09,64.06199645996094,65.13923950195313,1,255.62831021536522,147.90400601614618,90632.20101118686,41.49486405172438,LOSS,90970.2795782139,-0.37163628450363323
2021-09-10,61.55699920654297,65.34323638916015,1,256.72611447355735,-121.89760378816118,90510.3034073987,41.556246332322544,LOSS,90970.2795782139,-0.5056334584744588
2021-09-13,64.2699966430664,62.78813919067383,1,247.32304087935995,247.32304087935995,90757.62644827805,41.69284087814103,WIN,90970.2795782139,-0.23376110409005943
2021-09-14,61.847999572753906,65.55539657592773,1,264.9646271487405,-105.77507316864194,90651.85137510941,43.08041642728493,LOSS,90970.2795782139,-0.3500354231963303
2021-09-15,63.29999923706055,63.08495956420899,1,254.18276425363348,254.18276425363348,90906.03413936305,42.90999969653731,WIN,90970.2795782139,-0.0706224485059563
2021-09-16,63.29999923706055,64.56599922180176,1,256.4555407871127,129.8555423129913,91035.88968167604,42.13787325944004,LOSS,91035.88968167604,0.0
2021-09-17,61.42900085449219,64.56599922180176,1,256.07174799905385,-57.62808873190346,90978.26159294414,42.05766628594696,LOSS,91035.88968167604,-0.06330260398773291
2021-09-20,58.8390007019043,62.657580871582034,1,247.0466340947171,-134.8113828730567,90843.45021007108,41.744064886564246,LOSS,91035.88968167604,-0.21138857683256335
2021-09-21,58.10200119018555,60.015780715942384,1,227.58689004407023,36.20893746838652,90879.65914753947,39.71078559702771,LOSS,91035.88968167604,-0.1716142223499556
2021-09-22,59.96099853515625,59.26404121398926,1,224.30292992424086,224.30292992424086,91103.96207746372,39.61213670917245,WIN,91103.96207746372,0.0
2021-09-23,61.65700149536133,61.160218505859376,1,236.4707608376611,236.4707608376611,91340.43283830138,40.71330131865823,WIN,91340.43283830138,0.0
2021-09-24,59.93899917602539,62.890141525268554,1,245.40930924002998,-49.70492568428631,91290.72791261709,41.19603684491864,LOSS,91340.43283830138,-0.05441722153022785
2021-09-27,59.474998474121094,61.1377791595459,1,235.55717199261395,69.2791034501333,91360.00701606722,40.53081712488839,LOSS,91360.00701606722,0.0
2021-09-28,57.35100173950195,60.66449844360352,1,231.58937363288902,-99.76029677726768,91260.24671928995,40.05387021326068,LOSS,91360.00701606722,-0.10919471225491975
2021-09-29,56.63199996948242,58.49802177429199,1,225.34057002805991,38.73838954710291,91298.98510883705,40.52022838511748,LOSS,91360.00701606722,-0.06679280050781738
2021-09-30,57.84000015258789,57.764639968872075,1,222.51825504087935,222.51825504087935,91521.50336387793,40.52087060593316,WIN,91521.50336387793,0.0
2021-10-01,61.24599838256836,58.99680015563965,1,228.6603318673965,228.6603318673965,91750.16369574533,40.84006393211287,WIN,91750.16369574533,0.0
2021-10-04,60.724998474121094,62.470918350219726,1,254.53637239815788,79.94438478829463,91830.10808053362,43.52076781960042,LOSS,91830.10808053362,0.0
2021-10-05,65.10099792480469,61.93949844360352,1,249.9040781851855,249.9040781851855,92080.0121587188,42.98333160840465,WIN,92080.0121587188,0.0
2021-10-06,67.38099670410156,66.40301788330078,1,262.3278424985716,262.3278424985716,92342.34000121738,41.8484465016026,WIN,92342.34000121738,0.0
2021-10-07,69.27899932861328,68.7286166381836,1,274.0642291099979,274.0642291099979,92616.40423032737,42.34888846782353,WIN,92616.40423032737,0.0
2021-10-08,70.88200378417969,70.66457931518555,1,283.6447486486727,283.6447486486727,92900.04897897605,42.70417173515865,WIN,92900.04897897605,0.0
2021-10-11,73.18000030517578,72.29964385986328,1,284.4964856317658,284.4964856317658,93184.54546460781,41.63825941755054,WIN,93184.54546460781,0.0
2021-10-12,71.06500244140625,74.6436003112793,1,291.2167663000526,-66.64302068725243,93117.90244392057,41.18577317175793,LOSS,93184.54546460781,-0.07151724607870516
2021-10-13,72.62999725341797,72.48630249023438,1,280.3569872756485,280.3569872756485,93398.25943119622,40.73096512533589,WIN,93398.25943119622,0.0
2021-10-14,72.3949966430664,74.08259719848633,1,286.3732118431574,117.61315630116542,93515.87258749738,40.70222317876693,LOSS,93515.87258749738,0.0
2021-10-15,74.98500061035156,73.84289657592774,1,285.65042549118084,285.65042549118084,93801.52301298856,40.73946339282847,WIN,93801.52301298856,0.0
2021-10-18,73.96399688720703,76.48470062255859,1,293.0987141823424,41.02834064718638,93842.55135363575,40.250581908841696,LOSS,93842.55135363575,0.0
2021-10-19,72.7249984741211,75.44327682495117,1,280.6604063468389,8.832571263831312,93851.38392489958,38.739722659917526,LOSS,93851.38392489958,0.0
2021-10-20,75.81800079345703,74.17949844360352,1,276.8145767590604,276.8145767590604,94128.19850165864,38.89536036811311,WIN,94128.19850165864,0.0
2021-10-21,73.54299926757812,77.33436080932617,1,290.6900041265566,-88.446150048248,94039.7523516104,39.26220064350389,LOSS,94128.19850165864,-0.09396350026467837
2021-10-22,71.85199737548828,75.01385925292969,1,287.0285673330647,-29.157620411076323,94010.59473119932,40.17256833132996,LOSS,94128.19850165864,-0.12493999920464417
2021-10-25,74.60199737548828,73.28903732299804,1,279.208123232127,279.208123232127,94289.80285443144,39.94782599502048,WIN,94289.80285443144,0.0
2021-10-26,73.48600006103516,76.09403732299805,1,291.4541227648458,30.65039656855663,94320.453251,40.224422665086635,LOSS,94320.453251,0.0
2021-10-27,71.50199890136719,74.95572006225586,1,281.25586426200346,-64.11625182686419,94256.33699917313,39.173428224965335,LOSS,94320.453251,-0.06797703956770228
2021-10-28,71.71299743652344,72.93203887939453,1,277.0820684850569,155.17792419794807,94411.51492337108,39.806105895172685,LOSS,94411.51492337108,0.0
2021-10-29,71.50599670410156,73.14725738525391,1,277.84414516504074,113.71807704980614,94525.23300042089,39.79585361640409,LOSS,94525.23300042089,0.0
2021-11-01,73.61199951171875,72.93611663818359,1,268.61491570734535,268.61491570734535,94793.84791612824,38.23679912620801,WIN,94793.84791612824,0.0
2021-11-02,79.41400146484375,75.08423950195312,1,276.9319401018093,276.9319401018093,95070.77985623006,38.30971563331598,WIN,95070.77985623006,0.0
2021-11-03,81.0250015258789,81.00228149414063,1,302.471624679485,302.471624679485,95373.25148090954,38.92810421086989,WIN,95373.25148090954,0.0
2021-11-04,80.0,82.64550155639648,1,306.38803162050925,41.83787598086104,95415.0893568904,38.56572176060263,LOSS,95415.0893568904,0.0
2021-11-05,79.7509994506836,81.6,1,302.8226163156594,117.92256138401933,95533.01191827442,38.61707027292702,LOSS,95533.01191827442,0.0
2021-11-08,86.0,81.34601943969727,1,301.2039611858073,301.2039611858073,95834.21587946023,38.504918751915866,WIN,95834.21587946023,0.0
2021-11-09,85.9010009765625,87.72,1,343.81030600692486,161.91040366317498,95996.1262831234,41.42833385885059,LOSS,95996.1262831234,0.0
2021-11-10,81.63400268554688,87.61902099609375,1,337.82110882281324,-260.6807222318745,95735.44556089153,40.56694710589545,LOSS,95996.1262831234,-0.27155337650088474
2021-11-11,81.83599853515625,83.26668273925782,1,333.21602977668306,190.14760936652635,95925.59317025806,42.54000744738268,LOSS,95996.1262831234,-0.0734749573720548
2021-11-12,81.1729965209961,83.47271850585938,1,333.7449739003099,103.77277541398166,96029.36594567203,42.492228938302645,LOSS,96029.36594567203,0.0
2021-11-15,79.5,82.79645645141602,1,328.34772866563213,-1.2979164759698847,96028.06802919606,42.05328917798661,LOSS,96029.36594567203,-0.001351582886331642
2021-11-16,75.2020034790039,81.09,1,322.68172614156833,-266.1179259580414,95761.95010323802,42.23654978216156,LOSS,96029.36594567203,-0.2784729856336881
2021-11-17,75.30000305175781,76.70604354858399,1,314.9111029773054,174.30705329468748,95936.25715653271,43.93838227953604,LOSS,96029.36594567203,-0.09695866282403766
2021-11-18,72.73600006103516,76.80600311279296,1,309.67194185804027,-97.32836331774058,95838.92879321497,42.94586756436341,LOSS,96029.36594567203,-0.1983113712994817
2021-11-19,71.83100128173828,74.19072006225586,1,299.97373408715214,64.00185603539393,95902.93064925037,43.099783109935366,LOSS,96029.36594567203,-0.1316631586354499
2021-11-22,69.00199890136719,73.26762130737305,1,295.0186050103285,-131.54363559025757,95771.3870136601,42.874589120049464,LOSS,96029.36594567203,-0.26864587667680795
2021-11-23,69.677001953125,70.38203887939453,1,283.0014226139947,212.49772998704185,95983.88474364714,42.798261854975124,LOSS,96029.36594567203,-0.04736176436968708
2021-11-24,70.08999633789062,71.0705419921875,1,285.7877287665248,187.73316333683726,96171.61790698397,42.80165683605216,LOSS,96171.61790698397,0.0
2021-11-26,66.30000305175781,71.49179626464844,1,285.5393856825957,-233.63993560646725,95937.9779713775,42.43507096000694,LOSS,96171.61790698397,-0.24294063122909984
2021-11-29,69.5479965209961,67.62600311279297,1,278.054343455764,278.054343455764,96216.03231483327,44.022321722166076,WIN,96216.03231483327,0.0
2021-11-30,72.14299774169922,70.93895645141602,1,299.2897176543921,299.2897176543921,96515.32203248766,45.47052238159181,WIN,96515.32203248766,0.0
2021-12-01,70.5469970703125,73.58585769653321,1,312.0299553477972,8.143892725726175,96523.46592521339,45.75896591679002,LOSS,96523.46592521339,0.0
2021-12-02,68.33599853515625,71.95793701171876,1,285.91118126755185,-76.28266638869866,96447.18325882469,42.15567484211091,LOSS,96523.46592521339,-0.07903017743664464
2021-12-03,63.0989990234375,69.70271850585938,1,276.5874300445557,-383.7845181976323,96063.39874062706,42.08539043585704,LOSS,96523.46592521339,-0.47663765507838946
2021-12-06,59.64699935913086,64.36097900390625,1,267.90370134973074,-203.4942631278085,95859.90447749925,44.708716152501914,LOSS,96523.46592521339,-0.6874612731252981
2021-12-07,62.81700134277344,60.83993934631348,1,257.462402659969,257.462402659969,96117.36688015921,45.64355623955733,WIN,96523.46592521339,-0.42072571800189884
2021-12-08,63.65399932861328,64.0733413696289,1,260.37201471870804,218.43781061714554,96335.80469077636,43.3747444455165,LOSS,96523.46592521339,-0.1944203232221507
2021-12-09,59.1879997253418,64.92707931518555,1,265.5155769613065,-308.39238202306893,96027.4123087533,43.72269498805162,LOSS,96523.46592521339,-0.5139202283146734
2021-12-10,60.08399963378906,60.37175971984863,1,251.579626523195,222.80361791723794,96250.21592667053,44.77154766177736,LOSS,96523.46592521339,-0.2830917807640406
2021-12-13,57.16400146484375,61.28567962646485,1,256.9017789394577,-155.26603722265213,96094.94988944787,45.10481817444193,LOSS,96523.46592521339,-0.44395011270888945
2021-12-14,58.03799819946289,58.307281494140625,1,246.84178365702527,219.91345418925184,96314.86334363713,45.666022331300596,LOSS,96523.46592521339,-0.21611592536252355
2021-12-15,59.85900115966797,59.19875816345215,1,252.829433940473,252.829433940473,96567.6927775776,46.17057771571166,WIN,96567.6927775776,0.0
2021-12-16,56.694000244140625,61.05618118286133,1,261.33228819980474,-174.8858056722658,96392.80697190533,46.29656152583584,LOSS,96567.6927775776,-0.1811017749746578
2021-12-17,57.15800094604492,57.82788024902344,1,250.87569562575212,183.8877653279006,96576.69473723324,47.08084172035533,LOSS,96576.69473723324,0.0
2021-12-20,54.638999938964844,58.301160964965824,1,252.79992357804025,-113.41617902205775,96463.27855821118,47.050982478186306,LOSS,96576.69473723324,-0.11743638496910362
2021-12-21,56.75,55.73177993774414,1,243.84001546841336,243.84001546841336,96707.1185736796,47.57907626106893,WIN,96707.1185736796,0.0
2021-12-22,56.999000549316406,57.885,1,256.77640670550596,168.1764616371468,96875.29503531675,48.39856747891774,LOSS,96875.29503531675,0.0
2021-12-23,59.72100067138672,58.138980560302734,1,257.5311836708476,257.5311836708476,97132.8262189876,48.31226006701137,WIN,97132.8262189876,0.0
2021-12-27,60.827999114990234,60.91542068481446,1,276.2592640278018,267.5171070453796,97400.34332603298,49.736480775786646,LOSS,97400.34332603298,0.0
2021-12-28,56.797000885009766,62.04455909729004,1,277.3350924091619,-247.42072881886554,97152.92259721411,48.85679074789857,LOSS,97400.34332603298,-0.25402449351811734
2021-12-29,55.60900115966797,57.93294090270996,1,260.0843771013902,27.69040279719121,97180.6130000113,49.11950424776833,LOSS,97400.34332603298,-0.22559502206902707
2021-12-30,56.23400115966797,56.72118118286133,1,250.09083181088667,201.37282949155062,97381.98582950285,48.0362857663593,LOSS,97400.34332603298,-0.01884746593620745
2021-12-31,54.44900131225586,57.35868118286133,1,253.72769324256055,-37.240293817986725,97344.74553568487,48.2306082399798,LOSS,97400.34332603298,-0.05708171906746313
2022-01-03,55.82600021362305,55.53798133850098,1,245.70857768926456,245.70857768926456,97590.45411337413,48.23906312525843,WIN,97590.45411337413,0.0
2022-01-04,55.106998443603516,56.942520217895506,1,244.0769578272243,60.52478039802526,97650.97889377216,46.379957664705415,LOSS,97650.97889377216,0.0
2022-01-05,50.90999984741211,56.20913841247559,1,235.3866220859896,-294.5272344203584,97356.4516593518,45.048419128470556,LOSS,97650.97889377216,-0.3016121679033561
2022-01-06,49.86199951171875,51.92819984436035,1,220.1808030046319,13.560769740471926,97370.01242909228,45.755573705968175,LOSS,97650.97889377216,-0.28772519012382014
2022-01-07,48.29499816894531,50.85923950195313,1,214.68758847802175,-41.73654482275967,97328.27588426952,45.50068895178093,LOSS,97650.97889377216,-0.33046571899057836
2022-01-10,48.19499969482422,49.26089813232422,1,201.55616392518309,94.96632017518277,97423.2422044447,43.751877631303,LOSS,97650.97889377216,-0.23321495791168517
2022-01-11,50.65599822998047,49.1588996887207,1,199.94271683147306,199.94271683147306,97623.18492127617,43.423564650985135,WIN,97650.97889377216,-0.028462564134889148
2022-01-12,51.4640007019043,51.66911819458008,1,214.12496035158188,193.61321108400364,97816.79813236017,44.460977727282,LOSS,97816.79813236017,0.0
2022-01-13,48.95899963378906,52.49328071594238,1,217.60112639397445,-135.82698182135758,97680.97115053881,44.47658233412258,LOSS,97816.79813236017,-0.13885854415063348
2022-01-14,49.95600128173828,49.938179626464844,1,207.44819706666337,207.44819706666337,97888.41934760548,44.59513742066895,WIN,97888.41934760548,0.0
2022-01-18,46.827999114990234,50.95512130737305,1,208.92616356265313,-203.78605567562823,97684.63329192984,43.86783889702685,LOSS,97888.41934760548,-0.20818198621839323
2022-01-19,46.04199981689453,47.76455909729004,1,201.38671018828478,29.13078214873397,97713.76407407857,45.43357369441438,LOSS,97888.41934760548,-0.17842281517152656
2022-01-20,45.75299835205078,46.96283981323242,1,195.7156839326932,74.73153781452925,97788.4956118931,44.775386135709226,LOSS,97888.41934760548,-0.10207922078866699
2022-01-21,37.5890007019043,46.6680583190918,1,190.04125483652982,-717.8645068822204,97070.63110501088,43.48991298712056,LOSS,97888.41934760548,-0.8354289997171207
2022-01-24,37.04499816894531,38.34078071594239,1,191.95521185955232,62.37695715984489,97133.00806217072,56.09758864247967,LOSS,97888.41934760548,-0.7717064903788754
2022-01-25,36.505001068115234,37.78589813232422,1,183.78873784969358,55.69903142879497,97188.70709359951,54.17338419796323,LOSS,97888.41934760548,-0.7148059583240994
2022-01-26,35.3650016784668,37.23510108947754,1,179.14658916200685,-7.863351939067314,97180.84374166044,53.46199233789906,LOSS,97888.41934760548,-0.7228389330022872
2022-01-27,31.94499969482422,36.072301712036136,1,171.46140671027587,-241.26879501091588,96939.57494664953,52.67994201026074,LOSS,97888.41934760548,-0.9693122100445446
2022-01-28,33.89500045776367,32.583899688720706,1,160.3021495728152,160.3021495728152,97099.87709622235,54.92527393747289,WIN,97888.41934760548,-0.805552134398029
2022-01-31,36.80099868774414,34.572900466918945,1,176.3529466347129,176.3529466347129,97276.23004285706,57.3706375705003,WIN,97888.41934760548,-0.6253950250994571
2022-02-01,37.29999923706055,37.537018661499026,1,203.07668587361266,179.37474342976475,97455.60478628683,61.541919928612366,LOSS,97888.41934760548,-0.4421509349146899
2022-02-02,34.88399887084961,38.04599922180176,1,204.94626532327885,-111.25376977193599,97344.35101651489,61.22839322552642,LOSS,97888.41934760548,-0.5558045933488626
2022-02-03,34.00899887084961,35.581678848266606,1,193.54831699007573,36.28031924837612,97380.63133576326,61.940137675708,LOSS,97888.41934760548,-0.5187416603786845
2022-02-04,39.16400146484375,34.6891788482666,1,185.77862252435318,185.77862252435318,97566.40995828761,60.80630682391929,WIN,97888.41934760548,-0.32895555108965796
2022-02-07,41.34700012207031,39.947281494140626,1,240.6386418166159,240.6386418166159,97807.04860010423,69.82503952262265,WIN,97888.41934760548,-0.08312602046652551
2022-02-08,42.542999267578125,42.17394012451172,1,257.2626393747662,257.2626393747662,98064.311239479,70.8523235648333,WIN,98064.311239479,0.0
2022-02-09,44.65999984741211,43.39385925292969,1,265.7654483024128,265.7654483024128,98330.0766877814,71.18232133770304,WIN,98330.0766877814,0.0
2022-02-10,43.14799880981445,45.55319984436035,1,278.8495960806066,38.32949262601693,98368.40618040742,71.14063813664389,LOSS,98368.40618040742,0.0
2022-02-11,41.10100173950195,44.01095878601074,1,269.77879138762614,-21.216913263252536,98347.18926714416,71.25403907017963,LOSS,98368.40618040742,-0.021568828943251857
2022-02-14,40.94900131225586,41.923021774291996,1,256.88579693432683,159.48375073071315,98506.67301787487,71.22367533586981,LOSS,98506.67301787487,0.0
2022-02-15,43.7239990234375,41.76798133850098,1,255.26629511258133,255.26629511258133,98761.93931298745,71.00739608392534,WIN,98761.93931298745,0.0
2022-02-16,43.49800109863281,44.59847900390625,1,274.29096731614277,164.24317678879913,98926.18248977626,71.52959952752539,LOSS,98926.18248977626,0.0
2022-02-17,40.459999084472656,44.36796112060547,1,272.6421917388949,-118.15401187438664,98808.02847790187,71.4593357129402,LOSS,98926.18248977626,-0.11943654238006991
2022-02-18,39.59700012207031,41.26919906616211,1,257.6728650053057,90.45297059612605,98898.481448498,72.79092186709829,LOSS,98926.18248977626,-0.02800172874468044
2022-02-22,37.77000045776367,40.38894012451172,1,222.59854833101613,-39.29541834378867,98859.18603015422,62.90928226176421,LOSS,98926.18248977626,-0.06772368844715285
2022-02-23,36.50299835205078,38.525400466918946,1,214.4275398348844,12.187328348067979,98871.37335850229,63.64467616267807,LOSS,98926.18248977626,-0.05540406987769399
2022-02-24,39.69599914550781,37.233058319091796,1,208.1695863506428,208.1695863506428,99079.54294485293,63.98354390872141,WIN,99079.54294485293,0.0
2022-02-25,40.5,40.48991912841797,1,231.91389509576484,231.91389509576484,99311.4568399487,65.8281712418983,WIN,99311.4568399487,0.0
2022-02-28,44.29999923706055,41.31,1,224.74800751468285,224.74800751468285,99536.20484746339,61.953269054925215,WIN,99536.20484746339,0.0
2022-03-01,46.472999572753906,45.18599922180176,1,250.6514009081489,250.6514009081489,99786.85624837154,63.39139027467547,WIN,99786.85624837154,0.0
2022-03-02,45.92900085449219,47.40245956420898,1,258.1888608415038,110.84298986982435,99897.69923824136,62.037152970061626,LOSS,99897.69923824136,0.0
2022-03-03,42.869998931884766,46.84758087158203,1,255.89427562008362,-141.86391834964306,99755.83531989172,62.24674809902735,LOSS,99897.69923824136,-0.14200919483772792
2022-03-04,41.0359992980957,43.72739891052246,1,239.17429170820662,-29.965669534469043,99725.86965035724,62.34651203819634,LOSS,99897.69923824136,-0.1720055508729265
2022-03-07,38.89099884033203,41.85671928405762,1,230.6808336238139,-65.89121074874481,99659.9784396085,62.90696301239571,LOSS,99897.69923824136,-0.23796423786090248
2022-03-08,41.0359992980957,39.66881881713867,1,199.18128802933876,199.18128802933876,99859.15972763785,56.29391648193201,WIN,99897.69923824136,-0.03857897719105906
2022-03-09,43.67499923706055,41.85671928405762,1,210.08736239636033,210.08736239636033,100069.2470900342,56.26825499609858,WIN,100069.2470900342,0.0
2022-03-10,42.112998962402344,44.548499221801755,1,227.74374001224766,-15.806285927693494,100053.4408041065,57.52397621389881,LOSS,100069.2470900342,-0.015795348108771805
2022-03-11,39.082000732421875,42.95525894165039,1,218.2167842174371,-169.10903670541458,99884.33176740109,57.0898899673238,LOSS,100069.2470900342,-0.18478736276164753
2022-03-14,36.99300003051758,39.86364074707031,1,206.89996367421202,-80.16410798106153,99804.16765942003,58.575473928339306,LOSS,100069.2470900342,-0.26489599784405204
2022-03-15,39.61399841308594,37.73286003112793,1,196.43756537399506,196.43756537399506,100000.60522479402,58.78887751755866,WIN,100069.2470900342,-0.06859436563804537
2022-03-16,42.87799835205078,40.406278381347654,1,216.230654938183,216.230654938183,100216.83587973221,60.75086798098236,WIN,100216.83587973221,0.0
2022-03-17,43.409000396728516,43.7355583190918,1,236.59576436580573,203.93997212947718,100420.77585186169,61.537213534892466,LOSS,100420.77585186169,0.0
2022-03-18,45.428001403808594,44.277180404663085,1,239.62963799200367,239.62963799200367,100660.4054898537,61.568866567870955,WIN,100660.4054898537,0.0
2022-03-21,43.64799880981445,46.33656143188477,1,246.13035511167718,-22.7259070953543,100637.67958275834,60.216310258889045,LOSS,100660.4054898537,-0.02257680861185227
2022-03-22,45.994998931884766,44.520958786010745,1,238.08214838274736,238.08214838274736,100875.76173114109,60.69999392299732,WIN,100875.76173114109,0.0
2022-03-23,45.069000244140625,46.91489891052246,1,249.58787536944342,64.99800873125992,100940.75973987234,60.32718781547621,LOSS,100940.75973987234,0.0
2022-03-24,48.391998291015625,45.970380249023435,1,243.26698001622827,243.26698001622827,101184.02671988857,59.94677008069658,WIN,101184.02671988857,0.0
2022-03-25,47.242000579833984,49.359838256835936,1,258.6305672626262,46.84679956243107,101230.87351945101,59.24344847203721,LOSS,101230.87351945101,0.0
2022-03-28,51.0,48.186840591430666,1,253.9004355767008,253.9004355767008,101484.7739550277,59.639963929062354,WIN,101484.7739550277,0.0
2022-03-29,52.0,52.02,1,270.8853299222011,268.88532992220075,101753.6592849499,58.8067238295332,LOSS,101753.6592849499,0.0
2022-03-30,50.069000244140625,53.04,1,273.8538999539286,-23.246075632008797,101730.41320931789,58.210690239667365,LOSS,101753.6592849499,-0.022845444375527473
2022-03-31,48.63199996948242,51.07038024902344,1,265.9447157176829,22.106687763581448,101752.51989708147,58.80787833414353,LOSS,101753.6592849499,-0.0011197512467255504
2022-04-01,49.097999572753906,49.60463996887207,1,252.47317751984832,201.80913790803183,101954.3290349895,57.219617261429434,LOSS,101954.3290349895,0.0
2022-04-04,50.125999450683594,50.079959564208984,1,250.9408219661637,250.9408219661637,102205.26985695567,56.15491657019985,WIN,102205.26985695567,0.0
2022-04-05,48.72800064086914,51.128519439697264,1,249.85961980747953,9.807739924667175,102215.07759688034,54.482959292116746,LOSS,102215.07759688034,0.0
2022-04-06,45.51100158691406,49.702560653686525,1,242.43458166341406,-176.72132501383226,102038.3562718665,54.35901987320482,LOSS,102215.07759688034,-0.17289164100700527
2022-04-07,46.361000061035156,46.421221618652346,1,229.18817983516786,223.16602407344885,102261.52229593995,55.16098638791874,LOSS,102261.52229593995,0.0
2022-04-08,45.32400131225586,47.28822006225586,1,231.37857844649665,34.95670344649659,102296.47899938645,54.564593452105726,LOSS,102296.47899938645,0.0
2022-04-11,43.638999938964844,46.23048133850098,1,218.2198938782995,-40.928246075314064,102255.55075331114,52.234521309621165,LOSS,102296.47899938645,-0.04000943773984835
2022-04-12,44.345001220703125,44.511779937744144,1,207.48851231481166,190.81064061070973,102446.36139392185,51.44069769340022,LOSS,102446.36139392185,0.0
2022-04-13,46.358001708984375,45.231901245117186,1,204.75679945227748,204.75679945227748,102651.11819337413,49.62440770203587,WIN,102651.11819337413,0.0
2022-04-14,44.91899871826172,47.28516174316406,1,206.5861380537124,-30.030164436521773,102621.08802893761,47.494072964455775,LOSS,102651.11819337413,-0.029254590661110667
2022-04-18,44.5890007019043,45.81737869262695,1,202.1036968260977,79.26589775383209,102700.35392669144,48.06252697333541,LOSS,102700.35392669144,0.0
2022-04-19,47.11399841308594,45.48078071594238,1,197.21673887791397,197.21673887791397,102897.57066556936,47.05315512999043,WIN,102897.57066556936,0.0
2022-04-20,44.90299987792969,48.05627838134766,1,210.65448416900256,-104.67336617279466,102792.89729939657,47.69044677859279,LOSS,102897.57066556936,-0.10172578953588163
2022-04-21,42.7859992980957,45.801059875488285,1,200.3120392237837,-101.19401851547445,102691.7032808811,47.55589822479978,LOSS,102897.57066556936,-0.20007020900168326
2022-04-22,40.90800094604492,43.641719284057615,1,193.72608900321,-79.6457447980593,102612.05753608304,48.43953994129384,LOSS,102897.57066556936,-0.27747314891843194
2022-04-25,42.79999923706055,41.72616096496582,1,177.88569846362282,177.88569846362282,102789.94323454666,46.06684753343892,WIN,102897.57066556936,-0.10459666863516641
2022-04-26,39.10100173950195,43.65599922180176,1,190.17369933193257,-265.3260488980478,102524.61718564862,47.32196391114153,LOSS,102897.57066556936,-0.3624512002648679
2022-04-27,38.577999114990234,39.88302177429199,1,171.2636671245352,40.76140119435965,102565.37858684298,46.48487348743218,LOSS,102897.57066556936,-0.3228376302547012
2022-04-28,40.04899978637695,39.34955909729004,1,167.29821797161878,167.29821797161878,102732.6768048146,45.910609872848525,WIN,102897.57066556936,-0.16025048957733648
2022-04-29,35.41699981689453,40.84997978210449,1,176.73322222990367,-366.5647742910923,102366.11203052351,46.919994057772016,LOSS,102897.57066556936,-0.516492888615579
2022-05-02,36.590999603271484,36.12533981323242,1,169.6770621790062,169.6770621790062,102535.78909270251,51.91929916010286,WIN,102897.57066556936,-0.35159389140749286
2022-05-03,34.34000015258789,37.32281959533692,1,177.35618378276027,-120.9257604921423,102414.86333221037,52.66212844824396,LOSS,102897.57066556936,-0.469114411775431
2022-05-04,36.64400100708008,35.02680015563965,1,167.33338490613724,167.33338490613724,102582.1967171165,53.0041235423936,WIN,102897.57066556936,-0.30649309445591294
2022-05-05,31.45199966430664,37.37688102722168,1,186.2768216601896,-406.21131463131417,102175.98540248518,55.78980317356235,LOSS,102897.57066556936,-0.7012655968617866
2022-05-06,29.423999786376953,32.081039657592775,1,172.13856343952395,-93.56542368205831,102082.41997880313,60.94421567700687,LOSS,102897.57066556936,-0.7921962408768484
2022-05-09,21.905000686645508,30.012479782104492,1,161.59420737470407,-649.1537021711944,101433.26627663193,61.193739119856914,LOSS,102897.57066556936,-1.423069932036219
2022-05-10,22.552000045776367,22.343100700378418,1,146.827548056391,146.827548056391,101580.09382468832,77.21383260801178,WIN,102897.57066556936,-1.2803770121677815
2022-05-11,16.81999969482422,23.003040046691893,1,152.78740819214747,-465.51662699461997,101114.5771976937,78.16590936142049,LOSS,102897.57066556936,-1.7327848037060394
2022-05-12,17.118000030517578,17.156399688720704,1,127.7616917665081,123.92172594619551,101238.4989236399,80.0,LOSS,102897.57066556936,-1.612352683545531
2022-05-13,20.457000732421875,17.46036003112793,1,128.81609245672473,128.81609245672473,101367.31501609662,80.0,WIN,102897.57066556936,-1.487164021049903
2022-05-16,20.150999069213867,20.866140747070315,1,171.65122067491444,100.1370528892697,101467.45206898589,80.0,LOSS,102897.57066556936,-1.3898468033142855
2022-05-17,22.48699951171875,20.554019050598146,1,168.98458395287966,168.98458395287966,101636.43665293878,80.0,WIN,102897.57066556936,-1.2256207843132072
2022-05-18,19.743999481201172,22.936739501953124,1,193.16533256618627,-126.10866950900893,101510.32798342977,80.0,LOSS,102897.57066556936,-1.3481782642355222
2022-05-19,21.07699966430664,20.138879470825195,1,171.81776404505501,171.81776404505501,101682.14574747483,80.0,WIN,102897.57066556936,-1.1811988468073986
2022-05-20,20.274999618530273,21.498539657592772,1,186.2062714055774,63.852267499327525,101745.99801497416,80.0,LOSS,102897.57066556936,-1.1191446436942296
2022-05-23,20.437000274658203,20.680499610900878,1,179.07840736772678,154.72847374345935,101900.72648871761,80.0,LOSS,102897.57066556936,-0.9687732862922741
2022-05-24,19.301000595092773,20.845740280151368,1,179.29075582667238,24.81678732081292,101925.54327603843,80.0,LOSS,102897.57066556936,-0.944655333691165
2022-05-25,19.812000274658203,19.68702060699463,1,168.62370309325374,168.62370309325374,102094.16697913168,80.0,WIN,102897.57066556936,-0.7807800332321263
2022-05-26,21.610000610351562,20.20824028015137,1,173.83650273771062,173.83650273771062,102268.0034818694,80.0,WIN,102897.57066556936,-0.6118387243039433
2022-05-27,21.93899917602539,22.042200622558592,1,192.42839965718645,182.10825500386625,102450.11173687327,80.0,LOSS,102897.57066556936,-0.4348585936497942
2022-05-31,26.4689998626709,22.3777791595459,1,192.98590199923075,192.98590199923075,102643.0976388725,80.0,WIN,102897.57066556936,-0.24730712790483642
2022-06-01,23.81399917602539,26.998379859924317,1,249.05720536025672,-69.38086302963586,102573.71677584285,80.0,LOSS,102897.57066556936,-0.31473424263734806
2022-06-02,24.445999145507812,24.2902791595459,1,225.75691165286668,225.75691165286668,102799.47368749572,80.0,WIN,102897.57066556936,-0.0953345909326438
2022-06-03,22.722000122070312,24.93491912841797,1,230.28133266282228,8.989432028056484,102808.46311952377,80.0,LOSS,102897.57066556936,-0.08659829913302974
2022-06-06,23.54400062561035,23.176440124511718,1,210.05042480783956,210.05042480783956,103018.51354433161,80.0,WIN,103018.51354433161,0.0
2022-06-07,24.0,24.01488063812256,1,217.1621093156488,215.6740455033929,103234.187589835,80.0,LOSS,103234.187589835,0.0
2022-06-08,23.288999557495117,24.48,1,198.94877857089054,79.84873432040222,103314.0363241554,80.0,LOSS,103314.0363241554,0.0
2022-06-09,21.775999069213867,23.75477954864502,1,193.40831450967528,-4.469733433439842,103309.56659072197,80.0,LOSS,103314.0363241554,-0.004326356410478475
2022-06-10,20.336000442504883,22.211519050598145,1,157.679113938735,-29.872746870591243,103279.69384385138,80.0,LOSS,103314.0363241554,-0.033240865932556506
2022-06-13,15.21500015258789,20.74272045135498,1,149.60378132430512,-403.16824855240384,102876.52559529897,80.0,LOSS,103314.0363241554,-0.4234765617749268
2022-06-14,15.687000274658203,15.519300155639648,1,118.7360252272837,118.7360252272837,102995.26162052625,80.0,WIN,103314.0363241554,-0.3085492687837456
2022-06-15,17.134000778198242,16.00074028015137,1,122.81788275671175,122.81788275671175,103118.07950328296,80.0,WIN,103314.0363241554,-0.18967105327064052
2022-06-16,16.134000778198242,17.476680793762206,1,132.65250565866253,-1.6154958977338651,103116.46400738524,80.0,LOSS,103314.0363241554,-0.19123472840637806
2022-06-17,16.760000228881836,16.456680793762207,1,122.06219385036583,122.06219385036583,103238.5262012356,80.0,WIN,103314.0363241554,-0.07308796133265556
2022-06-21,17.895999908447266,17.095200233459472,1,125.8156779633445,125.8156779633445,103364.34187919894,80.0,WIN,103364.34187919894,0.0
2022-06-22,17.090999603271484,18.25391990661621,1,135.60187251743582,19.309842182963138,103383.6517213819,80.0,LOSS,103383.6517213819,0.0
2022-06-23,18.83099937438965,17.432819595336916,1,129.97006408322588,129.97006408322588,103513.62178546513,80.0,WIN,103513.62178546513,0.0
2022-06-24,20.54400062561035,19.20761936187744,1,145.5553709432207,145.5553709432207,103659.17715640836,80.0,WIN,103659.17715640836,0.0
2022-06-27,19.67300033569336,20.95488063812256,1,161.1306677778023,32.94263753488221,103692.11979394325,80.0,LOSS,103692.11979394325,0.0
2022-06-28,18.61199951171875,20.066460342407225,1,152.50279523082474,7.056712161977202,103699.17650610523,80.0,LOSS,103699.17650610523,0.0
2022-06-29,17.9689998626709,18.984239501953127,1,145.01705208684413,43.493088158621305,103742.66959426385,80.0,LOSS,103742.66959426385,0.0
2022-06-30,16.43000030517578,18.32837985992432,1,125.44447776852081,-64.3934777063329,103678.27611655752,80.0,LOSS,103742.66959426385,-0.06207038816156162
2022-07-01,16.677000045776367,16.7586003112793,1,113.98554461058667,105.82551806029352,103784.10163461781,80.0,LOSS,103784.10163461781,0.0
2022-07-05,18.76799964904785,17.010540046691894,1,115.43375489396728,115.43375489396728,103899.53538951177,80.0,WIN,103899.53538951177,0.0
2022-07-06,18.829999923706055,19.14335964202881,1,135.14022607400733,103.8042542417319,104003.33964375351,80.0,LOSS,104003.33964375351,0.0
2022-07-07,21.951000213623047,19.206599922180175,1,134.99279809575725,134.99279809575725,104138.33244184927,80.0,WIN,104138.33244184927,0.0
2022-07-08,22.128000259399414,22.390020217895508,1,168.1858464217791,141.98385057216973,104280.31629242144,80.0,LOSS,104280.31629242144,0.0
2022-07-11,20.09000015258789,22.570560264587403,1,169.2148490529301,-78.84116214702112,104201.47513027443,80.0,LOSS,104280.31629242144,-0.07560502782320842
2022-07-12,19.25200080871582,20.49180015563965,1,155.07898682678797,31.09905213440517,104232.57418240883,80.0,LOSS,104280.31629242144,-0.04578247526477642
2022-07-13,19.55500030517578,19.637040824890136,1,147.74979536560295,139.54574339416752,104372.119925803,80.0,LOSS,104372.119925803,0.0
2022-07-14,20.458999633789062,19.9461003112793,1,125.1922816995037,125.1922816995037,104497.3122075025,73.2337776775113,WIN,104497.3122075025,0.0
2022-07-15,21.398000717163086,20.868179626464844,1,131.28900369455013,131.28900369455013,104628.60121119705,73.4337474277092,WIN,104628.60121119705,0.0
2022-07-18,22.562999725341797,21.82596073150635,1,134.97345341103605,134.97345341103605,104763.57466460808,71.98630859058738,WIN,104763.57466460808,0.0
2022-07-19,26.716999053955078,23.014259719848635,1,140.24741440365608,140.24741440365608,104903.82207901173,70.76997991970967,WIN,104903.82207901173,0.0
2022-07-20,28.87700080871582,27.25133903503418,1,180.59459194153902,180.59459194153902,105084.41667095327,77.96278020814438,WIN,105084.41667095327,0.0
2022-07-21,28.97100067138672,29.454540824890138,1,195.90730942724832,147.55329407690638,105231.96996503018,78.28899903542077,LOSS,105231.96996503018,0.0
2022-07-22,28.191999435424805,29.550420684814455,1,193.79574037071143,57.953615431746414,105289.92358046192,77.03361979505084,LOSS,105289.92358046192,0.0
2022-07-25,26.586000442504883,28.755839424133303,1,186.93954582404544,-30.04435233879653,105259.87922812313,76.26161968564313,LOSS,105289.92358046192,-0.028534879043610604
2022-07-26,23.763999938964844,27.11772045135498,1,176.67436861274166,-158.697682626272,105101.18154549686,76.45274691503042,LOSS,105289.92358046192,-0.17925935222170455
2022-07-27,26.239999771118164,24.23927993774414,1,163.25277001394616,163.25277001394616,105264.4343155108,79.42075473329412,WIN,105289.92358046192,-0.02420864607394068
2022-07-28,27.57200050354004,26.764799766540527,1,181.65456037506613,181.65456037506613,105446.08887588588,80.0,WIN,105446.08887588588,0.0
2022-07-29,28.606000900268555,28.12344051361084,1,189.56239797020856,189.56239797020856,105635.65127385609,79.49253654096229,WIN,105635.65127385609,0.0
2022-08-01,27.573999404907227,29.178120918273926,1,189.38495058682753,28.97279925015758,105664.62407310624,76.12297097342918,LOSS,105664.62407310624,0.0
2022-08-02,27.826000213623047,28.12547939300537,1,184.84813741980847,154.90021948157607,105819.52429258781,77.22425458375494,LOSS,105819.52429258781,0.0
2022-08-03,31.368000030517578,28.382520217895507,1,180.9609162175572,180.9609162175572,106000.48520880537,74.57310172052408,WIN,106000.48520880537,0.0
2022-08-04,30.930999755859375,31.99536003112793,1,210.35396844370217,103.91794091684665,106104.40314972222,77.25459592660681,LOSS,106104.40314972222,0.0
2022-08-05,31.915000915527344,31.549619750976564,1,195.34656931681945,195.34656931681945,106299.74971903904,72.08948601020177,WIN,106299.74971903904,0.0
2022-08-08,33.000999450683594,32.55330093383789,1,201.5498440323964,201.5498440323964,106501.29956307144,72.08482572634577,WIN,106501.29956307144,0.0
2022-08-09,31.937999725341797,33.66101943969726,1,198.35614568969075,26.05417425414413,106527.35373732558,68.05538668811276,LOSS,106527.35373732558,0.0
2022-08-10,33.58000183105469,32.57675971984863,1,191.04064987492342,191.04064987492342,106718.3943872005,67.67174580035515,WIN,106718.3943872005,0.0
2022-08-11,33.69900131225586,34.25160186767578,1,201.1490336147018,145.88897807270965,106864.28336527321,67.78463852516859,LOSS,106864.28336527321,0.0
2022-08-12,35.284000396728516,34.37298133850098,1,202.09945396539578,202.09945396539578,107066.3828192386,67.87790848535236,WIN,107066.3828192386,0.0
2022-08-15,34.90800094604492,35.98968040466308,1,211.6413963153047,103.47345045348854,107169.85626969209,67.89155381497918,LOSS,107169.85626969209,0.0
2022-08-16,34.263999938964844,35.606160964965824,1,209.79856909405657,75.58246649395858,107245.43873618604,68.04787594013621,LOSS,107245.43873618604,0.0
2022-08-17,32.52000045776367,34.949279937744144,1,183.11544631751258,-59.812501680534666,107185.62623450551,59.240294067988515,LOSS,107245.43873618604,-0.055771604261567895
2022-08-18,32.4379997253418,33.17040046691895,1,172.74788375227934,99.50780959456415,107285.13404410008,58.814309381304916,LOSS,107285.13404410008,0.0
2022-08-19,28.299999237060547,33.08675971984864,1,172.38597713877775,-306.29007114003116,106978.84397296005,58.84435952112362,LOSS,107285.13404410008,-0.2854916236709243
2022-08-22,26.80900001525879,28.865999221801758,1,162.88853471899904,-42.811385935297835,106936.03258702475,64.68428298626185,LOSS,107285.13404410008,-0.3253959275772843
2022-08-23,26.579999923706055,27.345180015563965,1,153.97611746378888,77.45810827799782,107013.49069530274,64.52117211084429,LOSS,107285.13404410008,-0.2531975666690975
2022-08-24,27.44099998474121,27.111599922180176,1,144.14711321047128,144.14711321047128,107157.63780851322,60.28391180610872,WIN,107285.13404410008,-0.11883867855769742
2022-08-25,27.2810001373291,27.989819984436036,1,141.68307164742802,70.80108693673462,107228.43889544994,56.84505836548175,LOSS,107285.13404410008,-0.05284529786468829
2022-08-26,24.920000076293945,27.826620140075683,1,138.95764941036944,-151.70435696780427,107076.73453848214,55.924067707368195,LOSS,107285.13404410008,-0.19424825953265568
2022-08-29,24.496000289916992,25.418400077819825,1,131.01877679410367,38.778798003820356,107115.51333648596,58.09367056026332,LOSS,107285.13404410008,-0.15810271304166995
2022-08-30,24.023000717163086,24.98592029571533,1,128.20187609421848,31.909918238993924,107147.42325472496,57.77629603019492,LOSS,107285.13404410008,-0.12835961906755589
2022-08-31,23.1560001373291,24.503460731506348,1,125.7209477954834,-9.025111622241212,107138.39814310272,57.77329747259241,LOSS,107285.13404410008,-0.13677188578339505
2022-09-01,22.091999053955078,23.619120140075683,1,107.62592276976805,-45.08618584229244,107093.31195726043,50.02793873421113,LOSS,107285.13404410008,-0.17879652064450627
2022-09-02,21.805999755859375,22.53383903503418,1,103.43688030878519,30.65295239130465,107123.96490965174,50.480806961933766,LOSS,107285.13404410008,-0.15022503899010956
2022-09-06,20.424999237060547,22.242119750976563,1,100.25865674167092,-81.45339464993073,107042.51151500181,49.36507596798001,LOSS,107285.13404410008,-0.22614738869463324
2022-09-07,21.861000061035156,20.83349922180176,1,93.07257107270455,93.07257107270455,107135.58408607451,48.823242369861646,WIN,107285.13404410008,-0.13939485592113604
2022-09-08,23.450000762939453,22.29822006225586,1,105.79982982987002,105.79982982987002,107241.38391590439,52.56518431885447,WIN,107285.13404410008,-0.040779301424659756
2022-09-09,26.19700050354004,23.919000778198242,1,116.07620324561698,116.07620324561698,107357.46011915,54.02409817481039,WIN,107357.46011915,0.0
2022-09-12,26.29800033569336,26.72094051361084,1,142.73748785234903,100.44347006060082,107457.9035892106,60.620947851399336,LOSS,107457.9035892106,0.0
2022-09-13,23.125,26.823960342407226,1,140.91968581293304,-228.9763484277895,107228.92724078281,59.42971001185466,LOSS,107457.9035892106,-0.2130846971509169
2022-09-14,22.599000930786133,23.587500000000002,1,130.76295913863913,31.9130522172522,107260.84029300006,63.346004852540986,LOSS,107457.9035892106,-0.18338650730045597
2022-09-15,21.694000244140625,23.050980949401858,1,127.79816439393778,-7.899906132185492,107252.94038686788,63.351581776440874,LOSS,107457.9035892106,-0.19073813604838016
2022-09-16,20.634000778198242,22.127880249023438,1,122.35096871312369,-27.03697836939584,107225.90340849849,63.150727010998146,LOSS,107457.9035892106,-0.2158986663270522
2022-09-19,20.6200008392334,21.046680793762206,1,116.6838320679072,74.0158366150264,107299.91924511352,63.35018050926856,LOSS,107457.9035892106,-0.14701975268476175
2022-09-20,19.65999984741211,21.032400856018068,1,109.97798847072042,-27.262112389875455,107272.65713272365,59.09883881515555,LOSS,107457.9035892106,-0.1723897920018222
2022-09-21,19.591999053955078,20.053199844360353,1,104.61397359399265,58.493894553465125,107331.15102727711,58.93479613151707,LOSS,107457.9035892106,-0.11795555068526262
2022-09-22,19.23200035095215,19.98383903503418,1,104.2964791352897,29.112610727086576,107360.2636380042,58.96474080323133,LOSS,107457.9035892106,-0.09086344321369455
2022-09-23,19.145000457763672,19.616640357971193,1,101.14576091584699,53.981770895094925,107414.2454088993,58.115730615527056,LOSS,107457.9035892106,-0.04062817052359766
2022-09-26,20.01799964904785,19.527900466918947,1,100.70422125171254,100.70422125171254,107514.94963015101,58.126795856662255,WIN,107514.94963015101,0.0
2022-09-27,20.60700035095215,20.418359642028808,1,104.11389917140812,104.11389917140812,107619.06352932242,57.34543675000664,WIN,107619.06352932242,0.0
2022-09-28,22.047000885009766,21.019140357971192,1,107.99868173875133,107.99868173875133,107727.06221106117,57.87272635585316,WIN,107727.06221106117,0.0
2022-09-29,21.18199920654297,22.487940902709962,1,118.9457230785886,-11.648446538110733,107715.41376452307,59.91292054200414,LOSS,107727.06221106117,-0.010812925089598517
2022-09-30,21.22599983215332,21.605639190673827,1,114.4082414293678,76.44430557731714,107791.85807010038,59.99366385494567,LOSS,107791.85807010038,0.0
2022-10-03,22.45199966430664,21.650519828796387,1,113.48873245154829,113.48873245154829,107905.34680255193,59.27247959855535,WIN,107905.34680255193,0.0
2022-10-04,24.874000549316406,22.901039657592772,1,121.9221637761637,121.9221637761637,108027.26896632809,60.37923405700974,WIN,108027.26896632809,0.0
2022-10-05,24.2189998626709,25.371480560302736,1,138.5278222902703,23.279752527086572,108050.54871885518,62.21583242071402,LOSS,108050.54871885518,0.0
2022-10-06,24.16699981689453,24.70337985992432,1,133.2710321520123,79.6330278490336,108130.18174670421,61.336989148423,LOSS,108130.18174670421,0.0
2022-10-07,22.030000686645508,24.65033981323242,1,129.9568720232032,-132.0770406354881,107998.10470606873,59.67948509814255,LOSS,108130.18174670421,-0.12214632261034887
2022-10-10,22.065000534057617,22.47060070037842,1,114.14868451856242,73.5886678864822,108071.6933739552,57.087430672392884,LOSS,108130.18174670421,-0.054090700491023096
2022-10-11,21.636999130249023,22.50630054473877,1,114.30007364670361,27.369932197728858,108099.06330615294,57.06946680915329,LOSS,108130.18174670421,-0.028778681445455295
2022-10-12,21.83799934387207,22.069739112854005,1,102.97351383995306,79.79953694175954,108178.8628430947,51.49999490766854,LOSS,108178.8628430947,0.0
2022-10-13,22.054000854492188,22.27475933074951,1,103.67976771725816,81.60392009152582,108260.46676318622,51.348350432385615,LOSS,108260.46676318622,0.0
2022-10-14,20.930999755859375,22.495080871582033,1,103.5088400353477,-52.89927153691809,108207.5674916493,50.6306882631455,LOSS,108260.46676318622,-0.04886296274025706
2022-10-17,22.113000869750977,21.34961975097656,1,98.39437238436044,98.39437238436044,108305.96186403366,50.72944469685779,WIN,108305.96186403366,0.0
2022-10-18,23.5,22.555260887145998,1,106.11052813216676,106.11052813216676,108412.07239216582,52.02144901146731,WIN,108412.07239216582,0.0
2022-10-19,22.607999801635742,23.97,1,112.9097834828384,-23.29023635358726,108388.78215581224,52.102318311000694,LOSS,108412.07239216582,-0.021483065344728332
2022-10-20,22.10099983215332,23.060159797668458,1,110.17694882580909,14.26095227429532,108403.04310808654,53.01099568328323,LOSS,108412.07239216582,-0.008328670304004948
2022-10-21,23.261999130249023,22.543019828796385,1,107.87455318160819,107.87455318160819,108510.91766126815,53.11179205163088,WIN,108510.91766126815,0.0
2022-10-24,23.760000228881836,23.727239112854004,1,114.79675361012885,114.79675361012885,108625.71441487828,53.82571118777785,WIN,108625.71441487828,0.0
2022-10-25,26.868999481201172,24.235200233459473,1,116.38829370351304,116.38829370351304,108742.10270858179,53.34351333975069,WIN,108742.10270858179,0.0
2022-10-26,27.27199935913086,27.406379470825197,1,142.89670718356783,129.4586960141341,108871.56140459592,58.89664180350567,LOSS,108871.56140459592,0.0
2022-10-27,27.055999755859375,27.817439346313478,1,142.5235331998707,66.37957415446044,108937.94097875038,57.67599995811002,LOSS,108937.94097875038,0.0
2022-10-28,27.999000549316406,27.597119750976564,1,139.56466373890825,139.56466373890825,109077.5056424893,56.781213123363905,WIN,109077.5056424893,0.0
2022-10-31,26.750999450683594,28.558980560302736,1,144.6516505276166,-36.14646043429761,109041.359182055,56.8864074798414,LOSS,109077.5056424893,-0.033138326936778324
2022-11-01,25.719999313354492,27.286019439697267,1,139.1949584909727,-17.407054143304748,109023.9521279117,57.37640926298362,LOSS,109077.5056424893,-0.04909675396604689
2022-11-02,24.822999954223633,26.234399299621582,1,127.28732816498353,-13.852606374811444,109010.09952153689,54.01111526516315,LOSS,109077.5056424893,-0.061796536834402116
2022-11-03,24.8439998626709,25.319459953308105,1,123.29891965887316,75.75291059515254,109085.85243213204,54.25136151004745,LOSS,109085.85243213204,0.0
2022-11-04,27.709999084472656,25.340879859924318,1,123.38852380254298,123.38852380254298,109209.24095593458,54.24353149276643,WIN,109209.24095593458,0.0
2022-11-07,26.663999557495117,28.26419906616211,1,139.706579648008,-20.313371218691287,109188.92758471589,55.23842310019084,LOSS,109209.24095593458,-0.01860041425147679
2022-11-08,21.18400001525879,27.19727954864502,1,136.35751144235792,-464.97044189626524,108723.95714281962,56.19326521580228,LOSS,109209.24095593458,-0.44436149255059076
2022-11-09,17.035999298095703,21.607680015563965,1,132.3884390996203,-324.77963264720586,108399.17751017242,71.21499587380433,LOSS,109209.24095593458,-0.7417535720159619
2022-11-10,17.5,17.376719284057618,1,119.28482154251041,119.28482154251041,108518.46233171492,80.0,WIN,109209.24095593458,-0.6325276306044337
2022-11-11,17.51799964904785,17.85,1,122.8430298676865,89.64299477247151,108608.10532648739,80.0,LOSS,109209.24095593458,-0.5504439223139981
2022-11-14,16.59000015258789,17.86835964202881,1,122.33869164807776,-5.497257296014226,108602.60806919138,80.0,LOSS,109209.24095593458,-0.5554776147450522
2022-11-15,17.152999877929688,16.921800155639648,1,115.17597778762752,115.17597778762752,108717.78404697901,80.0,WIN,109209.24095593458,-0.45001403237833515
2022-11-16,16.944000244140625,17.49605987548828,1,117.94351645827459,62.73755332350892,108780.52160030251,79.50302309927778,LOSS,109209.24095593458,-0.3925669218826061
2022-11-17,17.38800048828125,17.28288024902344,1,116.27787566863543,116.27787566863543,108896.79947597114,79.32457422569092,WIN,109209.24095593458,-0.28609436090624263
2022-11-18,17.011999130249023,17.735760498046876,1,119.7077892859196,47.331652506134375,108944.13112847728,79.61593741672174,LOSS,109209.24095593458,-0.24275402441838417
2022-11-21,15.722000122070312,17.352239112854004,1,115.84432636939349,-47.17957270897571,108896.9515557683,78.62457425151425,LOSS,109209.24095593458,-0.28595510547709624
2022-11-22,16.70800018310547,16.03644012451172,1,107.81071129856248,107.81071129856248,109004.76226706686,79.25624103968038,WIN,109209.24095593458,-0.18723570192217087
2022-11-23,17.638999938964844,17.04216018676758,1,109.26507249078898,109.26507249078898,109114.02733955765,75.05439903560486,WIN,109209.24095593458,-0.08718457846928003
2022-11-25,18.299999237060547,17.99177993774414,1,116.98178488646269,116.98178488646269,109231.00912444411,76.27555333444585,WIN,109231.00912444411,0.0
2022-11-28,17.66699981689453,18.66599922180176,1,122.45027202219686,22.55033153147413,109253.55945597558,77.05969488104725,LOSS,109253.55945597558,0.0
2022-11-29,18.200000762939453,18.02033981323242,1,117.31376900863593,117.31376900863593,109370.87322498421,76.38509213569455,WIN,109370.87322498421,0.0
2022-11-30,19.80900001525879,18.564000778198242,1,121.44071071571898,121.44071071571898,109492.31393569993,76.81224131897872,WIN,109492.31393569993,0.0
2022-12-01,19.898000717163086,20.205180015563965,1,135.94544056054048,105.2275107204526,109597.54144642038,79.32895448470093,LOSS,109597.54144642038,0.0
2022-12-02,20.694000244140625,20.295960731506348,1,136.35541305919944,136.35541305919944,109733.89685947957,79.19544192743332,WIN,109733.89685947957,0.0
2022-12-05,19.566999435424805,21.107880249023438,1,142.66336079371706,-11.424720566146277,109722.47213891342,79.74084617412568,LOSS,109733.89685947957,-0.010411295773795624
2022-12-06,19.552000045776367,19.9583394241333,1,129.55107984634455,88.9171420106513,109811.38928092408,76.1287160617112,LOSS,109811.38928092408,0.0
2022-12-07,19.349000930786133,19.943040046691895,1,129.27327974080964,69.86936815023346,109881.25864907431,76.00795041203628,LOSS,109881.25864907431,0.0
2022-12-08,20.256999969482422,19.735980949401856,1,110.66970622440681,110.66970622440681,109991.92835529872,64.20647630817643,WIN,109991.92835529872,0.0
2022-12-09,20.325000762939453,20.662139968872072,1,92.8146221332099,59.10070153994799,110051.02905683867,49.15472181181346,LOSS,110051.02905683867,0.0
2022-12-12,19.615999221801758,20.731500778198242,1,92.9006539888921,-18.64950165075635,110032.37955518792,49.007927938204034,LOSS,110051.02905683867,-0.016946231044438695
2022-12-13,20.180999755859375,20.008319206237793,1,90.91185033856412,90.91185033856412,110123.29140552648,49.85217203586246,WIN,110123.29140552648,0.0
2022-12-14,20.273000717163086,20.584619750976564,1,91.01202179507476,59.850118413726904,110183.14152394021,48.20136873366036,LOSS,110183.14152394021,0.0
2022-12-15,18.799999237060547,20.67846073150635,1,91.0067177291656,-96.83943171541453,110086.3020922248,47.927169528806665,LOSS,110183.14152394021,-0.08788951773931332
2022-12-16,17.375,19.175999221801757,1,88.54723147394202,-91.55269070623365,109994.74940151857,50.849392014514045,LOSS,110183.14152394021,-0.17098089582126616
2022-12-19,17.020999908447266,17.7225,1,85.23550919464881,15.085500039375361,110009.83490155794,53.43801500474978,LOSS,110183.14152394021,-0.15728959982921933
2022-12-20,16.885000228881836,17.361419906616213,1,83.468221824046,35.8262540506083,110045.66115560856,53.414162616701226,LOSS,110183.14152394021,-0.12477441324522912
2022-12-21,16.881999969482422,17.222700233459474,1,79.33409899849781,45.26407260079263,110090.92522820935,50.69774113636671,LOSS,110183.14152394021,-0.0836936526363469
2022-12-22,16.62299919128418,17.21963996887207,1,77.15862309212585,17.49454533333686,110108.41977354269,49.00408165743815,LOSS,110183.14152394021,-0.06781595565714643
2022-12-23,16.267000198364258,16.955459175109862,1,74.14408873462976,5.2981910600693425,110113.71796460275,47.54712790509545,LOSS,110183.14152394021,-0.06300742416422876
2022-12-27,14.77400016784668,16.592340202331542,1,71.68636828809396,-110.14763516039226,110003.57032944236,46.8397453177261,LOSS,110183.14152394021,-0.16297519930382204
2022-12-28,13.809000015258789,15.069480171203613,1,68.69407803821103,-57.35393755627142,109946.21639188609,50.05170746846145,LOSS,110183.14152394021,-0.21502847783900247
2022-12-29,13.663000106811523,14.085180015563965,1,64.88183760267397,22.663846727429764,109968.88023861352,50.69804004739256,LOSS,110183.14152394021,-0.19445922703169344
2022-12-30,14.156999588012695,13.936260108947755,1,58.63678125151615,58.63678125151615,110027.51701986503,45.31564785693101,WIN,110183.14152394021,-0.14124166539703206
2023-01-03,14.501999855041504,14.44013957977295,1,62.10820852835768,62.10820852835768,110089.62522839339,46.57839807243908,WIN,110183.14152394021,-0.08487350628544836
2023-01-04,16.506000518798828,14.792039852142334,1,62.73425589690949,62.73425589690949,110152.3594842903,45.76881479136697,WIN,110183.14152394021,-0.02793715919166029
2023-01-05,15.656000137329102,16.836120529174806,1,83.47630731676712,-34.535731867803364,110117.8237524225,55.44468687251484,LOSS,110183.14152394021,-0.059281093835505935
2023-01-06,16.045000076293945,15.969120140075685,1,80.03656452856616,80.03656452856616,110197.86031695106,56.170502882296226,WIN,110197.86031695106,0.0
2023-01-09,17.500999450683594,16.365900077819823,1,82.57767892854527,82.57767892854527,110280.4379958796,56.62600239293704,WIN,110280.4379958796,0.0
2023-01-10,19.0,17.851019439697264,1,93.46532060676178,93.46532060676178,110373.90331648636,59.1915933107458,WIN,110373.90331648636,0.0
2023-01-11,19.47599983215332,19.38,1,105.61771672517968,105.61771672517968,110479.52103321154,62.07885859916802,WIN,110479.52103321154,0.0
2023-01-12,21.017000198364258,19.865519828796387,1,107.97167014141581,107.97167014141581,110587.49270335295,61.88049014885101,WIN,110587.49270335295,0.0
2023-01-13,21.69700050354004,21.437340202331544,1,119.3682648183104,119.3682648183104,110706.86096817127,63.6766021678822,WIN,110706.86096817127,0.0
2023-01-17,23.591999053955078,22.13094051361084,1,123.6631693654596,123.6631693654596,110830.52413753673,63.9404646940936,WIN,110830.52413753673,0.0
2023-01-18,22.118999481201172,24.06383903503418,1,134.10782235491365,-60.3761330283873,110770.14800450834,63.74085096356052,LOSS,110830.52413753673,-0.05447608724963179
2023-01-19,22.145000457763672,22.561379470825194,1,124.46896558181044,82.83106427565818,110852.979068784,62.983903001961465,LOSS,110852.979068784,0.0
2023-01-20,24.003000259399414,22.587900466918946,1,124.01515960136449,124.01515960136449,110976.99422838536,62.62540951854812,WIN,110976.99422838536,0.0
2023-01-23,25.02199935913086,24.483060264587404,1,136.7945734696356,136.7945734696356,111113.788801855,63.933983409061476,WIN,111113.788801855,0.0
2023-01-24,24.75,25.522439346313476,1,142.632158849989,65.3882242186414,111179.17702607364,63.94997448878616,LOSS,111179.17702607364,0.0
2023-01-25,24.583999633789062,25.245,1,140.8838880966654,74.78385147557155,111253.96087754921,63.84425085695597,LOSS,111253.96087754921,0.0
2023-01-26,24.531999588012695,25.075679626464844,1,139.26281079292943,84.8948069477146,111338.85568449693,63.480407839270775,LOSS,111338.85568449693,0.0
2023-01-27,25.836000442504883,25.02263957977295,1,130.3940009594933,130.3940009594933,111469.24968545642,58.85679163157995,WIN,111469.24968545642,0.0
2023-01-30,24.569000244140625,26.35272045135498,1,130.75161732657605,-47.62040339485944,111421.62928206156,55.49098066559603,LOSS,111469.24968545642,-0.042720663796728564
2023-01-31,25.17300033569336,25.06038024902344,1,127.87552422308752,127.87552422308752,111549.50480628465,57.394868448304926,WIN,111549.50480628465,0.0
2023-02-01,26.79199981689453,25.67646034240723,1,131.02665298646227,131.02665298646227,111680.53145927111,57.39878814475006,WIN,111680.53145927111,0.0
2023-02-02,29.21299934387207,27.327839813232423,1,140.26154660825625,140.26154660825625,111820.79300587936,57.79770735944645,WIN,111820.79300587936,0.0
2023-02-03,28.47599983215332,29.79725933074951,1,145.88483772248006,13.758887862860917,111834.55189374222,54.604686823929036,LOSS,111834.55189374222,0.0
2023-02-06,28.204999923706055,29.045519828796387,1,138.8659977733567,54.81400726432349,111889.36590100655,53.05381183610809,LOSS,111889.36590100655,0.0
2023-02-07,28.386999130249023,28.769099922180175,1,138.99400672976046,100.78392753664534,111990.14982854319,53.733689961526295,LOSS,111990.14982854319,0.0
2023-02-08,27.59600067138672,28.954739112854003,1,136.5744587495846,0.7006146028561488,111990.85044314605,52.188181109566045,LOSS,111990.85044314605,0.0
2023-02-09,24.90399932861328,28.147920684814455,1,131.4418063092444,-192.95032931087295,111797.90011383517,51.55203952571907,LOSS,111990.85044314605,-0.1722911546321601
2023-02-10,24.336999893188477,25.402079315185546,1,128.94376987803957,22.435827678332657,111820.3359415135,57.036133975279924,LOSS,111990.85044314605,-0.15225752903725373
2023-02-13,24.924999237060547,24.823739891052245,1,123.44752873490614,123.44752873490614,111943.78347024841,55.64431998947155,WIN,111990.85044314605,-0.04202751627601018
2023-02-14,27.11400032043457,25.42349922180176,1,126.17952531786261,126.17952531786261,112069.96299556627,55.51132435332121,WIN,112069.96299556627,0.0
2023-02-15,29.84000015258789,27.656280326843262,1,137.3255248506106,137.3255248506106,112207.28852041689,55.54277882752144,WIN,112207.28852041689,0.0
2023-02-16,28.402999877929688,30.43680015563965,1,153.14306387408828,-50.23696389690781,112157.05155651997,56.4343199914692,LOSS,112207.28852041689,-0.0447715692619819
2023-02-17,29.405000686645508,28.971059875488283,1,148.9836312759444,148.9836312759444,112306.03518779592,57.93192453142905,WIN,112306.03518779592,0.0
2023-02-21,26.992000579833984,29.99310070037842,1,150.2399507418636,-149.87006131258,112156.16512648333,56.13261397105331,LOSS,112306.03518779592,-0.13344791405196893
2023-02-22,26.857999801635742,27.531840591430665,1,143.4920545134871,76.10797553399479,112232.27310201732,58.86782091443675,LOSS,112306.03518779592,-0.06567953864211445
2023-02-23,26.575000762939453,27.39515979766846,1,142.65902803240488,60.6431245595043,112292.91622657682,58.808387782865076,LOSS,112306.03518779592,-0.011681439200623988
2023-02-24,25.579999923706055,27.106500778198242,1,141.2376913055644,-11.412394143654353,112281.50383243317,58.84912775774373,LOSS,112306.03518779592,-0.021843309953671203
2023-02-27,25.864999771118164,26.091599922180176,1,137.19247687402145,114.53246176782024,112396.036294201,59.49189592771272,LOSS,112396.036294201,0.0
2023-02-28,26.226999282836914,26.382299766540527,1,136.888287815898,121.35823944553673,112517.39453364653,58.55454375446078,LOSS,112517.39453364653,0.0
2023-03-01,25.791000366210938,26.75153926849365,1,136.82394332508406,40.77005309681266,112558.16458674334,57.55574371173573,LOSS,112558.16458674334,0.0
2023-03-02,25.288999557495117,26.306820373535157,1,134.52546674441825,32.743385140414304,112590.90797188376,57.54348044463243,LOSS,112590.90797188376,0.0
2023-03-03,24.69099998474121,25.79477954864502,1,129.11908516215362,18.74112877177261,112609.64910065553,56.085093324724156,LOSS,112609.64910065553,0.0
2023-03-06,23.7450008392334,25.184819984436036,1,119.26782652238508,-24.71408799787865,112584.93501265765,52.44289768365826,LOSS,112609.64910065553,-0.021946687690850338
2023-03-07,23.143999099731445,24.219900856018068,1,115.19811991784188,7.607944289179613,112592.54295694683,52.72138055804044,LOSS,112609.64910065553,-0.015190655370406479
2023-03-08,23.27199935913086,23.606879081726074,1,112.5016592277033,79.01368696818183,112671.55664391501,52.846717786531165,LOSS,112671.55664391501,0.0
2023-03-09,21.082000732421875,23.737439346313476,1,113.1028517222159,-152.44100966694418,112519.11563424807,52.83477514773017,LOSS,112671.55664391501,-0.13529679912803275
2023-03-10,19.201000213623047,21.503640747070314,1,106.96457494221023,-123.29947840251647,112395.81615584555,55.66174847717686,LOSS,112671.55664391501,-0.24472945637993757
2023-03-13,22.31599998474121,19.585020217895508,1,96.61232662110102,96.61232662110102,112492.42848246665,55.104693800174914,WIN,112671.55664391501,-0.15898259222109867
2023-03-14,22.94700050354004,22.762319984436036,1,129.83066277166665,129.83066277166665,112622.25914523832,65.50512501433005,WIN,112671.55664391501,-0.043753277353300375
2023-03-15,22.7549991607666,23.40594051361084,1,133.63551257644522,68.54137729202135,112690.80052253034,65.58225784969675,LOSS,112690.80052253034,0.0
2023-03-16,24.107999801635742,23.210099143981935,1,127.56220267602191,127.56220267602191,112818.36272520636,62.701545869737174,WIN,112818.36272520636,0.0
2023-03-17,26.766000747680664,24.59015979766846,1,130.43547873377577,130.43547873377577,112948.79820394014,60.11620551154542,WIN,112948.79820394014,0.0
2023-03-20,26.395999908447266,27.301320762634276,1,152.979605256521,62.447519837819954,113011.24572377796,64.1507174556363,LOSS,113011.24572377796,0.0
2023-03-21,27.33799934387207,26.923919906616213,1,149.99189077349166,149.99189077349166,113161.23761455146,63.71320272498048,WIN,113161.23761455146,0.0
2023-03-22,24.68600082397461,27.884759330749514,1,151.54961105890106,-168.3262396185894,112992.91137493287,61.87678196831955,LOSS,113161.23761455146,-0.14874902675767837
2023-03-23,26.33300018310547,25.179720840454102,1,142.83035770933355,142.83035770933355,113135.7417326422,65.08254877784958,WIN,113161.23761455146,-0.022530578886120825
2023-03-24,25.66699981689453,26.859660186767577,1,155.22269456551587,35.956657578211264,113171.69839022041,66.52081157663636,LOSS,113171.69839022041,0.0
2023-03-27,23.895999908447266,26.180339813232422,1,150.79239638641545,-77.64159409210018,113094.05679612831,66.26079897959832,LOSS,113171.69839022041,-0.06860513290556838
2023-03-28,24.826000213623047,24.373919906616212,1,143.06754930414243,143.06754930414243,113237.12434543246,67.74426911074269,WIN,113237.12434543246,0.0
2023-03-29,28.402999877929688,25.32252021789551,1,149.44772904994198,149.44772904994198,113386.5720744824,68.17704776648975,WIN,113386.5720744824,0.0
2023-03-30,27.92300033569336,28.971059875488283,1,183.30350208303392,78.49754810354155,113465.06962258594,73.91647608824917,LOSS,113465.06962258594,0.0
2023-03-31,29.23200035095215,28.481460342407228,1,180.12764840179213,180.12764840179213,113645.19727098773,73.87947721786654,WIN,113645.19727098773,0.0
2023-04-03,29.73900032043457,29.816640357971192,1,188.77743274343436,181.0134289897722,113826.2106999775,73.97251805109096,LOSS,113826.2106999775,0.0
2023-04-04,29.898000717163086,30.33378032684326,1,190.4298656268845,146.851904658867,113973.06260463636,73.2511289451509,LOSS,113973.06260463636,0.0
2023-04-05,29.083999633789062,30.495960731506347,1,190.47551990327298,49.27941013154452,114022.3420147679,72.8208406958845,LOSS,114022.3420147679,0.0
2023-04-06,29.010000228881836,29.665679626464843,1,186.3334896386768,120.76554988037606,114143.10756464828,73.29562963352186,LOSS,114143.10756464828,0.0
2023-04-10,31.277999877929688,29.590200233459473,1,178.28885770331289,178.28885770331289,114321.3964223516,69.84341334490168,WIN,114321.3964223516,0.0
2023-04-11,33.23500061035156,31.90355987548828,1,185.3450084878972,185.3450084878972,114506.7414308395,66.93253758312471,WIN,114506.7414308395,0.0
2023-04-12,32.28300094604492,33.8997006225586,1,181.97854331849533,20.30857566712774,114527.05000650662,60.97666181465422,LOSS,114527.05000650662,0.0
2023-04-13,34.071998596191406,32.92866096496582,1,178.79505128214004,178.79505128214004,114705.84505778876,61.808172773419436,WIN,114705.84505778876,0.0
2023-04-14,33.375,34.753438568115236,1,189.06317983344238,51.2193230219188,114757.06438081067,61.94794834271958,LOSS,114757.06438081067,0.0
2023-04-17,31.30299949645996,34.042500000000004,1,185.2698246432724,-88.68022571073192,114668.38415509994,61.97737549619209,LOSS,114757.06438081067,-0.07727648505930466
2023-04-18,32.98500061035156,31.92905948638916,1,170.74206953651,170.74206953651,114839.12622463645,60.698679841596565,WIN,114839.12622463645,0.0
2023-04-19,31.472000122070312,33.644700622558595,1,180.99402377810497,-36.27602627072329,114802.85019836573,61.130809891460686,LOSS,114839.12622463645,-0.031588559982384995
2023-04-20,29.47100067138672,32.10144012451172,1,174.87900457187104,-88.16494074062896,114714.68525762511,62.050105380247395,LOSS,114839.12622463645,-0.10836112316626272
2023-04-21,29.101999282836914,30.060420684814453,1,158.9342238876884,63.092083689934526,114777.77734131504,59.883877009192666,LOSS,114839.12622463645,-0.0534215866475704
2023-04-24,28.533000946044922,29.684039268493652,1,154.5060121703231,39.40217992545003,114817.1795212405,58.77554550056729,LOSS,114839.12622463645,-0.019110824087098938
2023-04-25,29.090999603271484,29.103660964965822,1,151.21296602538442,149.94682985595063,114967.12635109645,58.649361358701015,LOSS,114967.12635109645,0.0
2023-04-26,29.945999145507812,29.672819595336914,1,149.0575284877626,149.0575284877626,115116.1838795842,56.32447389543067,WIN,115116.1838795842,0.0
2023-04-27,31.86400032043457,30.54491912841797,1,153.0349822803216,153.0349822803216,115269.21886186453,56.146259773927355,WIN,115269.21886186453,0.0
2023-04-28,32.8380012512207,32.501280326843265,1,146.70107632367277,146.70107632367277,115415.9199381882,49.447357764752304,WIN,115415.9199381882,0.0
2023-05-01,30.746999740600586,33.494761276245114,1,151.07105794896168,-123.70509561549116,115292.21484257272,49.40131422396885,LOSS,115415.9199381882,-0.1071820037320124
2023-05-02,32.80099868774414,31.361939735412598,1,145.0039561626458,145.0039561626458,115437.21879873537,50.92977839153607,WIN,115437.21879873537,0.0
2023-05-03,30.424999237060547,33.45701866149902,1,158.8205803271369,-144.38136211671048,115292.83743661866,52.595377873671424,LOSS,115437.21879873537,-0.12507349329719658
2023-05-04,31.224000930786133,31.03349922180176,1,153.05405329632393,153.05405329632393,115445.89148991498,55.09022268670451,WIN,115445.89148991498,0.0
2023-05-05,32.672000885009766,31.848480949401857,1,156.6650246586577,156.6650246586577,115602.55651457363,54.9171797590186,WIN,115602.55651457363,0.0
2023-05-08,29.466999053955078,33.325440902709964,1,165.51668201631145,-220.32750285917717,115382.22901171446,55.55949940551075,LOSS,115602.55651457363,-0.19059051071366082
2023-05-09,30.343000411987305,30.05633903503418,1,153.285753734338,153.285753734338,115535.5147654488,57.35777126350456,WIN,115602.55651457363,-0.057993310136169436
2023-05-10,31.51099967956543,30.94986042022705,1,154.9347004099711,154.9347004099711,115690.44946585876,56.089974147261884,WIN,115690.44946585876,0.0
2023-05-11,28.73699951171875,32.14121967315674,1,161.73360675235915,-178.6884093914399,115511.76105646732,56.44050765347347,LOSS,115690.44946585876,-0.1544538984993518
2023-05-12,27.100000381469727,29.311739501953127,1,150.63912665264922,-70.53478539569085,115441.22627107163,57.88752527381444,LOSS,115690.44946585876,-0.21542244492764387
2023-05-15,28.25,27.64200038909912,1,143.81730059407127,143.81730059407127,115585.04357166571,58.74632567983505,WIN,115690.44946585876,-0.09111028151391384
2023-05-16,27.3439998626709,28.815,1,149.31881029117204,2.218796558261772,115587.26236822396,58.464688322004186,LOSS,115690.44946585876,-0.08919240793964708
2023-05-17,29.05699920654297,27.89087985992432,1,142.24927689752744,142.24927689752744,115729.51164512149,57.36127944709753,WIN,115729.51164512149,0.0
2023-05-18,28.757999420166016,29.63813919067383,1,153.67025815941068,65.6562811086293,115795.16792623012,58.50382118042975,LOSS,115795.16792623012,0.0
2023-05-19,28.827999114990234,29.333159408569337,1,148.87909946833275,98.36307011042251,115893.53099634055,57.02727034968125,LOSS,115893.53099634055,0.0
2023-05-22,29.41200065612793,29.40455909729004,1,149.09866041875597,149.09866041875597,116042.6296567593,56.96173005420029,WIN,116042.6296567593,0.0
2023-05-23,28.933000564575195,30.000240669250488,1,152.01253440342478,45.28852393589554,116087.9181806952,56.913789967017664,LOSS,116087.9181806952,0.0
2023-05-24,28.44300079345703,29.5116605758667,1,149.5579746134114,42.691996372444606,116130.61017706765,56.923435925465185,LOSS,116130.61017706765,0.0
2023-05-25,28.099000930786133,29.011860809326173,1,146.52693342671517,55.24094557271118,116185.85112264036,56.69173545759679,LOSS,116185.85112264036,0.0
2023-05-26,28.510000228881836,28.660980949401857,1,140.92666651003674,125.82859445803463,116311.67971709839,54.88949217991908,LOSS,116311.67971709839,0.0
2023-05-30,29.927000045776367,29.080200233459472,1,142.18348346579967,142.18348346579967,116453.86320056418,54.51620396605228,WIN,116453.86320056418,0.0
2023-05-31,30.163000106811523,30.525540046691894,1,148.38942446069484,112.13543047265776,116565.99863103684,54.135682618040526,LOSS,116565.99863103684,0.0
2023-06-01,29.993999481201172,30.766260108947755,1,145.00564951650296,67.77958674184467,116633.77821777869,52.13842992577355,LOSS,116633.77821777869,0.0
2023-06-02,30.21299934387207,30.593879470825197,1,138.94641957667815,100.8584068813655,116734.63662466005,49.82435628345273,LOSS,116734.63662466005,0.0
2023-06-05,27.63599967956543,30.81725933074951,1,139.25557999170678,-178.87038512670136,116555.76623953335,49.51551858718948,LOSS,116734.63662466005,-0.15322820227027578
2023-06-06,29.881999969482422,28.18871967315674,1,131.34947701666903,131.34947701666903,116687.11571655002,51.4166465097606,WIN,116734.63662466005,-0.04070849019972378
2023-06-07,29.08099937438965,30.47963996887207,1,139.93598178312357,0.07192233488129318,116687.1876388849,50.49212340061844,LOSS,116734.63662466005,-0.04064687837913167
2023-06-08,29.093000411987305,29.662619361877443,1,136.04383095647557,79.08193596746175,116766.26957485237,50.42793647131139,LOSS,116766.26957485237,0.0
2023-06-09,28.232999801635742,29.674860420227052,1,134.39044207148777,-9.795619787643204,116756.47395506472,49.65060280555984,LOSS,116766.26957485237,-0.008389083442773592
2023-06-12,27.770000457763672,28.79765979766846,1,123.24027149341745,20.474337502938766,116776.94829256766,46.28752145361843,LOSS,116776.94829256766,0.0
2023-06-13,28.381999969482422,28.325400466918946,1,117.73825628104304,117.73825628104304,116894.6865488487,44.629296537018355,WIN,116894.6865488487,0.0
2023-06-14,28.288000106811523,28.94963996887207,1,118.80301021941789,52.639024013363226,116947.32557286206,43.91617802888251,LOSS,116947.32557286206,0.0
2023-06-15,27.79199981689453,28.853760108947753,1,117.03522837916287,10.859199173840665,116958.1847720359,43.27348727038735,LOSS,116958.1847720359,0.0
2023-06-16,29.339000701904297,28.347839813232422,1,110.40943203951907,110.40943203951907,117068.59420407542,41.09644153404278,WIN,117068.59420407542,0.0
2023-06-20,31.34000015258789,29.925780715942384,1,120.63877803495228,120.63877803495228,117189.23298211036,42.937694209841986,WIN,117189.23298211036,0.0
2023-06-21,33.13100051879883,31.96680015563965,1,134.55562391876447,134.55562391876447,117323.78860602912,45.33902751808605,WIN,117323.78860602912,0.0
2023-06-22,32.722999572753906,33.7936205291748,1,145.49785870844198,38.435763066352365,117362.22436909548,46.63779708328059,LOSS,117362.22436909548,0.0
2023-06-23,32.9109992980957,33.37745956420898,1,143.48834228122024,96.8423156698922,117459.06668476538,46.54977147048977,LOSS,117459.06668476538,0.0
2023-06-26,30.573999404907227,33.56921928405762,1,143.53303283388271,-155.98895508115635,117303.07772968423,46.236376151369825,LOSS,117459.06668476538,-0.13280282185434858
2023-06-27,32.487998962402344,31.185479393005373,1,139.9915968423532,139.9915968423532,117443.06932652659,49.114044110002396,WIN,117459.06668476538,-0.013619517582004649
2023-06-28,32.56100082397461,33.13775894165039,1,152.37685250995415,94.70104074237614,117537.77036726897,50.58866858411858,LOSS,117537.77036726897,0.0
2023-06-29,34.0260009765625,33.2122208404541,1,150.5536210196803,150.5536210196803,117688.32398828864,49.70882547208171,WIN,117688.32398828864,0.0
2023-06-30,34.242000579833984,34.70652099609375,1,159.16642183932518,112.71438021334853,117801.03836850199,50.42380664081751,LOSS,117801.03836850199,0.0
2023-07-03,37.784000396728516,34.92684059143066,1,159.97635229873762,159.97635229873762,117961.01472080073,50.346358839958555,WIN,117961.01472080073,0.0
2023-07-05,37.81100082397461,38.53968040466309,1,187.60569612883654,114.73773805998871,118075.75245886072,54.2261110800619,LOSS,118075.75245886072,0.0
2023-07-06,37.654998779296875,38.567220840454105,1,175.231654935979,84.00944882025598,118159.76190768098,49.849959672899,LOSS,118159.76190768098,0.0
2023-07-07,38.07400131225586,38.408098754882815,1,168.79026077530082,135.38051651260528,118295.14242419359,47.84099548294866,LOSS,118295.14242419359,0.0
2023-07-10,40.770999908447266,38.835481338500976,1,168.30062411851134,168.30062411851134,118463.4430483121,47.018294732960754,WIN,118463.4430483121,0.0
2023-07-11,41.22999954223633,41.586419906616214,1,184.52118116323055,148.87914472524193,118612.32219303734,48.413125097647644,LOSS,118612.32219303734,0.0
2023-07-12,41.3489990234375,42.05459953308105,1,182.9996451498155,112.43959418546024,118724.7617872228,47.25841660740935,LOSS,118724.7617872228,0.0
2023-07-13,46.18299865722656,42.17597900390625,1,181.83307064224564,181.83307064224564,118906.59485786504,46.71621496121534,WIN,118906.59485786504,0.0
2023-07-14,45.88600158691406,47.10665863037109,1,218.0900976003289,96.0243932546258,119002.61925111967,51.01267921477013,LOSS,119002.61925111967,0.0
2023-07-17,44.987998962402344,46.80372161865235,1,216.98987806244708,35.41761243744679,119038.03686355712,51.099828400581835,LOSS,119038.03686355712,0.0
2023-07-18,44.58000183105469,45.88775894165039,1,213.02247494621702,82.24676388664682,119120.28362744377,51.181913555807625,LOSS,119120.28362744377,0.0
2023-07-19,45.310001373291016,45.47160186767578,1,211.1740565780467,195.01400713957028,119315.29763458334,51.20668766390319,LOSS,119315.29763458334,0.0
2023-07-20,44.08300018310547,46.21620140075684,1,211.08816674977513,-2.2319550153617342,119313.06567956798,50.172014256533835,LOSS,119315.29763458334,-0.0018706360874178004
2023-07-21,43.665000915527344,44.96466018676758,1,205.99625571449343,76.03032859046968,119389.09600815845,50.35938471473058,LOSS,119389.09600815845,0.0
2023-07-24,43.09400177001953,44.53830093383789,1,203.81247916598858,59.38256278415287,119448.4785709426,50.289552348934315,LOSS,119448.4785709426,0.0
2023-07-25,43.68199920654297,43.95588180541992,1,202.21563540033964,174.82737551264444,119623.30594645525,50.6175159541201,LOSS,119623.30594645525,0.0
2023-07-26,44.34600067138672,44.55563919067383,1,192.52967610733074,171.56582417861964,119794.87177063386,46.84861438265708,LOSS,119794.87177063386,0.0
2023-07-27,42.6150016784668,45.23292068481445,1,191.86224031605425,-69.92966031871126,119724.94211031515,45.77648388736532,LOSS,119794.87177063386,-0.058374502418268547
2023-07-28,43.46099853515625,43.46730171203613,1,189.0917356570503,188.46141796906207,119913.40352828422,47.241265232816474,LOSS,119913.40352828422,0.0
2023-07-31,43.78799819946289,44.33021850585938,1,191.24009701218446,137.01806637253574,120050.42159465676,46.75257805750984,LOSS,120050.42159465676,0.0
2023-08-01,43.49800109863281,44.66375816345215,1,192.65406709883484,76.078360616901,120126.49995527366,46.745050556094114,LOSS,120126.49995527366,0.0
2023-08-02,40.733001708984375,44.36796112060547,1,175.83127905957508,-187.66466210253458,119938.83529317113,42.01687943019384,LOSS,120126.49995527366,-0.15622253388919263
2023-08-03,38.99100112915039,41.54766174316406,1,173.29345627683614,-82.37260512453113,119856.4626880466,44.8225755038675,LOSS,120126.49995527366,-0.22479408567435386
2023-08-04,37.696998596191406,39.7708211517334,1,169.21990877413896,-38.16234678006049,119818.30034126653,45.954938805430814,LOSS,120126.49995527366,-0.2565625520779169
2023-08-07,37.082000732421875,38.450938568115234,1,165.26133942443963,28.367555855103745,119846.66789712163,46.53654765453617,LOSS,120126.49995527366,-0.23294781605741685
2023-08-08,38.948001861572266,37.823640747070314,1,154.71402439199545,154.71402439199545,120001.38192151363,43.73568369511695,WIN,120126.49995527366,-0.1041552311992844
2023-08-09,37.784000396728516,39.72696189880371,1,166.88963781631472,-27.40651239120453,119973.97540912243,45.226842562457364,LOSS,120126.49995527366,-0.12696994102717807
2023-08-10,37.80099868774414,38.53968040466309,1,162.974091548803,89.10591985690829,120063.08132897934,45.60220950439775,LOSS,120126.49995527366,-0.0527932024307074
2023-08-11,38.430999755859375,38.55701866149902,1,134.95176558545205,122.34987502148735,120185.43120400084,35.76991779370663,LOSS,120185.43120400084,0.0
2023-08-14,38.882999420166016,39.19961975097657,1,138.70082497693124,107.03879189587616,120292.46999589671,36.28622135628082,LOSS,120292.46999589671,0.0
2023-08-15,37.6150016784668,39.66065940856934,1,140.87394832770968,-63.691824682544365,120228.77817121417,36.47055815969689,LOSS,120292.46999589671,-0.052947474338759286
2023-08-16,36.96699905395508,38.36730171203613,1,137.64344636176875,-2.386819446336517,120226.39135176783,36.9500785975811,LOSS,120292.46999589671,-0.05493165460076937
2023-08-17,34.67900085449219,37.70633903503418,1,134.0536561529139,-168.68016190128566,120057.71118986655,36.5140081916258,LOSS,120292.46999589671,-0.19515669271582167
2023-08-18,32.86199951171875,35.37258087158203,1,130.33150844184212,-120.72662754448595,119936.98456232206,38.259138297487496,LOSS,120292.46999589671,-0.2955176110248426
2023-08-21,33.525001525878906,33.51923950195312,1,126.22768971638965,126.22768971638965,120063.21225203844,39.35605278949026,WIN,120292.46999589671,-0.1905836199606566
2023-08-22,32.95100021362305,34.195501556396486,1,130.62531544848076,6.175181171136813,120069.38743320959,40.08642184477282,LOSS,120292.46999589671,-0.1854501472076618
2023-08-23,34.63999938964844,33.61002021789551,1,127.26180745342614,127.26180745342614,120196.64924066301,39.63396996050329,WIN,120292.46999589671,-0.07965648659219124
2023-08-24,33.65599822998047,35.332799377441404,1,139.3714943230679,-28.308620423025616,120168.34062024,41.7674176525574,LOSS,120292.46999589671,-0.1031896474159618
2023-08-25,33.60499954223633,34.329118194580076,1,134.662926189661,62.25106095528622,120230.59168119528,41.47281614054759,LOSS,120292.46999589671,-0.051439890380124004
2023-08-28,34.4370002746582,34.277099533081056,1,133.02247587898052,133.02247587898052,120363.61415707426,40.9073722861728,WIN,120363.61415707426,0.0
2023-08-29,38.152000427246094,35.12574028015137,1,137.90368551582642,137.90368551582642,120501.51784259008,41.51731829803398,WIN,120501.51784259008,0.0
2023-08-30,37.167999267578125,38.91504043579101,1,174.2107956958627,-0.49332112542612094,120501.02452146466,48.94802735280669,LOSS,120501.51784259008,-0.00040938996807419494
2023-08-31,35.75299835205078,37.911359252929685,1,165.48311924914455,-50.35297083874585,120450.6715506259,47.44089255285212,LOSS,120501.51784259008,-0.042195561412425676
2023-09-01,35.14799880981445,36.468058319091796,1,158.7051701310663,26.699219203332035,120477.37076982924,47.2640530937327,LOSS,120501.51784259008,-0.02003881211885019
2023-09-05,34.92499923706055,35.85095878601074,1,155.0412127836249,62.44525788860528,120539.81602771785,46.895807971858844,LOSS,120539.81602771785,0.0
2023-09-06,35.06999969482422,35.62349922180176,1,153.81546355354737,98.46551085579344,120638.28153857365,46.804115128269565,LOSS,120638.28153857365,0.0
2023-09-07,35.30699920654297,35.771399688720706,1,150.4495789141965,104.00953069642279,120742.29106927007,45.29358100471795,LOSS,120742.29106927007,0.0
2023-09-08,35.62799835205078,36.013139190673826,1,150.61334297913413,112.09925911682967,120854.3903283869,44.97399602437848,LOSS,120854.3903283869,0.0
2023-09-11,34.268001556396484,36.3405583190918,1,152.16980170310052,-55.085874566430846,120799.30445382047,45.04347922439534,LOSS,120854.3903283869,-0.045580366933092
2023-09-12,34.7760009765625,34.95336158752441,1,147.46521583729506,129.72915474110383,120929.03360856157,45.46968871287565,LOSS,120929.03360856157,0.0
2023-09-13,34.183998107910156,35.47152099609375,1,149.81102370491834,21.058734886558824,120950.09234344812,45.53045290740586,LOSS,120950.09234344812,0.0
2023-09-14,34.63999938964844,34.86767807006836,1,146.36643032340945,123.5985622814174,121073.69090572954,45.18436559844454,LOSS,121073.69090572954,0.0
2023-09-15,34.077999114990234,35.332799377441404,1,148.44114313750185,22.961116892384894,121096.65202262193,45.23104866648504,LOSS,121096.65202262193,0.0
2023-09-18,34.0620002746582,34.75955909729004,1,141.01570339386384,71.25982113068048,121167.9118437526,43.2834476007028,LOSS,121167.9118437526,0.0
2023-09-19,33.92599868774414,34.74324028015137,1,136.5129288698764,54.78876962915356,121222.70061338176,41.5604038675675,LOSS,121222.70061338176,0.0
2023-09-20,33.34700012207031,34.60451866149902,1,135.47187332995065,9.720019387079759,121232.42063276884,41.367002060454354,LOSS,121232.42063276884,0.0
2023-09-21,32.60599899291992,34.01394012451172,1,133.15666374000278,-7.637449419177017,121224.78318334966,41.36574181145633,LOSS,121232.42063276884,-0.006299840735110866
2023-09-22,32.28099822998047,33.25811897277832,1,126.62565532466421,28.91358104487911,121253.69676439454,39.91646774213978,LOSS,121253.69676439454,0.0
2023-09-25,32.7599983215332,32.92661819458008,1,124.33222769779884,107.6702403931112,121361.36700478765,39.493847205950956,LOSS,121361.36700478765,0.0
2023-09-26,31.729999542236328,33.41519828796387,1,126.60879190654155,-41.91108266621244,121319.45592212144,39.66815757640906,LOSS,121361.36700478765,-0.034534122102096824
2023-09-27,31.562999725341797,32.364599533081055,1,122.8279988552639,42.66801808133809,121362.12394020279,39.751491568692074,LOSS,121362.12394020279,0.0
2023-09-28,32.891998291015625,32.19425971984863,1,95.05932539905831,95.05932539905831,121457.18326560184,28.38396852798674,WIN,121457.18326560184,0.0
2023-09-29,32.827999114990234,33.54983825683594,1,105.10410978129623,32.920195596725634,121490.10346119857,30.81406519113474,LOSS,121490.10346119857,0.0
2023-10-02,32.94900131225586,33.48455909729004,1,101.9692831922542,48.41350468883631,121538.51696588741,29.6332283246174,LOSS,121538.51696588741,0.0
2023-10-03,31.132999420166016,33.60798133850098,1,101.9903188682425,-145.50787296525365,121393.00909292215,29.490771983685132,LOSS,121538.51696588741,-0.11972161303078901
2023-10-04,32.040000915527344,31.755659408569336,1,102.72247275051265,102.72247275051265,121495.73156567266,32.19040421456763,WIN,121538.51696588741,-0.03520316133753653
2023-10-05,32.34199905395508,32.680800933837894,1,108.15545252718033,74.27526453889877,121570.00683021155,33.19798347891479,LOSS,121570.00683021155,0.0
2023-10-06,34.0629997253418,32.98883903503418,1,109.32060011762097,109.32060011762097,121679.32743032917,33.257583288473015,WIN,121679.32743032917,0.0
2023-10-09,34.04499816894531,34.744259719848635,1,121.72663697860008,51.8004818882678,121731.12791221743,35.81642224068088,LOSS,121731.12791221743,0.0
2023-10-10,34.04600143432617,34.72589813232422,1,118.74754514391866,50.75787534411403,121781.88578756155,34.68384246986425,LOSS,121781.88578756155,0.0
2023-10-11,33.46099853515625,34.726921463012694,1,118.24621845886476,-8.346074326779629,121773.53971323477,34.487689605662986,LOSS,121781.88578756155,-0.006853297001278006
2023-10-12,32.36000061035156,34.130218505859375,1,116.2256247927884,-60.796164757992855,121712.74354847678,34.492116702663125,LOSS,121781.88578756155,-0.0567754708654995
2023-10-13,31.82200050354004,33.00720062255859,1,113.88753977723161,-4.6324721246237175,121708.11107635216,35.09967199384752,LOSS,121781.88578756155,-0.0605793798743492
2023-10-16,32.58000183105469,32.45844051361084,1,112.01532127558191,112.01532127558191,121820.12639762774,35.10849129426625,WIN,121820.12639762774,0.0
2023-10-17,33.54100036621094,33.231601867675785,1,116.06330074644984,116.06330074644984,121936.18969837419,35.66873195661256,WIN,121936.18969837419,0.0
2023-10-18,32.91400146484375,34.211820373535154,1,121.33597475148818,-8.445916117652246,121927.74378225654,36.398068233530324,LOSS,121936.18969837419,-0.006926504869917046
2023-10-19,34.23500061035156,33.572281494140626,1,119.17815221995764,119.17815221995764,122046.9219344765,36.442428928155515,WIN,122046.9219344765,0.0
2023-10-20,34.80400085449219,34.919700622558594,1,125.8518728241154,114.28189601747478,122161.20383049398,37.17294571628592,LOSS,122161.20383049398,0.0
2023-10-23,37.749000549316406,35.50008087158203,1,127.92799064705005,127.92799064705005,122289.13182114103,37.167018648122564,WIN,122289.13182114103,0.0
2023-10-24,42.48699951171875,38.503980560302736,1,150.68557439845418,150.68557439845418,122439.81739553947,41.34872681912228,WIN,122439.81739553947,0.0
2023-10-25,43.321998596191406,43.336739501953126,1,189.7165005297942,188.24240995362223,122628.0598054931,47.61263608509139,LOSS,122628.0598054931,0.0
2023-10-26,41.345001220703125,44.18843856811524,1,192.7036894470425,-91.64004529416877,122536.41976019893,47.38626782312637,LOSS,122628.0598054931,-0.0747300784498503
2023-10-27,40.67599868774414,42.17190124511719,1,188.38525212342472,38.79499638611972,122575.21475658505,48.818277562351355,LOSS,122628.0598054931,-0.04309376580847587
2023-10-30,42.02199935913086,41.48951866149903,1,186.2361904901789,186.2361904901789,122761.45094707522,49.11071644157994,WIN,122761.45094707522,0.0
2023-10-31,42.3390007019043,42.86243934631348,1,192.94497224673074,140.6011078058125,122902.05205488103,49.28262551559799,LOSS,122902.05205488103,0.0
2023-11-01,42.66699981689453,43.185780715942386,1,186.6710394486085,134.79294954382306,123036.84500442486,46.867570048051725,LOSS,123036.84500442486,0.0
2023-11-02,45.362998962402344,43.520339813232425,1,187.91978320485626,187.91978320485626,123224.76478762971,46.806369389050374,WIN,123224.76478762971,0.0
2023-11-03,45.39500045776367,46.27025894165039,1,203.53587402389303,116.01002563522124,123340.77481326493,47.89761307862072,LOSS,123340.77481326493,0.0
2023-11-06,45.9630012512207,46.30290046691895,1,201.7699016385696,167.779980068745,123508.55479333368,47.341140530772805,LOSS,123508.55479333368,0.0
2023-11-07,47.35499954223633,46.88226127624512,1,203.84980063216352,203.84980063216352,123712.40459396584,47.213141829285604,WIN,123712.40459396584,0.0
2023-11-08,47.45000076293945,48.302099533081055,1,209.8592648075217,124.64938779336151,123837.0539817592,47.16728156476449,LOSS,123837.0539817592,0.0
2023-11-09,49.40700149536133,48.39900077819824,1,208.4600632968753,208.4600632968753,124045.51404505609,46.659818491494676,WIN,124045.51404505609,0.0
2023-11-10,50.917999267578125,50.395141525268556,1,212.3137209986396,212.3137209986396,124257.82776605473,45.389622789909716,WIN,124257.82776605473,0.0
2023-11-13,50.487998962402344,51.93635925292969,1,215.53876891907322,70.7027398663385,124328.53050592107,44.540561112195505,LOSS,124328.53050592107,0.0
2023-11-14,48.0,51.49775894165039,1,215.89771003921675,-133.87818412582214,124194.65232179525,45.111539053361795,LOSS,124328.53050592107,-0.10768098326348437
2023-11-15,50.595001220703125,48.96,1,214.53423520364643,214.53423520364643,124409.1865569989,47.66792793709228,WIN,124409.1865569989,0.0
2023-11-16,48.90800094604492,51.606901245117186,1,225.2837640315394,-44.606265875687,124364.58029112322,47.446014873074574,LOSS,124409.1865569989,-0.03585447916681686
2023-11-17,48.62200164794922,49.88616096496582,1,222.47312615171612,96.05719445005622,124460.63748557327,48.7175659977695,LOSS,124460.63748557327,0.0
2023-11-20,50.85300064086914,49.594441680908204,1,222.21348096494324,222.21348096494324,124682.85096653822,49.00087904442306,WIN,124682.85096653822,0.0
2023-11-21,49.30400085449219,51.87006065368652,1,225.16401147336103,-31.44196844607245,124651.40899809214,47.116019527803545,LOSS,124682.85096653822,-0.025217556546338383
2023-11-22,50.78799819946289,50.290080871582035,1,194.5437151512831,194.5437151512831,124845.95271324343,40.74051144114722,WIN,124845.95271324343,0.0
2023-11-24,52.02399826049805,51.80375816345215,1,201.25566316147908,201.25566316147908,125047.20837640492,40.96357588142695,WIN,125047.20837640492,0.0
2023-11-27,49.53799819946289,53.06447822570801,1,198.52889075364615,-154.11911187086557,124893.08926453405,39.024773003307764,LOSS,125047.20837640492,-0.1232487425124696
2023-11-28,50.58700180053711,50.528758163452146,1,195.83841372275407,195.83841372275407,125088.9276782568,40.83968890562418,WIN,125088.9276782568,0.0
2023-11-29,50.709999084472656,51.59874183654785,1,198.98496804634243,110.11069283882287,125199.03837109562,40.57806138006905,LOSS,125199.03837109562,0.0
2023-11-30,49.83000183105469,51.72419906616211,1,199.5879857768607,10.168262266118717,125209.20663336174,40.60915860849853,LOSS,125209.20663336174,0.0
2023-12-01,52.768001556396484,50.826601867675784,1,197.79091830639115,197.79091830639115,125406.99755166813,41.05157400518803,WIN,125406.99755166813,0.0
2023-12-04,56.321998596191406,53.82336158752442,1,208.31181149379603,208.31181149379603,125615.30936316193,40.76554178190205,WIN,125615.30936316193,0.0
2023-12-05,57.75,57.448438568115236,1,230.87383301748002,230.87383301748002,125846.18319617941,42.769499568358206,WIN,125846.18319617941,0.0
2023-12-06,56.888999938964844,58.905,1,237.20789826462808,35.607892161112346,125881.79108834053,42.879552502212576,LOSS,125881.79108834053,0.0
2023-12-07,57.10900115966797,58.026779937744145,1,234.41910039437312,142.6412225867555,126024.43231092728,43.05343301887035,LOSS,126024.43231092728,0.0
2023-12-08,59.93899917602539,58.25118118286133,1,235.25998130632368,235.25998130632368,126259.69229223361,43.038222355116446,WIN,126259.69229223361,0.0
2023-12-11,55.58000183105469,61.1377791595459,1,248.4802852172046,-307.2974476319167,125952.39484460169,43.38299552518046,LOSS,126259.69229223361,-0.24338523407824242
2023-12-12,55.832000732421875,56.69160186767578,1,244.21396412737053,158.25385060198016,126110.64869520366,46.66855692208794,LOSS,126259.69229223361,-0.11804527187107038
2023-12-13,58.599998474121094,56.948640747070314,1,244.89461070845752,244.89461070845752,126355.54330591213,46.56747514472731,WIN,126355.54330591213,0.0
2023-12-14,58.23699951171875,59.771998443603515,1,253.25067380091068,99.7507806124342,126455.29408652456,45.712991981828864,LOSS,126455.29408652456,0.0
2023-12-15,57.04100036621094,59.401739501953124,1,247.40371688107484,11.329803306856235,126466.62388983142,44.741184778025485,LOSS,126466.62388983142,0.0
2023-12-18,57.189998626708984,58.18182037353516,1,240.15060295154623,140.96842826892865,126607.59231810035,44.237405328089984,LOSS,126607.59231810035,0.0
2023-12-19,57.130001068115234,58.33379859924317,1,240.3543354228985,119.97458231010523,126727.56690041046,44.139428079714925,LOSS,126727.56690041046,0.0
2023-12-20,57.34700012207031,58.27260108947754,1,236.64054799699673,144.080451256274,126871.64735166673,43.33786833592689,LOSS,126871.64735166673,0.0
2023-12-21,58.19499969482422,58.49394012451172,1,233.90064994504263,204.00660697629283,127075.65395864303,42.498487197449705,LOSS,127075.65395864303,0.0
2023-12-22,61.92399978637695,59.358899688720705,1,236.16186307578056,236.16186307578056,127311.81582171882,42.22627090282609,WIN,127311.81582171882,0.0
2023-12-26,60.388999938964844,63.16247978210449,1,259.16764222390236,-18.180342090062368,127293.63547962875,43.908187713338876,LOSS,127311.81582171882,-0.014280168712327212
2023-12-27,67.07099914550781,61.596779937744145,1,247.05280198890972,247.05280198890972,127540.68828161765,42.661637349286494,WIN,127540.68828161765,0.0
2023-12-28,66.78800201416016,68.41241912841797,1,300.8029470962125,138.36123567043154,127679.04951728808,47.871392212900396,LOSS,127679.04951728808,0.0
2023-12-29,63.1619987487793,68.12376205444336,1,300.0655997170455,-196.11073084936095,127482.93878643871,47.976736299033654,LOSS,127679.04951728808,-0.15359664063195633
2024-01-02,68.51499938964844,64.42523872375489,1,292.3318184013692,292.3318184013692,127775.27060484007,49.768960649121325,WIN,127775.27060484007,0.0
2024-01-03,63.10599899291992,69.88529937744141,1,324.39736660250344,-353.5326718496457,127421.73793299042,51.17656451033007,LOSS,127775.27060484007,-0.2766831720849896
2024-01-04,65.58100128173828,64.36811897277832,1,308.8864045533556,308.8864045533556,127730.62433754378,53.29359002209722,WIN,127775.27060484007,-0.0349412426089623
2024-01-05,63.108001708984375,66.89262130737305,1,322.4916214788308,-55.97033836003652,127674.65399918373,53.59430171827418,LOSS,127775.27060484007,-0.07874497559665243
2024-01-08,59.80099868774414,64.37016174316406,1,313.4100101295582,-143.50629541243387,127531.1477037713,54.23977746629496,LOSS,127775.27060484007,-0.19105645397046045
2024-01-09,57.729000091552734,60.99701866149903,1,303.1575855403045,-23.644271454324723,127507.50343231698,55.60487689980864,LOSS,127775.27060484007,-0.20956102949779026
2024-01-10,56.56700134277344,58.88358009338379,1,290.83709175964907,59.17921669861366,127566.6826490156,55.188593318443196,LOSS,127775.27060484007,-0.16324595114305054
2024-01-11,53.61800003051758,57.698341369628906,1,276.01562647444547,-132.01850743668734,127434.6641415789,53.09148968993934,LOSS,127775.27060484007,-0.26656681034511925
2024-01-12,48.553001403808594,54.69036003112793,1,266.41757895696054,-347.31828377497317,127087.34585780393,54.27364605370572,LOSS,127775.27060484007,-0.5383864528556795
2024-01-16,48.2140007019043,49.52406143188477,1,249.05725559408776,118.05118259604069,127205.39704039997,56.40065646345143,LOSS,127775.27060484007,-0.44599675801313904
2024-01-17,49.900001525878906,49.178280715942385,1,247.31484271244054,247.31484271244054,127452.71188311241,56.39970261780617,WIN,127775.27060484007,-0.2524422137404138
2024-01-18,48.65999984741211,50.89800155639649,1,258.28504220286607,34.48487130442831,127487.19675441684,57.015229187989625,LOSS,127775.27060484007,-0.22545352403449845
2024-01-19,48.099998474121094,49.633199844360355,1,252.27175694093725,98.9516199170111,127586.14837433386,57.12534074920141,LOSS,127775.27060484007,-0.14801160632333435
2024-01-22,47.01900100708008,49.061998443603514,1,249.34752197579178,45.0477783234482,127631.19615265731,57.11957151578068,LOSS,127775.27060484007,-0.11275613152745753
2024-01-23,45.01900100708008,47.95938102722168,1,243.84951735672473,-50.188484657435595,127581.00766799987,57.14934437574276,LOSS,127775.27060484007,-0.15203484674352868
2024-01-24,45.0989990234375,45.91938102722168,1,234.0723721912041,152.03417181278587,127733.04183981266,57.324253671726765,LOSS,127775.27060484007,-0.03304924718806172
2024-01-25,45.77799987792969,46.00097900390625,1,226.636238868236,204.33832627057953,127937.38016608324,55.0210273342057,LOSS,127937.38016608324,0.0
2024-01-26,49.45000076293945,46.69355987548828,1,231.03571167922996,231.03571167922996,128168.41587776247,55.30632964220913,WIN,128168.41587776247,0.0
2024-01-29,51.38100051879883,50.43900077819824,1,239.02169564025039,239.02169564025039,128407.43757340271,52.485050575523275,WIN,128407.43757340271,0.0
2024-01-30,51.95100021362305,52.408620529174804,1,252.80636138383468,207.04432982865893,128614.48190323137,53.631017214102414,LOSS,128614.48190323137,0.0
2024-01-31,50.12099838256836,52.990020217895506,1,253.09257332736843,-33.80961020534619,128580.67229302601,52.989754983145566,LOSS,128614.48190323137,-0.026287560860208066
2024-02-01,50.347999572753906,51.12341835021973,1,228.930250728107,151.38837298152467,128732.06066600754,48.965516213615146,LOSS,128732.06066600754,0.0
2024-02-02,50.0099983215332,51.35495956420898,1,222.07678946580938,87.58066519823143,128819.64133120577,46.892367904700535,LOSS,128819.64133120577,0.0
2024-02-05,49.060001373291016,51.01019828796387,1,215.446797628474,20.427106161188874,128840.06843736696,45.53295543779686,LOSS,128840.06843736696,0.0
2024-02-06,49.79999923706055,50.04120140075684,1,210.13677918934485,186.01656281971552,129026.08500018668,45.2047008600386,LOSS,129026.08500018668,0.0
2024-02-07,50.80099868774414,50.79599922180176,1,210.90264424584348,210.90264424584348,129236.98764443252,44.566177257724185,WIN,129236.98764443252,0.0
2024-02-08,58.78099822998047,51.81701866149903,1,215.09512559020044,215.09512559020044,129452.08277002272,44.55400489433069,WIN,129452.08277002272,0.0
2024-02-09,64.63200378417969,59.95661819458008,1,300.4016758049203,300.4016758049203,129752.48444582765,56.14835881562364,WIN,129752.48444582765,0.0
2024-02-12,71.75199890136719,65.92464385986328,1,340.07252151700726,340.07252151700726,130092.55696734466,58.14788877857257,WIN,130092.55696734466,0.0
2024-02-13,68.60199737548828,73.18703887939454,1,370.60623610667704,-87.89791428394835,130004.6590530607,56.87033489926296,LOSS,130092.55696734466,-0.0675656750339809
2024-02-14,76.98799896240234,69.97403732299804,1,361.12665170513213,361.12665170513213,130365.78570476583,58.179767782184626,WIN,130365.78570476583,0.0
2024-02-15,71.80000305175781,78.52775894165039,1,426.70561573392564,-246.06997325533217,130119.7157315105,61.862806775703646,LOSS,130365.78570476583,-0.18875349227948338
2024-02-16,69.95600128173828,73.23600311279297,1,408.9116130209165,80.91142991544746,130200.62716142595,63.88220766065696,LOSS,130365.78570476583,-0.12668856513772314
2024-02-20,70.49800109863281,71.35512130737305,1,400.4153934621041,314.70337258807996,130515.33053401402,64.26147688395201,LOSS,130515.33053401402,0.0
2024-02-21,67.27999877929688,71.90796112060546,1,400.3801708529426,-62.41606327791624,130452.91447073611,63.672727850113944,LOSS,130515.33053401402,-0.047822782980764825
2024-02-22,71.31500244140625,68.62559875488282,1,382.81632881061086,382.81632881061086,130835.73079954673,63.81276202491727,WIN,130835.73079954673,0.0
2024-02-23,68.74400329589844,72.74130249023438,1,407.3504103141824,7.6204908805886475,130843.35129042732,64.10498042196983,LOSS,130843.35129042732,0.0
2024-02-26,79.64800262451172,70.1188833618164,1,398.7148734191068,398.7148734191068,131242.06616384644,65.26920838598357,WIN,131242.06616384644,0.0
2024-02-27,87.18000030517578,81.24096267700196,1,490.24591864853005,490.24591864853005,131732.31208249496,69.96755338620291,WIN,131732.31208249496,0.0
2024-02-28,96.29499816894531,88.9236003112793,1,545.1438926688653,545.1438926688653,132277.45597516382,71.2630170395401,WIN,132277.45597516382,0.0
2024-02-29,102.28399658203125,98.22089813232422,1,612.6040313318949,612.6040313318949,132890.0600064957,72.70043641318063,WIN,132890.0600064957,0.0
2024-03-01,107.93900299072266,104.32967651367187,1,640.7765066189365,640.7765066189365,133530.83651311466,71.41641336556441,WIN,133530.83651311466,0.0
2024-03-04,133.4010009765625,110.09778305053712,1,673.7721278551361,673.7721278551361,134204.6086409698,71.11845300165551,WIN,134204.6086409698,0.0
2024-03-05,105.10099792480469,136.06902099609374,1,922.9260748002541,-2173.876232328651,132030.73240864114,80.0,LOSS,134204.6086409698,-1.619822340188258
2024-03-06,124.62100219726562,107.20301788330079,1,842.5154787754217,842.5154787754217,132873.24788741657,80.0,WIN,134204.6086409698,-0.9920380283772052
2024-03-07,130.0019989013672,127.11342224121094,1,1033.3831477050173,1033.3831477050173,133906.6310351216,80.0,WIN,134204.6086409698,-0.22203231980308358
2024-03-08,142.5590057373047,132.60203887939454,1,1076.0967027598438,1076.0967027598438,134982.72773788145,80.0,WIN,134982.72773788145,0.0
2024-03-11,148.42300415039062,145.41018585205077,1,1160.284601227321,1160.284601227321,136143.01233910877,80.0,WIN,136143.01233910877,0.0
2024-03-12,159.3350067138672,151.39146423339844,1,1202.2345915045905,1202.2345915045905,137345.24693061336,80.0,WIN,137345.24693061336,0.0
2024-03-13,176.61500549316406,162.52170684814453,1,1282.353323262243,1282.353323262243,138627.6002538756,80.0,WIN,138627.6002538756,0.0
2024-03-14,167.68499755859375,180.14730560302735,1,1406.9512181126242,160.72041366926442,138788.32066754487,80.0,LOSS,138788.32066754487,0.0
2024-03-15,178.23599243164062,171.03869750976563,1,1347.6856639831851,1347.6856639831851,140136.00633152807,80.0,WIN,140136.00633152807,0.0
2024-03-18,150.2760009765625,181.80071228027344,1,1395.4063190227125,-1757.0648113483821,138378.94152017968,80.0,LOSS,140136.00633152807,-1.2538282325468864
2024-03-19,141.75,153.28152099609375,1,1261.4692413320122,108.31714172263764,138487.2586619023,80.0,LOSS,140136.00633152807,-1.1765339349868622
2024-03-20,154.65199279785156,144.585,1,1207.9568229525705,1207.9568229525705,139695.21548485488,80.0,WIN,140136.00633152807,-0.31454503250962107
2024-03-21,159.9290008544922,157.7450326538086,1,1304.3282952419188,1304.3282952419188,140999.5437800968,80.0,WIN,140999.5437800968,0.0
2024-03-22,152.3000030517578,163.12758087158204,1,1348.879322806783,266.1215408243602,141265.66532092117,80.0,LOSS,141265.66532092117,0.0
2024-03-25,185.60000610351562,155.34600311279297,1,1289.140663615253,1289.140663615253,142554.80598453642,80.0,WIN,142554.80598453642,0.0
2024-03-26,187.69900512695312,189.31200622558595,1,1616.1838161908197,1454.8837063275375,144009.68969086395,80.0,LOSS,144009.68969086395,0.0
2024-03-27,191.91600036621094,191.45298522949219,1,1631.8858005656245,1631.8858005656245,145641.57549142957,80.0,WIN,145641.57549142957,0.0
2024-03-28,170.45599365234375,195.75432037353517,1,1659.3592783695506,-870.473393749591,144771.10209767998,80.0,LOSS,145641.57549142957,-0.5976819399353553
2024-04-01,163.6739959716797,173.86511352539063,1,1524.5796807035322,505.4679253324383,145276.5700230124,80.0,LOSS,145641.57549142957,-0.25061900572384427
2024-04-02,157.88299560546875,166.94747589111327,1,1473.263625972615,566.815597408163,145843.38562042057,80.0,LOSS,145843.38562042057,0.0
2024-04-03,160.61099243164062,161.04065551757813,1,1324.7023874645547,1281.7360788708042,147125.12169929137,80.0,LOSS,147125.12169929137,0.0
2024-04-04,161.54200744628906,163.82321228027345,1,1210.5379099552554,982.4174265568164,148107.53912584818,80.0,LOSS,148107.53912584818,0.0
2024-04-05,143.89999389648438,164.77284759521484,1,1139.684132374803,-947.6012374982438,147159.93788834993,80.0,LOSS,148107.53912584818,-0.6398062131685737
2024-04-08,151.2989959716797,146.77799377441406,1,1051.7687187860372,1051.7687187860372,148211.70660713597,80.0,WIN,148211.70660713597,0.0
2024-04-09,144.1020050048828,154.3249758911133,1,1089.4915375335404,67.19444891049193,148278.90105604645,80.0,LOSS,148278.90105604645,0.0
2024-04-10,156.60000610351562,146.98404510498048,1,1041.1510872715728,1041.1510872715728,149320.05214331803,80.0,WIN,149320.05214331803,0.0
2024-04-11,155.18099975585938,159.73200622558593,1,1137.2608682475698,682.1602212749139,150002.21236459294,80.0,LOSS,150002.21236459294,0.0
2024-04-12,147.95799255371094,158.28461975097656,1,1093.5018655788642,60.839145852301954,150063.05151044525,80.0,LOSS,150063.05151044525,0.0
2024-04-15,133.58799743652344,150.91715240478516,1,1041.588127671297,-691.327369154875,149371.72414129038,80.0,LOSS,150063.05151044525,-0.4606912642361848
2024-04-16,125.40299987792969,136.25975738525392,1,948.5370017768025,-137.1387489556207,149234.58539233476,80.0,LOSS,150063.05151044525,-0.552078682774769
2024-04-17,118.80500030517578,127.91105987548828,1,843.9706982737233,-66.63525875752623,149167.95013357722,77.57291613073575,LOSS,150063.05151044525,-0.5964835233313401
2024-04-18,120.81600189208984,121.1811003112793,1,798.6115689457592,762.1017270268142,149930.05186060403,77.46667358781337,LOSS,150063.05151044525,-0.0886291785369728
2024-04-19,117.41100311279297,123.23232192993164,1,789.4861315477838,207.35424983391636,150137.40611043794,74.98732593788986,LOSS,150137.40611043794,0.0
2024-04-22,132.4010009765625,119.75922317504883,1,762.8786938631612,762.8786938631612,150900.2848043011,74.49641160511096,WIN,150900.2848043011,0.0
2024-04-23,133.86399841308594,135.04902099609376,1,905.8618444879485,787.3595861871663,151687.64439048828,79.05106103229562,LOSS,151687.64439048828,0.0
2024-04-24,126.56700134277344,136.54127838134767,1,762.9141614908154,-234.51354236660745,151453.13084812165,63.935466589740344,LOSS,151687.64439048828,-0.15460292979625634
2024-04-25,124.04100036621094,129.0983413696289,1,723.6934737671475,217.95937342535,151671.090221547,64.18277767268475,LOSS,151687.64439048828,-0.010913327191411326
2024-04-26,128.23800659179688,126.52182037353516,1,703.854303247761,703.854303247761,152374.94452479476,63.60732190835196,WIN,152374.94452479476,0.0
2024-04-29,129.2969970703125,130.80276672363283,1,705.1462626266828,554.5692972946499,152929.51382208942,61.28385656673408,LOSS,152929.51382208942,0.0
2024-04-30,106.50299835205078,131.88293701171875,1,709.4730185518774,-1828.5208474149194,151100.9929746745,61.13076084508289,LOSS,152929.51382208942,-1.1956624994846459
2024-05-01,102.8270034790039,108.6330583190918,1,653.2002937345859,72.59480972579638,151173.5877844003,69.6766127016335,LOSS,152929.51382208942,-1.1481930425358409
2024-05-02,112.94200134277344,104.88354354858399,1,628.244347649503,628.244347649503,151801.8321320498,69.36650442488346,WIN,152929.51382208942,-0.7373865657818651
2024-05-03,122.3010025024414,115.2008413696289,1,722.4284149241581,722.4284149241581,152524.26054697396,73.15963122943906,WIN,152929.51382208942,-0.2649935025536679
2024-05-06,126.88099670410156,124.74702255249024,1,779.4053184003612,779.4053184003612,153303.66586537432,72.84730045649168,WIN,153303.66586537432,0.0
2024-05-07,125.74500274658203,129.4186166381836,1,804.7157905870974,437.35440142693983,153741.02026680126,72.44306748399579,LOSS,153741.02026680126,0.0
2024-05-08,123.31199645996094,128.25990280151368,1,792.6156215169398,297.824987361666,154038.84525416294,71.92805983434812,LOSS,154038.84525416294,0.0
2024-05-09,126.36399841308594,125.77823638916016,1,753.335304113398,753.335304113398,154792.18055827633,69.35935490496648,WIN,154792.18055827633,0.0
2024-05-10,118.0479965209961,128.89127838134766,1,775.2399733623088,-309.08821267284793,154483.09234560348,69.70057786744866,LOSS,154792.18055827633,-0.19967947447867884
2024-05-13,124.59600067138672,120.40895645141602,1,729.176210591741,729.176210591741,155212.26855619522,70.25581418106614,WIN,155212.26855619522,0.0
2024-05-14,129.76300048828125,127.08792068481445,1,755.8388018307153,755.8388018307153,155968.10735802594,68.7923139352212,WIN,155968.10735802594,0.0
2024-05-15,150.3470001220703,132.3582604980469,1,780.1616766317482,780.1616766317482,156748.2690346577,68.07647466028273,WIN,156748.2690346577,0.0
2024-05-16,143.9980010986328,153.35394012451172,1,966.4153395419007,30.82143695400964,156779.0904716117,73.57559860923911,LOSS,156779.0904716117,0.0
2024-05-17,158.4499969482422,146.87796112060548,1,934.8797073034234,934.8797073034234,157713.97017891513,74.42767947586407,WIN,157713.97017891513,0.0
2024-05-20,172.7239990234375,161.61899688720703,1,1046.838416722245,1046.838416722245,158760.80859563738,75.94148237246463,WIN,158760.80859563738,0.0
2024-05-21,165.54200744628906,176.17847900390626,1,1116.2168561833662,52.5697004216463,158813.37829605903,74.03240801718762,LOSS,158813.37829605903,0.0
2024-05-22,164.6999969482422,168.85284759521485,1,1080.8190320388967,665.53396734163,159478.91226340065,74.9126600905059,LOSS,159478.91226340065,0.0
2024-05-23,154.40699768066406,167.99399688720703,1,1060.0268420121072,-298.6730786421897,159180.23918475845,73.68418266906134,LOSS,159478.91226340065,-0.187280609331533
2024-05-24,168.48399353027344,157.49513763427734,1,1009.3279745361901,1009.3279745361901,160189.56715929465,75.01624947899168,WIN,160189.56715929465,0.0
2024-05-28,167.53500366210938,171.8536734008789,1,1120.1986766239543,688.3317027470014,160877.89886204165,76.49645376865035,LOSS,160877.89886204165,0.0
2024-05-29,161.8699951171875,170.88570373535157,1,1115.3075867887273,213.73672497232042,161091.63558701397,76.60845655196536,LOSS,161091.63558701397,0.0
2024-05-30,154.10000610351562,165.10739501953125,1,949.9192025438895,-150.8196890576735,160940.8158979563,66.17422999642068,LOSS,161091.63558701397,-0.09362353824771648
2024-05-31,152.44900512695312,157.18200622558595,1,910.7989101082655,437.49880024498293,161378.31469820128,66.73026479626762,LOSS,161378.31469820128,0.0
2024-06-03,162.74099731445312,155.4979852294922,1,881.2354293360048,881.2354293360048,162259.55012753728,65.01165736969597,WIN,162259.55012753728,0.0
2024-06-04,163.8769989013672,165.9958172607422,1,933.3399644194902,721.458128481989,162981.00825601927,64.41105950724274,LOSS,162981.00825601927,0.0
2024-06-05,169.468994140625,167.15453887939452,1,938.126550943145,938.126550943145,163919.13480696242,64.27152661860264,WIN,163919.13480696242,0.0
2024-06-06,165.66299438476562,172.8583740234375,1,968.9749461567501,249.43698228956202,164168.571789252,64.180710482504,LOSS,164168.571789252,0.0
2024-06-07,159.6199951171875,168.97625427246095,1,948.2001904860267,12.574274958681826,164181.14606421068,64.25951429329666,LOSS,164181.14606421068,0.0
2024-06-10,159.99200439453125,162.81239501953127,1,923.9500969179928,641.9110344179912,164823.05709862866,65.11629515455083,LOSS,164823.05709862866,0.0
2024-06-11,155.5489959716797,163.19184448242189,1,899.9006583942968,135.615807320077,164958.67290594874,62.94974729542408,LOSS,164958.67290594874,0.0
2024-06-12,160.36700439453125,158.65997589111328,1,875.6215051208919,875.6215051208919,165834.29441106963,63.0102367677185,WIN,165834.29441106963,0.0
2024-06-13,148.38800048828125,163.57434448242188,1,900.6599457215088,-617.9744536925541,165216.31995737707,62.83838838146007,LOSS,165834.29441106963,-0.3726457521269538
2024-06-14,149.5540008544922,151.3557604980469,1,764.5655171497649,584.3895527942946,165800.70951017135,56.70332916559714,LOSS,165834.29441106963,-0.020252084176887238
2024-06-17,150.7259979248047,152.54508087158203,1,761.9096340068567,580.0013393291224,166380.71084950046,55.9369865874153,LOSS,166380.71084950046,0.0
2024-06-18,146.9429931640625,153.74051788330078,1,719.9197075257982,40.16723560196999,166420.87808510245,51.72762204426818,LOSS,166420.87808510245,0.0
2024-06-20,146.5399932861328,149.88185302734377,1,656.7773791276926,322.59140500659726,166743.46949010904,47.66982513421136,LOSS,166743.46949010904,0.0
2024-06-21,148.37600708007812,149.47079315185547,1,647.9741816384433,538.4955744607083,167281.96506456975,47.03773116230944,LOSS,167281.96506456975,0.0
2024-06-24,137.21499633789062,151.3435272216797,1,657.8452403633112,-755.0078480155955,166526.95721655415,47.193981205058705,LOSS,167281.96506456975,-0.4513384618145656
2024-06-25,149.57400512695312,139.95929626464843,1,616.9662831635177,616.9662831635177,167143.92349971767,48.02357117779828,WIN,167281.96506456975,-0.08252029129308915
2024-06-26,145.7729949951172,152.5654852294922,1,671.3419804743017,-7.90704296319916,167136.01645675447,47.91790855787868,LOSS,167281.96506456975,-0.08724706680660335
2024-06-27,152.5399932861328,148.68845489501953,1,656.4503127629583,656.4503127629583,167792.46676951743,48.11470997839515,WIN,167792.46676951743,0.0
2024-06-28,137.7480010986328,155.59079315185548,1,696.4465327830353,-1087.8326725392312,166704.6340969782,48.94055979803475,LOSS,167792.46676951743,-0.6483203289653585
2024-07-01,136.5970001220703,140.50296112060548,1,661.8322654876469,271.23616563413043,166975.87026261233,52.10215999361111,LOSS,167792.46676951743,-0.48667054166787627
2024-07-02,132.0189971923828,139.32894012451172,1,656.1922532401916,-74.80203997269894,166901.06822263962,52.091522108618605,LOSS,167792.46676951743,-0.5312506360027783
2024-07-03,130.20899963378906,134.65937713623046,1,611.9431825467839,166.90543230264404,167067.97365494227,49.86129372595113,LOSS,167792.46676951743,-0.4317792857591978
2024-07-05,128.1719970703125,132.81317962646486,1,602.2662634232697,138.14800780803387,167206.1216627503,49.73052921145279,LOSS,167792.46676951743,-0.34944662180368014
2024-07-08,129.05799865722656,130.73543701171874,1,583.0348149534163,415.29097950419816,167621.4126422545,48.718077553400796,LOSS,167792.46676951743,-0.10194386586967412
2024-07-09,130.177001953125,131.6391586303711,1,588.3294168374025,442.11374911279256,168063.52639136728,48.84767301228575,LOSS,168063.52639136728,0.0
2024-07-10,130.57200622558594,132.7805419921875,1,591.9045905372143,371.0510138770586,168434.57740524434,48.692602614207445,LOSS,168434.57740524434,0.0
2024-07-11,135.8560028076172,133.18344635009765,1,593.7822690628574,593.7822690628574,169028.3596743072,48.70087237612474,WIN,169028.3596743072,0.0
2024-07-12,139.67599487304688,138.57312286376953,1,627.2559944610284,627.2559944610284,169655.61566876824,49.620515663263454,WIN,169655.61566876824,0.0
2024-07-15,161.1280059814453,142.46951477050783,1,643.8678582292431,643.8678582292431,170299.48352699747,49.52341033331128,WIN,170299.48352699747,0.0
2024-07-16,166.42999267578125,164.35056610107424,1,838.0099625294612,838.0099625294612,171137.49348952694,57.34387071901631,WIN,171137.49348952694,0.0
2024-07-17,159.0,169.7585925292969,1,869.1054908911032,-206.75376203858593,170930.73972748834,57.62369500002352,LOSS,171137.49348952694,-0.12081149362588503
2024-07-18,155.51600646972656,162.18,1,841.8469628578828,175.44760983053834,171106.18733731887,58.58392417542281,LOSS,171137.49348952694,-0.018292982776438628
2024-07-19,177.85000610351562,158.6263265991211,1,822.6117064925752,822.6117064925752,171928.79904381145,58.51682748475403,WIN,171928.79904381145,0.0
2024-07-22,180.00900268554688,181.40700622558595,1,1028.0132040494216,888.2128500455145,172817.01189385695,65.0076875939972,LOSS,172817.01189385695,0.0
2024-07-23,172.177001953125,183.60918273925782,1,1040.4898900889173,-102.72818852436444,172714.28370533258,65.00748168911792,LOSS,172817.01189385695,-0.05944333106943598
2024-07-24,167.2689971923828,175.6205419921875,1,975.2958694400512,140.14138945958268,172854.42509479215,63.47672014860797,LOSS,172854.42509479215,0.0
2024-07-25,160.64700317382812,170.61437713623047,1,925.9557711838763,-70.78162505635851,172783.6434697358,61.77329285813425,LOSS,172854.42509479215,-0.04094869137283129
2024-07-26,175.27099609375,163.8599432373047,1,894.0781543241712,894.0781543241712,173677.72162405998,62.16690571644499,WIN,173677.72162405998,0.0
2024-07-29,168.48500061035156,178.77641601562502,1,1000.3736809128355,-28.76785961451003,173648.95376444547,64.04670712023406,LOSS,173677.72162405998,-0.01656393194561987
2024-07-30,160.40699768066406,171.8547006225586,1,921.2062586314213,-223.56403555803206,173425.38972888744,60.871853233708784,LOSS,173677.72162405998,-0.14528742823949026
2024-07-31,161.44400024414062,163.61513763427735,1,890.3363334145506,673.2225944008785,174098.6123232883,61.968476886046716,LOSS,174098.6123232883,0.0
2024-08-01,151.18099975585938,164.67288024902345,1,887.7077804413808,-461.4802688750268,173637.1320544133,61.28145583193821,LOSS,174098.6123232883,-0.265068321175407
2024-08-02,144.7989959716797,154.20461975097658,1,850.92760687536,-89.6347710543289,173547.49728335897,63.001011278900556,LOSS,174098.6123232883,-0.31655337890112534
2024-08-05,130.89999389648438,147.69497589111327,1,822.4689712213764,-857.0292282415134,172690.46805511747,63.682799303692335,LOSS,174098.6123232883,-0.8088199264655958
2024-08-06,136.92100524902344,133.51799377441407,1,776.8901606520274,776.8901606520274,173467.3582157695,67.05502535149245,WIN,174098.6123232883,-0.3625842268901188
2024-08-07,124.68499755859375,139.6594253540039,1,818.4329116191154,-679.0098679218997,172788.34834784758,67.61618142571999,LOSS,174098.6123232883,-0.752598747316644
2024-08-08,135.99000549316406,127.17869750976563,1,769.6102741939882,769.6102741939882,173557.95862204157,70.19615139701244,WIN,174098.6123232883,-0.31054452073563404
2024-08-09,135.3699951171875,138.70980560302735,1,859.0134570824093,525.0324084984245,174082.99103054,72.10509768769526,LOSS,174098.6123232883,-0.008972669304971984
2024-08-12,131.4600067138672,138.07739501953125,1,853.1194154776576,191.38058491125116,174274.37161545124,71.91184100806777,LOSS,174274.37161545124,0.0
2024-08-13,135.3800048828125,134.08920684814453,1,753.682963666778,753.682963666778,175028.054579118,64.38523705703989,WIN,175028.054579118,0.0
2024-08-14,130.3699951171875,138.08760498046874,1,775.312894901364,3.5519085732399844,175031.60648769126,64.30275554742515,LOSS,175031.60648769126,0.0
2024-08-15,131.92999267578125,132.97739501953126,1,744.9715152250371,640.2312808500363,175671.8377685413,64.13539311523473,LOSS,175671.8377685413,0.0
2024-08-16,133.0399932861328,134.56859252929686,1,754.4057357092935,601.5458113928883,176273.3835799342,64.18752877276498,LOSS,176273.3835799342,0.0
2024-08-19,135.35000610351562,135.70079315185546,1,674.6098208543655,639.5311160203815,176912.91469595456,55.621933223350865,LOSS,176912.91469595456,0.0
2024-08-20,133.69000244140625,138.05700622558595,1,687.5338420111743,250.83346359320421,177163.74815954777,55.740251273314755,LOSS,177163.74815954777,0.0
2024-08-21,141.4199981689453,136.36380249023438,1,675.0309359314191,675.0309359314191,177838.7790954792,55.33745850783629,WIN,177838.7790954792,0.0
2024-08-22,133.80999755859375,144.2483981323242,1,731.7847959071962,-312.05526146585,177526.72383401336,56.995343920070574,LOSS,177838.7790954792,-0.1754708748300049
2024-08-23,150.00999450683594,136.48619750976562,1,696.8491061738277,696.8491061738277,178223.57294018718,57.434552875166034,WIN,178223.57294018718,0.0
2024-08-26,146.89999389648438,153.01019439697265,1,810.4120520973876,199.39200204856002,178422.96494223573,60.00935002697993,LOSS,178422.96494223573,0.0
2024-08-27,140.00999450683594,149.83799377441406,1,790.0762881688042,-192.72363858900792,178230.24130364673,59.69107307434258,LOSS,178422.96494223573,-0.10801504091773907
2024-08-28,132.08999633789062,142.81019439697266,1,752.6748242563622,-319.3449816518414,177910.8963219949,59.65849578914553,LOSS,178422.96494223573,-0.2869970356151303
2024-08-29,132.55999755859375,134.73179626464844,1,718.5184542784372,501.3385836729684,178412.23490566786,60.50180232337085,LOSS,178422.96494223573,-0.006013820346131643
2024-08-30,132.4199981689453,135.21119750976564,1,709.5339746354666,430.4140405534339,178842.6489462213,59.35006376815102,LOSS,178842.6489462213,0.0
2024-09-03,122.31999969482422,135.06839813232423,1,703.3351899638579,-571.5046537861434,178271.14429243517,58.80566566506322,LOSS,178842.6489462213,-0.3195572516698677
2024-09-04,124.8499984741211,124.76639968872071,1,637.984947932152,637.984947932152,178909.12924036733,57.539769289706584,WIN,178909.12924036733,0.0
2024-09-05,119.56999969482422,127.34699844360352,1,644.4180113825767,-133.28186349535395,178775.84737687197,56.82321653800091,LOSS,178909.12924036733,-0.07449696058622694
2024-09-06,114.30000305175781,121.9613996887207,1,595.0281205616886,-171.11154313460042,178604.73583373736,54.374068143616356,LOSS,178909.12924036733,-0.17013855465196095
2024-09-09,124.81999969482422,116.58600311279297,1,540.5557025782504,540.5557025782504,179145.2915363156,51.10486311922301,WIN,179145.2915363156,0.0
2024-09-10,129.63999938964844,127.31639968872071,1,629.1215004534921,629.1215004534921,179774.4130367691,55.21846184181871,WIN,179774.4130367691,0.0
2024-09-11,129.27999877929688,132.2327993774414,1,656.6930742005535,361.41301438610003,180135.82605115522,55.552922334167995,LOSS,180135.82605115522,0.0
2024-09-12,130.77000427246094,131.86559875488283,1,651.2540752793474,541.6946270371586,180677.52067819238,55.182970327478195,LOSS,180677.52067819238,0.0
2024-09-13,141.47000122070312,133.38540435791015,1,653.6429208587685,653.6429208587685,181331.16359905116,54.66531927937986,WIN,181331.16359905116,0.0
2024-09-16,134.52999877929688,144.2994012451172,1,733.6691167109846,-243.2711298710475,181087.8924691801,57.14735048857835,LOSS,181331.16359905116,-0.13415847835673522
2024-09-17,131.27000427246094,137.22059875488281,1,708.4365450228886,113.37709678070087,181201.2695659608,58.20527343539929,LOSS,181331.16359905116,-0.07163359596454752
2024-09-18,132.6699981689453,133.89540435791017,1,692.6385518579986,570.0979329615132,181771.3674989223,58.34325237377428,LOSS,181771.3674989223,0.0
2024-09-19,144.66000366210938,135.32339813232423,1,699.80950669691,699.80950669691,182471.17700561922,58.32171148393941,WIN,182471.17700561922,0.0
2024-09-20,144.77999877929688,147.55320373535156,1,782.3561933552658,505.03569774979735,182976.212703369,60.0867932590687,LOSS,182976.212703369,0.0
2024-09-23,149.97000122070312,147.67559875488283,1,769.4105423993107,769.4105423993107,183745.6232457683,58.84463388698844,WIN,183745.6232457683,0.0
2024-09-24,153.8800048828125,152.96940124511718,1,738.5992769147902,738.5992769147902,184484.2225226831,53.69385014008995,WIN,184484.2225226831,0.0
2024-09-25,151.94000244140625,156.95760498046874,1,758.0425075745453,256.2822536682959,184740.5047763514,53.70988663649491,LOSS,184740.5047763514,0.0
2024-09-26,165.97999572753906,154.9788024902344,1,736.8437117771754,736.8437117771754,185477.34848812857,52.69627078954721,WIN,185477.34848812857,0.0
2024-09-27,176.22000122070312,169.29959564208986,1,819.5671449756446,819.5671449756446,186296.91563310422,53.8627334293111,WIN,186296.91563310422,0.0
2024-09-30,168.60000610351562,179.7444012451172,1,882.2572307648115,-232.1822833953447,186064.73334970887,54.773142002922974,LOSS,186296.91563310422,-0.12463023480893877
2024-10-01,162.69000244140625,171.97200622558594,1,860.2569915251681,-67.94338689280119,185996.78996281608,56.04029177622868,LOSS,186296.91563310422,-0.16110071885420163
2024-10-02,164.63999938964844,165.9438024902344,1,800.5277858432146,670.1474757846194,186666.9374386007,53.63552909092158,LOSS,186666.9374386007,0.0
2024-10-03,163.41000366210938,167.9327993774414,1,810.0216040605015,357.7420325272992,187024.679471128,53.62739119203423,LOSS,187024.679471128,0.0
2024-10-04,176.50999450683594,166.67820373535156,1,788.6687414788347,788.6687414788347,187813.34821260686,52.38868081876292,WIN,187813.34821260686,0.0
2024-10-07,186.08999633789062,180.04019439697265,1,849.1983729501211,849.1983729501211,188662.54658555696,52.186693407633925,WIN,188662.54658555696,0.0
2024-10-08,192.1999969482422,189.81179626464845,1,870.4858003560005,870.4858003560005,189533.03238591296,50.42353887704905,WIN,189533.03238591296,0.0
2024-10-09,188.91000366210938,196.04399688720704,1,897.9036670116237,184.50434450185685,189717.5367304148,50.34347133071806,LOSS,189717.5367304148,0.0
2024-10-10,183.33999633789062,192.68820373535158,1,888.3393271669206,-46.48141257917473,189671.05531783562,50.750016770248614,LOSS,189717.5367304148,-0.02450032473552421
2024-10-11,212.58999633789062,187.00679626464844,1,876.714288332958,876.714288332958,190547.7696061686,51.80113268727046,WIN,190547.7696061686,0.0
2024-10-14,201.6699981689453,216.84179626464845,1,1120.7343067259685,-396.44550284434536,190151.32410332424,58.28199280341479,LOSS,190547.7696061686,-0.20805570365044776
2024-10-15,194.30999755859375,205.70339813232422,1,1065.107835554656,-74.23222181839128,190077.09188150585,58.40936044342537,LOSS,190547.7696061686,-0.24701298033324998
2024-10-16,194.08999633789062,198.19619750976562,1,1033.3324893283766,622.7123721408766,190699.80425364673,58.89246431606306,LOSS,190699.80425364673,0.0
2024-10-17,193.4199981689453,197.97179626464845,1,1034.268336749065,579.0885271787515,191278.89278082547,59.03599143820811,LOSS,191278.89278082547,0.0
2024-10-18,215.86000061035156,197.28839813232423,1,1004.1139203371241,1004.1139203371241,192283.00670116258,57.21779829302999,WIN,192283.00670116258,0.0
2024-10-21,219.0500030517578,220.1772006225586,1,1176.820437784437,1064.1006807043595,193347.10738186695,60.66270849947277,LOSS,193347.10738186695,0.0
2024-10-22,219.6999969482422,223.43100311279298,1,1193.15475251163,820.0541360565509,194167.1615179235,60.59888284417847,LOSS,194167.1615179235,0.0
2024-10-23,213.9499969482422,224.09399688720703,1,1198.2338910210358,183.83389712455187,194350.99541504803,60.691529496709876,LOSS,194350.99541504803,0.0
2024-10-24,235.88999938964844,218.22899688720705,1,1172.979833506513,1172.979833506513,195523.97524855455,61.069081341770506,WIN,195523.97524855455,0.0
2024-10-25,234.33999633789062,240.6077993774414,1,1303.4135211211196,676.6332171660412,196200.60846572058,61.638167954433754,LOSS,196200.60846572058,0.0
2024-10-28,255.33999633789062,239.02679626464845,1,1286.2259005896578,1286.2259005896578,197486.83436631024,61.1513866928589,WIN,197486.83436631024,0.0
2024-10-29,258.239990234375,260.44679626464847,1,1408.804467944297,1188.12386491695,198674.95823122718,61.53039167425279,LOSS,198674.95823122718,0.0
2024-10-30,247.30999755859375,263.4047900390625,1,1401.5697849039102,-207.90946314296525,198467.0487680842,60.34014093574172,LOSS,198674.95823122718,-0.10464804673621798
2024-10-31,244.5,252.25619750976563,1,1370.479037772624,594.8592867960613,199061.90805488027,61.85021295720914,LOSS,199061.90805488027,0.0
