Date,Stock_Price,Strike,Contracts,Premium,PnL,Capital,VIX,Status,Peak,Drawdown_%
2019-01-03,3.173304319381714,3.411127927303314,2,19.214205275625062,-28.350516308694992,49971.649483691304,39.40129571864019,LOSS,49971.649483691304,0.0
2019-01-04,3.376610040664673,3.205037362575531,2,18.053338107802457,18.053338107802457,49989.70282179911,39.40129571864019,WIN,49989.70282179911,0.0
2019-01-07,3.555370807647705,3.41037614107132,2,19.20997061328094,19.20997061328094,50008.91279241239,39.40129571864019,WIN,50008.91279241239,0.0
2019-01-08,3.466858386993408,3.5909245157241823,2,20.226963703746183,-4.586262042408627,50004.32653036998,39.40129571864019,LOSS,50008.91279241239,-0.009170889320162317
2019-01-09,3.5350401401519775,3.5015269708633423,2,19.72340511119258,19.72340511119258,50024.04993548118,39.40129571864019,WIN,50024.04993548118,0.0
2019-01-10,3.6007418632507324,3.5703905415534973,2,20.111299910640685,20.111299910640685,50044.16123539182,39.40129571864019,WIN,50044.16123539182,0.0
2019-01-11,3.6899988651275635,3.63674928188324,2,20.485085498780624,20.485085498780624,50064.6463208906,39.40129571864019,WIN,50064.6463208906,0.0
2019-01-14,3.7299158573150635,3.726898853778839,2,20.99288011007243,20.99288011007243,50085.639201000675,39.40129571864019,WIN,50085.639201000675,0.0
2019-01-15,3.7157835960388184,3.767215015888214,2,21.219973033939212,10.933689064060072,50096.57289006474,39.40129571864019,LOSS,50096.57289006474,0.0
2019-01-16,3.690246343612671,3.7529414319992065,2,21.13957277434559,8.600555097038473,50105.173445161774,39.40129571864019,LOSS,50105.173445161774,0.0
2019-01-17,3.761651039123535,3.7271488070487977,2,20.994288047136294,20.994288047136294,50126.16773320891,39.40129571864019,WIN,50126.16773320891,0.0
2019-01-18,3.8908259868621826,3.7992675495147705,2,21.400518581872223,21.400518581872223,50147.568251790784,39.40129571864019,WIN,50147.568251790784,0.0
2019-01-22,3.688511610031128,3.9297342467308045,2,22.135411542607216,-26.1091157973281,50121.45913599346,39.40129571864019,LOSS,50147.568251790784,-0.05206457004302589
2019-01-23,3.701403856277466,3.7253967261314394,2,20.984418923748652,16.185844952953946,50137.64498094641,39.40129571864019,LOSS,50147.568251790784,-0.019788139665216645
2019-01-24,3.9133870601654053,3.7384178948402407,2,21.057764577688193,21.057764577688193,50158.7027455241,39.40129571864019,WIN,50158.7027455241,0.0
2019-01-25,3.9706599712371826,3.9525209307670592,2,22.263764402410228,22.263764402410228,50180.966509926504,39.40129571864019,WIN,50180.966509926504,0.0
2019-01-28,3.421734571456909,4.010366570949555,2,22.589597390340778,-95.13680250818831,50085.829707418314,39.40129571864019,LOSS,50180.966509926504,-0.18958742552192723
2019-01-29,3.2628092765808105,3.455951917171478,2,19.466689896827834,-19.161838221305675,50066.66786919701,39.40129571864019,LOSS,50180.966509926504,-0.2277728961375939
2019-01-30,3.406362295150757,3.295437369346619,2,18.562543368946372,18.562543368946372,50085.23041256596,39.40129571864019,WIN,50180.966509926504,-0.19078169277909077
2019-01-31,3.564049005508423,3.4404259181022643,2,19.379235031580127,19.379235031580127,50104.609647597536,39.40129571864019,WIN,50180.966509926504,-0.15216299652949877
2019-02-01,3.5883452892303467,3.5996894955635073,2,28.06038171884882,25.791540452216704,50130.40118804975,53.84740149334167,LOSS,50180.966509926504,-0.10076593854913539
2019-02-04,3.698676347732544,3.62422874212265,2,27.21890086943218,27.21890086943218,50157.62008891918,51.94370237524136,WIN,50180.966509926504,-0.0465244546509549
2019-02-05,3.7177677154541016,3.7356631112098695,2,27.358396042720013,23.779316891566427,50181.39940581075,50.69652467604587,LOSS,50181.39940581075,0.0
2019-02-06,3.7933874130249023,3.7549453926086427,2,26.87444188356046,26.87444188356046,50208.27384769431,49.58426949253653,WIN,50208.27384769431,0.0
2019-02-07,3.6550400257110596,3.831321287155151,2,27.256363370244628,-7.999888918573696,50200.27395877574,49.297076736888364,LOSS,50208.27384769431,-0.01593340759501322
2019-02-08,3.673635244369507,3.69159042596817,2,26.63196981204657,23.040933492313894,50223.314892268056,49.966043331134536,LOSS,50223.314892268056,0.0
2019-02-11,3.630990982055664,3.710371596813202,2,26.69956736061444,10.823444409106887,50234.13833667716,49.8438000883122,LOSS,50234.13833667716,0.0
2019-02-12,3.7480146884918213,3.667300891876221,2,26.284119084760032,26.284119084760032,50260.42245576192,49.651589934350255,WIN,50260.42245576192,0.0
2019-02-13,3.790411949157715,3.7854948353767397,2,27.37173187852172,27.37173187852172,50287.794187640444,50.076013784870185,WIN,50287.794187640444,0.0
2019-02-14,3.8313212394714355,3.828316068649292,2,27.69908093028733,27.69908093028733,50315.49326857073,50.10693931994783,WIN,50315.49326857073,0.0
2019-02-15,3.9009900093078613,3.86963445186615,2,27.993651979956237,27.993651979956237,50343.48692055069,50.099376742678004,WIN,50343.48692055069,0.0
2019-02-19,3.883634567260742,3.93999990940094,2,28.492334095263438,17.219265667223848,50360.70618621792,50.081819803477124,LOSS,50360.70618621792,0.0
2019-02-20,3.93099045753479,3.9224709129333495,2,28.081220511597106,28.081220511597106,50388.78740672951,49.597528782624906,WIN,50388.78740672951,0.0
2019-02-21,3.862064838409424,3.970300362110138,2,27.58901647092945,5.941911730786654,50394.7293184603,48.1931804141706,LOSS,50394.7293184603,0.0
2019-02-22,3.9468581676483154,3.900685486793518,2,27.234373355794062,27.234373355794062,50421.96369181609,48.414284167027006,WIN,50421.96369181609,0.0
2019-02-25,3.9344613552093506,3.9863267493247987,2,27.032497193076686,16.659418369987065,50438.623110186076,47.0739005531712,LOSS,50438.623110186076,0.0
2019-02-26,3.895040512084961,3.973805968761444,2,26.893492068557336,11.140400733260726,50449.763510919336,46.98295444882844,LOSS,50449.763510919336,0.0
2019-02-27,3.853140354156494,3.9339909172058105,2,18.997357245725183,2.827244635861909,50452.5907555552,34.03167994315079,LOSS,50452.5907555552,0.0
2019-02-28,3.82856822013855,3.891671757698059,2,17.390718648191537,4.7700111362896855,50457.36076669148,31.624501070093057,LOSS,50457.36076669148,0.0
2019-03-01,3.8829219341278076,3.8668539023399355,2,16.585220726110737,16.585220726110737,50473.945987417595,30.424493796589953,WIN,50473.945987417595,0.0
2019-03-04,3.8911125659942627,3.921751153469086,2,15.743706696476039,9.615989201511404,50483.56197661911,28.589921066748644,LOSS,50483.56197661911,0.0
2019-03-05,3.8846595287323,3.9300236916542053,2,15.775917202178983,6.703084617797886,50490.2650612369,28.588222466103943,LOSS,50490.2650612369,0.0
2019-03-06,3.7737185955047607,3.9235061240196227,2,15.213605290330246,-14.743900412642152,50475.52116082426,27.675325800670493,LOSS,50490.2650612369,-0.029201471600041336
2019-03-07,3.7044734954833984,3.8114557814598085,2,15.426211196619832,-5.970245998662172,50469.550914825595,28.80950654333093,LOSS,50490.2650612369,-0.04102602033517799
2019-03-08,3.7387242317199707,3.7415182304382326,2,15.087213068307948,14.528413324655565,50484.07932815025,28.70962875398919,LOSS,50490.2650612369,-0.012251338112708956
2019-03-11,3.999324321746826,3.7761114740371706,2,14.316226371195045,14.316226371195045,50498.39555452144,27.098850098392152,WIN,50498.39555452144,0.0
2019-03-12,4.033572673797607,4.0393175649642945,2,18.372684284465127,17.22370605112771,50515.61926057257,32.157347210429954,LOSS,50515.61926057257,0.0
2019-03-13,4.1849684715271,4.073908400535584,2,18.374335206902266,18.374335206902266,50533.993595779466,31.902051412636535,WIN,50533.993595779466,0.0
2019-03-14,4.109022617340088,4.226818156242371,2,19.254995904891427,-4.304111875565152,50529.6894839039,32.20392830629096,LOSS,50533.993595779466,-0.00851726049991828
2019-03-15,4.214501857757568,4.150112843513488,2,19.19883681399564,19.19883681399564,50548.888320717895,32.676006208203674,WIN,50548.888320717895,0.0
2019-03-18,4.193159103393555,4.256646876335144,2,19.93071170199305,7.233157113675201,50556.12147783157,33.05116002540895,LOSS,50556.12147783157,0.0
2019-03-19,4.360934734344482,4.23509069442749,2,19.772162950792314,19.772162950792314,50575.893640782364,32.96027345745717,WIN,50575.893640782364,0.0
2019-03-20,4.328421592712402,4.404544081687927,2,21.237554626171914,6.013056831066962,50581.906697613435,33.98296605627812,LOSS,50581.906697613435,0.0
2019-03-21,4.565194129943848,4.371705808639526,2,21.15129625036321,21.15129625036321,50603.0579938638,34.09311215966863,WIN,50603.0579938638,0.0
2019-03-22,4.405358791351318,4.610846071243286,2,23.283651006640905,-17.8138049717527,50585.244188892044,35.506254718966574,LOSS,50603.0579938638,-0.03520302068288604
2019-03-25,4.313035011291504,4.449412379264832,2,23.291057565164884,-3.9844160295006716,50581.25977286254,36.74134974458495,LOSS,50603.0579938638,-0.04307688480782982
2019-03-26,4.389724254608154,4.356165361404419,2,23.10905259042454,23.10905259042454,50604.36882545296,37.21079240991259,WIN,50604.36882545296,0.0
2019-03-27,4.3805413246154785,4.433621497154236,2,23.47075006309227,12.854715555340857,50617.2235410083,37.1366583029726,LOSS,50617.2235410083,0.0
2019-03-28,4.399155616760254,4.424346737861633,2,23.309470389368578,18.271246169092755,50635.49478717739,36.967271328460775,LOSS,50635.49478717739,0.0
2019-03-29,4.45648717880249,4.443147172927857,2,23.321617507140076,23.321617507140076,50658.816404684534,36.83660909154169,WIN,50658.816404684534,0.0
2019-04-01,4.523995399475098,4.501052050590515,2,23.6180228147289,23.6180228147289,50682.43442749926,36.8254309244744,WIN,50682.43442749926,0.0
2019-04-02,4.54186487197876,4.569235353469849,2,23.989845944502456,18.515749646284632,50700.95017714555,36.84597316658896,LOSS,50700.95017714555,0.0
2019-04-03,4.681346893310547,4.587283520698548,2,24.044149391061982,24.044149391061982,50724.99432653661,36.78705829603337,WIN,50724.99432653661,0.0
2019-04-04,4.672411918640137,4.728160362243653,2,24.223139385446697,13.073450664743486,50738.06777720135,35.99665134957158,LOSS,50738.06777720135,0.0
2019-04-05,4.739174842834473,4.719136037826538,2,23.773409882981014,23.773409882981014,50761.841187084334,35.42545216043971,WIN,50761.841187084334,0.0
2019-04-08,4.76002311706543,4.786566591262817,2,24.111095768874126,18.802400929396658,50780.64358801373,35.42265184236195,LOSS,50780.64358801373,0.0
2019-04-09,4.697231769561768,4.807623348236084,2,22.037491191935786,-0.040824542927488494,50780.6027634708,32.39384746344921,LOSS,50780.64358801373,-8.039390610964535e-05
2019-04-10,4.767717361450195,4.744204087257385,2,22.059148743000694,22.059148743000694,50802.6619122138,32.8336992542655,WIN,50802.6619122138,0.0
2019-04-11,4.753818511962891,4.815394535064697,2,21.80467207561984,9.489467455258577,50812.151379669056,32.02143203485039,LOSS,50812.151379669056,0.0
2019-04-12,4.715846538543701,4.80135669708252,2,21.35833394029423,4.256302232530487,50816.40768190159,31.48884829353972,LOSS,50816.40768190159,0.0
2019-04-15,4.584056854248047,4.7630050039291385,2,21.08278505178675,-14.706844884431575,50801.70083701716,31.341653410181838,LOSS,50816.40768190159,-0.02894113447863255
2019-04-16,4.671173095703125,4.629897422790528,2,21.1736122122364,21.1736122122364,50822.8744492294,32.32284547082975,WIN,50822.8744492294,0.0
2019-04-17,4.648338794708252,4.717884826660156,2,20.8338220951093,6.9246157047284775,50829.79906493413,31.271922927806376,LOSS,50829.79906493413,0.0
2019-04-18,4.623766899108887,4.694822182655335,2,20.6956123350188,6.484555625729207,50836.28362055986,31.22017449666648,LOSS,50836.28362055986,0.0
2019-04-22,4.677624702453613,4.6700045680999756,2,18.4640690869886,18.4640690869886,50854.74768964684,28.184412653045953,WIN,50854.74768964684,0.0
2019-04-23,4.7322258949279785,4.72440094947815,2,17.470769209856613,17.470769209856613,50872.2184588567,26.475721402281696,WIN,50872.2184588567,0.0
2019-04-24,4.744636535644531,4.779548153877259,2,17.075427276944627,10.093103630399153,50882.311562487106,25.63809548643261,LOSS,50882.311562487106,0.0
2019-04-25,4.638906478881836,4.792082901000977,2,16.91940811166022,-13.715876312167925,50868.59568617494,25.3581640957975,LOSS,50882.311562487106,-0.026956079413423734
2019-04-26,4.420002460479736,4.685295543670654,2,17.220585727592454,-35.83803091059113,50832.757655264344,26.325191381271395,LOSS,50882.311562487106,-0.09738926102424873
2019-04-29,4.450778484344482,4.464202485084534,2,18.459619169974996,15.774819021964749,50848.53247428631,29.395414504195802,LOSS,50882.311562487106,-0.06638670131822615
2019-04-30,4.492227554321289,4.495286269187927,2,18.495944074384518,17.884201101056895,50866.416675387365,29.25838331038278,LOSS,50882.311562487106,-0.031238531842683628
2019-05-01,4.479073524475098,4.537149829864502,2,18.55429131098475,6.939030233103903,50873.355705620466,29.09067460010138,LOSS,50882.311562487106,-0.01760112029431166
2019-05-02,4.5465803146362305,4.523864259719849,2,18.490269545681535,18.490269545681535,50891.84597516615,29.076362809823827,WIN,50891.84597516615,0.0
2019-05-03,4.542112827301025,4.592046117782592,2,18.145529003946788,8.158870907633382,50900.00484607378,28.169411864579956,LOSS,50900.00484607378,0.0
2019-05-06,4.463686466217041,4.5875339555740355,2,18.127471829366243,-6.642026042032661,50893.36282003175,28.169080851179267,LOSS,50900.00484607378,-0.013049165834307179
2019-05-07,4.29640531539917,4.508323330879212,2,17.783293810644313,-24.60030928536408,50868.76251074638,28.12287749797203,LOSS,50900.00484607378,-0.06137982780527929
2019-05-08,4.316507816314697,4.339369368553162,2,17.944883297504305,13.372572849811398,50882.13508359619,29.39765146832387,LOSS,50900.00484607378,-0.035107585022100575
2019-05-09,4.223933219909668,4.3596728944778445,2,18.035531529710056,-9.11240338392524,50873.02268021227,29.407896279014317,LOSS,50900.00484607378,-0.053010143993320887
2019-05-10,4.189932823181152,4.266172552108765,2,17.55452942077003,2.306583635247499,50875.32926384752,29.26038496992902,LOSS,50900.00484607378,-0.048478545927225614
2019-05-13,3.932560682296753,4.231832151412964,2,17.40923756236925,-42.44505626087292,50832.88420758664,29.25409045503947,LOSS,50900.00484607378,-0.13186764655547503
2019-05-14,4.021658897399902,3.9718862891197206,2,18.15763973127246,18.15763973127246,50851.041847317916,32.31152178107842,WIN,50900.00484607378,-0.09619448741495033
2019-05-15,3.9606049060821533,4.061875486373902,2,18.853927925646367,-1.4001881327033132,50849.64165918521,32.78009190783637,LOSS,50900.00484607378,-0.09894534792457131
2019-05-16,3.9757437705993652,4.0002109551429745,2,18.216600999511083,13.323164090789223,50862.964823276,32.19374020999655,LOSS,50900.00484607378,-0.07277017538562731
2019-05-17,3.8849072456359863,4.015501208305359,2,18.359059592572425,-7.759732941302143,50855.2050903347,32.31490319091276,LOSS,50900.00484607378,-0.08801522882868679
2019-05-20,3.766272783279419,3.9237563180923463,2,18.058884442605283,-13.43782251998018,50841.767267814714,32.51799888141143,LOSS,50900.00484607378,-0.11441566348605203
2019-05-21,3.848423480987549,3.803935511112213,2,17.50553001698882,17.50553001698882,50859.272797831705,32.51468773192309,WIN,50900.00484607378,-0.08002366279778128
2019-05-22,3.77744197845459,3.8869077157974243,2,18.18489810411065,-3.708249364456247,50855.56454846725,33.02606651587689,LOSS,50900.00484607378,-0.08730902431330526
2019-05-23,3.656325578689575,3.815216398239136,2,17.790685813708123,-13.987478096204004,50841.577070371044,32.923098711302075,LOSS,50900.00484607378,-0.11478933229854976
2019-05-24,3.602468490600586,3.692888834476471,2,17.37744328175303,-0.706625493423978,50840.87044487762,33.20744377487749,LOSS,50900.00484607378,-0.11617759443243783
2019-05-28,3.5572969913482666,3.638493175506592,2,16.44847965225116,0.20924282058609833,50841.079687698206,31.971775884106847,LOSS,50900.00484607378,-0.11576650838004997
2019-05-29,3.483088970184326,3.592869961261749,2,16.084050074492602,-5.8721481409919996,50835.20753955722,31.677656006879683,LOSS,50900.00484607378,-0.1273031441009037
2019-05-30,3.4565021991729736,3.5179198598861694,2,15.55984529291543,3.276313150276277,50838.4838527075,31.319355362067018,LOSS,50900.00484607378,-0.12086638017487343
2019-05-31,3.365809917449951,3.4910672211647036,2,15.404660665319014,-9.646800077631468,50828.83705262987,31.249671927613186,LOSS,50900.00484607378,-0.1398188343186446
2019-06-03,3.324066638946533,3.399468016624451,2,14.644439736915476,-0.4358357986680552,50828.4012168312,30.550011842199424,LOSS,50900.00484607378,-0.14067509317360777
2019-06-04,3.553158760070801,3.3573073053359987,2,14.360197923716855,14.360197923716855,50842.76141475491,30.34581535508083,WIN,50900.00484607378,-0.11246252626493997
2019-06-05,3.5104215145111084,3.5886903476715086,2,18.606200092989827,2.9524334609097806,50845.71384821582,36.40759212346301,LOSS,50900.00484607378,-0.10666206815135613
2019-06-06,3.5725393295288086,3.5455257296562195,2,18.07730573828702,18.07730573828702,50863.79115395411,35.832719509503185,WIN,50900.00484607378,-0.07114673609400622
2019-06-07,3.615276575088501,3.6082647228240967,2,18.625256689137938,18.625256689137938,50882.41641064324,36.254976693528775,WIN,50900.00484607378,-0.034554879677766444
2019-06-10,3.688079357147217,3.651429340839386,2,18.94731372857297,18.94731372857297,50901.36372437182,36.43655818432248,WIN,50901.36372437182,0.0
2019-06-11,3.7457244396209717,3.724960150718689,2,19.634786462071162,19.634786462071162,50920.99851083389,36.985210522029476,WIN,50920.99851083389,0.0
2019-06-12,3.632669448852539,3.7831816840171815,2,18.63384453224181,-11.468602500686671,50909.5299083332,34.675771925115114,LOSS,50920.99851083389,-0.0225223440939567
2019-06-13,3.6838550567626953,3.6689961433410643,2,18.086019507457394,18.086019507457394,50927.615927840656,34.702336197218926,WIN,50927.615927840656,0.0
2019-06-14,3.593907594680786,3.7206936073303223,2,18.43669039205391,-6.9205121378533185,50920.6954157028,34.87440373794234,LOSS,50927.615927840656,-0.013588918333935373
2019-06-17,3.6035983562469482,3.629846670627594,2,18.145841506380904,12.896178630251747,50933.591594333055,35.16761124983047,LOSS,50933.591594333055,0.0
2019-06-18,3.798649549484253,3.639634339809418,2,18.057070018387456,18.057070018387456,50951.64866435144,34.914862649849425,WIN,50951.64866435144,0.0
2019-06-19,3.8046131134033203,3.8366360449790955,2,20.052466327123547,13.64788001196851,50965.29654436341,36.68749353825889,LOSS,50965.29654436341,0.0
2019-06-20,3.828962802886963,3.8426592445373537,2,19.87896062064679,17.13967229056862,50982.43621665398,36.331121517029956,LOSS,50982.43621665398,0.0
2019-06-21,3.7708206176757812,3.8672524309158325,2,19.862094088020104,0.5757314400098572,50983.01194809399,36.082207130616794,LOSS,50983.01194809399,0.0
2019-06-24,3.7931830883026123,3.808528823852539,2,19.175175627864256,16.10602851787892,50999.117976611866,35.40632662756907,LOSS,50999.117976611866,0.0
2019-06-25,3.7638630867004395,3.8311149191856386,2,19.15788353274538,5.707517035705546,51004.82549364757,35.1778799647358,LOSS,51004.82549364757,0.0
2019-06-26,3.9571752548217773,3.8015017175674437,2,18.95056097595432,18.95056097595432,51023.77605462352,35.073777564943214,WIN,51023.77605462352,0.0
2019-06-27,4.055818557739258,3.9967470073699953,2,20.639100809338906,20.639100809338906,51044.415155432864,36.26929098437458,WIN,51044.415155432864,0.0
2019-06-28,4.080665588378906,4.09637674331665,2,21.18772030447427,18.04548931692547,51062.460644749786,36.32495804999678,LOSS,51062.460644749786,0.0
2019-07-01,4.128869533538818,4.121472244262695,2,20.706360489929658,20.706360489929658,51083.16700523972,35.33432232672472,WIN,51083.16700523972,0.0
2019-07-02,4.030971527099609,4.1701582288742065,2,20.679856604498745,-7.157483750420681,51076.00952148929,34.900019541584626,LOSS,51083.16700523972,-0.014011433061088334
2019-07-03,4.0438923835754395,4.071281242370605,2,18.82107590303392,13.34330414400075,51089.352825633294,32.65454658346634,LOSS,51089.352825633294,0.0
2019-07-05,3.981276512145996,4.084331307411194,2,18.680961466616093,-1.929997586423486,51087.42282804687,32.32669201014239,LOSS,51089.352825633294,-0.003777690418224599
2019-07-08,3.906238317489624,4.021089277267456,2,18.595604724672317,-4.3745872308940825,51083.04824081597,32.665446240089736,LOSS,51089.352825633294,-0.012340310590423738
2019-07-09,3.9087226390838623,3.94530070066452,2,18.52602679337218,11.210414477240597,51094.25865529321,33.141103456752724,LOSS,51094.25865529321,0.0
2019-07-10,3.977052688598633,3.947809865474701,2,18.39464217217067,18.39464217217067,51112.65329746538,32.8988349479407,WIN,51112.65329746538,0.0
2019-07-11,4.1316022872924805,4.016823215484619,2,18.743725062598482,18.743725062598482,51131.39702252798,32.9446016081053,WIN,51131.39702252798,0.0
2019-07-12,4.16464900970459,4.1729183101654055,2,19.42199675435317,17.76813666219004,51149.16515919017,32.86437015629727,LOSS,51149.16515919017,0.0
2019-07-15,4.156201362609863,4.2062954998016355,2,19.545231373183746,9.526403934829297,51158.691563124994,32.8133681292311,LOSS,51158.691563124994,0.0
2019-07-16,4.151481628417969,4.197763376235962,2,18.964323351923117,9.70797378832454,51168.39953691332,31.951977602066705,LOSS,51168.39953691332,0.0
2019-07-17,4.216829299926758,4.192996444702149,2,18.973937848199192,18.973937848199192,51187.373474761516,32.0016078248881,WIN,51187.373474761516,0.0
2019-07-18,4.228507041931152,4.2589975929260255,2,17.80998302452832,11.711872825553684,51199.08534758707,29.707390835088525,LOSS,51199.08534758707,0.0
2019-07-19,4.185273170471191,4.270792112350464,2,17.85367288981311,0.7498845139585555,51199.835232101024,29.69858162049833,LOSS,51199.835232101024,0.0
2019-07-22,4.256832599639893,4.227125902175904,2,17.83468402241584,17.83468402241584,51217.66991612344,29.95706113971223,WIN,51217.66991612344,0.0
2019-07-23,4.364670276641846,4.2994009256362915,2,17.931219706129596,17.931219706129596,51235.60113582957,29.63324349754084,WIN,51235.60113582957,0.0
2019-07-24,4.439211368560791,4.408316979408264,2,18.640509830244202,18.640509830244202,51254.241645659815,30.019742298195382,WIN,51254.241645659815,0.0
2019-07-25,4.308019161224365,4.483603482246399,2,18.84220468206786,-16.274659522338858,51237.96698613748,29.845930366540486,LOSS,51254.241645659815,-0.03175280523092918
2019-07-26,4.350009918212891,4.351099352836609,2,17.74326940147538,17.525382476731643,51255.492368614214,29.01362359937885,LOSS,51255.492368614214,0.0
2019-07-29,4.343797206878662,4.39351001739502,2,17.596177740877962,7.65361563760645,51263.14598425182,28.5269929733928,LOSS,51263.14598425182,0.0
2019-07-30,4.3594512939453125,4.387235178947448,2,17.584502041166584,12.027725040739401,51275.17370929256,28.54748155735917,LOSS,51275.17370929256,0.0
2019-07-31,4.192229270935059,4.403045806884766,2,17.586135070583303,-24.57717211935813,51250.5965371732,28.453810115496676,LOSS,51275.17370929256,-0.0479319139096461
2019-08-01,4.097810745239258,4.234151563644409,2,17.64693709308696,-9.621226587943305,51240.97531058526,29.614071170017155,LOSS,51275.17370929256,-0.06669582223395923
2019-08-02,4.005130290985107,4.1387888526916505,2,17.64376628475719,-9.08794605655143,51231.88736452871,30.25048558283973,LOSS,51275.17370929256,-0.08441969403997789
2019-08-05,3.7467191219329834,4.0451815938949585,2,17.42799447648234,-42.26449991591267,51189.6228646128,30.553165557901423,LOSS,51275.17370929256,-0.16684652335806108
2019-08-06,3.78548002243042,3.7841863131523135,2,18.332544236561084,18.332544236561084,51207.95540884936,34.13512726578894,WIN,51275.17370929256,-0.13109326713215783
2019-08-07,3.823745012283325,3.8233348226547244,2,18.589873894798675,18.589873894798675,51226.54528274416,34.253374467858876,WIN,51275.17370929256,-0.09483815076688126
2019-08-08,3.932328224182129,3.8619824624061585,2,18.66493530675295,18.66493530675295,51245.21021805092,34.05816170160911,WIN,51275.17370929256,-0.058436645015624435
2019-08-09,3.8309504985809326,3.9716515064239504,2,18.803169743288674,-9.337031825314877,51235.8731862256,33.39914183229382,LOSS,51275.17370929256,-0.07664629922031117
2019-08-12,3.763118028640747,3.869260003566742,2,18.522302545295805,-2.7060924399032125,51233.1670937857,33.75117000683436,LOSS,51275.17370929256,-0.08192388726954351
2019-08-13,3.8774147033691406,3.8007492089271544,2,18.28196113133012,18.28196113133012,51251.44905491703,33.90518281617206,WIN,51275.17370929256,-0.046269281329089335
2019-08-14,3.7288289070129395,3.916188850402832,2,19.421547104730326,-18.050441573248218,51233.39861334378,34.901942406664595,LOSS,51275.17370929256,-0.08147236357623737
2019-08-15,3.6965270042419434,3.766117196083069,2,19.019031031477677,5.100992663252583,51238.49960600703,35.50812675412061,LOSS,51275.17370929256,-0.07152409369386796
2019-08-16,3.9646286964416504,3.733492274284363,2,18.821709468275436,18.821709468275436,51257.32131547531,35.44985748227331,WIN,51275.17370929256,-0.034816837322612065
2019-08-19,4.243413925170898,4.004274983406067,2,22.76732980874743,22.76732980874743,51280.08864528406,39.75506065875632,WIN,51280.08864528406,0.0
2019-08-20,4.171109199523926,4.285848064422607,2,26.292342493108055,3.3445695133717415,51283.43321479743,42.75416477216595,LOSS,51283.43321479743,0.0
2019-08-21,4.25459623336792,4.212820291519165,2,25.69082048761012,25.69082048761012,51309.12403528504,42.510719886085916,WIN,51309.12403528504,0.0
2019-08-22,4.260809421539307,4.297142195701599,2,26.25091659245755,18.98436175999909,51328.108397045035,42.58204732686052,LOSS,51328.108397045035,0.0
2019-08-23,4.036189079284668,4.3034175157547,2,25.967688042276627,-27.477999251729756,51300.630397793306,42.08285908269167,LOSS,51328.108397045035,-0.05353401890280973
2019-08-26,4.110979080200195,4.076550970077514,2,25.503599966040458,25.503599966040458,51326.133997759345,43.56573183555372,WIN,51328.108397045035,-0.003846623901306586
2019-08-27,4.02028751373291,4.1520888710021975,2,26.13640236226029,-0.22386909159717305,51325.91012866775,43.8235255576611,LOSS,51328.108397045035,-0.004282776914908009
2019-08-28,4.009840488433838,4.06049038887024,2,25.67533018506225,15.545350097781885,51341.45547876553,44.01358200075069,LOSS,51341.45547876553,0.0
2019-08-29,4.153600215911865,4.049938893318176,2,25.15784440261314,25.15784440261314,51366.613323168145,43.270026253971785,WIN,51366.613323168145,0.0
2019-08-30,4.166284084320068,4.195136218070984,2,26.351016450005503,20.580589699822347,51387.193912867966,43.733777569534354,LOSS,51387.193912867966,0.0
2019-09-03,4.083211898803711,4.207946925163269,2,26.211487906052433,1.2644826341407622,51388.45839550211,43.384511460526596,LOSS,51388.45839550211,0.0
2019-09-04,4.19737434387207,4.124044017791748,2,24.14441819577462,24.14441819577462,51412.602813697886,40.882687866088204,WIN,51412.602813697886,0.0
2019-09-05,4.470468044281006,4.239348087310791,2,25.017373288224697,25.017373288224697,51437.62018698611,41.194548798264336,WIN,51437.62018698611,0.0
2019-09-06,4.443358898162842,4.515172724723816,2,28.026283078207136,13.663517766012333,51451.283704752124,43.23814045856663,LOSS,51451.283704752124,0.0
2019-09-09,4.489369869232178,4.48779248714447,2,27.75843798628297,27.75843798628297,51479.042142738406,43.092418133986214,WIN,51479.042142738406,0.0
2019-09-10,4.556026935577393,4.5342635679245,2,27.596825896934796,27.596825896934796,51506.63896863534,42.43081284128603,WIN,51506.63896863534,0.0
2019-09-11,4.584629058837891,4.601587204933167,2,27.712554209493735,24.32092499043851,51530.95989362578,42.0039547902611,LOSS,51530.95989362578,0.0
2019-09-12,4.583138465881348,4.63047534942627,2,27.705600922284034,18.238224213299603,51549.198117839085,41.742923281379994,LOSS,51549.198117839085,0.0
2019-09-13,4.525186061859131,4.6289698505401615,2,26.71702047143218,5.9602627352260455,51555.158380574314,40.32920567200733,LOSS,51555.158380574314,0.0
2019-09-16,4.482157230377197,4.570437922477722,2,26.45533030727304,8.799191887168124,51563.957572461484,40.44049587335958,LOSS,51563.957572461484,0.0
2019-09-17,4.503546714782715,4.526978802680969,2,24.45458216198694,19.768164582336027,51583.725737043824,37.859191441075595,LOSS,51583.725737043824,0.0
2019-09-18,4.476436614990234,4.548582181930542,2,22.29119142046322,7.862078032401634,51591.58781507622,34.51041140550481,LOSS,51591.58781507622,0.0
2019-09-19,4.400826454162598,4.521200981140137,2,21.964607300870245,-2.110298094637539,51589.477516981584,34.2261252856786,LOSS,51591.58781507622,-0.00409039183326183
2019-09-20,4.295119762420654,4.444834718704223,2,21.64982197366915,-8.293169283044673,51581.18434769854,34.310611599589706,LOSS,51591.58781507622,-0.020165045927592114
2019-09-23,4.348596572875977,4.338070960044861,2,21.48315394104337,21.48315394104337,51602.66750163958,34.8547695448227,WIN,51602.66750163958,0.0
2019-09-24,4.291141033172607,4.392082538604736,2,20.030305843244875,-0.15799524318087776,51602.5095063964,32.23808893015121,LOSS,51602.66750163958,-0.0003061765037116108
2019-09-25,4.432910442352295,4.3340524435043335,2,19.785531760917618,19.785531760917618,51622.295038157325,32.26872429643973,WIN,51622.295038157325,0.0
2019-09-26,4.4107747077941895,4.4772395467758175,2,20.562175588758958,7.2692077924333525,51629.56424594976,32.452216887392964,LOSS,51629.56424594976,0.0
2019-09-27,4.271990776062012,4.4548824548721315,2,20.486346278643673,-16.09198948338029,51613.47225646638,32.49247787423528,LOSS,51629.56424594976,-0.031168168312869497
2019-09-30,4.329443454742432,4.314710683822632,2,19.93417843632414,19.93417843632414,51633.4064349027,32.63558837048544,WIN,51633.4064349027,0.0
2019-10-01,4.327703475952148,4.372737889289856,2,20.283275800571733,11.27639313303025,51644.68282803574,32.75935086715869,LOSS,51644.68282803574,0.0
2019-10-02,4.303825855255127,4.37098051071167,2,19.965127646870418,6.534196555561866,51651.2170245913,32.28555833524251,LOSS,51651.2170245913,0.0
2019-10-03,4.509516716003418,4.346864113807678,2,19.475682417237817,19.475682417237817,51670.69270700854,31.70264286826626,WIN,51670.69270700854,0.0
2019-10-04,4.5259318351745605,4.554611883163452,2,19.028094738957495,13.292085141179182,51683.98479214971,29.6808897400318,LOSS,51683.98479214971,0.0
2019-10-07,4.584629058837891,4.571191153526306,2,19.066559151306965,19.066559151306965,51703.05135130102,29.635877573725615,WIN,51703.05135130102,0.0
2019-10-08,4.408039093017578,4.63047534942627,2,19.356908948713404,-25.130342333024934,51677.921008968,29.698021474019853,LOSS,51703.05135130102,-0.04860514355772589
2019-10-09,4.494593620300293,4.452119483947754,2,19.509848017869366,19.509848017869366,51697.43085698587,31.046282119874604,WIN,51703.05135130102,-0.010870720718133992
2019-10-10,4.552296161651611,4.539539556503296,2,20.153886440075553,20.153886440075553,51717.58474342595,31.430304961963888,WIN,51717.58474342595,0.0
2019-10-11,4.625917911529541,4.597819123268128,2,20.534755075282234,20.534755075282234,51738.11949850123,31.607755192578587,WIN,51738.11949850123,0.0
2019-10-14,4.639347076416016,4.672177090644836,2,20.913987032289697,14.3479841865256,51752.46748268776,31.67515098719804,LOSS,51752.46748268776,0.0
2019-10-15,4.884087562561035,4.685740547180176,2,20.889155001529993,20.889155001529993,51773.35663768929,31.55318706842539,WIN,51773.35663768929,0.0
2019-10-16,4.830363750457764,4.932928438186646,2,23.691884067648342,3.1789465218719535,51776.53558421117,33.85647560455169,LOSS,51776.53558421117,0.0
2019-10-17,4.8323540687561035,4.8786673879623415,2,23.51235708390675,14.249693242659163,51790.785277453826,33.96749863098145,LOSS,51790.785277453826,0.0
2019-10-18,4.7378411293029785,4.880677609443665,2,23.23729683910334,-5.3299991890339165,51785.455278264795,33.57774380811182,LOSS,51790.785277453826,-0.010291404466020143
2019-10-21,4.8751325607299805,4.7852195405960085,2,22.6287964263073,22.6287964263073,51808.084074691105,33.362724764315615,WIN,51808.084074691105,0.0
2019-10-22,4.865184307098389,4.92388388633728,2,23.613363514199197,11.873447666420926,51819.95752235752,33.80887867719608,LOSS,51819.95752235752,0.0
2019-10-23,4.852250576019287,4.913836150169373,2,23.362308172178082,11.045193342160943,51831.00271569969,33.533070733445896,LOSS,51831.00271569969,0.0
2019-10-24,4.896274566650391,4.90077308177948,2,22.846243102608277,21.946540076790377,51852.949255776475,32.91425465908071,LOSS,51852.949255776475,0.0
2019-10-25,5.087288856506348,4.945237312316895,2,22.994002361813163,22.994002361813163,51875.943258138286,32.83384576979973,WIN,51875.943258138286,0.0
2019-10-28,5.143251895904541,5.138161745071411,2,23.537683432987418,23.537683432987418,51899.48094157127,32.374408784209464,WIN,51899.48094157127,0.0
2019-10-29,5.0469970703125,5.194684414863587,2,23.784656549665044,-5.752812360552291,51893.72812921072,32.35903475021546,LOSS,51899.48094157127,-0.011084527737431833
2019-10-30,5.0489888191223145,5.097467041015625,2,23.81090634117341,14.115261962511372,51907.843391173235,32.976797852644644,LOSS,51907.843391173235,0.0
2019-10-31,4.9997406005859375,5.099478707313538,2,23.731216311162033,3.7835949656419494,51911.62698613888,32.86009059691172,LOSS,51911.62698613888,0.0
2019-11-01,5.038787841796875,5.049738006591797,2,22.475337751955003,20.285304792970614,51931.91229093185,31.50486318331188,LOSS,51931.91229093185,0.0
2019-11-04,5.2355265617370605,5.089175720214844,2,22.65242284799534,22.65242284799534,51954.564713779844,31.506905736175913,WIN,51954.564713779844,0.0
2019-11-05,5.213390827178955,5.287881827354431,2,24.332322684210713,9.434122649115569,51963.99883642896,32.51183557226146,LOSS,51963.99883642896,0.0
2019-11-06,5.164144039154053,5.265524735450745,2,22.648776163014755,2.3726369036763337,51966.371473332634,30.50639452663127,LOSS,51966.371473332634,0.0
2019-11-07,5.181801795959473,5.215785479545593,2,22.56915333081887,15.772416613594821,51982.14388994623,30.678438210110805,LOSS,51982.14388994623,0.0
2019-11-08,5.167872905731201,5.233619813919067,2,22.627354032064208,9.477972394490987,51991.62186234072,30.654223705972242,LOSS,51991.62186234072,0.0
2019-11-11,5.1778244972229,5.219551634788513,2,22.54981771818102,14.204390205058427,52005.826252545776,30.63283257450077,LOSS,52005.826252545776,0.0
2019-11-12,5.213390827178955,5.229602742195129,2,22.5985899930376,19.35620698980277,52025.18245953558,30.63966546938967,LOSS,52025.18245953558,0.0
2019-11-13,5.187523365020752,5.265524735450745,2,20.633829865863635,5.033555779865058,52030.21601531545,27.949974442211357,LOSS,52030.21601531545,0.0
2019-11-14,5.21786642074585,5.2393985986709595,2,20.390743646457064,16.08430806143509,52046.30032337688,27.770565732057207,LOSS,52046.30032337688,0.0
2019-11-15,5.07858419418335,5.270045084953308,2,20.502218512216757,-17.789959641774928,52028.510363735106,27.760683924008326,LOSS,52046.30032337688,-0.03418102637698328
2019-11-18,5.2797980308532715,5.1293700361251835,2,20.33085305232789,20.33085305232789,52048.841216787434,28.250267450947106,WIN,52048.841216787434,0.0
2019-11-19,5.173097133636475,5.3325960111618045,2,21.764463924452354,-10.135311580613621,52038.70590520682,29.03713440596045,LOSS,52048.841216787434,-0.019472693999849047
2019-11-20,5.252439022064209,5.22482810497284,2,21.811029313427554,21.811029313427554,52060.51693452025,29.6590628258606,WIN,52060.51693452025,0.0
2019-11-21,5.227566242218018,5.3049634122848515,2,22.231104163677905,6.751670150311128,52067.268604670564,29.766795958653983,LOSS,52067.268604670564,0.0
2019-11-22,5.2452263832092285,5.279841904640198,2,22.165437776194988,15.242333490001162,52082.510938160565,29.81691199263132,LOSS,52082.510938160565,0.0
2019-11-25,5.501903057098389,5.29767864704132,2,20.995422275544477,20.995422275544477,52103.50636043611,28.24706257695344,WIN,52103.50636043611,0.0
2019-11-26,5.397193908691406,5.556922087669372,2,24.00533992830336,-7.9402958672898585,52095.566064568826,30.630421318557627,LOSS,52103.50636043611,-0.015239465483107159
2019-11-27,5.432040214538574,5.45116584777832,2,23.56076863186436,19.735641983915198,52115.30170655274,30.64547677408443,LOSS,52115.30170655274,0.0
2019-11-29,5.3947038650512695,5.48636061668396,2,23.71005970260757,5.378709376069427,52120.68041592881,30.642035571591663,LOSS,52120.68041592881,0.0
2019-12-02,5.208276271820068,5.4486509037017825,2,23.486031250679464,-24.588895125663367,52096.091520803144,30.56716974924281,LOSS,52120.68041592881,-0.04717684982130266
2019-12-03,5.168701648712158,5.260359034538269,2,23.782801830728978,5.451324665506746,52101.54284546865,31.974796328811664,LOSS,52120.68041592881,-0.03671780626699361
2019-12-04,5.212507724761963,5.2203886651992795,2,22.48582704459608,20.909638957132763,52122.45248442578,30.546316193572782,LOSS,52122.45248442578,0.0
2019-12-05,5.195582866668701,5.264632802009583,2,22.724723323104847,8.914736254928492,52131.36722068071,30.607635494546933,LOSS,52131.36722068071,0.0
2019-12-06,5.2809553146362305,5.247538695335388,2,22.581686596074736,22.581686596074736,52153.94890727678,30.51947461085711,WIN,52153.94890727678,0.0
2019-12-09,5.2809553146362305,5.333764867782593,2,23.15347909643362,12.591568467161146,52166.54047574395,30.770895981651545,LOSS,52166.54047574395,0.0
2019-12-10,5.32600736618042,5.333764867782593,2,23.141988655972924,21.59048833553834,52188.130964079486,30.756504244691875,LOSS,52188.130964079486,0.0
2019-12-11,5.409637928009033,5.379267439842224,2,23.381816053907457,23.381816053907457,52211.512780133395,30.80916351615342,WIN,52211.512780133395,0.0
2019-12-12,5.577149391174316,5.463734307289124,2,23.891610058841355,23.891610058841355,52235.404390192234,30.983576819772153,WIN,52235.404390192234,0.0
2019-12-13,5.575157642364502,5.63292088508606,2,25.24964518498644,13.696996640674847,52249.10138683291,31.71677527757421,LOSS,52249.10138683291,0.0
2019-12-16,5.604030609130859,5.630909218788147,2,25.25033267508039,19.874610743622934,52268.975997576534,31.728289085981007,LOSS,52268.975997576534,0.0
2019-12-17,5.68218469619751,5.660070915222168,2,24.54951409150421,24.54951409150421,52293.525511668035,30.746776245910795,WIN,52293.525511668035,0.0
2019-12-18,5.712552547454834,5.739006543159485,2,23.812967569648436,18.52216842871819,52312.04768009675,29.490859022245814,LOSS,52312.04768009675,0.0
2019-12-19,5.860647678375244,5.769678072929382,2,23.323714799751233,23.323714799751233,52335.3713948965,28.777012099633247,WIN,52335.3713948965,0.0
2019-12-20,5.9579691886901855,5.919254155158996,2,24.26799423668348,24.26799423668348,52359.63938913318,29.160314197695595,WIN,52359.63938913318,0.0
2019-12-23,5.944280624389648,6.017548880577087,2,24.6600994931144,10.006448255626616,52369.64583738881,29.148227320635208,LOSS,52369.64583738881,0.0
2019-12-24,5.939301490783691,6.003723430633545,2,24.675302532952664,11.790914562981996,52381.43675195179,29.228188259668165,LOSS,52381.43675195179,0.0
2019-12-26,5.953488826751709,5.998694505691528,2,22.509536229354392,13.468400441390553,52394.905152393185,26.83927336481338,LOSS,52394.905152393185,0.0
2019-12-27,5.8957438468933105,6.0130237150192265,2,21.848442097467814,-1.607531527715377,52393.29762086547,26.045054148892895,LOSS,52394.905152393185,-0.003068106570737252
2019-12-30,5.782492637634277,5.954701285362244,2,21.902129811963274,-12.539599733630073,52380.75802113184,26.34303208151005,LOSS,52394.905152393185,-0.027000967403596563
2019-12-31,5.85666561126709,5.84031756401062,2,22.00160297475987,22.00160297475987,52402.7596241066,26.938058849308742,WIN,52402.7596241066,0.0
2020-01-02,5.971409797668457,5.915232267379761,2,20.27007439093267,20.27007439093267,52423.02969849753,24.663781389823704,WIN,52423.02969849753,0.0
2020-01-03,5.875831604003906,6.031123895645142,2,20.613414616515417,-10.445043711731746,52412.584654785795,24.60419688243048,LOSS,52423.02969849753,-0.019924532732668917
2020-01-06,5.900472640991211,5.934589920043945,2,21.03613856527101,14.212682754724213,52426.79733754052,25.45146223739952,LOSS,52426.79733754052,0.0
2020-01-07,5.971907615661621,5.959477367401123,2,21.00136878395347,21.00136878395347,52447.79870632447,25.313594360891734,WIN,52447.79870632447,0.0
2020-01-08,5.983108043670654,6.0316266918182375,2,21.155707715229,11.451978085712355,52459.25068441019,25.202927684598563,LOSS,52459.25068441019,0.0
2020-01-09,6.048819065093994,6.0429391241073604,2,21.165818674025,21.165818674025,52480.41650308421,25.170241130251767,WIN,52480.41650308421,0.0
2020-01-10,6.081175804138184,6.109307255744934,2,21.422783249293502,15.796492927943433,52496.21299601215,25.197037909067326,LOSS,52496.21299601215,0.0
2020-01-13,6.271834850311279,6.141987562179565,2,21.402600611134968,21.402600611134968,52517.61559662329,25.050441600964813,WIN,52517.61559662329,0.0
2020-01-14,6.154851913452148,6.334553198814392,2,22.104085062156635,-13.83617201029211,52503.779424613,25.082568371457278,LOSS,52517.61559662329,-0.026345773419273077
2020-01-15,6.112288951873779,6.21640043258667,2,22.497557752987806,1.6752616104097164,52505.45468622341,25.94848757569528,LOSS,52517.61559662329,-0.023155869248298384
2020-01-16,6.195919513702393,6.173411841392517,2,22.53025363861976,22.53025363861976,52527.984939862035,26.152227627665525,WIN,52527.984939862035,0.0
2020-01-17,6.204631805419922,6.257878708839416,2,22.831631957679434,12.182251273780544,52540.16719113581,26.144873562121212,LOSS,52540.16719113581,0.0
2020-01-21,6.171278476715088,6.266678123474121,2,22.87424622222875,3.7943168704220582,52543.961508006236,26.156077561348674,LOSS,52543.961508006236,0.0
2020-01-22,6.225289821624756,6.232991261482239,2,22.141141854040285,20.600853882543717,52564.56236188878,25.502126482050425,LOSS,52564.56236188878,0.0
2020-01-23,6.293737411499023,6.287542719841004,2,22.09377301085552,22.09377301085552,52586.65613489963,25.245905100902547,WIN,52586.65613489963,0.0
2020-01-24,6.234499931335449,6.356674785614014,2,22.407686581419043,-2.0272842742938693,52584.62885062534,25.320512453897372,LOSS,52586.65613489963,-0.003855130604029875
2020-01-27,5.978627681732178,6.2968449306488035,2,22.39854895598275,-41.24490082734239,52543.383949798,25.534572869216003,LOSS,52586.65613489963,-0.08228738672911018
2020-01-28,6.172024726867676,6.0384139585495,2,23.76827882607295,23.76827882607295,52567.15222862407,28.06697476190622,WIN,52586.65613489963,-0.037089078692372844
2020-01-29,6.111542224884033,6.233744974136353,2,25.488925362330427,1.0483755118665385,52568.20060413594,29.086978831092885,LOSS,52586.65613489963,-0.03509546360268165
2020-01-30,6.118262767791748,6.172657647132874,2,24.88264600389895,14.003670135673847,52582.204274271615,28.70114545023053,LOSS,52586.65613489963,-0.00846576100331947
2020-01-31,5.884792327880859,6.179445395469665,2,24.795460665395655,-34.135152852365536,52548.06912141925,28.577309583774472,LOSS,52586.65613489963,-0.07337795615183801
2020-02-03,5.9818644523620605,5.943640251159668,2,25.06393429757055,25.06393429757055,52573.13305571682,29.94255915706744,WIN,52586.65613489963,-0.0257157997422842
2020-02-04,6.15111780166626,6.041683096885682,2,25.47692385868371,25.47692385868371,52598.6099795755,29.94206093720166,WIN,52598.6099795755,0.0
2020-02-05,6.24146842956543,6.212628979682923,2,26.904812072350293,26.904812072350293,52625.51479164785,30.702343494120207,WIN,52625.51479164785,0.0
2020-02-06,6.328335285186768,6.303883113861084,2,27.356812769898863,27.356812769898863,52652.87160441775,30.762547361897987,WIN,52652.87160441775,0.0
2020-02-07,6.262126445770264,6.3916186380386355,2,27.862996928396022,1.964558474721656,52654.83616289247,30.893657686085504,LOSS,52654.83616289247,0.0
2020-02-10,6.545378684997559,6.324747710227967,2,27.664554804389972,27.664554804389972,52682.50071769686,30.99196135000265,WIN,52682.50071769686,0.0
2020-02-11,6.6678385734558105,6.610832471847535,2,30.650999859938338,30.650999859938338,52713.15171755679,32.74535776549821,WIN,52713.15171755679,0.0
2020-02-12,6.783577919006348,6.734516959190369,2,30.706746247022952,30.706746247022952,52743.858463803816,32.231794208836476,WIN,52743.858463803816,0.0
2020-02-13,6.739770412445068,6.851413698196411,2,30.892563850580135,8.56390670031163,52752.42237050413,31.89326838700697,LOSS,52752.42237050413,0.0
2020-02-14,7.2129340171813965,6.807168116569519,2,30.682274043469505,30.682274043469505,52783.1046445476,31.88267966921699,WIN,52783.1046445476,0.0
2020-02-18,7.381689071655273,7.28506335735321,2,36.715157796929745,36.715157796929745,52819.81980234453,35.43964268615849,WIN,52819.81980234453,0.0
2020-02-19,7.832948207855225,7.455505962371826,2,37.729355397554855,37.729355397554855,52857.54915774208,35.57871302911403,WIN,52857.54915774208,0.0
2020-02-20,7.683608055114746,7.911277689933777,2,42.12597699800668,-3.4079499657994816,52854.14120777629,37.3436920026099,LOSS,52857.54915774208,-0.006447423348415443
2020-02-21,7.319464206695557,7.760444135665893,2,42.11752977978535,-46.078456014281976,52808.06275176201,38.02781354636642,LOSS,52857.54915774208,-0.09362221058035278
2020-02-24,6.801995754241943,7.392658848762513,2,42.581012824060934,-75.55160608005292,52732.51114568196,40.25041600578518,LOSS,52857.54915774208,-0.23655658283923925
2020-02-25,6.522480010986328,6.8700157117843625,2,43.175193377211855,-26.331946782395022,52706.17919889956,43.755547982057706,LOSS,52857.54915774208,-0.2863733965242904
2020-02-26,6.661864757537842,6.5877048110961915,2,41.40370206163516,41.40370206163516,52747.5829009612,43.758301598931794,WIN,52857.54915774208,-0.20804267040969632
2020-02-27,6.2910284996032715,6.72848340511322,2,42.004776402007096,-45.48620469998262,52702.096696261215,43.476605337095364,LOSS,52857.54915774208,-0.2940969907949271
2020-02-28,6.726120948791504,6.353938784599304,2,41.43846410474154,41.43846410474154,52743.53516036596,45.33958475029063,WIN,52857.54915774208,-0.21570049915836
2020-03-02,6.884515762329102,6.793382158279419,2,46.58627788022156,46.58627788022156,52790.12143824618,47.58357224370088,WIN,52857.54915774208,-0.12756497524068536
2020-03-03,6.622016429901123,6.9533609199523925,2,46.72896712900367,-19.539930881250207,52770.58150736493,46.66663998177107,LOSS,52857.54915774208,-0.1645321278851178
2020-03-04,7.08574914932251,6.688236594200134,2,45.96644852731841,45.96644852731841,52816.547955892245,47.68467205948328,WIN,52857.54915774208,-0.0775692450807337
2020-03-05,6.806313991546631,7.156606640815735,2,51.05049782667106,-19.00803202714971,52797.53992386509,49.42566879514589,LOSS,52857.54915774208,-0.11353011033089196
2020-03-06,6.62575101852417,6.874377131462097,2,50.0427645640359,0.3175419764504497,52797.857465841545,50.402819257604165,LOSS,52857.54915774208,-0.11292935985813657
2020-03-09,6.112707614898682,6.692008528709412,2,49.11432392339741,-66.74585883874862,52731.1116070028,50.80126530524931,LOSS,52857.54915774208,-0.23920433836604385
2020-03-10,6.502222061157227,6.173834691047668,2,47.82576967794287,47.82576967794287,52778.93737668074,53.5220798987563,WIN,52857.54915774208,-0.1487238479914063
2020-03-11,6.138358116149902,6.567244281768799,2,51.71051159129583,-34.06672153248351,52744.870655148254,54.37370478469408,LOSS,52857.54915774208,-0.21317390682940063
2020-03-12,5.387220859527588,6.199741697311401,2,49.82954777768456,-112.67461977907809,52632.196035369176,55.46499544967381,LOSS,52857.54915774208,-0.4263404678495204
2020-03-13,5.998142242431641,5.441093068122864,2,47.783341264980955,47.783341264980955,52679.97937663415,60.43917311349893,WIN,52857.54915774208,-0.33594024682833995
2020-03-16,4.891360759735107,6.058123664855957,2,57.739603579446964,-175.61297744472296,52504.36639918943,65.44288780398992,LOSS,52857.54915774208,-0.6681784611289046
2020-03-17,5.411129474639893,4.940274367332458,2,52.499772528524005,52.499772528524005,52556.86617171795,72.76444391628645,WIN,52857.54915774208,-0.5688553306298971
2020-03-18,5.05125093460083,5.465240769386291,2,61.07281029213524,-21.72515666495699,52535.14101505299,76.4245430275563,LOSS,52857.54915774208,-0.6099566624380054
2020-03-19,5.304039478302002,5.1017634439468384,2,56.32264761029801,56.32264761029801,52591.46366266329,75.52313217823027,WIN,52857.54915774208,-0.5034011211619277
2020-03-20,5.124223709106445,5.357079873085022,2,60.12199745398736,13.550764658272072,52605.01442732156,76.74610658362562,LOSS,52857.54915774208,-0.4777647364369555
2020-03-23,5.297065734863281,5.17546594619751,2,57.940009764174896,57.940009764174896,52662.95443708574,76.56055081051036,WIN,52857.54915774208,-0.36814934433606983
2020-03-24,6.205851078033447,5.350036392211914,2,59.6070536330789,59.6070536330789,52722.56149071882,76.20180943730692,WIN,52857.54915774208,-0.25538010969903385
2020-03-25,6.117189407348633,6.267909588813782,2,76.90367058009923,46.75963428706937,52769.32112500589,80.0,LOSS,52857.54915774208,-0.16691661672185606
2020-03-26,6.406586647033691,6.178361301422119,2,75.75223072894724,75.75223072894724,52845.073355734836,80.0,WIN,52857.54915774208,-0.023602687233977352
2020-03-27,6.294264793395996,6.470652513504028,2,79.04212297722047,43.764578955614084,52888.83793469045,80.0,LOSS,52888.83793469045,0.0
2020-03-30,6.61454439163208,6.357207441329956,2,76.70946830973226,76.70946830973226,52965.54740300018,80.0,WIN,52965.54740300018,0.0
2020-03-31,6.56498384475708,6.680689835548401,2,81.10042487901374,57.95922672074951,53023.50662972093,80.0,LOSS,53023.50662972093,0.0
2020-04-01,6.053681373596191,6.630633683204651,2,80.11894127774902,-35.27152064394282,52988.23510907698,80.0,LOSS,53023.50662972093,-0.06652053567535199
2020-04-02,6.3625054359436035,6.1142181873321535,2,74.09667158126925,74.09667158126925,53062.33178065825,80.0,WIN,53062.33178065825,0.0
2020-04-03,6.074601650238037,6.42613049030304,2,78.21119722708275,7.905429214082247,53070.23720987233,80.0,LOSS,53070.23720987233,0.0
2020-04-06,6.68452787399292,6.135347666740418,2,74.96952672813875,74.96952672813875,53145.20673660047,80.0,WIN,53145.20673660047,0.0
2020-04-07,6.451167583465576,6.7513731527328495,2,83.1732522391226,23.13213838566793,53168.33887498614,80.0,LOSS,53168.33887498614,0.0
2020-04-08,6.648414134979248,6.515679259300232,2,79.86481045902555,79.86481045902555,53248.203685445165,80.0,WIN,53248.203685445165,0.0
2020-04-09,6.548794746398926,6.71489827632904,2,81.54400498783714,48.32329900181423,53296.52698444698,80.0,LOSS,53296.52698444698,0.0
2020-04-13,6.720640659332275,6.614282693862915,2,76.09322962256253,76.09322962256253,53372.620214069546,78.62651599224712,WIN,53372.620214069546,0.0
2020-04-14,7.071801662445068,6.7878470659255985,2,75.30207084530008,75.30207084530008,53447.92228491484,75.88268711641234,WIN,53447.92228491484,0.0
2020-04-15,6.9943461418151855,7.142519679069519,2,66.96970946522428,37.33500201435761,53485.2572869292,64.40916977403705,LOSS,53485.2572869292,0.0
2020-04-16,7.339530944824219,7.0642896032333375,2,63.65992128818887,63.65992128818887,53548.91720821739,61.972839417872414,WIN,53548.91720821739,0.0
2020-04-17,7.280258655548096,7.412926254272461,2,64.3871326525796,37.85361290770645,53586.770821125094,59.79686589653927,LOSS,53586.770821125094,0.0
2020-04-20,7.149008274078369,7.353061242103577,2,63.76626322553389,22.9556696204924,53609.72649074558,59.70519967921168,LOSS,53609.72649074558,0.0
2020-04-21,6.712172031402588,7.220498356819153,2,62.05651887654007,-39.60874620677295,53570.11774453881,59.18694009907655,LOSS,53609.72649074558,-0.07388350734005515
2020-04-22,7.126593589782715,6.779293751716613,2,60.347508239293845,60.347508239293845,53630.4652527781,61.23951179976764,WIN,53630.4652527781,0.0
2020-04-23,7.073296070098877,7.197859525680542,2,54.08220489940749,29.169513783074486,53659.634766561176,51.96635514678614,LOSS,53659.634766561176,0.0
2020-04-24,7.212266445159912,7.1440290307998655,2,53.553359588102964,53.553359588102964,53713.18812614928,51.85004332027604,WIN,53713.18812614928,0.0
2020-04-27,7.398805618286133,7.284389109611511,2,53.89730167920792,53.89730167920792,53767.08542782849,51.2005239852986,WIN,53767.08542782849,0.0
2020-04-28,7.256348609924316,7.472793674468994,2,55.120211981697075,11.8311990727616,53778.91662690125,51.04756608393655,LOSS,53778.91662690125,0.0
2020-04-29,7.4331746101379395,7.32891209602356,2,53.454264796020844,53.454264796020844,53832.37089169727,50.49640080985667,WIN,53832.37089169727,0.0
2020-04-30,7.279261112213135,7.507506356239319,2,54.82561778752597,9.17656898228909,53841.547460679554,50.55758230702384,LOSS,53841.547460679554,0.0
2020-05-01,7.042663097381592,7.352053723335266,2,50.130985613705036,-11.74713957702982,53829.80032110253,47.32329840870592,LOSS,53841.547460679554,-0.021817982823775957
2020-05-04,7.254605770111084,7.1130897283554075,2,48.38207670810706,48.38207670810706,53878.18239781063,47.21106539572776,WIN,53878.18239781063,0.0
2020-05-05,7.315624713897705,7.3271518278121945,2,48.509778225333534,46.20435544243564,53924.38675325307,45.99997668194972,LOSS,53924.38675325307,0.0
2020-05-06,7.4164886474609375,7.388780961036682,2,43.34024840956239,43.34024840956239,53967.727001662635,40.95706951419495,WIN,53967.727001662635,0.0
2020-05-07,7.59281587600708,7.490653533935547,2,42.74092579354351,42.74092579354351,54010.46792745618,39.889639436928675,WIN,54010.46792745618,0.0
2020-05-08,7.782842636108398,7.668744034767151,2,43.54956808820605,43.54956808820605,54054.01749554439,39.70885735079102,WIN,54054.01749554439,0.0
2020-05-11,8.034884452819824,7.860671062469483,2,44.442914993225536,44.442914993225536,54098.46041053761,39.541794035448575,WIN,54098.46041053761,0.0
2020-05-12,7.772878646850586,8.115233297348022,2,46.08350836355958,-22.387421735927568,54076.07298880169,39.70753966252581,LOSS,54098.46041053761,-0.041382733567710606
2020-05-13,7.750465393066406,7.850607433319092,2,44.242541786381295,24.21413373584418,54100.28712253753,39.41970299691014,LOSS,54100.28712253753,0.0
2020-05-14,8.000016212463379,7.827970046997071,2,43.95652601578794,43.95652601578794,54144.24364855332,39.28448633979277,WIN,54144.24364855332,0.0
2020-05-15,8.458517074584961,8.080016374588013,2,44.3450305203419,44.3450305203419,54188.58867907366,38.43551996689507,WIN,54188.58867907366,0.0
2020-05-18,8.717033386230469,8.543102245330811,2,48.97315263418968,48.97315263418968,54237.561831707855,40.067194628067895,WIN,54237.561831707855,0.0
2020-05-19,8.772074699401855,8.804203720092774,2,50.21909871119637,43.793294573012645,54281.35512628087,39.8768810993143,LOSS,54281.35512628087,0.0
2020-05-20,8.93595027923584,8.859795446395873,2,45.432567376716435,45.432567376716435,54326.787693657585,36.02861094924658,WIN,54326.787693657585,0.0
2020-05-21,8.741937637329102,9.025309782028199,2,43.63705369487453,-13.03737524494489,54313.75031841264,34.071331408596144,LOSS,54326.787693657585,-0.023998060254291555
2020-05-22,8.991985321044922,8.829357013702392,2,43.52256609257808,43.52256609257808,54357.27288450522,34.70155337065687,WIN,54357.27288450522,0.0
2020-05-26,8.68465518951416,9.081905174255372,2,45.03178153275221,-34.41821541549012,54322.85466908973,34.895990309813136,LOSS,54357.27288450522,-0.06331851027298777
2020-05-27,8.492888450622559,8.771501741409303,2,45.27663685920615,-10.446021298142654,54312.408647791584,36.25468542274048,LOSS,54357.27288450522,-0.08253584908308231
2020-05-28,8.454780578613281,8.577817335128785,2,44.44050010981962,19.833148806718917,54332.241796598304,36.38211585678971,LOSS,54357.27288450522,-0.04604919742772818
2020-05-29,8.841805458068848,8.539328384399415,2,44.1023406054426,44.1023406054426,54376.34413720375,36.2735656495321,WIN,54376.34413720375,0.0
2020-06-01,8.772820472717285,8.930223512649537,2,46.67987081260815,15.199262826157813,54391.54340002991,36.69152358103675,LOSS,54391.54340002991,0.0
2020-06-02,8.791749954223633,8.860548677444458,2,44.72452173984438,30.964777095679437,54422.50817712559,35.49185883796085,LOSS,54422.50817712559,0.0
2020-06-03,8.736210823059082,8.879667453765869,2,44.49062666469426,15.799300523336896,54438.30747764892,35.24328667870088,LOSS,54438.30747764892,0.0
2020-06-04,8.737205505371094,8.823572931289673,2,44.48052790151347,27.20704271779755,54465.51452036672,35.44843410428432,LOSS,54465.51452036672,0.0
2020-06-05,8.890193939208984,8.824577560424805,2,44.542148475054425,44.542148475054425,54510.056668841775,35.491249129865366,WIN,54510.056668841775,0.0
2020-06-08,8.775577545166016,8.979095878601074,2,45.15455583078249,4.450889143770873,54514.50755798555,35.36660877268645,LOSS,54514.50755798555,0.0
2020-06-09,9.015769958496094,8.863333320617675,2,44.671594441499245,44.671594441499245,54559.179152427045,35.44137197828189,WIN,54559.179152427045,0.0
2020-06-10,9.33544921875,9.105927658081054,2,45.63064006511976,45.63064006511976,54604.80979249217,35.24795323562478,WIN,54604.80979249217,0.0
2020-06-11,8.766857147216797,9.4288037109375,2,46.23005618835377,-86.15925655578674,54518.65053593638,34.52629060546717,LOSS,54604.80979249217,-0.15778693650469222
2020-06-12,8.902654647827148,8.854525718688965,2,48.18858152469027,48.18858152469027,54566.83911746107,38.12834400145063,WIN,54604.80979249217,-0.06953723522779312
2020-06-15,9.143095016479492,8.99168119430542,2,48.359761094138904,48.359761094138904,54615.19887855521,37.70094822908551,WIN,54615.19887855521,0.0
2020-06-16,9.03819751739502,9.234525966644288,2,47.302600623048896,8.036910773195238,54623.235789328406,35.99130716205728,LOSS,54623.235789328406,0.0
2020-06-17,9.205141067504883,9.128579492568969,2,46.17670090558746,46.17670090558746,54669.41249023399,35.56450441470513,WIN,54669.41249023399,0.0
2020-06-18,9.187198638916016,9.297192478179932,2,47.2999630326007,25.301195179817427,54694.71368541381,35.7587560447232,LOSS,54694.71368541381,0.0
2020-06-19,9.230302810668945,9.279070625305176,2,46.92523518628948,37.171672259043426,54731.88535767285,35.555345485924605,LOSS,54731.88535767285,0.0
2020-06-22,9.494918823242188,9.322605838775635,2,46.491408826670714,46.491408826670714,54778.376766499525,35.08670133903439,WIN,54778.376766499525,0.0
2020-06-23,9.418420791625977,9.589868011474609,2,47.82817371996958,13.538729750243114,54791.91549624977,35.089446496524,LOSS,54791.91549624977,0.0
2020-06-24,9.204643249511719,9.512604999542237,2,45.87738337536949,-15.714966630734168,54776.20052961903,33.99005960797609,LOSS,54791.91549624977,-0.028681177667193206
2020-06-25,9.458287239074707,9.296689682006836,2,44.87606442080398,44.87606442080398,54821.076594039834,34.018801296269956,WIN,54821.076594039834,0.0
2020-06-26,9.124408721923828,9.552870111465454,2,46.62132180447427,-39.07095610385094,54782.00563793598,34.374509810432656,LOSS,54821.076594039834,-0.07126995406015203
2020-06-29,9.169258117675781,9.215652809143066,2,44.71475616903279,35.43581787557587,54817.44145581156,34.18543278110359,LOSS,54821.076594039834,-0.006630913608633748
2020-06-30,9.466012954711914,9.26095069885254,2,44.8241284449029,44.8241284449029,54862.26558425646,34.10578324016329,WIN,54862.26558425646,0.0
2020-07-01,9.498154640197754,9.560673084259033,2,47.306798994715045,34.803110182459214,54897.06869443892,34.82687786577572,LOSS,54897.06869443892,0.0
2020-07-02,9.580129623413086,9.59313618659973,2,47.3340511190953,44.732738481766354,54941.80143292069,34.733995829317564,LOSS,54941.80143292069,0.0
2020-07-06,9.806373596191406,9.675930919647216,2,47.73578537370627,47.73578537370627,54989.5372182944,34.72930917599072,WIN,54989.5372182944,0.0
2020-07-07,9.838763236999512,9.90443733215332,2,49.09795414201698,35.96313511125539,55025.50035340565,34.887709809032614,LOSS,55025.50035340565,0.0
2020-07-08,10.181863784790039,9.937150869369507,2,48.83870026368032,48.83870026368032,55074.33905366933,34.60439842075128,WIN,55074.33905366933,0.0
2020-07-09,10.473884582519531,10.28368242263794,2,51.02441597026408,51.02441597026408,55125.3634696396,34.917904582320375,WIN,55125.3634696396,0.0
2020-07-10,10.444231033325195,10.578623428344727,2,52.02281990155326,25.1443408976469,55150.507810537245,34.62425105503531,LOSS,55150.507810537245,0.0
2020-07-13,10.018662452697754,10.548673343658447,2,45.01324732607313,-60.9889308660654,55089.51887967118,30.278334524008613,LOSS,55150.507810537245,-0.11058634505340181
2020-07-14,10.342327117919922,10.118849077224732,2,46.65108430190608,46.65108430190608,55136.16996397309,32.570556236455126,WIN,55150.507810537245,-0.02599766916637286
2020-07-15,10.193076133728027,10.445750389099121,2,48.52115848664541,-2.0136925875733667,55134.15627138552,32.802682795010114,LOSS,55150.507810537245,-0.029648936702273344
2020-07-16,10.100884437561035,10.295006895065308,2,47.98432115642446,9.159829655569894,55143.316101041084,32.90869865068503,LOSS,55150.507810537245,-0.013040151000725397
2020-07-17,10.167410850524902,10.201893281936645,2,47.61806660925947,40.72158032691098,55184.037681368,32.95305800274711,LOSS,55184.037681368,0.0
2020-07-20,10.475629806518555,10.26908495903015,2,47.8639498198271,47.8639498198271,55231.90163118782,32.908990765569456,WIN,55231.90163118782,0.0
2020-07-21,10.293987274169922,10.58038610458374,2,50.16899105924273,-7.110775023520844,55224.7908561643,33.448258650766164,LOSS,55231.90163118782,-0.012874398334148503
2020-07-22,10.403868675231934,10.39692714691162,2,49.27210817285748,49.27210817285748,55274.06296433716,33.43092528738807,WIN,55274.06296433716,0.0
2020-07-23,10.095902442932129,10.507907361984254,2,49.61385901082458,-32.787124799600356,55241.27583953756,33.31382068744877,LOSS,55274.06296433716,-0.05931737788256152
2020-07-24,10.16043472290039,10.196861467361451,2,48.734583069831814,41.44923417761973,55282.72507371518,33.69993624357102,LOSS,55282.72507371518,0.0
2020-07-27,10.386676788330078,10.262039070129395,2,48.309904475395356,48.309904475395356,55331.034978190575,33.220683500401286,WIN,55331.034978190575,0.0
2020-07-28,10.181366920471191,10.490543556213378,2,47.374846081604275,-14.460481066833083,55316.574497123744,31.940195383355785,LOSS,55331.034978190575,-0.026134485054420804
2020-07-29,10.43052864074707,10.283180589675903,2,47.4254833883602,47.4254833883602,55363.999980512104,32.58145680618985,WIN,55363.999980512104,0.0
2020-07-30,10.578533172607422,10.53483392715454,2,48.03771556164374,48.03771556164374,55412.03769607375,32.23370927581061,WIN,55412.03769607375,0.0
2020-07-31,10.579280853271484,10.684318504333497,2,48.833213201550784,27.82568298914827,55439.863379062896,32.30490433682641,LOSS,55439.863379062896,0.0
2020-08-03,10.97346019744873,10.6850736618042,2,48.864524135187246,48.864524135187246,55488.72790319808,32.32232262205791,WIN,55488.72790319808,0.0
2020-08-04,11.190232276916504,11.083194799423218,2,51.74442263552401,51.74442263552401,55540.4723258336,32.960784292523506,WIN,55540.4723258336,0.0
2020-08-05,11.249035835266113,11.302134599685669,2,53.034445845030916,42.41469296111981,55582.887018794725,33.119108072009666,LOSS,55582.887018794725,0.0
2020-08-06,11.297622680664062,11.361526193618774,2,51.98479463410447,39.204092043162184,55622.091110837886,32.338049474269525,LOSS,55622.091110837886,0.0
2020-08-07,11.162076950073242,11.410598907470703,2,51.247887201312835,1.5434957218206193,55623.63460655971,31.775158556885813,LOSS,55623.63460655971,0.0
2020-08-10,11.127692222595215,11.273697719573974,2,50.97314043866198,21.77204104291014,55645.40664760262,31.976700222097133,LOSS,55645.40664760262,0.0
2020-08-11,10.81374454498291,11.238969144821167,2,47.33648190026146,-37.708438067390006,55607.69820953523,29.908380180561934,LOSS,55645.40664760262,-0.06776558990070028
2020-08-12,11.402026176452637,10.92188199043274,2,46.40916675689242,46.40916675689242,55654.10737629212,30.158060167065543,WIN,55654.10737629212,0.0
2020-08-13,11.404764175415039,11.516046438217163,2,52.769051266332454,30.51259870590762,55684.61997499803,32.38286115431333,LOSS,55684.61997499803,0.0
2020-08-14,11.525358200073242,11.518811817169189,2,52.45996763283356,52.45996763283356,55737.079942630866,32.19625399469238,WIN,55737.079942630866,0.0
2020-08-17,12.29577350616455,11.640611782073975,2,53.04374743763744,53.04374743763744,55790.1236900685,32.21293599138161,WIN,55790.1236900685,0.0
2020-08-18,12.219780921936035,12.418731241226196,2,61.583721362165655,21.793657504133556,55811.917347572635,34.89953981669832,LOSS,55811.917347572635,0.0
2020-08-19,12.097938537597656,12.341978731155395,2,60.496409890515594,11.688371178967842,55823.605718751605,34.51701376679628,LOSS,55823.605718751605,0.0
2020-08-20,12.100430488586426,12.218917922973633,2,60.40442900512859,36.70694212768717,55860.312660879295,34.79651810981065,LOSS,55860.312660879295,0.0
2020-08-21,12.641118049621582,12.221434793472291,2,58.221900221717625,58.221900221717625,55918.53456110101,33.596695644410275,WIN,55918.53456110101,0.0
2020-08-24,12.677743911743164,12.767529230117798,2,62.75784647278844,44.800782797861594,55963.33534389887,34.60885597491139,LOSS,55963.33534389887,0.0
2020-08-25,12.707395553588867,12.804521350860595,2,62.826507302482604,43.40134784813703,56006.736691747006,34.54981099232705,LOSS,56006.736691747006,0.0
2020-08-26,12.730319023132324,12.834469509124755,2,61.53674653366099,40.7066493351748,56047.44334108218,33.8019863167091,LOSS,56047.44334108218,0.0
2020-08-27,12.586052894592285,12.857622213363648,2,61.47023057457168,7.156366820299162,56054.59970790248,33.709748449655876,LOSS,56054.59970790248,0.0
2020-08-28,13.103816032409668,12.711913423538208,2,61.47277627269433,61.47277627269433,56116.07248417518,34.077177596626655,WIN,56116.07248417518,0.0
2020-08-31,13.329812049865723,13.234854192733765,2,65.46977588060457,65.46977588060457,56181.54226005579,34.818247642308705,WIN,56181.54226005579,0.0
2020-09-01,13.778938293457031,13.46311017036438,2,65.45520213956412,65.45520213956412,56246.99746219535,34.25073119531147,WIN,56246.99746219535,0.0
2020-09-02,14.302838325500488,13.916727676391602,2,68.46915338271764,68.46915338271764,56315.46661557807,34.638861484564075,WIN,56315.46661557807,0.0
2020-09-03,12.975889205932617,14.445866708755494,2,72.26120581495779,-221.73429474961756,56093.73232082846,35.188593147072986,LOSS,56315.46661557807,-0.393736051701786
2020-09-04,12.584088325500488,13.105648097991944,2,79.90771800043596,-24.404236497855152,56069.328084330606,42.50370237457696,LOSS,56315.46661557807,-0.4370709256973101
2020-09-08,11.876745223999023,12.709929208755494,2,78.65768527575281,-87.97911167554122,55981.34897265506,43.11485701458417,LOSS,56315.46661557807,-0.593296412162883
2020-09-09,12.676305770874023,11.995512676239013,2,78.02464483547134,78.02464483547134,56059.373617490535,45.22460597696039,WIN,56315.46661557807,-0.45474718310634804
2020-09-10,12.27428150177002,12.803068828582763,2,85.87165296011345,-19.885812402435235,56039.4878050881,46.57827210686889,LOSS,56315.46661557807,-0.49005864121461284
2020-09-11,12.12747859954834,12.39702431678772,2,82.34422685800206,28.435083410126097,56067.92288849823,46.14499072608453,LOSS,56315.46661557807,-0.43956614755522067
2020-09-14,12.833075523376465,12.248753385543823,2,81.59671283985045,81.59671283985045,56149.51960133808,46.27443679243429,WIN,56315.46661557807,-0.2946739576407781
2020-09-15,12.95146369934082,12.96140627861023,2,89.15486451590665,87.16634866202467,56236.6859500001,47.723127552868526,LOSS,56315.46661557807,-0.1398917034919479
2020-09-16,12.476412773132324,13.080978336334228,2,86.05320725840431,-34.859905381976446,56201.82604461812,45.71905336225883,LOSS,56315.46661557807,-0.20179282493686018
2020-09-17,12.425569534301758,12.601176900863647,2,84.36774930706451,49.2462759946866,56251.07232061281,46.49886014821894,LOSS,56315.46661557807,-0.11434566529446098
2020-09-18,12.152153968811035,12.549825229644776,2,83.91930601443443,4.385053847686194,56255.45737446049,46.44316236525245,LOSS,56315.46661557807,-0.1065590764384777
2020-09-21,12.479156494140625,12.273675508499146,2,82.60534242258476,82.60534242258476,56338.062716883076,46.73306535222076,WIN,56338.062716883076,0.0
2020-09-22,12.599289894104004,12.60394805908203,2,83.57963485861366,82.64800186300829,56420.710718746086,46.07129862254611,LOSS,56420.710718746086,0.0
2020-09-23,12.086853981018066,12.725282793045045,2,84.46628105509515,-43.21948135030051,56377.491237395785,46.11437224808019,LOSS,56420.710718746086,-0.0766021569025382
2020-09-24,12.31042194366455,12.207722520828247,2,82.56142228392886,82.56142228392886,56460.05265967971,46.9519396775655,WIN,56460.05265967971,0.0
2020-09-25,12.83457088470459,12.433526163101197,2,84.45673656307156,84.45673656307156,56544.509396242785,47.149769565176975,WIN,56544.509396242785,0.0
2020-09-28,12.995331764221191,12.962916593551636,2,89.66766658393273,89.66766658393273,56634.17706282672,47.982049508179266,WIN,56634.17706282672,0.0
2020-09-29,13.18549919128418,13.125285081863403,2,89.31946002008331,89.31946002008331,56723.4965228468,47.233160604488646,WIN,56723.4965228468,0.0
2020-09-30,13.489320755004883,13.317354183197022,2,90.54271946458556,90.54271946458556,56814.03924231139,47.19112388597446,WIN,56814.03924231139,0.0
2020-10-01,13.573067665100098,13.624213962554931,2,91.99075309048493,81.76149359951826,56895.8007359109,46.87815802091098,LOSS,56895.8007359109,0.0
2020-10-02,13.022500038146973,13.708798341751098,2,90.96730149141295,-46.292359229412185,56849.50837668149,46.10110002598565,LOSS,56895.8007359109,-0.08136340227336274
2020-10-05,13.600982666015625,13.152725038528443,2,79.5452749153433,79.5452749153433,56929.053651596834,42.17381875275311,WIN,56929.053651596834,0.0
2020-10-06,13.694697380065918,13.736992492675782,2,83.91770994090236,75.45868741892959,57004.51233901576,42.58178569550434,LOSS,57004.51233901576,0.0
2020-10-07,13.921504020690918,13.831644353866578,2,79.4512336009966,79.4512336009966,57083.963572616754,40.14525778608115,WIN,57083.963572616754,0.0
2020-10-08,13.796632766723633,14.060719060897828,2,75.489929461828,22.67267062698899,57106.636243243745,37.63798233096372,LOSS,57106.636243243745,0.0
2020-10-09,13.720865249633789,13.934599094390869,2,72.97068462603056,30.223915674614602,57136.86015891836,36.75483106763892,LOSS,57136.86015891836,0.0
2020-10-12,14.18270492553711,13.858073902130126,2,72.25993298379527,72.25993298379527,57209.12009190216,36.60538271924263,WIN,57209.12009190216,0.0
2020-10-13,14.204887390136719,14.32453197479248,2,71.34404671249199,47.41512978133974,57256.535221683494,35.043917119632056,LOSS,57256.535221683494,0.0
2020-10-14,14.052355766296387,14.346936264038087,2,71.44828266593777,12.53218311759774,57269.06740480109,35.040494784883975,LOSS,57269.06740480109,0.0
2020-10-15,13.927484512329102,14.192879323959351,2,67.92070886099164,14.841746534941677,57283.90915133603,33.74120412351316,LOSS,57283.90915133603,0.0
2020-10-16,13.769468307495117,14.066759357452392,2,67.54217300054069,8.08396300908565,57291.99311434512,33.848068339032636,LOSS,57291.99311434512,0.0
2020-10-19,13.456671714782715,13.907162990570068,2,65.87031055835509,-24.227944599115588,57267.765169746,33.41307169616009,LOSS,57291.99311434512,-0.04228853506764971
2020-10-20,13.603973388671875,13.591238431930542,2,64.94874296095514,64.94874296095514,57332.71391270696,33.69559767637256,WIN,57332.71391270696,0.0
2020-10-21,13.483590126037598,13.740013122558594,2,65.68958837077743,14.40498906657821,57347.11890177354,33.71013173668164,LOSS,57347.11890177354,0.0
2020-10-22,13.320340156555176,13.618426027297973,2,61.53024104190224,1.9130668933427657,57349.03196866688,31.95491752276424,LOSS,57349.03196866688,0.0
2020-10-23,13.548891067504883,13.453543558120728,2,60.9941835982171,60.9941835982171,57410.0261522651,32.05865339923463,WIN,57410.0261522651,0.0
2020-10-26,13.101255416870117,13.684379978179932,2,59.26508769693788,-57.359824565024994,57352.66632770007,30.703626673182708,LOSS,57410.0261522651,-0.0999125560627621
2020-10-27,13.355978012084961,13.23226797103882,2,59.51798562300786,59.51798562300786,57412.18431332308,31.819850139884778,WIN,57412.18431332308,0.0
2020-10-28,12.58857250213623,13.48953779220581,2,60.98576250022836,-119.20729551368765,57292.97701780939,31.973666836145433,LOSS,57412.18431332308,-0.20763414062618546
2020-10-29,12.984362602233887,12.714458227157593,2,61.97431692848583,61.97431692848583,57354.951334737874,34.33423464920976,WIN,57412.18431332308,-0.0996878611565451
2020-10-30,12.495855331420898,13.114206228256226,2,65.69578454207246,-57.974394824993,57296.97693991288,35.237404512472004,LOSS,57412.18431332308,-0.20066711411198887
2020-11-02,12.542464256286621,12.620813884735108,2,62.883452339272026,47.213526649574575,57344.19046656245,35.05707543821571,LOSS,57412.18431332308,-0.11843103963708193
2020-11-03,12.979877471923828,12.667888898849487,2,59.523061343807406,59.523061343807406,57403.713527906264,33.16125069744277,WIN,57412.18431332308,-0.014754333976541904
2020-11-04,13.752267837524414,13.109676246643067,2,63.9266084773378,63.9266084773378,57467.640136383605,34.34741925155091,WIN,57467.640136383605,0.0
2020-11-05,14.116905212402344,13.889790515899659,2,73.35891636838305,73.35891636838305,57540.99905275199,37.054414819207494,WIN,57540.99905275199,0.0
2020-11-06,14.517683029174805,14.258074264526368,2,76.22082860993848,76.22082860993848,57617.21988136193,37.48398540032985,WIN,57617.21988136193,0.0
2020-11-09,13.589265823364258,14.662859859466552,2,79.36991761876465,-135.34888960169422,57481.87099176024,37.932844296709064,LOSS,57617.21988136193,-0.23491048315136798
2020-11-10,12.731138229370117,13.7251584815979,2,78.70615632257982,-120.09789412297671,57361.77309763726,40.080324852389154,LOSS,57617.21988136193,-0.44335145682255034
2020-11-11,13.37716293334961,12.858449611663819,2,78.07245215604529,78.07245215604529,57439.84554979331,42.33326722613276,WIN,57617.21988136193,-0.30784951431854773
2020-11-12,13.415796279907227,13.510934562683106,2,85.45189469178686,66.42423813661095,57506.26978792992,44.02318870769574,LOSS,57617.21988136193,-0.1925641217338563
2020-11-13,13.2565336227417,13.5499542427063,2,85.65843284049892,26.97430884757894,57533.244096777504,44.00334548749653,LOSS,57617.21988136193,-0.14574772048589127
2020-11-16,13.474119186401367,13.389098958969116,2,84.65404022407562,84.65404022407562,57617.89813700158,44.00957366803462,WIN,57617.89813700158,0.0
2020-11-17,13.381402969360352,13.608860378265382,2,85.78111471038135,40.28963292937533,57658.187769930955,43.8807671860556,LOSS,57658.187769930955,0.0
2020-11-18,13.387880325317383,13.515216999053955,2,85.1171737190057,59.64983897169131,57717.83760890265,43.8443493956775,LOSS,57717.83760890265,0.0
2020-11-19,13.399347305297852,13.521759128570556,2,85.06656048153584,60.5841958269949,57778.421804729645,43.79898765302755,LOSS,57778.421804729645,0.0
2020-11-20,13.047920227050781,13.53334077835083,2,84.95089374436004,-12.133216515649693,57766.288588213996,43.70592380246281,LOSS,57778.421804729645,-0.02099956374138261
2020-11-23,13.100011825561523,13.178399429321288,2,83.15359539486391,67.4760746429109,57833.764662856905,43.92427055691886,LOSS,57833.764662856905,0.0
2020-11-24,12.918315887451172,13.231011943817139,2,82.27870746127803,19.739496188084658,57853.50415904499,43.314907877408416,LOSS,57853.50415904499,0.0
2020-11-25,13.194472312927246,13.047499046325683,2,80.90745388479021,80.90745388479021,57934.41161292978,43.19711583693685,WIN,57934.41161292978,0.0
2020-11-27,13.220890998840332,13.326417036056519,2,79.01577383633213,57.91056639309477,57992.32217932288,41.38178683439576,LOSS,57992.32217932288,0.0
2020-11-30,13.360715866088867,13.353099908828735,2,78.08482927463973,78.08482927463973,58070.40700859752,40.836885738708915,WIN,58070.40700859752,0.0
2020-12-01,13.349249839782715,13.494323024749756,2,76.85368023031526,47.8390432369071,58118.24605183442,39.81855454452359,LOSS,58118.24605183442,0.0
2020-12-02,13.503279685974121,13.482742338180541,2,76.8157940126792,76.8157940126792,58195.0618458471,39.83246226946869,WIN,58195.0618458471,0.0
2020-12-03,13.359176635742188,13.638312482833863,2,76.40048480385128,20.573315385516253,58215.63516123262,39.194870803465925,LOSS,58215.63516123262,0.0
2020-12-04,13.520981788635254,13.49276840209961,2,70.73103148603572,70.73103148603572,58286.366192718655,36.79150037923412,WIN,58286.366192718655,0.0
2020-12-07,13.569348335266113,13.656191606521606,2,70.64785267543519,53.27919842433664,58339.64539114299,36.33172354920602,LOSS,58339.64539114299,0.0
2020-12-08,13.313302993774414,13.705041818618774,2,69.41889697779548,-8.92886799107653,58330.71652315192,35.60948186883243,LOSS,58339.64539114299,-0.015304974740951473
2020-12-09,12.8952054977417,13.446436023712158,2,61.8754312312656,-48.370673962826125,58282.34584918909,32.51248838204552,LOSS,58339.64539114299,-0.09821715845156524
2020-12-10,12.936594009399414,13.024157552719116,2,53.851019309470736,36.338310645530434,58318.68415983462,29.393215999738032,LOSS,58339.64539114299,-0.035929651556560645
2020-12-11,12.9774808883667,13.065959949493408,2,47.37740236580067,29.681590140458958,58348.365749975084,25.994934845419117,LOSS,58348.365749975084,0.0
2020-12-14,13.27216911315918,13.107255697250366,2,47.53455652543403,47.53455652543403,58395.900306500516,25.998714155263713,WIN,58395.900306500516,0.0
2020-12-15,13.323775291442871,13.40489080429077,2,49.85926478828642,33.63616221870647,58429.53646871922,26.619332339870056,LOSS,58429.53646871922,0.0
2020-12-16,13.206099510192871,13.4570130443573,2,49.29920103138607,-0.8835058014997017,58428.65296291772,26.245054903918007,LOSS,58429.53646871922,-0.0015120876441932739
2020-12-17,13.304577827453613,13.3381605052948,2,48.947968903852484,42.23143333561514,58470.88439625333,26.287216688964875,LOSS,58470.88439625333,0.0
2020-12-18,13.235515594482422,13.437623605728149,2,49.49186556458041,9.070263315435014,58479.954659568764,26.376151977423557,LOSS,58479.954659568764,0.0
2020-12-21,13.29560375213623,13.367870750427246,2,49.298432142957274,34.84503248475425,58514.799692053515,26.407871792202855,LOSS,58514.799692053515,0.0
2020-12-22,13.24174976348877,13.428559789657593,2,47.432314519097204,10.070309285332598,58524.870001338844,25.368161393131658,LOSS,58524.870001338844,0.0
2020-12-23,12.973487854003906,13.374167261123658,2,47.28391832019366,-32.85196310375663,58492.01803823509,25.390004394393664,LOSS,58524.870001338844,-0.056133338020237546
2020-12-24,12.958033561706543,13.103222732543946,2,47.015178523126814,17.97734435564619,58509.995382590736,25.74137229848186,LOSS,58524.870001338844,-0.025415893700862648
2020-12-28,12.864538192749023,13.087613897323608,2,45.49471244905875,0.8795715341417463,58510.874954124876,24.993844029752154,LOSS,58524.870001338844,-0.023912991542993443
2020-12-29,12.907670974731445,12.993183574676515,2,45.25832384129668,28.155803852282837,58539.03075797716,25.041077900761074,LOSS,58539.03075797716,0.0
2020-12-30,13.109614372253418,13.03674768447876,2,45.013481943409445,45.013481943409445,58584.04423992057,24.837852265993774,WIN,58584.04423992057,0.0
2020-12-31,13.019115447998047,13.240710515975952,2,46.647096168417,2.3280825728360313,58586.37232249341,25.306759505728696,LOSS,58586.37232249341,0.0
2021-01-04,13.077455520629883,13.149306602478028,2,45.899823682500184,31.52960731287122,58617.90192980628,25.090707653031163,LOSS,58617.90192980628,0.0
2021-01-05,13.367903709411621,13.208230075836182,2,45.93473555369512,45.93473555369512,58663.83666535997,25.004334664692188,WIN,58663.83666535997,0.0
2021-01-06,12.579827308654785,13.501582746505738,2,48.13131874821759,-136.21976882197302,58527.616896538,25.586402210315875,LOSS,58663.83666535997,-0.2322039889736881
2021-01-07,13.307319641113281,12.705625581741334,2,53.26618301230137,53.26618301230137,58580.8830795503,29.778200551958783,WIN,58663.83666535997,-0.14140497881662456
2021-01-08,13.240256309509277,13.440392837524413,2,62.94520117237683,22.917895569349596,58603.80097511965,33.05803767116417,LOSS,58663.83666535997,-0.10233849958158625
2021-01-11,13.584057807922363,13.37265887260437,2,60.726558560813935,60.726558560813935,58664.52753368046,32.10815086038189,WIN,58664.52753368046,0.0
2021-01-12,13.447683334350586,13.719898386001587,2,63.415938554998384,8.972928224798203,58673.50046190526,32.64986692867494,LOSS,58673.50046190526,0.0
2021-01-13,13.494552612304688,13.582160167694092,2,63.070001144742925,45.54849006686212,58719.04895197212,32.792857738513206,LOSS,58719.04895197212,0.0
2021-01-14,13.16396427154541,13.629498138427735,2,62.43515027237636,-30.671623104088596,58688.37732886803,32.37394022082499,LOSS,58719.04895197212,-0.052234536579737506
2021-01-15,12.824151992797852,13.295603914260864,2,62.03587529127476,-32.25450900132776,58656.1228198667,32.941849616046795,LOSS,58719.04895197212,-0.10716476718975954
2021-01-19,12.989447593688965,12.95239351272583,2,61.42665151333597,61.42665151333597,58717.549471380036,33.45358077719394,WIN,58719.04895197212,-0.0025536527223275983
2021-01-20,13.329009056091309,13.119342069625855,2,62.43335314192839,62.43335314192839,58779.98282452196,33.56303534691141,WIN,58779.98282452196,0.0
2021-01-21,13.829381942749023,13.462299146652223,2,65.24564737666851,65.24564737666851,58845.22847189863,34.14869858062164,WIN,58845.22847189863,0.0
2021-01-22,13.6748046875,13.967675762176514,2,69.97037266415771,11.39615772885496,58856.624629627484,35.23698435382464,LOSS,58856.624629627484,0.0
2021-01-25,13.615718841552734,13.811552734375,2,69.42216401832471,30.255385453871455,58886.880015081355,35.35011087016899,LOSS,58886.880015081355,0.0
2021-01-26,13.398319244384766,13.751876029968262,2,68.33373105013595,-2.3776260665632947,58884.50238901479,34.967077726316504,LOSS,58886.880015081355,-0.004037615961234253
2021-01-27,12.882243156433105,13.532302436828614,2,67.78226553751767,-62.229590541584,58822.27279847321,35.23346632535191,LOSS,58886.880015081355,-0.10971411049727321
2021-01-28,13.01512336730957,13.011065587997436,2,67.50651544871808,67.50651544871808,58889.77931392193,36.43241417111544,WIN,58889.77931392193,0.0
2021-01-29,12.9540433883667,13.145274600982667,2,68.3349801570553,30.08873763386177,58919.86805155579,36.499566457775586,LOSS,58919.86805155579,0.0
2021-02-01,13.200613975524902,13.083583822250366,2,67.69233092980811,67.69233092980811,58987.5603824856,36.33517609820569,WIN,58987.5603824856,0.0
2021-02-02,13.519488334655762,13.332620115280152,2,69.43455800333541,69.43455800333541,59056.994940488934,36.562536715414836,WIN,59056.994940488934,0.0
2021-02-03,13.493308067321777,13.654683218002319,2,71.89536153547422,39.62033139936594,59096.6152718883,36.945882146487676,LOSS,59096.6152718883,0.0
2021-02-04,13.626690864562988,13.628241147994995,2,71.10291921064015,70.79286252423881,59167.408134412544,36.62567661693658,LOSS,59167.408134412544,0.0
2021-02-05,13.553640365600586,13.762957773208619,2,65.46767142173506,23.604189900128446,59191.01232431267,33.549167230056,LOSS,59191.01232431267,0.0
2021-02-08,14.399062156677246,13.689176769256592,2,59.20551868482751,59.20551868482751,59250.2178429975,30.664417982531184,WIN,59250.2178429975,0.0
2021-02-09,14.224043846130371,14.543052778244018,2,70.16431875139457,6.362532328665196,59256.58037532617,34.002047143300416,LOSS,59256.58037532617,0.0
2021-02-10,14.72366714477539,14.366284284591675,2,68.82427266820899,68.82427266820899,59325.40464799438,33.77548773954375,WIN,59325.40464799438,0.0
2021-02-11,15.208829879760742,14.870903816223144,2,72.78401838764132,72.78401838764132,59398.18866638202,34.46833075658072,WIN,59398.18866638202,0.0
2021-02-12,14.920125961303711,15.36091817855835,2,76.61972051506385,-11.538722935864001,59386.64994344615,35.09345291259593,LOSS,59398.18866638202,-0.01942605186275352
2021-02-16,15.28810977935791,15.069327220916747,2,74.5830746930495,74.5830746930495,59461.2330181392,34.83535231415771,WIN,59461.2330181392,0.0
2021-02-17,14.86502742767334,15.440990877151489,2,74.75158491171813,-40.441104983911615,59420.79191315529,34.112407041528364,LOSS,59461.2330181392,-0.06801255697401025
2021-02-18,14.788238525390625,15.013677701950073,2,75.0645675099799,29.97673219809036,59450.76864535338,35.17215354563996,LOSS,59461.2330181392,-0.017598647479489544
2021-02-19,14.885473251342773,14.936120910644531,2,74.19091975435272,64.06138789400117,59514.83003324738,34.95483100856199,LOSS,59514.83003324738,0.0
2021-02-22,14.316289901733398,15.034327983856201,2,72.62544777280915,-70.9821686517514,59443.84786459563,34.0424501468606,LOSS,59514.83003324738,-0.11926803556710143
2021-02-23,14.103126525878906,14.459452800750732,2,72.6101970811553,1.3449421067901284,59445.19280670242,35.31843434447589,LOSS,59514.83003324738,-0.1170081919179786
2021-02-24,14.459145545959473,14.244157791137695,2,71.96611273358275,71.96611273358275,59517.158919436006,35.523411229549254,WIN,59517.158919436006,0.0
2021-02-25,13.27092170715332,14.603737001419068,2,74.00542397889541,-192.55763487425418,59324.60128456175,35.6252403658105,LOSS,59517.158919436006,-0.32353297497769573
2021-02-26,13.676801681518555,13.403630924224853,2,76.0526922203087,76.0526922203087,59400.65397678206,39.676770014736945,WIN,59517.158919436006,-0.1957501748557122
2021-03-01,13.803702354431152,13.81356969833374,2,79.38196848957266,77.40849970905505,59478.06247649111,40.16197106083844,LOSS,59517.158919436006,-0.06568936363010212
2021-03-02,13.369399070739746,13.941739377975464,2,80.07920949680668,-34.38885195033697,59443.673624540774,40.143136012901564,LOSS,59517.158919436006,-0.12346909064443702
2021-03-03,12.769553184509277,13.503093061447144,2,78.70656777263362,-68.00140761493974,59375.672216925836,40.71054127175528,LOSS,59517.158919436006,-0.23772422118080336
2021-03-04,12.336246490478516,12.89724871635437,2,76.82672484846933,-35.3737203267017,59340.298496599135,41.56598118053135,LOSS,59517.158919436006,-0.29715871195443694
2021-03-05,12.427245140075684,12.4596089553833,2,75.31183088535313,68.83906782382971,59409.13756442296,42.151511352218826,LOSS,59517.158919436006,-0.18149615501516708
2021-03-08,11.561383247375488,12.55151759147644,2,75.79476877408152,-122.2321000461088,59286.905464376854,42.112869162105085,LOSS,59517.158919436006,-0.3868690294354085
2021-03-09,12.490143775939941,11.676997079849244,2,74.70993202547668,74.70993202547668,59361.61539640233,44.51351233599291,WIN,59517.158919436006,-0.2613423185139284
2021-03-10,12.438268661499023,12.615045213699341,2,83.61354476820739,48.25823432814384,59409.87363073048,46.0502865169003,LOSS,59517.158919436006,-0.18025942543855478
2021-03-11,12.96225643157959,12.562651348114013,2,83.23413359363693,83.23413359363693,59493.107764324115,46.03319502205813,WIN,59517.158919436006,-0.04041045565438863
2021-03-12,12.825087547302246,13.091878995895385,2,87.38812136400152,34.029831645373704,59527.13759596949,46.36364097412938,LOSS,59527.13759596949,0.0
2021-03-15,13.159530639648438,12.95333842277527,2,84.84653972217879,84.84653972217879,59611.98413569167,45.52978366541571,WIN,59611.98413569167,0.0
2021-03-16,13.259288787841797,13.291125946044922,2,88.04440703158879,81.67697539096385,59693.661111082634,46.02502644699274,LOSS,59693.661111082634,0.0
2021-03-17,13.309171676635742,13.391881675720215,2,87.89852758137437,71.35652776447971,59765.017638847115,45.61930503948774,LOSS,59765.017638847115,0.0
2021-03-18,12.69190788269043,13.442263393402099,2,87.79202518592551,-62.27907695640836,59702.73856189071,45.40203268162834,LOSS,59765.017638847115,-0.10420657337165701
2021-03-19,12.814862251281738,12.818826961517335,2,85.41482683325395,84.62188478613467,59787.360446676845,46.28511641145194,LOSS,59787.360446676845,0.0
2021-03-22,13.154541969299316,12.943010873794556,2,86.33760310363961,86.33760310363961,59873.69804978048,46.334310555051445,WIN,59873.69804978048,0.0
2021-03-23,13.039321899414062,13.28608738899231,2,88.52129676339541,39.1681988477458,59912.86624862823,46.28159916734111,LOSS,59912.86624862823,0.0
2021-03-24,12.61259937286377,13.169715118408202,2,87.63696351241546,-23.786185596471114,59889.08006303175,46.226318045050334,LOSS,59912.86624862823,-0.0397012980446709
2021-03-25,12.505108833312988,12.738725366592407,2,84.6656062201416,37.94229956425791,59927.02236259601,46.172110394626934,LOSS,59927.02236259601,0.0
2021-03-26,12.808375358581543,12.630159921646118,2,77.5007336952354,77.5007336952354,60004.52309629125,42.76402297899021,WIN,60004.52309629125,0.0
2021-03-29,12.917115211486816,12.936459112167359,2,78.93960422300749,75.07082408689895,60079.593920378145,42.53647625541174,LOSS,60079.593920378145,0.0
2021-03-30,12.840798377990723,13.046286363601684,2,79.58824612492513,38.49064900273284,60118.08456938088,42.5254488308568,LOSS,60118.08456938088,0.0
2021-03-31,13.316152572631836,12.96920636177063,2,78.11774565545691,78.11774565545691,60196.20231503634,42.01019936886394,WIN,60196.20231503634,0.0
2021-04-01,13.77854061126709,13.449314098358155,2,80.0899957374025,80.0899957374025,60276.292310773744,41.55341965315936,WIN,60276.292310773744,0.0
2021-04-05,13.953865051269531,13.916326017379761,2,82.1611037349631,82.1611037349631,60358.45341450871,41.21262081151086,WIN,60358.45341450871,0.0
2021-04-06,13.828169822692871,14.093403701782227,2,83.26155179245085,30.214775974579595,60388.66819048329,41.238688307938546,LOSS,60388.66819048329,0.0
2021-04-07,14.109492301940918,13.9664515209198,2,74.33995658592511,74.33995658592511,60463.00814706921,37.330005038514905,WIN,60463.00814706921,0.0
2021-04-08,14.282574653625488,14.250587224960327,2,66.94914921847499,66.94914921847499,60529.957296287685,33.15628472200791,WIN,60529.957296287685,0.0
2021-04-09,14.365374565124512,14.425400400161744,2,67.5941265697155,55.58895956226914,60585.54625584996,33.07464169904823,LOSS,60585.54625584996,0.0
2021-04-12,15.172429084777832,14.509028310775758,2,65.33650631761748,65.33650631761748,60650.882762167574,31.854717158945196,WIN,60650.882762167574,0.0
2021-04-13,15.641797065734863,15.32415337562561,2,73.49556365633676,73.49556365633676,60724.37832582391,33.811430090906434,WIN,60724.37832582391,0.0
2021-04-14,15.240265846252441,15.798215036392213,2,76.16595468143719,-35.42388334651707,60688.95444247739,33.97920740336155,LOSS,60724.37832582391,-0.0583355224428145
2021-04-15,16.09844970703125,15.392668504714965,2,76.45051663287032,76.45051663287032,60765.40495911026,34.95128384776487,WIN,60765.40495911026,0.0
2021-04-16,15.874235153198242,16.259434204101563,2,85.1161117796945,8.076301599030359,60773.48126070929,36.74294389287127,LOSS,60773.48126070929,0.0
2021-04-19,15.324810981750488,16.032977504730226,2,78.82595355431522,-62.80735104163239,60710.67390966766,34.6159550086586,LOSS,60773.48126070929,-0.10334664024296153
2021-04-20,15.13476848602295,15.478059091567994,2,79.90908559441277,11.250964485403799,60721.92487415307,36.26099477491501,LOSS,60773.48126070929,-0.0848336897717812
2021-04-21,15.323564529418945,15.28611617088318,2,79.09765135958979,79.09765135958979,60801.02252551266,36.339448927970174,WIN,60801.02252551266,0.0
2021-04-22,14.814542770385742,15.476800174713135,2,79.61983152265586,-52.83164934282277,60748.190876169836,36.13894445076208,LOSS,60801.02252551266,-0.08689269875461782
2021-04-23,15.228543281555176,14.9626881980896,2,77.04656148138342,77.04656148138342,60825.237437651216,36.17089455302524,WIN,60825.237437651216,0.0
2021-04-26,15.44078540802002,15.380828714370727,2,79.25057312640304,79.25057312640304,60904.48801077762,36.19300393009435,WIN,60904.48801077762,0.0
2021-04-27,15.344764709472656,15.59519326210022,2,80.0104769870234,29.9247664615105,60934.41277723913,36.04537827550116,LOSS,60934.41277723913,0.0
2021-04-28,15.240015029907227,15.498212356567382,2,79.95269134255977,28.31322601052861,60962.726003249656,36.23494196788333,LOSS,60962.726003249656,0.0
2021-04-29,15.287900924682617,15.3924151802063,2,79.4575154157408,58.55466431100436,61021.28066756066,36.256909169511076,LOSS,61021.28066756066,0.0
2021-04-30,14.973407745361328,15.440779933929443,2,78.22042334372512,-15.254014369897888,61006.02665319076,35.61365723209904,LOSS,61021.28066756066,-0.02499786009573186
2021-05-03,14.80107307434082,15.123141822814942,2,76.36632735813163,11.95257766330731,61017.97923085407,35.50543311027887,LOSS,61021.28066756066,-0.005410303865265642
2021-05-04,14.316741943359375,14.949083805084229,2,75.77298064093681,-50.695391704033895,60967.28383915003,35.63305567057182,LOSS,61021.28066756066,-0.08848852043076513
2021-05-05,14.423731803894043,14.459909362792969,2,75.1948920241706,67.95938024438546,61035.24321939442,36.51151203116724,LOSS,61035.24321939442,0.0
2021-05-06,14.488080024719238,14.567969121932984,2,75.2283076042485,59.25048816149929,61094.49370755592,36.26914526703618,LOSS,61094.49370755592,0.0
2021-05-07,14.776632308959961,14.63296082496643,2,75.37375019474452,75.37375019474452,61169.86745775067,36.18232449498777,WIN,61169.86745775067,0.0
2021-05-10,14.23144817352295,14.924398632049561,2,77.43718561004651,-61.15290609527587,61108.714551655394,36.43400202680362,LOSS,61169.86745775067,-0.09997227170307668
2021-05-11,14.271849632263184,14.37376265525818,2,71.29891888142723,50.91631428242806,61159.63086593782,34.90898280330737,LOSS,61169.86745775067,-0.01673469673596927
2021-05-12,13.725418090820312,14.414568128585815,2,69.3802831641308,-68.44972438896967,61091.18114154885,33.925971085684125,LOSS,61169.86745775067,-0.12863574742281011
2021-05-13,13.632391929626465,13.862672271728515,2,67.95943020264583,21.903361782235777,61113.08450333108,34.52138452746625,LOSS,61169.86745775067,-0.09282831037488197
2021-05-14,14.208752632141113,13.76871584892273,2,59.86714784057432,59.86714784057432,61172.95165117166,30.818527609217117,WIN,61172.95165117166,0.0
2021-05-17,14.131438255310059,14.350840158462525,2,67.3209467563844,23.44056612589118,61196.39221729755,33.11011036602575,LOSS,61196.39221729755,0.0
2021-05-18,13.982049942016602,14.27275263786316,2,65.14642707508209,7.005887905770365,61203.39810520332,32.263759799179184,LOSS,61203.39810520332,0.0
2021-05-19,14.031927108764648,14.121870441436768,2,64.40041018227829,46.41174364785448,61249.809848851175,32.23663842957824,LOSS,61249.809848851175,0.0
2021-05-20,14.577363014221191,14.172246379852295,2,64.19234197356019,64.19234197356019,61314.002190824736,32.030268384802625,WIN,61314.002190824736,0.0
2021-05-21,14.955702781677246,14.723136644363404,2,68.2624762978239,68.2624762978239,61382.26466712256,32.74487289763265,WIN,61382.26466712256,0.0
2021-05-24,15.57446002960205,15.105259809494019,2,69.80149560944533,69.80149560944533,61452.06616273201,32.64197570294543,WIN,61452.06616273201,0.0
2021-05-25,15.610122680664062,15.730204629898072,2,75.91949750343967,51.90310765663777,61503.96927038865,34.013791448478116,LOSS,61503.96927038865,0.0
2021-05-26,15.662249565124512,15.766223907470703,2,75.99238062786604,55.19751215862776,61559.166782547276,33.971012913199715,LOSS,61559.166782547276,0.0
2021-05-27,15.45075798034668,15.818872060775757,2,76.1144368974565,2.4916208116410985,61561.65840335892,33.91539208294256,LOSS,61561.65840335892,0.0
2021-05-28,16.2054386138916,15.605265560150146,2,75.52078981643943,75.52078981643943,61637.179193175354,34.10124772725578,WIN,61637.179193175354,0.0
2021-06-01,16.225391387939453,16.367493000030517,2,82.51641226745772,54.09608984924486,61691.275283024595,35.450971457997596,LOSS,61691.275283024595,0.0
2021-06-02,16.737905502319336,16.387645301818846,2,82.12239326797517,82.12239326797517,61773.397676292574,35.248930432556364,WIN,61773.397676292574,0.0
2021-06-03,16.92894172668457,16.90528455734253,2,82.7915372701231,82.7915372701231,61856.1892135627,34.48827280165489,WIN,61856.1892135627,0.0
2021-06-04,17.535980224609375,17.098231143951416,2,83.75735157492701,83.75735157492701,61939.94656513762,34.49643181120054,WIN,61939.94656513762,0.0
2021-06-07,17.576629638671875,17.71134002685547,2,88.30207954225439,61.36000190553527,62001.30656704316,35.07781366861964,LOSS,62001.30656704316,0.0
2021-06-08,17.41502571105957,17.752395935058594,2,88.37818307441553,20.904138274610787,62022.21070531777,35.02942469806402,LOSS,62022.21070531777,0.0
2021-06-09,17.320476531982422,17.589175968170167,2,83.45070172746803,29.710814489918974,62051.921519807685,33.46654599087046,LOSS,62051.921519807685,0.0
2021-06-10,17.387081146240234,17.493681297302246,2,83.44218635454273,62.1221561421405,62114.043675949826,33.6363127367919,LOSS,62114.043675949826,0.0
2021-06-11,17.78646469116211,17.56095195770264,2,77.83566244837478,77.83566244837478,62191.8793383982,31.381418412845665,WIN,62191.8793383982,0.0
2021-06-14,17.979537963867188,17.964329338073732,2,78.8492493580622,78.8492493580622,62270.72858775626,31.093470836106015,WIN,62270.72858775626,0.0
2021-06-15,17.749792098999023,18.15933334350586,2,77.21022514136094,-4.69802376000645,62266.03056399625,30.17562385838393,LOSS,62270.72858775626,-0.007544513877634436
2021-06-16,17.771493911743164,17.927290019989012,2,77.1144753215264,45.95525367235673,62311.98581766861,30.507597516606282,LOSS,62311.98581766861,0.0
2021-06-17,18.61665153503418,17.949208850860597,2,76.06764787324222,76.06764787324222,62388.05346554185,30.08288681153581,WIN,62388.05346554185,0.0
2021-06-18,18.598194122314453,18.80281805038452,2,82.89299727121848,41.96821165720512,62430.02167719906,31.222599908496417,LOSS,62430.02167719906,0.0
2021-06-21,18.387155532836914,18.784176063537597,2,81.53168191018668,2.1275757700501003,62432.14925296911,30.76768160535336,LOSS,62432.14925296911,0.0
2021-06-22,18.845651626586914,18.571027088165284,2,81.51345655800122,81.51345655800122,62513.66270952711,31.093932069977367,WIN,62513.66270952711,0.0
2021-06-23,19.01578140258789,19.034108142852784,2,81.27118352927916,77.60583547630056,62591.26854500341,30.295507905637923,LOSS,62591.26854500341,0.0
2021-06-24,19.16370964050293,19.20593921661377,2,81.82557316745853,73.37965794529022,62664.6482029487,30.23314476009599,LOSS,62664.6482029487,0.0
2021-06-25,18.98958969116211,19.355346736907958,2,82.33200561211522,9.180596462945559,62673.82879941165,30.188237841529514,LOSS,62673.82879941165,0.0
2021-06-28,19.94151496887207,19.17948558807373,2,80.97852616216272,80.97852616216272,62754.80732557381,29.977361276350457,WIN,62754.80732557381,0.0
2021-06-29,19.983169555664062,20.140930118560792,2,85.3703789608037,53.81826638145775,62808.62559195527,30.087646738784724,LOSS,62808.62559195527,0.0
2021-06-30,19.958974838256836,20.183001251220702,2,85.49767578302531,40.692393190252105,62849.31798514552,30.070756588201245,LOSS,62849.31798514552,0.0
2021-07-01,20.168020248413086,20.158564586639404,2,84.20941215334211,84.20941215334211,62933.527397298865,29.678133003657784,WIN,62933.527397298865,0.0
2021-07-02,20.442419052124023,20.369700450897216,2,85.0786558905262,85.0786558905262,63018.60605318939,29.673953104997423,WIN,63018.60605318939,0.0
2021-07-06,20.653457641601562,20.646843242645264,2,83.62204305430807,83.62204305430807,63102.2280962437,28.82811101508416,WIN,63102.2280962437,0.0
2021-07-07,20.327423095703125,20.859992218017577,2,84.38222861215066,-22.131595850739828,63080.09650039296,28.795095316754896,LOSS,63102.2280962437,-0.03507260602111401
2021-07-08,19.85944175720215,20.530697326660157,2,84.03991970531781,-50.211194186283834,63029.88530620668,29.117150337950214,LOSS,63102.2280962437,-0.11464379661314822
2021-07-09,20.006616592407227,20.05803617477417,2,84.71635738723191,74.43244091384327,63104.31774712052,29.98684189479463,LOSS,63104.31774712052,0.0
2021-07-12,20.467866897583008,20.2066827583313,2,85.30859614634561,85.30859614634561,63189.626343266864,29.97507904286244,WIN,63189.626343266864,0.0
2021-07-13,20.2059326171875,20.67254556655884,2,87.28455235658676,-6.038037517680934,63183.58830574918,29.978044376677836,LOSS,63189.626343266864,-0.009555425260599288
2021-07-14,19.798328399658203,20.407991943359374,2,87.36620365692389,-34.56650508331023,63149.02180066587,30.370424220849646,LOSS,63189.626343266864,-0.06425824134553003
2021-07-15,18.924978256225586,19.996311683654785,2,86.65743637275482,-127.60924911308494,63021.412551552785,30.722428270547347,LOSS,63189.626343266864,-0.2662047577244503
2021-07-16,18.121477127075195,19.114228038787843,2,89.45258797069494,-109.09759437183459,62912.31495718095,33.035387938968746,LOSS,63189.626343266864,-0.43885587260710945
2021-07-19,18.7388858795166,18.302691898345948,2,85.01248068088445,85.01248068088445,62997.32743786183,32.800982444574615,WIN,63189.626343266864,-0.30432037113244353
2021-07-20,18.571502685546875,18.92627473831177,2,90.921924791688,19.967514238709313,63017.294952100536,33.864507055545694,LOSS,63189.626343266864,-0.2727210163107584
2021-07-21,19.36776351928711,18.757217712402344,2,89.98036134615991,89.98036134615991,63107.2753134467,33.8184158023211,WIN,63189.626343266864,-0.1303236537162089
2021-07-22,19.551362991333008,19.56144115447998,2,96.78528308817478,94.76965045878048,63202.04496390548,34.82485200501665,LOSS,63202.04496390548,0.0
2021-07-23,19.51544189453125,19.746876621246336,2,97.71971107809213,51.43276573507484,63253.47772964055,34.83058230206592,LOSS,63253.47772964055,0.0
2021-07-26,19.252016067504883,19.71059631347656,2,97.46774914321601,5.751699948880386,63259.22942958943,34.80603538992667,LOSS,63259.22942958943,0.0
2021-07-27,19.16620445251465,19.44453622817993,2,96.41780803118584,40.75145289812929,63299.98088248756,34.89732503452396,LOSS,63299.98088248756,0.0
2021-07-28,19.46055793762207,19.357866497039794,2,89.50401566292201,89.50401566292201,63389.48489815048,32.659644871837656,WIN,63389.48489815048,0.0
2021-07-29,19.619218826293945,19.65516351699829,2,91.61640896354886,84.42747082268004,63473.91236897316,32.91041156453501,LOSS,63473.91236897316,0.0
2021-07-30,19.456571578979492,19.815411014556886,2,92.58494585082785,20.817058735348994,63494.72942770851,32.9851189866248,LOSS,63494.72942770851,0.0
2021-08-02,19.70702362060547,19.65113729476929,2,91.59568231070364,91.59568231070364,63586.325110019214,32.90974536132741,WIN,63586.325110019214,0.0
2021-08-03,19.771883010864258,19.904093856811524,2,92.71480235977961,66.27263317032629,63652.59774318954,32.889629790192615,LOSS,63652.59774318954,0.0
2021-08-04,20.229881286621094,19.9696018409729,2,92.68493007476162,92.68493007476162,63745.2826732643,32.77755618768777,WIN,63745.2826732643,0.0
2021-08-05,20.592090606689453,20.432180099487304,2,95.85658311827349,95.85658311827349,63841.13925638257,33.112589059377875,WIN,63841.13925638257,0.0
2021-08-06,20.321683883666992,20.798011512756347,2,96.72927892698452,1.4637531091136537,63842.603009491686,32.841621560664066,LOSS,63842.603009491686,0.0
2021-08-09,20.250835418701172,20.524900722503663,2,95.97284932777697,41.15978856727878,63883.76279805897,33.008848235347415,LOSS,63883.76279805897,0.0
2021-08-10,19.892620086669922,20.453343772888182,2,94.2102460786138,-17.934491165038253,63865.82830689393,32.54242854946882,LOSS,63883.76279805897,-0.02807362994839973
2021-08-11,19.656131744384766,20.09154628753662,2,92.9542844831659,5.871375852795126,63871.69968274672,32.67892666701043,LOSS,63883.76279805897,-0.01888291294045604
2021-08-12,19.86168670654297,19.852693061828614,2,91.11956572353667,91.11956572353667,63962.81924847026,32.43339427015077,WIN,63962.81924847026,0.0
2021-08-13,20.144071578979492,20.060303573608397,2,86.10315353181136,86.10315353181136,64048.92240200207,30.445486311036966,WIN,64048.92240200207,0.0
2021-08-16,19.90658950805664,20.345512294769286,2,80.04388870514076,-7.740668637388254,64041.18173336468,28.053941886997585,LOSS,64048.92240200207,-0.01208555639516119
2021-08-17,19.415660858154297,20.105655403137206,2,76.61845828024772,-61.38045071633408,63979.80128264835,27.229319320088933,LOSS,64048.92240200207,-0.1079192541599469
2021-08-18,18.998571395874023,19.60981746673584,2,77.09723705881409,-45.151977113549364,63934.6493055348,28.03613825279605,LOSS,64048.92240200207,-0.17841533031584886
2021-08-19,19.75492286682129,19.188557109832765,2,70.42513957329946,70.42513957329946,64005.0744451081,26.289850854077923,WIN,64048.92240200207,-0.06846010088782112
2021-08-20,20.770706176757812,19.9524720954895,2,79.2728041299357,79.2728041299357,64084.34724923803,28.313504185517445,WIN,64084.34724923803,0.0
2021-08-23,21.910215377807617,20.97841323852539,2,91.96188794801365,91.96188794801365,64176.30913718604,31.056271543371526,WIN,64176.30913718604,0.0
2021-08-24,21.745576858520508,22.129317531585695,2,103.88482272077617,27.13668810773875,64203.445825293784,33.13257435514339,LOSS,64203.445825293784,0.0
2021-08-25,22.16466522216797,21.96303262710571,2,103.3360742664429,103.3360742664429,64306.78189956023,33.20310148982059,WIN,64306.78189956023,0.0
2021-08-26,22.019977569580078,22.386311874389648,2,105.58126462392232,32.314403662008374,64339.096303222235,33.27879910845681,LOSS,64339.096303222235,0.0
2021-08-27,22.58674430847168,22.240177345275878,2,105.38608292526422,105.38608292526422,64444.4823861475,33.427198382236625,WIN,64444.4823861475,0.0
2021-08-30,22.638633728027344,22.812611751556396,2,108.48069718502913,73.68509247921864,64518.16747862672,33.539096181961646,LOSS,64518.16747862672,0.0
2021-08-31,22.34023094177246,22.86502006530762,2,108.72297258019255,3.7651478731610695,64521.93262649988,33.53706804154292,LOSS,64521.93262649988,0.0
2021-09-01,22.396120071411133,22.563633251190186,2,108.44814024934965,74.94550429353896,64596.87813079342,33.87999939208406,LOSS,64596.87813079342,0.0
2021-09-02,22.35120391845703,22.620081272125244,2,107.85848668683616,54.08301595319361,64650.96114674661,33.62572668231303,LOSS,64650.96114674661,0.0
2021-09-03,22.797311782836914,22.5747159576416,2,107.27088051668858,107.27088051668858,64758.2320272633,33.51585033492577,WIN,64758.2320272633,0.0
2021-09-07,22.61667823791504,23.025284900665284,2,109.04842898878783,27.32709643873889,64785.55912370204,33.410393129841815,LOSS,64785.55912370204,0.0
2021-09-08,22.294326782226562,22.842845020294188,2,108.50082557802108,-1.202822035504056,64784.356301666536,33.502937032132905,LOSS,64785.55912370204,-0.0018566205984412091
2021-09-09,22.132646560668945,22.51727005004883,2,106.49922188066596,29.574524004689223,64813.930825671225,33.36789790642589,LOSS,64813.930825671225,0.0
2021-09-10,22.43304443359375,22.353973026275636,2,105.28699007966635,105.28699007966635,64919.21781575089,33.236435743046925,WIN,64919.21781575089,0.0
2021-09-13,22.107696533203125,22.657374877929687,2,106.82617182087704,-3.1094971244353786,64916.10831862645,33.26891699805427,LOSS,64919.21781575089,-0.0047897945000870195
2021-09-14,22.197519302368164,22.328773498535156,2,106.27536264121437,80.02452340781593,64996.13284203427,33.56765647436126,LOSS,64996.13284203427,0.0
2021-09-15,22.296321868896484,22.419494495391845,2,105.8291906334234,81.19466533435124,65077.32750736862,33.30604200180826,LOSS,65077.32750736862,0.0
2021-09-16,22.197519302368164,22.51928508758545,2,103.28609922431977,38.93294218086294,65116.26044954949,32.41187265297536,LOSS,65116.26044954949,0.0
2021-09-17,21.856197357177734,22.419494495391845,2,100.54466354372482,-12.114764099097329,65104.14568545039,31.73136779097936,LOSS,65116.26044954949,-0.01860482161515229
2021-09-20,21.07077407836914,22.07475933074951,2,96.94420510861504,-103.85284536745915,65000.29284008293,31.109633556029102,LOSS,65116.26044954949,-0.1780931654642614
2021-09-21,21.203508377075195,21.281481819152834,2,90.71372895679346,75.11904054126575,65075.4118806242,30.24741219224323,LOSS,65116.26044954949,-0.0627317487879092
2021-09-22,21.89712142944336,21.415543460845946,2,79.37108297901267,79.37108297901267,65154.78296360321,26.530842554155495,WIN,65154.78296360321,0.0
2021-09-23,22.437036514282227,22.116092643737794,2,86.7021985965779,86.7021985965779,65241.48516219979,27.961039252795445,WIN,65241.48516219979,0.0
2021-09-24,22.036836624145508,22.661406879425048,2,89.82684982044799,-35.087201235460014,65206.39796096433,28.251958213979517,LOSS,65241.48516219979,-0.05378050660285781
2021-09-27,21.61667823791504,22.257204990386963,2,89.40081806756662,-38.70453242681823,65167.69342853751,28.60498728535894,LOSS,65241.48516219979,-0.11310553933409204
2021-09-28,20.657602310180664,21.83284502029419,2,86.14215674800711,-148.9063852746981,65018.78704326281,28.129447240556978,LOSS,65241.48516219979,-0.341344343071462
2021-09-29,20.475963592529297,20.86417833328247,2,88.42018158537587,10.777233434741078,65029.56427669755,30.08258953429389,LOSS,65241.48516219979,-0.3248253545659959
2021-09-30,20.67456817626953,20.68072322845459,2,87.4421656444959,86.21115520748435,65115.77543190504,30.017804754331507,LOSS,65241.48516219979,-0.19268373486933774
2021-10-01,20.700515747070312,20.881313858032225,2,88.78919998247203,52.62957779008947,65168.405009695125,30.17741621925994,LOSS,65241.48516219979,-0.11201485116866185
2021-10-04,19.692535400390625,20.907520904541016,2,88.97547604571886,-154.02162478435937,65014.38338491077,30.201330075957358,LOSS,65241.48516219979,-0.3480941255773242
2021-10-05,20.410099029541016,19.88946075439453,2,88.49075745925911,88.49075745925911,65102.87414237003,31.493741437531963,WIN,65241.48516219979,-0.21245840661835635
2021-10-06,20.658601760864258,20.614200019836424,2,97.00831488436354,97.00831488436354,65199.88245725439,33.2090963328465,WIN,65241.48516219979,-0.06376725612847159
2021-10-07,21.032852172851562,20.8651877784729,2,98.66372897182387,98.66372897182387,65298.54618622622,33.36095281893862,WIN,65298.54618622622,0.0
2021-10-08,20.789337158203125,21.24318069458008,2,101.65428972649178,10.885582451100902,65309.431768677314,33.73932462892533,LOSS,65309.431768677314,0.0
2021-10-11,20.653606414794922,20.997230529785156,2,99.92868844233179,31.203865444284915,65340.6356341216,33.5647605307836,LOSS,65340.6356341216,0.0
2021-10-12,20.629657745361328,20.860142478942873,2,98.95608876782447,52.85914205151556,65393.49477617312,33.46222229083979,LOSS,65393.49477617312,0.0
2021-10-13,20.897119522094727,20.835954322814942,2,98.70312153757831,98.70312153757831,65492.19789771069,33.41790433910397,WIN,65492.19789771069,0.0
2021-10-14,21.702505111694336,21.106090717315674,2,100.55590983007772,100.55590983007772,65592.75380754076,33.5993059184223,WIN,65592.75380754076,0.0
2021-10-15,21.81827735900879,21.91953016281128,2,109.02262463501503,88.77206387451668,65681.52587141529,34.9986002151593,LOSS,65681.52587141529,0.0
2021-10-18,22.177555084228516,22.036460132598876,2,109.06795552538821,109.06795552538821,65790.59382694068,34.83603146370935,WIN,65790.59382694068,0.0
2021-10-19,22.245420455932617,22.3993306350708,2,107.47139196276451,76.68935613512788,65867.28318307581,33.82421040919494,LOSS,65867.28318307581,0.0
2021-10-20,22.058792114257812,22.467874660491944,2,107.76323717565721,25.946727928830924,65893.22991100464,33.81320086765105,LOSS,65893.22991100464,0.0
2021-10-21,22.646615982055664,22.27938003540039,2,104.26422053270277,104.26422053270277,65997.49413153734,33.03510376199068,WIN,65997.49413153734,0.0
2021-10-22,22.680545806884766,22.87308214187622,2,107.35506583092047,68.84779883262937,66066.34193036998,33.126348153990094,LOSS,66066.34193036998,0.0
2021-10-25,23.11966896057129,22.907351264953615,2,106.36933843361179,106.36933843361179,66172.71126880358,32.7919714084164,WIN,66172.71126880358,0.0
2021-10-26,24.66756820678711,23.350865650177003,2,107.80125087988255,107.80125087988255,66280.51251968347,32.612439888305104,WIN,66280.51251968347,0.0
2021-10-27,24.402101516723633,24.91424388885498,2,118.74782611710546,16.319351690836072,66296.8318713743,33.61236515575014,LOSS,66296.8318713743,0.0
2021-10-28,24.891122817993164,24.64612253189087,2,117.71398860096389,117.71398860096389,66414.54585997527,33.678530144779415,WIN,66414.54585997527,0.0
2021-10-29,25.515867233276367,25.140034046173096,2,120.45474651346531,120.45474651346531,66535.00060648874,33.77997461384496,WIN,66535.00060648874,0.0
2021-11-01,25.775348663330078,25.771025905609132,2,123.9626581014825,123.9626581014825,66658.96326459023,33.905597550357044,WIN,66658.96326459023,0.0
2021-11-02,26.34819984436035,26.03310214996338,2,111.2135055529698,111.2135055529698,66770.1767701432,30.31045759539296,WIN,66770.1767701432,0.0
2021-11-03,26.544803619384766,26.611681842803954,2,111.69514430096466,98.31949961712705,66868.49626976032,29.810879569674032,LOSS,66868.49626976032,0.0
2021-11-04,29.741397857666016,26.810251655578615,2,112.6586807328954,112.6586807328954,66981.15495049322,29.843296314772154,WIN,66981.15495049322,0.0
2021-11-05,29.692495346069336,30.038811836242676,2,168.35439388285286,99.09109584818486,67080.2460463414,39.21264586889362,LOSS,67080.2460463414,0.0
2021-11-08,30.74239730834961,29.98942029953003,2,166.55546128079942,166.55546128079942,67246.80150762221,38.873575609139095,WIN,67246.80150762221,0.0
2021-11-09,30.595684051513672,31.049821281433104,2,171.07889528375622,80.25144929986979,67327.05295692208,38.579710831957385,LOSS,67327.05295692208,0.0
2021-11-10,29.400087356567383,30.90164089202881,2,170.80998217238715,-129.500724919898,67197.55223200218,38.69808037326294,LOSS,67327.05295692208,-0.19234574993614467
2021-11-11,30.329221725463867,29.694088230133058,2,174.0446085149315,174.0446085149315,67371.59684051712,40.92748349061359,WIN,67371.59684051712,0.0
2021-11-12,30.329221725463867,30.632513942718507,2,178.8290263609991,118.17058291007112,67489.76742342718,40.77134829683845,LOSS,67489.76742342718,0.0
2021-11-15,29.964948654174805,30.632513942718507,2,179.28611953298298,45.77306182424249,67535.54048525143,40.871033912743954,LOSS,67535.54048525143,0.0
2021-11-16,30.142595291137695,30.264598140716554,2,179.44890901411017,155.04833909833837,67690.58882434978,41.382289651746405,LOSS,67690.58882434978,0.0
2021-11-17,29.20248031616211,30.444021244049072,2,180.32797418793012,-67.98021138946237,67622.6086129603,41.34173907728207,LOSS,67690.58882434978,-0.10042786238109273
2021-11-18,31.611648559570312,29.49450511932373,2,179.06000239954366,179.06000239954366,67801.66861535986,42.32843507521346,WIN,67801.66861535986,0.0
2021-11-19,32.919029235839844,31.927765045166016,2,205.75997019761382,205.75997019761382,68007.42858555747,44.82417928643463,WIN,68007.42858555747,0.0
2021-11-22,31.892086029052734,33.24821952819824,2,214.92400908600905,-56.30269074309234,67951.12589481438,44.955648636634976,LOSS,68007.42858555747,-0.08278903042519561
2021-11-23,31.682506561279297,32.21100688934326,2,214.583109055132,108.88304344233944,68060.00893825672,46.27550867193,LOSS,68060.00893825672,0.0
2021-11-24,32.60865020751953,31.99933162689209,2,207.42294695487732,207.42294695487732,68267.4318852116,45.075072072416475,WIN,68267.4318852116,0.0
2021-11-26,31.43999481201172,32.93473670959472,2,212.39284363914268,-86.55553587745825,68180.87634933414,44.853266231794535,LOSS,68267.4318852116,-0.1267889145485905
2021-11-29,33.30925369262695,31.754394760131838,2,211.05830751072182,211.05830751072182,68391.93465684487,46.173906131681036,WIN,68391.93465684487,0.0
2021-11-30,32.61064529418945,33.642346229553226,2,228.84944468398754,22.509257611232954,68414.4439144561,47.214975379977446,LOSS,68414.4439144561,0.0
2021-12-01,31.3759708404541,32.936751747131346,2,226.99257590978848,-85.16360542566045,68329.28030903044,47.81187679441489,LOSS,68414.4439144561,-0.12448190842880136
2021-12-02,32.065670013427734,31.68973054885864,2,223.75834703719661,223.75834703719661,68553.03865606763,48.94181093449732,WIN,68553.03865606763,0.0
2021-12-03,30.635366439819336,32.38632671356201,2,229.0032321905607,-121.18882255797479,68431.84983350965,49.00911509623499,LOSS,68553.03865606763,-0.17678110982940165
2021-12-06,29.980594635009766,30.94172010421753,2,193.065391432427,0.8402975908739734,68432.69013110052,43.455338647762986,LOSS,68553.03865606763,-0.17555534710999218
2021-12-07,32.366111755371094,30.280400581359864,2,190.29680885512136,190.29680885512136,68622.98693995565,43.75490301258215,WIN,68622.98693995565,0.0
2021-12-08,31.7662353515625,32.689772872924806,2,218.60745266052487,33.899948388063706,68656.88688834371,46.446130472858016,LOSS,68656.88688834371,0.0
2021-12-09,30.43274688720703,32.08389770507812,2,215.57100813076158,-114.65915544345665,68542.22773290025,46.65752530002958,LOSS,68656.88688834371,-0.16700313783513918
2021-12-10,30.14129638671875,30.737074356079102,2,207.12265692146178,87.96706304939138,68630.19479594965,46.788132910174056,LOSS,68656.88688834371,-0.03887751630433311
2021-12-13,28.108116149902344,30.442709350585936,2,203.25397290781632,-263.66466722890215,68366.53012872074,46.37445645850888,LOSS,68656.88688834371,-0.4229098824349188
2021-12-14,28.283790588378906,28.389197311401368,2,199.03812200884363,177.95677740435127,68544.4869061251,48.60872709604594,LOSS,68656.88688834371,-0.16371261109087495
2021-12-15,30.40180206298828,28.566628494262694,2,200.25283914323265,200.25283914323265,68744.73974526832,48.60188395342343,WIN,68744.73974526832,0.0
2021-12-16,28.333694458007812,30.705820083618164,2,227.50012366369145,-246.92500145837886,68497.81474380994,51.267384265827836,LOSS,68744.73974526832,-0.3591911212019347
2021-12-17,27.748794555664062,28.61703140258789,2,219.08994734788578,45.4425779631201,68543.25732177305,52.91684292657898,LOSS,68744.73974526832,-0.2930877682304942
2021-12-20,27.666950225830078,28.026282501220702,2,201.1576178730973,129.29116279497245,68672.54848456802,49.720446260565005,LOSS,68744.73974526832,-0.10501350498642646
2021-12-21,29.020402908325195,27.94361972808838,2,195.90430786154528,195.90430786154528,68868.45279242957,48.60637300695011,WIN,68868.45279242957,0.0
2021-12-22,29.344791412353516,29.310606937408448,2,210.49051189907982,210.49051189907982,69078.94330432866,49.746589409281604,WIN,69078.94330432866,0.0
2021-12-23,29.58434295654297,29.638239326477052,2,213.26841771431316,202.4891437274965,69281.43244805615,49.84239752508866,LOSS,69281.43244805615,0.0
2021-12-27,30.88689422607422,29.8801863861084,2,213.01095126551388,213.01095126551388,69494.44339932167,49.39559024947966,WIN,69494.44339932167,0.0
2021-12-28,30.26506233215332,31.19576316833496,2,224.55679739571818,38.41663015939031,69532.86002948106,49.859717213645375,LOSS,69532.86002948106,0.0
2021-12-29,29.944664001464844,30.567712955474853,2,212.35949654366806,87.74970574166616,69620.60973522272,48.18205289810098,LOSS,69620.60973522272,0.0
2021-12-30,29.53044319152832,30.24411064147949,2,209.5425231472408,66.80903315700667,69687.41876837974,48.056401738110814,LOSS,69687.41876837974,0.0
2021-12-31,29.355775833129883,29.825747623443604,2,204.14678840792826,110.152430345184,69797.57119872492,47.49707539179555,LOSS,69797.57119872492,0.0
2022-01-03,30.064437866210938,29.649333591461183,2,201.5471626371861,201.5471626371861,69999.11836136211,47.18340294778946,WIN,69999.11836136211,0.0
2022-01-04,29.235004425048828,30.365082244873047,2,203.7090220045623,-22.30654196028152,69976.81181940183,46.58859662808635,LOSS,69999.11836136211,-0.031866889872989725
2022-01-05,27.552167892456055,29.52735446929932,2,198.78314711958896,-196.25416824906378,69780.55765115276,46.745648481757726,LOSS,69999.11836136211,-0.3122335185438414
2022-01-06,28.125089645385742,27.827689571380617,2,178.10725565004327,178.10725565004327,69958.6649068028,44.5289954830604,WIN,69999.11836136211,-0.057791377243451784
2022-01-07,27.195837020874023,28.4063405418396,2,183.2127738575877,-58.887930335527784,69899.77697646728,44.85870047586015,LOSS,69999.11836136211,-0.14191805157028933
2022-01-10,27.348546981811523,27.467795391082763,2,175.83249938193123,151.98281752768327,70051.75979399496,44.5359748087494,LOSS,70051.75979399496,0.0
2022-01-11,27.7647647857666,27.62203245162964,2,177.00211668171468,177.00211668171468,70228.76191067668,44.58006090976073,WIN,70228.76191067668,0.0
2022-01-12,27.94642448425293,28.042412433624268,2,169.98077681032643,150.78318693605883,70379.54509761273,42.265631437137884,LOSS,70379.54509761273,0.0
2022-01-13,26.52509880065918,28.22588872909546,2,171.10262464484933,-169.05536104240653,70210.48973657032,42.267926100430046,LOSS,70379.54509761273,-0.24020524828334633
2022-01-14,26.891408920288086,26.79034978866577,2,152.64786586394374,152.64786586394374,70363.13760243426,39.835973596662775,WIN,70379.54509761273,-0.023312874721931068
2022-01-18,25.85436248779297,27.160323009490966,2,144.04852031747862,-117.14358402212088,70245.99401841214,37.20231388585354,LOSS,70379.54509761273,-0.18975837228752607
2022-01-19,25.019929885864258,26.1129061126709,2,141.26545316401945,-77.32979219730879,70168.66422621482,37.91149425276637,LOSS,70379.54509761273,-0.29963375168939793
2022-01-20,24.10464859008789,25.2701291847229,2,138.88578532595778,-94.21033360104425,70074.45389261378,38.487698116078185,LOSS,70379.54509761273,-0.4334941417649276
2022-01-21,23.330108642578125,24.34569507598877,2,127.92729802852492,-75.18998865360373,69999.26390396018,36.87482680692334,LOSS,70379.54509761273,-0.540329144107317
2022-01-24,23.328109741210938,23.563409729003908,2,123.9375055729717,76.87750801437761,70076.14141197456,36.90908001494088,LOSS,70379.54509761273,-0.431096400548436
2022-01-25,22.28207778930664,23.561390838623048,2,123.2510151517789,-132.6115947115025,69943.52981726306,36.717445531487584,LOSS,70379.54509761273,-0.6195198899693719
2022-01-26,22.7292423248291,22.504898567199707,2,111.38617636034493,111.38617636034493,70054.9159936234,34.83594738818492,WIN,70379.54509761273,-0.4612549051561534
2022-01-27,21.902795791625977,22.95653474807739,2,116.96997793271761,-93.77781335756539,69961.13818026584,35.81037550723374,LOSS,70379.54509761273,-0.5945007413255945
2022-01-28,22.797109603881836,22.121823749542237,2,113.92281581866376,113.92281581866376,70075.0609960845,36.17455001109684,WIN,70379.54509761273,-0.4326315282457788
2022-01-31,24.440019607543945,23.025080699920654,2,126.22870922939384,126.22870922939384,70201.2897053139,38.395378997456994,WIN,70379.54509761273,-0.25327727261038574
2022-02-01,24.591737747192383,24.684419803619384,2,151.58718221011364,133.0507709247133,70334.34047623862,42.796372772846524,LOSS,70379.54509761273,-0.06422977203307564
2022-02-02,25.19460105895996,24.837655124664305,2,150.58828975881084,150.58828975881084,70484.92876599744,42.27459960805311,WIN,70484.92876599744,0.0
2022-02-03,23.90302848815918,25.44654706954956,2,155.85969846435145,-152.84401781372455,70332.08474818371,42.689335438789044,LOSS,70484.92876599744,-0.21684638189981073
2022-02-04,24.273332595825195,24.142058773040773,2,146.55993640689678,146.55993640689678,70478.6446845906,42.3268935467315,WIN,70484.92876599744,-0.008915496570473426
2022-02-07,24.681568145751953,24.516065921783447,2,148.24338214361606,148.24338214361606,70626.88806673422,42.16692470463092,WIN,70626.88806673422,0.0
2022-02-08,25.060853958129883,24.928383827209473,2,150.1500337025098,150.1500337025098,70777.03810043672,42.00973702203731,WIN,70777.03810043672,0.0
2022-02-09,26.65485382080078,25.311462497711183,2,153.11465489520054,153.11465489520054,70930.15275533192,42.18320422711885,WIN,70930.15275533192,0.0
2022-02-10,25.775508880615234,26.921402359008788,2,172.42569532988924,-56.753000348821416,70873.3997549831,44.558526442668516,LOSS,70930.15275533192,-0.08001251674247203
2022-02-11,23.90402603149414,26.033263969421387,2,168.59796159396464,-257.24962599148466,70616.1501289916,45.03598362847996,LOSS,70930.15275533192,-0.4426927253680677
2022-02-14,24.221435546875,24.14306629180908,2,161.26338447511046,161.26338447511046,70777.41351346672,46.393727784720696,WIN,70930.15275533192,-0.21533753408379627
2022-02-15,26.44524574279785,24.46364990234375,2,163.36770780691666,163.36770780691666,70940.78122127363,46.38362059706388,WIN,70940.78122127363,0.0
2022-02-16,26.461219787597656,26.70969820022583,2,192.8603250692462,143.16464254361142,71083.94586381724,50.00869062771812,LOSS,71083.94586381724,0.0
2022-02-17,24.460979461669922,26.725831985473633,2,190.62707398869674,-262.34343077204545,70821.60243304519,49.421336201019884,LOSS,71083.94586381724,-0.3690614351581487
2022-02-18,23.597604751586914,24.705589256286622,2,184.14213211404453,-37.45476882589705,70784.1476642193,51.56425032594174,LOSS,71083.94586381724,-0.4217523323371627
2022-02-22,23.346078872680664,23.833580799102783,2,178.00421543372573,80.50383014930185,70864.6514943686,51.66559621019792,LOSS,71083.94586381724,-0.3085005577331846
2022-02-23,22.34495735168457,23.57953966140747,2,176.33244536588,-70.58401657869987,70794.06747778991,51.72950421453307,LOSS,71083.94586381724,-0.4077972635096464
2022-02-24,23.70340919494629,22.568406925201415,2,168.50218790490163,168.50218790490163,70962.56966569481,51.6499339194472,WIN,71083.94586381724,-0.17075050723120538
2022-02-25,24.111635208129883,23.940443286895754,2,183.70482800138703,183.70482800138703,71146.2744936962,53.033625739160456,WIN,71146.2744936962,0.0
2022-02-28,24.339208602905273,24.352751560211182,2,184.44716025775668,181.73856879657498,71328.01306249277,52.36935840678023,LOSS,71328.01306249277,0.0
2022-03-01,23.43291664123535,24.582600688934328,2,184.11700713949728,-45.81980240029793,71282.19326009248,51.806540501384376,LOSS,71328.01306249277,-0.06423815894065077
2022-03-02,24.17863655090332,23.667245807647706,2,171.60913943414712,171.60913943414712,71453.80239952663,50.2111274548461,WIN,71453.80239952663,0.0
2022-03-03,23.673500061035156,24.420422916412353,2,178.78230298107255,29.397731905633293,71483.20013143226,50.67945126602008,LOSS,71483.20013143226,0.0
2022-03-04,22.896831512451172,23.91023506164551,2,174.61840985821618,-28.06229998065112,71455.1378314516,50.55964457117567,LOSS,71483.20013143226,-0.0392571959971775
2022-03-07,21.315536499023438,23.125799827575683,2,166.46250166027542,-195.59016405017374,71259.54766740144,49.858506279631776,LOSS,71483.20013143226,-0.3128741629076514
2022-03-08,21.47726058959961,21.528691864013673,2,160.88472848792873,150.59847360511594,71410.14614100655,51.695037451305595,LOSS,71483.20013143226,-0.10219742581666978
2022-03-09,22.974699020385742,21.692033195495604,2,161.6196750822834,161.6196750822834,71571.76581608884,51.545452946266565,WIN,71571.76581608884,0.0
2022-03-10,22.619308471679688,23.2044460105896,2,180.71662848688672,63.689120704904354,71635.45493679374,53.79926526186182,LOSS,71635.45493679374,0.0
2022-03-11,22.062259674072266,22.845501556396485,2,170.97969741072407,14.331320945880208,71649.78625773963,51.76942963549667,LOSS,71649.78625773963,0.0
2022-03-14,21.29357147216797,22.282882270812987,2,166.21790791267932,-31.644251816324328,71618.1420059233,51.60422228265254,LOSS,71649.78625773963,-0.04416517266707929
2022-03-15,22.933765411376953,21.50650718688965,2,155.02462500452222,155.02462500452222,71773.16663092782,49.92622362133634,WIN,71773.16663092782,0.0
2022-03-16,24.45417022705078,23.163103065490724,2,176.7313064247206,176.7313064247206,71949.89793735254,52.742712509172875,WIN,71949.89793735254,0.0
2022-03-17,24.72370719909668,24.698711929321288,2,181.53379935651566,181.53379935651566,72131.43173670906,50.87261175840807,WIN,72131.43173670906,0.0
2022-03-18,26.40782356262207,24.970944271087646,2,183.84011420922099,183.84011420922099,72315.27185091827,50.9543229964647,WIN,72315.27185091827,0.0
2022-03-21,26.688344955444336,26.671901798248292,2,193.74183010975173,193.74183010975173,72509.01368102802,50.29783820601679,WIN,72509.01368102802,0.0
2022-03-22,26.47870445251465,26.95522840499878,2,192.58758751313712,97.28279701631058,72606.29647804433,49.501709965579074,LOSS,72606.29647804433,0.0
2022-03-23,25.590225219726562,26.743491497039795,2,190.89790442294742,-39.755351039699036,72566.54112700463,49.457524868703665,LOSS,72606.29647804433,-0.054754687910185826
2022-03-24,28.101926803588867,25.84612747192383,2,182.89763364923067,182.89763364923067,72749.43876065387,49.045314878507256,WIN,72749.43876065387,0.0
2022-03-25,27.644710540771484,28.382946071624755,2,211.4181686189679,63.77106244831387,72813.20982310218,51.53294668268015,LOSS,72813.20982310218,0.0
2022-03-28,28.170808792114258,27.9211576461792,2,209.01930067064907,209.01930067064907,73022.22912377284,51.781993961631116,WIN,73022.22912377284,0.0
2022-03-29,28.6070613861084,28.4525168800354,2,213.22286882895202,213.22286882895202,73235.45199260178,51.83500704800223,WIN,73235.45199260178,0.0
2022-03-30,27.64271354675293,28.893131999969484,2,212.25314042420143,-37.83055021910934,73197.62144238268,50.84732792740595,LOSS,73235.45199260178,-0.05165606163382262
2022-03-31,27.239402770996094,27.91914068222046,2,207.68011375974572,71.73253151487279,73269.35397389755,51.465164804148166,LOSS,73269.35397389755,0.0
2022-04-01,26.6663818359375,27.511796798706055,2,204.0447692348618,34.961776681150894,73304.31575057871,51.318192055994395,LOSS,73304.31575057871,0.0
2022-04-04,27.31328010559082,26.933045654296876,2,198.2179568932908,198.2179568932908,73502.533707472,50.93758915980907,WIN,73502.533707472,0.0
2022-04-05,25.886716842651367,27.58641290664673,2,190.6582245221408,-149.28098827693145,73353.25271919506,47.94239586069969,LOSS,73502.533707472,-0.20309638422948778
2022-04-06,24.365320205688477,26.14558401107788,2,188.49822474851527,-167.5545363293653,73185.6981828657,49.9348854674494,LOSS,73502.533707472,-0.43105388158080843
2022-04-07,24.16666030883789,24.60897340774536,2,178.13219575868027,89.66957597718641,73275.36775884288,50.12824085870162,LOSS,73502.533707472,-0.30905866392742387
2022-04-08,23.07952117919922,24.40832691192627,2,176.27939503123758,-89.48175151417269,73185.8860073287,50.018646536097094,LOSS,73502.533707472,-0.4307983469025705
2022-04-11,21.879573822021484,23.31031639099121,2,170.91314307208424,-115.23537072186113,73070.65063660685,50.75337665815586,LOSS,73502.533707472,-0.587575759747242
2022-04-12,21.467275619506836,22.0983695602417,2,164.43267630064622,38.213888153673395,73108.86452476052,51.480617635780355,LOSS,73502.533707472,-0.5355858673909436
2022-04-13,22.165082931518555,21.681948375701904,2,152.78251585383737,152.78251585383737,73261.64704061435,48.84574754019527,WIN,73502.533707472,-0.32772566428300465
2022-04-14,21.22169303894043,22.38673376083374,2,151.74433207686755,-81.26381230179425,73180.38322831255,47.053925984079584,LOSS,73502.533707472,-0.438284862997451
2022-04-18,21.745800018310547,21.433909969329836,2,147.0998627978879,147.0998627978879,73327.48309111044,47.6193355526906,WIN,73502.533707472,-0.23815589413316998
2022-04-19,22.160091400146484,21.96325801849365,2,142.5385669767119,142.5385669767119,73470.02165808715,45.12692593719949,WIN,73502.533707472,-0.044232556001735014
2022-04-20,21.445314407348633,22.381692314147948,2,145.9855070264579,-41.2900743334051,73428.73158375375,45.34522286079168,LOSS,73502.533707472,-0.1004075914062705
2022-04-21,20.14853286743164,21.65976755142212,2,142.212469398543,-160.03446739955305,73268.69711635419,45.63383508287601,LOSS,73502.533707472,-0.31813405514487814
2022-04-22,19.481674194335938,20.350018196105957,2,136.80205508837156,-36.86674526563229,73231.83037108855,46.680743678245044,LOSS,73502.533707472,-0.36829116321459565
2022-04-25,19.868013381958008,19.676490936279297,2,110.81372987282458,110.81372987282458,73342.64410096138,39.3944949386661,WIN,73502.533707472,-0.2175293808876821
2022-04-26,18.755916595458984,20.066693515777587,2,115.69974109693982,-146.45564296678066,73196.18845799459,40.28953108271557,LOSS,73502.533707472,-0.41678189039933483
2022-04-27,18.38355255126953,18.943475761413573,2,109.41983335899982,-2.564808669808599,73193.62364932479,40.35875609603607,LOSS,73502.533707472,-0.4202713057166532
2022-04-28,19.748214721679688,18.567388076782226,2,104.85117905962498,104.85117905962498,73298.47482838441,39.496561183183715,WIN,73502.533707472,-0.2776215577815488
2022-04-29,18.51532554626465,19.945696868896484,2,128.01745680226287,-158.05680772410415,73140.4180206603,44.648835032983115,LOSS,73502.533707472,-0.49265742083511954
2022-05-02,19.499645233154297,18.700478801727296,2,123.15660191929942,123.15660191929942,73263.5746225796,45.76746432937843,WIN,73502.533707472,-0.32510319418840167
2022-05-03,19.568523406982422,19.69464168548584,2,137.09096388968916,111.86730818900529,73375.4419307686,48.27319169929927,LOSS,73502.533707472,-0.17290802138767272
2022-05-04,20.299272537231445,19.764208641052246,2,135.78015914738444,135.78015914738444,73511.22208991599,47.66644547516947,WIN,73511.22208991599,0.0
2022-05-05,18.81182098388672,20.50226526260376,2,142.52411239326662,-195.5647433501417,73315.65734656584,48.2117447645129,LOSS,73511.22208991599,-0.2660338623005567
2022-05-06,18.64310646057129,18.999939193725584,2,134.29543463667372,62.928888005814656,73378.58623457166,48.99053212549009,LOSS,73511.22208991599,-0.1804293978164218
2022-05-09,16.921052932739258,18.829537525177003,2,133.08329912790674,-248.6136193596422,73129.97261521201,48.987799587444236,LOSS,73511.22208991599,-0.5186275834696986
2022-05-10,17.564952850341797,17.090263462066652,2,127.1205222298745,127.1205222298745,73257.09313744189,51.46219496078618,WIN,73511.22208991599,-0.3457008947059269
2022-05-11,16.60160255432129,17.740602378845214,2,133.07484335814686,-94.72512154663809,73162.36801589525,51.88281281300607,LOSS,73511.22208991599,-0.4745589368573341
2022-05-12,16.147380828857422,16.767618579864504,2,127.86964195200375,3.82209175058739,73166.19010764583,52.71681808617642,LOSS,73511.22208991599,-0.46935960586824066
2022-05-13,17.675762176513672,16.308854637145995,2,122.32425396397302,122.32425396397302,73288.5143616098,51.87837207599588,WIN,73511.22208991599,-0.30295745598375934
2022-05-16,17.23451805114746,17.85251979827881,2,145.51338930830627,21.9130398820366,73310.42740149185,56.22324340588015,LOSS,73511.22208991599,-0.2731483475795507
2022-05-17,18.145954132080078,17.406863231658935,2,140.94790529796762,140.94790529796762,73451.37530678982,55.865170545974436,WIN,73511.22208991599,-0.08141176465950162
2022-05-18,16.909074783325195,18.32741367340088,2,151.77201445299173,-131.89576356214522,73319.47954322767,57.0936314683547,LOSS,73511.22208991599,-0.2608343885968626
2022-05-19,17.09476089477539,17.078165531158447,2,144.3307724072416,144.3307724072416,73463.81031563491,58.22958537300023,WIN,73511.22208991599,-0.06449596800755873
2022-05-20,16.665491104125977,17.265708503723143,2,143.60777404958745,23.56429413015411,73487.37460976506,57.33657992547086,LOSS,73511.22208991599,-0.032440598146715474
2022-05-23,16.869144439697266,16.832146015167236,2,139.64688101881669,139.64688101881669,73627.02149078388,57.195790527202426,WIN,73627.02149078388,0.0
2022-05-24,16.126415252685547,17.03783588409424,2,141.0073713693737,-41.27675491236474,73585.74473587151,57.06012294356331,LOSS,73627.02149078388,-0.05606196485557148
2022-05-25,16.94601058959961,16.2876794052124,2,133.79561088836172,133.79561088836172,73719.54034675988,56.64858403399697,WIN,73719.54034675988,0.0
2022-05-26,17.820510864257812,17.115470695495606,2,143.43141088461041,143.43141088461041,73862.9717576445,57.75548843693275,WIN,73862.9717576445,0.0
2022-05-27,18.77887725830078,17.998715972900392,2,147.66127181688216,147.66127181688216,74010.63302946137,56.578174412990066,WIN,74010.63302946137,0.0
2022-05-31,18.640111923217773,18.96666603088379,2,154.6995284828604,89.38870694965712,74100.02173641103,56.260187947959466,LOSS,74100.02173641103,0.0
2022-06-01,18.288715362548828,18.82651304244995,2,150.44252765725176,42.88299167702746,74142.90472808806,55.155246237769525,LOSS,74142.90472808806,0.0
2022-06-02,19.558544158935547,18.47160251617432,2,147.91622429420136,147.91622429420136,74290.82095238226,55.267284117318006,WIN,74290.82095238226,0.0
2022-06-03,18.688030242919922,19.7541296005249,2,162.3889001528066,-50.83097136818935,74239.98998101406,56.688501343616714,LOSS,74290.82095238226,-0.06842160406435194
2022-06-06,18.753917694091797,18.87491054534912,2,151.27875960357534,127.08018935211064,74367.07017036618,55.314336450562536,LOSS,74367.07017036618,0.0
2022-06-07,18.893680572509766,18.941456871032717,2,151.6976272349988,142.1423675304086,74509.21253789659,55.27395720949571,LOSS,74509.21253789659,0.0
2022-06-08,18.62009048461914,19.082617378234865,2,141.34543011614446,48.84005139299964,74558.05258928958,51.254039505452845,LOSS,74558.05258928958,0.0
2022-06-09,18.020986557006836,18.806291389465333,2,138.40336589843656,-18.6576005932628,74539.39498869632,50.936000066566024,LOSS,74558.05258928958,-0.025024259547168748
2022-06-10,16.94859504699707,18.201196422576903,2,131.1777661907623,-119.34250892520419,74420.05247977113,49.91840589106248,LOSS,74558.05258928958,-0.18509081812885247
2022-06-13,15.623579978942871,17.11808099746704,2,127.0241059058793,-171.8760977989544,74248.17638197217,51.3438177208017,LOSS,74558.05258928958,-0.4156173566179345
2022-06-14,15.812299728393555,15.7798157787323,2,113.61567768048153,113.61567768048153,74361.79205965265,49.87142736311427,WIN,74558.05258928958,-0.26323183455186233
2022-06-15,16.50226402282715,15.97042272567749,2,114.8080606920138,114.8080606920138,74476.60012034466,49.79613266291635,WIN,74558.05258928958,-0.10924704457291312
2022-06-16,15.577649116516113,16.66728666305542,2,118.66939545303077,-99.25811385483078,74377.34200648984,49.335884903690165,LOSS,74558.05258928958,-0.24237567442272934
2022-06-17,15.856231689453125,15.733425607681275,2,110.3880661656049,110.3880661656049,74487.73007265544,48.64278493964492,WIN,74558.05258928958,-0.09431914352903245
2022-06-21,16.541210174560547,16.014794006347657,2,112.64700417910075,112.64700417910075,74600.37707683454,48.76159475125427,WIN,74600.37707683454,0.0
2022-06-22,16.33551597595215,16.706622276306152,2,119.21213270892137,44.990872638120564,74645.36794947267,49.44092013110698,LOSS,74645.36794947267,0.0
2022-06-23,16.200716018676758,16.49887113571167,2,117.7306045815415,58.099581174558935,74703.46753064722,49.44128672377897,LOSS,74703.46753064722,0.0
2022-06-24,17.10036849975586,16.362723178863526,2,114.5080805476291,114.5080805476291,74817.97561119485,48.522248753194965,WIN,74817.97561119485,0.0
2022-06-27,16.8437557220459,17.271372184753417,2,121.49052807768894,35.96723553618514,74853.94284673104,48.76346527136814,LOSS,74853.94284673104,0.0
2022-06-28,15.95807933807373,17.01219327926636,2,116.50250640322362,-94.32028183530214,74759.62256489573,47.520639266062076,LOSS,74853.94284673104,-0.12600576302096703
2022-06-29,15.518738746643066,16.117660131454468,2,108.98479922649345,-10.799477735786795,74748.82308715995,46.94376535833425,LOSS,74853.94284673104,-0.14043316300161257
2022-06-30,15.136310577392578,15.673926134109497,2,106.45493851106336,-1.068172832320343,74747.75491432763,47.14434008177847,LOSS,74853.94284673104,-0.1418601724438705
2022-07-01,14.501263618469238,15.287673683166505,2,104.01265746586452,-53.26935547358872,74694.48555885404,47.22347294448758,LOSS,74853.94284673104,-0.2130245673277335
2022-07-05,14.941601753234863,14.64627625465393,2,93.01696889854658,93.01696889854658,74787.50252775259,44.19854045297778,WIN,74853.94284673104,-0.08875994563772178
2022-07-06,15.107357025146484,15.091017770767213,2,96.84334500211978,96.84334500211978,74884.34587275471,44.64204994167226,WIN,74884.34587275471,0.0
2022-07-07,15.83426570892334,15.25843059539795,2,98.25666332644572,98.25666332644572,74982.60253608116,44.790465037186976,WIN,74982.60253608116,0.0
2022-07-08,15.81429672241211,15.992608366012574,2,106.8705963311078,71.20826761101493,75053.81080369218,46.413828322790216,LOSS,75053.81080369218,0.0
2022-07-11,15.129324913024902,15.97243968963623,2,106.73055887820159,-61.89239644406403,74991.91840724811,46.41162819262229,LOSS,75053.81080369218,-0.08246402918293547
2022-07-12,15.059425354003906,15.280618162155152,2,102.91222600029413,58.673664370044975,75050.59207161816,46.763362794041754,LOSS,75053.81080369218,-0.004288565816382448
2022-07-13,15.141304969787598,15.210019607543945,2,99.03040768130721,85.28748013003776,75135.87955174819,45.267230973912035,LOSS,75135.87955174819,0.0
2022-07-14,15.348992347717285,15.292718019485473,2,92.20168338997647,92.20168338997647,75228.08123513818,42.04893503040016,WIN,75228.08123513818,0.0
2022-07-15,15.738409042358398,15.502482271194458,2,93.53095687235212,93.53095687235212,75321.61219201052,42.0767641857428,WIN,75321.61219201052,0.0
2022-07-18,16.076904296875,15.895793132781982,2,93.96465628154306,93.96465628154306,75415.57684829207,41.26175228224831,WIN,75415.57684829207,0.0
2022-07-19,16.96656608581543,16.23767333984375,2,91.71331571444206,91.71331571444206,75507.29016400651,39.50404025878953,WIN,75507.29016400651,0.0
2022-07-20,17.780345916748047,17.136231746673584,2,101.01986483842387,101.01986483842387,75608.31002884494,41.15361441001879,WIN,75608.31002884494,0.0
2022-07-21,18.022985458374023,17.95814937591553,2,106.53674818643562,106.53674818643562,75714.84677703137,41.40345061750189,WIN,75714.84677703137,0.0
2022-07-22,17.293081283569336,18.203215312957763,2,107.6158093154688,-74.41099656221661,75640.43578046915,41.26590281247164,LOSS,75714.84677703137,-0.09827794643941921
2022-07-25,16.998519897460938,17.46601209640503,2,106.27912439322031,12.78068460440167,75653.21646507355,42.42162380363074,LOSS,75714.84677703137,-0.08139792204732876
2022-07-26,16.508255004882812,17.168505096435545,2,100.47017616489636,-31.579842145650233,75621.6366229279,40.865691360532196,LOSS,75714.84677703137,-0.12310683844869769
2022-07-27,17.763376235961914,16.673337554931642,2,98.52962055641241,98.52962055641241,75720.1662434843,41.24920048627814,WIN,75720.1662434843,0.0
2022-07-28,17.95708465576172,17.941009998321533,2,109.84177401822708,109.84177401822708,75830.00801750254,42.671972810251894,WIN,75830.00801750254,0.0
2022-07-29,18.135818481445312,18.136655502319336,2,109.11205092614962,108.94464675134499,75938.95266425388,41.96197558812938,LOSS,75938.95266425388,0.0
2022-08-01,18.41339874267578,18.317176666259765,2,108.29829414272187,108.29829414272187,76047.2509583966,41.269095996426124,WIN,76047.2509583966,0.0
2022-08-02,18.49827003479004,18.59753273010254,2,104.87982810840917,85.02728904590909,76132.2782474425,39.44570357556769,LOSS,76132.2782474425,0.0
2022-08-03,18.864723205566406,18.68325273513794,2,104.80678245986698,104.80678245986698,76237.08502990237,39.24673190659051,WIN,76237.08502990237,0.0
2022-08-04,19.186243057250977,19.05337043762207,2,107.02100047056726,107.02100047056726,76344.10603037295,39.29511130388022,WIN,76344.10603037295,0.0
2022-08-05,18.96057891845703,19.378105487823486,2,106.11672837103225,22.611414497741265,76366.7174448707,38.354548521102345,LOSS,76366.7174448707,0.0
2022-08-08,17.766368865966797,19.150184707641603,2,105.56171785278181,-171.20145048217947,76195.51599438851,38.59633916147425,LOSS,76366.7174448707,-0.2241833303962242
2022-08-09,17.0604305267334,17.944032554626464,2,103.37303419350872,-73.34737138510437,76122.16862300341,40.25678638391483,LOSS,76366.7174448707,-0.3202295843654978
2022-08-10,18.069913864135742,17.231034832000734,2,102.72243675450348,102.72243675450348,76224.89105975791,41.59702939027565,WIN,76366.7174448707,-0.18571753488706608
2022-08-11,17.915145874023438,18.2506130027771,2,113.09718209947692,46.003756348744275,76270.89481610665,43.16975536720646,LOSS,76366.7174448707,-0.12547695117734675
2022-08-12,18.680994033813477,18.094297332763674,2,112.57777012422663,112.57777012422663,76383.47258623088,43.33562491795041,WIN,76383.47258623088,0.0
2022-08-15,19.003515243530273,18.867803974151613,2,118.82835189419698,118.82835189419698,76502.30093812507,43.84478985856891,WIN,76502.30093812507,0.0
2022-08-16,18.850746154785156,19.193550395965577,2,120.73596497598925,52.17511673990512,76554.47605486498,43.79469720234745,LOSS,76554.47605486498,0.0
2022-08-17,18.30755615234375,19.039253616333006,2,116.32041444033803,-30.01907835751325,76524.45697650747,42.58592612117415,LOSS,76554.47605486498,-0.03921270173150287
2022-08-18,18.744903564453125,18.490631713867188,2,111.5130439696661,111.5130439696661,76635.97002047714,42.06004275634492,WIN,76635.97002047714,0.0
2022-08-19,17.822288513183594,18.932352600097655,2,114.76163707646663,-107.25118030634562,76528.7188401708,42.26635064954562,LOSS,76635.97002047714,-0.13994887815432025
2022-08-22,17.00850486755371,18.000511398315428,2,110.44873578489008,-87.95257036745336,76440.76626980334,42.76203529670799,LOSS,76635.97002047714,-0.2547155736681345
2022-08-23,17.155282974243164,17.17858991622925,2,108.22645714568017,103.56506874846309,76544.3313385518,43.859053795264586,LOSS,76635.97002047714,-0.11957659295087229
2022-08-24,17.196224212646484,17.326835803985595,2,107.84255357028502,81.72023530246281,76626.05157385426,43.35093902963471,LOSS,76635.97002047714,-0.012942286266130653
2022-08-25,17.88619041442871,17.36818645477295,2,98.90024018112325,98.90024018112325,76724.95181403539,39.81236178671618,WIN,76724.95181403539,0.0
2022-08-26,16.23566436767578,18.065052318573,2,105.55323573216211,-260.3243544472814,76464.62745958811,40.805213976517265,LOSS,76724.95181403539,-0.3392955593875752
2022-08-29,15.777351379394531,16.39802101135254,2,107.31608333541365,-16.81784305618814,76447.80961653193,45.491608339056974,LOSS,76724.95181403539,-0.36121521219745223
2022-08-30,15.444849967956543,15.935124893188476,2,104.35093996708017,6.295954920693532,76454.10557145263,45.51854766414483,LOSS,76724.95181403539,-0.3530093355278119
2022-08-31,15.071410179138184,15.599298467636109,2,102.19151926198732,-3.3861384375976797,76450.71943301504,45.53556401561643,LOSS,76724.95181403539,-0.3574226826300682
2022-09-01,13.916142463684082,15.222124280929565,2,98.93470809848942,-162.26165535060716,76288.45777766443,45.190643247041635,LOSS,76724.95181403539,-0.5689075405728866
2022-09-02,13.626574516296387,14.055303888320923,2,94.93038295111916,9.184508546211916,76297.64228621064,46.891898433699026,LOSS,76724.95181403539,-0.5569368474293144
2022-09-06,13.444849014282227,13.76284026145935,2,92.97268938145305,29.374439946028204,76327.01672615667,46.90045301418459,LOSS,76724.95181403539,-0.5186514666613683
2022-09-07,13.697543144226074,13.57929750442505,2,89.18630841361609,89.18630841361609,76416.20303457028,45.647673771948476,WIN,76724.95181403539,-0.40240987079855023
2022-09-08,13.973213195800781,13.834518575668335,2,91.01788289328526,91.01788289328526,76507.22091746356,45.722680658572884,WIN,76724.95181403539,-0.28378107958876025
2022-09-09,14.369734764099121,14.112945327758789,2,88.15602646858645,88.15602646858645,76595.37694393215,43.50089419487104,WIN,76724.95181403539,-0.16888230887039707
2022-09-12,14.487595558166504,14.513432111740112,2,92.59987737571508,87.43256666099343,76682.80951059314,44.394898472623225,LOSS,76724.95181403539,-0.05492646452798247
2022-09-13,13.115242958068848,14.632471513748168,2,90.1523935036005,-213.29331763226364,76469.51619296087,42.93073266946263,LOSS,76724.95181403539,-0.33292379471757466
2022-09-14,13.1122465133667,13.246395387649537,2,87.59184617440054,60.76207131783298,76530.2782642787,45.946224151365215,LOSS,76724.95181403539,-0.25372912612383336
2022-09-15,12.913484573364258,13.243368978500367,2,87.79201328684799,21.81513225962611,76552.09339653833,46.05729199057157,LOSS,76724.95181403539,-0.22529622164642266
2022-09-16,13.182164192199707,13.0426194190979,2,86.31603115506825,86.31603115506825,76638.4094276934,45.98292606546607,WIN,76724.95181403539,-0.11279562162742765
2022-09-19,13.36594295501709,13.313985834121704,2,87.85512890183024,87.85512890183024,76726.26455659524,45.85406988475994,WIN,76726.26455659524,0.0
2022-09-20,13.16019058227539,13.499602384567261,2,88.73435545504046,20.851994996666377,76747.11655159191,45.68304189985465,LOSS,76747.11655159191,0.0
2022-09-21,13.245086669921875,13.291792488098144,2,86.20300125508236,76.86183761982852,76823.97838921174,45.09730741055758,LOSS,76823.97838921174,0.0
2022-09-22,12.54592514038086,13.377537536621094,2,86.66467618026918,-79.65780306777783,76744.32058614396,45.05015628630352,LOSS,76823.97838921174,-0.1036887241952099
2022-09-23,12.500982284545898,12.671384391784668,2,83.42283618050568,49.34241473275168,76793.66300087671,45.752870093893385,LOSS,76823.97838921174,-0.0394608414855128
2022-09-26,12.213327407836914,12.625992107391358,2,79.98770979977088,-2.545230111117931,76791.11777076559,44.09343526423871,LOSS,76823.97838921174,-0.04277390879143509
2022-09-27,12.398103713989258,12.335460681915283,2,71.58120281815994,71.58120281815994,76862.69897358374,40.537513863785776,WIN,76862.69897358374,0.0
2022-09-28,12.720718383789062,12.522084751129151,2,73.29207141850435,73.29207141850435,76935.99104500224,40.872504113142824,WIN,76935.99104500224,0.0
2022-09-29,12.205336570739746,12.847925567626953,2,76.65801510394925,-51.85978427349221,76884.13126072875,41.63102923777906,LOSS,76935.99104500224,-0.06740640312692472
2022-09-30,12.124433517456055,12.327389936447144,2,74.40202941531304,33.81074561709518,76917.94200634585,42.09157089540538,LOSS,76935.99104500224,-0.02345981173600946
2022-10-03,12.496986389160156,12.245677852630616,2,68.33762173062496,68.33762173062496,76986.27962807647,39.0522331149419,WIN,76986.27962807647,0.0
2022-10-04,13.151199340820312,12.621956253051758,2,71.77193806225459,71.77193806225459,77058.05156613873,39.75854160452921,WIN,77058.05156613873,0.0
2022-10-05,13.193150520324707,13.282711334228516,2,79.18932590818754,61.277163127425766,77119.32872926616,41.59940995143603,LOSS,77119.32872926616,0.0
2022-10-06,13.114246368408203,13.325082025527955,2,78.97670432203377,36.8095728980834,77156.13830216424,41.36616784913957,LOSS,77156.13830216424,0.0
2022-10-07,12.06151008605957,13.245388832092285,2,77.91122290710187,-158.86452629944108,76997.2737758648,41.06700516104985,LOSS,77156.13830216424,-0.20590004864847342
2022-10-10,11.655996322631836,12.182125186920166,2,76.59049825120329,-28.63527460646266,76968.63850125833,43.772495716856824,LOSS,77156.13830216424,-0.24301345950157024
2022-10-11,11.57209587097168,11.772556285858155,2,74.31951744673424,34.22743446943923,77002.86593572778,43.945021489844365,LOSS,77156.13830216424,-0.19865220034238157
2022-10-12,11.486201286315918,11.687816829681397,2,65.57915406788639,25.25604539479056,77028.12198112257,39.25497473851569,LOSS,77156.13830216424,-0.1659185177727772
2022-10-13,11.945649147033691,11.601063299179078,2,65.05578397703684,65.05578397703684,77093.17776509961,39.23389568694543,WIN,77156.13830216424,-0.08160146224278478
2022-10-14,11.213526725769043,12.06510563850403,2,69.94139074810107,-100.37439179889617,76992.80337330072,40.49821507924477,LOSS,77156.13830216424,-0.21169401742717886
2022-10-17,11.873733520507812,11.325661993026733,2,68.25496367251031,68.25496367251031,77061.05833697323,42.031917904973895,WIN,77156.13830216424,-0.12323059095913644
2022-10-18,11.952640533447266,11.99247085571289,2,76.3362636288011,68.37019917567626,77129.42853614892,44.29509856338184,LOSS,77156.13830216424,-0.034617810848335186
2022-10-19,12.036540031433105,12.072166938781738,2,76.85810162777142,69.73272015804494,77199.16125630696,44.30314729022935,LOSS,77199.16125630696,0.0
2022-10-20,12.179367065429688,12.156905431747436,2,77.41030983044774,77.41030983044774,77276.57156613741,44.310135059080295,WIN,77276.57156613741,0.0
2022-10-21,12.451041221618652,12.301160736083984,2,75.85344200234057,75.85344200234057,77352.42500813975,42.96577813361373,WIN,77352.42500813975,0.0
2022-10-24,12.583880424499512,12.57555163383484,2,78.09720915436668,78.09720915436668,77430.52221729411,43.258896933424616,WIN,77430.52221729411,0.0
2022-10-25,13.245086669921875,12.709719228744508,2,78.36945064456151,78.36945064456151,77508.89166793867,42.96403728007034,WIN,77508.89166793867,0.0
2022-10-26,12.880525588989258,13.377537536621094,2,85.16035346488336,-14.242036061483972,77494.6496318772,44.29892228238897,LOSS,77508.89166793867,-0.01837471257167908
2022-10-27,13.16019058227539,13.00933084487915,2,83.21352218916257,83.21352218916257,77577.86315406636,44.50286256790642,WIN,77577.86315406636,0.0
2022-10-28,13.817399978637695,13.291792488098144,2,83.29104564461419,83.29104564461419,77661.15419971097,43.633743808269315,WIN,77661.15419971097,0.0
2022-10-31,13.480802536010742,13.955573978424072,2,89.58053738659247,-5.373751096073448,77655.7804486149,44.65337477960118,LOSS,77661.15419971097,-0.006919483944649117
2022-11-01,13.526749610900879,13.61561056137085,2,87.73210892675164,69.95991883275732,77725.74036744765,44.817149204992155,LOSS,77725.74036744765,0.0
2022-11-02,13.20313835144043,13.662017107009888,2,85.22520289462055,-6.55054821927105,77719.18981922838,43.44509318321205,LOSS,77725.74036744765,-0.00842777204604274
2022-11-03,13.404894828796387,13.335169734954833,2,83.92060216691286,83.92060216691286,77803.1104213953,43.81296059145993,WIN,77803.1104213953,0.0
2022-11-04,14.139013290405273,13.53894377708435,2,85.37376154217424,85.37376154217424,77888.48418293746,43.897225113233844,WIN,77888.48418293746,0.0
2022-11-07,14.283839225769043,14.280403423309327,2,83.81821699400241,83.81821699400241,77972.30239993146,40.982281893425366,WIN,77972.30239993146,0.0
2022-11-08,14.584479331970215,14.426677618026734,2,82.04378332609177,82.04378332609177,78054.34618325756,39.7630333039646,WIN,78054.34618325756,0.0
2022-11-09,13.759469032287598,14.730324125289917,2,83.39745372335811,-110.7735648771057,77943.57261838045,39.59380081982196,LOSS,78054.34618325756,-0.1419185097227367
2022-11-10,15.731100082397461,13.897063722610474,2,84.28038818765158,84.28038818765158,78027.8530065681,42.28606037207105,WIN,78054.34618325756,-0.033941962215989316
2022-11-11,16.307405471801758,15.888411083221436,2,116.83778482193318,116.83778482193318,78144.69079139004,50.89745215788874,WIN,78144.69079139004,0.0
2022-11-14,16.275447845458984,16.470479526519775,2,114.25767813431489,75.25134192215685,78219.94213331219,48.114820638146455,LOSS,78219.94213331219,0.0
2022-11-15,16.6460018157959,16.438202323913575,2,112.47725372727024,112.47725372727024,78332.41938703945,47.48225003871356,WIN,78332.41938703945,0.0
2022-11-16,15.890908241271973,16.812461833953858,2,114.94077729394864,-69.3699412424284,78263.04944579702,47.4435789979018,LOSS,78332.41938703945,-0.08855840504513991
2022-11-17,15.65818977355957,16.049817323684692,2,114.14433469971294,35.81882467468853,78298.8682704717,49.28229797301592,LOSS,78332.41938703945,-0.04283171237437428
2022-11-18,15.390510559082031,15.814771671295166,2,113.41211739652883,28.55989495390196,78327.4281654256,49.679121467582284,LOSS,78332.41938703945,-0.0063718466158765525
2022-11-21,15.29862117767334,15.54441566467285,2,112.33850454565201,63.17960714574981,78390.60777257135,50.050951993608756,LOSS,78390.60777257135,0.0
2022-11-22,16.018756866455078,15.451607389450073,2,111.98674658959847,111.98674658959847,78502.59451916095,50.18885542589429,WIN,78502.59451916095,0.0
2022-11-23,16.499177932739258,16.17894443511963,2,116.76684759955323,116.76684759955323,78619.36136676051,49.985977381419204,WIN,78619.36136676051,0.0
2022-11-25,16.250478744506836,16.664169712066652,2,118.80957774077613,36.0713842288129,78655.43275098932,49.40097950730581,LOSS,78655.43275098932,0.0
2022-11-28,15.808008193969727,16.412983531951905,2,117.80553281820521,-3.189534778230538,78652.24321621109,49.72123738097684,LOSS,78655.43275098932,-0.0040550724427695665
2022-11-29,15.620234489440918,15.966088275909424,2,114.27842850111527,45.107671207414015,78697.3508874185,49.587561971853155,LOSS,78697.3508874185,0.0
2022-11-30,16.90701675415039,15.776436834335327,2,112.18157783179964,112.18157783179964,78809.5324652503,49.27446063812168,WIN,78809.5324652503,0.0
2022-12-01,17.118818283081055,17.076086921691896,2,127.58780961265113,127.58780961265113,78937.12027486296,51.686260899732126,WIN,78937.12027486296,0.0
2022-12-02,16.86005973815918,17.290006465911866,2,127.5695491421724,41.58020359163524,78978.7004784546,51.06163491819332,LOSS,78978.7004784546,0.0
2022-12-05,16.594308853149414,17.02866033554077,2,126.57467903305961,39.704382554788296,79018.40486100939,51.42781765024702,LOSS,79018.40486100939,0.0
2022-12-06,15.971902847290039,16.76025194168091,2,123.15548861092616,-34.51433026724793,78983.89053074214,50.86018085398001,LOSS,79018.40486100939,-0.043678849665417636
2022-12-07,16.10477638244629,16.13162187576294,2,120.788874137529,115.4197754741991,79099.31030621634,51.79304190646873,LOSS,79099.31030621634,0.0
2022-12-08,17.15278434753418,16.265824146270752,2,121.55815005453938,121.55815005453938,79220.86845627088,51.69628233375028,WIN,79220.86845627088,0.0
2022-12-09,16.984943389892578,17.324312191009522,2,128.1109542521055,60.23719402871674,79281.10565029959,51.1728039008035,LOSS,79281.10565029959,0.0
2022-12-12,17.51844024658203,17.154792823791503,2,102.58691096640926,102.58691096640926,79383.692561266,41.72125210189766,WIN,79383.692561266,0.0
2022-12-13,18.054933547973633,17.69362464904785,2,105.29587359536548,105.29587359536548,79488.98843486137,41.52745057461598,WIN,79488.98843486137,0.0
2022-12-14,17.657306671142578,18.23548288345337,2,109.55919020165128,-6.076052260506785,79482.91238260086,41.90796983375405,LOSS,79488.98843486137,-0.007643891789479113
2022-12-15,16.935989379882812,17.833879737854005,2,107.76914377828221,-71.8089278159563,79411.1034547849,42.14126685114705,LOSS,79488.98843486137,-0.09798209992355991
2022-12-16,16.555349349975586,17.10534927368164,2,102.7043172107009,-7.295667530509803,79403.8077872544,41.882582058731835,LOSS,79488.98843486137,-0.10716031148991
2022-12-19,16.238651275634766,16.720902843475344,2,100.92785922426106,4.47754565614548,79408.28533291054,42.09507023633638,LOSS,79488.98843486137,-0.1015273983728729
2022-12-20,16.06981086730957,16.401037788391115,2,99.12778057850555,32.88239636219667,79441.16772927274,42.14828137978281,LOSS,79488.98843486137,-0.060160163728612576
2022-12-21,16.485416412353516,16.230508975982666,2,98.24541948647948,98.24541948647948,79539.41314875922,42.209327868747536,WIN,79539.41314875922,0.0
2022-12-22,15.324512481689453,16.65027057647705,2,98.56025257524891,-166.59136638227085,79372.82178237695,41.316182884971354,LOSS,79539.41314875922,-0.2094450534487893
2022-12-23,15.191638946533203,15.477757606506348,2,97.13099192052461,39.90725992589567,79412.72904230285,43.69499950637735,LOSS,79539.41314875922,-0.15927211610104014
2022-12-27,14.107665061950684,15.343555335998536,2,96.13637699309724,-151.04167781647322,79261.68736448637,43.628633941791705,LOSS,79539.41314875922,-0.34916750486131803
2022-12-28,14.022744178771973,14.24874171257019,2,94.04327228462563,48.8437655249821,79310.53113001135,45.863428411366456,LOSS,79539.41314875922,-0.28775925002086955
2022-12-29,14.589207649230957,14.162971620559693,2,93.42195275357508,93.42195275357508,79403.95308276493,45.837378223445945,WIN,79539.41314875922,-0.1703055889297926
2022-12-30,14.600196838378906,14.735099725723266,2,90.14943070309317,63.16885323422116,79467.12193599915,42.64271847762857,LOSS,79539.41314875922,-0.0908872845527146
2023-01-03,14.30147933959961,14.746198806762695,2,89.78874792777238,0.8448544951551611,79467.9667904943,42.448554199195684,LOSS,79539.41314875922,-0.08982510108704919
2023-01-04,14.73507022857666,14.444494132995606,2,88.09529789735224,88.09529789735224,79556.06208839166,42.514974281173565,WIN,79556.06208839166,0.0
2023-01-05,14.251526832580566,14.882420930862427,2,92.44375445085234,-33.73506520551976,79522.32702318614,43.2680230229209,LOSS,79556.06208839166,-0.042404141582618474
2023-01-06,14.844966888427734,14.394042100906372,2,89.05384306738219,89.05384306738219,79611.38086625352,43.10266091642232,WIN,79611.38086625352,0.0
2023-01-09,15.613240242004395,14.993416557312012,2,95.29048288591015,95.29048288591015,79706.67134913943,44.22922296093802,WIN,79706.67134913943,0.0
2023-01-10,15.893974304199219,15.769372644424438,2,97.96781061565764,97.96781061565764,79804.6391597551,43.274233753053394,WIN,79804.6391597551,0.0
2023-01-11,15.985885620117188,16.05291404724121,2,100.31252602566964,86.90684060086524,79891.54600035596,43.516937782829054,LOSS,79891.54600035596,0.0
2023-01-12,16.495407104492188,16.14574447631836,2,99.29469489217469,99.29469489217469,79990.84069524813,42.85577817669832,WIN,79990.84069524813,0.0
2023-01-13,16.883037567138672,16.66036117553711,2,102.58986956859214,102.58986956859214,80093.43056481672,42.90803991681911,WIN,80093.43056481672,0.0
2023-01-17,17.68528175354004,17.05186794281006,2,105.48397008567503,105.48397008567503,80198.91453490239,43.09738973805575,WIN,80198.91453490239,0.0
2023-01-18,17.3605899810791,17.86213457107544,2,111.26224620956513,10.953328210297357,80209.86786311268,43.383845081914686,LOSS,80209.86786311268,0.0
2023-01-19,16.749164581298828,17.534195880889893,2,108.92489123639066,-48.08136868182231,80161.78649443085,43.271586190853554,LOSS,80209.86786311268,-0.059944455667082695
2023-01-20,17.822153091430664,16.916656227111815,2,106.49684088413048,106.49684088413048,80268.28333531498,43.82769274185989,WIN,80268.28333531498,0.0
2023-01-23,19.17487144470215,18.00037462234497,2,118.41099822024374,118.41099822024374,80386.69433353523,45.717400255594626,WIN,80386.69433353523,0.0
2023-01-24,19.246803283691406,19.36662015914917,2,134.00040536730265,110.03703027574963,80496.73136381098,47.99472781146284,LOSS,80496.73136381098,0.0
2023-01-25,19.304750442504883,19.43927131652832,2,124.52915110813953,97.62497630345214,80594.35634011443,44.56707295903813,LOSS,80594.35634011443,0.0
2023-01-26,19.78329849243164,19.497797946929932,2,124.31946702287553,124.31946702287553,80718.6758071373,44.36676855211598,WIN,80718.6758071373,0.0
2023-01-27,20.34576416015625,19.98113147735596,2,113.90038510599499,113.90038510599499,80832.5761922433,39.85287241825712,WIN,80832.5761922433,0.0
2023-01-30,19.143903732299805,20.549221801757813,2,116.11919264178576,-164.94442124981592,80667.63177099348,39.52142374675309,LOSS,80832.5761922433,-0.20405686546168528
2023-01-31,19.51854705810547,19.3353427696228,2,118.77504035479345,118.77504035479345,80786.40681134828,42.80900971413443,WIN,80832.5761922433,-0.05711729487034783
2023-02-01,20.9232234954834,19.713732528686524,2,120.79660722403757,120.79660722403757,80907.20341857232,42.70638336361277,WIN,80907.20341857232,0.0
2023-02-02,21.68849754333496,21.13245573043823,2,132.3287532468147,132.3287532468147,81039.53217181913,43.603823934710036,WIN,81039.53217181913,0.0
2023-02-03,21.0800724029541,21.90538251876831,2,137.48858607053057,-27.573437092311025,81011.95873472681,43.701373243399544,LOSS,81039.53217181913,-0.034024674567290886
2023-02-06,21.069080352783203,21.290873126983644,2,132.73843280862556,88.3798779685373,81100.33861269534,43.42111019073054,LOSS,81100.33861269534,0.0
2023-02-07,22.15205955505371,21.279771156311035,2,132.47417132549754,132.47417132549754,81232.81278402083,43.35987790307787,WIN,81232.81278402083,0.0
2023-02-08,22.18402862548828,22.373580150604248,2,139.23761057447405,101.32730555128074,81334.14008957212,43.34616899633672,LOSS,81334.14008957212,0.0
2023-02-09,22.315902709960938,22.405868911743163,2,139.9638677886993,121.97062743225428,81456.11071700437,43.50279646365359,LOSS,81456.11071700437,0.0
2023-02-10,21.244916915893555,22.539061737060546,2,140.78855127973756,-118.04041295366076,81338.0703040507,43.500621253465496,LOSS,81456.11071700437,-0.14491290084271155
2023-02-13,21.767419815063477,21.45736608505249,2,140.7920660576671,140.7920660576671,81478.86237010837,45.60535148499757,WIN,81478.86237010837,0.0
2023-02-14,22.949304580688477,21.985094013214113,2,144.29606501054303,144.29606501054303,81623.15843511891,45.61790814203723,WIN,81623.15843511891,0.0
2023-02-15,22.74250030517578,23.17879762649536,2,153.07530005561043,65.8158357916947,81688.9742709106,45.89013759131481,LOSS,81688.9742709106,0.0
2023-02-16,21.981218338012695,22.969925308227538,2,150.73428268237484,-47.007111360593626,81641.96715955001,45.61046743915949,LOSS,81688.9742709106,-0.05754400980076286
2023-02-17,21.367801666259766,22.201030521392823,2,145.38229925958925,-21.26347176702231,81620.703687783,45.51829637832461,LOSS,81688.9742709106,-0.08357380385411675
2023-02-21,20.6354923248291,21.581479682922364,2,139.3701419830992,-49.82732963555327,81570.87635814745,44.91310960787824,LOSS,81688.9742709106,-0.14457019912075536
2023-02-22,20.734397888183594,20.841847248077393,2,129.18416612280183,107.694294144042,81678.57065229148,43.17916959298367,LOSS,81688.9742709106,-0.012735646042781991
2023-02-23,23.641647338867188,20.94174186706543,2,129.8032381188907,129.8032381188907,81808.37389041038,43.179135933949716,WIN,81808.37389041038,0.0
2023-02-24,23.264009475708008,23.87806381225586,2,179.82490556462005,57.01403825504963,81865.38792866543,52.08203321750771,LOSS,81865.38792866543,0.0
2023-02-27,23.478803634643555,23.496649570465088,2,177.6886883277275,174.1195011634208,82039.50742982885,52.291348394269455,LOSS,82039.50742982885,0.0
2023-02-28,23.194074630737305,23.71359167098999,2,178.71192639630658,74.80851834576919,82114.31594817463,52.11743238637397,LOSS,82114.31594817463,0.0
2023-03-01,22.67656135559082,23.426015377044678,2,169.75585373430752,19.865049443536037,82134.18099761817,50.18142791300172,LOSS,82134.18099761817,0.0
2023-03-02,23.29197883605957,22.90332696914673,2,167.42892665100598,167.42892665100598,82301.60992426917,50.6074950318056,WIN,82301.60992426917,0.0
2023-03-03,23.867435455322266,23.524898624420167,2,165.60298518750363,165.60298518750363,82467.21290945668,48.79862551684046,WIN,82467.21290945668,0.0
2023-03-06,23.531753540039062,24.106109809875488,2,168.65052939239447,53.77927542510946,82520.99218488179,48.50933561286644,LOSS,82520.99218488179,0.0
2023-03-07,23.26995849609375,23.767071075439453,2,164.94073969827784,65.51822382913716,82586.51040871092,48.133298185111556,LOSS,82586.51040871092,0.0
2023-03-08,24.162263870239258,23.502658081054687,2,163.54780910217602,163.54780910217602,82750.0582178131,48.258953169907215,WIN,82750.0582178131,0.0
2023-03-09,23.417842864990234,24.40388650894165,2,167.92997530696928,-29.27875348331378,82720.77946432978,47.74178605623938,LOSS,82750.0582178131,-0.03538215454332583
2023-03-10,22.94721031188965,23.652021293640136,2,164.93280307397313,23.970606723875676,82744.75007105366,48.356573964476915,LOSS,82750.0582178131,-0.006414674350407902
2023-03-13,22.948205947875977,23.176682415008546,2,162.50696791630244,116.81167448978852,82861.56174554344,48.61277860057747,LOSS,82861.56174554344,0.0
2023-03-14,24.044355392456055,23.177688007354735,2,157.92180615097894,157.92180615097894,83019.48355169441,47.289161775490356,WIN,83019.48355169441,0.0
2023-03-15,24.209228515625,24.284798946380615,2,168.11596265317587,153.00187650205285,83172.48542819647,48.01837934627832,LOSS,83172.48542819647,0.0
2023-03-16,25.52121353149414,24.45132080078125,2,164.6479085722039,164.6479085722039,83337.13333676867,46.755888420847725,WIN,83337.13333676867,0.0
2023-03-17,25.705068588256836,25.776425666809082,2,177.97695607402176,163.70554036357248,83500.83887713225,47.89784752357801,LOSS,83500.83887713225,0.0
2023-03-20,25.87993621826172,25.962119274139404,2,175.9158301306249,159.47921895508784,83660.31809608734,47.03756286793514,LOSS,83660.31809608734,0.0
2023-03-21,26.178699493408203,26.138735580444337,2,174.2677819112189,174.2677819112189,83834.58587799856,46.31049661163228,WIN,83834.58587799856,0.0
2023-03-22,26.447492599487305,26.440486488342284,2,171.81408346854954,171.81408346854954,84006.3999614671,45.182236484145946,WIN,84006.3999614671,0.0
2023-03-23,27.16993522644043,26.711967525482176,2,173.45253059484477,173.45253059484477,84179.85249206195,45.15080565671813,WIN,84179.85249206195,0.0
2023-03-24,26.758251190185547,27.441634578704836,2,131.98627724116093,-4.690400462696829,84175.16209159925,33.90261062893779,LOSS,84179.85249206195,-0.005571880116019176
2023-03-27,26.51044464111328,27.025833702087404,2,129.85324078910517,26.77542859428067,84201.93752019353,33.86969595768841,LOSS,84201.93752019353,0.0
2023-03-28,26.389537811279297,26.775549087524414,2,129.53617339288738,52.33391814386391,84254.2714383374,34.090627863169544,LOSS,84254.2714383374,0.0
2023-03-29,26.963090896606445,26.65343318939209,2,128.16038014835712,128.16038014835712,84382.43181848575,33.89386872793648,WIN,84382.43181848575,0.0
2023-03-30,27.361783981323242,27.23272180557251,2,128.3397858211152,128.3397858211152,84510.77160430686,33.25457355508925,WIN,84510.77160430686,0.0
2023-03-31,27.755481719970703,27.635401821136476,2,129.0843701099628,129.0843701099628,84639.85597441683,32.97581892936587,WIN,84639.85597441683,0.0
2023-04-03,27.943334579467773,28.03303653717041,2,130.01922678607824,112.07883524555083,84751.93480966239,32.75598217156391,LOSS,84751.93480966239,0.0
2023-04-04,27.43172836303711,28.222767925262453,2,128.90408074043864,-29.30383170463,84722.63097795776,32.283720369244435,LOSS,84751.93480966239,-0.03457600321507871
2023-04-05,26.860172271728516,27.70604564666748,2,127.86850915019494,-41.306165837597945,84681.32481212016,32.603084520343344,LOSS,84751.93480966239,-0.08331372929810171
2023-04-06,27.016054153442383,27.1287739944458,2,124.41076577024464,101.86679756956099,84783.19160968972,32.40767638684672,LOSS,84783.19160968972,0.0
2023-04-10,27.557634353637695,27.286214694976806,2,119.5126447936502,119.5126447936502,84902.70425448337,31.03169121914477,WIN,84902.70425448337,0.0
2023-04-11,27.147953033447266,27.833210697174074,2,118.93953190413778,-18.112000841223946,84884.59225364214,30.31908779468026,LOSS,84902.70425448337,-0.021332654831508455
2023-04-12,26.474472045898438,27.41943256378174,2,119.30848142491817,-69.68362215174233,84814.9086314904,30.83978599392527,LOSS,84902.70425448337,-0.10340733403475008
2023-04-13,26.44249153137207,26.739216766357423,2,113.44311812440795,54.09807112733746,84869.00670261774,30.113855715523698,LOSS,84902.70425448337,-0.03968960960845484
2023-04-14,26.737268447875977,26.706916446685792,2,113.44525915615793,113.44525915615793,84982.4519617739,30.148669867444646,WIN,84982.4519617739,0.0
2023-04-17,26.9810791015625,27.004641132354738,2,102.36101106777026,97.64860490932263,85080.10056668322,27.09374224091847,LOSS,85080.10056668322,0.0
2023-04-18,27.64556312561035,27.250889892578126,2,103.41575194295787,103.41575194295787,85183.51631862618,27.123487535607936,WIN,85183.51631862618,0.0
2023-04-19,27.909360885620117,27.922018756866457,2,108.49402026477861,105.96244601551064,85289.4787646417,27.72913359995923,LOSS,85289.4787646417,0.0
2023-04-20,27.08300018310547,28.188454494476318,2,109.37136852398694,-111.71949375018286,85177.75927089152,27.691708163591535,LOSS,85289.4787646417,-0.130988599494751
2023-04-21,27.09798812866211,27.353830184936523,2,111.02229178947634,59.85388053459356,85237.6131514261,28.88579612287679,LOSS,85289.4787646417,-0.06081126765789337
2023-04-24,27.021047592163086,27.36896800994873,2,107.49626323490756,37.91217967777865,85275.52533110388,28.010126755674243,LOSS,85289.4787646417,-0.0163600877152936
2023-04-25,26.22066879272461,27.291258068084716,2,105.98526345079473,-108.13259162122652,85167.39273948266,27.71496831063989,LOSS,85289.4787646417,-0.14314312495206355
2023-04-26,26.93511390686035,26.482875480651856,2,106.80376807346468,106.80376807346468,85274.19650755613,28.713367961101767,WIN,85289.4787646417,-0.017918103506923688
2023-04-27,27.20490837097168,27.204465045928956,2,113.04554446938522,113.04554446938522,85387.24205202551,29.531511929536514,WIN,85387.24205202551,0.0
2023-04-28,27.727500915527344,27.476957454681397,2,112.5066210456839,112.5066210456839,85499.7486730712,29.12518046920682,WIN,85499.7486730712,0.0
2023-05-01,28.887601852416992,28.00477592468262,2,115.37260650048147,115.37260650048147,85615.12127957169,29.293307715771277,WIN,85615.12127957169,0.0
2023-05-02,28.188142776489258,29.176477870941163,2,127.20690706905606,-70.46011182132497,85544.66116775037,30.89773885902958,LOSS,85615.12127957169,-0.0822986766452551
2023-05-03,27.780460357666016,28.470024204254152,2,126.86367161244934,-11.0490977051779,85533.61207004519,31.539941595221613,LOSS,85615.12127957169,-0.09520422129676717
2023-05-04,27.540645599365234,28.058264961242678,2,124.4721260812471,20.948253705758418,85554.56032375095,31.407387566347357,LOSS,85615.12127957169,-0.07073628456704219
2023-05-05,28.65778350830078,27.816052055358888,2,121.74773119524009,121.74773119524009,85676.30805494619,31.01113710174234,WIN,85676.30805494619,0.0
2023-05-08,29.12841033935547,28.94436134338379,2,132.91548509198537,132.91548509198537,85809.22354003818,32.44888803999673,WIN,85809.22354003818,0.0
2023-05-09,28.54886245727539,29.419694442749023,2,134.63761488394115,-39.52878221078532,85769.6947578274,32.34428553208804,LOSS,85809.22354003818,-0.046065889632872045
2023-05-10,28.862625122070312,28.834351081848144,2,132.7949119211309,132.7949119211309,85902.48966974852,32.53799578409496,WIN,85902.48966974852,0.0
2023-05-11,28.555858612060547,29.151251373291014,2,131.0713321807663,11.992779934672797,85914.4824496832,31.808544928306866,LOSS,85914.4824496832,0.0
2023-05-12,28.31804084777832,28.84141719818115,2,130.49381745892236,25.818547378356158,85940.30099706155,31.997456681524866,LOSS,85940.30099706155,0.0
2023-05-15,28.93056869506836,28.601221256256103,2,129.75949883069822,129.75949883069822,86070.06049589225,32.07978120686289,WIN,86070.06049589225,0.0
2023-05-16,29.19036865234375,29.219874382019043,2,133.82692943766713,127.92578350260854,86197.98627939486,32.36801270865397,LOSS,86197.98627939486,0.0
2023-05-17,30.154617309570312,29.482272338867187,2,133.2311941459198,133.2311941459198,86331.21747354078,31.960705145597196,WIN,86331.21747354078,0.0
2023-05-18,31.653457641601562,30.456163482666017,2,141.2656746400157,141.2656746400157,86472.48314818079,32.757695705888835,WIN,86472.48314818079,0.0
2023-05-19,31.239776611328125,31.969992218017577,2,151.04393121241685,5.000809874526482,86477.48395805532,33.333725777443036,LOSS,86477.48395805532,0.0
2023-05-22,31.151844024658203,31.552174377441407,2,150.68346587141605,70.61739531477528,86548.1013533701,33.675359017040776,LOSS,86548.1013533701,0.0
2023-05-23,30.66422462463379,31.463362464904787,2,150.25722575192177,-9.570342302277766,86538.53101106783,33.674912751973864,LOSS,86548.1013533701,-0.011057830446451582
2023-05-24,30.514341354370117,30.970866870880126,2,144.33840155555833,53.033298253556524,86591.56430932139,32.90553102469008,LOSS,86591.56430932139,0.0
2023-05-25,37.95057678222656,30.819484767913817,2,142.55901862576508,142.55901862576508,86734.12332794715,32.672755134948446,WIN,86734.12332794715,0.0
2023-05-26,38.91582489013672,38.33008255004883,2,338.01981646452305,338.01981646452305,87072.14314441168,60.6844700939529,WIN,87072.14314441168,0.0
2023-05-30,40.07992172241211,39.304983139038086,2,346.72322619300047,346.72322619300047,87418.86637060468,60.702502955841716,WIN,87418.86637060468,0.0
2023-05-31,37.8046875,40.48072093963623,2,356.16582226643374,-179.0408656608119,87239.82550494387,60.54918952851889,LOSS,87418.86637060468,-0.20480803869244538
2023-06-01,39.73918914794922,38.182734375,2,343.63092825016133,343.63092825016133,87583.45643319403,61.89354831363048,WIN,87583.45643319403,0.0
2023-06-02,39.296531677246094,40.13658103942871,2,361.34078512912953,193.3309126926058,87776.78734588664,61.914509858420566,LOSS,87776.78734588664,0.0
2023-06-05,39.140647888183594,39.689496994018555,2,357.62469608682653,247.85487491983434,88024.64222080648,61.96650547900233,LOSS,88024.64222080648,0.0
2023-06-06,38.62405014038086,39.53205436706543,2,356.207225690481,174.60638035356737,88199.24860116004,61.9667042526846,LOSS,88199.24860116004,0.0
2023-06-07,37.449832916259766,39.01029064178467,2,353.311896197663,41.22035109268188,88240.46895225272,62.27599431765632,LOSS,88240.46895225272,0.0
2023-06-08,38.48414611816406,37.824331245422364,2,344.2589699888394,344.2589699888394,88584.72792224155,62.574159657305884,WIN,88584.72792224155,0.0
2023-06-09,38.74397659301758,38.868987579345706,2,354.016569474885,329.01437220925936,88913.74229445081,62.61706551065509,LOSS,88913.74229445081,0.0
2023-06-12,39.45549011230469,39.13141635894775,2,355.10005297614254,355.10005297614254,89268.84234742695,62.39398492199693,WIN,89268.84234742695,0.0
2023-06-13,40.99445724487305,39.85004501342773,2,360.22150813799396,360.22150813799396,89629.06385556495,62.15932408421652,WIN,89629.06385556495,0.0
2023-06-14,42.9681396484375,41.40440181732178,2,375.1537476319267,375.1537476319267,90004.21760319687,62.301592323250105,WIN,90004.21760319687,0.0
2023-06-15,42.624366760253906,43.397821044921876,2,394.7268571635999,240.03600023000587,90244.25360342687,62.53423600135944,LOSS,90244.25360342687,0.0
2023-06-16,42.663333892822266,43.05061042785645,2,392.94999859256296,315.4946915857265,90559.7482950126,62.748570087834665,LOSS,90559.7482950126,0.0
2023-06-20,43.77858352661133,43.089967231750485,2,391.658297314227,391.658297314227,90951.40659232682,62.49261464668124,WIN,90951.40659232682,0.0
2023-06-21,43.01610565185547,44.21636936187744,2,399.8970639426587,159.8443219382644,91111.25091426508,62.19052246121006,LOSS,91111.25091426508,0.0
2023-06-22,42.99610900878906,43.446266708374026,2,394.8125153990236,304.78097548203095,91416.03188974712,62.47965221462676,LOSS,91416.03188974712,0.0
2023-06-23,42.1806640625,43.426070098876956,2,392.81549729911353,143.7342900237224,91559.76617977084,62.20067188279282,LOSS,91559.76617977084,0.0
2023-06-26,40.6047248840332,42.602470703125,2,387.25914232446416,-12.290021493895267,91547.47615827694,62.497609796362546,LOSS,91559.76617977084,-0.013422949846518213
2023-06-27,41.84788513183594,41.010772132873534,2,223.1631032774101,223.1631032774101,91770.63926155436,38.12379076298339,WIN,91770.63926155436,0.0
2023-06-28,41.08938980102539,42.2663639831543,2,231.12441531636776,-4.270421109414002,91766.36884044495,38.30222481421801,LOSS,91770.63926155436,-0.004653363149447591
2023-06-29,40.79458999633789,41.50028369903564,2,225.6355095020562,84.49676896250605,91850.86560940745,38.092995116984454,LOSS,91850.86560940745,0.0
2023-06-30,42.27360153198242,41.20253589630127,2,207.78325656269692,207.78325656269692,92058.64886597016,35.46093266065979,WIN,92058.64886597016,0.0
2023-07-03,42.384517669677734,42.69633754730225,2,208.9901112676753,146.62613574277228,92205.27500171293,34.471075068181904,LOSS,92205.27500171293,0.0
2023-07-05,42.28858947753906,42.808362846374514,2,208.33394011533704,104.37926634824669,92309.65426806117,34.28310305194921,LOSS,92309.65426806117,0.0
2023-07-06,42.07473373413086,42.71147537231445,2,207.7270210352179,80.37869339849914,92390.03296145967,34.26192503500167,LOSS,92390.03296145967,0.0
2023-07-07,42.474456787109375,42.49548107147217,2,205.46843996431815,201.2635830917591,92591.29654455143,34.07200605039549,LOSS,92591.29654455143,0.0
2023-07-10,42.151676177978516,42.89920135498047,2,200.06861890150773,50.56358350111694,92641.86012805255,32.92713399641879,LOSS,92641.86012805255,0.0
2023-07-11,42.37653350830078,42.5731929397583,2,196.73439380480332,157.40250751329953,92799.26263556584,32.642511656099245,LOSS,92799.26263556584,0.0
2023-07-12,43.872520446777344,42.80029884338379,2,197.76195611830903,197.76195611830903,92997.02459168415,32.63909124635137,WIN,92997.02459168415,0.0
2023-07-13,45.946136474609375,44.311245651245116,2,209.23701945890963,209.23701945890963,93206.26161114307,33.31656571697665,WIN,93206.26161114307,0.0
2023-07-14,45.438472747802734,46.40559783935547,2,222.9491332618201,29.52411495127248,93235.78572609434,33.86686708618518,LOSS,93235.78572609434,0.0
2023-07-17,46.429805755615234,45.89285747528076,2,210.02668362504158,210.02668362504158,93445.81240971938,32.34436463229287,WIN,93445.81240971938,0.0
2023-07-18,47.46210861206055,46.894103813171384,2,215.8584953493526,215.8584953493526,93661.67090506874,32.52238959856285,WIN,93661.67090506874,0.0
2023-07-19,47.0453987121582,47.93672969818115,2,222.53311505139212,44.266917846802045,93705.93782291554,32.783734151468806,LOSS,93705.93782291554,0.0
2023-07-20,45.489437103271484,47.51585269927978,2,218.72588326329924,-186.55723593836052,93519.38058697717,32.52315055191134,LOSS,93705.93782291554,-0.19908795565433618
2023-07-21,44.27924728393555,45.9443314743042,2,217.20185396585387,-115.81498410787665,93403.5656028693,33.35341539984997,LOSS,93705.93782291554,-0.32268202749078284
2023-07-24,44.58204650878906,44.722039756774905,2,216.36102896593172,188.3623793687633,93591.92798223806,34.090981875369394,LOSS,93705.93782291554,-0.12166768011322006
2023-07-25,45.64833068847656,45.027866973876954,2,215.26117399031054,215.26117399031054,93807.18915622837,33.70828861788864,WIN,93807.18915622837,0.0
2023-07-26,45.42148971557617,46.104813995361326,2,211.65086191008083,74.98600595305004,93882.17516218142,32.43915270559051,LOSS,93882.17516218142,0.0
2023-07-27,45.86918640136719,45.87570461273194,2,207.00746929875805,205.70382702580815,94087.87898920722,31.916131179916473,LOSS,94087.87898920722,0.0
2023-07-28,46.7186164855957,46.32787826538086,2,205.51303046169943,205.51303046169943,94293.39201966893,31.406408816211254,WIN,94293.39201966893,0.0
2023-07-31,46.69762420654297,47.18580265045166,2,209.06584032078456,111.43015153904571,94404.82217120797,31.370590703712303,LOSS,94404.82217120797,0.0
2023-08-01,46.475772857666016,47.1646004486084,2,202.5934923582242,64.82797416974799,94469.65014537772,30.467135747953165,LOSS,94469.65014537772,0.0
2023-08-02,44.23928451538086,46.94053058624267,2,202.30070058679016,-337.9485135855725,94131.70163179214,30.562445338509633,LOSS,94469.65014537772,-0.35773236490821786
2023-08-03,44.485111236572266,44.68167736053467,2,209.9623359089632,170.64911111648212,94302.35074290862,33.16348518132776,LOSS,94469.65014537772,-0.17709328044683723
2023-08-04,44.64999771118164,44.92996234893799,2,210.79995967496075,154.80703212369065,94457.1577750323,33.114554396312386,LOSS,94469.65014537772,-0.013223686470932389
2023-08-07,45.386512756347656,45.09649768829346,2,211.31533269185186,211.31533269185186,94668.47310772416,33.07515426086414,WIN,94668.47310772416,0.0
2023-08-08,44.63401794433594,45.84037788391113,2,215.13364848274944,-26.138339432289285,94642.33476829187,33.12362645232166,LOSS,94668.47310772416,-0.027610395070540576
2023-08-09,42.525428771972656,45.0803581237793,2,213.98511017652996,-297.0007601847984,94345.33400810706,33.48199971716377,LOSS,94668.47310772416,-0.34133760586736483
2023-08-10,42.35954666137695,42.95068305969238,2,210.14920958190802,91.92192991882254,94437.25593802589,34.45771850362859,LOSS,94668.47310772416,-0.24423882852231635
2023-08-11,40.82756805419922,42.78314212799072,2,194.9716748051445,-196.14313995315612,94241.11279807273,32.215771590826606,LOSS,94668.47310772416,-0.45142833260353704
2023-08-14,43.72362518310547,41.23584373474121,2,193.49264090545012,193.49264090545012,94434.60543897818,33.11853112033202,WIN,94668.47310772416,-0.24703859803449119
2023-08-15,43.910499572753906,44.16086143493652,2,234.05776820400396,183.98539576748098,94618.59083474566,37.17879739847605,LOSS,94668.47310772416,-0.052691536412276266
2023-08-16,43.45680618286133,44.349604568481446,2,232.11765168950183,53.55797456547822,94672.14880931114,36.73586393716358,LOSS,94672.14880931114,0.0
2023-08-17,43.31489562988281,43.89137424468994,2,229.8125300944176,114.51680713299172,94786.66561644414,36.75004516781034,LOSS,94786.66561644414,0.0
2023-08-18,43.26992416381836,43.74804458618164,2,224.43070445487444,128.8066199822179,94915.47223642636,36.042815724824735,LOSS,94915.47223642636,0.0
2023-08-21,46.93546676635742,43.70262340545654,2,220.90474088794772,220.90474088794772,95136.3769773143,35.53944497953133,WIN,95136.3769773143,0.0
2023-08-22,45.637332916259766,47.404821434020995,2,275.13579547570447,-78.36190807654145,95058.01506923776,40.54474149170301,LOSS,95136.3769773143,-0.08236797591653137
2023-08-23,47.08436965942383,46.09370624542236,2,269.1989522949258,269.1989522949258,95327.2140215327,40.78718913317713,WIN,95327.2140215327,0.0
2023-08-24,47.13133239746094,47.555213356018065,2,281.71087204984576,196.93468033842026,95524.14870187112,41.345783491527385,LOSS,95524.14870187112,0.0
2023-08-25,45.98710632324219,47.60264572143555,2,281.7266663199384,-41.38121331873418,95482.76748855239,41.30856707113507,LOSS,95524.14870187112,-0.04332015922788391
2023-08-28,46.80355453491211,46.44697738647461,2,276.26174610012725,276.26174610012725,95759.02923465251,41.5062874265591,WIN,95759.02923465251,0.0
2023-08-29,48.75124740600586,47.271590080261234,2,282.5258161848383,282.5258161848383,96041.55505083734,41.69839513264613,WIN,96041.55505083734,0.0
2023-08-30,49.23093032836914,49.23875988006592,2,301.21959006395826,299.6536797246023,96341.20873056195,42.63953747482503,LOSS,96341.20873056195,0.0
2023-08-31,49.32187271118164,49.72323963165283,2,291.6119851822165,211.33860108797842,96552.54733164993,40.950514838285315,LOSS,96552.54733164993,0.0
2023-09-01,48.4764289855957,49.81509143829346,2,292.22352835226434,24.4910378127135,96577.03836946264,40.96028578849323,LOSS,96577.03836946264,0.0
2023-09-05,48.51540756225586,48.96119327545166,2,289.51647741185104,200.35933477269032,96777.39770423532,41.27439042332575,LOSS,96777.39770423532,0.0
2023-09-06,47.03327941894531,49.00056163787842,2,289.1072020951202,-104.34924169150122,96673.04846254383,41.18685373300853,LOSS,96777.39770423532,-0.10782397973791488
2023-09-07,46.21376037597656,47.503612213134765,2,283.64811117848626,25.677743746845692,96698.72620629067,41.66120919354548,LOSS,96777.39770423532,-0.08129118968985481
2023-09-08,45.54515838623047,46.67589797973633,2,269.0710673328024,42.923148631630795,96741.6493549223,40.282236889790525,LOSS,96777.39770423532,-0.036938737929572474
2023-09-11,45.151390075683594,46.000609970092775,2,266.4671422139864,96.62316333215017,96838.27251825444,40.469417731926356,LOSS,96838.27251825444,0.0
2023-09-12,44.843570709228516,45.60290397644043,2,257.3781049311344,105.51145148875145,96943.78396974319,39.475423616064525,LOSS,96943.78396974319,0.0
2023-09-13,45.45820999145508,45.2920064163208,2,233.82655389402478,233.82655389402478,97177.61052363721,36.26040776313735,WIN,97177.61052363721,0.0
2023-09-14,45.55415344238281,45.91279209136963,2,237.75331460337895,166.02558480601516,97343.63610844323,36.36544237706366,LOSS,97343.63610844323,0.0
2023-09-15,43.87413787841797,46.00969497680664,2,237.38940914874593,-189.7220105289888,97153.91409791424,36.23974373645249,LOSS,97343.63610844323,-0.19489924366255834
2023-09-18,43.94009780883789,44.31287925720215,2,236.0692296713172,161.5129399984657,97315.42703791271,37.360573748767855,LOSS,97343.63610844323,-0.02897885435375634
2023-09-19,43.494361877441406,44.37949878692627,2,236.40308310434114,59.37570120736842,97374.80273912007,37.357404960754685,LOSS,97374.80273912007,0.0
2023-09-20,42.2141227722168,43.92930549621582,2,192.51764552151715,-150.51889927828708,97224.28383984178,31.04824574194506,LOSS,97374.80273912007,-0.15457684641637037
2023-09-21,40.992835998535156,42.63626399993897,2,187.43259913917137,-141.25300114159108,97083.03083870019,31.139379766289828,LOSS,97374.80273912007,-0.29963798869157493
2023-09-22,41.585487365722656,41.40276435852051,2,176.77812996302583,176.77812996302583,97259.80896866322,30.295189014943027,WIN,97374.80273912007,-0.11809397012586693
2023-09-25,42.19712829589844,42.00134223937988,2,181.88989299459922,181.88989299459922,97441.69886165782,30.701734184610295,WIN,97441.69886165782,0.0
2023-09-26,41.88631057739258,42.61909957885742,2,184.7196829757246,38.161882682755675,97479.86074434058,30.725959271865356,LOSS,97479.86074434058,0.0
2023-09-27,42.4429817199707,42.3051736831665,2,179.9720819608387,179.9720819608387,97659.83282630141,30.191111728559417,WIN,97659.83282630141,0.0
2023-09-28,43.06361770629883,42.86741153717041,2,168.00898499746685,168.00898499746685,97827.84181129887,27.95401703375095,WIN,97827.84181129887,0.0
2023-09-29,43.47338104248047,43.494253883361814,2,171.95822858991613,167.783660413647,97995.62547171253,28.183255078430836,LOSS,97995.62547171253,0.0
2023-10-02,44.755619049072266,43.90811485290527,2,175.10584359038444,175.10584359038444,98170.73131530291,28.413208259975555,WIN,98170.73131530291,0.0
2023-10-03,43.49135971069336,45.20317523956299,2,188.59800263077665,-153.76510314314908,98016.96621215976,29.643911912150962,LOSS,98170.73131530291,-0.15663029202592496
2023-10-04,44.01506042480469,43.926273307800294,2,187.1597282420931,187.1597282420931,98204.12594040186,30.235408491996715,WIN,98204.12594040186,0.0
2023-10-05,44.66167449951172,44.455211029052734,2,186.25292321949144,186.25292321949144,98390.37886362136,29.76046526111903,WIN,98390.37886362136,0.0
2023-10-06,45.735042572021484,45.10829124450684,2,189.46331082683997,189.46331082683997,98579.8421744482,29.830693109077195,WIN,98579.8421744482,0.0
2023-10-09,45.24633026123047,46.1923929977417,2,197.15881603871895,7.946268736472916,98587.78844318468,30.285111951574066,LOSS,98587.78844318468,0.0
2023-10-10,45.77102279663086,45.69879356384278,2,195.354326722744,195.354326722744,98783.14276990743,30.329303461077505,WIN,98783.14276990743,0.0
2023-10-11,46.77842712402344,46.22873302459717,2,198.07234200185752,198.07234200185752,98981.21511190929,30.394711226110513,WIN,98981.21511190929,0.0
2023-10-12,46.91735076904297,47.24621139526367,2,204.4924905801855,138.72036533604498,99119.93547724534,30.686082416332848,LOSS,99119.93547724534,0.0
2023-10-13,45.43421936035156,47.3865242767334,2,205.11138455317948,-185.34959872318737,98934.58587852215,30.68771601296175,LOSS,99119.93547724534,-0.18699527782252984
2023-10-16,46.06785202026367,45.88856155395508,2,195.83491141144867,195.83491141144867,99130.4207899336,30.28116839296436,WIN,99130.4207899336,0.0
2023-10-17,43.9121208190918,46.528530540466306,2,199.5930929302226,-323.6888513446793,98806.73193858893,30.428629460162032,LOSS,99130.4207899336,-0.32652827332449424
2023-10-18,42.171146392822266,44.351242027282716,2,204.94055607364245,-231.07857081844756,98575.65336777049,32.640951785341045,LOSS,99130.4207899336,-0.5596338820539455
2023-10-19,42.076202392578125,42.59285785675049,2,201.02009672869272,97.68900389421944,98673.34237166471,33.30045417066239,LOSS,99130.4207899336,-0.461087943162761
2023-10-20,41.36262130737305,42.49696441650391,2,195.39007837829237,-31.478543447879673,98641.86382821682,32.48656033658159,LOSS,99130.4207899336,-0.492842618667054
2023-10-23,42.94968795776367,41.77624752044678,2,192.82045998992973,192.82045998992973,98834.68428820676,32.60554315137233,WIN,99130.4207899336,-0.29833072367718316
2023-10-24,43.63728332519531,43.379184837341306,2,207.50441085052236,207.50441085052236,99042.18869905728,33.727533068908,WIN,99130.4207899336,-0.0890060691493413
2023-10-25,41.754390716552734,44.073656158447264,2,211.5306380495672,-252.32245032933872,98789.86624872794,33.8342764925454,LOSS,99130.4207899336,-0.34354191023493513
2023-10-26,40.30224609375,42.171934623718265,2,211.95386258972997,-161.983843403923,98627.88240532401,35.34718601074059,LOSS,99130.4207899336,-0.5069466876111809
2023-10-27,40.47614669799805,40.7052685546875,2,208.60824599622342,162.78387465833285,98790.66627998234,36.007892381036484,LOSS,99130.4207899336,-0.34273486104859296
2023-10-30,41.13675308227539,40.88090816497803,2,209.00421832587463,209.00421832587463,98999.67049830822,35.92550649617084,WIN,99130.4207899336,-0.13189724262591282
2023-10-31,40.755977630615234,41.54812061309814,2,208.93226160280585,50.50366510622433,99050.17416341444,35.36546051582775,LOSS,99130.4207899336,-0.08095055572215458
2023-11-01,42.30007553100586,41.163537406921385,2,204.04156295730908,204.04156295730908,99254.21572637175,34.88560261909959,WIN,99254.21572637175,0.0
2023-11-02,43.480369567871094,42.723076286315916,2,219.0748942448414,219.0748942448414,99473.2906206166,36.0275468551029,WIN,99473.2906206166,0.0
2023-11-03,44.97848892211914,43.9151732635498,2,228.25109897361563,228.25109897361563,99701.54171959021,36.49355896103445,WIN,99701.54171959021,0.0
2023-11-06,45.72404861450195,45.42827381134033,2,239.35642047915584,239.35642047915584,99940.89814006937,36.97015621779078,WIN,99940.89814006937,0.0
2023-11-07,45.92793273925781,46.18128910064697,2,244.09878847395552,193.42751619612378,100134.3256562655,37.08224002107248,LOSS,100134.3256562655,0.0
2023-11-08,46.54656982421875,46.38721206665039,2,244.64223011015943,244.64223011015943,100378.96788637566,37.003751335373956,WIN,100378.96788637566,0.0
2023-11-09,46.922340393066406,47.01203552246094,2,246.3522970245091,228.41327114560212,100607.38115752126,36.778490772343375,LOSS,100607.38115752126,0.0
2023-11-10,48.3065299987793,47.39156379699707,2,248.63196819434705,248.63196819434705,100856.0131257156,36.81949286660742,WIN,100856.0131257156,0.0
2023-11-13,48.59136199951172,48.78959529876709,2,253.95260608518572,214.30594623411156,101070.3190719497,36.54373903249554,LOSS,101070.3190719497,0.0
2023-11-14,49.626747131347656,49.077275619506835,2,254.8389935332252,254.8389935332252,101325.15806548293,36.460567508987424,WIN,101325.15806548293,0.0
2023-11-15,48.85920715332031,50.12301460266114,2,245.83323529188402,-6.928254576280779,101318.22981090665,34.53651833037998,LOSS,101325.15806548293,-0.006837644972442103
2023-11-16,49.45085525512695,49.34779922485352,2,231.13487282717645,231.13487282717645,101549.36468373382,33.0614254003666,WIN,101549.36468373382,0.0
2023-11-17,49.26896667480469,49.94536380767822,2,233.32843800237364,98.04901142766718,101647.41369516148,32.98046205012428,LOSS,101647.41369516148,0.0
2023-11-20,50.37930679321289,49.76165634155274,2,228.95740621411073,228.95740621411073,101876.37110137558,32.508865854500584,WIN,101876.37110137558,0.0
2023-11-21,49.91457748413086,50.88309986114502,2,229.034183053549,35.3297076507169,101911.7008090263,31.841500890843943,LOSS,101911.7008090263,0.0
2023-11-22,48.68730163574219,50.41372325897217,2,228.4868871136225,-116.79743753237383,101794.90337149393,32.04894545137667,LOSS,101911.7008090263,-0.1146065040669242
2023-11-24,47.747859954833984,49.17417465209961,2,211.36924976904288,-73.893689684082,101721.00968180985,30.486660550717883,LOSS,101911.7008090263,-0.18711406610098882
2023-11-27,48.21358108520508,48.225338554382326,2,198.49383785527124,196.14234401982173,101917.15202582968,29.26804289498716,LOSS,101917.15202582968,0.0
2023-11-28,47.79282760620117,48.69571689605713,2,200.26701248719817,19.689154516006937,101936.84118034568,29.24569664462752,LOSS,101936.84118034568,0.0
2023-11-29,48.11164855957031,48.27075588226318,2,200.40348212102774,168.58201758245403,102105.42319792813,29.506460323476205,LOSS,102105.42319792813,0.0
2023-11-30,46.74244689941406,48.59276504516602,2,199.2277799952823,-170.8358491551089,101934.58734877303,29.161032399339305,LOSS,102105.42319792813,-0.1673131982656244
2023-12-01,46.737449645996094,47.2098713684082,2,195.84648116456515,101.36213668214361,102035.94948545517,29.484869852788297,LOSS,102105.42319792813,-0.06804115814522951
2023-12-04,45.48318862915039,47.204824142456054,2,191.45787448042205,-152.8692281807107,101883.08025727446,28.866748561932184,LOSS,102105.42319792813,-0.21775820880999586
2023-12-05,46.542667388916016,45.93802051544189,2,184.71549453278095,184.71549453278095,102067.79575180724,28.633435639401142,WIN,102105.42319792813,-0.03685156472830664
2023-12-06,45.480194091796875,47.00809406280518,2,191.18600713799805,-114.39398706366251,101953.40176474357,28.941507710784805,LOSS,102105.42319792813,-0.14888673727924806
2023-12-07,46.57264709472656,45.93499603271484,2,190.98677911880668,190.98677911880668,102144.38854386237,29.547263937778183,WIN,102144.38854386237,0.0
2023-12-08,47.48219299316406,47.03837356567383,2,198.71157487239782,198.71157487239782,102343.10011873477,29.992819978271008,WIN,102343.10011873477,0.0
2023-12-11,46.603633880615234,47.957014923095706,2,204.98791250141983,-65.68829599467443,102277.41182274009,30.32652933527948,LOSS,102343.10011873477,-0.06418439144258123
2023-12-12,47.633113861083984,47.06967021942139,2,196.7667215271076,196.7667215271076,102474.1785442672,29.698025548613266,WIN,102474.1785442672,0.0
2023-12-13,48.06390380859375,48.10944499969482,2,205.04398138843075,195.9357431682162,102670.11428743541,30.24384047908807,LOSS,102670.11428743541,0.0
2023-12-14,48.325767517089844,48.54454284667969,2,203.69177912254264,159.93671320457344,102830.05100063999,29.802559513628328,LOSS,102830.05100063999,0.0
2023-12-15,48.865501403808594,48.80902519226074,2,203.38940411583891,203.38940411583891,103033.44040475582,29.609279457546805,WIN,103033.44040475582,0.0
2023-12-18,50.051902770996094,49.35415641784668,2,205.47077829434448,205.47077829434448,103238.91118305016,29.58353255665127,WIN,103238.91118305016,0.0
2023-12-19,49.57913589477539,50.55242179870606,2,215.18549749956054,20.52831671342733,103259.4394997636,30.20809002853256,LOSS,103259.4394997636,0.0
2023-12-20,48.086883544921875,50.074927253723146,2,209.76724223039963,-187.84149952985462,103071.59800023375,29.756400211395075,LOSS,103259.4394997636,-0.18191218201439274
2023-12-21,48.965450286865234,48.5677523803711,2,209.58791257602965,209.58791257602965,103281.18591280977,30.600180443853738,WIN,103281.18591280977,0.0
2023-12-22,48.80553436279297,49.45510478973389,2,211.68415626105198,81.77007087286822,103362.95598368264,30.366080757421734,LOSS,103362.95598368264,0.0
2023-12-26,49.25429916381836,49.293589706420896,2,207.8495641178667,199.9914555973594,103562.94743928,29.940090684483245,LOSS,103562.94743928,0.0
2023-12-27,49.392234802246094,49.74684215545654,2,209.68476148586416,138.7632908437747,103701.71073012378,29.929888579710386,LOSS,103701.71073012378,0.0
2023-12-28,49.4971809387207,49.88615715026855,2,209.41058591301677,131.61534360344697,103833.32607372724,29.8145347863443,LOSS,103833.32607372724,0.0
2023-12-29,49.4971809387207,49.99215274810791,2,209.64989784921082,110.65553597176896,103943.98160969901,29.7870557384025,LOSS,103943.98160969901,0.0
2024-01-02,48.14385986328125,49.99215274810791,2,201.45401360121573,-168.20456336411675,103775.7770463349,28.69182813739465,LOSS,103943.98160969901,-0.1618223207916974
2024-01-03,47.5451545715332,48.62529846191406,2,203.3751557556834,-12.653622320488637,103763.12342401441,29.71250565893459,LOSS,103943.98160969901,-0.1739958224456966
2024-01-04,47.97394943237305,48.02060611724853,2,195.6701888719304,186.3388518968331,103949.46227591124,28.992453650507734,LOSS,103949.46227591124,0.0
2024-01-05,49.07239532470703,48.45368892669678,2,193.90269430082174,193.90269430082174,104143.36497021206,28.50545616508986,WIN,104143.36497021206,0.0
2024-01-08,52.226802825927734,49.5631192779541,2,196.01476302524645,196.01476302524645,104339.3797332373,28.191714303624124,WIN,104339.3797332373,0.0
2024-01-09,53.11336898803711,52.74907085418701,2,236.26926330803713,236.26926330803713,104575.64899654535,31.694083793769416,WIN,104575.64899654535,0.0
2024-01-10,54.322757720947266,53.64450267791748,2,239.77537859771837,239.77537859771837,104815.42437514308,31.63124076610506,WIN,104815.42437514308,0.0
2024-01-11,54.794525146484375,54.86598529815674,2,242.00476636316628,227.7127360286939,105043.13711117177,31.237918865424753,LOSS,105043.13711117177,0.0
2024-01-12,54.682579040527344,55.34247039794922,2,242.31810066467142,110.33982918029602,105153.47694035208,31.022041348953106,LOSS,105153.47694035208,0.0
2024-01-16,56.35374450683594,55.229404830932616,2,242.47412740015727,242.47412740015727,105395.95106775223,31.100796463415875,WIN,105395.95106775223,0.0
2024-01-17,56.02490997314453,56.9172819519043,2,254.52623718856753,76.05184143661373,105472.00290918884,31.6456169949697,LOSS,105472.00290918884,0.0
2024-01-18,57.0783805847168,56.585159072875975,2,254.41941168557003,254.41941168557003,105726.42232087441,31.80835070419982,WIN,105726.42232087441,0.0
2024-01-19,59.461185455322266,57.64916439056397,2,257.83532890597724,257.83532890597724,105984.25764978038,31.64981360134394,WIN,105984.25764978038,0.0
2024-01-22,59.624107360839844,60.05579730987549,2,275.82485823596875,189.48686842884007,106173.74451820922,32.453611056164846,LOSS,106173.74451820922,0.0
2024-01-23,59.84299850463867,60.22034843444824,2,262.53850892257054,187.06852296065682,106360.81304116988,30.895855742145354,LOSS,106360.81304116988,0.0
2024-01-24,61.33124542236328,60.44142848968506,2,263.4090518270092,263.4090518270092,106624.22209299689,30.885545102020032,WIN,106624.22209299689,0.0
2024-01-25,61.58612060546875,61.94455787658691,2,269.86772375298267,198.18026952935008,106822.40236252623,30.875612637591054,LOSS,106822.40236252623,0.0
2024-01-26,61.00041580200195,62.20198181152344,2,271.46596978490584,31.152767880608735,106853.55513040684,30.92681609670965,LOSS,106853.55513040684,0.0
2024-01-29,62.43368911743164,61.61041996002197,2,272.26539985308546,272.26539985308546,107125.82053025992,31.293441332514462,WIN,107125.82053025992,0.0
2024-01-30,62.74253845214844,63.05802600860596,2,279.2646859865766,216.16717469507273,107341.987704955,31.357229773840377,LOSS,107341.987704955,0.0
2024-01-31,61.49616622924805,63.369963836669925,2,279.7374311913537,-95.02209029302185,107246.96561466198,31.26143038909052,LOSS,107341.987704955,-0.0885227601283087
2024-02-01,62.99541473388672,62.11112789154053,2,269.00161437585604,269.00161437585604,107515.96722903784,30.70440373552611,WIN,107515.96722903784,0.0
2024-02-02,66.12684631347656,63.62536888122558,2,269.94280032244603,269.94280032244603,107785.91002936028,30.1146364075848,WIN,107785.91002936028,0.0
2024-02-05,69.29725646972656,66.78811477661132,2,295.38522529495526,295.38522529495526,108081.29525465524,31.317331405247465,WIN,108081.29525465524,0.0
2024-02-06,68.18881225585938,69.99022903442383,2,319.104106349371,-41.17924936352074,108040.11600529173,32.2295238568594,LOSS,108081.29525465524,-0.038100255244434784
2024-02-07,70.0638656616211,68.87070037841796,2,299.8586812483176,299.8586812483176,108339.97468654004,30.857814716442597,WIN,108339.97468654004,0.0
2024-02-08,69.60609436035156,70.7645043182373,2,310.04220226607396,78.36021068892643,108418.33489722897,31.040773300926244,LOSS,108418.33489722897,0.0
2024-02-09,72.09685516357422,70.30215530395508,2,311.3527743585657,311.3527743585657,108729.68767158754,31.357805459568617,WIN,108729.68767158754,0.0
2024-02-12,72.2117919921875,72.81782371520997,2,327.73719485538874,206.53085025089507,108936.21852183844,31.838820976525,LOSS,108936.21852183844,0.0
2024-02-13,72.09185791015625,72.93390991210937,2,327.1348438574611,158.72444346683687,109094.94296530528,31.73579002885644,LOSS,109094.94296530528,0.0
2024-02-14,73.86297607421875,72.81277648925781,2,325.8610078234622,325.8610078234622,109420.80397312874,31.668766329584358,WIN,109420.80397312874,0.0
2024-02-15,72.62157440185547,74.60160583496094,2,331.15162114534246,-64.85466547575083,109355.94930765299,31.425641438541074,LOSS,109420.80397312874,-0.05927087274160296
2024-02-16,72.57661437988281,73.34779014587403,2,334.9920214541147,180.75686825587138,109536.70617590887,32.282341119796904,LOSS,109536.70617590887,0.0
2024-02-20,69.41719818115234,73.30238052368163,2,326.31330502212376,-450.72316348373437,109085.98301242513,31.510294444671526,LOSS,109536.70617590887,-0.41148139214621343
2024-02-21,67.43819427490234,70.11137016296387,2,338.78409445504633,-195.85108315725802,108890.13192926787,34.05209334779361,LOSS,109536.70617590887,-0.590280892327221
2024-02-22,78.49864196777344,68.11257621765137,2,339.96872489714457,339.96872489714457,109230.10065416501,35.115578553614114,WIN,109536.70617590887,-0.279911211910523
2024-02-23,78.77749633789062,79.28362838745117,2,565.6818208199786,464.4554109078689,109694.55606507289,49.43618966420187,LOSS,109694.55606507289,0.0
2024-02-26,79.0523681640625,79.56527130126953,2,567.7562412406844,465.1756137992778,110159.73167887217,49.441640749025595,LOSS,110159.73167887217,0.0
2024-02-27,78.66155242919922,79.84289184570312,2,567.253124230557,330.9852409297764,110490.71691980194,49.23379048766231,LOSS,110490.71691980194,0.0
2024-02-28,77.62406921386719,79.44816795349121,2,565.7195384747876,200.89979054998355,110691.61671035193,49.340645661907196,LOSS,110691.61671035193,0.0
2024-02-29,79.0723648071289,78.40030990600586,2,561.5570555990179,561.5570555990179,111253.17376595094,49.621746875359484,WIN,111253.17376595094,0.0
2024-03-01,82.23775482177734,79.8630884552002,2,566.2112445765925,566.2112445765925,111819.38501052753,49.13463476135396,WIN,111819.38501052753,0.0
2024-03-04,85.19428253173828,83.06013236999512,2,592.3312849674355,592.3312849674355,112411.71629549497,49.41241741591024,WIN,112411.71629549497,0.0
2024-03-05,85.9249496459961,86.04622535705566,2,608.66017176978,584.4050295578666,112996.12132505284,49.026863176340704,LOSS,112996.12132505284,0.0
2024-03-06,88.65970611572266,86.78419914245606,2,605.9957313341765,605.9957313341765,113602.11705638701,48.419917877495024,WIN,113602.11705638701,0.0
2024-03-07,92.62689971923828,89.54630317687989,2,622.1711860857006,622.1711860857006,114224.28824247271,48.18776971717205,WIN,114224.28824247271,0.0
2024-03-08,87.48824310302734,93.55316871643066,2,655.2195390060853,-557.7655836745784,113666.52265879813,48.55970229451039,LOSS,114224.28824247271,-0.4883073401084115
2024-03-11,85.73503112792969,88.36312553405762,2,646.5538139058643,120.93493268027862,113787.4575914784,50.652685686030615,LOSS,114224.28824247271,-0.38243236855808865
2024-03-12,91.87125396728516,86.59238143920898,2,635.7019482764742,635.7019482764742,114423.15953975488,50.81506021862606,WIN,114423.15953975488,0.0
2024-03-13,90.84671783447266,92.78996650695801,2,703.4014018015457,314.75166730447506,114737.91120705935,52.4134492668543,LOSS,114737.91120705935,0.0
2024-03-14,87.90404510498047,91.75518501281738,2,697.7796698178115,-72.4483117495704,114665.46289530979,52.57526587558303,LOSS,114737.91120705935,-0.06314243564956219
2024-03-15,87.7970962524414,88.78308555603027,2,685.179702938174,487.98184222040084,115153.44473753018,53.327889535267786,LOSS,115153.44473753018,0.0
2024-03-18,88.41481018066406,88.67506721496582,2,680.8990623096587,628.8476554493069,115782.29239297949,53.06820153622483,LOSS,115782.29239297949,0.0
2024-03-19,89.35740661621094,89.2989582824707,2,685.0163120395284,685.0163120395284,116467.30870501902,53.01782764182242,WIN,116467.30870501902,0.0
2024-03-20,90.33094787597656,90.25098068237305,2,673.6274631110242,673.6274631110242,117140.93616813005,51.634226581314216,WIN,117140.93616813005,0.0
2024-03-21,91.3934555053711,91.23425735473633,2,669.4107097767574,669.4107097767574,117810.3468779068,50.788061730039985,WIN,117810.3468779068,0.0
2024-03-22,94.24617004394531,92.30739006042481,2,495.69479761701746,495.69479761701746,118306.04167552383,37.64594457702575,WIN,118306.04167552383,0.0
2024-03-25,94.9588394165039,95.18863174438476,2,516.1346189240843,470.17615334791265,118776.21782887174,37.99456806538793,LOSS,118776.21782887174,0.0
2024-03-26,92.5189437866211,95.90842781066894,2,519.7020661201916,-158.19473868937757,118618.02309018237,37.97120205962776,LOSS,118776.21782887174,-0.133187216751837
2024-03-27,90.20899963378906,93.4441332244873,2,516.4154790847048,-130.6112390549432,118487.41185112743,38.690896731942125,LOSS,118776.21782887174,-0.24315135051733414
2024-03-28,90.31495666503906,91.11108963012695,2,509.6135573349141,350.38696431733564,118837.79881544477,39.13754677718039,LOSS,118837.79881544477,0.0
2024-04-01,90.32194519042969,91.21810623168945,2,509.4321768656338,330.1999686136819,119167.99878405845,39.080425102140204,LOSS,119167.99878405845,0.0
2024-04-02,89.41136169433594,91.22516464233398,2,498.81915175753807,136.0585621579297,119304.05734621637,38.30033451894883,LOSS,119304.05734621637,0.0
2024-04-03,88.92359161376953,90.3054753112793,2,485.7356769072903,209.35893740533754,119513.41628362171,37.70447887625761,LOSS,119513.41628362171,0.0
2024-04-04,85.865966796875,89.81282752990722,2,483.3316931569451,-306.04045344949975,119207.37583017221,37.72276760272294,LOSS,119513.41628362171,-0.25607204861689076
2024-04-05,87.968017578125,86.72462646484375,2,468.8695203782732,468.8695203782732,119676.24535055048,37.88893344849437,WIN,119676.24535055048,0.0
2024-04-08,87.09341430664062,88.84769775390625,2,465.8168339065368,114.96014445341257,119791.20549500389,36.79634498029037,LOSS,119791.20549500389,0.0
2024-04-09,85.3152084350586,87.96434844970703,2,430.7221417636076,-99.10586116607999,119692.0996338378,34.482777386363466,LOSS,119791.20549500389,-0.08273216782196756
2024-04-10,86.99945831298828,86.16836051940918,2,422.09608946682204,422.09608946682204,120114.19572330463,34.495809866857044,WIN,120114.19572330463,0.0
2024-04-11,90.57484436035156,87.86945289611816,2,368.57040744012573,368.57040744012573,120482.76613074476,29.79284431476957,WIN,120482.76613074476,0.0
2024-04-12,88.14593505859375,91.48059280395508,2,408.24643447658076,-258.6851145956845,120224.08101614907,31.584116623807578,LOSS,120482.76613074476,-0.21470715099201113
2024-04-15,85.96192932128906,89.02739440917969,2,392.8266623810165,-220.26635519710942,120003.81466095196,31.248543116091984,LOSS,120482.76613074476,-0.3975269535835936
2024-04-16,87.37528991699219,86.82154861450195,2,390.91192105437005,390.91192105437005,120394.72658200633,31.85013231462004,WIN,120482.76613074476,-0.07307231695102752
2024-04-17,83.996826171875,88.24904281616212,2,400.33749496854557,-450.1058338888778,119944.62074811745,32.07710718451668,LOSS,120482.76613074476,-0.4466575593419934
2024-04-18,84.63253021240234,84.83679443359375,2,399.4465158286537,358.59367159037197,120303.21441970782,33.225888552080725,LOSS,120482.76613074476,-0.14902688309969186
2024-04-19,76.16539001464844,85.47885551452637,2,401.52660428649745,-1461.1664956890895,118842.04792401873,33.15218931301385,LOSS,120482.76613074476,-1.3617866350657692
2024-04-22,79.48188781738281,76.92704391479492,2,437.6172264127138,437.6172264127138,119279.66515043144,39.7749335164803,WIN,120482.76613074476,-0.998566864747898
2024-04-23,82.38555908203125,80.27670669555664,2,465.59396090994574,465.59396090994574,119745.25911134138,40.51736115552985,WIN,120482.76613074476,-0.61212656638631
2024-04-24,79.64080047607422,83.20941467285157,2,496.0574935361985,-217.66534581927084,119527.5937655221,41.597542449943546,LOSS,120482.76613074476,-0.7927875462172922
2024-04-25,82.59446716308594,80.43720848083497,2,482.1270440485157,482.1270440485157,120009.72080957062,41.813164522374706,WIN,120482.76613074476,-0.39262488434304715
2024-04-26,87.69515228271484,83.4204118347168,2,510.77718481510175,510.77718481510175,120520.49799438572,42.67559977759167,WIN,120520.49799438572,0.0
2024-04-29,87.7171401977539,88.572103805542,2,573.4835082436862,402.4907866860675,120922.98878107179,45.026050133367754,LOSS,120922.98878107179,0.0
2024-04-30,86.36275482177734,88.59431159973144,2,573.6296813648321,127.31832577401269,121050.30710684581,45.026229816640196,LOSS,121050.30710684581,0.0
2024-05-01,83.00326538085938,87.22638236999512,2,565.6876933551116,-278.93570447203774,120771.37140237377,45.096313361564015,LOSS,121050.30710684581,-0.23042957191825533
2024-05-02,85.77801513671875,83.83329803466798,2,552.9566315031392,552.9566315031392,121324.32803387691,45.83534520164997,WIN,121324.32803387691,0.0
2024-05-03,88.74866485595703,86.63579528808594,2,571.9494513108557,571.9494513108557,121896.27748518776,45.874502544822604,WIN,121896.27748518776,0.0
2024-05-06,92.09813690185547,89.6361515045166,2,595.9229417744262,595.9229417744262,122492.20042696218,46.18497933163796,WIN,122492.20042696218,0.0
2024-05-07,90.51286315917969,93.01911827087402,2,626.4710569311126,125.22003459224663,122617.42046155443,46.763647090850085,LOSS,122617.42046155443,0.0
2024-05-08,90.37092590332031,91.41799179077148,2,614.6580578883927,405.244880398159,123022.66534195258,46.68840509866959,LOSS,123022.66534195258,0.0
2024-05-09,88.7066879272461,91.27463516235352,2,611.8969284835599,98.30748146207486,123120.97282341466,46.55686129105489,LOSS,123120.97282341466,0.0
2024-05-10,89.83716583251953,89.59375480651856,2,592.019190335687,592.019190335687,123712.99201375035,45.91491472825285,WIN,123712.99201375035,0.0
2024-05-13,90.35794067382812,90.73553749084472,2,595.0930700871837,519.5737066838647,124232.56572043421,45.585745377091385,LOSS,124232.56572043421,0.0
2024-05-14,91.31450653076172,91.26152008056641,2,593.108470423821,593.108470423821,124825.67419085803,45.18794543913312,WIN,124825.67419085803,0.0
2024-05-15,94.58700561523438,92.22765159606934,2,598.4573745132874,598.4573745132874,125424.13156537131,45.1205819942262,WIN,125424.13156537131,0.0
2024-05-16,94.3161392211914,95.53287567138672,2,612.592078611263,369.2447885722004,125793.37635394352,44.609217979111605,LOSS,125793.37635394352,0.0
2024-05-17,92.4369888305664,95.25930061340333,2,611.5064754474124,47.04411888002846,125840.42047282355,44.65611109561984,LOSS,125840.42047282355,0.0
2024-05-20,94.73694610595703,93.36135871887207,2,502.83973424700116,502.83973424700116,126343.26020707055,37.752210127233326,WIN,126343.26020707055,0.0
2024-05-21,95.34266662597656,95.6843155670166,2,505.6376029243536,437.3078147163467,126780.5680217869,37.07403200418044,LOSS,126780.5680217869,0.0
2024-05-22,94.90686798095703,96.29609329223634,2,500.247470247866,222.40240799200512,127002.9704297789,36.47581085144889,LOSS,127002.9704297789,0.0
2024-05-23,103.7518539428711,95.8559366607666,2,480.0308476872113,480.0308476872113,127483.00127746612,35.22620491476577,WIN,127483.00127746612,0.0
2024-05-24,106.4206314086914,104.78937248229981,2,595.6640663159785,595.6640663159785,128078.6653437821,39.745962076629006,WIN,128078.6653437821,0.0
2024-05-28,113.84925079345703,107.48483772277832,2,584.6987875751873,584.6987875751873,128663.36413135727,38.11211934739664,WIN,128663.36413135727,0.0
2024-05-29,114.77283477783203,114.9877433013916,2,663.5000014915795,620.5182967796651,129283.88242813695,40.319059671030956,LOSS,129283.88242813695,0.0
2024-05-30,110.4498062133789,115.92056312561036,2,659.2246990775186,-434.9266833687716,128848.95574476817,39.76247663253626,LOSS,129283.88242813695,-0.3364121460465333
2024-05-31,109.58320617675781,111.55430427551269,2,632.9272942761145,238.7076745251386,129087.66341929331,39.674619558449564,LOSS,129283.88242813695,-0.15177375954245653
2024-06-03,114.94775390625,110.6790382385254,2,628.887725513763,628.887725513763,129716.55114480708,39.73053899600963,WIN,129716.55114480708,0.0
2024-06-04,116.38411712646484,116.0972314453125,2,669.1364433097826,669.1364433097826,130385.68758811685,40.275010634678964,WIN,130385.68758811685,0.0
2024-06-05,122.38436889648438,117.5479582977295,2,670.2924144281895,670.2924144281895,131055.98000254504,39.86551004342173,WIN,131055.98000254504,0.0
2024-06-06,120.94303131103516,123.60821258544922,2,710.2966431987442,177.26038831593075,131233.24039086097,40.15989331746805,LOSS,131233.24039086097,0.0
2024-06-07,120.83308410644531,122.1524616241455,2,707.3312892386709,443.455785698633,131676.6961765596,40.45521443444399,LOSS,131676.6961765596,0.0
2024-06-10,121.73467254638672,122.04141494750976,2,696.0472657567645,634.6987855321554,132311.39496209176,39.87272822339448,LOSS,132311.39496209176,0.0
2024-06-11,120.86500549316406,122.95201927185059,2,701.9907845914386,284.5880288541334,132595.9829909459,39.91347933848825,LOSS,132595.9829909459,0.0
2024-06-12,125.15339660644531,122.0736555480957,2,702.0186915131675,702.0186915131675,133298.00168245906,40.189453618172266,WIN,133298.00168245906,0.0
2024-06-13,129.56175231933594,126.40493057250977,2,731.4296111877102,731.4296111877102,134029.43129364678,40.42742268599389,WIN,134029.43129364678,0.0
2024-06-14,131.8309326171875,130.8573698425293,2,756.8921895641747,756.8921895641747,134786.32348321096,40.412055007996386,WIN,134786.32348321096,0.0
2024-06-17,130.93125915527344,133.14924194335939,2,765.0817176480788,321.48516003088923,135107.80864324185,40.157832945202216,LOSS,135107.80864324185,0.0
2024-06-18,135.529541015625,132.24057174682616,2,749.1333489154239,749.1333489154239,135856.94199215728,39.6159215002185,WIN,135856.94199215728,0.0
2024-06-20,130.7313232421875,136.88483642578126,2,778.749964875598,-451.9526718431538,135404.98932031414,39.7773254604712,LOSS,135856.94199215728,-0.33266807364855494
2024-06-21,126.52288818359375,132.03863647460938,2,785.3373570969324,-317.8123011061929,135087.17701920794,41.505549092259834,LOSS,135856.94199215728,-0.5665996611301461
2024-06-24,118.06603240966797,127.78811706542969,2,782.1244029763301,-1162.2925281760135,133924.88449103193,42.659234034718025,LOSS,135856.94199215728,-1.4221264462414342
2024-06-25,126.04306030273438,119.24669273376465,2,722.4807121372017,722.4807121372017,134647.36520316915,42.24656586262924,WIN,135856.94199215728,-0.8903312346438397
2024-06-26,126.35296630859375,127.30349090576172,2,807.4464986107332,617.3415791771392,135264.70678234627,44.143719707606905,LOSS,135856.94199215728,-0.4359256149348641
2024-06-27,123.94385528564453,127.61649597167968,2,765.737232952058,31.20909574502764,135295.9158780913,41.85637850723411,LOSS,135856.94199215728,-0.4129535862056815
2024-06-28,123.4940185546875,125.18329383850097,2,757.736911258946,419.88185449625144,135715.79773258755,42.20857335072827,LOSS,135856.94199215728,-0.10389182731485143
2024-07-01,124.25374603271484,124.72895874023438,2,734.5112578437762,639.4687163398698,136355.26644892743,41.11189625879078,LOSS,136355.26644892743,0.0
2024-07-02,122.62434387207031,125.496283493042,2,736.5839613216604,162.19603712732282,136517.46248605475,40.981690686702706,LOSS,136517.46248605475,0.0
2024-07-03,128.2322540283203,123.85058731079101,2,707.9568148403208,707.9568148403208,137225.41930089507,39.958556254990796,WIN,137225.41930089507,0.0
2024-07-05,125.78316497802734,129.51457656860353,2,760.9336145147898,14.651296399552507,137240.07059729463,41.02114050628113,LOSS,137240.07059729463,0.0
2024-07-08,128.1522674560547,127.04099662780762,2,724.2884389623596,724.2884389623596,137964.359036257,39.85835723507061,WIN,137964.359036257,0.0
2024-07-09,131.33111572265625,129.43379013061522,2,738.6639538417219,738.6639538417219,138703.02299009872,39.896224826357674,WIN,138703.02299009872,0.0
2024-07-10,134.85980224609375,132.64442687988281,2,762.3561537209528,762.3561537209528,139465.37914381968,40.16665305698969,WIN,139465.37914381968,0.0
2024-07-11,127.35259246826172,136.2084002685547,2,789.0724374403271,-982.0891226182687,138483.29002120142,40.47235009603176,LOSS,139465.37914381968,-0.7041813019455576
2024-07-12,129.19190979003906,128.62611839294433,2,786.9233243375124,786.9233243375124,139270.21334553894,42.642092178913614,WIN,139465.37914381968,-0.1399385277399047
2024-07-15,128.39219665527344,130.48382888793947,2,787.18662249732,368.8601759641141,139639.07352150304,42.0736904382535,LOSS,139639.07352150304,0.0
2024-07-16,126.3129653930664,129.67611862182616,2,768.9430087959641,96.31236304401284,139735.38588454705,41.38486535189905,LOSS,139735.38588454705,0.0
2024-07-17,117.94607543945312,127.57609504699707,2,755.3328805739129,-1170.6710409348757,138564.71484361216,41.32424880817718,LOSS,139735.38588454705,-0.8377770838247995
2024-07-18,121.044921875,119.12553619384765,2,747.978514501022,747.978514501022,139312.69335811317,43.717639880841546,WIN,139735.38588454705,-0.30249497917665474
2024-07-19,117.88611602783203,122.25537109375,2,760.9521668947024,-112.89884628889138,139199.7945118243,43.35271092866975,LOSS,139735.38588454705,-0.38328972245103266
2024-07-22,123.4940185546875,119.06497718811035,2,736.0332920850061,736.0332920850061,139935.8278039093,43.06874974010322,WIN,139935.8278039093,0.0
2024-07-23,122.54437255859375,124.72895874023438,2,788.7875176715695,351.8702813434444,140287.69808525275,44.018949719349166,LOSS,140287.69808525275,0.0
2024-07-24,114.20747375488281,123.76981628417968,2,732.5852813106704,-1179.8832245487038,139107.81486070403,41.31280761498555,LOSS,140287.69808525275,-0.841045395036491
2024-07-25,112.23820495605469,115.34954849243164,2,680.4681222116408,58.19941493625083,139166.01427564028,41.18086716035218,LOSS,140287.69808525275,-0.7995596370330517
2024-07-26,113.01791381835938,113.36058700561523,2,669.794514655253,601.259877204082,139767.27415284436,41.24331349397207,LOSS,140287.69808525275,-0.3709690439799852
2024-07-29,111.5484619140625,114.14809295654297,2,673.6993227004522,153.77311420435865,139921.0472670487,41.19952534436686,LOSS,140287.69808525275,-0.2613563578334774
2024-07-30,103.69139862060547,112.66394653320313,2,665.7399848603601,-1128.7695976591722,138792.27766938953,41.24696564534247,LOSS,140287.69808525275,-1.0659668925171573
2024-07-31,116.9764404296875,104.72831260681153,2,656.1121172059263,656.1121172059263,139448.38978659545,43.62402770150891,WIN,140287.69808525275,-0.5982764776333074
2024-08-01,109.16935729980469,118.14620483398437,2,896.4515615506289,-898.9179452853077,138549.47184131015,52.460678974734016,LOSS,140287.69808525275,-1.2390439558615316
2024-08-02,107.23006439208984,110.26105087280274,2,847.0137654163334,240.8164692737539,138790.2883105839,53.09030943005557,LOSS,140287.69808525275,-1.0673849490059064
2024-08-05,100.41261291503906,108.30236503601074,2,831.7501852188312,-746.2002389755045,138044.08807160842,53.07691400210501,LOSS,140287.69808525275,-1.5992920578687424
2024-08-06,104.21119689941406,101.41673904418946,2,793.3306158250425,793.3306158250425,138837.41868743347,54.02950702314673,WIN,140287.69808525275,-1.03378943244043
2024-08-07,98.8731918334961,105.2533088684082,2,830.6182879604573,-445.4051190219634,138392.0135684115,54.49133230630792,LOSS,140287.69808525275,-1.351283500060888
2024-08-08,104.9309310913086,99.86192375183106,2,787.9577856348823,787.9577856348823,139179.97135404637,54.483720551661044,WIN,140287.69808525275,-0.7896107401614166
2024-08-09,104.71101379394531,105.98024040222168,2,857.8618309981127,604.0165093428388,139783.98786338922,55.84703026154261,LOSS,140287.69808525275,-0.3590551621692602
2024-08-12,108.97941589355469,105.75812393188477,2,852.8710531431898,852.8710531431898,140636.85891653242,55.64534477519792,WIN,140636.85891653242,0.0
2024-08-13,116.09677124023438,110.06921005249023,2,903.4420394280197,903.4420394280197,141540.30095596044,56.60460212734453,WIN,141540.30095596044,0.0
2024-08-14,118.03606414794922,117.25773895263671,2,995.2265826127681,995.2265826127681,142535.5275385732,58.472261216856346,WIN,142535.5275385732,0.0
2024-08-15,122.81427764892578,119.21642478942871,2,984.2203151818302,984.2203151818302,143519.74785375502,56.923925128573494,WIN,143519.74785375502,0.0
2024-08-16,124.53363037109375,124.04242042541505,2,1030.6440087472192,1030.6440087472192,144550.39186250223,57.27838377038633,WIN,144550.39186250223,0.0
2024-08-19,129.95162963867188,125.77896667480469,2,1039.6633538643591,1039.6633538643591,145590.0552163666,56.99107991286118,WIN,145590.0552163666,0.0
2024-08-20,127.20263671875,131.2511459350586,2,1082.269369688242,272.5675264265244,145862.62274279312,56.85742458260107,LOSS,145862.62274279312,0.0
2024-08-21,128.45217895507812,128.4746630859375,2,1063.0468102691582,1058.5499840972846,146921.1727268904,57.04835020409381,LOSS,146921.1727268904,0.0
2024-08-22,123.69395446777344,129.7367007446289,2,1031.5989773335898,-176.95027803750372,146744.2224488529,54.891291095401165,LOSS,146921.1727268904,-0.12043892296341788
2024-08-23,129.32183837890625,124.93089401245118,2,1003.693702923049,1003.693702923049,147747.91615177595,55.442498879957526,WIN,147747.91615177595,0.0
2024-08-26,126.41293334960938,130.6150567626953,2,1061.1213115709259,220.69662895374017,147968.6127807297,56.044039448814395,LOSS,147968.6127807297,0.0
2024-08-27,128.25225830078125,127.67706268310548,2,1040.9845231391967,1040.9845231391967,149009.59730386888,56.23928903769516,WIN,149009.59730386888,0.0
2024-08-28,125.5632553100586,129.53478088378907,2,1004.6465154838803,210.34140073778542,149219.93870460667,53.58407057759612,LOSS,149219.93870460667,0.0
2024-08-29,117.54623413085938,126.81888786315918,2,862.9445754402557,-991.5861710197046,148228.35253358696,47.22914305490318,LOSS,149219.93870460667,-0.6645131874652713
2024-08-30,119.32557678222656,118.72169647216796,2,804.1492544602761,804.1492544602761,149032.50178804723,47.021075564167695,WIN,149219.93870460667,-0.1256111738059931
2024-09-03,107.95980072021484,120.51883255004883,2,812.2422805235924,-1699.5640854432045,147332.93770260402,46.794932760660274,LOSS,149219.93870460667,-1.2645769850757873
2024-09-04,106.17047119140625,109.039398727417,2,778.7123611483511,204.9268539462022,147537.86455655022,49.48065094418247,LOSS,149219.93870460667,-1.1272448994810624
2024-09-05,107.17010498046875,107.23217590332031,2,759.5155625481161,747.101377977804,148284.96593452804,49.08876197963042,LOSS,149219.93870460667,-0.6265736189112692
2024-09-06,102.7917251586914,108.24180603027344,2,742.9945751182684,-347.0215991981379,147937.9443353299,47.62775519278281,LOSS,149219.93870460667,-0.8591307437906037
2024-09-09,106.43037414550781,103.81964241027832,2,699.720813844842,699.720813844842,148637.66514917475,46.7964450781531,WIN,149219.93870460667,-0.39021163021959254
2024-09-10,108.05976104736328,107.49467788696289,2,734.4393658644275,734.4393658644275,149372.1045150392,47.4147904756369,WIN,149372.1045150392,0.0
2024-09-11,116.86648559570312,109.14035865783691,2,734.0476388109889,734.0476388109889,150106.15215385018,46.70257320018158,WIN,150106.15215385018,0.0
2024-09-12,119.10585021972656,118.03515045166016,2,815.2010587608327,815.2010587608327,150921.35321261102,47.90977621144434,WIN,150921.35321261102,0.0
2024-09-13,119.06584930419922,120.29690872192383,2,831.566534248995,585.3546507040733,151506.7078633151,47.95113813851317,LOSS,151506.7078633151,0.0
2024-09-16,116.74651336669922,120.25650779724121,2,816.4527453065673,114.45385919816852,151621.16172251326,47.12704726963137,LOSS,151621.16172251326,0.0
2024-09-17,115.5568618774414,117.91397850036621,2,801.2446843394006,329.8213597544393,151950.98308226772,47.16647866287888,LOSS,151950.98308226772,0.0
2024-09-18,113.33749389648438,116.71243049621582,2,772.9581593341987,97.97083938791047,152048.95392165563,46.014723023274,LOSS,152048.95392165563,0.0
2024-09-19,117.8362045288086,114.47086883544922,2,757.5733672447794,757.5733672447794,152806.5272889004,45.98323942030145,WIN,152806.5272889004,0.0
2024-09-20,115.96674346923828,119.01456657409668,2,803.9375971497076,194.37297617802858,153000.90026507844,46.897844394238,LOSS,153000.90026507844,0.0
2024-09-23,116.22667694091797,117.12641090393066,2,782.0560724301304,602.1092798275918,153603.00954490603,46.37726188277577,LOSS,153603.00954490603,0.0
2024-09-24,120.8353500366211,117.38894371032715,2,761.3245793836984,761.3245793836984,154364.33412428974,45.09768873817107,WIN,154364.33412428974,0.0
2024-09-25,123.47459411621094,122.04370353698731,2,805.9067347280319,805.9067347280319,155170.24085901777,45.885585798886,WIN,155170.24085901777,0.0
2024-09-26,124.00444030761719,124.70934005737305,2,826.3572899768817,685.3773400257082,155855.61819904347,46.038161246941556,LOSS,155855.61819904347,0.0
2024-09-27,121.36520385742188,125.24448471069336,2,825.939973289637,50.0838026353407,155905.70200167882,45.82675794421469,LOSS,155905.70200167882,0.0
2024-09-30,121.40518951416016,122.5788558959961,2,770.3456083660234,535.6123319988347,156441.31433367764,43.754918306329216,LOSS,156441.31433367764,0.0
2024-10-01,116.9664535522461,122.61924140930176,2,768.7553569314549,-361.80221447967926,156079.51211919796,43.654450860042346,LOSS,156441.31433367764,-0.2312702472621701
2024-10-02,118.81593322753906,118.13611808776855,2,649.8053823642654,649.8053823642654,156729.3175015622,38.51732298531962,WIN,156729.3175015622,0.0
2024-10-03,122.81478118896484,120.00409255981445,2,655.4492426719738,655.4492426719738,157384.7667442342,38.25952506711451,WIN,157384.7667442342,0.0
2024-10-04,124.88418579101562,124.0429290008545,2,686.95704093139,686.95704093139,158071.72378516558,38.768367774785375,WIN,158071.72378516558,0.0
2024-10-07,127.68338775634766,126.13302764892578,2,665.8818393930705,665.8818393930705,158737.60562455864,37.03907456415303,WIN,158737.60562455864,0.0
2024-10-08,132.85189819335938,128.96022163391115,2,673.5465076636167,673.5465076636167,159411.15213222225,36.66295071819022,WIN,159411.15213222225,0.0
2024-10-09,132.61196899414062,134.18041717529297,2,714.3533863291366,400.6637500986669,159811.81588232092,37.33719007671043,LOSS,159811.81588232092,0.0
2024-10-10,134.7713623046875,133.93808868408203,2,627.60990289929,627.60990289929,160439.4257852202,33.074973719323,WIN,160439.4257852202,0.0
2024-10-11,134.76136779785156,136.11907592773437,2,636.6216690841263,365.0800431075645,160804.50582832776,33.0156893497266,LOSS,160804.50582832776,0.0
2024-10-14,138.0304412841797,136.1089814758301,2,636.5091737956822,636.5091737956822,161441.01500212343,33.01248506669563,WIN,161441.01500212343,0.0
2024-10-15,131.56228637695312,139.4107456970215,2,643.1811709499792,-926.5106930636952,160514.50430905973,32.59229658449627,LOSS,161441.01500212343,-0.5739004385295219
2024-10-16,135.6811065673828,132.87790924072266,2,659.7565682493023,659.7565682493023,161174.26087730905,34.94092781052371,WIN,161441.01500212343,-0.1652331811781993
2024-10-17,136.8907470703125,137.03791763305665,2,676.9170344634507,647.4829219146205,161821.74379922368,34.77057136739319,LOSS,161821.74379922368,0.0
2024-10-18,137.96043395996094,138.25965454101564,2,665.7758426078904,605.9317263969508,162427.67552562064,33.940643973081436,LOSS,162427.67552562064,0.0
2024-10-21,143.66880798339844,139.34003829956055,2,660.0973908425273,660.0973908425273,163087.77291646317,33.418968214787405,WIN,163087.77291646317,0.0
2024-10-22,143.54884338378906,145.10549606323244,2,705.1544850337715,393.82394914509666,163481.59686560827,34.235899995192085,LOSS,163481.59686560827,0.0
2024-10-23,139.51998901367188,144.98433181762695,2,689.9415992416364,-402.92696154937903,163078.6699040589,33.562058468368555,LOSS,163481.59686560827,-0.2464662501924381
2024-10-24,140.3697509765625,140.9151889038086,2,690.3412403456248,581.2536548964051,163659.92355895528,34.49901339790235,LOSS,163659.92355895528,0.0
2024-10-25,141.49942016601562,141.77344848632814,2,694.4634152296916,639.6577511671895,164299.58131012248,34.495129441260644,LOSS,164299.58131012248,0.0
2024-10-28,140.47972106933594,142.9144143676758,2,684.9928606356278,198.0542009676575,164497.63551109013,33.79117605235609,LOSS,164497.63551109013,0.0
2024-10-29,141.20950317382812,141.8845182800293,2,683.2132260130475,548.2102047728101,165045.84571586293,33.93980618635038,LOSS,165045.84571586293,0.0
2024-10-30,139.300048828125,142.6215982055664,2,646.832739939,-17.47713554928282,165028.36858031366,32.06946224845036,LOSS,165045.84571586293,-0.01058926110709768
2024-10-31,132.72193908691406,140.69304931640625,2,647.3328638747571,-946.8891820236795,164081.47939829,32.50852221270219,LOSS,165045.84571586293,-0.5843020849086769
