Date,Stock_Price,Strike,Contracts,Premium,PnL,Capital,VIX,Status,Peak,Drawdown_%
2020-10-01,9.460000038146973,9.31,3,47.45736112584457,47.45736112584457,50047.457361125846,48.04220405746553,WIN,50047.457361125846,0.0
2020-10-02,9.199999809265137,9.270800037384033,3,47.25754084850993,26.01747241284101,50073.47483353868,48.04220405746553,LOSS,50073.47483353868,0.0
2020-10-05,9.029999732971191,9.015999813079834,3,45.95870666378914,45.95870666378914,50119.43354020247,48.04220405746553,WIN,50119.43354020247,0.0
2020-10-06,9.899999618530273,8.849399738311767,3,45.1094692940941,45.1094692940941,50164.54300949657,48.04220405746553,WIN,50164.54300949657,0.0
2020-10-07,10.0,9.701999626159667,3,49.45556389919102,49.45556389919102,50213.99857339576,48.04220405746553,WIN,50213.99857339576,0.0
2020-10-08,10.0,9.8,3,49.955116974573244,49.955116974573244,50263.953690370334,48.04220405746553,WIN,50263.953690370334,0.0
2020-10-09,9.949999809265137,9.8,3,49.955116974573244,49.955116974573244,50313.90880734491,48.04220405746553,WIN,50313.90880734491,0.0
2020-10-12,9.890000343322754,9.750999813079833,3,49.70534043688214,49.70534043688214,50363.614147781795,48.04220405746553,WIN,50363.614147781795,0.0
2020-10-13,9.470000267028809,9.692200336456299,3,49.40561240292577,-17.254408425321344,50346.35973935647,48.04220405746553,LOSS,50363.614147781795,-0.03425967083040251
2020-10-14,9.34000015258789,9.280600261688232,3,47.3074971088664,47.3074971088664,50393.667236465335,48.04220405746553,WIN,50393.667236465335,0.0
2020-10-15,9.90999984741211,9.153200149536133,3,46.658080016506,46.658080016506,50440.32531648184,48.04220405746553,WIN,50440.32531648184,0.0
2020-10-16,9.710000038146973,9.711799850463867,3,49.50552015954749,48.965576464479064,50489.290892946316,48.04220405746553,LOSS,50489.290892946316,0.0
2020-10-19,9.569999694824219,9.515800037384032,3,48.50641877287427,48.50641877287427,50537.79731171919,48.04220405746553,WIN,50537.79731171919,0.0
2020-10-20,9.270000457763672,9.378599700927735,3,47.807045420157415,15.227272470938516,50553.02458419013,48.04220405746553,LOSS,50553.02458419013,0.0
2020-10-21,9.199999809265137,9.084600448608398,3,46.30839572219316,46.30839572219316,50599.33297991232,48.04220405746553,WIN,50599.33297991232,0.0
2020-10-22,9.680000305175781,9.015999813079834,3,45.95870666378914,45.95870666378914,50645.29168657611,48.04220405746553,WIN,50645.29168657611,0.0
2020-10-23,9.489999771118164,9.486400299072265,3,48.35655475589608,48.35655475589608,50693.648241332005,48.04220405746553,WIN,50693.648241332005,0.0
2020-10-26,9.949999809265137,9.3001997756958,3,47.40740486548812,47.40740486548812,50741.05564619749,48.04220405746553,WIN,50741.05564619749,0.0
2020-10-30,10.130000114440918,10.535,3,53.43751142988089,-68.06245423784375,50672.99319195965,47.87961998270614,LOSS,50741.05564619749,-0.13413685105887885
2020-11-02,10.539999961853027,9.9274001121521,3,52.59170643239392,52.59170643239392,50725.584898392044,49.33972721438359,WIN,50741.05564619749,-0.030489605721490877
2020-11-03,10.5,10.329199962615967,3,55.06710266847618,55.06710266847618,50780.65200106052,49.55736707992239,WIN,50780.65200106052,0.0
2020-11-04,10.720000267028809,10.29,3,48.34897054949485,48.34897054949485,50829.00097161002,45.456988623797436,WIN,50829.00097161002,0.0
2020-11-05,11.880000114440918,10.505600261688231,3,49.58410328316105,49.58410328316105,50878.58507489318,45.59403055074402,WIN,50878.58507489318,0.0
2020-11-06,13.829999923706055,11.6424001121521,3,64.13058522334914,64.13058522334914,50942.715660116526,50.705719339128215,WIN,50942.715660116526,0.0
2020-11-09,14.670000076293945,13.553399925231933,3,93.79992000210956,93.79992000210956,51036.515580118634,59.86103808611447,WIN,51036.515580118634,0.0
2020-11-10,14.0,14.376600074768065,3,100.33041324117882,-12.649609189240792,51023.86597092939,60.23676226857269,LOSS,51036.515580118634,-0.024785409124145053
2020-11-11,15.960000038146973,13.719999999999999,3,96.0725844346552,96.0725844346552,51119.938555364046,60.39002968309867,WIN,51119.938555364046,0.0
2020-11-13,15.800000190734863,14.288399925231934,3,117.0449193465621,117.0449193465621,51236.98347471061,68.09872263975657,WIN,51236.98347471061,0.0
2020-11-16,15.930000305175781,15.484000186920166,3,128.01415323134603,128.01415323134603,51364.99762794195,68.59076102183647,WIN,51364.99762794195,0.0
2020-11-17,17.850000381469727,15.611400299072265,3,128.03803539937448,128.03803539937448,51493.035663341325,68.16333859610234,WIN,51493.035663341325,0.0
2020-11-18,17.899999618530273,17.49300037384033,3,146.74034720790888,146.74034720790888,51639.776010549234,69.37513413367103,WIN,51639.776010549234,0.0
2020-11-19,18.979999542236328,17.54199962615967,3,146.49934094343905,146.49934094343905,51786.27535149267,69.13419436193084,WIN,51786.27535149267,0.0
2020-11-23,21.040000915527344,17.786999626159666,3,151.52345464436397,151.52345464436397,51937.798806137034,70.21947482206407,WIN,51937.798806137034,0.0
2020-11-27,27.65999984741211,28.468999252319335,3,296.5100470588138,53.81022558664603,51991.60903172368,80.0,LOSS,51991.60903172368,0.0
2020-11-30,27.110000610351562,27.106799850463865,3,288.7002508820372,288.7002508820372,52280.30928260572,80.0,WIN,52280.30928260572,0.0
2020-12-01,25.670000076293945,26.56780059814453,3,276.0678127679158,6.7276562127405555,52287.036938818455,80.0,LOSS,52287.036938818455,0.0
2020-12-02,22.510000228881836,25.156600074768065,3,271.5185753347202,-522.4613784311484,51764.575560387304,80.0,LOSS,52287.036938818455,-0.9992177966452532
2020-12-03,24.030000686645508,22.059800224304198,3,258.30146430947815,258.30146430947815,52022.87702469678,80.0,WIN,52287.036938818455,-0.5052110993223196
2020-12-04,23.850000381469727,23.549400672912597,3,275.7463075885275,275.7463075885275,52298.62333228531,80.0,WIN,52298.62333228531,0.0
2020-12-07,28.940000534057617,23.37300037384033,3,272.23948985508696,272.23948985508696,52570.86282214039,80.0,WIN,52570.86282214039,0.0
2020-12-09,26.6299991607666,28.01820014953613,3,342.0082049500889,-74.45209168076997,52496.410730459625,80.0,LOSS,52570.86282214039,-0.14162235064061218
2020-12-10,27.040000915527344,26.09739917755127,3,322.2064795944559,322.2064795944559,52818.61721005408,80.0,WIN,52818.61721005408,0.0
2020-12-11,27.200000762939453,26.499200897216795,3,317.8418908980594,317.8418908980594,53136.45910095214,80.0,WIN,53136.45910095214,0.0
2020-12-14,27.239999771118164,26.656000747680665,3,307.56503133770514,307.56503133770514,53444.024132289844,80.0,WIN,53444.024132289844,0.0
2020-12-15,26.43000030517578,26.6951997756958,3,306.6662020197253,227.1063608637192,53671.13049315356,80.0,LOSS,53671.13049315356,0.0
2020-12-16,25.920000076293945,25.901400299072264,3,300.3267887543816,300.3267887543816,53971.45728190795,80.0,WIN,53971.45728190795,0.0
2020-12-17,27.229999542236328,25.401600074768066,3,288.55506353840957,288.55506353840957,54260.012345446354,80.0,WIN,54260.012345446354,0.0
2020-12-18,25.969999313354492,26.6853995513916,3,303.3890620725406,88.76899066140788,54348.781336107764,80.0,LOSS,54348.781336107764,0.0
2020-12-21,28.510000228881836,25.450599327087403,3,292.2246142760182,292.2246142760182,54641.005950383784,80.0,WIN,54641.005950383784,0.0
2020-12-23,28.690000534057617,27.479200897216796,3,299.8889164406248,299.8889164406248,54940.89486682441,80.0,WIN,54940.89486682441,0.0
2020-12-24,27.75,28.116200523376463,3,292.69638831918905,182.8362313062501,55123.731098130665,80.0,LOSS,55123.731098130665,0.0
2020-12-28,25.6299991607666,27.195,3,233.40467307010917,-236.09557869991048,54887.635519430754,70.63339817872463,LOSS,55123.731098130665,-0.42830115813390124
2020-12-29,24.65999984741211,25.11739917755127,3,219.5802655575194,82.3604665157711,54969.99598594652,71.66745947186965,LOSS,55123.731098130665,-0.27889097693779924
2020-12-30,25.100000381469727,24.166799850463867,3,212.32216562121215,212.32216562121215,55182.318151567735,71.9496808126853,WIN,55182.318151567735,0.0
2020-12-31,23.549999237060547,24.598000373840332,3,213.42610613397557,-100.97423489995992,55081.34391666778,71.24227007345488,LOSS,55182.318151567735,-0.1829829522975348
2021-01-04,23.3700008392334,23.078999252319335,3,187.59891644091712,187.59891644091712,55268.9428331087,67.6900313383837,WIN,55268.9428331087,0.0
2021-01-05,24.600000381469727,22.90260082244873,3,181.49351751603066,181.49351751603066,55450.436350624725,66.36785351667898,WIN,55450.436350624725,0.0
2021-01-06,23.540000915527344,24.10800037384033,3,193.99714050341805,23.597303009522193,55474.033653634244,67.16140049496968,LOSS,55474.033653634244,0.0
2021-01-07,25.0,23.069200897216795,3,124.41170694214385,124.41170694214385,55598.445360576385,49.95777654545885,WIN,55598.445360576385,0.0
2021-01-11,25.93000030517578,24.696000747680664,3,134.53206452068565,134.53206452068565,55732.97742509707,50.31134675691094,WIN,55732.97742509707,0.0
2021-01-12,26.18000030517578,25.411400299072266,3,139.60662330087155,139.60662330087155,55872.58404839795,50.61168552684648,WIN,55872.58404839795,0.0
2021-01-14,24.920000076293945,24.99,3,138.44960053700555,117.44962342518961,55990.03367182314,50.91207962128934,LOSS,55990.03367182314,0.0
2021-01-15,25.639999389648438,24.421600074768065,3,134.71361818120656,134.71361818120656,56124.74729000435,50.75629322130682,WIN,56124.74729000435,0.0
2021-01-19,26.6200008392334,25.127199401855467,3,139.56821146175253,139.56821146175253,56264.3155014661,51.00456193916224,WIN,56264.3155014661,0.0
2021-01-20,26.34000015258789,26.08760082244873,3,142.86761462085812,142.86761462085812,56407.18311608696,50.49888869037048,WIN,56407.18311608696,0.0
2021-01-21,25.979999542236328,25.813200149536133,3,137.4401792644633,137.4401792644633,56544.623295351426,49.51333830442095,WIN,56544.623295351426,0.0
2021-01-22,32.58000183105469,25.4603995513916,3,115.9470937093403,115.9470937093403,56660.57038906077,44.519551635951444,WIN,56660.57038906077,0.0
2021-01-26,35.369998931884766,35.5053995513916,3,313.76107530464674,273.1408894525971,56933.711278513365,72.28220996667062,LOSS,56933.711278513365,0.0
2021-01-27,39.0,34.66259895324707,3,305.1242432322732,305.1242432322732,57238.83552174564,72.05985941108142,WIN,57238.83552174564,0.0
2021-01-28,35.65999984741211,38.22,3,332.85890124968984,-435.141144526677,56803.69437721896,71.45268425518499,LOSS,57238.83552174564,-0.7602201207628757
2021-01-29,35.18000030517578,34.94679985046387,3,316.8029075321043,316.8029075321043,57120.497284751065,73.76203810562882,WIN,57238.83552174564,-0.20674466193432214
2021-02-01,33.959999084472656,34.47640029907227,3,314.2282778402408,159.3079134603575,57279.80519821142,74.07972362546228,LOSS,57279.80519821142,0.0
2021-02-02,31.020000457763672,33.280799102783206,3,297.95227931137646,-380.2873141944838,56899.51788401693,73.03207117746882,LOSS,57279.80519821142,-0.6639116751157562
2021-02-03,31.760000228881836,30.399600448608396,3,285.7621485821003,285.7621485821003,57185.28003259903,75.93291167847974,WIN,57279.80519821142,-0.16502354588199428
2021-02-04,32.04999923706055,31.1248002243042,3,290.91173904670785,290.91173904670785,57476.19177164574,75.5856509319998,WIN,57476.19177164574,0.0
2021-02-05,34.04999923706055,31.408999252319337,3,288.86407268358755,288.86407268358755,57765.05584432933,74.614860937213,WIN,57765.05584432933,0.0
2021-02-08,36.04999923706055,33.368999252319334,3,306.9380356307585,306.9380356307585,58071.993879960086,74.6242091322712,WIN,58071.993879960086,0.0
2021-02-09,38.16999816894531,35.328999252319335,3,327.121603468496,327.121603468496,58399.115483428584,75.01958596191736,WIN,58399.115483428584,0.0
2021-02-10,35.70000076293945,37.406598205566404,3,348.4985586173789,-163.48067417070627,58235.63480925788,75.39039576875145,LOSS,58399.115483428584,-0.27993690112840247
2021-02-11,33.11000061035156,34.98600074768066,3,336.30273134293543,-226.4973098557947,58009.13749940208,77.30905975840042,LOSS,58399.115483428584,-0.6677806346864353
2021-02-12,31.90999984741211,32.44780059814453,3,320.0423519635808,158.702126743854,58167.839626145935,78.93479739465099,LOSS,58399.115483428584,-0.3960263017138964
2021-02-16,27.84000015258789,31.271799850463868,3,309.9651420759796,-719.5747672868135,57448.26485885912,79.25028869894793,LOSS,58399.115483428584,-1.628193538032748
2021-02-17,27.079999923706055,27.283200149536132,3,290.3453586704131,229.38529092138992,57677.65014978051,80.0,LOSS,58399.115483428584,-1.2354045565173004
2021-02-18,25.170000076293945,26.538399925231932,3,282.47435235328436,-128.0456023281116,57549.60454745239,80.0,LOSS,58399.115483428584,-1.454664045754683
2021-02-19,29.0,24.666600074768066,3,267.2582714611686,267.2582714611686,57816.86281891356,80.0,WIN,58399.115483428584,-0.9970230879271482
2021-02-22,28.0,28.419999999999998,3,329.11515830115184,203.1151583011524,58019.977977214716,80.0,LOSS,58399.115483428584,-0.6492178915303147
2021-02-23,26.75,27.439999999999998,3,253.24508451392126,46.24508451392194,58066.22306172864,74.8235280690509,LOSS,58399.115483428584,-0.570029903611136
2021-02-24,26.389999389648438,26.215,3,226.52401425978647,226.52401425978647,58292.74707598842,71.0117951135929,WIN,58399.115483428584,-0.18214044264136853
2021-02-25,23.959999084472656,25.862199401855467,3,223.3264332199065,-347.33366199493656,57945.41341399349,70.97444270107823,LOSS,58399.115483428584,-0.7768988719766435
2021-02-26,23.899999618530273,23.4807991027832,3,193.20025627059235,193.20025627059235,58138.61367026408,68.33470897930803,WIN,58399.115483428584,-0.44607150469329465
2021-03-01,24.809999465942383,23.421999626159668,3,188.140495751413,188.140495751413,58326.75416601549,67.0683024313426,WIN,58399.115483428584,-0.12390824212676378
2021-03-02,24.479999542236328,24.313799476623533,3,198.81793891418366,198.81793891418366,58525.57210492967,68.00512231645271,WIN,58525.57210492967,0.0
2021-03-03,23.59000015258789,23.9903995513916,3,195.71170650097315,75.59188685986008,58601.16399178953,67.88036292364396,LOSS,58601.16399178953,0.0
2021-03-04,24.729999542236328,23.118200149536133,3,183.05934999290787,183.05934999290787,58784.22334178244,66.3278414702803,WIN,58784.22334178244,0.0
2021-03-05,23.950000762939453,24.235399551391602,3,194.6699053284228,109.05026879277818,58893.27361057522,67.06714180967172,LOSS,58893.27361057522,0.0
2021-03-08,22.520000457763672,23.471000747680662,3,188.50973707039506,-96.79034990470208,58796.48326067052,67.06157287207805,LOSS,58893.27361057522,-0.16434873453412888
2021-03-09,24.260000228881836,22.069600448608398,3,172.73853026832506,172.73853026832506,58969.22179093884,65.7352557325587,WIN,58969.22179093884,0.0
2021-03-10,24.75,23.774800224304197,3,189.86956262302672,189.86956262302672,59159.09135356187,66.76706919844565,WIN,59159.09135356187,0.0
2021-03-11,26.729999542236328,24.255,3,188.25297751957925,188.25297751957925,59347.34433108145,65.31015778628682,WIN,59347.34433108145,0.0
2021-03-16,25.610000610351562,26.254200897216798,3,206.99724400659198,13.737157947021416,59361.08148902847,66.10705589783825,LOSS,59361.08148902847,0.0
2021-03-17,25.209999084472656,25.09780059814453,3,180.06075585197289,180.06075585197289,59541.14224488044,61.50487792980363,WIN,59541.14224488044,0.0
2021-03-18,23.979999542236328,24.705799102783203,3,176.63892397626313,-41.10094418779937,59500.04130069264,61.34497041523916,LOSS,59541.14224488044,-0.06902948555934317
2021-03-19,24.31999969482422,23.500399551391602,3,164.7054663489047,164.7054663489047,59664.74676704154,60.430537098696746,WIN,59664.74676704154,0.0
2021-03-22,24.219999313354492,23.833599700927735,3,130.66744334837657,130.66744334837657,59795.41421038992,50.537989709144625,WIN,59795.41421038992,0.0
2021-03-23,23.260000228881836,23.735599327087403,3,128.8532094303496,-13.826520031320541,59781.5876903586,50.18926067818402,LOSS,59795.41421038992,-0.02312304415631191
2021-03-24,21.8799991607666,22.7948002243042,3,123.14771675308708,-151.2926023081926,59630.295088050414,50.01915626053219,LOSS,59795.41421038992,-0.2761401096052888
2021-03-25,22.579999923706055,21.44239917755127,3,119.96415692473877,119.96415692473877,59750.259244975154,51.26546362413862,WIN,59795.41421038992,-0.07551576657014189
2021-03-26,22.579999923706055,22.128399925231932,3,113.7890083821749,113.7890083821749,59864.04825335733,48.3323094695638,WIN,59864.04825335733,0.0
2021-03-29,21.729999542236328,22.128399925231932,3,113.79595406838934,-5.724160830291794,59858.32409252704,48.3343440752403,LOSS,59864.04825335733,-0.009561934077809071
2021-03-30,22.040000915527344,21.2953995513916,3,108.48924499253374,108.48924499253374,59966.81333751957,48.022959988735415,WIN,59966.81333751957,0.0
2021-03-31,23.290000915527344,21.599200897216797,3,110.55092738893977,110.55092738893977,60077.36426490851,48.17720609446892,WIN,60077.36426490851,0.0
2021-04-01,23.06999969482422,22.824200897216798,3,120.77160611662404,120.77160611662404,60198.13587102513,49.2992295686648,WIN,60198.13587102513,0.0
2021-04-05,23.440000534057617,22.608599700927734,3,115.53942621558691,115.53942621558691,60313.67529724072,48.12620204088269,WIN,60313.67529724072,0.0
2021-04-06,23.270000457763672,22.971200523376464,3,116.3257535201989,116.3257535201989,60430.00105076092,47.82519281937126,WIN,60430.00105076092,0.0
2021-04-07,22.899999618530273,22.804600448608397,3,108.85678620962956,108.85678620962956,60538.85783697055,45.94198315070465,WIN,60538.85783697055,0.0
2021-04-08,23.40999984741211,22.441999626159667,3,95.94534095020923,95.94534095020923,60634.80317792076,42.712610899362886,WIN,60634.80317792076,0.0
2021-04-09,24.040000915527344,22.941799850463866,3,98.2880794237366,98.2880794237366,60733.091257344495,42.77080485821947,WIN,60733.091257344495,0.0
2021-04-13,25.420000076293945,22.87320014953613,3,85.21538407982777,85.21538407982777,60818.30664142432,39.14939081813572,WIN,60818.30664142432,0.0
2021-04-15,23.149999618530273,23.226000747680665,3,110.79451092335896,87.99417217824151,60906.30081360256,45.92138323816242,LOSS,60906.30081360256,0.0
2021-04-16,22.469999313354492,22.68699962615967,3,108.68006192185263,43.57996808029981,60949.88078168286,46.05188132337619,LOSS,60949.88078168286,0.0
2021-04-19,21.940000534057617,22.020599327087403,3,102.91820713830163,78.73856922936582,61028.61935091223,45.29550398191892,LOSS,61028.61935091223,0.0
2021-04-20,21.780000686645508,21.501200523376465,3,100.65513575488487,100.65513575488487,61129.27448666711,45.34508328469255,WIN,61129.27448666711,0.0
2021-04-21,22.6299991607666,21.3444006729126,3,99.93454153275007,99.93454153275007,61229.20902819986,45.34916620124711,WIN,61229.20902819986,0.0
2021-04-22,22.860000610351562,22.17739917755127,3,104.5190653284526,104.5190653284526,61333.72809352831,45.549211707817776,WIN,61333.72809352831,0.0
2021-04-23,23.40999984741211,22.40280059814453,3,98.6694836846304,98.6694836846304,61432.39757721294,43.549311991538744,WIN,61432.39757721294,0.0
2021-04-30,23.040000915527344,22.90260082244873,3,92.87477542737312,92.87477542737312,61525.27235264031,41.28621630591502,WIN,61525.27235264031,0.0
2021-05-03,22.299999237060547,22.579200897216797,3,91.81669248132047,8.05619443444543,61533.32854707476,41.35895452008794,LOSS,61533.32854707476,0.0
2021-05-04,21.639999389648438,21.853999252319337,3,90.34404837914197,26.144089577872137,61559.47263665263,41.79684894885055,LOSS,61559.47263665263,0.0
2021-05-05,21.149999618530273,21.20719940185547,3,89.09775849795712,71.93782350039844,61631.41046015303,42.23319293063945,LOSS,61631.41046015303,0.0
2021-05-06,20.09000015258789,20.726999626159667,3,87.5001205975639,-103.59972147396913,61527.81073867906,42.36448734808556,LOSS,61631.41046015303,-0.16809565236374097
2021-05-07,19.75,19.688200149536133,3,85.40231714562549,85.40231714562549,61613.213055824686,43.11763201092938,WIN,61631.41046015303,-0.029526185093729233
2021-05-10,18.469999313354492,19.355,3,81.9070529311885,-183.59315306246395,61429.61990276222,42.43110033900365,LOSS,61631.41046015303,-0.327415121419737
2021-05-11,20.209999084472656,18.1005993270874,3,80.91653576868337,80.91653576868337,61510.5364385309,43.9774009956253,WIN,61631.41046015303,-0.1961240554445468
2021-05-12,18.889999389648438,19.8057991027832,3,90.34560093956232,-184.39431300086676,61326.14212553003,44.568530797016905,LOSS,61631.41046015303,-0.4953129132431005
2021-05-13,18.3700008392334,18.51219940185547,3,84.02394553296638,41.364376746345286,61367.506502276374,44.42118465293434,LOSS,61631.41046015303,-0.42819717398367335
2021-05-14,20.079999923706055,18.00260082244873,3,81.90852699331573,81.90852699331573,61449.41502926969,44.49232209847003,WIN,61631.41046015303,-0.29529655337193206
2021-05-20,20.610000610351562,20.256600074768066,3,108.75270453955369,108.75270453955369,61558.16773380924,49.80075103474958,WIN,61631.41046015303,-0.11883993210108322
2021-05-21,20.75,20.197800598144532,3,108.14257097282284,108.14257097282284,61666.31030478206,49.706251875307565,WIN,61666.31030478206,0.0
2021-05-24,21.219999313354492,20.335,3,107.83015854916962,107.83015854916962,61774.140463331234,49.372504018526286,WIN,61774.140463331234,0.0
2021-05-26,22.1200008392334,21.0503995513916,3,111.33662257506467,111.33662257506467,61885.4770859063,49.28410398336681,WIN,61885.4770859063,0.0
2021-06-01,23.059999465942383,22.491000747680662,3,121.39715468634776,121.39715468634776,62006.874240592646,49.98765473785737,WIN,62006.874240592646,0.0
2021-06-02,24.450000762939453,22.598799476623533,3,120.09871405655457,120.09871405655457,62126.9729546492,49.448323669910714,WIN,62126.9729546492,0.0
2021-06-04,24.030000686645508,23.15739917755127,3,127.54782016052495,127.54782016052495,62254.520774809724,50.702478247801984,WIN,62254.520774809724,0.0
2021-06-07,24.459999084472656,23.549400672912597,3,123.97466335771988,123.97466335771988,62378.49543816745,49.12464822564129,WIN,62378.49543816745,0.0
2021-06-09,24.170000076293945,23.89239917755127,3,113.50501065135677,113.50501065135677,62492.000448818806,45.79430281795226,WIN,62492.000448818806,0.0
2021-06-10,24.139999389648438,23.686600074768066,3,99.33906409844073,99.33906409844073,62591.33951291725,42.185194274798576,WIN,62591.33951291725,0.0
2021-06-11,24.670000076293945,23.65719940185547,3,85.61501506668284,85.61501506668284,62676.95452798393,38.45857954501689,WIN,62676.95452798393,0.0
2021-06-14,25.0,24.176600074768064,3,83.00629857827785,83.00629857827785,62759.96082656221,37.25517051184876,WIN,62759.96082656221,0.0
2021-06-16,24.799999237060547,23.921799850463866,3,65.9203493398615,65.9203493398615,62825.88117590207,32.86243873228299,WIN,62825.88117590207,0.0
2021-06-17,25.450000762939453,24.303999252319336,3,64.05854566401811,64.05854566401811,62889.93972156609,32.084978466672226,WIN,62889.93972156609,0.0
2021-06-21,25.420000076293945,24.86260082244873,3,61.63471835968222,61.63471835968222,62951.57443992577,31.06918915184331,WIN,62951.57443992577,0.0
2021-06-22,25.399999618530273,24.911600074768067,3,61.99030660491899,61.99030660491899,63013.56474653068,31.130107639753003,WIN,63013.56474653068,0.0
2021-06-23,26.270000457763672,24.891999626159667,3,61.73351494946715,61.73351494946715,63075.29826148015,31.07593804794997,WIN,63075.29826148015,0.0
2021-06-30,26.360000610351562,26.09739917755127,3,70.04429009674459,70.04429009674459,63145.3425515769,32.39765097599759,WIN,63145.3425515769,0.0
2021-07-01,24.719999313354492,25.83280059814453,3,58.05023903542267,-275.7901464015887,62869.55240517531,29.56624549311173,LOSS,63145.3425515769,-0.4367545336796995
2021-07-02,24.440000534057617,24.2255993270874,3,65.73140931577197,65.73140931577197,62935.28381449108,32.58788098766006,WIN,63145.3425515769,-0.33265911403401455
2021-07-06,24.68000030517578,23.951200523376464,3,64.78729460145041,64.78729460145041,63000.07110909253,32.53386516842038,WIN,63145.3425515769,-0.2300588398355873
2021-07-07,22.889999389648438,24.186400299072265,3,64.67991837067201,-324.2403544564761,62675.83075463606,32.33458029910034,LOSS,63145.3425515769,-0.74354145209893
2021-07-08,23.079999923706055,22.432199401855467,3,75.00233820858375,75.00233820858375,62750.833092844645,36.67295106373068,WIN,63145.3425515769,-0.6247641437846645
2021-07-09,23.290000915527344,22.618399925231934,3,75.82380220836227,75.82380220836227,62826.656895053005,36.729952855916615,WIN,63145.3425515769,-0.5046859255907764
2021-07-12,22.950000762939453,22.824200897216798,3,76.8247256494865,76.8247256494865,62903.48162070249,36.818281517734334,WIN,63145.3425515769,-0.38302259691893215
2021-07-13,22.450000762939453,22.491000747680662,3,74.53488606898688,62.23489064662424,62965.716511349114,36.48156492172315,LOSS,63145.3425515769,-0.2844644323230427
2021-07-14,21.559999465942383,22.001000747680663,3,72.92501174200491,-59.37537277947929,62906.34113856963,36.485683615690405,LOSS,63145.3425515769,-0.3784941269612265
2021-07-15,21.469999313354492,21.128799476623534,3,72.11847026209973,72.11847026209973,62978.459608831734,37.12517880036771,WIN,63145.3425515769,-0.2642838505608776
2021-07-16,21.3700008392334,21.040599327087403,3,70.60981387168076,70.60981387168076,63049.06942270342,36.75314550532207,WIN,63145.3425515769,-0.15246275494482253
2021-07-19,21.540000915527344,20.94260082244873,3,67.43136211285227,67.43136211285227,63116.50078481627,35.87115204850759,WIN,63145.3425515769,-0.04567520832921048
2021-07-20,22.18000030517578,21.109200897216798,3,68.56745125075166,68.56745125075166,63185.068236067025,36.055294374692956,WIN,63185.068236067025,0.0
2021-07-23,21.809999465942383,21.628599700927733,3,70.70498599583655,70.70498599583655,63255.77322206286,36.19028228182968,WIN,63255.77322206286,0.0
2021-07-26,22.1299991607666,21.373799476623535,3,68.97988137694442,68.97988137694442,63324.753103439805,35.919717567522284,WIN,63324.753103439805,0.0
2021-07-27,21.68000030517578,21.68739917755127,3,70.58306325212955,68.36340153948272,63393.11650497929,36.09638942839973,LOSS,63393.11650497929,0.0
2021-07-28,22.559999465942383,21.246400299072267,3,66.62469782869805,66.62469782869805,63459.741202807985,35.326611986656374,WIN,63459.741202807985,0.0
2021-07-30,21.709999084472656,21.736400299072265,3,74.11844246813075,66.19807808824802,63525.93928089624,37.10312935482264,LOSS,63525.93928089624,0.0
2021-08-02,22.100000381469727,21.275799102783203,3,65.20545894601428,65.20545894601428,63591.14473984225,34.866125722038014,WIN,63591.14473984225,0.0
2021-08-03,22.239999771118164,21.65800037384033,3,67.79181231469654,67.79181231469654,63658.93655215695,35.28962366686676,WIN,63658.93655215695,0.0
2021-08-04,22.299999237060547,21.7951997756958,3,67.97437762996633,67.97437762996633,63726.910929786914,35.216198357029135,WIN,63726.910929786914,0.0
2021-08-05,22.520000457763672,21.853999252319337,3,53.25033111684043,53.25033111684043,63780.161260903755,30.79452221828585,WIN,63780.161260903755,0.0
2021-08-09,22.93000030517578,21.383599700927736,3,54.642784181224805,54.642784181224805,63834.80404508498,31.56407194198859,WIN,63834.80404508498,0.0
2021-08-11,22.350000381469727,22.461600074768064,3,64.12244646674408,30.642538477242724,63865.446583562225,33.50480434591354,LOSS,63865.446583562225,0.0
2021-08-12,24.889999389648438,21.90300037384033,3,59.416110771506624,59.416110771506624,63924.86269433373,32.583920613979785,WIN,63924.86269433373,0.0
2021-08-13,24.899999618530273,24.392199401855468,3,99.41602079193663,99.41602079193663,64024.27871512566,41.4192520893033,WIN,64024.27871512566,0.0
2021-08-16,24.5,24.401999626159668,3,99.21238321416487,99.21238321416487,64123.49109833983,41.35454788997029,WIN,64123.49109833983,0.0
2021-08-17,23.969999313354492,24.009999999999998,3,98.91186923296837,86.91166323931662,64210.40276157915,41.70369466356891,LOSS,64210.40276157915,0.0
2021-08-18,25.280000686645508,23.490599327087402,3,97.15299914872305,97.15299914872305,64307.555760727875,41.80879038744735,WIN,64307.555760727875,0.0
2021-08-19,24.15999984741211,24.7744006729126,3,107.82434513473999,-76.49590251540675,64231.059858212466,43.211668785240605,LOSS,64307.555760727875,-0.11895321103484523
2021-08-20,24.010000228881836,23.676799850463865,3,106.93229145619927,106.93229145619927,64337.992149668666,44.275274431105245,WIN,64337.992149668666,0.0
2021-08-23,24.81999969482422,23.5298002243042,3,105.9404734049813,105.9404734049813,64443.93262307365,44.184937914834634,WIN,64443.93262307365,0.0
2021-08-24,25.100000381469727,24.323599700927733,3,110.99109361502775,110.99109361502775,64554.923716688674,44.578448333914466,WIN,64554.923716688674,0.0
2021-08-25,24.350000381469727,24.598000373840332,3,110.65756875624675,36.25757104506515,64591.181287733736,44.16059792495077,LOSS,64591.181287733736,0.0
2021-08-26,24.8700008392334,23.863000373840332,3,107.6026068001796,107.6026068001796,64698.78389453392,44.22892541638221,WIN,64698.78389453392,0.0
2021-08-27,25.709999084472656,24.37260082244873,3,109.38666136943078,109.38666136943078,64808.17055590335,44.09226909580502,WIN,64808.17055590335,0.0
2021-08-31,26.34000015258789,25.2448002243042,3,112.86051703869266,112.86051703869266,64921.031072942045,43.97912056186247,WIN,64921.031072942045,0.0
2021-09-09,26.1299991607666,25.068399925231933,3,110.73427825906255,110.73427825906255,65031.76535120111,43.63324499193932,WIN,65031.76535120111,0.0
2021-09-10,26.280000686645508,25.60739917755127,3,111.2010573656659,111.2010573656659,65142.966408566775,43.14871342961304,WIN,65142.966408566775,0.0
2021-09-13,25.829999923706055,25.7544006729126,3,80.07235713027363,80.07235713027363,65223.03876569705,35.153304634910874,WIN,65223.03876569705,0.0
2021-09-14,26.260000228881836,25.313399925231934,3,79.92466318867324,79.92466318867324,65302.96342888572,35.46658759605292,WIN,65302.96342888572,0.0
2021-09-21,26.6200008392334,26.018999252319336,3,94.2035352192197,94.2035352192197,65397.16696410494,38.468845007089726,WIN,65397.16696410494,0.0
2021-09-22,27.43000030517578,26.08760082244873,3,92.03340312295592,92.03340312295592,65489.200367227895,37.86790846146614,WIN,65489.200367227895,0.0
2021-09-23,28.770000457763672,26.881400299072265,3,96.71133737720912,96.71133737720912,65585.91170460511,38.32064754044862,WIN,65585.91170460511,0.0
2021-09-27,27.469999313354492,27.988799476623534,3,102.1530237862703,-53.48702519444217,65532.424679410666,38.65821968362026,LOSS,65585.91170460511,-0.08155261367006243
2021-09-28,25.34000015258789,26.9205993270874,3,101.45367031006475,-372.7260820397886,65159.69859737088,39.42857553191456,LOSS,65585.91170460511,-0.6498546656694631
2021-09-29,24.520000457763672,24.833200149536133,3,108.7228357170746,14.762928185336406,65174.46152555622,43.37939852101117,LOSS,65585.91170460511,-0.6273453678619885
2021-09-30,24.040000915527344,24.0296004486084,3,105.99720811159168,105.99720811159168,65280.45873366781,43.59321442647389,WIN,65585.91170460511,-0.4657295492255153
2021-10-01,24.329999923706055,23.559200897216797,3,104.47027848505651,104.47027848505651,65384.92901215287,43.74400642083523,WIN,65585.91170460511,-0.30644186720687183
2021-10-04,23.170000076293945,23.84339992523193,3,105.74582371293661,-96.2741309684593,65288.65488118441,43.74816611235424,LOSS,65585.91170460511,-0.45323273809095704
2021-10-05,23.209999084472656,22.706600074768065,3,104.13492988918355,104.13492988918355,65392.78981107359,44.72757082161341,WIN,65585.91170460511,-0.2944563680098376
2021-10-06,23.579999923706055,22.745799102783202,3,104.29765466604995,104.29765466604995,65497.08746573964,44.72271299638584,WIN,65585.91170460511,-0.1354318885823038
2021-10-07,23.729999542236328,23.108399925231932,3,104.0678232981649,104.0678232981649,65601.15528903781,44.19185547303039,WIN,65601.15528903781,0.0
2021-10-08,23.5,23.2553995513916,3,103.63089284083745,103.63089284083745,65704.78618187865,43.885543182631764,WIN,65704.78618187865,0.0
2021-10-11,23.530000686645508,23.03,3,102.46420267772015,102.46420267772015,65807.25038455636,43.83987218848574,WIN,65807.25038455636,0.0
2021-10-12,23.690000534057617,23.0594006729126,3,102.33537477109098,102.33537477109098,65909.58575932746,43.766887385023225,WIN,65909.58575932746,0.0
2021-10-13,24.1299991607666,23.216200523376465,3,102.37923146196444,102.37923146196444,66011.96499078942,43.584843790617995,WIN,66011.96499078942,0.0
2021-10-18,24.260000228881836,23.52,3,93.46606483351104,93.46606483351104,66105.43105562293,40.759162872219775,WIN,66105.43105562293,0.0
2021-10-20,24.219999313354492,24.196200523376465,3,85.88315008934916,85.88315008934916,66191.31420571227,38.00784244959975,WIN,66191.31420571227,0.0
2021-10-21,24.780000686645508,23.735599327087403,3,81.52020874669722,81.52020874669722,66272.83441445898,37.2628205289533,WIN,66272.83441445898,0.0
2021-10-25,25.40999984741211,23.941400299072264,3,76.12036518644311,76.12036518644311,66348.95477964543,35.60945082633495,WIN,66348.95477964543,0.0
2021-10-27,25.059999465942383,25.0096004486084,3,63.124596726416144,63.124596726416144,66412.07937637184,31.360891609871704,WIN,66412.07937637184,0.0
2021-10-28,25.639999389648438,24.558799476623534,3,59.0432118711056,59.0432118711056,66471.12258824294,30.58396434023703,WIN,66471.12258824294,0.0
2021-10-29,25.8799991607666,25.127199401855467,3,60.21296052463826,60.21296052463826,66531.33554876759,30.533202324827208,WIN,66531.33554876759,0.0
2021-11-01,26.559999465942383,25.362399177551268,3,60.60998517545265,60.60998517545265,66591.94553394304,30.49062528416338,WIN,66591.94553394304,0.0
2021-11-03,26.1200008392334,25.401600074768066,3,54.347457233635296,54.347457233635296,66646.29299117668,28.868620351628145,WIN,66646.29299117668,0.0
2021-11-04,26.469999313354492,25.59760082244873,3,54.27118284572821,54.27118284572821,66700.56417402241,28.743113376114053,WIN,66700.56417402241,0.0
2021-11-08,26.75,25.48,3,55.754134916854795,55.754134916854795,66756.31830893927,29.1838053416866,WIN,66756.31830893927,0.0
2021-11-10,22.520000457763672,23.765,3,84.65750256436232,-288.84236010653626,66467.47594883274,38.09099983516654,LOSS,66756.31830893927,-0.4326816808108051
2021-11-11,22.989999771118164,22.069600448608398,3,89.2106586778959,89.2106586778959,66556.68660751064,41.202177215832236,WIN,66756.31830893927,-0.29904540346992126
2021-11-12,22.829999923706055,22.5301997756958,3,91.97842390476195,91.97842390476195,66648.6650314154,41.46281405593971,WIN,66756.31830893927,-0.1612630538216157
2021-11-15,23.40999984741211,22.373399925231933,3,91.06442660201432,91.06442660201432,66739.7294580174,41.38346768274026,WIN,66756.31830893927,-0.02484985892285574
2021-11-16,23.1299991607666,22.941799850463866,3,94.64670307872085,94.64670307872085,66834.37616109612,41.74195219891776,WIN,66834.37616109612,0.0
2021-11-17,22.489999771118164,22.667399177551268,3,92.88849378994564,39.6686718600146,66874.04483295613,41.56289052578359,LOSS,66874.04483295613,0.0
2021-11-18,21.5,22.0401997756958,3,91.06379917005232,-70.9961335386878,66803.04869941744,41.78214411923821,LOSS,66874.04483295613,-0.10616395900088145
2021-11-19,21.40999984741211,21.07,3,88.56339309926572,88.56339309926572,66891.6120925167,42.24612946566407,WIN,66891.6120925167,0.0
2021-11-22,20.649999618530273,20.981799850463865,3,88.07881325201133,-11.461256328066199,66880.15083618864,42.2109571811475,LOSS,66891.6120925167,-0.017134071028541066
2021-11-23,20.59000015258789,20.23699962615967,3,81.9658927269671,81.9658927269671,66962.1167289156,41.254403408118264,WIN,66962.1167289156,0.0
2021-11-24,21.110000610351562,20.17820014953613,3,81.4235861045282,81.4235861045282,67043.54031502013,41.156697194166824,WIN,67043.54031502013,0.0
2021-11-26,21.030000686645508,20.68780059814453,3,85.67074850843329,85.67074850843329,67129.21106352856,41.843141713947276,WIN,67129.21106352856,0.0
2021-11-29,21.06999969482422,20.609400672912596,3,83.38462876804385,83.38462876804385,67212.59569229661,41.22622250147872,WIN,67212.59569229661,0.0
2021-11-30,20.649999618530273,20.648599700927733,3,83.08711067147703,83.08711067147703,67295.68280296809,41.08303692164138,WIN,67295.68280296809,0.0
2021-12-01,19.3799991607666,20.23699962615967,3,78.81694297244847,-178.28319664547172,67117.39960632262,40.2457668348253,LOSS,67295.68280296809,-0.26492516194160004
2021-12-02,19.690000534057617,18.99239917755127,3,78.14893083661943,78.14893083661943,67195.54853715924,41.672167849967934,WIN,67295.68280296809,-0.14879745867507238
2021-12-03,18.979999542236328,19.296200523376463,3,80.1773993326691,-14.682895009371322,67180.86564214986,41.93365333272085,LOSS,67295.68280296809,-0.17061593855046972
2021-12-06,18.799999237060547,18.6003995513916,3,76.6948794375747,76.6948794375747,67257.56052158744,41.727553045029644,WIN,67295.68280296809,-0.056648925745012534
2021-12-07,19.459999084472656,18.423999252319337,3,76.0290935307654,76.0290935307654,67333.58961511821,41.74921303873496,WIN,67333.58961511821,0.0
2021-12-08,19.81999969482422,19.0707991027832,3,79.77177908811679,79.77177908811679,67413.36139420632,42.11411858142685,WIN,67413.36139420632,0.0
2021-12-10,18.940000534057617,18.825799102783204,3,60.56326396129303,60.56326396129303,67473.92465816761,35.85311591158004,WIN,67473.92465816761,0.0
2021-12-13,18.399999618530273,18.561200523376463,3,57.7943039136063,9.434032459749304,67483.35869062736,35.183388468829506,LOSS,67483.35869062736,0.0
2021-12-14,18.639999389648438,18.031999626159667,3,56.91587756413644,56.91587756413644,67540.2745681915,35.45995391408246,WIN,67540.2745681915,0.0
2021-12-15,18.860000610351562,18.267199401855468,3,55.9422532585764,55.9422532585764,67596.21682145007,34.851032021087605,WIN,67596.21682145007,0.0
2021-12-16,18.34000015258789,18.482800598144532,3,57.762510692590766,14.92237702559828,67611.13919847566,35.257851729790545,LOSS,67611.13919847566,0.0
2021-12-17,19.059999465942383,17.973200149536133,3,56.16199026815314,56.16199026815314,67667.30118874382,35.25499702122356,WIN,67667.30118874382,0.0
2021-12-21,18.899999618530273,17.600799102783203,3,62.21007393920349,62.21007393920349,67729.51126268302,37.91096785583515,WIN,67729.51126268302,0.0
2021-12-23,18.93000030517578,18.50239917755127,3,70.49964319074755,70.49964319074755,67800.01090587377,39.69869328557911,WIN,67800.01090587377,0.0
2021-12-27,18.940000534057617,18.551400299072267,3,69.07150699172857,69.07150699172857,67869.08241286551,39.134446280305525,WIN,67869.08241286551,0.0
2021-12-28,18.56999969482422,18.561200523376463,3,69.1632532149534,69.1632532149534,67938.24566608046,39.15374375807271,WIN,67938.24566608046,0.0
2021-12-29,18.170000076293945,18.198599700927733,3,68.10099725977938,59.521109869642956,67997.7667759501,39.25663782254749,LOSS,67997.7667759501,0.0
2021-12-30,18.690000534057617,17.806600074768067,3,66.72360780697954,66.72360780697954,68064.49038375709,39.289222907681264,WIN,68064.49038375709,0.0
2021-12-31,18.209999084472656,18.316200523376466,3,64.04208168233502,32.181650011192104,68096.67203376828,37.66444846611756,LOSS,68096.67203376828,0.0
2022-01-03,18.530000686645508,17.845799102783204,3,62.79526507102727,62.79526507102727,68159.4672988393,37.80898726568087,WIN,68159.4672988393,0.0
2022-01-04,18.170000076293945,18.159400672912597,3,62.333898239971845,62.333898239971845,68221.80119707927,37.25040297907671,WIN,68221.80119707927,0.0
2022-01-05,16.959999084472656,17.806600074768067,3,61.665225367912555,-192.3150717207106,68029.48612535856,37.44783299108346,LOSS,68221.80119707927,-0.2818967959599265
2022-01-06,16.739999771118164,16.620799102783202,3,61.96537792726406,61.96537792726406,68091.45150328582,39.166419331025764,WIN,68221.80119707927,-0.19106750555720414
2022-01-07,16.559999465942383,16.4051997756958,3,60.06343731817178,60.06343731817178,68151.51494060399,38.73251496481115,WIN,68221.80119707927,-0.10302609318719644
2022-01-10,16.5,16.228799476623536,3,58.47970845243411,58.47970845243411,68209.99464905642,38.35790614409565,WIN,68221.80119707927,-0.01730612181983803
2022-01-11,16.889999389648438,16.169999999999998,3,58.18946303156058,58.18946303156058,68268.18411208798,38.32649213725695,WIN,68268.18411208798,0.0
2022-01-12,16.719999313354492,16.552199401855468,3,60.076994970489054,60.076994970489054,68328.26110705847,38.52705653521352,WIN,68328.26110705847,0.0
2022-01-13,16.010000228881836,16.3855993270874,3,58.98309493233585,-53.696634529333856,68274.56447252913,38.333523797341286,LOSS,68328.26110705847,-0.07858627405313277
2022-01-14,16.010000228881836,15.689800224304198,3,58.12818521492338,58.12818521492338,68332.69265774406,39.01510306738609,WIN,68332.69265774406,0.0
2022-01-18,14.970000267028809,15.689800224304198,3,57.50236042397324,-158.4376267586437,68174.25503098541,38.75654954810412,LOSS,68332.69265774406,-0.23186211547700955
2022-01-19,14.5600004196167,14.670600261688232,3,55.037220876323246,21.857268254863328,68196.11229924028,39.31776831888206,LOSS,68332.69265774406,-0.19987556935282103
2022-01-20,14.619999885559082,14.268800411224365,3,50.55690352778636,50.55690352778636,68246.66920276807,37.967202942485926,WIN,68332.69265774406,-0.12588916319579965
2022-01-21,13.529999732971191,14.3275998878479,3,44.27739106394002,-195.00265539907238,68051.666547369,35.03197099434503,LOSS,68332.69265774406,-0.41126157838186533
2022-01-24,13.399999618530273,13.259399738311767,3,46.46264486989608,46.46264486989608,68098.12919223889,37.71408093240606,WIN,68332.69265774406,-0.3432668264369737
2022-01-25,13.0600004196167,13.131999626159669,3,45.544461517949266,23.94469955505847,68122.07389179395,37.481216828956434,LOSS,68332.69265774406,-0.30822547415925144
2022-01-26,12.75,12.798800411224365,3,44.01316345689601,29.37304008958659,68151.44693188353,37.29094203268035,LOSS,68332.69265774406,-0.2652401344233986
2022-01-27,12.279999732971191,12.495,3,43.010597781863936,-21.489482326778415,68129.95744955675,37.31281283745848,LOSS,68332.69265774406,-0.29668845219190226
2022-01-28,12.710000038146973,12.034399738311768,3,41.869928381429105,41.869928381429105,68171.82737793819,37.55240641657237,WIN,68332.69265774406,-0.2354148117821096
2022-01-31,13.710000038146973,12.455800037384034,3,44.24231177016006,44.24231177016006,68216.06968970834,38.024027147740085,WIN,68332.69265774406,-0.1706693582526405
2022-02-03,12.449999809265137,13.053599700927734,3,62.03476458691923,-119.04520291185989,68097.02448679648,45.80491056640199,LOSS,68332.69265774406,-0.34488348370518007
2022-02-04,12.9399995803833,12.200999813079834,3,57.84996025963309,57.84996025963309,68154.8744470561,45.734259145943085,WIN,68332.69265774406,-0.2602242115331044
2022-02-07,12.979999542236328,12.681199588775634,3,62.98643769438026,62.98643769438026,68217.86088475048,47.195992177972386,WIN,68332.69265774406,-0.16804807263886876
2022-02-08,13.149999618530273,12.720399551391601,3,63.39982116204695,63.39982116204695,68281.26070591253,47.30742794229834,WIN,68332.69265774406,-0.07526697665660152
2022-02-09,13.869999885559082,12.886999626159668,3,64.76132254633782,64.76132254633782,68346.02202845887,47.574592966490215,WIN,68346.02202845887,0.0
2022-02-11,13.130000114440918,13.288800411224365,3,70.05408579920476,22.413996764170662,68368.43602522304,49.17140184607687,LOSS,68368.43602522304,0.0
2022-02-14,13.260000228881836,12.8674001121521,3,67.25391688016065,67.25391688016065,68435.6899421032,48.879881418319904,WIN,68435.6899421032,0.0
2022-02-15,14.170000076293945,12.9948002243042,3,68.18544786542171,68.18544786542171,68503.87538996863,49.0123934712553,WIN,68503.87538996863,0.0
2022-02-17,11.770000457763672,13.690600261688232,3,73.2215911141034,-502.95835006326456,68000.91703990537,49.66823854427471,LOSS,68503.87538996863,-0.7342042288849964
2022-02-18,11.020000457763672,11.534600448608398,3,78.93861866465681,-75.44137858876093,67925.47566131661,59.36107597767372,LOSS,68503.87538996863,-0.8443313978360925
2022-02-22,10.479999542236328,10.799600448608398,3,73.09225819613825,-22.788013715482805,67902.68764760112,58.87112747687408,LOSS,68503.87538996863,-0.8775966891583161
2022-02-23,10.430000305175781,10.270399551391602,3,70.43012936051956,70.43012936051956,67973.11777696165,59.451482641544104,WIN,68503.87538996863,-0.7747847986490715
2022-02-24,11.829999923706055,10.221400299072265,3,69.97482809010114,69.97482809010114,68043.09260505174,59.375835988478485,WIN,68503.87538996863,-0.6726375439255182
2022-02-25,11.470000267028809,11.593399925231934,3,91.32964760618583,54.30975014524835,68097.40235519699,66.06414548847997,LOSS,68503.87538996863,-0.5933577224029014
2022-02-28,11.850000381469727,11.240600261688233,3,88.31784556173805,88.31784556173805,68185.72020075872,65.93004582507687,WIN,68503.87538996863,-0.4644338548713666
2022-03-01,12.180000305175781,11.613000373840332,3,91.16557882284582,91.16557882284582,68276.88577958157,65.88638015397913,WIN,68503.87538996863,-0.3313529476907452
2022-03-02,12.0600004196167,11.936400299072265,3,90.22126817273325,90.22126817273325,68367.10704775431,63.994875322885726,WIN,68503.87538996863,-0.19965051821629357
2022-03-03,11.34000015258789,11.818800411224364,3,88.3060424938482,-55.3340350970939,68311.77301265721,63.431969231732815,LOSS,68503.87538996863,-0.28042556164573484
2022-03-04,10.960000038146973,11.113200149536132,3,82.88852076781244,36.92848735106467,68348.70150000828,63.34709205087565,LOSS,68503.87538996863,-0.2265184109322294
2022-03-07,11.109999656677246,10.740800037384034,3,78.50497417126257,78.50497417126257,68427.20647417953,62.37788266783317,WIN,68503.87538996863,-0.1119190926829246
2022-03-08,11.039999961853027,10.887799663543701,3,78.61407668738447,78.61407668738447,68505.82055086692,61.803173467870714,WIN,68505.82055086692,0.0
2022-03-09,11.649999618530273,10.819199962615967,3,78.06827820794697,78.06827820794697,68583.88882907487,61.77292801968503,WIN,68583.88882907487,0.0
2022-03-10,11.869999885559082,11.416999626159667,3,84.43567509133426,84.43567509133426,68668.3245041662,62.93901403185288,WIN,68668.3245041662,0.0
2022-03-14,10.5,11.162200336456298,3,81.28345428908548,-117.37664664780388,68550.9478575184,62.202765423813275,LOSS,68668.3245041662,-0.1709327371758953
2022-03-15,10.770000457763672,10.29,3,77.31657760004961,77.31657760004961,68628.26443511846,63.70486584579961,WIN,68668.3245041662,-0.05833849789842118
2022-03-16,11.789999961853027,10.554600448608399,3,79.77151060619795,79.77151060619795,68708.03594572465,63.991543593623845,WIN,68708.03594572465,0.0
2022-03-22,13.270000457763672,12.338200149536133,3,78.85463930317809,78.85463930317809,68786.89058502782,56.427673310437704,WIN,68786.89058502782,0.0
2022-03-24,13.390000343322754,12.916400299072265,3,81.28369211873425,81.28369211873425,68868.17427714657,55.79219082166089,WIN,68868.17427714657,0.0
2022-03-28,13.420000076293945,12.710600261688231,3,66.67305382636636,66.67305382636636,68934.84733097293,49.001602918663416,WIN,68934.84733097293,0.0
2022-03-31,13.729999542236328,13.602400112152099,3,74.19187322980221,74.19187322980221,69009.03920420274,50.35541142825014,WIN,69009.03920420274,0.0
2022-04-01,13.829999923706055,13.4553995513916,3,69.02768179391707,69.02768179391707,69078.06688599665,48.25383934722602,WIN,69078.06688599665,0.0
2022-04-04,14.630000114440918,13.553399925231933,3,67.40848033622228,67.40848033622228,69145.47536633287,47.23898702282855,WIN,69145.47536633287,0.0
2022-04-06,13.0,13.612200336456299,3,73.58012678154634,-110.07997415534334,69035.39539217752,50.038645084368135,LOSS,69145.47536633287,-0.15920054576549694
2022-04-07,12.84000015258789,12.74,3,71.8837431809298,71.8837431809298,69107.27913535846,51.57432841637987,WIN,69145.47536633287,-0.05524039103361205
2022-04-08,12.699999809265137,12.583200149536133,3,71.13258871739794,71.13258871739794,69178.41172407586,51.64313427218739,WIN,69178.41172407586,0.0
2022-04-11,12.65999984741211,12.445999813079833,3,68.72930604469141,68.72930604469141,69247.14103012056,50.795404391195746,WIN,69247.14103012056,0.0
2022-04-12,12.460000038146973,12.406799850463868,3,61.66376617704363,61.66376617704363,69308.8047962976,47.2170205715767,WIN,69308.8047962976,0.0
2022-04-13,12.899999618530273,12.210800037384033,3,61.02462902946483,61.02462902946483,69369.82942532706,47.39486191164336,WIN,69369.82942532706,0.0
2022-04-14,12.420000076293945,12.641999626159668,3,55.8275327800919,-10.77233217962501,69359.05709314744,43.625149692690066,LOSS,69369.82942532706,-0.015528843401896888
2022-04-18,12.149999618530273,12.171600074768067,3,53.60683426373845,47.12669739240037,69406.18379053984,43.548782440432475,LOSS,69406.18379053984,0.0
2022-04-19,12.90999984741211,11.906999626159667,3,51.099414241338856,51.099414241338856,69457.28320478118,42.818178285673255,WIN,69457.28320478118,0.0
2022-04-20,12.789999961853027,12.651799850463867,3,58.33853100151022,58.33853100151022,69515.6217357827,44.88947457535566,WIN,69515.6217357827,0.0
2022-04-21,12.329999923706055,12.534199962615967,3,54.72496296297043,-6.535048710003139,69509.08668707269,43.301142091298146,LOSS,69515.6217357827,-0.009400834728697844
2022-04-22,11.960000038146973,12.083399925231934,3,53.97934061331497,16.959374487826643,69526.04606156051,43.95699758349099,LOSS,69526.04606156051,0.0
2022-04-25,12.109999656677246,11.720800037384032,3,52.66203731581261,52.66203731581261,69578.70809887632,44.124300549172666,WIN,69578.70809887632,0.0
2022-04-26,11.119999885559082,11.867799663543702,3,52.81546780565844,-171.52446558972738,69407.1836332866,43.84735696797938,LOSS,69578.70809887632,-0.24651861219667567
2022-04-27,10.5600004196167,10.8975998878479,3,52.3533297464742,-48.926510722885936,69358.25712256371,46.140713183642006,LOSS,69578.70809887632,-0.3168368346237976
2022-04-28,10.949999809265137,10.348800411224365,3,46.826682832441485,46.826682832441485,69405.08380539615,44.33043384794552,WIN,69578.70809887632,-0.2495365295277368
2022-04-29,10.399999618530273,10.730999813079833,3,50.707466565784614,-48.59259179908338,69356.49121359707,45.62998823837241,LOSS,69578.70809887632,-0.31937483657136434
2022-05-02,10.739999771118164,10.191999626159667,3,49.38350034078219,49.38350034078219,69405.87471393785,46.40780422212349,WIN,69578.70809887632,-0.248399818940094
2022-05-03,10.550000190734863,10.5251997756958,3,52.39009126522517,52.39009126522517,69458.26480520309,47.26516657488996,WIN,69578.70809887632,-0.1731036648482682
2022-05-04,10.979999542236328,10.339000186920165,3,47.100827347841076,47.100827347841076,69505.36563255092,44.53011219308263,WIN,69578.70809887632,-0.1054093534205498
2022-05-05,10.119999885559082,10.760399551391602,3,50.4232484693475,-141.69665128040853,69363.66898127052,45.37508681870588,LOSS,69578.70809887632,-0.30905879611937864
2022-05-06,9.479999542236328,9.917599887847901,3,47.87726317197357,-83.40284051149831,69280.26614075902,46.29232540510931,LOSS,69578.70809887632,-0.4289271334172969
2022-05-09,7.460000038146973,9.290399551391602,3,46.72871964953954,-502.39113432384914,68777.87500643518,47.60352775501666,LOSS,69578.70809887632,-1.1509743631673945
2022-05-10,7.289999961853027,7.310800037384033,3,54.157524604237494,47.91750194493575,68825.79250838011,63.01854590917202,LOSS,69578.70809887632,-1.0821063096288925
2022-05-11,6.710000038146973,7.144199962615967,3,52.74559397713326,-77.51438336356503,68748.27812501654,62.8572445638287,LOSS,69578.70809887632,-1.1935116310002136
2022-05-12,7.340000152587891,6.575800037384033,3,49.470350839245185,49.470350839245185,68797.74847585578,63.765366932808405,WIN,69578.70809887632,-1.1224117899842805
2022-05-13,8.34000015258789,7.193200149536133,3,58.02507496086176,58.02507496086176,68855.77355081665,67.28879937359198,WIN,69578.70809887632,-1.0390169174057182
2022-05-17,8.359999656677246,7.879199962615966,3,72.5165896766845,72.5165896766845,68928.29014049334,74.65822858250414,WIN,69578.70809887632,-0.9347945314803665
2022-05-19,8.3100004196167,7.849800224304199,3,71.30901209339007,71.30901209339007,68999.59915258673,73.884490276458,WIN,69578.70809887632,-0.8323077017564561
2022-05-20,8.079999923706055,8.143800411224365,3,74.97588893822001,55.8357426827268,69055.43489526946,74.67736054148071,LOSS,69578.70809887632,-0.752059384119714
2022-05-23,8.010000228881836,7.918399925231934,3,72.88148156572356,72.88148156572356,69128.31637683518,74.66159567622842,WIN,69578.70809887632,-0.6473125678060876
2022-05-24,7.550000190734863,7.849800224304199,3,71.97725305319545,-17.962757017605355,69110.35361981757,74.43630030922715,LOSS,69578.70809887632,-0.6731290244613084
2022-05-25,7.960000038146973,7.399000186920166,3,67.02526600580705,67.02526600580705,69177.37888582337,73.71926520840813,WIN,69578.70809887632,-0.5767988857778544
2022-05-26,8.359999656677246,7.800800037384033,3,71.78085221635232,71.78085221635232,69249.15973803973,74.64644565031884,WIN,69578.70809887632,-0.47363391738788607
2022-06-01,8.460000038146973,8.506400299072265,3,79.25380122269587,65.33372294510819,69314.49346098484,75.39338741922822,LOSS,69578.70809887632,-0.37973490038936747
2022-06-02,9.300000190734863,8.290800037384033,3,77.31822644358294,77.31822644358294,69391.81168742843,75.45059044323158,WIN,69578.70809887632,-0.268611499917898
2022-06-06,8.979999542236328,8.761199588775634,3,83.41749017820506,83.41749017820506,69475.22917760664,76.71754596302819,WIN,69578.70809887632,-0.14872210780721434
2022-06-07,9.130000114440918,8.800399551391601,3,82.40160694546793,82.40160694546793,69557.63078455211,75.69436824144532,WIN,69578.70809887632,-0.030292764697871306
2022-06-08,9.180000305175781,8.9474001121521,3,63.20910093732148,63.20910093732148,69620.83988548943,60.792869545427465,WIN,69620.83988548943,0.0
2022-06-09,8.680000305175781,8.996400299072265,3,62.954437396642206,-31.965560772302965,69588.87432471714,60.3599618034845,LOSS,69620.83988548943,-0.04591378217337264
2022-06-10,8.260000228881836,8.506400299072265,3,57.54897960526827,-16.37104145186042,69572.50328326528,58.85376811285274,LOSS,69620.83988548943,-0.0694283526364466
2022-06-13,7.639999866485596,8.0948002243042,3,53.13471291573252,-83.30539442984859,69489.19788883544,57.548799172028154,LOSS,69620.83988548943,-0.1890841835153372
2022-06-14,7.820000171661377,7.487199869155884,3,43.3609056185054,43.3609056185054,69532.55879445394,52.539978695667465,WIN,69620.83988548943,-0.12680268031912814
2022-06-15,8.119999885559082,7.663600168228149,3,44.10981019215967,44.10981019215967,69576.6686046461,52.309330429951494,WIN,69620.83988548943,-0.06344548689155216
2022-06-16,7.670000076293945,7.9575998878479,3,45.74005411725846,-40.53988934892801,69536.12871529716,52.25887002908792,LOSS,69620.83988548943,-0.1216750190483198
2022-06-17,8.239999771118164,7.516600074768066,3,43.86983578446622,43.86983578446622,69579.99855108163,52.832032069230046,WIN,69620.83988548943,-0.058662513228761176
2022-06-22,9.010000228881836,8.535800037384034,3,53.24065378543642,53.24065378543642,69633.23920486707,55.4309784551741,WIN,69633.23920486707,0.0
2022-06-23,9.460000038146973,8.829800224304199,3,55.40222405168302,55.40222405168302,69688.64142891875,55.6716157594442,WIN,69688.64142891875,0.0
2022-06-28,9.3100004196167,9.4275998878479,3,60.57873356155662,25.29889309219614,69713.94032201095,56.65183618757554,LOSS,69713.94032201095,0.0
2022-06-29,9.229999542236328,9.123800411224366,3,57.89716224415334,57.89716224415334,69771.83748425511,56.13358915420291,WIN,69771.83748425511,0.0
2022-06-30,9.069999694824219,9.0453995513916,3,57.184688315947625,57.184688315947625,69829.02217257106,55.979542683726095,WIN,69829.02217257106,0.0
2022-07-01,9.270000457763672,8.888599700927735,3,55.962972613029805,55.962972613029805,69884.9851451841,55.811497558949185,WIN,69884.9851451841,0.0
2022-07-05,10.069999694824219,9.084600448608398,3,51.858196774825416,51.858196774825416,69936.84334195893,52.002126572585794,WIN,69936.84334195893,0.0
2022-07-07,10.180000305175781,9.604000186920166,3,58.699524481094784,58.699524481094784,69995.54286644002,54.61845429389703,WIN,69995.54286644002,0.0
2022-07-11,9.5600004196167,9.966600074768067,3,61.56202474042141,-60.41787180498892,69935.12499463503,55.03879214524919,LOSS,69995.54286644002,-0.08631674151064139
2022-07-12,9.489999771118164,9.368800411224365,3,58.28660466626167,58.28660466626167,69993.4115993013,55.32736766329773,WIN,69995.54286644002,-0.0030448612175126974
2022-07-13,9.279999732971191,9.3001997756958,3,56.14156012449247,50.08154730710985,70043.49314660841,54.1297707816188,LOSS,70043.49314660841,0.0
2022-07-14,8.899999618530273,9.094399738311768,3,51.11695986105898,-7.203076073389475,70036.29007053502,51.43393519978366,LOSS,70043.49314660841,-0.010283719086245102
2022-07-15,9.039999961853027,8.721999626159668,3,50.41357820928026,50.41357820928026,70086.7036487443,52.46679673023595,WIN,70086.7036487443,0.0
2022-07-18,9.029999732971191,8.859199962615966,3,50.65401574176191,50.65401574176191,70137.35766448606,52.06248039960773,WIN,70137.35766448606,0.0
2022-07-19,9.34000015258789,8.849399738311767,3,48.14898895044306,48.14898895044306,70185.5066534365,50.26861971460803,WIN,70185.5066534365,0.0
2022-07-20,10.109999656677246,9.153200149536133,3,47.28579753897881,47.28579753897881,70232.79245097548,48.48673950471616,WIN,70232.79245097548,0.0
2022-07-22,9.84000015258789,10.2801997756958,3,55.655396876230746,-76.40449005614224,70156.38796091934,50.09302727978317,LOSS,70232.79245097548,-0.10878748714067525
2022-07-25,9.680000305175781,9.643200149536133,3,54.0249480490584,54.0249480490584,70210.4129089684,51.31518671607966,WIN,70232.79245097548,-0.031864804496707824
2022-07-26,9.399999618530273,9.486400299072265,3,49.281076149290215,23.360871986692644,70233.77378095509,48.67393277946048,LOSS,70233.77378095509,0.0
2022-07-27,10.020000457763672,9.211999626159669,3,46.264729490624504,46.264729490624504,70280.03851044571,47.55451427481198,WIN,70280.03851044571,0.0
2022-07-28,10.130000114440918,9.819600448608398,3,51.50668265703628,51.50668265703628,70331.54519310275,49.0004658040844,WIN,70331.54519310275,0.0
2022-07-29,10.350000381469727,9.9274001121521,3,51.959831030671616,51.959831030671616,70383.50502413342,48.92714450124199,WIN,70383.50502413342,0.0
2022-08-02,10.920000076293945,10.260600261688232,3,53.28665121774495,53.28665121774495,70436.79167535117,48.66361598040308,WIN,70436.79167535117,0.0
2022-08-03,11.199999809265137,10.701600074768066,3,51.26971278323947,51.26971278323947,70488.0613881344,46.0546952533074,WIN,70488.0613881344,0.0
2022-08-09,9.25,9.623599700927734,3,57.19900458665033,-54.880905691669895,70433.18048244274,53.52707384921883,LOSS,70488.0613881344,-0.07785844100530706
2022-08-10,9.59000015258789,9.065,3,55.91147965731571,55.91147965731571,70489.09196210005,54.98050556943357,WIN,70489.09196210005,0.0
2022-08-11,9.420000076293945,9.398200149536132,3,58.38083294876912,58.38083294876912,70547.47279504882,55.26620512450329,WIN,70547.47279504882,0.0
2022-08-12,9.90999984741211,9.231600074768066,3,56.44469037446828,56.44469037446828,70603.91748542328,54.633389689853836,WIN,70603.91748542328,0.0
2022-08-15,9.90999984741211,9.711799850463867,3,60.68058068259157,60.68058068259157,70664.59806610587,55.500940557292765,WIN,70664.59806610587,0.0
2022-08-17,9.430000305175781,9.545199775695801,3,59.38660966312251,24.826768507116547,70689.42483461299,55.32910782036128,LOSS,70689.42483461299,0.0
2022-08-18,9.149999618530273,9.241400299072266,3,54.07395162083921,26.653747458241405,70716.07858207123,52.92847925910319,LOSS,70716.07858207123,0.0
2022-08-19,8.510000228881836,8.966999626159668,3,51.8157707261818,-85.2840484571677,70630.79453361407,52.4567347125852,LOSS,70716.07858207123,-0.12060064721799567
2022-08-22,8.069999694824219,8.339800224304199,3,48.73431916604936,-32.20583967794461,70598.58869393612,52.878638472245115,LOSS,70716.07858207123,-0.166143104214631
2022-08-23,8.010000228881836,7.908599700927734,3,47.225249553149936,47.225249553149936,70645.81394348927,53.70702312440436,WIN,70716.07858207123,-0.09936161618523676
2022-08-24,8.100000381469727,7.849800224304199,3,46.631825241083135,46.631825241083135,70692.44576873035,53.50693172394371,WIN,70716.07858207123,-0.03341929277576498
2022-08-25,8.420000076293945,7.938000373840332,3,44.37516510034264,44.37516510034264,70736.82093383069,51.23631040546822,WIN,70736.82093383069,0.0
2022-08-26,7.940000057220459,8.251600074768067,3,47.2467760134036,-46.23322925087884,70690.58770457981,52.11496984809341,LOSS,70736.82093383069,-0.06535949543750048
2022-08-29,7.809999942779541,7.78120005607605,3,45.18751082584003,45.18751082584003,70735.77521540565,52.6432352486229,WIN,70736.82093383069,-0.0014783226207169074
2022-08-30,7.789999961853027,7.65379994392395,3,44.14534196751195,44.14534196751195,70779.92055737316,52.38719502037913,WIN,70779.92055737316,0.0
2022-08-31,7.71999979019165,7.634199962615966,3,42.34485367768063,42.34485367768063,70822.26541105084,50.954413569699156,WIN,70822.26541105084,0.0
2022-09-01,7.489999771118164,7.5655997943878175,3,41.02514687598077,18.34513989508474,70840.61055094593,50.14972120583727,LOSS,70840.61055094593,0.0
2022-09-02,7.400000095367432,7.340199775695801,3,39.4146655731614,39.4146655731614,70880.02521651909,49.806877937926906,WIN,70880.02521651909,0.0
2022-09-06,7.28000020980835,7.252000093460083,3,38.441905975223165,38.441905975223165,70918.46712249432,49.36071683209833,WIN,70918.46712249432,0.0
2022-09-07,7.389999866485596,7.134400205612183,3,28.35731238890321,28.35731238890321,70946.82443488322,40.764558471483866,WIN,70946.82443488322,0.0
2022-09-08,7.53000020980835,7.2421998691558835,3,27.828658494878113,27.828658494878113,70974.6530933781,39.90788600413299,WIN,70974.6530933781,0.0
2022-09-14,7.630000114440918,7.330400018692017,3,28.92155257813966,28.92155257813966,71003.57464595624,40.57461078092169,WIN,71003.57464595624,0.0
2022-09-15,8.010000228881836,7.477400112152099,3,30.26975780720629,30.26975780720629,71033.84440376345,41.240580014031856,WIN,71033.84440376345,0.0
2022-09-19,7.860000133514404,7.624400205612183,3,33.009661394390925,33.009661394390925,71066.85406515784,43.06405930487738,WIN,71066.85406515784,0.0
2022-09-20,7.619999885559082,7.702800130844116,3,30.48162543789595,5.641551852385803,71072.49561701022,40.651017524103324,LOSS,71072.49561701022,0.0
2022-09-21,7.690000057220459,7.4675998878479,3,28.321516357658652,28.321516357658652,71100.81713336788,39.583887847760394,WIN,71100.81713336788,0.0
2022-09-22,7.369999885559082,7.53620005607605,3,28.65626453559387,-21.203786619496398,71079.61334674837,39.648032802702375,LOSS,71100.81713336788,-0.02982214195897242
2022-09-23,7.400000095367432,7.2225998878479,3,28.42095919895703,28.42095919895703,71108.03430594734,40.507052656029174,WIN,71108.03430594734,0.0
2022-09-26,7.53000020980835,7.252000093460083,3,27.115441344859107,27.115441344859107,71135.14974729219,39.236727555303446,WIN,71135.14974729219,0.0
2022-09-27,7.630000114440918,7.379400205612183,3,25.71661260782659,25.71661260782659,71160.86635990001,37.589561629318034,WIN,71160.86635990001,0.0
2022-09-28,7.940000057220459,7.477400112152099,3,26.056707468777866,26.056707468777866,71186.92306736879,37.5883246767805,WIN,71186.92306736879,0.0
2022-09-30,8.130000114440918,7.918399925231934,3,29.11098718961056,29.11098718961056,71216.03405455839,38.83057959484784,WIN,71216.03405455839,0.0
2022-10-03,8.239999771118164,7.9674001121521,3,28.32664011470964,28.32664011470964,71244.3606946731,38.045893040157004,WIN,71244.3606946731,0.0
2022-10-04,8.460000038146973,8.0751997756958,3,28.50797583219301,28.50797583219301,71272.8686705053,37.883803558524605,WIN,71272.8686705053,0.0
2022-10-06,8.470000267028809,8.251600074768067,3,29.084621528204647,29.084621528204647,71301.9532920335,37.84758754240256,WIN,71301.9532920335,0.0
2022-10-10,8.0600004196167,7.986999626159668,3,28.79941058182225,28.79941058182225,71330.75270261533,38.37303124882982,WIN,71330.75270261533,0.0
2022-10-11,8.039999961853027,7.898800411224365,3,28.00866960666222,28.00866960666222,71358.76137222198,37.985102504661405,WIN,71358.76137222198,0.0
2022-10-12,8.069999694824219,7.879199962615966,3,23.49504487786474,23.49504487786474,71382.25641709985,34.328994429125956,WIN,71382.25641709985,0.0
2022-10-13,8.079999923706055,7.908599700927734,3,23.29391381993046,23.29391381993046,71405.55033091978,34.09228790567167,WIN,71405.55033091978,0.0
2022-10-14,7.53000020980835,7.918399925231934,3,20.7431065381906,-95.77680808888464,71309.7735228309,31.980538934769545,LOSS,71405.55033091978,-0.13413076104730368
2022-10-17,7.940000057220459,7.379400205612183,3,23.157276403906508,23.157276403906508,71332.9307992348,35.34143183904377,WIN,71405.55033091978,-0.10170012183707192
2022-10-18,8.15999984741211,7.78120005607605,3,27.087498557126345,27.087498557126345,71360.01829779193,37.56510840821879,WIN,71405.55033091978,-0.06376539767124079
2022-10-19,7.909999847412109,7.996799850463867,3,27.43775152875577,1.3977506132285846,71361.41604840515,37.24064596731965,LOSS,71405.55033091978,-0.06180791592543288
2022-10-20,8.039999961853027,7.751799850463867,3,27.541485454710312,27.541485454710312,71388.95753385987,38.03031689510908,WIN,71405.55033091978,-0.023237405191918355
2022-10-21,8.289999961853027,7.879199962615966,3,26.334205560110327,26.334205560110327,71415.29173941998,36.664726124715116,WIN,71415.29173941998,0.0
2022-10-27,8.600000381469727,8.398599700927734,3,29.276229335025597,29.276229335025597,71444.567968755,37.59557319265469,WIN,71444.567968755,0.0
2022-10-28,8.640000343322754,8.428000373840332,3,29.197321512869724,29.197321512869724,71473.76529026787,37.45606053654841,WIN,71473.76529026787,0.0
2022-10-31,8.789999961853027,8.4672003364563,3,29.32733640285468,29.32733640285468,71503.09262667072,37.4516306871015,WIN,71503.09262667072,0.0
2022-11-01,8.649999618530273,8.614199962615967,3,29.925982463234686,29.925982463234686,71533.01860913396,37.5189726054071,WIN,71533.01860913396,0.0
2022-11-02,8.220000267028809,8.476999626159667,3,29.216086512138652,-47.88372122711899,71485.13488790684,37.340607688605076,LOSS,71533.01860913396,-0.06693932698235544
2022-11-03,8.079999923706055,8.055600261688232,3,29.965150864373122,29.965150864373122,71515.10003877121,39.1120239082182,WIN,71533.01860913396,-0.025049369803131036
2022-11-04,7.929999828338623,7.918399925231934,3,29.616914173330052,29.616914173330052,71544.71695294454,39.24473708034223,WIN,71544.71695294454,0.0
2022-11-07,7.019999980926514,7.77139983177185,3,28.211837553915956,-197.20811769968503,71347.50883524485,38.53137068461077,LOSS,71544.71695294454,-0.2756431587106457
2022-11-08,7.210000038146973,6.879599981307983,3,32.91774362332244,32.91774362332244,71380.42657886818,46.0157277725515,WIN,71544.71695294454,-0.22963313166003943
2022-11-09,6.980000019073486,7.065800037384033,3,34.41226109476506,8.672255601601037,71389.09883446978,46.56944674981281,LOSS,71544.71695294454,-0.21751168374473528
2022-11-10,7.639999866485596,6.840400018692017,3,33.650018503866264,33.650018503866264,71422.74885297364,46.88738550525446,WIN,71544.71695294454,-0.1704781361440198
2022-11-11,8.40999984741211,7.487199869155884,3,42.26017832524983,42.26017832524983,71465.00903129889,51.587017069309766,WIN,71544.71695294454,-0.11140993359170348
2022-11-15,8.34000015258789,7.938000373840332,3,46.91485063489411,46.91485063489411,71511.92388193379,53.31019189197505,WIN,71544.71695294454,-0.04583576874350467
2022-11-17,7.619999885559082,7.898800411224365,3,46.84264355614252,-36.797514143442456,71475.12636779035,53.441060530456255,LOSS,71544.71695294454,-0.09726865674786359
2022-11-18,7.389999866485596,7.4675998878479,3,45.63126187379623,22.35125546510495,71497.47762325546,54.60924302535933,LOSS,71544.71695294454,-0.06602769806210865
2022-11-21,7.190000057220459,7.2421998691558835,3,44.05385821688994,28.393914636262576,71525.87153789173,54.430160771511474,LOSS,71544.71695294454,-0.026340750030791338
2022-11-22,7.21999979019165,7.046200056076049,3,43.076533525907344,43.076533525907344,71568.94807141763,54.62788391699473,WIN,71568.94807141763,0.0
2022-11-23,7.369999885559082,7.075599794387817,3,41.95958485170292,41.95958485170292,71610.90765626934,53.43996878778722,WIN,71610.90765626934,0.0
2022-11-25,7.28000020980835,7.2225998878479,3,43.199818568329135,43.199818568329135,71654.10747483767,53.77068466407406,WIN,71654.10747483767,0.0
2022-11-28,7.159999847412109,7.134400205612183,3,42.6364649478063,42.6364649478063,71696.74393978548,53.73814553014541,WIN,71696.74393978548,0.0
2022-11-29,7.079999923706055,7.016799850463867,3,41.898774388043236,41.898774388043236,71738.64271417352,53.705914675833256,WIN,71738.64271417352,0.0
2022-11-30,7.5,6.938399925231933,3,41.11458882007904,41.11458882007904,71779.7573029936,53.410656231216755,WIN,71779.7573029936,0.0
2022-12-05,7.190000057220459,7.506799850463867,3,47.047220156003455,-47.99271781701905,71731.76458517658,55.625080577431035,LOSS,71779.7573029936,-0.06686107562948909
2022-12-06,6.989999771118164,7.046200056076049,3,45.56080135656225,28.700715869196657,71760.46530104578,56.91326459073694,LOSS,71779.7573029936,-0.02687666087582914
2022-12-07,7.070000171661377,6.850199775695801,3,38.88290508028142,38.88290508028142,71799.34820612606,51.7934551011073,WIN,71799.34820612606,0.0
2022-12-08,7.119999885559082,6.928600168228149,3,39.043053592518035,39.043053592518035,71838.39125971857,51.526947567985566,WIN,71838.39125971857,0.0
2022-12-09,7.110000133514404,6.977599887847901,3,38.805915792200906,38.805915792200906,71877.19717551077,51.05014193627885,WIN,71877.19717551077,0.0
2022-12-12,7.289999961853027,6.967800130844116,3,33.99845174828077,33.99845174828077,71911.19562725905,46.62849739734039,WIN,71911.19562725905,0.0
2022-12-14,7.349999904632568,7.35,3,29.246060881214678,29.246032270985292,71940.44165953003,40.792601306649516,LOSS,71940.44165953003,0.0
2022-12-15,7.010000228881836,7.202999906539917,3,27.987225758384966,-29.91267753903937,71910.528981991,40.1861361238376,LOSS,71940.44165953003,-0.04157978023070663
2022-12-16,6.900000095367432,6.869800224304199,3,27.283895805186937,27.283895805186937,71937.81287779618,40.74408014999361,WIN,71940.44165953003,-0.00365410841691296
2022-12-19,6.349999904632568,6.762000093460083,3,25.25808712140752,-98.34196952684681,71839.47090826933,39.21254209884508,LOSS,71940.44165953003,-0.14035325462492848
2022-12-20,6.309999942779541,6.222999906539917,3,26.253580427152706,26.253580427152706,71865.72448869648,42.34663223561818,WIN,71940.44165953003,-0.10385976108843353
2022-12-21,6.5,6.18379994392395,3,25.841687538049413,25.841687538049413,71891.56617623453,42.088224763833594,WIN,71940.44165953003,-0.06793881461947811
2022-12-22,6.320000171661377,6.37,3,27.31100357214315,12.311055070556204,71903.87723130509,42.791585964418246,LOSS,71940.44165953003,-0.05082597129162556
2022-12-23,6.289999961853027,6.19360016822815,3,26.421562986412695,26.421562986412695,71930.2987942915,42.65224802727367,WIN,71940.44165953003,-0.014098975492150632
2022-12-27,6.0,6.1641999626159665,3,26.282586031433212,-22.977402753356728,71907.32139153815,42.637991602764146,LOSS,71940.44165953003,-0.04603845518300528
2022-12-28,6.070000171661377,5.88,3,25.8283348845859,25.8283348845859,71933.14972642274,43.47306286812851,WIN,71940.44165953003,-0.010136069419481702
2022-12-29,6.400000095367432,5.9486001682281495,3,26.320751029022517,26.320751029022517,71959.47047745176,43.68128483272383,WIN,71959.47047745176,0.0
2023-01-04,6.579999923706055,6.262199869155884,3,25.416287553130566,25.416287553130566,71984.88676500489,41.308754898720224,WIN,71984.88676500489,0.0
2023-01-06,6.400000095367432,6.19360016822815,3,24.491442585613385,24.491442585613385,72009.3782075905,40.63222490930559,WIN,72009.3782075905,0.0
2023-01-09,6.5,6.272000093460083,3,24.826571010178036,24.826571010178036,72034.20477860069,40.658176492435516,WIN,72034.20477860069,0.0
2023-01-10,6.699999809265137,6.37,3,25.383327152267267,25.383327152267267,72059.58810575296,40.829988881650976,WIN,72059.58810575296,0.0
2023-01-19,6.730000019073486,6.762000093460083,3,26.71151284431746,17.11149052833852,72076.6995962813,40.60580404043031,LOSS,72076.6995962813,0.0
2023-01-20,7.019999980926514,6.5954000186920165,3,21.78094589873713,21.78094589873713,72098.48054218003,36.406748144312836,WIN,72098.48054218003,0.0
2023-01-23,7.380000114440918,6.879599981307983,3,23.821822994697822,23.821822994697822,72122.30236517472,37.44537734737001,WIN,72122.30236517472,0.0
2023-01-25,7.21999979019165,6.879599981307983,3,26.30657516607819,26.30657516607819,72148.6089403408,39.78655837762713,WIN,72148.6089403408,0.0
2023-01-26,7.239999771118164,7.075599794387817,3,27.31263451209156,27.31263451209156,72175.9215748529,40.021620730225834,WIN,72175.9215748529,0.0
2023-01-27,7.550000190734863,7.095199775695801,3,25.150189859559738,25.150189859559738,72201.07176471245,37.97691640126142,WIN,72201.07176471245,0.0
2023-01-30,7.369999885559082,7.399000186920166,3,27.06690143174267,18.366811023417604,72219.43857573587,38.71267819217067,LOSS,72219.43857573587,0.0
2023-01-31,7.78000020980835,7.2225998878479,3,25.701946449283415,25.701946449283415,72245.14052218515,38.06681125204149,WIN,72245.14052218515,0.0
2023-02-03,8.40999984741211,8.8101997756958,3,40.046396852780134,-80.01358163232703,72165.12694055281,44.46407388047065,LOSS,72245.14052218515,-0.11075289085742757
2023-02-06,8.3100004196167,8.241799850463867,3,39.81316459995762,39.81316459995762,72204.94010515277,46.312643980124946,WIN,72245.14052218515,-0.05564445821796585
2023-02-07,8.329999923706055,8.143800411224365,3,39.79832344438116,39.79832344438116,72244.73842859715,46.677635714247316,WIN,72245.14052218515,-0.0005565683519886432
2023-02-08,8.220000267028809,8.163399925231934,3,39.97324449118575,39.97324449118575,72284.71167308833,46.74047568688552,WIN,72284.71167308833,0.0
2023-02-09,7.949999809265137,8.055600261688232,3,39.63619478160565,7.956059054677048,72292.667732143,46.89401183162914,LOSS,72292.667732143,0.0
2023-02-10,7.510000228881836,7.790999813079834,3,38.769661487677354,-45.53021377172203,72247.13751837128,47.256253198587906,LOSS,72292.667732143,-0.06298040340746595
2023-02-13,7.610000133514404,7.359800224304199,3,38.74381073187257,38.74381073187257,72285.88132910315,49.12333053109387,WIN,72292.667732143,-0.009387401589596164
2023-02-14,9.220000267028809,7.457800130844116,3,39.219940471115095,39.219940471115095,72325.10126957427,49.0887671158973,WIN,72325.10126957427,0.0
2023-02-17,9.199999809265137,9.515800037384032,3,76.3095722619314,-18.430496173737296,72306.67077340053,66.98150104675807,LOSS,72325.10126957427,-0.025482848762341817
2023-02-21,8.470000267028809,9.015999813079834,3,74.20534552135231,-89.59451829395519,72217.07625510657,68.35024300853786,LOSS,72325.10126957427,-0.14936033627531395
2023-02-22,8.359999656677246,8.300600261688233,3,71.00876956836764,71.00876956836764,72288.08502467493,70.45204818762524,WIN,72325.10126957427,-0.051180356818813076
2023-02-23,8.170000076293945,8.1927996635437,3,68.97190043188522,62.132024256958566,72350.2170489319,69.57012664125095,LOSS,72350.2170489319,0.0
2023-02-24,8.09000015258789,8.006600074768066,3,67.66246090472947,67.66246090472947,72417.87950983662,69.77908291824346,WIN,72417.87950983662,0.0
2023-02-27,8.029999732971191,7.928200149536132,3,67.10701548997652,67.10701548997652,72484.9865253266,69.86664736262136,WIN,72484.9865253266,0.0
2023-02-28,7.840000152587891,7.869399738311768,3,66.19314843427117,57.37327271710802,72542.3597980437,69.5238527637739,LOSS,72542.3597980437,0.0
2023-03-01,7.690000057220459,7.683200149536133,3,64.62318482217819,64.62318482217819,72606.98298286588,69.52068642881655,WIN,72606.98298286588,0.0
2023-03-02,7.96999979019165,7.53620005607605,3,62.59303733352132,62.59303733352132,72669.5760201994,68.83797443316821,WIN,72669.5760201994,0.0
2023-03-03,8.329999923706055,7.810599794387818,3,64.2933766619064,64.2933766619064,72733.86939686131,68.35768195544645,WIN,72733.86939686131,0.0
2023-03-06,8.279999732971191,8.163399925231934,3,64.27221373777401,64.27221373777401,72798.14161059908,66.03490255678295,WIN,72798.14161059908,0.0
2023-03-07,8.279999732971191,8.114399738311768,3,62.21097538818201,62.21097538818201,72860.35258598726,64.6964900374539,WIN,72860.35258598726,0.0
2023-03-08,8.130000114440918,8.114399738311768,3,62.139527221710004,62.139527221710004,72922.49211320897,64.63941452833168,WIN,72922.49211320897,0.0
2023-03-09,7.690000057220459,7.9674001121521,3,61.16331870899917,-22.05669777049303,72900.43541543848,64.76104808902704,LOSS,72922.49211320897,-0.030246769043830078
2023-03-10,7.349999904632568,7.53620005607605,3,58.89470243103196,3.0346569979875895,72903.47007243647,65.65693595975827,LOSS,72922.49211320897,-0.026085286200817556
2023-03-13,7.869999885559082,7.202999906539917,3,56.593510193354504,56.593510193354504,72960.06358262982,65.92937269884908,WIN,72960.06358262982,0.0
2023-03-14,7.889999866485596,7.7125998878479,3,61.24322745266488,61.24322745266488,73021.30681008249,66.4721574596326,WIN,73021.30681008249,0.0
2023-03-15,7.900000095367432,7.732199869155884,3,61.36581180377425,61.36581180377425,73082.67262188626,66.4444486000661,WIN,73082.67262188626,0.0
2023-03-16,7.980000019073486,7.742000093460083,3,40.33173271881731,40.33173271881731,73123.00435460507,48.76827007283552,WIN,73123.00435460507,0.0
2023-03-17,7.880000114440918,7.820400018692016,3,33.76211954072434,33.76211954072434,73156.7664741458,42.984389669701415,WIN,73156.7664741458,0.0
2023-03-20,8.079999923706055,7.7224001121520995,3,32.74000364126955,32.74000364126955,73189.50647778707,42.48156925765926,WIN,73189.50647778707,0.0
2023-03-23,8.329999923706055,8.045800037384033,3,31.174761294820748,31.174761294820748,73220.6812390819,40.115915098860896,WIN,73220.6812390819,0.0
2023-03-24,8.199999809265137,8.163399925231934,3,31.346326817592672,31.346326817592672,73252.0275658995,39.890331943066506,WIN,73252.0275658995,0.0
2023-03-27,8.039999961853027,8.035999813079833,3,30.99114601154369,30.99114601154369,73283.01871191103,39.998435091056436,WIN,73283.01871191103,0.0
2023-03-28,8.0,7.879199962615966,3,30.66413163727359,30.66413163727359,73313.6828435483,40.22688646359003,WIN,73313.6828435483,0.0
2023-03-29,8.220000267028809,7.84,3,30.05294135980514,30.05294135980514,73343.73578490812,39.847690313766165,WIN,73343.73578490812,0.0
2023-03-30,8.149999618530273,8.055600261688232,3,30.99871319657059,30.99871319657059,73374.73449810469,39.94369933603021,WIN,73374.73449810469,0.0
2023-03-31,8.449999809265137,7.986999626159668,3,29.894134842341217,29.894134842341217,73404.62863294703,39.26148777738502,WIN,73404.62863294703,0.0
2023-04-05,7.980000019073486,8.183000373840333,3,30.10067631319511,-30.799430116858815,73373.82920283017,38.84398209019877,LOSS,73404.62863294703,-0.041958430538318256
2023-04-06,8.09000015258789,7.820400018692016,3,30.115482073218026,30.115482073218026,73403.94468490338,39.961803254422094,WIN,73404.62863294703,-0.0009317505672108796
2023-04-10,8.390000343322754,7.928200149536132,3,28.070288760619356,28.070288760619356,73432.014973664,37.95024780271889,WIN,73432.014973664,0.0
2023-04-11,8.609999656677246,8.222200336456298,3,27.81144795675458,27.81144795675458,73459.82642162076,36.92555777210098,WIN,73459.82642162076,0.0
2023-04-12,8.329999923706055,8.437799663543702,3,24.523851981798394,-7.816069969495743,73452.01035165126,33.83972593508702,LOSS,73459.82642162076,-0.01063992436442719
2023-04-13,8.579999923706055,8.163399925231934,3,25.151044680139684,25.151044680139684,73477.1613963314,34.971011418544585,WIN,73477.1613963314,0.0
2023-04-14,8.8100004196167,8.408399925231933,3,26.632624004282874,26.632624004282874,73503.79402033568,35.53126471532231,WIN,73503.79402033568,0.0
2023-04-18,8.729999542236328,8.624000186920165,3,27.498353869171556,27.498353869171556,73531.29237420486,35.66869438198365,WIN,73531.29237420486,0.0
2023-04-19,8.489999771118164,8.555399551391602,3,27.01803318745776,7.39809910542634,73538.69047331029,35.47050414557968,LOSS,73538.69047331029,0.0
2023-04-20,8.149999618530273,8.320199775695801,3,25.21934835860468,-25.840698791053736,73512.84977451923,34.64785800435456,LOSS,73538.69047331029,-0.03513891616065031
2023-04-21,8.180000305175781,7.986999626159668,3,25.02992653777369,25.02992653777369,73537.879701057,35.31379265423432,WIN,73538.69047331029,-0.0011025111381089666
2023-04-24,8.100000381469727,8.016400299072265,3,24.91198497671747,24.91198497671747,73562.79168603371,35.14392251051244,WIN,73562.79168603371,0.0
2023-04-25,7.739999771118164,7.938000373840332,3,24.52420905238369,-34.875971764266616,73527.91571426945,35.02622073994057,LOSS,73562.79168603371,-0.04740979911844384
2023-04-26,7.739999771118164,7.5851997756958,3,24.88875085724024,24.88875085724024,73552.80446512668,36.26920127860363,WIN,73562.79168603371,-0.013576457170978988
2023-04-27,7.820000171661377,7.5851997756958,3,24.87917486712351,24.87917486712351,73577.6836399938,36.261017916473364,WIN,73577.6836399938,0.0
2023-04-28,7.75,7.663600168228149,3,24.473903296494562,24.473903296494562,73602.1575432903,35.70072260619011,WIN,73602.1575432903,0.0
2023-05-01,7.78000020980835,7.595,3,24.260185443982014,24.260185443982014,73626.41772873429,35.705295950027576,WIN,73626.41772873429,0.0
2023-05-02,7.590000152587891,7.624400205612183,3,22.859349167069137,12.539333259781454,73638.95706199408,34.43449595046549,LOSS,73638.95706199408,0.0
2023-05-03,7.559999942779541,7.438200149536133,3,22.680593406372882,22.680593406372882,73661.63765540045,34.765220202325644,WIN,73661.63765540045,0.0
2023-05-04,7.380000114440918,7.40879994392395,3,22.59031364979802,13.95036480488847,73675.58802020534,34.76466680181572,LOSS,73675.58802020534,0.0
2023-05-05,7.409999847412109,7.232400112152099,3,20.87299594806146,20.87299594806146,73696.4610161534,33.707573014588334,WIN,73696.4610161534,0.0
2023-05-08,7.739999771118164,7.261799850463867,3,20.70927496031579,20.70927496031579,73717.17029111371,33.485692478316366,WIN,73717.17029111371,0.0
2023-05-09,9.550000190734863,7.5851997756958,3,22.320399374182024,22.320399374182024,73739.49069048789,34.07436293735059,WIN,73739.49069048789,0.0
2023-05-11,9.880000114440918,9.741199588775634,3,69.08727100964853,69.08727100964853,73808.57796149753,60.97277303018851,WIN,73808.57796149753,0.0
2023-05-12,9.5,9.682400112152099,3,68.56963499904988,13.849601353420297,73822.42756285095,60.90541487767548,LOSS,73822.42756285095,0.0
2023-05-15,9.520000457763672,9.31,3,66.78631057031657,66.78631057031657,73889.21387342126,61.49999177699526,WIN,73889.21387342126,0.0
2023-05-16,9.470000267028809,9.329600448608398,3,66.91085022409622,66.91085022409622,73956.12472364536,61.488829094666535,WIN,73956.12472364536,0.0
2023-05-17,10.25,9.280600261688232,3,66.52611530073293,66.52611530073293,74022.6508389461,61.46556278085816,WIN,74022.6508389461,0.0
2023-05-22,11.84000015258789,11.475800037384033,3,93.03644062977784,93.03644062977784,74115.68727957587,67.55151237641871,WIN,74115.68727957587,0.0
2023-05-23,12.640000343322754,11.603200149536132,3,93.60010348240992,93.60010348240992,74209.28738305828,67.28939892586058,WIN,74209.28738305828,0.0
2023-05-24,12.229999542236328,12.3872003364563,3,98.24536708451117,51.085128818519834,74260.3725118768,66.41075983181841,LOSS,74260.3725118768,0.0
2023-05-25,12.84000015258789,11.985399551391602,3,96.67094222838091,96.67094222838091,74357.04345410518,67.28276404657565,WIN,74357.04345410518,0.0
2023-05-26,13.649999618530273,12.583200149536133,3,101.69261622085112,101.69261622085112,74458.73607032603,67.38578066482296,WIN,74458.73607032603,0.0
2023-05-30,14.710000038146973,13.376999626159668,3,107.94604596310234,107.94604596310234,74566.68211628914,67.30739937959564,WIN,74566.68211628914,0.0
2023-06-02,14.520000457763672,14.249199962615966,3,114.6943441542102,114.6943441542102,74681.37646044335,67.17550072452372,WIN,74681.37646044335,0.0
2023-06-05,15.239999771118164,14.229600448608398,3,113.01582293629923,113.01582293629923,74794.39228337965,66.48273971728409,WIN,74794.39228337965,0.0
2023-06-06,15.460000038146973,14.9351997756958,3,117.90514738642374,117.90514738642374,74912.29743076608,66.17252345207986,WIN,74912.29743076608,0.0
2023-06-08,15.1899995803833,14.396199588775634,3,85.06104389983085,85.06104389983085,74997.3584746659,53.29992764585022,WIN,74997.3584746659,0.0
2023-06-09,15.020000457763672,14.886199588775634,3,87.75614398816909,87.75614398816909,75085.11461865407,53.21279450700494,WIN,75085.11461865407,0.0
2023-06-12,15.649999618530273,14.719600448608398,3,87.08805190267907,87.08805190267907,75172.20267055676,53.351085299147925,WIN,75172.20267055676,0.0
2023-06-13,16.0,15.336999626159667,3,86.96194205323779,86.96194205323779,75259.16461261,51.75394214189829,WIN,75259.16461261,0.0
2023-06-14,15.90999984741211,15.68,3,88.26253267496412,88.26253267496412,75347.42714528496,51.487611178541805,WIN,75347.42714528496,0.0
2023-06-15,16.600000381469727,15.591799850463866,3,87.79269595816092,87.79269595816092,75435.21984124313,51.49868677889728,WIN,75435.21984124313,0.0
2023-06-20,15.789999961853027,15.973999252319336,3,68.71498112705623,13.515193987163592,75448.73503523029,42.88385888284755,LOSS,75448.73503523029,0.0
2023-06-21,14.640000343322754,15.474199962615966,3,69.2297375976481,-181.03014819031554,75267.70488703997,44.000105993689274,LOSS,75448.73503523029,-0.23993795006077226
2023-06-22,14.050000190734863,14.347200336456298,3,73.02130096569502,-16.138742750735503,75251.56614428925,47.99115407018171,LOSS,75448.73503523029,-0.2613282924478156
2023-06-23,14.029999732971191,13.769000186920167,3,68.95412939603209,68.95412939603209,75320.52027368528,47.46182842993387,WIN,75448.73503523029,-0.1699362639879111
2023-06-26,13.9399995803833,13.749399738311768,3,67.23781160253314,67.23781160253314,75387.75808528782,46.698954309752246,WIN,75448.73503523029,-0.0808190487408438
2023-06-27,14.609999656677246,13.661199588775634,3,64.85516933344311,64.85516933344311,75452.61325462126,45.77307289426672,WIN,75452.61325462126,0.0
2023-06-28,15.279999732971191,14.3177996635437,3,66.11954381063788,66.11954381063788,75518.7327984319,44.93426999227142,WIN,75518.7327984319,0.0
2023-06-30,15.329999923706055,14.895999813079834,3,63.953180595548446,63.953180595548446,75582.68597902745,42.82964038333155,WIN,75582.68597902745,0.0
2023-07-03,15.520000457763672,15.023399925231933,3,64.2647315281493,64.2647315281493,75646.9507105556,42.72806564612007,WIN,75646.9507105556,0.0
2023-07-07,15.34000015258789,14.8274001121521,3,62.24003030679693,62.24003030679693,75709.1907408624,42.209458119523745,WIN,75709.1907408624,0.0
2023-07-10,16.299999237060547,15.033200149536132,3,59.57851575107797,59.57851575107797,75768.76925661348,40.689363525381765,WIN,75768.76925661348,0.0
2023-07-12,16.59000015258789,16.1601997756958,3,67.73902839750947,67.73902839750947,75836.50828501099,42.17110759256237,WIN,75836.50828501099,0.0
2023-07-13,16.739999771118164,16.258200149536133,3,65.95507443352999,65.95507443352999,75902.46335944452,41.29607038108647,WIN,75902.46335944452,0.0
2023-07-14,16.399999618530273,16.4051997756958,3,66.01388966412158,64.45384251446397,75966.91720195899,41.08368242463491,LOSS,75966.91720195899,0.0
2023-07-17,17.399999618530273,16.071999626159666,3,65.38107947705633,65.38107947705633,76032.29828143604,41.369219629399936,WIN,76032.29828143604,0.0
2023-07-20,17.1299991607666,17.688999252319334,3,73.80562443719111,-93.89440302862869,75938.40387840742,42.04589139506789,LOSS,76032.29828143604,-0.12349278550158885
2023-07-21,16.43000030517578,16.78739917755127,3,65.02533733911174,-42.19432437353444,75896.20955403389,40.108126086690504,LOSS,76032.29828143604,-0.17898804912935115
2023-07-24,16.31999969482422,16.101400299072264,3,62.4584955647408,62.4584955647408,75958.66804959864,40.1444983959431,WIN,76032.29828143604,-0.0968407288766448
2023-07-25,16.549999237060547,15.993599700927733,3,62.25018463196369,62.25018463196369,76020.9182342306,40.229551268965984,WIN,76032.29828143604,-0.014967385522556562
2023-07-26,16.43000030517578,16.218999252319335,3,62.807136801216345,62.807136801216345,76083.72537103182,40.10152147981989,WIN,76083.72537103182,0.0
2023-07-27,16.149999618530273,16.101400299072264,3,60.00264560824027,60.00264560824027,76143.72801664006,39.15582400131416,WIN,76143.72801664006,0.0
2023-07-28,17.809999465942383,15.826999626159667,3,56.90787028439095,56.90787028439095,76200.63588692446,38.307132503282844,WIN,76200.63588692446,0.0
2023-08-03,18.709999084472656,18.590599327087403,3,104.73221256317547,104.73221256317547,76305.36809948763,51.51758022266339,WIN,76305.36809948763,0.0
2023-08-04,18.200000762939453,18.335799102783202,3,101.18257730883259,60.44307535570789,76365.81117484334,50.770169651411734,LOSS,76365.81117484334,0.0
2023-08-07,17.989999771118164,17.836000747680664,3,100.22021329280872,100.22021329280872,76466.03138813615,51.42276780209821,WIN,76466.03138813615,0.0
2023-08-08,17.040000915527344,17.6301997756958,3,95.737128339509,-81.32252971102794,76384.70885842512,50.19964369711486,LOSS,76466.03138813615,-0.10635118396330207
2023-08-09,15.25,16.699200897216798,3,94.48304058081298,-340.2772285842264,76044.4316298409,51.67526629389249,LOSS,76466.03138813615,-0.5513556158750342
2023-08-10,15.40999984741211,14.945,3,95.30197847454171,95.30197847454171,76139.73360831544,56.335300737060344,WIN,76466.03138813615,-0.4267225248874883
2023-08-11,15.40999984741211,15.101799850463866,3,96.33618178620682,96.33618178620682,76236.06979010164,56.35002949182656,WIN,76466.03138813615,-0.3007369335898221
2023-08-14,15.720000267028809,15.101799850463866,3,96.03965001408119,96.03965001408119,76332.10944011572,56.22275023604424,WIN,76466.03138813615,-0.17513913771810055
2023-08-15,15.369999885559082,15.405600261688232,3,94.51997909390973,83.83986625516482,76415.94930637088,54.77041258930836,LOSS,76466.03138813615,-0.06549585594557411
2023-08-16,15.449999809265137,15.0625998878479,3,90.75707430412314,90.75707430412314,76506.70638067501,54.056709517956165,WIN,76506.70638067501,0.0
2023-08-17,14.149999618530273,15.140999813079834,3,91.34585146203938,-205.95420690282867,76300.75217377218,54.106538713526554,LOSS,76506.70638067501,-0.26919758625872203
2023-08-18,14.399999618530273,13.866999626159668,3,87.20198739953906,87.20198739953906,76387.95416117173,55.76232839392333,WIN,76506.70638067501,-0.1552180522742718
2023-08-21,14.5,14.111999626159667,3,88.24464581915723,88.24464581915723,76476.19880699088,55.533575270034454,WIN,76506.70638067501,-0.039875685580199646
2023-08-22,14.670000076293945,14.209999999999999,3,88.98278530711946,88.98278530711946,76565.181592298,55.59074498077418,WIN,76565.181592298,0.0
2023-08-23,15.300000190734863,14.376600074768065,3,89.95033411378449,89.95033411378449,76655.13192641179,55.55661437875828,WIN,76655.13192641179,0.0
2023-08-25,14.529999732971191,13.857200336456298,3,92.74988513270108,92.74988513270108,76747.88181154449,58.38633738202392,WIN,76747.88181154449,0.0
2023-08-28,14.640000343322754,14.239399738311768,3,85.69857011694205,85.69857011694205,76833.58038166144,54.01189064180654,WIN,76833.58038166144,0.0
2023-08-29,15.399999618530273,14.347200336456298,3,70.37597142522716,70.37597142522716,76903.95635308666,46.79598946366534,WIN,76903.95635308666,0.0
2023-09-01,15.180000305175781,14.680399551391602,3,85.43864350659689,85.43864350659689,76989.39499659326,52.72520193271856,WIN,76989.39499659326,0.0
2023-09-05,15.210000038146973,14.876400299072266,3,86.74148225654582,86.74148225654582,77076.1364788498,52.79584746215268,WIN,77076.1364788498,0.0
2023-09-06,15.300000190734863,14.905800037384033,3,86.98922180398117,86.98922180398117,77163.12570065378,52.82903469085247,WIN,77163.12570065378,0.0
2023-09-07,15.210000038146973,14.994000186920166,3,85.37423388455554,85.37423388455554,77248.49993453834,51.90833144041104,WIN,77248.49993453834,0.0
2023-09-08,15.130000114440918,14.905800037384033,3,73.06237863328523,73.06237863328523,77321.56231317163,46.772663309286585,WIN,77321.56231317163,0.0
2023-09-11,15.789999961853027,14.8274001121521,3,72.58933759213835,72.58933759213835,77394.15165076377,46.73386213665718,WIN,77394.15165076377,0.0
2023-09-13,15.600000381469727,15.278200149536133,3,76.80803205878635,76.80803205878635,77470.95968282256,47.587387673324045,WIN,77470.95968282256,0.0
2023-09-14,15.829999923706055,15.288000373840331,3,76.20647972549787,76.20647972549787,77547.16616254806,47.311440499201694,WIN,77547.16616254806,0.0
2023-09-18,15.460000038146973,15.023399925231933,3,67.00795492203403,67.00795492203403,77614.1741174701,43.91167408170952,WIN,77614.1741174701,0.0
2023-09-19,15.149999618530273,15.150800037384032,3,67.36285448025066,67.12272882412304,77681.29684629422,43.82040105407697,LOSS,77681.29684629422,0.0
2023-09-20,14.739999771118164,14.846999626159668,3,66.72497197802194,34.62501546557064,77715.9218617598,44.131631441705245,LOSS,77715.9218617598,0.0
2023-09-21,14.0,14.4451997756958,3,65.85164249980122,-67.7082902089387,77648.21357155085,44.55004616434757,LOSS,77715.9218617598,-0.08712280390803924
2023-09-22,14.130000114440918,13.719999999999999,3,63.03211141476588,63.03211141476588,77711.24568296561,44.779873466926105,WIN,77715.9218617598,-0.006017015152310117
2023-09-25,14.220000267028809,13.8474001121521,3,56.85254398205997,56.85254398205997,77768.09822694768,41.61317968146457,WIN,77768.09822694768,0.0
2023-09-26,13.960000038146973,13.935600261688233,3,56.240409819305306,56.240409819305306,77824.33863676699,41.160009708165674,WIN,77824.33863676699,0.0
2023-09-27,14.850000381469727,13.680800037384033,3,55.49868996498559,55.49868996498559,77879.83732673197,41.29579715902325,WIN,77879.83732673197,0.0
2023-10-02,15.880000114440918,15.68,3,54.99805887347056,54.99805887347056,77934.83538560545,37.73612287038941,WIN,77934.83538560545,0.0
2023-10-03,14.899999618530273,15.5624001121521,3,54.60288980364331,-144.11725828290446,77790.71812732254,37.74333536599455,LOSS,77934.83538560545,-0.18492020618230576
2023-10-04,15.729999542236328,14.601999626159667,3,57.33661521456537,57.33661521456537,77848.0547425371,40.45275650330951,WIN,77934.83538560545,-0.11135026158580902
2023-10-05,15.8100004196167,15.415399551391602,3,65.00905687137859,65.00905687137859,77913.06379940848,42.33595080322385,WIN,77934.83538560545,-0.027935628643136846
2023-10-06,16.610000610351562,15.493800411224365,3,65.25634969392424,65.25634969392424,77978.32014910241,42.301086049271476,WIN,77978.32014910241,0.0
2023-10-11,17.920000076293945,17.443999252319337,3,78.63592297796471,78.63592297796471,78056.95607208037,44.22066084735425,WIN,78056.95607208037,0.0
2023-10-12,17.940000534057617,17.561600074768066,3,79.0956841346589,79.0956841346589,78136.05175621503,44.194685980451084,WIN,78136.05175621503,0.0
2023-10-13,17.360000610351562,17.581200523376463,3,79.15559250393667,12.795618596466525,78148.8473748115,44.18422608848405,LOSS,78148.8473748115,0.0
2023-10-16,17.360000610351562,17.01280059814453,3,76.68268690580089,76.68268690580089,78225.5300617173,44.21706686116147,WIN,78225.5300617173,0.0
2023-10-17,17.84000015258789,17.01280059814453,3,76.74389404122364,76.74389404122364,78302.27395575853,44.24038754853153,WIN,78302.27395575853,0.0
2023-10-18,17.200000762939453,17.48320014953613,3,78.30275159523771,-6.657064383765686,78295.61689137477,44.03161517952857,LOSS,78302.27395575853,-0.008501751031551767
2023-10-19,17.059999465942383,16.856000747680664,3,76.53556449028167,76.53556449028167,78372.15245586506,44.432276324304254,WIN,78372.15245586506,0.0
2023-10-20,16.110000610351562,16.718799476623534,3,71.03559135457158,-111.60406852701993,78260.54838733804,42.54140018201701,LOSS,78372.15245586506,-0.14240270941883607
2023-10-23,16.200000762939453,15.78780059814453,3,72.93527025552943,72.93527025552943,78333.48365759358,44.94546548580269,WIN,78372.15245586506,-0.04933997224748356
2023-10-24,16.639999389648438,15.876000747680663,3,73.34539220548608,73.34539220548608,78406.82904979907,44.94655222982236,WIN,78406.82904979907,0.0
2023-10-25,15.59000015258789,16.307199401855467,3,74.84087403827715,-140.31890074199572,78266.51014905707,44.74915082196031,LOSS,78406.82904979907,-0.17896260114393714
2023-10-26,15.289999961853027,15.278200149536133,3,72.0858382149055,72.0858382149055,78338.59598727197,45.58389979146617,WIN,78406.82904979907,-0.08702438723004788
2023-10-27,15.069999694824219,14.984199962615966,3,66.45182521172997,66.45182521172997,78405.0478124837,43.74673056167591,WIN,78406.82904979907,-0.0022717884869960145
2023-10-30,14.6899995803833,14.768599700927734,3,65.36302544551666,41.78298928218679,78446.83080176589,43.68850593391486,LOSS,78446.83080176589,0.0
2023-10-31,14.800000190734863,14.396199588775634,3,64.32800148795205,64.32800148795205,78511.15880325384,43.96458460458193,WIN,78511.15880325384,0.0
2023-11-01,14.920000076293945,14.504000186920166,3,60.10277933340811,60.10277933340811,78571.26158258725,41.86098060315204,WIN,78571.26158258725,0.0
2023-11-02,17.969999313354492,14.621600074768066,3,56.06208538917047,56.06208538917047,78627.32366797642,39.85360843849545,WIN,78627.32366797642,0.0
2023-11-07,18.799999237060547,18.169200897216797,3,121.81844297228548,121.81844297228548,78749.14211094871,58.4602601523933,WIN,78749.14211094871,0.0
2023-11-09,18.270000457763672,18.120199775695802,3,121.96053934689164,121.96053934689164,78871.10265029561,58.628618289548726,WIN,78871.10265029561,0.0
2023-11-10,19.670000076293945,17.9046004486084,3,120.7265185029193,120.7265185029193,78991.82916879853,58.70721628439135,WIN,78991.82916879853,0.0
2023-11-16,19.770000457763672,19.551000747680664,3,133.49309479680716,133.49309479680716,79125.32226359534,59.2593379786772,WIN,79125.32226359534,0.0
2023-11-17,20.489999771118164,19.374600448608398,3,132.32297374946225,132.32297374946225,79257.64523734481,59.27082361853505,WIN,79257.64523734481,0.0
2023-11-22,19.690000534057617,19.403999252319334,3,136.76244823598492,136.76244823598492,79394.4076855808,60.68679806404855,WIN,79394.4076855808,0.0
2023-11-24,19.200000762939453,19.296200523376463,3,130.1628686745846,101.30294054348167,79495.71062612427,58.72505981551927,LOSS,79495.71062612427,0.0
2023-11-27,19.079999923706055,18.816000747680665,3,127.35761715277316,127.35761715277316,79623.06824327704,58.87455327689592,WIN,79623.06824327704,0.0
2023-11-28,19.709999084472656,18.698399925231932,3,126.14730734053475,126.14730734053475,79749.21555061758,58.7309231024698,WIN,79749.21555061758,0.0
2023-11-29,19.84000015258789,19.315799102783203,3,128.8900075256418,128.8900075256418,79878.10555814322,58.253541632928936,WIN,79878.10555814322,0.0
2023-11-30,20.049999237060547,19.443200149536132,3,129.75868752323393,129.75868752323393,80007.86424566645,58.259729712229365,WIN,80007.86424566645,0.0
2023-12-05,18.299999237060547,18.031999626159667,3,81.45853860102724,81.45853860102724,80089.32278426748,44.28247822951427,WIN,80089.32278426748,0.0
2023-12-06,17.1299991607666,17.933999252319335,3,80.536407057737,-160.6636204080831,79928.6591638594,44.109195825800654,LOSS,80089.32278426748,-0.20060554244022938
2023-12-07,17.219999313354492,16.78739917755127,3,80.5043780289227,80.5043780289227,80009.16354188832,46.08502249729966,WIN,80089.32278426748,-0.100087302017873
2023-12-08,17.770000457763672,16.875599327087404,3,80.79063897564659,80.79063897564659,80089.95418086398,46.032512705414796,WIN,80089.95418086398,0.0
2023-12-11,17.770000457763672,17.414600448608397,3,84.83516275726308,84.83516275726308,80174.78934362125,46.57748133193545,WIN,80174.78934362125,0.0
2023-12-12,17.5,17.414600448608397,3,75.4898530015265,75.4898530015265,80250.27919662277,43.09895503739302,WIN,80250.27919662277,0.0
2023-12-13,17.8700008392334,17.15,3,74.43412672957582,74.43412672957582,80324.71332335235,43.133455483246166,WIN,80324.71332335235,0.0
2023-12-14,18.209999084472656,17.51260082244873,3,76.65316907332962,76.65316907332962,80401.36649242567,43.37230176953334,WIN,80401.36649242567,0.0
2023-12-18,17.84000015258789,17.836000747680664,3,78.87727189819056,78.87727189819056,80480.24376432387,43.666158899672865,WIN,80480.24376432387,0.0
2023-12-19,17.950000762939453,17.48320014953613,3,74.96455907080608,74.96455907080608,80555.20832339468,42.79394321027978,WIN,80555.20832339468,0.0
2023-12-20,17.25,17.591000747680663,3,71.79390181398199,-30.506322490217016,80524.70200090446,41.45526487148735,LOSS,80555.20832339468,-0.03787008081183483
2023-12-21,17.59000015258789,16.905,3,63.53695851241358,63.53695851241358,80588.23895941688,39.362752360184736,WIN,80588.23895941688,0.0
2023-12-22,17.40999984741211,17.238200149536134,3,65.95412469244752,65.95412469244752,80654.19308410933,39.80076895415601,WIN,80654.19308410933,0.0
2023-12-26,17.68000030517578,17.061799850463867,3,64.61674445990057,64.61674445990057,80718.80982856922,39.54908642588525,WIN,80718.80982856922,0.0
2023-12-27,17.469999313354492,17.326400299072265,3,66.28288805702803,66.28288805702803,80785.09271662626,39.797516254381904,WIN,80785.09271662626,0.0
2023-12-28,17.559999465942383,17.1205993270874,3,63.069734663043064,63.069734663043064,80848.1624512893,38.87905548537786,WIN,80848.1624512893,0.0
2024-01-02,16.579999923706055,16.826600074768066,3,61.850270125059346,-12.12977519354417,80836.03267609575,38.82650444757536,LOSS,80848.1624512893,-0.015003155082043003
2024-01-03,16.09000015258789,16.248399925231933,3,60.241713299710014,12.721781506497337,80848.75445760225,39.032658726915486,LOSS,80848.75445760225,0.0
2024-01-04,16.25,15.768200149536133,3,45.99455528249951,45.99455528249951,80894.74901288474,33.90773054482125,WIN,80894.74901288474,0.0
2024-01-05,15.979999542236328,15.924999999999999,3,46.99743929044435,46.99743929044435,80941.74645217518,34.12977486451871,WIN,80941.74645217518,0.0
2024-01-08,16.670000076293945,15.6603995513916,3,38.47048063347913,38.47048063347913,80980.21693280866,30.92354935685252,WIN,80980.21693280866,0.0
2024-01-10,16.790000915527344,16.06219940185547,3,42.0118306606351,42.0118306606351,81022.22876346929,31.95437159698745,WIN,81022.22876346929,0.0
2024-01-12,16.760000228881836,16.346400299072265,3,44.222764189943256,44.222764189943256,81066.45152765923,32.53633606021831,WIN,81066.45152765923,0.0
2024-01-17,16.389999389648438,16.199400672912596,3,41.56786472525705,41.56786472525705,81108.01939238448,31.633125835840882,WIN,81108.01939238448,0.0
2024-01-18,16.399999618530273,16.06219940185547,3,41.20374528243339,41.20374528243339,81149.22313766691,31.628259176541054,WIN,81149.22313766691,0.0
2024-01-19,16.780000686645508,16.071999626159666,3,40.7135978512965,40.7135978512965,81189.9367355182,31.4204355790829,WIN,81189.9367355182,0.0
2024-01-23,17.329999923706055,17.24800037384033,3,47.93155033608389,47.93155033608389,81237.86828585429,33.01348855034263,WIN,81237.86828585429,0.0
2024-01-24,16.75,16.983399925231932,3,46.88869544497146,-23.131282124608234,81214.73700372968,32.89610905853829,LOSS,81237.86828585429,-0.028473521785698966
2024-01-25,16.459999084472656,16.415,3,47.52924809487726,47.52924809487726,81262.26625182455,33.76874185984115,WIN,81262.26625182455,0.0
2024-01-26,16.350000381469727,16.130799102783204,3,46.47711448230052,46.47711448230052,81308.74336630685,33.67662415182711,WIN,81308.74336630685,0.0
2024-01-29,17.09000015258789,16.023000373840333,3,46.02718159708526,46.02718159708526,81354.77054790394,33.6202558430995,WIN,81354.77054790394,0.0
2024-01-30,16.739999771118164,16.74820014953613,3,52.90078204376031,50.440668518370025,81405.2112164223,35.474299619509786,LOSS,81405.2112164223,0.0
2024-01-31,16.09000015258789,16.4051997756958,3,51.67294427575905,-42.8869426566134,81362.3242737657,35.41722848467893,LOSS,81405.2112164223,-0.05268328896363956
2024-02-01,16.329999923706055,15.768200149536133,3,50.28956410668624,50.28956410668624,81412.61383787238,35.67334973684443,WIN,81412.61383787238,0.0
2024-02-02,17.020000457763672,16.003399925231932,3,49.74646961551667,49.74646961551667,81462.3603074879,35.14953885808377,WIN,81462.3603074879,0.0
2024-02-06,21.8700008392334,16.3855993270874,3,54.17344684322711,54.17344684322711,81516.53375433113,36.43084238883264,WIN,81516.53375433113,0.0
2024-02-09,24.3799991607666,24.0198002243042,3,218.37879984289611,218.37879984289611,81734.91255417402,73.9326795795192,WIN,81734.91255417402,0.0
2024-02-12,25.049999237060547,23.89239917755127,3,217.14984375072976,217.14984375072976,81952.06239792475,73.91350528894962,WIN,81952.06239792475,0.0
2024-02-14,25.190000534057617,23.5298002243042,3,216.37794399271434,216.37794399271434,82168.44034191746,74.60872798280325,WIN,82168.44034191746,0.0
2024-02-20,23.399999618530273,23.951200523376464,3,223.4698373358249,58.10956588196774,82226.54990779943,75.47929646019617,LOSS,82226.54990779943,0.0
2024-02-21,22.739999771118164,22.93199962615967,3,216.76802087003273,159.16806435758116,82385.71797215701,76.27289367128924,LOSS,82385.71797215701,0.0
2024-02-22,23.59000015258789,22.2851997756958,3,211.5677682288345,211.5677682288345,82597.28574038585,76.53866598554104,WIN,82597.28574038585,0.0
2024-02-23,22.969999313354492,23.118200149536133,3,217.28930737360133,172.8290565191092,82770.11479690496,75.92554749315623,LOSS,82770.11479690496,0.0
2024-02-26,23.559999465942383,22.5105993270874,3,212.27705000963394,212.27705000963394,82982.3918469146,76.12671965181406,WIN,82982.3918469146,0.0
2024-02-27,24.530000686645508,23.088799476623535,3,217.06762670753074,217.06762670753074,83199.45947362213,75.94089250525337,WIN,83199.45947362213,0.0
2024-03-04,24.040000915527344,24.431400299072266,3,225.28703157248967,107.8672165090131,83307.32669013114,74.7727087697845,LOSS,83307.32669013114,0.0
2024-03-05,23.809999465942383,23.559200897216797,3,220.1320577300325,220.1320577300325,83527.45874786118,75.56724814540254,WIN,83527.45874786118,0.0
2024-03-06,26.15999984741211,23.333799476623536,3,217.49132284591346,217.49132284591346,83744.9500707071,75.41872799995595,WIN,83744.9500707071,0.0
2024-03-07,26.459999084472656,25.636799850463866,3,127.28571234770973,127.28571234770973,83872.23578305481,47.18332781804833,WIN,83872.23578305481,0.0
2024-03-08,26.040000915527344,25.9307991027832,3,117.9155384767297,117.9155384767297,83990.15132153155,44.476115014566375,WIN,83990.15132153155,0.0
2024-03-11,25.350000381469727,25.519200897216795,3,114.50904075597047,63.74888603185002,84053.9002075634,44.0862551898188,LOSS,84053.9002075634,0.0
2024-03-12,24.700000762939453,24.843000373840333,3,113.22307772997571,70.32319445971179,84124.22340202311,44.542416354934545,LOSS,84124.22340202311,0.0
2024-03-13,25.0,24.206000747680665,3,110.3977038780414,110.3977038780414,84234.62110590115,44.56324501537065,WIN,84234.62110590115,0.0
2024-03-14,24.43000030517578,24.5,3,108.04479748132489,87.04488903405927,84321.66599493522,43.585966458992345,LOSS,84321.66599493522,0.0
2024-03-15,23.489999771118164,23.941400299072264,3,101.70448047137202,-33.71567791485785,84287.95031702035,42.536303641722306,LOSS,84321.66599493522,-0.039984596505588055
2024-03-18,24.0,23.0201997756958,3,100.32617758778962,100.32617758778962,84388.27649460814,43.25011903718273,WIN,84388.27649460814,0.0
2024-03-19,23.799999237060547,23.52,3,100.86013785003352,100.86013785003352,84489.13663245818,42.79696270321682,WIN,84489.13663245818,0.0
2024-03-20,24.56999969482422,23.323999252319336,3,96.131100870844,96.131100870844,84585.26773332902,41.71628091557561,WIN,84585.26773332902,0.0
2024-03-22,24.18000030517578,24.0001997756958,3,96.09791487629633,96.09791487629633,84681.36564820532,40.95459234899431,WIN,84681.36564820532,0.0
2024-03-25,24.510000228881836,23.696400299072266,3,93.45960938427777,93.45960938427777,84774.8252575896,40.56564112274934,WIN,84774.8252575896,0.0
2024-03-26,24.889999389648438,24.0198002243042,3,93.7512097380351,93.7512097380351,84868.57646732764,40.30012074275831,WIN,84868.57646732764,0.0
2024-03-27,24.510000228881836,24.392199401855468,3,91.78473172776424,91.78473172776424,84960.3611990554,39.39127965642288,WIN,84960.3611990554,0.0
2024-03-28,23.010000228881836,24.0198002243042,3,90.96658161991724,-211.97341700679152,84748.38778204861,39.54864854513099,LOSS,84960.3611990554,-0.24949684066215289
2024-04-01,22.860000610351562,22.5498002243042,3,91.6022389197362,91.6022389197362,84839.99002096834,41.331675500609194,WIN,84960.3611990554,-0.14167922121357887
2024-04-02,22.719999313354492,22.40280059814453,3,91.0108314050868,91.0108314050868,84931.00085237343,41.33333552953301,WIN,84960.3611990554,-0.03455769992925035
2024-04-03,22.700000762939453,22.2655993270874,3,88.14205427222306,88.14205427222306,85019.14290664565,40.660427233550536,WIN,85019.14290664565,0.0
2024-04-04,22.479999542236328,22.246000747680664,3,87.94470359169722,87.94470359169722,85107.08761023734,40.62552940623665,WIN,85107.08761023734,0.0
2024-04-05,22.959999084472656,22.0303995513916,3,59.22316722794284,59.22316722794284,85166.31077746529,32.42546436047877,WIN,85166.31077746529,0.0
2024-04-08,23.0,22.5007991027832,3,62.00189849487174,62.00189849487174,85228.31267596016,32.861673646825,WIN,85228.31267596016,0.0
2024-04-09,22.809999465942383,22.54,3,62.03248841782579,62.03248841782579,85290.34516437798,32.839406256528434,WIN,85290.34516437798,0.0
2024-04-10,22.420000076293945,22.353799476623536,3,60.11401978561901,60.11401978561901,85350.4591841636,32.43169118642867,WIN,85350.4591841636,0.0
2024-04-11,22.84000015258789,21.971600074768066,3,58.167419119642766,58.167419119642766,85408.62660328324,32.16062944617947,WIN,85408.62660328324,0.0
2024-04-12,22.670000076293945,22.383200149536133,3,60.12452749226857,60.12452749226857,85468.7511307755,32.41183738803353,WIN,85468.7511307755,0.0
2024-04-15,21.899999618530273,22.216600074768067,3,58.54064785070476,-36.4394890206333,85432.31164175487,32.0802817909488,LOSS,85468.7511307755,-0.04263486775988494
2024-04-16,21.8799991607666,21.461999626159667,3,55.59220064377833,55.59220064377833,85487.90384239865,31.790312819662176,WIN,85487.90384239865,0.0
2024-04-17,21.309999465942383,21.44239917755127,3,53.39420051327556,13.674287030609499,85501.57812942925,31.141199889138257,LOSS,85501.57812942925,0.0
2024-04-18,21.1299991607666,20.883799476623533,3,53.43011556147065,53.43011556147065,85555.00824499072,31.584092191440387,WIN,85555.00824499072,0.0
2024-04-19,20.469999313354492,20.70739917755127,3,47.98131470580079,-23.238644553232625,85531.76960043749,30.019715017924014,LOSS,85555.00824499072,-0.027162225835671797
2024-04-22,20.969999313354492,20.060599327087402,3,48.210355866399816,48.210355866399816,85579.97995630388,30.57799420115311,WIN,85579.97995630388,0.0
2024-04-23,21.639999389648438,20.5505993270874,3,52.70391927725183,52.70391927725183,85632.68387558113,31.623923234612334,WIN,85632.68387558113,0.0
2024-04-24,21.59000015258789,21.20719940185547,3,57.773132652873855,57.773132652873855,85690.457008234,32.65865824536106,WIN,85690.457008234,0.0
2024-04-25,21.709999084472656,21.158200149536132,3,56.20104628323531,56.20104628323531,85746.65805451725,32.217923904142296,WIN,85746.65805451725,0.0
2024-04-26,22.520000457763672,21.275799102783203,3,56.70854553419433,56.70854553419433,85803.36660005143,32.27737390866236,WIN,85803.36660005143,0.0
2024-05-01,22.1200008392334,21.5305993270874,3,56.778591402258826,56.778591402258826,85860.14519145369,32.09399605575025,WIN,85860.14519145369,0.0
2024-05-02,22.549999237060547,21.67760082244873,3,57.37772798144775,57.37772798144775,85917.52291943514,32.15723251279993,WIN,85917.52291943514,0.0
2024-05-03,23.329999923706055,22.098999252319334,3,59.485927945566935,59.485927945566935,85977.00884738071,32.44844536327277,WIN,85977.00884738071,0.0
2024-05-08,21.559999465942383,20.97199962615967,3,116.48771583695078,116.48771583695078,86093.49656321766,51.004384625276295,WIN,86093.49656321766,0.0
2024-05-09,21.139999389648438,21.128799476623534,3,117.11711299665063,117.11711299665063,86210.61367621431,50.93028327162857,WIN,86210.61367621431,0.0
2024-05-10,20.600000381469727,20.717199401855467,3,114.6656267505208,79.50592063479866,86290.11959684911,50.87709804497286,LOSS,86290.11959684911,0.0
2024-05-13,20.940000534057617,20.18800037384033,3,112.42250391175361,112.42250391175361,86402.54210076087,51.097327865251344,WIN,86402.54210076087,0.0
2024-05-14,21.440000534057617,20.521200523376464,3,113.35683677967671,113.35683677967671,86515.89893754055,50.806350510852766,WIN,86515.89893754055,0.0
2024-05-15,21.670000076293945,21.011200523376463,3,116.9590127222427,116.9590127222427,86632.8579502628,51.08260885524917,WIN,86632.8579502628,0.0
2024-05-21,21.239999771118164,21.18760082244873,3,114.48854388364327,114.48854388364327,86747.34649414645,50.02638798842498,WIN,86747.34649414645,0.0
2024-05-22,21.170000076293945,20.8151997756958,3,111.58212744779308,111.58212744779308,86858.92862159424,49.7479476421427,WIN,86858.92862159424,0.0
2024-05-23,20.719999313354492,20.746600074768065,3,111.22285201016759,103.24262358609587,86962.17124518033,49.75059110365375,LOSS,86962.17124518033,0.0
2024-05-24,21.010000228881836,20.305599327087403,3,109.431258598899,109.431258598899,87071.60250377923,49.933386281880594,WIN,87071.60250377923,0.0
2024-05-28,21.049999237060547,20.5898002243042,3,109.00614248151001,109.00614248151001,87180.60864626073,49.317365688089005,WIN,87180.60864626073,0.0
2024-05-29,20.940000534057617,20.628999252319336,3,108.82440876655296,108.82440876655296,87289.43305502729,49.19505137831805,WIN,87289.43305502729,0.0
2024-05-30,21.729999542236328,20.521200523376464,3,106.3319866905494,106.3319866905494,87395.76504171784,48.58739088103903,WIN,87395.76504171784,0.0
2024-06-03,21.31999969482422,21.246400299072267,3,111.73929048322134,111.73929048322134,87507.50433220106,49.09067921263262,WIN,87507.50433220106,0.0
2024-06-04,22.100000381469727,20.893599700927734,3,108.05378815820274,108.05378815820274,87615.55812035926,48.52291929845376,WIN,87615.55812035926,0.0
2024-06-10,23.1299991607666,22.843799476623534,3,58.906280443566445,58.906280443566445,87674.46440080283,31.71507639256005,WIN,87674.46440080283,0.0
2024-06-11,23.850000381469727,22.667399177551268,3,55.64114122411683,55.64114122411683,87730.10554202694,30.911438357566073,WIN,87730.10554202694,0.0
2024-06-13,23.270000457763672,23.2946004486084,3,58.22327758042884,50.84328032701062,87780.94882235395,31.20154712098289,LOSS,87780.94882235395,0.0
2024-06-14,23.56999969482422,22.804600448608397,3,59.18120436402958,59.18120436402958,87840.13002671798,31.821953798487428,WIN,87840.13002671798,0.0
2024-06-17,25.020000457763672,23.098599700927736,3,60.12440752606629,60.12440752606629,87900.25443424404,31.87253204271392,WIN,87900.25443424404,0.0
2024-06-21,23.84000015258789,25.048799476623536,3,76.04475785949104,-286.59503935120256,87613.65939489283,34.67874824043152,LOSS,87900.25443424404,-0.32604574491373917
2024-06-24,24.15999984741211,23.363200149536134,3,86.12173342507651,86.12173342507651,87699.78112831792,38.894367414236044,WIN,87900.25443424404,-0.22806908491498032
2024-06-25,24.559999465942383,23.676799850463865,3,85.29141066579294,85.29141066579294,87785.07253898372,38.35056529561004,WIN,87900.25443424404,-0.13103704420615234
2024-06-26,24.100000381469727,24.068799476623536,3,86.79917939664861,86.79917939664861,87871.87171838037,38.376328143499194,WIN,87900.25443424404,-0.03228968567423528
2024-06-27,25.219999313354492,23.61800037384033,3,86.8782374879826,86.8782374879826,87958.74995586835,38.844212354613354,WIN,87958.74995586835,0.0
2024-06-28,25.329999923706055,24.715599327087403,3,94.17770684842213,94.17770684842213,88052.92766271677,39.69972225924374,WIN,88052.92766271677,0.0
2024-07-03,25.850000381469727,25.313399925231934,3,92.94244608054854,92.94244608054854,88145.87010879732,38.800096718687826,WIN,88145.87010879732,0.0
2024-07-05,27.229999542236328,25.33300037384033,3,91.1420151513982,91.1420151513982,88237.01212394872,38.32099637537513,WIN,88237.01212394872,0.0
2024-07-10,28.420000076293945,26.842199401855467,3,96.47825170498889,96.47825170498889,88333.49037565371,38.29841791034905,WIN,88333.49037565371,0.0
2024-07-12,28.06999969482422,27.087199401855468,3,101.30904453609504,101.30904453609504,88434.79942018981,39.24371773905126,WIN,88434.79942018981,0.0
2024-07-16,28.670000076293945,28.096600074768066,3,102.36703726895361,102.36703726895361,88537.16645745876,38.61682266684719,WIN,88537.16645745876,0.0
2024-07-17,28.219999313354492,28.096600074768066,3,102.69149513436045,102.69149513436045,88639.85795259313,38.69167746458882,WIN,88639.85795259313,0.0
2024-07-18,28.639999389648438,27.6555993270874,3,94.11956145669826,94.11956145669826,88733.97751404982,37.06032593727261,WIN,88733.97751404982,0.0
2024-07-19,28.579999923706055,28.06719940185547,3,93.55909089741303,93.55909089741303,88827.53660494724,36.60737540843923,WIN,88827.53660494724,0.0
2024-07-22,28.459999084472656,28.008399925231934,3,92.73531212284668,92.73531212284668,88920.27191707009,36.462086624035734,WIN,88920.27191707009,0.0
2024-07-23,28.809999465942383,27.890799102783202,3,71.94275247513127,71.94275247513127,88992.21466954522,31.720189547240878,WIN,88992.21466954522,0.0
2024-07-24,26.600000381469727,28.233799476623535,3,72.79072267761525,-417.3490058685272,88574.8656636767,31.7117453599144,LOSS,88992.21466954522,-0.46897249092886323
2024-07-25,26.6299991607666,26.06800037384033,3,90.53781929751037,90.53781929751037,88665.4034829742,37.513209649631,WIN,88992.21466954522,-0.3672357045889591
2024-07-26,27.18000030517578,26.09739917755127,3,89.01434699524519,89.01434699524519,88754.41782996945,37.10944730456468,WIN,88992.21466954522,-0.2672108346317585
2024-07-29,27.079999923706055,26.636400299072264,3,86.14314686270717,86.14314686270717,88840.56097683216,35.96333160340661,WIN,88992.21466954522,-0.17041231446615995
2024-07-30,26.3700008392334,26.538399925231932,3,86.01055138348457,35.49082558392449,88876.05180241608,36.00835761903313,LOSS,88992.21466954522,-0.13053149374974837
2024-07-31,26.889999389648438,25.84260082244873,3,85.1726763982726,85.1726763982726,88961.22447881436,36.36383324572553,WIN,88992.21466954522,-0.034823485229514305
2024-08-01,26.079999923706055,26.35219940185547,3,87.81205549517894,6.152212050354763,88967.37669086471,36.599931780128955,LOSS,88992.21466954522,-0.02791028268343147
2024-08-02,24.739999771118164,25.55839992523193,3,88.15747628579479,-157.36256994833548,88810.01412091637,37.3583933230072,LOSS,88992.21466954522,-0.20473762711201168
2024-08-05,24.09000015258789,24.2451997756958,3,81.9869733951542,35.42708646278179,88845.44120737915,36.91967909834817,LOSS,88992.21466954522,-0.16492842965094448
2024-08-06,26.59000015258789,23.60820014953613,3,79.59395601883345,79.59395601883345,88925.03516339797,36.854069339537084,WIN,88992.21466954522,-0.07548919464102437
2024-08-07,26.31999969482422,26.058200149536134,3,117.81342490754898,117.81342490754898,89042.84858830553,44.30660225850172,WIN,89042.84858830553,0.0
2024-08-08,29.280000686645508,25.793599700927732,3,113.17760843248215,113.17760843248215,89156.026196738,43.44223113272668,WIN,89156.026196738,0.0
2024-08-13,30.389999389648438,28.792399177551268,3,155.10528365464253,155.10528365464253,89311.13148039265,49.919164338363444,WIN,89311.13148039265,0.0
2024-08-14,31.0,29.78219940185547,3,162.55498264246617,162.55498264246617,89473.68646303512,50.380064748609556,WIN,89473.68646303512,0.0
2024-08-19,32.5,31.43840179443359,3,171.89396062673606,171.89396062673606,89645.58042366186,50.4417585515861,WIN,89645.58042366186,0.0
2024-08-23,31.780000686645508,31.281600074768065,3,155.71387965864784,155.71387965864784,89801.29430332051,47.26661969557662,WIN,89801.29430332051,0.0
2024-08-26,30.850000381469727,31.144400672912596,3,155.16641549327173,66.84632806041091,89868.14063138091,47.29481893915038,LOSS,89868.14063138091,0.0
2024-08-27,30.84000015258789,30.23300037384033,3,153.59032842481403,153.59032842481403,90021.73095980573,47.93045443857409,WIN,90021.73095980573,0.0
2024-08-28,30.360000610351562,30.223200149536133,3,150.93588933725255,150.93588933725255,90172.66684914299,47.37182434540503,WIN,90172.66684914299,0.0
2024-08-29,31.0,29.752800598144532,3,149.52265111220257,149.52265111220257,90322.18950025519,47.57573635218237,WIN,90322.18950025519,0.0
2024-08-30,31.479999542236328,30.38,3,149.5510901942597,149.5510901942597,90471.74059044945,46.90927362520979,WIN,90471.74059044945,0.0
2024-09-04,30.59000015258789,29.899800224304197,3,138.52285415294782,138.52285415294782,90610.2634446024,45.03089316930189,WIN,90610.2634446024,0.0
2024-09-05,30.15999984741211,29.978200149536132,3,114.41819480639549,114.41819480639549,90724.6816394088,39.74028174310539,WIN,90724.6816394088,0.0
2024-09-06,30.329999923706055,29.556799850463868,3,113.27352416434152,113.27352416434152,90837.95516357313,39.84197418625223,WIN,90837.95516357313,0.0
2024-09-09,34.599998474121094,29.723399925231934,3,69.76117345298555,69.76117345298555,90907.71633702613,30.21354406436872,WIN,90907.71633702613,0.0
2024-09-25,37.119998931884766,36.16200149536133,3,151.9890215020879,151.9890215020879,91059.70535852821,42.24425042533892,WIN,91059.70535852821,0.0
2024-09-26,37.099998474121094,36.37759895324707,3,152.60056750727412,152.60056750727412,91212.3059260355,42.19175398499068,WIN,91212.3059260355,0.0
2024-09-27,36.84000015258789,36.35799850463867,3,150.63027895043226,150.63027895043226,91362.93620498592,41.85513978505442,WIN,91362.93620498592,0.0
2024-09-30,37.20000076293945,36.103200149536136,3,150.123014748383,150.123014748383,91513.0592197343,41.95359401780581,WIN,91513.0592197343,0.0
2024-10-01,36.459999084472656,36.45600074768066,3,151.44797278154064,151.44797278154064,91664.50719251584,41.92833765638166,WIN,91664.50719251584,0.0
2024-10-02,37.4900016784668,35.7307991027832,3,145.8542410468853,145.8542410468853,91810.36143356272,41.46009730966159,WIN,91810.36143356272,0.0
2024-10-08,41.45000076293945,38.11219940185547,3,84.72206354504775,84.72206354504775,91895.08349710777,29.4094570724056,WIN,91895.08349710777,0.0
2024-10-15,42.43000030517578,42.53200149536133,3,122.61292828920219,92.01257123353813,91987.09606834131,33.68682628854215,LOSS,91987.09606834131,0.0
2024-10-16,41.93000030517578,41.581400299072264,3,125.07197613116253,125.07197613116253,92112.16804447248,34.49736875126163,WIN,92112.16804447248,0.0
2024-10-17,42.0,41.09140029907226,3,125.13180621037043,125.13180621037043,92237.29985068284,34.73930586259149,WIN,92237.29985068284,0.0
2024-10-18,42.970001220703125,41.16,3,125.3551504388902,125.3551504388902,92362.65500112173,34.741580572761464,WIN,92362.65500112173,0.0
2024-10-21,42.70000076293945,42.11060119628906,3,129.57696760876564,129.57696760876564,92492.2319687305,34.94580068626397,WIN,92492.2319687305,0.0
2024-10-22,42.939998626708984,41.84600074768066,3,128.74317385710225,128.74317385710225,92620.9751425876,34.94276434057354,WIN,92620.9751425876,0.0
2024-10-24,43.560001373291016,41.738200149536134,3,123.16817211092075,123.16817211092075,92744.14331469852,34.128454547804026,WIN,92744.14331469852,0.0
2024-10-31,41.560001373291016,42.816198654174805,3,129.722114028769,-247.13707023636783,92497.00624446216,34.63907439080748,LOSS,92744.14331469852,-0.26647188857821535
