Date,Stock_Price,Strike,Contracts,Premium,PnL,Capital,VIX,Status,Peak,Drawdown_%
2019-01-03,143.56961059570312,148.4185028076172,2,242.96783765393494,-726.8106047288776,49273.189395271125,25.828037994910215,LOSS,49273.189395271125,0.0
2019-01-04,149.71214294433594,143.56961059570312,2,235.0299806249305,235.0299806249305,49508.21937589606,25.828037994910215,WIN,49508.21937589606,0.0
2019-01-07,151.4945526123047,149.71214294433594,2,245.08558537928633,245.08558537928633,49753.304961275346,25.828037994910215,WIN,49753.304961275346,0.0
2019-01-08,152.8649139404297,151.4945526123047,2,248.00347105154103,248.00347105154103,50001.308432326885,25.828037994910215,WIN,50001.308432326885,0.0
2019-01-09,154.1107177734375,152.8649139404297,2,250.24681485572083,250.24681485572083,50251.55524718261,25.828037994910215,WIN,50251.55524718261,0.0
2019-01-10,154.5514373779297,154.1107177734375,2,252.28625237679086,252.28625237679086,50503.8414995594,25.828037994910215,WIN,50503.8414995594,0.0
2019-01-11,153.986083984375,154.5514373779297,2,253.00773040877158,139.93705169783408,50643.77855125723,25.828037994910215,LOSS,50643.77855125723,0.0
2019-01-14,152.62535095214844,153.986083984375,2,252.08222119702359,-20.064385248288914,50623.71416600894,25.828037994910215,LOSS,50643.77855125723,-0.039618657656008985
2019-01-15,155.60560607910156,152.62535095214844,2,249.8546393510261,249.8546393510261,50873.568805359966,25.828037994910215,WIN,50873.568805359966,0.0
2019-01-16,155.57684326171875,155.60560607910156,2,254.73345250541732,248.98088902885482,51122.54969438882,25.828037994910215,LOSS,51122.54969438882,0.0
2019-01-17,156.803466796875,155.57684326171875,2,254.68636646552244,254.68636646552244,51377.236060854346,25.828037994910215,WIN,51377.236060854346,0.0
2019-01-18,158.35586547851562,156.803466796875,2,256.69440496688543,256.69440496688543,51633.93046582123,25.828037994910215,WIN,51633.93046582123,0.0
2019-01-22,155.1838836669922,158.35586547851562,2,259.2357521959701,-375.1606101087174,51258.76985571251,25.828037994910215,LOSS,51633.93046582123,-0.7265776723254714
2019-01-23,155.38516235351562,155.1838836669922,2,254.04307374116559,254.04307374116559,51512.81292945368,25.828037994910215,WIN,51633.93046582123,-0.23456966238067667
2019-01-24,156.3914031982422,155.38516235351562,2,254.37257610310365,254.37257610310365,51767.18550555678,25.828037994910215,WIN,51767.18550555678,0.0
2019-01-25,158.26002502441406,156.3914031982422,2,256.019838119479,256.019838119479,52023.20534367626,25.828037994910215,WIN,52023.20534367626,0.0
2019-01-28,156.3051300048828,158.26002502441406,2,259.07885701476073,-131.90014689148927,51891.30519678477,25.828037994910215,LOSS,52023.20534367626,-0.2535409842975389
2019-01-29,154.82936096191406,156.3051300048828,2,255.87860497912587,-39.27520361462413,51852.029993170145,25.828037994910215,LOSS,52023.20534367626,-0.3290365316310152
2019-01-30,158.7678985595703,154.82936096191406,2,253.46270395288047,253.46270395288047,52105.49269712302,25.828037994910215,WIN,52105.49269712302,0.0
2019-01-31,161.14447021484375,158.7678985595703,2,259.91026908471355,259.91026908471355,52365.40296620774,25.828037994910215,WIN,52365.40296620774,0.0
2019-02-01,160.46405029296875,161.14447021484375,2,318.9241114204159,182.8401270454159,52548.24309325315,28.090642899438276,LOSS,52548.24309325315,0.0
2019-02-04,162.45733642578125,160.46405029296875,2,273.6149299758906,273.6149299758906,52821.85802322904,26.278492883434957,WIN,52821.85802322904,0.0
2019-02-05,163.89468383789062,162.45733642578125,2,221.75863610679957,221.75863610679957,53043.61665933584,24.028804348388157,WIN,53043.61665933584,0.0
2019-02-06,163.40603637695312,163.89468383789062,2,221.96108138969115,124.23158920219115,53167.84824853804,23.957792411878145,LOSS,53167.84824853804,0.0
2019-02-07,161.2115020751953,163.40603637695312,2,222.0339929170888,-216.8728674344737,52950.97538110356,23.987531013024245,LOSS,53167.84824853804,-0.40790228414112684
2019-02-08,161.5277862548828,161.2115020751953,2,229.4785055705734,229.4785055705734,53180.453886674135,24.41531852812978,WIN,53180.453886674135,0.0
2019-02-11,161.37440490722656,161.5277862548828,2,229.9200936192482,199.2438240879982,53379.697710762135,24.414965115867652,LOSS,53379.697710762135,0.0
2019-02-12,163.76060485839844,161.37440490722656,2,228.6174897501129,228.6174897501129,53608.31520051225,24.37052290892089,WIN,53608.31520051225,0.0
2019-02-13,163.87554931640625,163.76060485839844,2,231.9408002377396,231.9408002377396,53840.256000749985,24.36821277695254,WIN,53840.256000749985,0.0
2019-02-14,164.0767822265625,163.87554931640625,2,220.25989575175112,220.25989575175112,54060.51589650173,23.890174745272446,WIN,54060.51589650173,0.0
2019-02-15,164.7667694091797,164.0767822265625,2,220.24709420286433,220.24709420286433,54280.7629907046,23.878755274478102,WIN,54280.7629907046,0.0
2019-02-19,165.09254455566406,164.7667694091797,2,220.00165860417854,220.00165860417854,54500.76464930878,23.831721329118338,WIN,54500.76464930878,0.0
2019-02-20,165.0638427734375,165.09254455566406,2,217.7487692386715,212.008412793359,54712.77306210214,23.724032530458548,LOSS,54712.77306210214,0.0
2019-02-21,164.46011352539062,165.0638427734375,2,192.22196530962174,71.47611570024674,54784.24917780238,22.70264868714156,LOSS,54784.24917780238,0.0
2019-02-22,165.67715454101562,164.46011352539062,2,193.7290583207487,193.7290583207487,54977.978236123134,22.79153831066,WIN,54977.978236123134,0.0
2019-02-25,166.2808380126953,165.67715454101562,2,195.55914074909956,195.55914074909956,55173.537376872235,22.8073656935529,WIN,55173.537376872235,0.0
2019-02-26,166.45330810546875,166.2808380126953,2,191.7238265415889,191.7238265415889,55365.26120341382,22.626458518870358,WIN,55365.26120341382,0.0
2019-02-27,166.34788513183594,166.45330810546875,2,179.0204731019052,157.9358783753427,55523.19708178916,22.113761462713875,LOSS,55523.19708178916,0.0
2019-02-28,165.96461486816406,166.34788513183594,2,169.96294766665602,93.30889493228102,55616.50597672145,21.758121560503643,LOSS,55616.50597672145,0.0
2019-03-01,167.1145477294922,165.96461486816406,2,136.95380096267778,136.95380096267778,55753.459777684126,20.458177014722644,WIN,55753.459777684126,0.0
2019-03-04,167.14328002929688,167.1145477294922,2,126.43252120167527,126.43252120167527,55879.8922988858,20.0041874462061,WIN,55879.8922988858,0.0
2019-03-05,167.2678680419922,167.14328002929688,2,123.49526576894925,123.49526576894925,56003.38756465475,19.88709090280502,WIN,56003.38756465475,0.0
2019-03-06,166.31919860839844,167.2678680419922,2,113.52841117405059,-76.20547554469941,55927.18208911005,19.489325209660375,LOSS,56003.38756465475,-0.13607297497267437
2019-03-07,164.27806091308594,166.31919860839844,2,111.59453084441438,-296.6330082180856,55630.549080891964,19.438023071894754,LOSS,56003.38756465475,-0.6657427344593303
2019-03-08,164.0288543701172,164.27806091308594,2,123.4698492254799,73.6285406317299,55704.1776215237,19.971304653365905,LOSS,56003.38756465475,-0.5342711506257091
2019-03-11,167.44033813476562,164.0288543701172,2,106.22882217817109,106.22882217817109,55810.40644370187,19.28362202842322,WIN,56003.38756465475,-0.3445882996454322
2019-03-12,168.3603057861328,167.44033813476562,2,140.6647801788025,140.6647801788025,55951.071223880674,20.55666619412731,WIN,56003.38756465475,-0.09341638613143054
2019-03-13,169.625244140625,168.3603057861328,2,141.72022450521547,141.72022450521547,56092.79144838589,20.567768305572976,WIN,56092.79144838589,0.0
2019-03-14,169.33773803710938,169.625244140625,2,132.1859882510345,74.6847675479095,56167.4762159338,20.15446939356509,LOSS,56167.4762159338,0.0
2019-03-15,170.90933227539062,169.33773803710938,2,132.8343398997753,132.8343398997753,56300.310555833574,20.188545580832262,WIN,56300.310555833574,0.0
2019-03-18,171.31642150878906,170.90933227539062,2,138.5044026018989,138.5044026018989,56438.814958435476,20.360272021040437,WIN,56438.814958435476,0.0
2019-03-19,171.89239501953125,171.31642150878906,2,138.46115898134943,138.46115898134943,56577.276117416826,20.345865120227746,WIN,56577.276117416826,0.0
2019-03-20,172.57400512695312,171.89239501953125,2,139.07449830293547,139.07449830293547,56716.35061571976,20.35155345556202,WIN,56716.35061571976,0.0
2019-03-21,175.2716827392578,172.57400512695312,2,139.45899964048905,139.45899964048905,56855.80961536025,20.345153675768643,WIN,56855.80961536025,0.0
2019-03-22,171.4219970703125,175.2716827392578,2,151.61322136490512,-618.3239124241574,56237.485702936094,20.721558567416512,LOSS,56855.80961536025,-1.087529870047109
2019-03-25,171.09555053710938,171.4219970703125,2,186.4261897737453,121.1368831331203,56358.622586069214,22.193320350368317,LOSS,56855.80961536025,-0.8744700544317254
2019-03-26,171.89239501953125,171.09555053710938,2,186.55773501245466,186.55773501245466,56545.180321081665,22.212130450630674,WIN,56855.80961536025,-0.546345740883914
2019-03-27,170.78839111328125,171.89239501953125,2,187.98341442819043,-32.81736682180957,56512.36295425986,22.233556858714877,LOSS,56855.80961536025,-0.6040660812393205
2019-03-28,171.18197631835938,170.78839111328125,2,190.19266284053313,190.19266284053313,56702.55561710039,22.365876623479636,WIN,56855.80961536025,-0.26954852863172957
2019-03-29,172.47804260253906,171.18197631835938,2,189.83793425094254,189.83793425094254,56892.393551351335,22.33523432543109,WIN,56892.393551351335,0.0
2019-04-01,174.7628631591797,172.47804260253906,2,191.7022526386215,191.7022526386215,57084.095803989956,22.351609494743908,WIN,57084.095803989956,0.0
2019-04-02,175.42527770996094,174.7628631591797,2,201.523657018183,201.523657018183,57285.61946100814,22.6272136729751,WIN,57285.61946100814,0.0
2019-04-03,176.43333435058594,175.42527770996094,2,202.25816648238197,202.25816648238197,57487.87762749052,22.626107481913607,WIN,57487.87762749052,0.0
2019-04-04,176.36614990234375,176.43333435058594,2,199.84589248285354,186.40900283441604,57674.28663032493,22.492100826546938,LOSS,57674.28663032493,0.0
2019-04-05,177.27818298339844,176.36614990234375,2,185.77666326580717,185.77666326580717,57860.06329359074,21.967307086321195,WIN,57860.06329359074,0.0
2019-04-08,177.7293243408203,177.27818298339844,2,185.08087833910844,185.08087833910844,58045.14417192985,21.90550253107765,WIN,58045.14417192985,0.0
2019-04-09,177.1053466796875,177.7293243408203,2,165.11404359665644,40.318511370093944,58085.46268329995,21.14488772380787,LOSS,58085.46268329995,0.0
2019-04-10,178.05575561523438,177.1053466796875,2,166.8572133552713,166.8572133552713,58252.31989665522,21.231639801842373,WIN,58252.31989665522,0.0
2019-04-11,177.63336181640625,178.05575561523438,2,166.5400209259999,82.0612611603749,58334.381157815595,21.186594153994157,LOSS,58334.381157815595,0.0
2019-04-12,178.40135192871094,177.63336181640625,2,166.58052684250245,166.58052684250245,58500.9616846581,21.20281351972188,WIN,58500.9616846581,0.0
2019-04-15,178.43016052246094,178.40135192871094,2,164.05078566207146,164.05078566207146,58665.012470320165,21.082319115777256,WIN,58665.012470320165,0.0
2019-04-16,179.04461669921875,178.43016052246094,2,164.35402802562155,164.35402802562155,58829.366498345786,21.092578236973516,WIN,58829.366498345786,0.0
2019-04-17,179.66859436035156,179.04461669921875,2,164.93608145320664,164.93608145320664,58994.30257979899,21.09317193936864,WIN,58994.30257979899,0.0
2019-04-18,179.89901733398438,179.66859436035156,2,165.39237921980913,165.39237921980913,59159.6949590188,21.08880903363747,WIN,59159.6949590188,0.0
2019-04-22,180.4077911376953,179.89901733398438,2,150.52623994693968,150.52623994693968,59310.221198965744,20.534424292461175,WIN,59310.221198965744,0.0
2019-04-23,182.70230102539062,180.4077911376953,2,108.24467468261719,108.24467468261719,59418.46587364836,18.420256170890973,WIN,59418.46587364836,0.0
2019-04-24,182.12628173828125,182.70230102539062,2,109.62138061523439,-5.582476806640614,59412.883396841724,18.75474072121243,LOSS,59418.46587364836,-0.00939518838892389
2019-04-25,182.86549377441406,182.12628173828125,2,109.27576904296876,109.27576904296876,59522.159165884696,18.913483054547115,WIN,59522.159165884696,0.0
2019-04-26,183.02870178222656,182.86549377441406,2,109.71929626464845,109.71929626464845,59631.87846214935,18.505834367553135,WIN,59631.87846214935,0.0
2019-04-29,183.3839111328125,183.02870178222656,2,109.81722106933593,109.81722106933593,59741.695683218684,18.529758264101424,WIN,59741.695683218684,0.0
2019-04-30,181.96304321289062,183.3839111328125,2,110.0303466796875,-174.1432373046875,59567.552445914,18.447557026939062,LOSS,59741.695683218684,-0.29149362988972044
2019-05-01,181.37744140625,181.96304321289062,2,109.17782592773438,-7.942535400390625,59559.60991051361,18.40792321881423,LOSS,59741.695683218684,-0.3047884239352495
2019-05-02,180.59024047851562,181.37744140625,2,108.82646484375,-48.613720703125,59510.99618981048,18.513232693197047,LOSS,59741.695683218684,-0.3861616091908254
2019-05-03,183.47030639648438,180.59024047851562,2,108.35414428710936,108.35414428710936,59619.35033409759,18.581468284891287,WIN,59741.695683218684,-0.20479055326757858
2019-05-06,182.34707641601562,183.47030639648438,2,122.61819383071861,-102.02780226303139,59517.32253183456,19.420568830180635,LOSS,59741.695683218684,-0.3755721172928686
2019-05-07,178.7949676513672,182.34707641601562,2,126.86589694104873,-583.5558559886388,58933.766675845916,19.601878184152834,LOSS,59741.695683218684,-1.3523703974805548
2019-05-08,178.3437957763672,178.7949676513672,2,159.51688359879103,69.28250859879103,59003.04918444471,20.901200820447308,LOSS,59741.695683218684,-1.2364002901602589
2019-05-09,177.3837432861328,178.3437957763672,2,158.60986117050365,-33.40063687637135,58969.64854756834,20.882490140921973,LOSS,59741.695683218684,-1.292308708048965
2019-05-10,177.60458374023438,177.3837432861328,2,157.9416260239833,157.9416260239833,59127.59017359232,20.88941038766114,WIN,59741.695683218684,-1.0279345147527628
2019-05-13,171.44117736816406,177.60458374023438,2,157.86942538618445,-1074.811849027878,58052.77832456444,20.879398357806707,LOSS,59741.695683218684,-2.827032844212788
2019-05-14,173.32286071777344,171.44117736816406,2,219.0171505872096,219.0171505872096,58271.79547515165,23.449908624743045,WIN,59741.695683218684,-2.460425991021752
2019-05-15,175.77088928222656,173.32286071777344,2,229.3213882745456,229.3213882745456,58501.1168634262,23.751404188257695,WIN,59741.695683218684,-2.076571154542841
2019-05-16,177.537353515625,175.77088928222656,2,242.98308891742226,242.98308891742226,58744.09995234362,24.14361912679359,WIN,59741.695683218684,-1.6698483688257417
2019-05-17,175.722900390625,177.537353515625,2,250.14761005226006,-112.74301494773994,58631.35693739588,24.31956506827722,LOSS,59741.695683218684,-1.8585658360124089
2019-05-20,172.75645446777344,175.722900390625,2,251.529168129602,-341.7600164407105,58289.59692095517,24.467798802411878,LOSS,59741.695683218684,-2.43062863492073
2019-05-21,174.56124877929688,172.75645446777344,2,256.8832530813505,256.8832530813505,58546.48017403652,24.835366292454566,WIN,59741.695683218684,-2.000638742361469
2019-05-22,173.7836456298828,174.56124877929688,2,256.7770856496626,101.25645576685008,58647.736629803374,24.729655289472145,LOSS,59741.695683218684,-1.831148314262866
2019-05-23,171.12435913085938,173.7836456298828,2,255.815789896822,-276.0415099078655,58371.69511989551,24.736603220880955,LOSS,59741.695683218684,-2.293206692002229
2019-05-24,171.03797912597656,171.12435913085938,2,256.7470577623537,239.47105678579118,58611.1661766813,24.92390662756652,LOSS,59741.695683218684,-1.8923626013764956
2019-05-28,170.394775390625,171.03797912597656,2,256.19863104021914,127.55788396990664,58738.724060651206,24.90770978807516,LOSS,59741.695683218684,-1.6788469277567073
2019-05-29,168.9931182861328,170.394775390625,2,253.98352966920453,-26.34789122923297,58712.37616942197,24.85912354223629,LOSS,59741.695683218684,-1.7229499464740603
2019-05-30,169.70355224609375,168.9931182861328,2,252.07417035814976,252.07417035814976,58964.45033978012,24.866164573361214,WIN,59741.695683218684,-1.3010098467239979
2019-05-31,166.9962921142578,169.70355224609375,2,255.6327082389115,-285.819318128276,58678.63102165185,24.963559454449488,LOSS,59741.695683218684,-1.7794350317804086
2019-06-03,163.3193817138672,166.9962921142578,2,257.92427250226524,-477.45780757585976,58201.173214075985,25.215847811479442,LOSS,59741.695683218684,-2.578638673584601
2019-06-04,167.91790771484375,163.3193817138672,2,246.8935067699782,246.8935067699782,58448.06672084596,24.999101337133894,WIN,59741.695683218684,-2.16537034575016
2019-06-05,169.16592407226562,167.91790771484375,2,296.15781634290977,296.15781634290977,58744.22453718887,26.665818457580954,WIN,59741.695683218684,-1.6696398296407924
2019-06-06,170.50997924804688,169.16592407226562,2,293.0566384698743,293.0566384698743,59037.28117565875,26.45849836041196,WIN,59741.695683218684,-1.1791002908506425
2019-06-07,173.80287170410156,170.50997924804688,2,299.3519969174399,299.3519969174399,59336.633172576185,26.612383946777005,WIN,59741.695683218684,-0.6780231227288058
2019-06-10,175.82855224609375,173.80287170410156,2,320.47531176399707,320.47531176399707,59657.108484340184,27.19625958923985,WIN,59741.695683218684,-0.1415882122379405
2019-06-11,176.06851196289062,175.82855224609375,2,329.50608503878544,329.50608503878544,59986.61456937897,27.395471971966018,WIN,59986.61456937897,0.0
2019-06-12,175.05087280273438,176.06851196289062,2,282.3933214016312,78.86548937038123,60065.48005874935,25.608689935593407,LOSS,60065.48005874935,0.0
2019-06-13,176.08773803710938,175.05087280273438,2,278.535405446649,278.535405446649,60344.015464196,25.524589257101773,WIN,60344.015464196,0.0
2019-06-14,175.3388671875,176.08773803710938,2,273.46771447583313,123.69354455395813,60467.70900874996,25.272259331819484,LOSS,60467.70900874996,0.0
2019-06-17,176.39491271972656,175.3388671875,2,268.50064321417733,268.50064321417733,60736.209651964135,25.128757248755615,WIN,60736.209651964135,0.0
2019-06-18,178.9582061767578,176.39491271972656,2,267.3253181644563,267.3253181644563,61003.53497012859,25.024046330323575,WIN,61003.53497012859,0.0
2019-06-19,179.6302032470703,178.9582061767578,2,264.8758686270151,264.8758686270151,61268.410838755604,24.789934919177703,WIN,61268.410838755604,0.0
2019-06-20,181.30062866210938,179.6302032470703,2,262.50610872790384,262.50610872790384,61530.91694748351,24.66605098662108,WIN,61530.91694748351,0.0
2019-06-21,181.03184509277344,181.30062866210938,2,265.69096671266414,211.93425284547664,61742.85120032899,24.693185135449035,LOSS,61742.85120032899,0.0
2019-06-24,181.03761291503906,181.03184509277344,2,250.7592853361976,250.7592853361976,61993.61048566519,24.16201659989528,WIN,61993.61048566519,0.0
2019-06-25,177.9298858642578,181.03761291503906,2,250.60078006584098,-370.944630090409,61622.66585557478,24.155933561775456,LOSS,61993.61048566519,-0.5983594554090101
2019-06-26,178.75730895996094,177.9298858642578,2,262.77290983436643,262.77290983436643,61885.43876540915,24.768338906777622,WIN,61993.61048566519,-0.17448849874787015
2019-06-27,179.44046020507812,178.75730895996094,2,258.8085764663281,258.8085764663281,62144.247341875474,24.57643542639591,WIN,62144.247341875474,0.0
2019-06-28,179.67135620117188,179.44046020507812,2,259.7566938660957,259.7566938660957,62404.00403574157,24.574925473449284,WIN,62404.00403574157,0.0
2019-07-01,182.09597778320312,179.67135620117188,2,242.24574499839062,242.24574499839062,62646.24978073996,23.917976840889597,WIN,62646.24978073996,0.0
2019-07-02,182.8175506591797,182.09597778320312,2,210.80378656206403,210.80378656206403,62857.05356730203,22.657148739138812,WIN,62857.05356730203,0.0
2019-07-03,184.1934356689453,182.8175506591797,2,176.37167423839574,176.37167423839574,63033.425241540426,21.381165083280553,WIN,63033.425241540426,0.0
2019-07-05,183.8182373046875,184.1934356689453,2,177.74224541946222,102.70257256789972,63136.127814108324,21.382716315896804,LOSS,63136.127814108324,0.0
2019-07-08,182.5289764404297,183.8182373046875,2,178.9461606390433,-78.90601221251919,63057.22180189581,21.43906510668964,LOSS,63136.127814108324,-0.12497759198162829
2019-07-09,183.44300842285156,182.5289764404297,2,166.04407710692465,166.04407710692465,63223.265879002734,21.01700813847945,WIN,63223.265879002734,0.0
2019-07-10,185.2710723876953,183.44300842285156,2,160.64543138507295,160.64543138507295,63383.911310387804,20.79236930801784,WIN,63383.911310387804,0.0
2019-07-11,185.13638305664062,185.2710723876953,2,166.73866004751105,139.80079383657355,63523.712104224374,20.952751052019522,LOSS,63523.712104224374,0.0
2019-07-12,186.204345703125,185.13638305664062,2,161.85659224725964,161.85659224725964,63685.56869647164,20.7826598434142,WIN,63685.56869647164,0.0
2019-07-15,186.80088806152344,186.204345703125,2,162.71483660668713,162.71483660668713,63848.28353307833,20.779980465227375,WIN,63848.28353307833,0.0
2019-07-16,185.8386993408203,186.80088806152344,2,158.91048941836758,-33.527254722257425,63814.75627835607,20.626815269503552,LOSS,63848.28353307833,-0.05251081605801674
2019-07-17,184.92466735839844,185.8386993408203,2,162.6147357448982,-20.191660739476788,63794.5646176166,20.78779005424548,LOSS,63848.28353307833,-0.0841352539005992
2019-07-18,185.13638305664062,184.92466735839844,2,153.31613418508962,153.31613418508962,63947.880751801684,20.483805497962592,WIN,63947.880751801684,0.0
2019-07-19,183.77972412109375,185.13638305664062,2,153.11512044548755,-118.21666666388745,63829.664085137796,20.470352774183283,LOSS,63947.880751801684,-0.18486408818255806
2019-07-22,185.24215698242188,183.77972412109375,2,152.36233028189923,152.36233028189923,63982.02641541969,20.48364131337167,WIN,63982.02641541969,0.0
2019-07-23,186.45452880859375,185.24215698242188,2,157.20777697606226,157.20777697606226,64139.23419239576,20.613364268958435,WIN,64139.23419239576,0.0
2019-07-24,187.76300048828125,186.45452880859375,2,160.33906675919755,160.33906675919755,64299.57325915495,20.687945726012686,WIN,64299.57325915495,0.0
2019-07-25,185.98304748535156,187.76300048828125,2,129.5895300246211,-226.4010705613164,64073.172188593635,19.565085614195382,LOSS,64299.57325915495,-0.35210353519583165
2019-07-26,187.89773559570312,185.98304748535156,2,141.45908656133085,141.45908656133085,64214.63127515496,20.03090965536951,WIN,64299.57325915495,-0.13210349570694238
2019-07-29,187.25311279296875,187.89773559570312,2,148.72879179731225,19.804231250437255,64234.4355064054,20.235552661707942,LOSS,64299.57325915495,-0.10130355373746652
2019-07-30,186.4449005126953,187.25311279296875,2,150.9673644084466,-10.675091646240901,64223.76041475916,20.332649700104366,LOSS,64299.57325915495,-0.1179056727021063
2019-07-31,183.8663330078125,186.4449005126953,2,140.82446594784176,-374.88903502872074,63848.871379730444,19.995933307734838,LOSS,64299.57325915495,-0.7009407008161409
2019-08-01,182.95228576660156,183.8663330078125,2,156.43998021124673,-26.369468030940766,63822.5019116995,20.62774701567086,LOSS,64299.57325915495,-0.7419510321361661
2019-08-02,180.2582550048828,182.95228576660156,2,153.03348690914163,-385.77266543460837,63436.72924626489,20.532706887619558,LOSS,64299.57325915495,-1.3419125029219545
2019-08-05,173.88885498046875,180.2582550048828,2,166.06398925740558,-1107.8160156254069,62328.91323063948,21.09353531807039,LOSS,64299.57325915495,-3.064810431280567
2019-08-06,176.3230743408203,173.88885498046875,2,225.82482414279474,225.82482414279474,62554.738054782276,23.58991688417637,WIN,64299.57325915495,-2.713603086198163
2019-08-07,177.2755889892578,176.3230743408203,2,239.51663555053392,239.51663555053392,62794.25469033281,23.98494787053088,WIN,64299.57325915495,-2.3411019584143435
2019-08-08,181.13380432128906,177.2755889892578,2,236.38577424433902,236.38577424433902,63030.64046457715,23.81985466371622,WIN,64299.57325915495,-1.9734700096118223
2019-08-09,179.43081665039062,181.13380432128906,2,268.08824645809113,-72.50928772159637,62958.13117685555,24.789652906110476,LOSS,64299.57325915495,-2.08623792399494
2019-08-12,177.37184143066406,179.43081665039062,2,266.1496722440932,-145.6453717012193,62812.485805154334,24.81110515775061,LOSS,64299.57325915495,-2.3127485590098966
2019-08-13,181.25894165039062,177.37184143066406,2,265.73071600485474,265.73071600485474,63078.216521159186,24.909371529736404,WIN,64299.57325915495,-1.8994787618156879
2019-08-14,175.8419952392578,181.25894165039062,2,295.8270278623649,-787.5622543641975,62290.65426679499,25.79511912196893,LOSS,64299.57325915495,-3.124311547548153
2019-08-15,175.63995361328125,175.8419952392578,2,317.23465310505827,276.82632790974577,62567.480594704735,26.932928738465034,LOSS,64299.57325915495,-2.6937856297570417
2019-08-16,178.45904541015625,175.63995361328125,2,316.4531334423589,316.4531334423589,62883.933728147094,26.917224348326016,WIN,64299.57325915495,-2.201631300572124
2019-08-19,181.29733276367188,178.45904541015625,2,332.40225175925985,332.40225175925985,63216.335979906355,27.320105312841058,WIN,64299.57325915495,-1.6846725792139958
2019-08-20,179.89266967773438,181.29733276367188,2,345.2746116559991,64.34199446849908,63280.677974374856,27.59685874222118,LOSS,64299.57325915495,-1.5846066048891347
2019-08-21,181.48985290527344,179.89266967773438,2,341.8710465355875,341.8710465355875,63622.54902091045,27.57007541228494,WIN,64299.57325915495,-1.0529218219159988
2019-08-22,180.90292358398438,181.48985290527344,2,346.1931467215481,228.8072824637356,63851.35630337418,27.616972204751537,LOSS,64299.57325915495,-0.6970760971838253
2019-08-23,175.17816162109375,180.90292358398438,2,342.850466602399,-802.101925975726,63049.25437739846,27.535688389404093,LOSS,64299.57325915495,-1.9445212749969145
2019-08-26,177.8240509033203,175.17816162109375,2,355.7218301669247,355.7218301669247,63404.976207565385,28.431347404109154,WIN,64299.57325915495,-1.3912954724970827
2019-08-27,177.4488067626953,177.8240509033203,2,371.6845778119142,296.6357496869142,63701.6119572523,28.82525246237655,LOSS,64299.57325915495,-0.9299615403240853
2019-08-28,178.08377075195312,177.4488067626953,2,370.7819444172018,370.7819444172018,64072.3939016695,28.82084266242475,WIN,64299.57325915495,-0.3533139427999346
2019-08-29,180.8066864013672,178.08377075195312,2,368.4513771154425,368.4513771154425,64440.845278784946,28.685002147452064,WIN,64440.845278784946,0.0
2019-08-30,180.37374877929688,180.8066864013672,2,382.19259021724855,295.60506580318605,64736.450344588135,28.98159778784059,LOSS,64736.450344588135,0.0
2019-09-03,178.62261962890625,180.37374877929688,2,374.4969721567645,24.271142078639514,64760.72148666677,28.732955346593165,LOSS,64760.72148666677,0.0
2019-09-04,181.20118713378906,178.62261962890625,2,329.56644862202245,329.56644862202245,65090.28793528879,27.20381362304674,WIN,65090.28793528879,0.0
2019-09-05,184.52056884765625,181.20118713378906,2,334.73859292178844,334.73859292178844,65425.026528210576,27.21894686640261,WIN,65425.026528210576,0.0
2019-09-06,184.33778381347656,184.52056884765625,2,350.5684868468944,314.0114800109569,65739.03800822153,27.566580510312598,LOSS,65739.03800822153,0.0
2019-09-09,183.9529266357422,184.33778381347656,2,335.11880953706316,258.14737399018816,65997.18538221171,27.02467843749607,LOSS,65997.18538221171,0.0
2019-09-10,183.42376708984375,183.9529266357422,2,330.51813034549673,224.68622116580923,66221.87160337753,26.884409678675716,LOSS,66221.87160337753,0.0
2019-09-11,185.14596557617188,183.42376708984375,2,323.6985843320327,323.6985843320327,66545.57018770956,26.67277784490623,WIN,66545.57018770956,0.0
2019-09-12,185.91567993164062,185.14596557617188,2,312.2928636321846,312.2928636321846,66857.86305134174,26.156727758281022,WIN,66857.86305134174,0.0
2019-09-13,185.2517852783203,185.91567993164062,2,267.9849151792518,135.2059845151893,66993.06903585694,24.5341802388822,LOSS,66993.06903585694,0.0
2019-09-16,184.42434692382812,185.2517852783203,2,268.2419019927714,102.75423109433387,67095.82326695128,24.577523946848693,LOSS,67095.82326695128,0.0
2019-09-17,185.3095703125,184.42434692382812,2,259.8816657975156,259.8816657975156,67355.70493274879,24.320654640699573,WIN,67355.70493274879,0.0
2019-09-18,185.23260498046875,185.3095703125,2,251.0644922612712,235.6714258550212,67591.37635860381,23.961412630252276,LOSS,67591.37635860381,0.0
2019-09-19,185.5404510498047,185.23260498046875,2,246.807158864596,246.807158864596,67838.18351746841,23.813113169452322,WIN,67838.18351746841,0.0
2019-09-20,183.5777130126953,185.5404510498047,2,244.20731082028152,-148.34029660159348,67689.84322086681,23.705807939974257,LOSS,67838.18351746841,-0.21866784885742457
2019-09-23,183.65863037109375,183.5777130126953,2,247.66958051852268,247.66958051852268,67937.51280138532,23.9236338471324,WIN,67937.51280138532,0.0
2019-09-24,181.219482421875,183.65863037109375,2,182.15099570605915,-305.6785941376909,67631.83420724764,21.560081531797124,LOSS,67937.51280138532,-0.44994080815312737
2019-09-25,183.2537384033203,181.219482421875,2,182.7631424385772,182.7631424385772,67814.59734968621,21.670720736795094,WIN,67937.51280138532,-0.1809242738374207
2019-09-26,182.578857421875,183.2537384033203,2,190.6803349314784,55.7041386424159,67870.30148832862,21.882434575889306,LOSS,67937.51280138532,-0.09893107693417179
2019-09-27,180.31326293945312,182.578857421875,2,191.43742795704776,-261.68146852732724,67608.6200198013,21.935302273716445,LOSS,67937.51280138532,-0.4841107188388597
2019-09-30,182.0293426513672,180.31326293945312,2,185.96884157381638,185.96884157381638,67794.58886137512,21.821840201742454,WIN,67937.51280138532,-0.2103755850292099
2019-10-01,180.54466247558594,182.0293426513672,2,193.02622885741712,-103.90980629883288,67690.67905507628,22.013970805897557,LOSS,67937.51280138532,-0.363324673116396
2019-10-02,177.44032287597656,180.54466247558594,2,189.54674832147566,-431.32117160039934,67259.35788347588,21.94417590366855,LOSS,67937.51280138532,-0.998203922907839
2019-10-03,179.3877410888672,177.44032287597656,2,190.92985218378135,190.92985218378135,67450.28773565966,22.11722254768564,WIN,67937.51280138532,-0.7171664749489199
2019-10-04,182.0293426513672,179.3877410888672,2,177.72040644267324,177.72040644267324,67628.00814210234,21.55290037511119,WIN,67937.51280138532,-0.45557254971612426
2019-10-07,181.4798126220703,182.0293426513672,2,196.77243468526635,86.86642882589135,67714.87457092822,22.150096235405,LOSS,67937.51280138532,-0.32771030506810334
2019-10-08,178.76107788085938,181.4798126220703,2,196.40795395162357,-347.33899429056396,67367.53557663766,22.158462891313153,LOSS,67937.51280138532,-0.8389727578252503
2019-10-09,180.50611877441406,178.76107788085938,2,205.21334608200362,205.21334608200362,67572.74892271966,22.59314451838159,WIN,67937.51280138532,-0.5369108517882373
2019-10-10,181.90399169921875,180.50611877441406,2,207.69612610235814,207.69612610235814,67780.44504882202,22.610715659798473,WIN,67937.51280138532,-0.23119444043012494
2019-10-11,184.2467498779297,181.90399169921875,2,212.32782418023066,212.32782418023066,67992.77287300225,22.720647220997044,WIN,67992.77287300225,0.0
2019-10-14,184.22744750976562,184.2467498779297,2,225.22845347402077,221.36797984120827,68214.14085284345,23.085603632937154,LOSS,68214.14085284345,0.0
2019-10-15,186.5701904296875,184.22744750976562,2,224.12010262797196,224.12010262797196,68438.26095547143,23.046657316527916,WIN,68438.26095547143,0.0
2019-10-16,186.107421875,186.5701904296875,2,234.71896152396056,142.16525058646056,68580.42620605789,23.321372223953652,LOSS,68580.42620605789,0.0
2019-10-17,186.5991668701172,186.107421875,2,234.5502651551595,234.5502651551595,68814.97647121306,23.33606829449303,WIN,68814.97647121306,0.0
2019-10-18,184.80592346191406,186.5991668701172,2,235.37228124334862,-123.27640039727638,68691.70007081579,23.343238238053207,LOSS,68814.97647121306,-0.1791418187127321
2019-10-21,186.4449005126953,184.80592346191406,2,231.98334802236164,231.98334802236164,68923.68341883815,23.30290279226096,WIN,68923.68341883815,0.0
2019-10-22,184.9601287841797,186.4449005126953,2,237.85994129149995,-59.09440441162505,68864.58901442653,23.438394530920426,LOSS,68923.68341883815,-0.0857388947896348
2019-10-23,185.31689453125,184.9601287841797,2,229.11091099073508,229.11091099073508,69093.69992541727,23.193258962317344,WIN,69093.69992541727,0.0
2019-10-24,187.11972045898438,185.31689453125,2,223.42396238399417,223.42396238399417,69317.12388780127,22.974505547590766,WIN,69317.12388780127,0.0
2019-10-25,188.61407470703125,187.11972045898438,2,228.8546054431213,228.8546054431213,69545.97849324439,23.08963869373443,WIN,69545.97849324439,0.0
2019-10-28,190.47474670410156,188.61407470703125,2,220.9421512413424,220.9421512413424,69766.92064448573,22.74806953330749,WIN,69766.92064448573,0.0
2019-10-29,188.9996795654297,190.47474670410156,2,223.43797414481418,-71.57545358956082,69695.34519089617,22.75905104566978,LOSS,69766.92064448573,-0.10259224992068094
2019-10-30,189.91555786132812,188.9996795654297,2,221.18991117051533,221.18991117051533,69916.53510206669,22.74093240289141,WIN,69916.53510206669,0.0
2019-10-31,190.00233459472656,189.91555786132812,2,196.16719851432526,196.16719851432526,70112.702300581,21.83211039292674,WIN,70112.702300581,0.0
2019-11-01,191.72802734375,190.00233459472656,2,192.49518114129452,192.49518114129452,70305.1974817223,21.701159474757464,WIN,70305.1974817223,0.0
2019-11-04,192.91390991210938,191.72802734375,2,186.7052454951709,186.7052454951709,70491.90272721747,21.441098556313754,WIN,70491.90272721747,0.0
2019-11-05,193.01998901367188,192.91390991210938,2,186.08682237134272,186.08682237134272,70677.98954958882,21.380300084181734,WIN,70677.98954958882,0.0
2019-11-06,192.58609008789062,193.01998901367188,2,159.01824386207863,72.23845870582863,70750.22800829465,20.44921188384643,LOSS,70750.22800829465,0.0
2019-11-07,193.23202514648438,192.58609008789062,2,158.25537187219024,158.25537187219024,70908.48338016684,20.43528815376512,WIN,70908.48338016684,0.0
2019-11-08,194.0033416748047,193.23202514648438,2,156.9031272902818,156.9031272902818,71065.38650745712,20.370831445042562,WIN,71065.38650745712,0.0
2019-11-11,193.74307250976562,194.0033416748047,2,148.22535502558972,96.17152201777722,71161.5580294749,20.053616912039246,LOSS,71161.5580294749,0.0
2019-11-12,194.30218505859375,193.74307250976562,2,148.80760105734566,148.80760105734566,71310.36563053224,20.080283652129083,WIN,71310.36563053224,0.0
2019-11-13,194.350341796875,194.30218505859375,2,138.4702154788781,138.4702154788781,71448.83584601112,19.71376266350478,WIN,71448.83584601112,0.0
2019-11-14,194.1961212158203,194.350341796875,2,136.66893026040376,105.82481404946626,71554.66066006059,19.651291040642672,LOSS,71554.66066006059,0.0
2019-11-15,195.6229705810547,194.1961212158203,2,137.40305026202134,137.40305026202134,71692.0637103226,19.679989204972355,WIN,71692.0637103226,0.0
2019-11-18,195.7772216796875,195.6229705810547,2,125.08925640037994,125.08925640037994,71817.15296672298,19.229501565413962,WIN,71817.15296672298,0.0
2019-11-19,196.0664520263672,195.7772216796875,2,121.05301323173678,121.05301323173678,71938.20597995471,19.089803779499345,WIN,71938.20597995471,0.0
2019-11-20,194.89022827148438,196.0664520263672,2,117.6398712158203,-117.6048797607422,71820.60110019398,18.60687618948602,LOSS,71938.20597995471,-0.1634804178929712
2019-11-21,194.4564208984375,194.89022827148438,2,116.93413696289063,30.172662353515634,71850.7737625475,18.938986164222094,LOSS,71938.20597995471,-0.12153794526315759
2019-11-22,194.5817413330078,194.4564208984375,2,116.67385253906251,116.67385253906251,71967.44761508657,18.783277682428476,WIN,71967.44761508657,0.0
2019-11-25,196.8859100341797,194.5817413330078,2,116.74904479980468,116.74904479980468,72084.19665988637,18.614588187256725,WIN,72084.19665988637,0.0
2019-11-26,197.2619171142578,196.8859100341797,2,118.13154602050781,118.13154602050781,72202.32820590687,18.778341941913133,WIN,72202.32820590687,0.0
2019-11-27,198.6405487060547,197.2619171142578,2,118.35715026855469,118.35715026855469,72320.68535617543,18.34459129261167,WIN,72320.68535617543,0.0
2019-11-29,197.7343292236328,198.6405487060547,2,119.18432922363283,-62.05956726074217,72258.62578891468,18.422579384179947,LOSS,72320.68535617543,-0.08581164151736825
2019-12-02,195.7097625732422,197.7343292236328,2,118.64059753417968,-286.2727325439453,71972.35305637073,18.620325848134936,LOSS,72320.68535617543,-0.48164961115782545
2019-12-03,194.17684936523438,195.7097625732422,2,117.60939285343537,-188.97324874812713,71783.37980762261,18.97482988641199,LOSS,72320.68535617543,-0.7429486403601074
2019-12-04,195.16017150878906,194.17684936523438,2,121.77275780082482,121.77275780082482,71905.15256542343,19.148028390828948,WIN,72320.68535617543,-0.5745697634162626
2019-12-05,195.54583740234375,195.16017150878906,2,124.87143020262563,124.87143020262563,72030.02399562605,19.23214874760228,WIN,72320.68535617543,-0.4019062583794462
2019-12-06,197.6378936767578,195.54583740234375,2,124.32660954711912,124.32660954711912,72154.35060517317,19.205373207877386,WIN,72320.68535617543,-0.22999609334876753
2019-12-09,196.7413330078125,197.6378936767578,2,135.74844709813277,-43.56368669092973,72110.78691848223,19.543114495951336,LOSS,72320.68535617543,-0.2902329211337709
2019-12-10,196.57742309570312,196.7413330078125,2,137.34100582712105,104.55902340524605,72215.34594188748,19.617359004775142,LOSS,72320.68535617543,-0.14565599561059153
2019-12-11,197.61863708496094,196.57742309570312,2,137.02926408766842,137.02926408766842,72352.37520597516,19.610719651890804,WIN,72352.37520597516,0.0
2019-12-12,199.0936737060547,197.61863708496094,2,139.4481405207816,139.4481405207816,72491.82334649593,19.66738747481796,WIN,72491.82334649593,0.0
2019-12-13,199.74929809570312,199.0936737060547,2,144.7639676913373,144.7639676913373,72636.58731418727,19.809412702381362,WIN,72636.58731418727,0.0
2019-12-16,201.7545928955078,199.74929809570312,2,145.17583178574998,145.17583178574998,72781.76314597302,19.807265293843642,WIN,72781.76314597302,0.0
2019-12-17,201.87025451660156,201.7545928955078,2,150.65413834687493,150.65413834687493,72932.41728431989,19.93908686697146,WIN,72932.41728431989,0.0
2019-12-18,202.0245361328125,201.87025451660156,2,150.77915040524687,150.77915040524687,73083.19643472513,19.940353097353924,WIN,73083.19643472513,0.0
2019-12-19,203.28746032714844,202.0245361328125,2,150.95479113230266,150.95479113230266,73234.15122585744,19.94233082024267,WIN,73234.15122585744,0.0
2019-12-20,204.10696411132812,203.28746032714844,2,147.55109469877522,147.55109469877522,73381.70232055621,19.800880261134402,WIN,73381.70232055621,0.0
2019-12-23,204.6460723876953,204.10696411132812,2,146.2905548385826,146.2905548385826,73527.9928753948,19.740754791804097,WIN,73527.9928753948,0.0
2019-12-24,204.7523651123047,204.6460723876953,2,146.30975484185268,146.30975484185268,73674.30263023666,19.728886574488264,WIN,73674.30263023666,0.0
2019-12-26,206.5591278076172,204.7523651123047,2,136.4070009890831,136.4070009890831,73810.70963122575,19.406530316601057,WIN,73810.70963122575,0.0
2019-12-27,206.3851776123047,206.5591278076172,2,142.74461271823176,107.95457365573176,73918.66420488148,19.57092782893642,LOSS,73918.66420488148,0.0
2019-12-30,205.03257751464844,206.3851776123047,2,140.93403946080755,-129.58598007044245,73789.07822481103,19.516753867585273,LOSS,73918.66420488148,-0.17530887694517025
2019-12-31,205.4190216064453,205.03257751464844,2,143.34168328355355,143.34168328355355,73932.41990809458,19.624221807514616,WIN,73932.41990809458,0.0
2020-01-02,208.8489532470703,205.4190216064453,2,125.42415227873246,125.42415227873246,74057.84406037332,19.03858796443865,WIN,74057.84406037332,0.0
2020-01-03,206.9359130859375,208.8489532470703,2,136.02850395721933,-246.57952826934317,73811.26453210397,19.30810864851697,LOSS,74057.84406037332,-0.33295531539957773
2020-01-06,208.26925659179688,206.9359130859375,2,152.02125196582884,152.02125196582884,73963.2857840698,19.859118225303405,WIN,74057.84406037332,-0.12768164872101098
2020-01-07,208.24024963378906,208.26925659179688,2,154.0973433980928,148.2959517965303,74111.58173586633,19.89394420231407,LOSS,74111.58173586633,0.0
2020-01-08,209.8054656982422,208.24024963378906,2,148.482110969807,148.482110969807,74260.06384683614,19.716268114099755,WIN,74260.06384683614,0.0
2020-01-09,211.5832061767578,209.8054656982422,2,145.66456202848198,145.66456202848198,74405.72840886463,19.592256506281934,WIN,74405.72840886463,0.0
2020-01-10,211.0421905517578,211.5832061767578,2,147.65318259314625,39.450057593146255,74445.17846645777,19.615838946857647,LOSS,74445.17846645777,0.0
2020-01-13,213.4769287109375,211.0421905517578,2,151.0693625985389,151.0693625985389,74596.24782905632,19.73474004311418,WIN,74596.24782905632,0.0
2020-01-14,212.63636779785156,213.4769287109375,2,158.31928976405328,-9.79289285313422,74586.45493620318,19.905371636520524,LOSS,74596.24782905632,-0.013127862510690954
2020-01-15,212.7233428955078,212.63636779785156,2,163.33515325434396,163.33515325434396,74749.79008945753,20.080788864354165,WIN,74749.79008945753,0.0
2020-01-16,214.76194763183594,212.7233428955078,2,158.65496914438114,158.65496914438114,74908.44505860191,19.933186773334633,WIN,74908.44505860191,0.0
2020-01-17,215.8247833251953,214.76194763183594,2,164.41430510889467,164.41430510889467,75072.8593637108,20.06373880587713,WIN,75072.8593637108,0.0
2020-01-21,215.7281494140625,215.8247833251953,2,164.89920341947564,145.57242119291314,75218.43178490372,20.053662940358585,LOSS,75218.43178490372,0.0
2020-01-22,216.29815673828125,215.7281494140625,2,165.19662735998904,165.19662735998904,75383.6284122637,20.065045922475342,WIN,75383.6284122637,0.0
2020-01-23,216.9938507080078,216.29815673828125,2,165.52071387918127,165.52071387918127,75549.14912614289,20.061608618839017,WIN,75549.14912614289,0.0
2020-01-24,215.16773986816406,216.9938507080078,2,166.05189245362664,-199.17027551512336,75349.97885062777,20.061572145137823,LOSS,75549.14912614289,-0.2636300710449689
2020-01-27,210.7233428955078,215.16773986816406,2,176.91263385006206,-711.9667606811879,74638.01208994658,20.438394636197344,LOSS,75549.14912614289,-1.2060189250774993
2020-01-28,213.96002197265625,210.7233428955078,2,212.7598750466745,212.7598750466745,74850.77196499326,21.678302823643627,WIN,75549.14912614289,-0.9244010941586752
2020-01-29,214.307861328125,213.96002197265625,2,230.67975624063,230.67975624063,75081.45172123388,22.131253561795123,WIN,75549.14912614289,-0.6190637622246425
2020-01-30,215.07115173339844,214.307861328125,2,225.42789251037468,225.42789251037468,75306.87961374426,21.95758590543102,WIN,75549.14912614289,-0.32067801583591843
2020-01-31,211.66050720214844,215.07115173339844,2,226.34251160279234,-455.78639464720766,74851.09321909705,21.96102187574031,LOSS,75549.14912614289,-0.9239758688483843
2020-02-03,214.8585968017578,211.66050720214844,2,228.154578820564,228.154578820564,75079.24779791762,22.129817036006912,WIN,75549.14912614289,-0.62198096690763
2020-02-04,219.7764434814453,214.8585968017578,2,237.61276856072945,237.61276856072945,75316.86056647835,22.31486083525532,WIN,75549.14912614289,-0.3074668111439456
2020-02-05,220.50103759765625,219.7764434814453,2,271.8914916102803,271.8914916102803,75588.75205808863,23.18282954942733,WIN,75588.75205808863,0.0
2020-02-06,222.4044189453125,220.50103759765625,2,272.20700515129204,272.20700515129204,75860.95906323992,23.165404215400066,WIN,75860.95906323992,0.0
2020-02-07,221.44790649414062,222.4044189453125,2,275.3373154135225,84.0348251791475,75944.99388841906,23.188619483089695,LOSS,75944.99388841906,0.0
2020-02-10,224.1242218017578,221.44790649414062,2,275.12994283496226,275.12994283496226,76220.12383125402,23.217795084325935,WIN,76220.12383125402,0.0
2020-02-11,224.16282653808594,224.1242218017578,2,282.5612468852525,282.5612468852525,76502.68507813927,23.33897808314486,WIN,76502.68507813927,0.0
2020-02-12,226.34645080566406,224.16282653808594,2,277.86158592529307,277.86158592529307,76780.54666406456,23.1988689495248,WIN,76780.54666406456,0.0
2020-02-13,226.05661010742188,226.34645080566406,2,280.6895502054109,222.7214105569734,77003.26807462153,23.202412085706897,LOSS,77003.26807462153,0.0
2020-02-14,226.70391845703125,226.05661010742188,2,281.16297519679165,281.16297519679165,77284.43104981832,23.226781224139366,WIN,77284.43104981832,0.0
2020-02-18,226.79087829589844,226.70391845703125,2,278.89151582155574,278.89151582155574,77563.32256563987,23.137018524555486,WIN,77563.32256563987,0.0
2020-02-19,228.96478271484375,226.79087829589844,2,278.98506021425146,278.98506021425146,77842.30762585413,23.136626728283176,WIN,77842.30762585413,0.0
2020-02-20,226.83914184570312,228.96478271484375,2,284.1772449752147,-140.9509288529103,77701.35669700122,23.209366409465233,LOSS,77842.30762585413,-0.18107239257394944
2020-02-21,222.48175048828125,226.83914184570312,2,291.3704606254821,-580.1078108588929,77121.24888614232,23.496040100629195,LOSS,77842.30762585413,-0.9263069938490859
2020-02-24,213.9020538330078,222.48175048828125,2,313.4916380520692,-1402.4476930026183,75718.8011931397,24.32010053143366,LOSS,77842.30762585413,-2.7279592518260993
2020-02-25,208.08570861816406,213.9020538330078,2,375.67406953014,-787.5949734386099,74931.2062197011,26.616767396355876,LOSS,77842.30762585413,-3.7397419153413587
2020-02-26,209.15811157226562,208.08570861816406,2,379.03893072269585,379.03893072269585,75310.2451504238,27.04843372670421,WIN,77842.30762585413,-3.252810139700101
2020-02-27,198.6847381591797,209.15811157226562,2,371.0654367138815,-1723.609245903306,73586.63590452049,26.734506234262234,LOSS,77842.30762585413,-5.467042089487314
2020-02-28,198.83937072753906,198.6847381591797,2,438.17910988236815,438.17910988236815,74024.81501440286,29.587342807422722,WIN,77842.30762585413,-4.904135974231245
2020-03-02,209.10012817382812,198.83937072753906,2,437.40534250625586,437.40534250625586,74462.22035690912,29.550259264151634,WIN,77842.30762585413,-4.342223878037193
2020-03-03,202.39486694335938,209.10012817382812,2,548.3867370350954,-792.6655090586546,73669.55484785046,32.346891907149924,LOSS,77842.30762585413,-5.360520397288101
2020-03-04,210.83926391601562,202.39486694335938,2,549.5616985552931,549.5616985552931,74219.11654640576,32.95998592284526,WIN,77842.30762585413,-4.654526811901684
2020-03-05,204.43353271484375,210.83926391601562,2,609.6076730829634,-671.5385671514116,73547.57797925435,34.12440631713581,LOSS,77842.30762585413,-5.5172177927229775
2020-03-06,200.9842529296875,204.43353271484375,2,610.4467888335232,-79.40916819772679,73468.16881105662,34.750800791378595,LOSS,77842.30762585413,-5.619230657731305
2020-03-09,187.0230255126953,200.9842529296875,2,600.1483624834245,-2192.097120915013,71276.0716901416,34.75084233874382,LOSS,77842.30762585413,-8.435304830983261
2020-03-10,197.20652770996094,187.0230255126953,2,645.9407054691385,645.9407054691385,71922.01239561074,37.84476020639704,WIN,77842.30762585413,-7.605498103549346
2020-03-11,188.6172332763672,197.20652770996094,2,751.245285211783,-966.613601506967,70955.39879410378,40.19703862444423,LOSS,77842.30762585413,-8.84725677051096
2020-03-12,171.3225860595703,188.6172332763672,2,742.2564317845035,-2716.6730115748715,68238.72578252891,41.02924840730915,LOSS,77842.30762585413,-12.337226549711806
2020-03-13,185.83457946777344,171.3225860595703,2,769.1131737136855,769.1131737136855,69007.8389562426,44.69372332207392,WIN,77842.30762585413,-11.349186501605319
2020-03-16,163.57386779785156,185.83457946777344,2,966.0644621123197,-3486.0778718720553,65521.76108437055,49.384966518701944,LOSS,77842.30762585413,-15.827571043630645
2020-03-17,175.97959899902344,163.57386779785156,2,977.0316694226334,977.0316694226334,66498.79275379318,54.507881899588334,WIN,77842.30762585413,-14.57242882184722
2020-03-18,170.62698364257812,175.97959899902344,2,1134.1459229592845,63.62285167022196,66562.41560546341,57.62806711226707,LOSS,77842.30762585413,-14.490695823930425
2020-03-19,171.65110778808594,170.62698364257812,2,1098.2040474967475,1098.2040474967475,67660.61965296016,57.572029588347945,WIN,77842.30762585413,-13.079889694215947
2020-03-20,164.92648315429688,171.65110778808594,2,1108.248208400422,-236.67671835739043,67423.94293460276,57.70507176074159,LOSS,77842.30762585413,-13.38393607410357
2020-03-23,165.04559326171875,164.92648315429688,2,1071.091738327818,1071.091738327818,68495.03467293057,57.95614501614146,WIN,77842.30762585413,-12.007959730396017
2020-03-24,177.82632446289062,165.04559326171875,2,1066.9707683624442,1066.9707683624442,69562.00544129302,57.75999215541147,WIN,77842.30762585413,-10.637277384375656
2020-03-25,176.50955200195312,177.82632446289062,2,1221.4921462535563,958.1376540660563,70520.14309535908,60.434280570757984,LOSS,77842.30762585413,-9.406407330174146
2020-03-26,185.80458068847656,176.50955200195312,2,1211.1155220371932,1211.1155220371932,71731.25861739626,60.38437784156184,WIN,77842.30762585413,-7.850549649466163
2020-03-27,179.41421508789062,185.80458068847656,2,1286.6590854065714,8.585965289383921,71739.84458268565,60.80322978978537,LOSS,77842.30762585413,-7.839519702447309
2020-03-30,185.9401092529297,179.41421508789062,2,1252.164266218999,1252.164266218999,72992.00884890465,61.16294265471428,WIN,77842.30762585413,-6.23092881606522
2020-03-31,184.35223388671875,185.9401092529297,2,1282.9034662119984,965.3283929698109,73957.33724187445,60.63624735589724,LOSS,77842.30762585413,-4.990821190261499
2020-04-01,176.51922607421875,184.35223388671875,2,1264.001201483767,-302.6003610162329,73654.73688085823,60.35112981147637,LOSS,77842.30762585413,-5.3795562756480555
2020-04-02,180.10169982910156,176.51922607421875,2,1202.3648628057122,1202.3648628057122,74857.10174366394,60.05399330847775,WIN,77842.30762585413,-3.8349401157767042
2020-04-03,177.5455322265625,180.10169982910156,2,1227.7704369882165,716.536916480404,75573.63866014434,60.0908465387931,LOSS,77842.30762585413,-2.914442075142548
2020-04-06,190.23912048339844,177.5455322265625,2,1209.7716319503672,1209.7716319503672,76783.4102920947,60.06949345868375,WIN,77842.30762585413,-1.3603108207544006
2020-04-07,190.16162109375,190.23912048339844,2,1302.5791425549648,1287.0792646252773,78070.48955671999,60.289061280128976,LOSS,78070.48955671999,0.0
2020-04-08,194.19923400878906,190.16162109375,2,1271.7003057721852,1271.7003057721852,79342.18986249217,59.23346219817989,WIN,79342.18986249217,0.0
2020-04-09,194.47999572753906,194.19923400878906,2,1280.819518553139,1280.819518553139,80623.00938104531,58.624398645873626,WIN,80623.00938104531,0.0
2020-04-13,196.58106994628906,194.47999572753906,2,1173.1644933845016,1173.1644933845016,81796.1738744298,54.90000982948072,WIN,81796.1738744298,0.0
2020-04-14,205.13063049316406,196.58106994628906,2,1106.4632443940832,1106.4632443940832,82902.63711882388,52.22925330882919,WIN,82902.63711882388,0.0
2020-04-15,202.7777862548828,205.13063049316406,2,923.5317706582167,452.9629230019667,83355.60004182585,44.77901675574246,LOSS,83355.60004182585,0.0
2020-04-16,206.47647094726562,202.7777862548828,2,843.7660912723892,843.7660912723892,84199.36613309824,42.52267991783066,WIN,84199.36613309824,0.0
2020-04-17,208.45166015625,206.47647094726562,2,831.2974900641627,831.2974900641627,85030.6636231624,41.63023072473587,WIN,85030.6636231624,0.0
2020-04-20,205.982666015625,208.45166015625,2,838.9125396509544,345.1137115259544,85375.77733468835,41.61952835955249,LOSS,85375.77733468835,0.0
2020-04-21,198.3820037841797,205.982666015625,2,789.3545984854284,-730.7778478036341,84644.99948688471,40.347229505215566,LOSS,85375.77733468835,-0.8559545466143801
2020-04-22,204.2688751220703,198.3820037841797,2,801.611160912131,801.611160912131,85446.61064779684,41.727018321865685,WIN,85446.61064779684,0.0
2020-04-23,203.83319091796875,204.2688751220703,2,738.5135663892617,651.3767255689492,86097.98737336579,38.91361918630186,LOSS,86097.98737336579,0.0
2020-04-24,207.04766845703125,203.83319091796875,2,734.1663502170426,734.1663502170426,86832.15372358283,38.82366648530709,WIN,86832.15372358283,0.0
2020-04-27,208.71307373046875,207.04766845703125,2,700.1663731043968,700.1663731043968,87532.32009668722,37.367628109619844,WIN,87532.32009668722,0.0
2020-04-28,204.78201293945312,208.71307373046875,2,664.836522839584,-121.37563536354105,87410.94446132368,36.069500708638024,LOSS,87532.32009668722,-0.13866379324741962
2020-04-29,212.04383850097656,204.78201293945312,2,646.2969276096287,646.2969276096287,88057.24138893331,35.87513594352842,WIN,88057.24138893331,0.0
2020-04-30,211.9566650390625,212.04383850097656,2,685.1541029047855,667.719410521973,88724.96079945528,36.37231832408645,LOSS,88724.96079945528,0.0
2020-05-01,205.982666015625,211.9566650390625,2,619.2537969343522,-575.5460077531478,88149.41479170213,34.324605159489096,LOSS,88724.96079945528,-0.6486855587956255
2020-05-04,208.3838653564453,205.982666015625,2,632.6132494987643,632.6132494987643,88782.0280412009,35.31405562703058,WIN,88782.0280412009,0.0
2020-05-05,210.74636840820312,208.3838653564453,2,627.9691094860465,627.9691094860465,89409.99715068695,34.93256641881586,WIN,89409.99715068695,0.0
2020-05-06,212.04383850097656,210.74636840820312,2,513.0976979673325,513.0976979673325,89923.09484865428,31.103823251557063,WIN,89923.09484865428,0.0
2020-05-07,214.77427673339844,212.04383850097656,2,515.1217440366551,515.1217440366551,90438.21659269094,31.068422917610285,WIN,90438.21659269094,0.0
2020-05-08,217.7176513671875,214.77427673339844,2,515.2145445165482,515.2145445165482,90953.43113720749,30.867002061032082,WIN,90953.43113720749,0.0
2020-05-11,219.6638641357422,217.7176513671875,2,523.985375438405,523.985375438405,91477.4165126459,30.918954955410747,WIN,91477.4165126459,0.0
2020-05-12,215.06471252441406,219.6638641357422,2,528.1445033566234,-391.68581890900157,91085.7306937369,30.90315068075844,LOSS,91477.4165126459,-0.42817761349310857
2020-05-13,212.37298583984375,215.06471252441406,2,484.94208929056157,-53.40324762350093,91032.3274461134,29.91453611183721,LOSS,91477.4165126459,-0.48655622720933456
2020-05-14,214.78390502929688,212.37298583984375,2,479.954120792459,479.954120792459,91512.28156690586,29.948219983297705,WIN,91512.28156690586,0.0
2020-05-15,216.17819213867188,214.78390502929688,2,479.1685157100108,479.1685157100108,91991.45008261588,29.75623520868231,WIN,91991.45008261588,0.0
2020-05-18,220.20602416992188,216.17819213867188,2,480.929890772083,480.929890772083,92472.37997338796,29.714954321388817,WIN,92472.37997338796,0.0
2020-05-19,219.6541748046875,220.20602416992188,2,491.3668310040401,380.9969579571651,92853.37693134512,29.759296915730847,LOSS,92853.37693134512,0.0
2020-05-20,224.04025268554688,219.6541748046875,2,423.8924195758554,423.8924195758554,93277.26935092098,27.76454141880516,WIN,93277.26935092098,0.0
2020-05-21,221.6002960205078,224.04025268554688,2,415.0713333201729,-72.91999968763957,93204.34935123334,27.254221185182807,LOSS,93277.26935092098,-0.07817553000324984
2020-05-22,222.36521911621094,221.6002960205078,2,419.221272153135,419.221272153135,93623.57062338648,27.513016118925634,WIN,93623.57062338648,0.0
2020-05-26,221.76487731933594,222.36521911621094,2,414.4625226263966,294.3941632513966,93917.96478663788,27.328420413320657,LOSS,93917.96478663788,0.0
2020-05-27,222.97520446777344,221.76487731933594,2,414.06862579765544,414.06862579765544,94332.03341243553,27.350046396180836,WIN,94332.03341243553,0.0
2020-05-28,222.68475341796875,222.97520446777344,2,392.6850330315508,334.5948230706133,94666.62823550614,26.64868245617896,LOSS,94666.62823550614,0.0
2020-05-29,225.9476776123047,222.68475341796875,2,340.7804662483732,340.7804662483732,95007.40870175451,25.122160941902667,WIN,95007.40870175451,0.0
2020-06-01,226.62548828125,225.9476776123047,2,352.8078477881766,352.8078477881766,95360.21654954269,25.328075018335696,WIN,95360.21654954269,0.0
2020-06-02,228.14553833007812,226.62548828125,2,291.1861763697569,291.1861763697569,95651.40272591244,23.498671241008743,WIN,95651.40272591244,0.0
2020-06-03,229.1719207763672,228.14553833007812,2,290.1498661848687,290.1498661848687,95941.55259209732,23.412003084552815,WIN,95941.55259209732,0.0
2020-06-04,227.5646514892578,229.1719207763672,2,288.17237409890464,-33.28148332297036,95908.27110877435,23.317254072858002,LOSS,95941.55259209732,-0.034689331602191974
2020-06-05,232.0766143798828,227.5646514892578,2,293.90576095328464,293.90576095328464,96202.17686972764,23.542644335167054,WIN,96202.17686972764,0.0
2020-06-08,233.87757873535156,232.0766143798828,2,311.41762987115635,311.41762987115635,96513.5944995988,23.875663805267713,WIN,96513.5944995988,0.0
2020-06-09,235.5719757080078,233.87757873535156,2,308.3367127990223,308.3367127990223,96821.93121239782,23.72018457849344,WIN,96821.93121239782,0.0
2020-06-10,238.39920043945312,235.5719757080078,2,309.53841788567826,309.53841788567826,97131.4696302835,23.691204381214234,WIN,97131.4696302835,0.0
2020-06-11,226.5867156982422,238.39920043945312,2,270.21091974833405,-2092.2860284938533,95039.18360178964,22.49699342395332,LOSS,97131.4696302835,-2.1540763631579205
2020-06-12,228.38763427734375,226.5867156982422,2,409.5484054131872,409.5484054131872,95448.73200720282,26.95528196817805,WIN,97131.4696302835,-1.7324329895200392
2020-06-15,231.16648864746094,228.38763427734375,2,410.7179427419259,410.7179427419259,95859.44994994476,26.894881469016113,WIN,97131.4696302835,-1.3095855392495253
2020-06-16,235.13623046875,231.16648864746094,2,419.0217338743002,419.0217338743002,96278.47168381905,26.98948978557607,WIN,97131.4696302835,-0.8781890665417214
2020-06-17,235.8817901611328,235.13623046875,2,424.13613960981235,424.13613960981235,96702.60782342886,26.930942598738223,WIN,97131.4696302835,-0.44152714716150543
2020-06-18,236.5207977294922,235.8817901611328,2,423.67425660542233,423.67425660542233,97126.28208003427,26.88028036323184,WIN,97131.4696302835,-0.00534075132288651
2020-06-19,236.4821319580078,236.5207977294922,2,410.6481578460495,402.9150035491745,97529.19708358345,26.483904506888635,LOSS,97529.19708358345,0.0
2020-06-22,239.31817626953125,236.4821319580078,2,400.9320859806877,400.9320859806877,97930.12916956414,26.214024748385917,WIN,97930.12916956414,0.0
2020-06-23,241.35496520996094,239.31817626953125,2,409.5207071014305,409.5207071014305,98339.64987666557,26.318508738147735,WIN,98339.64987666557,0.0
2020-06-24,236.3793182373047,241.35496520996094,2,411.6209666826947,-583.5084278485554,97756.14144881701,26.28055011541842,LOSS,98339.64987666557,-0.59336028609048
2020-06-25,238.62950134277344,236.3793182373047,2,432.89473832058275,432.89473832058275,98189.0361871376,27.113282900609235,WIN,98339.64987666557,-0.15315662575255523
2020-06-26,232.99424743652344,238.62950134277344,2,437.8717559505039,-689.1790252994961,97499.8571618381,27.137013297447467,LOSS,98339.64987666557,-0.8539716339042458
2020-06-29,235.53543090820312,232.99424743652344,2,452.9298229239772,452.9298229239772,97952.78698476208,27.858039264980555,WIN,98339.64987666557,-0.3933946199612134
2020-06-30,240.1522979736328,235.53543090820312,2,461.5520331041239,461.5520331041239,98414.3390178662,27.96144588524445,WIN,98414.3390178662,0.0
2020-07-01,242.95533752441406,240.1522979736328,2,483.32930662819615,483.32930662819615,98897.66832449439,28.31206444283005,WIN,98897.66832449439,0.0
2020-07-02,244.6041717529297,242.95533752441406,2,492.37300296751937,492.37300296751937,99390.0413274619,28.404691284084457,WIN,99390.0413274619,0.0
2020-07-06,250.6177520751953,244.6041717529297,2,491.24992388286455,491.24992388286455,99881.29125134477,28.283963238025827,WIN,99881.29125134477,0.0
2020-07-07,248.89122009277344,250.6177520751953,2,511.5108729143625,166.2044764299875,100047.49572777476,28.499947144914486,LOSS,100047.49572777476,0.0
2020-07-08,252.16958618164062,248.89122009277344,2,512.285790253523,512.285790253523,100559.78151802828,28.61418856697521,WIN,100559.78151802828,0.0
2020-07-09,254.2936248779297,252.16958618164062,2,522.7638362198232,522.7638362198232,101082.5453542481,28.71203329868939,WIN,101082.5453542481,0.0
2020-07-10,256.0298767089844,254.2936248779297,2,524.9175018313193,524.9175018313193,101607.46285607942,28.653519325716857,WIN,101607.46285607942,0.0
2020-07-13,250.76321411132812,256.0298767089844,2,364.492355305033,-688.840164226217,100918.6226918532,24.41644134775572,LOSS,101607.46285607942,-0.677942490505758
2020-07-14,252.5381622314453,250.76321411132812,2,399.37453095776345,399.37453095776345,101317.99722281097,25.53429719179428,WIN,101607.46285607942,-0.28488619352543365
2020-07-15,253.0522003173828,252.5381622314453,2,399.1429409113177,399.1429409113177,101717.14016372229,25.454191852501737,WIN,101717.14016372229,0.0
2020-07-16,251.32574462890625,253.0522003173828,2,389.78089221776276,44.489754522450255,101761.62991824474,25.188246785837485,LOSS,101761.62991824474,0.0
2020-07-17,251.61676025390625,251.32574462890625,2,393.6567715033545,393.6567715033545,102155.2866897481,25.36023906795046,WIN,102155.2866897481,0.0
2020-07-20,258.75531005859375,251.61676025390625,2,394.3551749606551,394.3551749606551,102549.64186470876,25.366615881672587,WIN,102549.64186470876,0.0
2020-07-21,256.0589599609375,258.75531005859375,2,440.4932968558174,-98.77672267543261,102450.86514203332,26.260017402227767,LOSS,102549.64186470876,-0.09632088506535252
2020-07-22,256.9610595703125,256.0589599609375,2,444.1543568446033,444.1543568446033,102895.01949887793,26.473158097220335,WIN,102895.01949887793,0.0
2020-07-23,250.2491455078125,256.9610595703125,2,444.2293095028665,-898.1535029971335,101996.8659958808,26.434809227474823,LOSS,102895.01949887793,-0.8728833595360967
2020-07-24,247.87283325195312,250.2491455078125,2,448.3251079975026,-26.937343174372415,101969.92865270643,26.849758166612162,LOSS,102895.01949887793,-0.8990628027254409
2020-07-27,252.29562377929688,247.87283325195312,2,448.97363581380966,448.97363581380966,102418.90228852023,26.980665347666363,WIN,102895.01949887793,-0.46272133741409066
2020-07-28,249.085205078125,252.29562377929688,2,430.23646688807105,-211.84727334630395,102207.05501517393,26.279413801214723,LOSS,102895.01949887793,-0.6686081474638316
2020-07-29,251.95620727539062,249.085205078125,2,436.12446565925796,436.12446565925796,102643.17948083319,26.58114626321759,WIN,102895.01949887793,-0.24475433239747965
2020-07-30,253.27536010742188,251.95620727539062,2,429.67232860689444,429.67232860689444,103072.85180944008,26.27979876972555,WIN,103072.85180944008,0.0
2020-07-31,257.7951354980469,253.27536010742188,2,427.4674620807618,427.4674620807618,103500.31927152084,26.163468465289597,WIN,103500.31927152084,0.0
2020-08-03,261.27716064453125,257.7951354980469,2,447.54483912712743,447.54483912712743,103947.86411064796,26.48288099572926,WIN,103947.86411064796,0.0
2020-08-04,262.2469787597656,261.27716064453125,2,432.1132806288563,432.1132806288563,104379.97739127681,25.93919074223669,WIN,104379.97739127681,0.0
2020-08-05,262.89691162109375,262.2469787597656,2,428.5538951514119,428.5538951514119,104808.53128642823,25.80896179739556,WIN,104808.53128642823,0.0
2020-08-06,266.3789367675781,262.89691162109375,2,422.5334485763006,422.5334485763006,105231.06473500453,25.630767956211443,WIN,105231.06473500453,0.0
2020-08-07,263.3042907714844,266.3789367675781,2,433.273196452736,-181.656002766014,105049.40873223852,25.758481333719104,LOSS,105231.06473500453,-0.1726258336580237
2020-08-10,262.1791687011719,263.3042907714844,2,437.877482975846,212.85306891334602,105262.26180115186,25.99977255663539,LOSS,105262.26180115186,0.0
2020-08-11,257.2131042480469,262.1791687011719,2,407.1627138910339,-586.050176733966,104676.2116244179,25.27209073694233,LOSS,105262.26180115186,-0.5567524074687384
2020-08-12,263.6824645996094,257.2131042480469,2,423.51260327746115,423.51260327746115,105099.72422769536,25.89086254615106,WIN,105262.26180115186,-0.15441200927598125
2020-08-13,264.2839050292969,263.6824645996094,2,466.6425014523619,466.6425014523619,105566.36672914772,26.705556642634207,WIN,105566.36672914772,0.0
2020-08-14,263.9735412597656,264.2839050292969,2,462.8794079812006,400.8066540749506,105967.17338322267,26.58473687978941,LOSS,105967.17338322267,0.0
2020-08-17,267.0384826660156,263.9735412597656,2,463.0194107489616,463.0194107489616,106430.19279397164,26.601865542955238,WIN,106430.19279397164,0.0
2020-08-18,269.6087341308594,267.0384826660156,2,432.3789448841108,432.3789448841108,106862.57173885575,25.709759403241303,WIN,106862.57173885575,0.0
2020-08-19,267.7949523925781,269.6087341308594,2,430.0102994662745,67.25395181002449,106929.82569066578,25.549549862060196,LOSS,106929.82569066578,0.0
2020-08-20,271.5097961425781,267.7949523925781,2,432.31838338429657,432.31838338429657,107362.14407405007,25.67801053956709,WIN,107362.14407405007,0.0
2020-08-21,273.3914489746094,271.5097961425781,2,388.15415607131365,388.15415607131365,107750.29823012138,24.456006577950138,WIN,107750.29823012138,0.0
2020-08-24,275.09857177734375,273.3914489746094,2,376.6693209944765,376.6693209944765,108126.96755111586,24.113062548195316,WIN,108126.96755111586,0.0
2020-08-25,277.2613525390625,275.09857177734375,2,365.87558280594715,365.87558280594715,108492.84313392181,23.796990444563612,WIN,108492.84313392181,0.0
2020-08-26,283.177978515625,277.2613525390625,2,344.0494675507679,344.0494675507679,108836.89260147257,23.20768312557439,WIN,108836.89260147257,0.0
2020-08-27,282.29534912109375,283.177978515625,2,369.20937774001226,192.68349883376226,109029.57610030634,23.623871463570392,LOSS,109029.57610030634,0.0
2020-08-28,283.7308349609375,282.29534912109375,2,374.3721070950299,374.3721070950299,109403.94820740136,23.771801379800667,WIN,109403.94820740136,0.0
2020-08-31,286.0101623535156,283.7308349609375,2,363.03291383705033,363.03291383705033,109766.98112123841,23.463080932639997,WIN,109766.98112123841,0.0
2020-09-01,290.8985290527344,286.0101623535156,2,360.296778524159,360.296778524159,110127.27789976257,23.332358423110804,WIN,110127.27789976257,0.0
2020-09-02,293.6530456542969,290.8985290527344,2,379.0755263339945,379.0755263339945,110506.35342609657,23.619324872977028,WIN,110506.35342609657,0.0
2020-09-03,278.7648010253906,293.6530456542969,2,383.315360161444,-2594.333565619806,107912.01986047676,23.63397410402013,LOSS,110506.35342609657,-2.3476781969416973
2020-09-04,275.04998779296875,278.7648010253906,2,551.029120749366,-191.93352573500897,107720.08633474176,28.074516700950127,LOSS,110506.35342609657,-2.5213637089365912
2020-09-08,261.8301086425781,275.04998779296875,2,546.4620324540994,-2097.5137976240258,105622.57253711774,28.141271614059438,LOSS,110506.35342609657,-4.419457105916502
2020-09-09,269.521484375,261.8301086425781,2,628.6847043005414,628.6847043005414,106251.25724141828,30.88189560468031,WIN,110506.35342609657,-3.850544382974299
2020-09-10,264.14813232421875,269.521484375,2,662.9163964705597,-411.7540136856903,105839.5032277326,31.26875802828285,LOSS,110506.35342609657,-4.223151025868415
2020-09-11,262.31500244140625,264.14813232421875,2,645.3120403414783,278.68606377897834,106118.18929151157,31.158879884522783,LOSS,110506.35342609657,-3.970960943453509
2020-09-14,266.8832702636719,262.31500244140625,2,642.6228096358211,642.6228096358211,106760.8121011474,31.20399257848172,WIN,110506.35342609657,-3.3894352757319766
2020-09-15,270.6659851074219,266.8832702636719,2,665.7206290394878,665.7206290394878,107426.53273018688,31.499078654722638,WIN,110506.35342609657,-2.787007805817591
2020-09-16,266.34979248046875,270.6659851074219,2,677.6957099166502,-185.54281547397477,107240.9899147129,31.561134494820383,LOSS,110506.35342609657,-2.954910202124663
2020-09-17,262.1888732910156,266.34979248046875,2,673.8758169007093,-158.3080209899157,107082.68189372298,31.734646284645716,LOSS,110506.35342609657,-3.098167142636949
2020-09-18,258.8426818847656,262.1888732910156,2,670.6843852323005,1.4461039823005422,107084.12799770529,31.91971201204778,LOSS,110506.35342609657,-3.0968585264918382
2020-09-21,259.4634094238281,258.8426818847656,2,657.9064104390341,657.9064104390341,107742.03440814432,31.81191771873038,WIN,110506.35342609657,-2.5015023410404598
2020-09-22,264.2839050292969,259.4634094238281,2,657.043579487323,657.043579487323,108399.07798763164,31.74970196872306,WIN,110506.35342609657,-1.9069269531857416
2020-09-23,256.21417236328125,264.2839050292969,2,683.2501865086061,-930.6963466945189,107468.38164093712,32.10007724968986,LOSS,110506.35342609657,-2.7491376658186026
2020-09-24,257.4072265625,256.21417236328125,2,686.7328897456748,686.7328897456748,108155.1145306828,32.72857085379738,WIN,110506.35342609657,-2.1276956686352078
2020-09-25,263.3916015625,257.4072265625,2,668.8259648280622,668.8259648280622,108823.94049551086,32.186261599460465,WIN,110506.35342609657,-1.5224581016609644
2020-09-28,268.8619689941406,263.3916015625,2,712.0532479759985,712.0532479759985,109535.99374348686,32.88132008769901,WIN,110506.35342609657,-0.8781030705701947
2020-09-29,267.6495056152344,268.8619689941406,2,745.2287910846724,502.73611530342237,110038.72985879029,33.33366446760569,LOSS,110506.35342609657,-0.42316441797983095
2020-09-30,269.48272705078125,267.6495056152344,2,737.7196884109037,737.7196884109037,110776.44954720119,33.23114550804735,WIN,110776.44954720119,0.0
2020-10-01,273.7600402832031,269.48272705078125,2,731.0802453557144,731.0802453557144,111507.5297925569,32.944160455215496,WIN,111507.5297925569,0.0
2020-10-02,266.058837890625,273.7600402832031,2,750.5180564369982,-789.7224220786268,110717.80737047827,33.133436583199455,LOSS,111507.5297925569,-0.7082234029825526
2020-10-05,271.73284912109375,266.058837890625,2,665.6475729387072,665.6475729387072,111383.45494341697,31.548387875143046,WIN,111507.5297925569,-0.11127037731958626
2020-10-06,266.8832702636719,271.73284912109375,2,694.672609684092,-275.243161800283,111108.21178161669,31.909355767779292,LOSS,111507.5297925569,-0.35810856153220144
2020-10-07,271.5001220703125,266.8832702636719,2,597.3217450092476,597.3217450092476,111705.53352662594,29.80389524251799,WIN,111705.53352662594,0.0
2020-10-08,272.9452819824219,271.5001220703125,2,582.1179181046357,582.1179181046357,112287.65144473057,29.18175462754182,WIN,112287.65144473057,0.0
2020-10-09,277.1159362792969,272.9452819824219,2,564.2317799984975,564.2317799984975,112851.88322472907,28.673225644650202,WIN,112851.88322472907,0.0
2020-10-12,285.6706237792969,277.1159362792969,2,576.9784929176831,576.9784929176831,113428.86171764675,28.77168726372412,WIN,113428.86171764675,0.0
2020-10-13,285.6609191894531,285.6706237792969,2,623.3664737136775,621.4255557449275,114050.28727339167,29.433341476299873,LOSS,114050.28727339167,0.0
2020-10-14,283.2749328613281,285.6609191894531,2,617.8795503085726,140.68228468357256,114190.96955807525,29.306784026910584,LOSS,114190.96955807525,0.0
2020-10-15,281.3739013671875,283.2749328613281,2,601.1571768237869,220.95087799566193,114411.92043607091,29.036826102753217,LOSS,114411.92043607091,0.0
2020-10-16,279.831787109375,281.3739013671875,2,583.8816662451228,275.4588146826228,114687.37925075354,28.725559446597984,LOSS,114687.37925075354,0.0
2020-10-19,275.26336669921875,279.831787109375,2,570.9374298886273,-342.7466521426227,114344.63259861092,28.4952364531881,LOSS,114687.37925075354,-0.2988529813670609
2020-10-20,275.8550720214844,275.26336669921875,2,581.443965383228,581.443965383228,114926.07656399414,28.971675128534603,WIN,114926.07656399414,0.0
2020-10-21,275.64166259765625,275.8550720214844,2,570.0894614748726,527.4075767092476,115453.48414070338,28.669450855735747,LOSS,115453.48414070338,0.0
2020-10-22,275.6319885253906,275.64166259765625,2,510.35382147843274,508.41900702530774,115961.90314772869,27.246600165214545,LOSS,115961.90314772869,0.0
2020-10-23,276.1751403808594,275.6319885253906,2,511.0478868516057,511.0478868516057,116472.9510345803,27.263685574813742,WIN,116472.9510345803,0.0
2020-10-26,272.0335388183594,276.1751403808594,2,488.44504186493276,-339.87527063506724,116133.07576394523,26.698229863439124,LOSS,116472.9510345803,-0.29180618127736524
2020-10-27,274.1576843261719,272.0335388183594,2,475.6481929133917,475.6481929133917,116608.72395685862,26.565180854835624,WIN,116608.72395685862,0.0
2020-10-28,263.4692077636719,274.1576843261719,2,480.3189582254578,-1657.3763542745423,114951.34760258408,26.58826275996588,LOSS,116608.72395685862,-1.4213142019183045
2020-10-29,268.0763244628906,263.4692077636719,2,539.7435136532341,539.7435136532341,115491.09111623731,28.550227757237316,WIN,116608.72395685862,-0.9584470206832908
2020-10-30,261.27716064453125,268.0763244628906,2,551.9962153882586,-807.8365482836164,114683.25456795369,28.619672620216267,LOSS,116608.72395685862,-1.6512224159294444
2020-11-02,261.859130859375,261.27716064453125,2,531.0535779761528,531.0535779761528,115214.30814592984,28.443920018783285,WIN,116608.72395685862,-1.1958074521462645
2020-11-03,266.38861083984375,261.859130859375,2,507.36797979970214,507.36797979970214,115721.67612572954,27.81575988339453,WIN,116608.72395685862,-0.7607045176630672
2020-11-04,278.27978515625,266.38861083984375,2,518.2315008047973,518.2315008047973,116239.90762653435,27.867589086922266,WIN,116608.72395685862,-0.316285366831324
2020-11-05,285.53485107421875,278.27978515625,2,624.6283933286479,624.6283933286479,116864.536019863,29.84667121660959,WIN,116864.536019863,0.0
2020-11-06,285.7481994628906,285.53485107421875,2,667.906956969867,667.906956969867,117532.44297683286,30.471979168427872,WIN,117532.44297683286,0.0
2020-11-09,279.90936279296875,285.7481994628906,2,660.3653566605402,-507.4019773238348,117025.04099950902,30.285857543899937,LOSS,117532.44297683286,-0.4317122697975869
2020-11-10,274.8948669433594,279.90936279296875,2,623.9024926139314,-378.9966773079436,116646.04432220107,29.743083451541118,LOSS,117532.44297683286,-0.7541735985242054
2020-11-11,281.0441589355469,274.8948669433594,2,625.4173913194533,625.4173913194533,117271.46171352052,30.0484701792102,WIN,117532.44297683286,-0.2220504030225759
2020-11-12,279.72503662109375,281.0441589355469,2,661.9884601947068,398.1639973040818,117669.6257108246,30.579907825725748,LOSS,117669.6257108246,0.0
2020-11-13,282.17889404296875,279.72503662109375,2,657.8746905541142,657.8746905541142,118327.50040137873,30.556105077997373,WIN,118327.50040137873,0.0
2020-11-16,284.3807067871094,282.17889404296875,2,665.4596128149244,665.4596128149244,118992.96001419365,30.59862094786508,WIN,118992.96001419365,0.0
2020-11-17,283.4786071777344,284.3807067871094,2,658.4897243431376,478.0698024681376,119471.02981666179,30.315737055323936,LOSS,119471.02981666179,0.0
2020-11-18,281.3835144042969,283.4786071777344,2,657.4791624077591,238.46060772025908,119709.49042438205,30.340896207798632,LOSS,119709.49042438205,0.0
2020-11-19,283.5853271484375,281.3835144042969,2,655.9322807621968,655.9322807621968,120365.42270514424,30.41875770041264,WIN,120365.42270514424,0.0
2020-11-20,281.6455078125,283.5853271484375,2,662.8655983345524,274.9017311470524,120640.3244362913,30.460756939438497,LOSS,120640.3244362913,0.0
2020-11-23,281.6551818847656,281.6455078125,2,661.3962213221565,661.3962213221565,121301.72065761345,30.53273415655911,WIN,121301.72065761345,0.0
2020-11-24,285.6124267578125,281.6551818847656,2,648.9786205055414,648.9786205055414,121950.69927811899,30.24058624241752,WIN,121950.69927811899,0.0
2020-11-25,287.3679504394531,285.6124267578125,2,663.2709039557164,663.2709039557164,122613.97018207471,30.360412392173966,WIN,122613.97018207471,0.0
2020-11-27,290.01593017578125,287.3679504394531,2,577.611696850252,577.611696850252,123191.58187892496,28.294949053041528,WIN,123191.58187892496,0.0
2020-11-30,290.6075439453125,290.01593017578125,2,574.6674731834485,574.6674731834485,123766.24935210841,28.10641125540707,WIN,123766.24935210841,0.0
2020-12-01,294.3320007324219,290.6075439453125,2,523.4558483193138,523.4558483193138,124289.70520042772,26.914126334895435,WIN,124289.70520042772,0.0
2020-12-02,294.7103271484375,294.3320007324219,2,532.5424774759892,532.5424774759892,124822.24767790371,26.96756515154283,WIN,124822.24767790371,0.0
2020-12-03,295.1273193359375,294.7103271484375,2,525.8170480682039,525.8170480682039,125348.06472597191,26.801258864656816,WIN,125348.06472597191,0.0
2020-12-04,296.330078125,295.1273193359375,2,411.32707158200884,411.32707158200884,125759.39179755392,24.21864113904433,WIN,125759.39179755392,0.0
2020-12-07,298.00799560546875,296.330078125,2,365.5626290130814,365.5626290130814,126124.954426567,23.15971678531054,WIN,126124.954426567,0.0
2020-12-08,299.0166931152344,298.00799560546875,2,368.6878899658655,368.6878899658655,126493.64231653286,23.18314007203877,WIN,126493.64231653286,0.0
2020-12-09,292.2467041015625,299.0166931152344,2,316.958354487479,-1037.039448246896,125456.60286828596,22.011255569057376,LOSS,126493.64231653286,-0.8198352338150326
2020-12-10,293.4202575683594,292.2467041015625,2,332.1832403216397,332.1832403216397,125788.7861086076,22.518256247718305,WIN,126493.64231653286,-0.5572265886387029
2020-12-11,292.77044677734375,293.4202575683594,2,293.2219501461951,163.25979194307013,125952.04590055067,21.609907964955966,LOSS,126493.64231653286,-0.4281609779461632
2020-12-14,294.8946228027344,292.77044677734375,2,289.4145740349604,289.4145740349604,126241.46047458563,21.538561158774822,WIN,126493.64231653286,-0.19936325441256203
2020-12-15,298.04681396484375,294.8946228027344,2,289.5398339903907,289.5398339903907,126531.00030857603,21.494272327728563,WIN,126531.00030857603,0.0
2020-12-16,299.68609619140625,298.04681396484375,2,297.2046796869257,297.2046796869257,126828.20498826295,21.5956892851484,WIN,126828.20498826295,0.0
2020-12-17,301.6452331542969,299.68609619140625,2,295.99041381975997,295.99041381975997,127124.19540208271,21.53281079251348,WIN,127124.19540208271,0.0
2020-12-18,300.7334899902344,301.6452331542969,2,286.1141213424489,103.76548852994893,127227.96089061265,21.273817124010918,LOSS,127227.96089061265,0.0
2020-12-21,300.1708679199219,300.7334899902344,2,287.4309977016767,174.9065836391767,127402.86747425183,21.321801232002038,LOSS,127402.86747425183,0.0
2020-12-22,300.9871826171875,300.1708679199219,2,277.9411756631539,277.9411756631539,127680.808649915,21.12453862532889,WIN,127680.808649915,0.0
2020-12-23,299.4712829589844,300.9871826171875,2,277.43141941316884,-25.74851222745616,127655.06013768754,21.096725907565165,LOSS,127680.808649915,-0.02016631355934724
2020-12-24,300.79278564453125,299.4712829589844,2,268.25919384077514,268.25919384077514,127923.31933152831,20.92500144585289,WIN,127923.31933152831,0.0
2020-12-28,303.8243408203125,300.79278564453125,2,268.14953788748073,268.14953788748073,128191.4688694158,20.896559236842727,WIN,128191.4688694158,0.0
2020-12-29,304.0964050292969,303.8243408203125,2,272.4791782452883,272.4791782452883,128463.94804766108,20.931981462823572,WIN,128463.94804766108,0.0
2020-12-30,304.1061706542969,304.0964050292969,2,272.97563843672543,272.97563843672543,128736.9236860978,20.937472799235163,WIN,128736.9236860978,0.0
2020-12-31,304.8543701171875,304.1061706542969,2,257.9791311060049,257.9791311060049,128994.90281720381,20.61110469151682,WIN,128994.90281720381,0.0
2021-01-04,300.54986572265625,304.8543701171875,2,258.67297210462795,-602.2279068016221,128392.67491040219,20.61238760346221,LOSS,128994.90281720381,-0.46686178573662485
2021-01-05,303.027587890625,300.54986572265625,2,285.26210887020966,285.26210887020966,128677.9370192724,21.27793158986856,WIN,128994.90281720381,-0.24571963000784078
2021-01-06,298.83001708984375,303.027587890625,2,292.7274818493756,-546.7866783068744,128131.15034096553,21.389551230952314,LOSS,128994.90281720381,-0.669602020990154
2021-01-07,306.05926513671875,298.83001708984375,2,309.6691994875165,309.6691994875165,128440.81954045304,21.85429544962758,WIN,128994.90281720381,-0.4295388923513885
2021-01-08,309.9945068359375,306.05926513671875,2,373.19862103962623,373.19862103962623,128814.01816149267,23.06535574459749,WIN,128994.90281720381,-0.14022620410627185
2021-01-11,305.51513671875,309.9945068359375,2,326.68593419077195,-569.188089246728,128244.83007224594,21.97052463536907,LOSS,128994.90281720381,-0.5814747161140029
2021-01-12,305.0293273925781,305.51513671875,2,351.985327947001,254.823462712626,128499.65353495856,22.62045420149329,LOSS,128994.90281720381,-0.3839293425004986
2021-01-13,307.0892639160156,305.0293273925781,2,350.92612475726474,350.92612475726474,128850.57965971582,22.609622840203173,WIN,128994.90281720381,-0.11188283748894146
2021-01-14,305.4471435546875,307.0892639160156,2,352.7957898090837,24.371717543458715,128874.95137725928,22.598848552392937,LOSS,128994.90281720381,-0.09298928664996425
2021-01-15,303.027587890625,305.4471435546875,2,347.66175690256,-136.24937590994,128738.70200134933,22.528524726302447,LOSS,128994.90281720381,-0.19861313141770798
2021-01-19,307.44879150390625,303.027587890625,2,350.668071834867,350.668071834867,129089.3700731842,22.654257795996987,WIN,129089.3700731842,0.0
2021-01-20,314.6003112792969,307.44879150390625,2,371.27882484324715,371.27882484324715,129460.64889802744,22.98760203930628,WIN,129460.64889802744,0.0
2021-01-21,317.116943359375,314.6003112792969,2,421.54161493213616,421.54161493213616,129882.19051295958,23.862787482947247,WIN,129882.19051295958,0.0
2021-01-22,316.20355224609375,317.116943359375,2,425.8017679820453,243.1235453257953,130125.31405828538,23.881310266473434,LOSS,130125.31405828538,0.0
2021-01-25,318.8174133300781,316.20355224609375,2,427.31432530346024,427.31432530346024,130552.62838358885,23.93860480359513,WIN,130552.62838358885,0.0
2021-01-26,319.2838439941406,318.8174133300781,2,427.87142328960715,427.87142328960715,130980.49980687845,23.876878518893236,WIN,130980.49980687845,0.0
2021-01-27,310.3831787109375,319.2838439941406,2,428.594431626489,-1351.538625014136,129628.96118186432,23.87888864971489,LOSS,130980.49980687845,-1.0318624734268689
2021-01-28,312.2197265625,310.3831787109375,2,484.2988821739272,484.2988821739272,130113.26006403824,25.320585089214042,WIN,130980.49980687845,-0.6621136307457124
2021-01-29,305.6512145996094,312.2197265625,2,488.78531420177245,-824.9170783763525,129288.34298566189,25.35492215783797,LOSS,130980.49980687845,-1.2919150741610583
2021-02-01,313.28857421875,305.6512145996094,2,512.7453195310222,512.7453195310222,129801.08830519291,26.095952973461273,WIN,130980.49980687845,-0.9004481609281498
2021-02-02,318.3995666503906,313.28857421875,2,564.9391241572333,564.9391241572333,130366.02742935014,26.927409355240584,WIN,130980.49980687845,-0.46913271703368203
2021-02-03,317.1364440917969,318.3995666503906,2,569.5080510261962,316.8835393074462,130682.91096865758,26.830863092213868,LOSS,130980.49980687845,-0.22720087238912576
2021-02-04,320.8870544433594,317.1364440917969,2,568.1517185767325,568.1517185767325,131251.0626872343,26.849695787981435,WIN,131251.0626872343,0.0
2021-02-05,321.9753723144531,320.8870544433594,2,560.6158944935446,560.6158944935446,131811.67858172784,26.555859120220106,WIN,131811.67858172784,0.0
2021-02-08,324.1324768066406,321.9753723144531,2,530.6936190210183,530.6936190210183,132342.37220074885,25.902101985359238,WIN,132342.37220074885,0.0
2021-02-09,324.064453125,324.1324768066406,2,527.5018328518826,513.8970965237576,132856.2692972726,25.76441552237145,LOSS,132856.2692972726,0.0
2021-02-10,323.32598876953125,324.064453125,2,505.431023412683,357.738152318933,133214.00744959153,25.316194663990295,LOSS,133214.00744959153,0.0
2021-02-11,325.10418701171875,323.32598876953125,2,504.81444823248756,504.81444823248756,133718.82189782403,25.32714299690494,WIN,133718.82189782403,0.0
2021-02-12,326.92120361328125,325.10418701171875,2,506.9652037395594,506.9652037395594,134225.7871015636,25.31441539393122,WIN,134225.7871015636,0.0
2021-02-16,326.03692626953125,326.92120361328125,2,504.4052610578894,327.5497923078894,134553.33689387148,25.20529462452992,LOSS,134553.33689387148,0.0
2021-02-17,324.47259521484375,326.03692626953125,2,495.5283704606057,182.6621595231057,134735.9990533946,25.052886116433484,LOSS,134735.9990533946,0.0
2021-02-18,323.05389404296875,324.47259521484375,2,487.984261185476,204.244026810476,134940.24308020508,24.947565817965994,LOSS,134940.24308020508,0.0
2021-02-19,321.6449890136719,323.05389404296875,2,451.51782061794074,169.73681475856574,135109.97989496365,24.24461744539482,LOSS,135109.97989496365,0.0
2021-02-22,313.3079833984375,321.6449890136719,2,447.9574133366352,-1219.4437097102398,133890.5361852534,24.21189474512634,LOSS,135109.97989496365,-0.9025563549474634
2021-02-23,312.3751525878906,313.3079833984375,2,490.3468399341414,303.7806778247664,134194.3168630782,25.35192098011668,LOSS,135109.97989496365,-0.6777167997488472
2021-02-24,314.95013427734375,312.3751525878906,2,483.234185857373,483.234185857373,134677.55104893557,25.23222774115851,WIN,135109.97989496365,-0.3200569242658881
2021-02-25,303.97015380859375,314.95013427734375,2,493.06678443115055,-1702.9293093188494,132974.6217396167,25.35506854398062,LOSS,135109.97989496365,-1.5804592355109504
2021-02-26,305.2430114746094,303.97015380859375,2,506.3505856609403,506.3505856609403,133480.97232527763,26.018168306043087,WIN,135109.97989496365,-1.2056900392942311
2021-03-01,314.4254150390625,305.2430114746094,2,507.01641274656646,507.01641274656646,133987.9887380242,25.986650703934927,WIN,135109.97989496365,-0.8304280392993156
2021-03-02,309.3824157714844,314.4254150390625,2,552.7793846488813,-455.8204688667437,133532.16826915747,26.628487327293186,LOSS,135109.97989496365,-1.1677979872639983
2021-03-03,300.4040832519531,309.3824157714844,2,521.6733221035639,-1273.9931818026862,132258.1750873548,26.153008425359083,LOSS,135109.97989496365,-2.110728467153864
2021-03-04,295.4873352050781,300.4040832519531,2,534.4540776915868,-448.8955316834132,131809.27955567138,26.7677542982194,LOSS,135109.97989496365,-2.442973007514525
2021-03-05,299.9376525878906,295.4873352050781,2,536.6093971461199,536.6093971461199,132345.8889528175,27.0118093643809,WIN,135109.97989496365,-2.0458081218685567
2021-03-08,291.4451904296875,299.9376525878906,2,551.4441731255429,-1147.0482585150821,131198.84069430243,27.160728500053096,LOSS,135109.97989496365,-2.8947818685945985
2021-03-09,302.9401550292969,291.4451904296875,2,566.9641686050669,566.9641686050669,131765.8048629075,27.86730954628152,WIN,135109.97989496365,-2.4751502699178465
2021-03-10,302.07537841796875,302.9401550292969,2,686.0852328366777,513.1299105710527,132278.93477347857,29.97994632062023,LOSS,135109.97989496365,-2.0953634392411056
2021-03-11,309.0325927734375,302.07537841796875,2,683.6613869261197,683.6613869261197,132962.59616040468,29.96975705415869,WIN,135109.97989496365,-1.589359820960951
2021-03-12,306.5256652832031,309.0325927734375,2,732.8715240268015,231.48602597992647,133194.0821863846,30.6860137156905,LOSS,135109.97989496365,-1.4180282685768284
2021-03-15,309.8002624511719,306.5256652832031,2,725.4489295653715,725.4489295653715,133919.53111594997,30.654133355641406,WIN,135109.97989496365,-0.8810961114339211
2021-03-16,311.5006408691406,309.8002624511719,2,738.6175553429221,738.6175553429221,134658.1486712929,30.76982496691609,WIN,135109.97989496365,-0.3344173568984336
2021-03-17,312.78326416015625,311.5006408691406,2,745.6559116219761,745.6559116219761,135403.8045829149,30.833194598511874,WIN,135403.8045829149,0.0
2021-03-18,303.2025146484375,312.78326416015625,2,750.0722335426669,-1166.077668801083,134237.7269141138,30.861659035827756,LOSS,135403.8045829149,-0.8611853059764245
2021-03-19,304.2714538574219,303.2025146484375,2,764.3916430220564,764.3916430220564,135002.11855713587,31.675242568794147,WIN,135403.8045829149,-0.2966578575959078
2021-03-22,309.97747802734375,304.2714538574219,2,768.7735601214459,768.7735601214459,135770.89211725732,31.711916520734558,WIN,135770.89211725732,0.0
2021-03-23,308.6250915527344,309.97747802734375,2,774.2568659209606,503.77957099908565,136274.6716882564,31.52128995909213,LOSS,136274.6716882564,0.0
2021-03-24,303.4200439453125,308.6250915527344,2,771.3078821990979,-269.7016392852771,136004.97004897112,31.530483881719853,LOSS,136274.6716882564,-0.19791032034350062
2021-03-25,302.8946838378906,303.4200439453125,2,765.8534392147004,660.7814177303254,136665.75146670145,31.695153973173454,LOSS,136665.75146670145,0.0
2021-03-26,307.4382629394531,302.8946838378906,2,709.9289489362866,709.9289489362866,137375.68041563773,30.502875649809617,WIN,137375.68041563773,0.0
2021-03-29,307.35064697265625,307.4382629394531,2,730.5281673087794,713.0049739494044,138088.68538958713,30.716942955856638,LOSS,138088.68538958713,0.0
2021-03-30,305.8037109375,307.35064697265625,2,683.8496521884884,374.46244515723845,138463.14783474436,29.716872501082804,LOSS,138463.14783474436,0.0
2021-03-31,310.4834289550781,305.8037109375,2,669.0353644986536,669.0353644986536,139132.183199243,29.470893660383517,WIN,139132.183199243,0.0
2021-04-01,315.7760314941406,310.4834289550781,2,642.3084695662598,642.3084695662598,139774.49166880926,28.683407204549205,WIN,139774.49166880926,0.0
2021-04-05,322.0804443359375,315.7760314941406,2,644.3519450942001,644.3519450942001,140418.84361390347,28.4968682981852,WIN,140418.84361390347,0.0
2021-04-06,321.8566589355469,322.0804443359375,2,665.3363580626191,620.5792779844941,141039.42289188798,28.663624822616242,LOSS,141039.42289188798,0.0
2021-04-07,322.6349182128906,321.8566589355469,2,600.0639479392102,600.0639479392102,141639.48683982718,27.331731633527326,WIN,141639.48683982718,0.0
2021-04-08,326.0011901855469,322.6349182128906,2,513.6917291165521,513.6917291165521,142153.17856894372,25.531257538097222,WIN,142153.17856894372,0.0
2021-04-09,327.97625732421875,326.0011901855469,2,519.5033169841421,519.5033169841421,142672.68188592786,25.540426104203025,WIN,142672.68188592786,0.0
2021-04-12,327.548095703125,327.97625732421875,2,492.48053976295114,406.84821554420114,143079.53010147205,24.931976817330806,LOSS,143079.53010147205,0.0
2021-04-13,331.37164306640625,327.548095703125,2,482.8281354667511,482.8281354667511,143562.3582369388,24.750042735615885,WIN,143562.3582369388,0.0
2021-04-14,327.3924865722656,331.37164306640625,2,489.77168819250335,-306.05961063562165,143256.29862630318,24.77613891586036,LOSS,143562.3582369388,-0.2131893167500746
2021-04-15,332.3542175292969,327.3924865722656,2,501.95874468505286,501.95874468505286,143758.25737098823,25.14117657948811,WIN,143758.25737098823,0.0
2021-04-16,332.74346923828125,332.3542175292969,2,521.736570289191,521.736570289191,144279.9939412774,25.383388731566868,WIN,144279.9939412774,0.0
2021-04-19,329.6982727050781,332.74346923828125,2,416.3327090107646,-192.70659762986043,144087.28734364756,23.27599121048036,LOSS,144279.9939412774,-0.13356432334498133
2021-04-20,327.29522705078125,329.6982727050781,2,430.38238654710324,-50.22674431227176,144037.0605993353,23.634294275516897,LOSS,144279.9939412774,-0.16837631836953867
2021-04-21,330.09716796875,327.29522705078125,2,415.67605843861105,415.67605843861105,144452.7366577739,23.40048514075552,WIN,144452.7366577739,0.0
2021-04-22,326.1178894042969,330.09716796875,2,416.6836669659795,-379.1720459246455,144073.56461184926,23.34937001245955,LOSS,144452.7366577739,-0.262488655249881
2021-04-23,330.2236328125,326.1178894042969,2,394.340875626154,394.340875626154,144467.90548747542,22.998088441269278,WIN,144467.90548747542,0.0
2021-04-26,332.3736877441406,330.2236328125,2,403.4618725674275,403.4618725674275,144871.36736004284,23.081339978746666,WIN,144871.36736004284,0.0
2021-04-27,330.933837890625,332.3736877441406,2,394.38468947413867,106.41471877101367,144977.78207881385,22.84842368481377,LOSS,144977.78207881385,0.0
2021-04-28,329.8149719238281,330.933837890625,2,397.91131280599467,174.13811944661967,145151.92019826046,22.95305780948758,LOSS,145151.92019826046,0.0
2021-04-29,331.00201416015625,329.8149719238281,2,393.80889576157097,393.80889576157097,145545.72909402204,22.897764587463225,WIN,145545.72909402204,0.0
2021-04-30,328.8323669433594,331.00201416015625,2,380.4156672061447,-53.51377615323031,145492.2153178688,22.60180608578697,LOSS,145545.72909402204,-0.03676767191063986
2021-05-03,327.08111572265625,328.8323669433594,2,364.4389173815025,14.188673240877506,145506.4039911097,22.330594859227727,LOSS,145545.72909402204,-0.027019070334207824
2021-05-04,321.19500732421875,327.08111572265625,2,327.52869958767786,-849.6929800998221,144656.71101100987,21.623429515571345,LOSS,145545.72909402204,-0.6108170185041056
2021-05-05,320.1150817871094,321.19500732421875,2,360.1899843197471,144.2048768978721,144800.91588790776,22.417402991295262,LOSS,145545.72909402204,-0.5117382768635799
2021-05-06,322.5279846191406,320.1150817871094,2,359.3116970351579,359.3116970351579,145160.2275849429,22.424278389231247,WIN,145545.72909402204,-0.26486624614734994
2021-05-07,325.1451416015625,322.5279846191406,2,356.03672201785537,356.03672201785537,145516.26430696077,22.30157280133559,WIN,145545.72909402204,-0.02024435017411871
2021-05-10,316.9337463378906,325.1451416015625,2,362.3655339882185,-1279.9135187461566,144236.35078821462,22.371547072113337,LOSS,145545.72909402204,-0.8996336161547996
2021-05-11,316.4958801269531,316.9337463378906,2,411.78939004231995,324.21614785481995,144560.56693606943,23.59400687979612,LOSS,145545.72909402204,-0.6768746593149425
2021-05-12,308.30413818359375,316.4958801269531,2,393.8323782827013,-1244.5160103891737,143316.05092568026,23.230616862715415,LOSS,145545.72909402204,-1.5319433845437092
2021-05-13,310.6877136230469,308.30413818359375,2,424.1161064185325,424.1161064185325,143740.1670320988,24.099016244247046,WIN,145545.72909402204,-1.240546234618021
2021-05-14,317.54669189453125,310.6877136230469,2,408.4668440769823,408.4668440769823,144148.6338761758,23.696044620180025,WIN,145545.72909402204,-0.9599012121776022
2021-05-17,315.6203308105469,317.54669189453125,2,469.3978570000776,84.12564020320258,144232.759516379,24.777380990488698,LOSS,145545.72909402204,-0.902101068726556
2021-05-18,313.48968505859375,315.6203308105469,2,463.8342690760499,37.70511868542491,144270.46463506445,24.720461625310143,LOSS,145545.72909402204,-0.8761950397965833
2021-05-19,313.849609375,313.48968505859375,2,460.27452930444196,460.27452930444196,144730.7391643689,24.711419525089426,WIN,145545.72909402204,-0.5599545481177743
2021-05-20,319.9205322265625,313.849609375,2,452.17042305656133,452.17042305656133,145182.90958742544,24.529488438817083,WIN,145545.72909402204,-0.24928213892296291
2021-05-21,318.1498107910156,319.9205322265625,2,488.17523378493837,134.03094667556337,145316.940534101,25.093055420877775,LOSS,145545.72909402204,-0.15719359224428428
2021-05-24,323.50079345703125,318.1498107910156,2,471.3417141328759,471.3417141328759,145788.28224823388,24.79925899551803,WIN,145788.28224823388,0.0
2021-05-25,323.9483337402344,323.50079345703125,2,501.2743387539179,501.2743387539179,146289.5565869878,25.24918072679605,WIN,146289.5565869878,0.0
2021-05-26,325.0769348144531,323.9483337402344,2,501.6556801190704,501.6556801190704,146791.21226710686,25.242807533950156,WIN,146791.21226710686,0.0
2021-05-27,323.8608093261719,325.0769348144531,2,504.34910018684025,261.12400253059025,147052.33626963745,25.262049919161562,LOSS,147052.33626963745,0.0
2021-05-28,324.88238525390625,323.8608093261719,2,501.5834666634605,501.5834666634605,147553.91973630092,25.244100832192988,WIN,147553.91973630092,0.0
2021-06-01,323.8024597167969,324.88238525390625,2,501.7244491111807,285.7393416893057,147839.65907799022,25.214759088828632,LOSS,147839.65907799022,0.0
2021-06-02,324.4348449707031,323.8024597167969,2,498.8306778174411,498.8306778174411,148338.48975580765,25.18971505797884,WIN,148338.48975580765,0.0
2021-06-03,321.0588684082031,324.4348449707031,2,473.32835424085886,-201.86695825914114,148136.6227975485,24.649927660435814,LOSS,148338.48975580765,-0.13608535356632606
2021-06-04,326.50714111328125,321.0588684082031,2,476.87885588625016,476.87885588625016,148613.50165343477,24.824544517610587,WIN,148613.50165343477,0.0
2021-06-07,327.4800109863281,326.50714111328125,2,503.1687483165075,503.1687483165075,149116.67040175127,25.19318728379091,WIN,149116.67040175127,0.0
2021-06-08,327.6357727050781,327.4800109863281,2,500.52958676136996,500.52958676136996,149617.19998851264,25.10960032653565,WIN,149617.19998851264,0.0
2021-06-09,327.7135009765625,327.6357727050781,2,440.88965109452937,440.88965109452937,150058.08963960718,23.900770837592372,WIN,150058.08963960718,0.0
2021-06-10,331.1284484863281,327.7135009765625,2,440.2962678850516,440.2962678850516,150498.38590749222,23.886683219812127,WIN,150498.38590749222,0.0
2021-06-11,331.994384765625,331.1284484863281,2,367.32079076242456,367.32079076242456,150865.70669825465,22.337329880470033,WIN,150865.70669825465,0.0
2021-06-14,335.17578125,331.994384765625,2,366.3226154940376,366.3226154940376,151232.0293137487,22.298305217573002,WIN,151232.0293137487,0.0
2021-06-15,332.9866638183594,335.17578125,2,331.0367621474855,-106.78672418063951,151125.24258956805,21.532698634996372,LOSS,151232.0293137487,-0.07061118247584369
2021-06-16,331.7705383300781,332.9866638183594,2,329.9448873926437,86.7197897363937,151211.96237930443,21.55395705933085,LOSS,151232.0293137487,-0.013268971219476905
2021-06-17,335.9832458496094,331.7705383300781,2,322.3939860338036,322.3939860338036,151534.35636533823,21.42744165532001,WIN,151534.35636533823,0.0
2021-06-18,333.34661865234375,335.9832458496094,2,337.6911612940342,-189.6342781590908,151344.72208717914,21.64800137927513,LOSS,151534.35636533823,-0.12514276148829212
2021-06-21,335.4184265136719,333.34661865234375,2,314.00317411417615,314.00317411417615,151658.72526129332,21.230558997041015,WIN,151658.72526129332,0.0
2021-06-22,338.5450439453125,335.4184265136719,2,309.417089096408,309.417089096408,151968.14235038974,21.10163756991182,WIN,151968.14235038974,0.0
2021-06-23,338.71063232421875,338.5450439453125,2,289.39034517269124,289.39034517269124,152257.53269556243,20.654010439994536,WIN,152257.53269556243,0.0
2021-06-24,340.8048095703125,338.71063232421875,2,289.89175683095306,289.89175683095306,152547.42445239337,20.661037937009205,WIN,152547.42445239337,0.0
2021-06-25,340.385986328125,340.8048095703125,2,293.72235667473075,209.95770823723075,152757.3821606306,20.700596708427767,LOSS,152757.3821606306,0.0
2021-06-28,344.5256652832031,340.385986328125,2,289.6249177210842,289.6249177210842,153047.0070783517,20.627989521863416,WIN,153047.0070783517,0.0
2021-06-29,345.77239990234375,344.5256652832031,2,306.4390461943612,306.4390461943612,153353.44612454606,20.883172067628553,WIN,153353.44612454606,0.0
2021-06-30,345.2268981933594,345.77239990234375,2,301.3658918398884,192.26555004301338,153545.71167458908,20.764913593961854,LOSS,153545.71167458908,0.0
2021-07-01,345.3633728027344,345.2268981933594,2,304.0920795585581,304.0920795585581,153849.80375414764,20.826255300403826,WIN,153849.80375414764,0.0
2021-07-02,349.3276062011719,345.3633728027344,2,275.8973094905262,275.8973094905262,154125.70106363817,20.28396846472115,WIN,154125.70106363817,0.0
2021-07-06,350.8373718261719,349.3276062011719,2,258.8893273018234,258.8893273018234,154384.59039094,19.901965697602023,WIN,154384.59039094,0.0
2021-07-07,351.5777282714844,350.8373718261719,2,260.11200116651816,260.11200116651816,154644.7023921065,19.903922182860594,WIN,154644.7023921065,0.0
2021-07-08,349.4542236328125,351.5777282714844,2,259.3553567937406,-165.3455709406344,154479.35682116586,19.879360381005107,LOSS,154644.7023921065,-0.10691964767173329
2021-07-09,351.6360778808594,349.4542236328125,2,271.60531989903166,271.60531989903166,154750.9621410649,20.140874559653675,WIN,154750.9621410649,0.0
2021-07-12,353.009521484375,351.6360778808594,2,265.7494945134643,265.7494945134643,155016.71163557837,19.998826327499135,WIN,155016.71163557837,0.0
2021-07-13,353.009521484375,353.009521484375,2,266.87902608328045,266.87902608328045,155283.59066166164,20.00054170059216,WIN,155283.59066166164,0.0
2021-07-14,353.64263916015625,353.009521484375,2,260.2220130547608,260.2220130547608,155543.8126747164,19.875808514402735,WIN,155543.8126747164,0.0
2021-07-15,351.1588134765625,353.64263916015625,2,244.4745727539828,-252.2905639647672,155291.52211075163,19.572546193255256,LOSS,155543.8126747164,-0.16219903551701317
2021-07-16,348.31463623046875,351.1588134765625,2,253.2802195263911,-315.5552296923589,154975.96688105926,19.77075077686611,LOSS,155543.8126747164,-0.3650712837061975
2021-07-19,345.460693359375,348.31463623046875,2,251.54716595986653,-319.24140825888344,154656.72547280038,19.7767964284778,LOSS,155543.8126747164,-0.5703133970177049
2021-07-20,349.4737243652344,345.460693359375,2,250.7167917358062,250.7167917358062,154907.4422645362,19.8003600206324,WIN,155543.8126747164,-0.40912614859906665
2021-07-21,352.1718444824219,349.4737243652344,2,267.0285911281212,267.0285911281212,155174.47085566432,20.053965404353292,WIN,155543.8126747164,-0.23745195176903752
2021-07-22,354.4997863769531,352.1718444824219,2,265.437312125428,265.437312125428,155439.90816778975,19.985358196319165,WIN,155543.8126747164,-0.06680079724157828
2021-07-23,358.6393737792969,354.4997863769531,2,270.2356527804766,270.2356527804766,155710.14382057023,20.04214924885794,WIN,155710.14382057023,0.0
2021-07-26,358.921875,358.6393737792969,2,285.82877467553544,285.82877467553544,155995.97259524575,20.27153396020567,WIN,155995.97259524575,0.0
2021-07-27,354.9672546386719,358.921875,2,284.0885291394085,-506.8355431262165,155489.13705211953,20.235314777268737,LOSS,155995.97259524575,-0.32490296684855813
2021-07-28,356.3309326171875,354.9672546386719,2,292.719682217906,292.719682217906,155781.85673433743,20.45447131307067,WIN,155995.97259524575,-0.13725730052267188
2021-07-29,356.9640808105469,356.3309326171875,2,294.00544965747355,294.00544965747355,156075.8621839949,20.45746406422053,WIN,156075.8621839949,0.0
2021-07-30,355.1036071777344,356.9640808105469,2,292.8603063773346,-79.23442018516539,155996.62776380975,20.42656517286849,LOSS,156075.8621839949,-0.050766607389773066
2021-08-02,355.1329040527344,355.1036071777344,2,298.5352171579686,298.5352171579686,156295.16298096773,20.56070063940041,WIN,156295.16298096773,0.0
2021-08-03,357.2855224609375,355.1329040527344,2,281.08114306427996,281.08114306427996,156576.244124032,20.235158403313026,WIN,156576.244124032,0.0
2021-08-04,357.8016662597656,357.2855224609375,2,285.3343252970055,285.3343252970055,156861.578449329,20.282355551705987,WIN,156861.578449329,0.0
2021-08-05,360.07122802734375,357.8016662597656,2,285.5516297095517,285.5516297095517,157147.13007903856,20.27875265770969,WIN,157147.13007903856,0.0
2021-08-06,358.4932556152344,360.07122802734375,2,282.8527286797774,-32.741753742097615,157114.38832529646,20.195902362447907,LOSS,157147.13007903856,-0.020835094936592892
2021-08-09,359.1556701660156,358.4932556152344,2,282.7929577544059,282.7929577544059,157397.18128305086,20.217670256128784,WIN,157397.18128305086,0.0
2021-08-10,357.3147277832031,359.1556701660156,2,281.9332145462216,-86.25526201627838,157310.92602103457,20.192213530093543,LOSS,157397.18128305086,-0.054801020776334544
2021-08-11,356.7010192871094,357.3147277832031,2,286.29598424903094,163.55428503028094,157474.48030606486,20.2997254016002,LOSS,157474.48030606486,0.0
2021-08-12,357.98675537109375,356.7010192871094,2,286.3979810643466,286.3979810643466,157760.8782871292,20.310734991742077,WIN,157760.8782871292,0.0
2021-08-13,359.2433166503906,357.98675537109375,2,278.577219090313,278.577219090313,158039.4555062195,20.147159996721747,WIN,158039.4555062195,0.0
2021-08-16,359.399169921875,359.2433166503906,2,264.66472111631947,264.66472111631947,158304.1202273358,19.872999722131958,WIN,158304.1202273358,0.0
2021-08-17,356.2335205078125,359.399169921875,2,246.0663069055066,-387.0635759069934,157917.0566514288,19.528601542440853,LOSS,158304.1202273358,-0.24450631818751703
2021-08-18,352.8049621582031,356.2335205078125,2,244.54549125878978,-441.16617866308525,157475.89047276572,19.54060691137773,LOSS,158304.1202273358,-0.5231890069447906
2021-08-19,354.5094909667969,352.8049621582031,2,252.07213326713514,252.07213326713514,157727.96260603284,19.72584181494104,WIN,158304.1202273358,-0.3639561752881475
2021-08-20,358.1816711425781,354.5094909667969,2,249.4759422503672,249.4759422503672,157977.43854828321,19.65468004458732,WIN,158304.1202273358,-0.20636334580771115
2021-08-23,363.538818359375,358.1816711425781,2,246.38336942288248,246.38336942288248,158223.8219177061,19.549849805237653,WIN,158304.1202273358,-0.05072408065840721
2021-08-24,364.6491394042969,363.538818359375,2,289.84451365745053,289.84451365745053,158513.66643136356,20.273553079385355,WIN,158513.66643136356,0.0
2021-08-25,365.0680236816406,364.6491394042969,2,265.2534898443984,265.2534898443984,158778.91992120794,19.811438535593084,WIN,158778.91992120794,0.0
2021-08-26,362.7498779296875,365.0680236816406,2,264.32750625783075,-199.30164413279425,158579.61827707515,19.789140659179978,LOSS,158778.91992120794,-0.12552147617057333
2021-08-27,366.2758483886719,362.7498779296875,2,272.6792985931225,272.6792985931225,158852.29757566826,19.972032078069816,WIN,158852.29757566826,0.0
2021-08-30,370.3862609863281,366.2758483886719,2,281.1030608326384,281.1030608326384,159133.40063650088,20.07628877944075,WIN,159133.40063650088,0.0
2021-08-31,370.0842590332031,370.3862609863281,2,299.35776386741816,238.95737324241816,159372.3580097433,20.345947458475123,LOSS,159372.3580097433,0.0
2021-09-01,370.697998046875,370.0842590332031,2,297.5139699920524,297.5139699920524,159669.87197973536,20.317356500265813,WIN,159669.87197973536,0.0
2021-09-02,370.5225830078125,370.697998046875,2,297.9896974076445,262.9066895951445,159932.7786693305,20.317041343316895,LOSS,159932.7786693305,0.0
2021-09-03,371.6622619628906,370.5225830078125,2,294.7078951997521,294.7078951997521,160227.48656453023,20.2609735267431,WIN,160227.48656453023,0.0
2021-09-07,372.1882019042969,371.6622619628906,2,289.49672992790505,289.49672992790505,160516.98329445813,20.15209930590251,WIN,160516.98329445813,0.0
2021-09-08,370.8927917480469,372.1882019042969,2,289.9350894739146,30.853058223914616,160547.83635268203,20.15260921204917,LOSS,160547.83635268203,0.0
2021-09-09,369.61676025390625,370.8927917480469,2,285.25272479017576,30.046425962050762,160577.8827786441,20.087101902421434,LOSS,160577.8827786441,0.0
2021-09-10,366.81158447265625,369.61676025390625,2,287.03280367539776,-274.00235257460224,160303.8804260695,20.1365190807436,LOSS,160577.8827786441,-0.17063517579959525
2021-09-13,366.5582580566406,366.81158447265625,2,298.59842132111675,247.93313811799175,160551.81356418747,20.384352608628237,LOSS,160577.8827786441,-0.016234623352559503
2021-09-14,365.5160827636719,366.5582580566406,2,297.9983061032536,89.56324750950358,160641.37681169697,20.37724489722096,LOSS,160641.37681169697,0.0
2021-09-15,368.2335205078125,365.5160827636719,2,299.54540217303685,299.54540217303685,160940.92221387,20.42057297814646,WIN,160940.92221387,0.0
2021-09-16,368.48681640625,368.2335205078125,2,290.7335170252916,290.7335170252916,161231.6557308953,20.222287902927114,WIN,161231.6557308953,0.0
2021-09-17,364.1231689453125,368.48681640625,2,266.55006655204437,-606.1794256354556,160625.47630525983,19.784602573589275,LOSS,161231.6557308953,-0.37596799641331596
2021-09-20,356.5992431640625,364.1231689453125,2,295.0888762475687,-1209.6962800024312,159415.7800252574,20.360355010325087,LOSS,161231.6557308953,-1.1262525943842445
2021-09-21,357.03802490234375,356.5992431640625,2,343.2510254432592,343.2510254432592,159759.03105070067,21.366788965484062,WIN,161231.6557308953,-0.9133595220609275
2021-09-22,360.3729248046875,357.03802490234375,2,308.5928674297045,308.5928674297045,160067.62391813038,20.716897967734937,WIN,161231.6557308953,-0.7219623264973117
2021-09-23,363.6980285644531,360.3729248046875,2,324.92565064721305,324.92565064721305,160392.54956877758,20.963769799467443,WIN,161231.6557308953,-0.5204351207049701
2021-09-24,364.0393981933594,363.6980285644531,2,341.35147690377454,341.35147690377454,160733.90104568136,21.207973693978563,WIN,161231.6557308953,-0.3087201970093984
2021-09-27,361.1335144042969,364.0393981933594,2,335.77376337873875,-245.40299443376125,160488.4980512476,21.100808587540094,LOSS,161231.6557308953,-0.4609254158427016
2021-09-28,350.91424560546875,361.1335144042969,2,327.23298262656635,-1716.6207771390586,158771.87727410853,20.993469577560155,LOSS,161231.6557308953,-1.5256175629010922
2021-09-29,350.3389587402344,350.91424560546875,2,389.5976876312296,274.5403145843546,159046.4175886929,22.343521998227438,LOSS,161231.6557308953,-1.355340632269937
2021-09-30,349.0517883300781,350.3389587402344,2,388.6733797850357,131.2392977537857,159177.65688644667,22.338129820330956,LOSS,161231.6557308953,-1.2739426604145665
2021-10-01,351.21661376953125,349.0517883300781,2,384.9214498809976,384.9214498809976,159562.57833632766,22.29409262986274,WIN,161231.6557308953,-1.0352045241992787
2021-10-04,343.8447265625,351.21661376953125,2,396.32492391258336,-1078.0525174936665,158484.525818834,22.463892267190477,LOSS,161231.6557308953,-1.7038402909205441
2021-10-05,348.48626708984375,343.8447265625,2,418.61958488924466,418.61958488924466,158903.14540372323,23.05278683950322,WIN,161231.6557308953,-1.4442017087875554
2021-10-06,350.71929931640625,348.48626708984375,2,452.1578928199059,452.1578928199059,159355.30329654313,23.582098139236354,WIN,161231.6557308953,-1.1637618095815467
2021-10-07,353.9371643066406,350.71929931640625,2,463.97248588801386,463.97248588801386,159819.27578243116,23.750272762496692,WIN,161231.6557308953,-0.8759941973314946
2021-10-08,352.1722106933594,353.9371643066406,2,481.56176205662166,128.57103940037166,159947.84682183154,23.999426959131405,LOSS,161231.6557308953,-0.7962511476074529
2021-10-11,349.47125244140625,352.1722106933594,2,476.98560685072823,-63.20604353989677,159884.64077829165,23.958580890011504,LOSS,161231.6557308953,-0.8354531537230406
2021-10-12,348.25225830078125,349.47125244140625,2,476.09281629720977,232.29398817220977,160116.93476646385,24.010921385572118,LOSS,161231.6557308953,-0.6913784761300067
2021-10-13,351.0410461425781,348.25225830078125,2,474.5355126702816,474.5355126702816,160591.47027913414,24.01288451739014,WIN,161231.6557308953,-0.3970594042832728
2021-10-14,357.506103515625,351.0410461425781,2,479.4607471091953,479.4607471091953,161070.93102624334,24.034085288654083,WIN,161231.6557308953,-0.09968557596419303
2021-10-15,359.7585754394531,357.506103515625,2,526.9758771906507,526.9758771906507,161597.906903434,24.74981338965896,WIN,161597.906903434,0.0
2021-10-18,363.37628173828125,359.7585754394531,2,524.2716659636384,524.2716659636384,162122.17856939763,24.639050618063436,WIN,162122.17856939763,0.0
2021-10-19,366.1260986328125,363.37628173828125,2,496.3453209580037,496.3453209580037,162618.52389035563,24.034755084890485,WIN,162618.52389035563,0.0
2021-10-20,365.6482849121094,366.1260986328125,2,504.25101469194635,408.68827055132135,163027.21216090696,24.10972195241439,LOSS,163027.21216090696,0.0
2021-10-21,367.8812561035156,365.6482849121094,2,497.20500715745465,497.20500715745465,163524.41716806442,23.99416771413898,WIN,163524.41716806442,0.0
2021-10-22,364.7902526855469,367.8812561035156,2,495.7711040744559,-122.42957951929412,163401.98758854513,23.91379369586476,LOSS,163524.41716806442,-0.07486929575383212
2021-10-25,368.52484130859375,364.7902526855469,2,499.45816287543863,499.45816287543863,163901.44575142057,24.056177347950552,WIN,163901.44575142057,0.0
2021-10-26,369.6852722167969,368.52484130859375,2,506.45200758539,506.45200758539,164407.89775900595,24.089930398601688,WIN,164407.89775900595,0.0
2021-10-27,370.54339599609375,369.6852722167969,2,405.0475100650078,405.0475100650078,164812.94526907097,22.247076508970885,WIN,164812.94526907097,0.0
2021-10-28,374.65838623046875,370.54339599609375,2,403.53715236966804,403.53715236966804,165216.48242144065,22.2033327370148,WIN,165216.48242144065,0.0
2021-10-29,376.50128173828125,374.65838623046875,2,409.93894379427235,409.93894379427235,165626.4213652349,22.237236225462112,WIN,165626.4213652349,0.0
2021-11-01,377.7884521484375,376.50128173828125,2,411.2832381308248,411.2832381308248,166037.70460336574,22.225428034929852,WIN,166037.70460336574,0.0
2021-11-02,379.3681640625,377.7884521484375,2,319.53751716229306,319.53751716229306,166357.24212052804,20.59451195608731,WIN,166357.24212052804,0.0
2021-11-03,383.3953552246094,379.3681640625,2,306.84837901946935,306.84837901946935,166664.0904995475,20.349977791988998,WIN,166664.0904995475,0.0
2021-11-04,388.3099365234375,383.3953552246094,2,316.2878382305682,316.2878382305682,166980.3783377781,20.456632111401472,WIN,166980.3783377781,0.0
2021-11-05,388.6804504394531,388.3099365234375,2,328.58013564484276,328.58013564484276,167308.95847342294,20.596955182600976,WIN,167308.95847342294,0.0
2021-11-08,388.1539306640625,388.6804504394531,2,314.4439661019875,209.14001102386248,167518.09848444682,20.351057241431022,LOSS,167518.09848444682,0.0
2021-11-09,385.482177734375,388.1539306640625,2,291.05272212375587,-243.29786381374413,167274.80062063306,19.959714821323725,LOSS,167518.09848444682,-0.14523676308106276
2021-11-10,379.8167419433594,385.482177734375,2,302.47134488745826,-830.6158133156667,166444.1848073174,20.190019172863693,LOSS,167518.09848444682,-0.6410732254277207
2021-11-11,380.8697814941406,379.8167419433594,2,357.74928366191426,357.74928366191426,166801.9340909793,21.230081061185015,WIN,167518.09848444682,-0.4275146386848467
2021-11-12,384.8775634765625,380.8697814941406,2,323.3932189546701,323.3932189546701,167125.327309934,20.616211068794648,WIN,167518.09848444682,-0.2344649193527584
2021-11-15,384.7897644042969,384.8775634765625,2,334.12881824748985,316.56900379436485,167441.89631372836,20.74222715762822,LOSS,167518.09848444682,-0.045488918157423
2021-11-16,387.5298767089844,384.7897644042969,2,327.8955495540425,327.8955495540425,167769.7918632824,20.636390052291922,WIN,167769.7918632824,0.0
2021-11-17,387.7346496582031,387.5298767089844,2,329.54298738930197,329.54298738930197,168099.3348506717,20.62465530620322,WIN,168099.3348506717,0.0
2021-11-18,391.7521667480469,387.7346496582031,2,327.61780346169894,327.61780346169894,168426.9526541334,20.588842999980727,WIN,168426.9526541334,0.0
2021-11-19,393.93634033203125,391.7521667480469,2,338.64985393112454,338.64985393112454,168765.60250806453,20.717794125222742,WIN,168765.60250806453,0.0
2021-11-22,389.363037109375,393.93634033203125,2,315.811978501713,-598.8486660295371,168166.753842035,20.302633132719826,LOSS,168765.60250806453,-0.35484047526860785
2021-11-23,387.5883483886719,389.363037109375,2,342.89155202692086,-12.046192113704137,168154.70764992127,20.824935130355975,LOSS,168765.60250806453,-0.36197829952585947
2021-11-24,388.83648681640625,387.5883483886719,2,349.6876929546036,349.6876929546036,168504.39534287588,20.967585686876873,WIN,168765.60250806453,-0.1547751208224845
2021-11-26,381.4646911621094,388.83648681640625,2,350.9177235941877,-1123.4414072651873,167380.95393561068,20.969353820655584,LOSS,168765.60250806453,-0.820456628528722
2021-11-29,389.7433166503906,381.4646911621094,2,394.648839927939,394.648839927939,167775.60277553863,21.842983832058913,WIN,168765.60250806453,-0.5866122703994703
2021-11-30,384.0194396972656,389.7433166503906,2,456.9234500078107,-687.8519406171893,167087.75083492143,22.754499982861407,LOSS,168765.60250806453,-0.9941905508042872
2021-12-01,377.48614501953125,384.0194396972656,2,480.46296781404993,-826.195967732825,166261.55486718862,23.275528499378325,LOSS,168765.60250806453,-1.4837428976418676
2021-12-02,380.2068176269531,377.48614501953125,2,503.96814069026846,503.96814069026846,166765.5230078789,23.830617934977937,WIN,168765.60250806453,-1.185122720780777
2021-12-03,373.595458984375,380.2068176269531,2,500.797177908969,-821.4745506066561,165944.04845727223,23.712263487934973,LOSS,168765.60250806453,-1.6718774494686914
2021-12-06,376.58905029296875,373.595458984375,2,499.6270535074591,499.6270535074591,166443.6755107797,23.845724031645574,WIN,168765.60250806453,-1.3758295308867143
2021-12-07,387.9296569824219,376.58905029296875,2,512.8525155685867,512.8525155685867,166956.52802634827,24.007698274769087,WIN,168765.60250806453,-1.0719450260190406
2021-12-08,389.66534423828125,387.9296569824219,2,622.54797222994,622.54797222994,167579.07599857822,25.61472798019797,WIN,168765.60250806453,-0.7030618158280297
2021-12-09,383.9316711425781,389.66534423828125,2,622.0974376508904,-524.6371814897346,167054.4388170885,25.559799168772656,LOSS,168765.60250806453,-1.0139291807963493
2021-12-10,388.1051940917969,383.9316711425781,2,612.9921241985936,612.9921241985936,167667.43094128708,25.560633819581476,WIN,168765.60250806453,-0.6507081718414619
2021-12-13,382.49822998046875,388.1051940917969,2,628.5376526849456,-492.85516958067944,167174.5757717064,25.712007620357454,LOSS,168765.60250806453,-0.9427434931724873
2021-12-14,378.539306640625,382.49822998046875,2,629.9418671684801,-161.84280080026986,167012.73297090613,25.893315251684864,LOSS,168765.60250806453,-1.0386414714305552
2021-12-15,387.16900634765625,378.539306640625,2,631.8555012275768,631.8555012275768,167644.5884721337,26.04067986764802,WIN,168765.60250806453,-0.6642431984190972
2021-12-16,377.213134765625,387.16900634765625,2,687.1162783052254,-1304.0580381010245,166340.53043403267,26.738664280809346,LOSS,168765.60250806453,-1.436946888460865
2021-12-17,375.3311462402344,377.213134765625,2,718.3639853766255,341.96628029850046,166682.49671433118,27.59640956904049,LOSS,168765.60250806453,-1.2343189386793505
2021-12-20,371.6902770996094,375.3311462402344,2,704.7928515509783,-23.3809765740217,166659.11573775715,27.42040948172756,LOSS,168765.60250806453,-1.2481730512630522
2021-12-21,380.0088806152344,371.6902770996094,2,697.1715895698153,697.1715895698153,167356.28732732698,27.406449406847166,WIN,168765.60250806453,-0.835072526506229
2021-12-22,384.6368713378906,380.0088806152344,2,750.0176453561246,750.0176453561246,168106.3049726831,28.05469601993159,WIN,168765.60250806453,-0.3906587157474347
2021-12-23,387.53662109375,384.6368713378906,2,770.1443144359273,770.1443144359273,168876.44928711903,28.243727275419097,WIN,168876.44928711903,0.0
2021-12-27,393.9415283203125,387.53662109375,2,779.4406432900007,779.4406432900007,169655.88993040903,28.3032982667635,WIN,169655.88993040903,0.0
2021-12-28,392.11572265625,393.9415283203125,2,781.3500859902979,416.1889531777979,170072.07888358683,28.11906631945884,LOSS,170072.07888358683,0.0
2021-12-29,392.05718994140625,392.11572265625,2,747.74330139364,736.03675842489,170808.11564201172,27.613258699500754,LOSS,170808.11564201172,0.0
2021-12-30,390.8855895996094,392.05718994140625,2,728.8107754444876,494.4907070851126,171302.60634909684,27.29573206487066,LOSS,171302.60634909684,0.0
2021-12-31,388.4446716308594,390.8855895996094,2,700.4556721054402,212.27207835544016,171514.8784274523,26.852774584974423,LOSS,171514.8784274523,0.0
2022-01-03,392.18414306640625,388.4446716308594,2,698.3620457266394,698.3620457266394,172213.24047317894,26.891605375365245,WIN,172213.24047317894,0.0
2022-01-04,387.0972595214844,392.18414306640625,2,678.9866230679481,-338.39008591642687,171874.85038726253,26.451443027065245,LOSS,172213.24047317894,-0.19649481363142643
2022-01-05,375.2052001953125,387.0972595214844,2,685.9375979673376,-1692.4742672670372,170182.3761199955,26.720699736895547,LOSS,172213.24047317894,-1.1792730614692466
2022-01-06,374.9415588378906,375.2052001953125,2,667.4266726340794,614.6984011497044,170797.0745211452,26.7658616754371,LOSS,172213.24047317894,-0.8223327940073806
2022-01-07,370.8799743652344,374.9415588378906,2,663.9931540114172,-148.32374051983277,170648.75078062536,26.713563863183083,LOSS,172213.24047317894,-0.908460747997623
2022-01-10,371.1240234375,370.8799743652344,2,649.956406949456,649.956406949456,171298.70718757482,26.59150624649194,WIN,172213.24047317894,-0.5310470223377237
2022-01-11,376.69903564453125,371.1240234375,2,637.7286258974146,637.7286258974146,171936.43581347223,26.365953438174916,WIN,172213.24047317894,-0.1607336688782797
2022-01-12,378.1929016113281,376.69903564453125,2,655.5193604383419,655.5193604383419,172591.95517391057,26.510125081290102,WIN,172591.95517391057,0.0
2022-01-13,368.73193359375,378.1929016113281,2,651.2764456551932,-1240.9171578604319,171351.03801605012,26.390453804237275,LOSS,172591.95517391057,-0.7189889914683717
2022-01-14,371.0263977050781,368.73193359375,2,634.7235885711449,634.7235885711449,171985.76160462128,26.385783367463354,WIN,172591.95517391057,-0.35122933086797853
2022-01-18,361.7899475097656,371.0263977050781,2,594.3206302721359,-1252.969408790364,170732.7921958309,25.595099138910378,LOSS,172591.95517391057,-1.0772014119698092
2022-01-19,357.8162841796875,361.7899475097656,2,624.4719385833218,-170.26072743230316,170562.5314683986,26.41682806281726,LOSS,172591.95517391057,-1.1758506956289072
2022-01-20,353.16876220703125,357.8162841796875,2,619.3387656112579,-310.16562891999206,170252.36583947862,26.448726787726585,LOSS,172591.95517391057,-1.3555610584945774
2022-01-21,343.3758239746094,353.16876220703125,2,569.4947860959817,-1389.0928603883933,168863.27297909022,25.66587520044188,LOSS,172591.95517391057,-2.160403241891068
2022-01-24,344.9477844238281,343.3758239746094,2,573.9933660114342,573.9933660114342,169437.26634510167,26.056716829163136,WIN,172591.95517391057,-1.8278307500660185
2022-01-25,336.9514465332031,344.9477844238281,2,571.1786386828339,-1028.088939442166,168409.17740565952,25.95235786679549,LOSS,172591.95517391057,-2.4235067990488406
2022-01-26,336.42413330078125,336.9514465332031,2,536.8496543384593,431.38700785408435,168840.5644135136,25.538392781989348,LOSS,172591.95517391057,-2.173560613886612
2022-01-27,333.0362243652344,336.42413330078125,2,538.2262245287125,-139.35556258066254,168701.20885093295,25.581975237809722,LOSS,172591.95517391057,-2.254303405426485
2022-01-28,343.4832763671875,333.0362243652344,2,528.5900278166853,528.5900278166853,169229.79887874963,25.49824055759424,WIN,172591.95517391057,-1.9480376659347154
2022-01-31,354.4673156738281,343.4832763671875,2,654.6209936676348,654.6209936676348,169884.41987241726,27.605885580256462,WIN,172591.95517391057,-1.5687494233234018
2022-02-01,356.87896728515625,354.4673156738281,2,767.5378075943975,767.5378075943975,170651.95768001166,29.322294827621924,WIN,172591.95517391057,-1.1240370340228687
2022-02-02,359.77874755859375,356.87896728515625,2,768.2689857243541,768.2689857243541,171420.22666573603,29.23906185683345,WIN,172591.95517391057,-0.6789009991768477
2022-02-03,345.19189453125,359.77874755859375,2,778.7826614072551,-2138.587944061495,169281.63872167454,29.317585887400476,LOSS,172591.95517391057,-1.9180015945125737
2022-02-04,349.5465393066406,345.19189453125,2,784.1530123995361,784.1530123995361,170065.79173407407,30.0255111251135,WIN,172591.95517391057,-1.4636623342559825
2022-02-07,346.73455810546875,349.5465393066406,2,808.8368728890808,246.44063265470584,170312.23236672877,30.30540983990665,LOSS,172591.95517391057,-1.3208743158883942
2022-02-08,350.6302490234375,346.73455810546875,2,800.3694053918906,800.3694053918906,171112.60177212066,30.26800800605129,WIN,172591.95517391057,-0.857139256751134
2022-02-09,358.0603942871094,350.6302490234375,2,820.087185180258,820.087185180258,171932.6889573009,30.47033343116457,WIN,172591.95517391057,-0.38197969073665866
2022-02-10,349.95654296875,358.0603942871094,2,852.0874375471186,-768.6828261247564,171164.00613117617,30.740441354317067,LOSS,172591.95517391057,-0.8273555052409832
2022-02-11,338.8553161621094,349.95654296875,2,851.3373748807655,-1368.9079864473595,169795.0981447288,31.0907619889122,LOSS,172591.95517391057,-1.6205025468096323
2022-02-14,339.27520751953125,338.8553161621094,2,841.5132775411225,841.5132775411225,170636.61142226993,31.426146729446266,WIN,172591.95517391057,-1.1329286754242738
2022-02-15,347.7109069824219,339.27520751953125,2,838.4867645575742,838.4867645575742,171475.0981868275,31.34681379209531,WIN,172591.95517391057,-0.6471083695399817
2022-02-16,347.6230773925781,347.7109069824219,2,875.1167727980254,857.5508548292754,172332.64904165678,31.647028483075733,LOSS,172591.95517391057,-0.15024230532210844
2022-02-17,337.2833251953125,347.6230773925781,2,870.2630975341199,-1197.6873419190051,171134.9616997378,31.558881451013157,LOSS,172591.95517391057,-0.8441838860360857
2022-02-18,333.43658447265625,337.2833251953125,2,877.4532314424187,108.10508691116866,171243.06678664897,32.20751415847718,LOSS,172591.95517391057,-0.7815476601458075
2022-02-22,330.0875549316406,333.43658447265625,2,838.5810254724535,168.77511726932846,171411.8419039183,31.634923632379465,LOSS,172591.95517391057,-0.6837591409188978
2022-02-23,321.63238525390625,330.0875549316406,2,831.7702848206876,-859.2636507261874,170552.57825319213,31.667224261337623,LOSS,172591.95517391057,-1.1816176012743351
2022-02-24,332.4406433105469,321.63238525390625,2,815.7088269080926,815.7088269080926,171368.2870801002,31.77507301181228,WIN,172591.95517391057,-0.7089948616535086
2022-02-25,337.5958251953125,332.4406433105469,2,901.3820116907441,901.3820116907441,172269.66909179094,32.93427403650109,WIN,172591.95517391057,-0.18673296898159267
2022-02-28,338.60150146484375,337.5958251953125,2,921.2095028655343,921.2095028655343,173190.87859465647,33.048884702303255,WIN,173190.87859465647,0.0
2022-03-01,333.4169921875,338.60150146484375,2,877.5110760787834,-159.3907793899666,173031.4878152665,32.141655234584036,LOSS,173190.87859465647,-0.09203185565159921
2022-03-02,339.011474609375,333.4169921875,2,816.6209547980916,816.6209547980916,173848.1087700646,31.200253829481262,WIN,173848.1087700646,0.0
2022-03-03,334.1688537597656,339.011474609375,2,845.2578268170059,-123.26634310486907,173724.84242695975,31.491639450150757,LOSS,173848.1087700646,-0.07090462126792049
2022-03-04,329.3260192871094,334.1688537597656,2,833.5490615191521,-135.01783301209787,173589.82459394765,31.498870986465377,LOSS,173848.1087700646,-0.1485688731066768
2022-03-07,317.18017578125,329.3260192871094,2,754.3664549075621,-1674.802246264313,171915.02234768332,30.15114142374229,LOSS,173848.1087700646,-1.1119398629397952
2022-03-08,315.70587158203125,317.18017578125,2,770.5031183184877,475.64227847473774,172390.66462615805,31.06783613169782,LOSS,173848.1087700646,-0.8383433988541136
2022-03-09,327.0706481933594,315.70587158203125,2,766.3260367768329,766.3260367768329,173156.99066293487,31.055356417234236,WIN,173848.1087700646,-0.3975413434286022
2022-03-10,323.4385986328125,327.0706481933594,2,860.601179939008,134.19126782963303,173291.1819307645,32.404012808123284,LOSS,173848.1087700646,-0.32035254409164443
2022-03-11,316.7309875488281,323.4385986328125,2,823.2285074633456,-518.2937093335294,172772.88822143097,31.835172982860023,LOSS,173848.1087700646,-0.6184827411932
2022-03-14,310.6483459472656,316.7309875488281,2,803.1357782867474,-413.3925420257526,172359.49567940523,31.772100156741548,LOSS,173848.1087700646,-0.856272237409409
2022-03-15,320.39239501953125,310.6483459472656,2,762.900121279795,762.900121279795,173122.39580068502,31.243801250031407,WIN,173848.1087700646,-0.4174408191805129
2022-03-16,332.274658203125,320.39239501953125,2,843.4408341997719,843.4408341997719,173965.8366348848,32.412512965183076,WIN,173965.8366348848,0.0
2022-03-17,336.29730224609375,332.274658203125,2,912.8278306910445,912.8278306910445,174878.66446557583,33.17107752730482,WIN,174878.66446557583,0.0
2022-03-18,343.1805725097656,336.29730224609375,2,932.5958822181608,932.5958822181608,175811.26034779398,33.34252580672313,WIN,175811.26034779398,0.0
2022-03-21,342.2265319824219,343.1805725097656,2,930.2927500593669,739.4846445906169,176550.7449923846,32.93023454928682,LOSS,176550.7449923846,0.0
2022-03-22,348.95220947265625,342.2265319824219,2,920.7345982282365,920.7345982282365,177471.47959061284,32.79548444340085,WIN,177471.47959061284,0.0
2022-03-23,343.93731689453125,348.95220947265625,2,946.1641752035256,-56.81434042147441,177414.66525019138,32.93451251397818,LOSS,177471.47959061284,-0.03201322294293276
2022-03-24,351.5818176269531,343.93731689453125,2,907.0330364769072,907.0330364769072,178321.69828666828,32.4434680940246,WIN,178321.69828666828,0.0
2022-03-25,351.2886047363281,351.5818176269531,2,898.4516932722711,839.8091151472711,179161.50740181556,31.902749418668172,LOSS,179161.50740181556,0.0
2022-03-28,356.72381591796875,351.2886047363281,2,889.6176624542821,889.6176624542821,180051.12506426984,31.750522683131795,WIN,180051.12506426984,0.0
2022-03-29,362.86297607421875,356.72381591796875,2,912.2910973085084,912.2910973085084,180963.41616157835,31.915715036892763,WIN,180963.41616157835,0.0
2022-03-30,358.8549499511719,362.86297607421875,2,918.5387702962888,116.93354568691382,181080.34970726527,31.743408090758155,LOSS,181080.34970726527,0.0
2022-03-31,354.4070129394531,358.8549499511719,2,911.0465505350774,21.45914819132736,181101.8088554566,31.79231821831515,LOSS,181101.8088554566,0.0
2022-04-01,353.73248291015625,354.4070129394531,2,896.4599347251028,761.5539288657278,181863.36278432232,31.730834612611194,LOSS,181863.36278432232,0.0
2022-04-04,361.015380859375,353.73248291015625,2,879.048913058796,879.048913058796,182742.41169738112,31.437173051519867,WIN,182742.41169738112,0.0
2022-04-05,352.999267578125,361.015380859375,2,808.1539418397741,-795.0687144102259,181947.3429829709,29.806670744019314,LOSS,182742.41169738112,-0.4350761856677446
2022-04-06,345.335205078125,352.999267578125,2,830.4057536535889,-702.4067463464111,181244.9362366245,30.559856019802623,LOSS,182742.41169738112,-0.8194460425729889
2022-04-07,346.1563415527344,345.335205078125,2,794.1535491061875,794.1535491061875,182039.08978573067,30.210820985214603,WIN,182742.41169738112,-0.3848706521478654
2022-04-08,341.3174133300781,346.1563415527344,2,784.2731238040769,-183.51252072717307,181855.5772650035,29.985942740711344,LOSS,182742.41169738112,-0.4852920699362395
2022-04-11,333.2426452636719,341.3174133300781,2,756.8535582418051,-858.1000550394449,180997.47720996404,29.667038772393724,LOSS,182742.41169738112,-0.9548601614750851
2022-04-12,331.83502197265625,333.2426452636719,2,751.6342467385023,470.10958853537727,181467.58679849943,29.91883858513942,LOSS,182742.41169738112,-0.6976075707005467
2022-04-13,338.5802001953125,331.83502197265625,2,704.3919876911733,704.3919876911733,182171.9787861906,29.040456111733757,WIN,182742.41169738112,-0.3121513533131835
2022-04-14,330.8378601074219,338.5802001953125,2,661.2626338178625,-887.2053837602625,181284.77340243032,27.91818363398392,LOSS,182742.41169738112,-0.7976464146509271
2022-04-18,331.0920104980469,330.8378601074219,2,670.6943590389387,670.6943590389387,181955.46776146925,28.40906448233227,WIN,182742.41169738112,-0.430630157828407
2022-04-19,338.4921875,331.0920104980469,2,641.8096212616433,641.8096212616433,182597.27738273088,27.821727745351907,WIN,182742.41169738112,-0.07942015939385408
2022-04-20,333.55548095703125,338.4921875,2,691.2190479995212,-296.1222605942288,182301.15512213667,28.50691219777082,LOSS,182742.41169738112,-0.24146369260747447
2022-04-21,326.6538391113281,333.55548095703125,2,664.8324626251571,-715.4959065154679,181585.6592156212,28.183574098242765,LOSS,182742.41169738112,-0.6329961780713883
2022-04-22,318.10015869140625,326.6538391113281,2,662.9395404681131,-1047.7965435162619,180537.86267210497,28.423791092749788,LOSS,182742.41169738112,-1.2063696679930296
2022-04-25,322.1864013671875,318.10015869140625,2,635.9066854078783,635.9066854078783,181173.76935751285,28.222650953349596,WIN,182742.41169738112,-0.8583898643440896
2022-04-26,310.0255126953125,322.1864013671875,2,661.4256631183745,-1770.7520712566256,179403.01728625622,28.578846034013804,LOSS,182742.41169738112,-1.82737788130699
2022-04-27,309.6540222167969,310.0255126953125,2,669.8779425946041,595.5798468914791,179998.5971331477,29.291811256633085,LOSS,182742.41169738112,-1.5014656634701373
2022-04-28,320.65167236328125,309.6540222167969,2,637.7467120622131,637.7467120622131,180636.34384520992,28.622616521225062,WIN,182742.41169738112,-1.1524789634815673
2022-04-29,306.2227478027344,320.65167236328125,2,756.8023459641386,-2128.9825661452364,178507.36127906467,30.61126115680184,LOSS,182742.41169738112,-2.3174972788088346
2022-05-02,311.33544921875,306.2227478027344,2,791.4656044903464,791.4656044903464,179298.826883555,32.095571571415476,WIN,182742.41169738112,-1.8843927809865146
2022-05-03,311.6678161621094,311.33544921875,2,828.094675116905,828.094675116905,180126.92155867192,32.59302207533689,WIN,182742.41169738112,-1.4312441837751442
2022-05-04,322.2059326171875,311.6678161621094,2,798.1628853024739,798.1628853024739,180925.0844439744,31.939032446758368,WIN,182742.41169738112,-0.9944748110341186
2022-05-05,305.97833251953125,322.2059326171875,2,884.4876980053323,-2361.0323215259177,178564.05212244848,33.157133759222404,LOSS,182742.41169738112,-2.28647500934372
2022-05-06,302.3125,305.97833251953125,2,911.9338976076001,178.7673937013501,178742.81951614984,34.71340817936462,LOSS,182742.41169738112,-2.188650212110882
2022-05-09,290.48394775390625,302.3125,2,899.5785738520352,-1466.1318753667147,177276.68764078314,34.682126865202704,LOSS,182742.41169738112,-2.990944469775925
2022-05-10,294.01287841796875,290.48394775390625,2,899.8769336604679,899.8769336604679,178176.56457444362,35.49037989395191,WIN,182742.41169738112,-2.498515303879473
2022-05-11,285.2929992675781,294.01287841796875,2,913.5408838045405,-830.4349462735845,177346.12962817005,35.55183776338666,LOSS,182742.41169738112,-2.952944540398885
2022-05-12,284.6185302734375,285.2929992675781,2,904.6383574633101,769.7445586351851,178115.87418680525,35.973596674668485,LOSS,182742.41169738112,-2.5317261973303458
2022-05-13,295.1665344238281,284.6185302734375,2,876.2751293607889,876.2751293607889,178992.14931616603,35.36415259164848,WIN,182742.41169738112,-2.0522123717101137
2022-05-16,291.7450256347656,295.1665344238281,2,967.4915196068052,283.18976179430524,179275.33907796035,36.680489299373434,LOSS,182742.41169738112,-1.8972457390800945
2022-05-17,299.3016662597656,291.7450256347656,2,956.085758419713,956.085758419713,180231.42483638006,36.67616348663894,WIN,182742.41169738112,-1.37405807315229
2022-05-18,284.6087646484375,299.3016662597656,2,988.1924397059645,-1950.3878825596605,178281.0369538204,36.83843040040932,LOSS,182742.41169738112,-2.441346101390345
2022-05-19,283.08367919921875,284.6087646484375,2,994.8764145424273,689.8593246986773,178970.8962785191,38.12117461820159,LOSS,182742.41169738112,-2.0638424237869852
2022-05-20,282.20391845703125,283.08367919921875,2,983.9672130392065,808.0150646017065,179778.9113431208,37.99083923971973,LOSS,182742.41169738112,-1.6216817578000655
2022-05-23,286.896240234375,282.20391845703125,2,968.7737490834035,968.7737490834035,180747.6850922042,37.70640350049427,WIN,182742.41169738112,-1.0915509906261744
2022-05-24,280.7961730957031,286.896240234375,2,989.713082072551,-230.30034566182405,180517.38474654238,37.81778494493393,LOSS,182742.41169738112,-1.2175755645182993
2022-05-25,284.7261047363281,280.7961730957031,2,943.3996324549696,943.3996324549696,181460.78437899734,37.22253233464548,WIN,182742.41169738112,-0.7013299794391099
2022-05-26,292.614990234375,284.7261047363281,2,966.875375703457,966.875375703457,182427.65975470078,37.46116311737943,WIN,182742.41169738112,-0.1722380370034508
2022-05-27,302.16583251953125,292.614990234375,2,975.3345704835208,975.3345704835208,183402.9943251843,37.04682607439647,WIN,183402.9943251843,0.0
2022-05-31,301.3642883300781,302.16583251953125,2,986.0037775849456,825.6949396943206,184228.6892648786,36.58351893650474,LOSS,184228.6892648786,0.0
2022-06-01,299.1353759765625,301.3642883300781,2,972.7427753959707,526.9603046928457,184755.64956957145,36.34987101153843,LOSS,184755.64956957145,0.0
2022-06-02,307.3274230957031,299.1353759765625,2,966.5421835339148,966.5421835339148,185722.19175310538,36.37184745314483,WIN,185722.19175310538,0.0
2022-06-03,299.3309326171875,307.3274230957031,2,977.8577176323216,-621.4403780708034,185100.75137503457,36.045700318571036,LOSS,185722.19175310538,-0.33460749746962754
2022-06-06,300.32806396484375,299.3309326171875,2,886.28440900993,886.28440900993,185987.0357840445,34.58441211380742,WIN,185987.0357840445,0.0
2022-06-07,302.9185791015625,300.32806396484375,2,884.6337772713563,884.6337772713563,186871.66956131585,34.483035860259236,WIN,186871.66956131585,0.0
2022-06-08,300.7386779785156,302.9185791015625,2,828.9696300742758,392.98940546490076,187264.65896678076,33.1009653824039,LOSS,187264.65896678076,0.0
2022-06-09,292.6834716796875,300.7386779785156,2,822.0148043771571,-789.0264553884679,186475.6325113923,33.0792071792536,LOSS,187264.65896678076,-0.4213429590729288
2022-06-10,282.36029052734375,292.6834716796875,2,793.0478485324397,-1271.5883819363103,185204.044129456,32.922154716750896,LOSS,187264.65896678076,-1.100375718885808
2022-06-13,269.2315979003906,282.36029052734375,2,814.2220638656448,-1811.51646152498,183392.52766793102,34.073406966565216,LOSS,187264.65896678076,-2.0677320110553388
2022-06-14,269.7203674316406,269.2315979003906,2,791.0435397012396,791.0435397012396,184183.57120763225,34.43405323330636,WIN,187264.65896678076,-1.6453119217198715
2022-06-15,276.4557800292969,269.7203674316406,2,791.6184729638926,791.6184729638926,184975.18968059614,34.41293526190593,WIN,187264.65896678076,-1.2225848159586514
2022-06-16,265.30181884765625,276.4557800292969,2,809.4536269294357,-1421.3386093986892,183553.85107119745,34.36668673076386,LOSS,187264.65896678076,-1.9815847347051063
2022-06-17,268.5277404785156,265.30181884765625,2,751.6103366473244,751.6103366473244,184305.46140784476,33.73879005270081,WIN,187264.65896678076,-1.5802221173301747
2022-06-21,275.3025817871094,268.5277404785156,2,768.5147667094556,768.5147667094556,185073.9761745542,33.9300642456037,WIN,187264.65896678076,-1.1698324736303611
2022-06-22,274.9010009765625,275.3025817871094,2,813.7507945324741,733.4346324230991,185807.4108069773,34.55105376726034,LOSS,187264.65896678076,-0.7781757475455923
2022-06-23,278.9950866699219,274.9010009765625,2,801.029785085935,801.029785085935,186608.44059206324,34.27353480493137,WIN,187264.65896678076,-0.3504229673330529
2022-06-24,288.554443359375,278.9950866699219,2,807.0679406535776,807.0679406535776,187415.5085327168,34.13385901871338,WIN,187415.5085327168,0.0
2022-06-27,286.43890380859375,288.554443359375,2,870.2284731996289,447.12056304337887,187862.62909576017,34.9477791529462,LOSS,187862.62909576017,0.0
2022-06-28,277.7120666503906,286.43890380859375,2,838.0035583907619,-907.3638732498631,186955.26522251032,34.35097662895252,LOSS,187862.62909576017,-0.4829932795134768
2022-06-29,277.9667053222656,277.7120666503906,2,796.6735792040673,796.6735792040673,187751.9388017144,33.97469015384172,WIN,187862.62909576017,-0.05892086924289641
2022-06-30,274.5190734863281,277.9667053222656,2,798.1848807372708,108.65851354977076,187860.59731526417,33.99327018531065,LOSS,187862.62909576017,-0.0010815245723890948
2022-07-01,276.3310546875,274.5190734863281,2,790.4643194244153,790.4643194244153,188651.06163468858,34.04578052543845,WIN,188651.06163468858,0.0
2022-07-05,281.0617370605469,276.3310546875,2,762.4520655650709,762.4520655650709,189413.51370025365,33.25037864794086,WIN,189413.51370025365,0.0
2022-07-06,282.8639221191406,281.0617370605469,2,773.9045095138962,773.9045095138962,190187.41820976755,33.2127145098027,WIN,190187.41820976755,0.0
2022-07-07,288.9169006347656,282.8639221191406,2,780.7082811113263,780.7082811113263,190968.12649087887,33.255774214988726,WIN,190968.12649087887,0.0
2022-07-08,289.27935791015625,288.9169006347656,2,814.8866938331478,814.8866938331478,191783.013184712,33.65577553477594,WIN,191783.013184712,0.0
2022-07-11,283.0990295410156,289.27935791015625,2,815.196936606367,-420.868737221758,191362.14444749025,33.639494184648925,LOSS,191783.013184712,-0.21945047699109946
2022-07-12,280.3565368652344,283.0990295410156,2,788.4263898856693,239.92785472941932,191602.07230221966,33.42094052830119,LOSS,191783.013184712,-0.09434666787619778
2022-07-13,279.7786865234375,280.3565368652344,2,737.1887965405549,621.6187281811799,192223.69103040083,32.392302019756855,LOSS,192223.69103040083,0.0
2022-07-14,280.7777404785156,279.7786865234375,2,638.7595774852592,638.7595774852592,192862.4506078861,30.101212770947747,WIN,192862.4506078861,0.0
2022-07-15,285.87078857421875,280.7777404785156,2,641.1310567193699,641.1310567193699,193503.58166460547,30.103345897262226,WIN,193503.58166460547,0.0
2022-07-18,283.45166015625,285.87078857421875,2,639.9652117473939,156.13952815364394,193659.7211927591,29.80729114070363,LOSS,193659.7211927591,0.0
2022-07-19,292.1686096191406,283.45166015625,2,545.5671658304163,545.5671658304163,194205.28835858952,27.730874847177972,WIN,194205.28835858952,0.0
2022-07-20,296.80145263671875,292.1686096191406,2,598.7208143343356,598.7208143343356,194804.00917292386,28.554385441608986,WIN,194804.00917292386,0.0
2022-07-21,301.0620422363281,296.80145263671875,2,591.0881878733235,591.0881878733235,195395.0973607972,28.17271474017008,WIN,195395.0973607972,0.0
2022-07-22,295.7828063964844,301.0620422363281,2,603.4662625434148,-452.3809054253352,194942.71645537188,28.25824440908902,LOSS,195395.0973607972,-0.23152111364902872
2022-07-25,294.0981750488281,295.7828063964844,2,611.4464640801654,274.52019454891536,195217.2366499208,28.67333774142199,LOSS,195395.0973607972,-0.0910261891310363
2022-07-26,288.3194885253906,294.0981750488281,2,552.8282885707057,-602.9090161167943,194614.327633804,27.433315584470222,LOSS,195395.0973607972,-0.3995851162793015
2022-07-27,300.5037841796875,288.3194885253906,2,562.0006252122932,562.0006252122932,195176.3282590163,27.892936049687123,WIN,195395.0973607972,-0.11196243136896118
2022-07-28,303.4420471191406,300.5037841796875,2,615.7898685354008,615.7898685354008,195792.1181275517,28.55412924720131,WIN,195792.1181275517,0.0
2022-07-29,308.9759521484375,303.4420471191406,2,622.8412093331813,622.8412093331813,196414.95933688487,28.576587043747026,WIN,196414.95933688487,0.0
2022-08-01,308.7898864746094,308.9759521484375,2,625.821822804116,588.608688038491,197003.56802492336,28.397231213817584,LOSS,197003.56802492336,0.0
2022-08-02,307.869140625,308.7898864746094,2,627.8411361870657,443.6919662651907,197447.25999118853,28.44855824272436,LOSS,197447.25999118853,0.0
2022-08-03,316.2532653808594,307.869140625,2,621.6458856548674,621.6458856548674,198068.9058768434,28.355677786107066,WIN,198068.9058768434,0.0
2022-08-04,317.7322082519531,316.2532653808594,2,666.6356819706442,666.6356819706442,198735.54155881406,28.94256141080636,WIN,198735.54155881406,0.0
2022-08-05,315.1366271972656,317.7322082519531,2,654.8470482616801,135.73083732418013,198871.27239613823,28.63225376187895,LOSS,198871.27239613823,0.0
2022-08-08,314.1180419921875,315.1366271972656,2,658.3111525325388,454.5941115169138,199325.86650765516,28.817241829296627,LOSS,199325.86650765516,0.0
2022-08-09,310.5626525878906,314.1180419921875,2,619.6564974699256,-91.42138338944937,199234.4451242657,28.04809634773799,LOSS,199325.86650765516,-0.04586528832971879
2022-08-10,319.23077392578125,310.5626525878906,2,615.7106317888455,615.7106317888455,199850.15575605456,28.113434581696247,WIN,199850.15575605456,0.0
2022-08-11,317.418701171875,319.23077392578125,2,657.713194665654,295.298643884404,200145.45439993896,28.627645650288287,LOSS,200145.45439993896,0.0
2022-08-12,323.5990905761719,317.418701171875,2,662.1112594175121,662.1112594175121,200807.56565935648,28.797089823371493,WIN,200807.56565935648,0.0
2022-08-15,326.2142028808594,323.5990905761719,2,676.9539930578022,676.9539930578022,201484.51965241428,28.836966533760197,WIN,201484.51965241428,0.0
2022-08-16,325.4502258300781,326.2142028808594,2,668.6691040998136,515.8736939435636,202000.39334635786,28.55805589714462,LOSS,202000.39334635786,0.0
2022-08-17,321.7381591796875,325.4502258300781,2,635.0921703820065,-107.32115969611846,201893.07218666174,27.907472549368848,LOSS,202000.39334635786,-0.05312918352198554
2022-08-18,322.5118713378906,321.7381591796875,2,636.7309387050857,636.7309387050857,202529.80312536683,28.090083254109114,WIN,202529.80312536683,0.0
2022-08-19,316.22381591796875,322.5118713378906,2,631.571999768725,-626.03908421565,201903.76404115118,27.952875497946614,LOSS,202529.80312536683,-0.3091096098227714
2022-08-22,307.8985595703125,316.22381591796875,2,624.5271424358453,-1040.5241270954048,200863.23991405577,28.063085564084243,LOSS,202529.80312536683,-0.8228730713175347
2022-08-23,307.64385986328125,307.8985595703125,2,652.6925729565407,601.7526315502907,201464.99254560604,29.02135684746146,LOSS,202529.80312536683,-0.5257550065861979
2022-08-24,308.53521728515625,307.64385986328125,2,624.3338870511616,624.3338870511616,202089.3264326572,28.423250190510437,WIN,202529.80312536683,-0.2174873455226628
2022-08-25,313.9906921386719,308.53521728515625,2,526.7287853847906,526.7287853847906,202616.055218042,26.29201219531508,WIN,202616.055218042,0.0
2022-08-26,301.12078857421875,313.9906921386719,2,549.2300460611326,-2024.7506668294923,200591.3045512125,26.569818396085957,LOSS,202616.055218042,-0.9993041591154229
2022-08-29,298.1530456542969,301.12078857421875,2,610.5048301527879,16.956246168412918,200608.2607973809,28.410266046692144,LOSS,202616.055218042,-0.9909355003977494
2022-08-30,294.832763671875,298.1530456542969,2,608.4425706937171,-55.61382579065787,200552.64697159023,28.497998365132688,LOSS,202616.055218042,-1.0183833873536097
2022-08-31,293.11871337890625,294.832763671875,2,606.3291743847017,263.5191157909517,200816.1660873812,28.602594468184478,LOSS,202616.055218042,-0.8883250286971962
2022-09-01,293.24603271484375,293.11871337890625,2,552.2933333766947,552.2933333766947,201368.4594207579,27.46279019539032,WIN,202616.055218042,-0.6157437997406073
2022-09-02,289.10296630859375,293.24603271484375,2,549.3543441064766,-279.25893714352344,201089.20048361438,27.391088147917905,LOSS,202616.055218042,-0.7535704575752972
2022-09-06,287.02655029296875,289.10296630859375,2,546.5290571436232,131.24585401862316,201220.446337633,27.504022251445615,LOSS,202616.055218042,-0.6887948138695719
2022-09-07,292.8249206542969,287.02655029296875,2,543.0240885412568,543.0240885412568,201763.47042617426,27.51370903433179,WIN,202616.055218042,-0.4207883679061052
2022-09-08,294.3430480957031,292.8249206542969,2,582.9443274465028,582.9443274465028,202346.41475362077,28.167643955755466,WIN,202616.055218042,-0.13307951540713145
2022-09-09,300.7779846191406,294.3430480957031,2,532.8246401735773,532.8246401735773,202879.23939379436,26.97345664716024,WIN,202879.23939379436,0.0
2022-09-12,304.3529357910156,300.7779846191406,2,582.4908868851229,582.4908868851229,203461.73028067948,27.809498255091185,WIN,203461.73028067948,0.0
2022-09-13,287.6632080078125,304.3529357910156,2,572.5195527463956,-2765.4260038942293,200696.30427678526,27.442334040183127,LOSS,203461.73028067948,-1.3591873027321923
2022-09-14,289.9453125,287.6632080078125,2,664.5805156794022,664.5805156794022,201360.88479246467,30.281018928731118,WIN,203461.73028067948,-1.0325506842572554
2022-09-15,285.11663818359375,289.9453125,2,678.2331703513479,-287.5016929299021,201073.38309953475,30.472196154788435,LOSS,203461.73028067948,-1.1738557309278512
2022-09-16,283.3732604980469,285.11663818359375,2,670.9607488220931,322.28521171271814,201395.66831124746,30.565518134773313,LOSS,203461.73028067948,-1.0154548310298188
2022-09-19,285.5799560546875,283.3732604980469,2,663.587569475739,663.587569475739,202059.25588072318,30.489179173617746,WIN,203461.73028067948,-0.6893062385843035
2022-09-20,283.3035888671875,285.5799560546875,2,668.0661776779796,212.79274017797957,202272.04862090116,30.473223242696236,LOSS,203461.73028067948,-0.5847201132798433
2022-09-21,278.230712890625,283.3035888671875,2,640.9727468245708,-373.6024484879292,201898.44617241324,29.96499296080922,LOSS,203461.73028067948,-0.7683430717460493
2022-09-22,274.80633544921875,278.230712890625,2,637.3382084555348,-47.537279825715245,201850.90889258753,30.151440176157546,LOSS,203461.73028067948,-0.7917073082342269
2022-09-23,270.3320617675781,274.80633544921875,2,628.7873365622393,-266.06739976588574,201584.84149282164,30.13443019218324,LOSS,203461.73028067948,-0.9224775515614823
2022-09-26,269.21343994140625,270.3320617675781,2,596.4235059381888,372.6991407038138,201957.54063352544,29.593055134377664,LOSS,203461.73028067948,-0.7392985624760878
2022-09-27,269.3214111328125,269.21343994140625,2,535.9490868986729,535.9490868986729,202493.4897204241,28.167878985115458,WIN,203461.73028067948,-0.4758833805844744
2022-09-28,274.6788330078125,269.3214111328125,2,536.6561135102475,536.6561135102475,203030.14583393437,28.179964135959278,WIN,203461.73028067948,-0.21212070011875475
2022-09-29,266.7604675292969,274.6788330078125,2,574.3527511149231,-1009.3203445882019,202020.82548934617,28.83064839430712,LOSS,203461.73028067948,-0.7081945038733076
2022-09-30,262.2370910644531,266.7604675292969,2,586.7668367122837,-317.90845625646625,201702.9170330897,29.5489991629874,LOSS,203461.73028067948,-0.8644442594503915
2022-10-03,268.3891906738281,262.2370910644531,2,581.9611643118857,581.9611643118857,202284.8781974016,29.67874459727372,WIN,203461.73028067948,-0.5784144672584854
2022-10-04,276.8276672363281,268.3891906738281,2,626.2933701761972,626.2933701761972,202911.17156757778,30.434828998650854,WIN,203461.73028067948,-0.2705957097397078
2022-10-05,276.68048095703125,276.8276672363281,2,695.1356590574061,665.6984031980311,203576.86997077582,31.609214856302554,LOSS,203576.86997077582,0.0
2022-10-06,274.5021667480469,276.68048095703125,2,673.7575137346423,238.09467193776732,203814.96464271357,31.1069803256187,LOSS,203814.96464271357,0.0
2022-10-07,264.04254150390625,274.5021667480469,2,666.647783475619,-1425.277265352506,202389.68737736106,31.063482012218685,LOSS,203814.96464271357,-0.6992996161253516
2022-10-10,261.4031066894531,264.04254150390625,2,657.51863137371,129.63166848308504,202519.31904584414,31.471122144730725,LOSS,203814.96464271357,-0.635696990719349
2022-10-11,257.81182861328125,261.4031066894531,2,637.2634717519369,-80.99214348243811,202438.3269023617,31.12491036577729,LOSS,203814.96464271357,-0.675435065705361
2022-10-12,257.7235107421875,257.81182861328125,2,528.5359196160404,510.87234539729036,202949.19924775898,28.56003145579518,LOSS,203814.96464271357,-0.4247800923118057
2022-10-13,263.76776123046875,257.7235107421875,2,520.9489949708548,520.9489949708548,203470.14824272983,28.369962663405367,WIN,203814.96464271357,-0.1691811004104643
2022-10-14,255.83963012695312,263.76776123046875,2,564.511234711448,-1021.114985991677,202449.03325673816,29.155978846515477,LOSS,203814.96464271357,-0.6701820881356224
2022-10-17,264.2878112792969,255.83963012695312,2,576.6085265013056,576.6085265013056,203025.64178323947,29.907412547899966,WIN,203814.96464271357,-0.3872742420350669
2022-10-18,266.37774658203125,264.2878112792969,2,648.6884610290824,648.6884610290824,203674.33024426855,31.234842026316812,WIN,203814.96464271357,-0.0690010170212735
2022-10-19,265.4063720703125,266.37774658203125,2,658.0356884903654,463.7607861466154,204138.09103041518,31.33956672328982,LOSS,204138.09103041518,0.0
2022-10-20,264.05230712890625,265.4063720703125,2,645.9757240647505,375.16273578350047,204513.25376619867,31.09881392003121,LOSS,204513.25376619867,0.0
2022-10-21,270.2437438964844,264.05230712890625,2,638.6839492423035,638.6839492423035,205151.937715441,30.998713611303543,WIN,205151.937715441,0.0
2022-10-24,273.2167663574219,270.2437438964844,2,668.2680161431064,668.2680161431064,205820.2057315841,31.356261891213364,WIN,205820.2057315841,0.0
2022-10-25,278.8685302734375,273.2167663574219,2,679.2454990350202,679.2454990350202,206499.45123061913,31.4440372159998,WIN,206499.45123061913,0.0
2022-10-26,272.70654296875,278.8685302734375,2,708.8054119078312,-523.5920490296688,205975.85918158948,31.811890230192173,LOSS,206499.45123061913,-0.25355614550515526
2022-10-27,267.7416687011719,272.70654296875,2,699.9693288946007,-293.0055246210243,205682.85365696845,31.977450829261084,LOSS,206499.45123061913,-0.3954478177952649
2022-10-28,275.9347839355469,267.7416687011719,2,667.0795349668016,667.0795349668016,206349.93319193524,31.479752318573713,WIN,206499.45123061913,-0.07240602228860596
2022-10-31,272.7261657714844,275.9347839355469,2,708.1195229448876,66.39589013238765,206416.32908206762,31.97419340813774,LOSS,206499.45123061913,-0.04025296341280901
2022-11-01,269.9396057128906,272.7261657714844,2,688.4106077572724,131.09859603852237,206547.42767810615,31.695897722834232,LOSS,206547.42767810615,0.0
2022-11-02,260.6867980957031,269.9396057128906,2,644.4454510139071,-1206.1160724235929,205341.31160568257,30.79096176371345,LOSS,206547.42767810615,-0.58394146370259
2022-11-03,255.59426879882812,260.6867980957031,2,664.20683700525,-354.29902236975,204987.0125833128,31.852849114932518,LOSS,206547.42767810615,-0.755475443260018
2022-11-04,259.7055358886719,255.59426879882812,2,660.6103871005405,660.6103871005405,205647.62297041336,32.09555936042721,WIN,206547.42767810615,-0.43564072320236846
2022-11-07,262.5608825683594,259.7055358886719,2,632.9078239486068,632.9078239486068,206280.53079436196,31.119378234132824,WIN,206547.42767810615,-0.12921820752962315
2022-11-08,264.47418212890625,262.5608825683594,2,640.9049101877773,640.9049101877773,206921.43570454975,31.145541081843806,WIN,206921.43570454975,0.0
2022-11-09,258.3711242675781,264.47418212890625,2,638.3369879117306,-582.2745843538944,206339.16112019584,30.96451597915626,LOSS,206921.43570454975,-0.28139887120505735
2022-11-10,277.4359436035156,258.3711242675781,2,646.4459103065625,646.4459103065625,206985.6070305024,31.549209200276653,WIN,206985.6070305024,0.0
2022-11-11,282.54803466796875,277.4359436035156,2,870.6523168440981,870.6523168440981,207856.2593473465,35.757309586962485,WIN,207856.2593473465,0.0
2022-11-14,280.0754699707031,282.54803466796875,2,853.3947828451584,358.8818433920334,208215.14119073853,34.97775677524669,LOSS,208215.14119073853,0.0
2022-11-15,283.9512023925781,280.0754699707031,2,822.388121546032,822.388121546032,209037.52931228458,34.421858428122604,WIN,209037.52931228458,0.0
2022-11-16,280.0754699707031,283.9512023925781,2,837.0393774107212,61.89289303572116,209099.4222053203,34.498051175139075,LOSS,209099.4222053203,0.0
2022-11-17,279.4573059082031,280.0754699707031,2,834.1265503217547,710.4937378217547,209809.91594314206,34.69907802295588,LOSS,209809.91594314206,0.0
2022-11-18,279.46697998046875,279.4573059082031,2,830.9035177683439,830.9035177683439,210640.8194609104,34.66636785858356,WIN,210640.8194609104,0.0
2022-11-21,276.5921325683594,279.46697998046875,2,815.44185665065,240.47237422877504,210881.29183513916,34.2997430455038,LOSS,210881.29183513916,0.0
2022-11-22,280.5758361816406,276.5921325683594,2,808.6814931563636,808.6814931563636,211689.9733282955,34.338674792415944,WIN,211689.9733282955,0.0
2022-11-23,283.3918762207031,280.5758361816406,2,812.6100978278055,812.6100978278055,212502.5834261233,34.15671232572204,WIN,212502.5834261233,0.0
2022-11-25,281.527587890625,283.3918762207031,2,802.9152172537307,430.0575512381057,212932.6409773614,33.7400748484086,LOSS,212932.6409773614,0.0
2022-11-28,277.3966979980469,281.527587890625,2,784.5079062532088,-41.67007226241617,212890.970905099,33.43170004280674,LOSS,212932.6409773614,-0.01956960288997613
2022-11-29,275.2969665527344,277.3966979980469,2,751.0594366719534,331.11314760945345,213222.08405270847,32.90861700592633,LOSS,213222.08405270847,0.0
2022-11-30,287.8465576171875,275.2969665527344,2,742.1769059459792,742.1769059459792,213964.26095865446,32.83179403079525,WIN,213964.26095865446,0.0
2022-12-01,288.1997985839844,287.8465576171875,2,843.4569631207893,843.4569631207893,214807.71792177524,34.38165757892442,WIN,214807.71792177524,0.0
2022-12-02,287.0517883300781,288.1997985839844,2,787.2194499676308,557.6173991863808,215365.33532096163,33.06721328467948,LOSS,215365.33532096163,0.0
2022-12-05,282.2341003417969,287.0517883300781,2,762.2050667769657,-201.33253087928426,215164.00279008236,32.56307691424618,LOSS,215365.33532096163,-0.09348418610600526
2022-12-06,276.3860778808594,282.2341003417969,2,764.0289979668138,-405.5754942206862,214758.42729586168,32.90562090666958,LOSS,215365.33532096163,-0.28180395150197757
2022-12-07,275.2576599121094,276.3860778808594,2,768.71082391911,543.02723016911,215301.45452603078,33.39652783714233,LOSS,215365.33532096163,-0.029661595648924437
2022-12-08,278.51531982421875,275.2576599121094,2,766.3659294109019,766.3659294109019,216067.8204554417,33.41559707313459,WIN,216067.8204554417,0.0
2022-12-09,276.7393798828125,278.51531982421875,2,751.9404887684291,396.7525004871791,216464.57295592886,32.85761314007102,LOSS,216464.57295592886,0.0
2022-12-12,280.2127685546875,276.7393798828125,2,512.9124033248494,512.9124033248494,216977.4853592537,27.259175619789445,WIN,216977.4853592537,0.0
2022-12-13,283.22503662109375,280.2127685546875,2,508.7059667047467,508.7059667047467,217486.19132595847,27.00792424001184,WIN,217486.19132595847,0.0
2022-12-14,281.12530517578125,283.22503662109375,2,516.0606282530989,96.11433919059891,217582.30566514906,27.051971994411637,LOSS,217582.30566514906,0.0
2022-12-15,271.68609619140625,281.12530517578125,2,504.53270399952464,-1383.3090928754755,216198.99657227358,26.87075690542197,LOSS,217582.30566514906,-0.6357635969738933
2022-12-16,269.0957336425781,271.68609619140625,2,537.0299738031757,18.95746403755072,216217.95403631113,28.074351035889315,LOSS,217582.30566514906,-0.6270508186164816
2022-12-19,265.3139953613281,269.0957336425781,2,535.1477820952956,-221.1998741547044,215996.75416215643,28.153942715165257,LOSS,217582.30566514906,-0.7287134393330383
2022-12-20,265.10748291015625,265.3139953613281,2,534.5606613913147,493.25817115693974,216490.01233331338,28.326799522896316,LOSS,217582.30566514906,-0.5020138602247735
2022-12-21,268.953125,265.10748291015625,2,530.9984795751706,530.9984795751706,217021.01081288856,28.24830506562335,WIN,217582.30566514906,-0.2579689789317297
2022-12-22,262.3731689453125,268.953125,2,538.8736891983373,-777.1175217391627,216243.8932911494,28.252548838154542,LOSS,217582.30566514906,-0.6151292357658088
2022-12-23,262.9631652832031,262.3731689453125,2,540.4468836788632,540.4468836788632,216784.34017482828,28.624564363821836,WIN,217582.30566514906,-0.3667419038884639
2022-12-27,259.24542236328125,262.9631652832031,2,542.7893443796677,-200.75923960470732,216583.58093522358,28.65291616011862,LOSS,217582.30566514906,-0.45901008672207055
2022-12-28,255.82266235351562,259.24542236328125,2,534.5468902829411,-150.00511167018385,216433.5758235534,28.63840991770493,LOSS,217582.30566514906,-0.5279518654258186
2022-12-29,262.05841064453125,255.82266235351562,2,531.1879495159102,531.1879495159102,216964.7637730693,28.734037486398996,WIN,217582.30566514906,-0.28381990446876065
2022-12-30,261.9010314941406,262.05841064453125,2,458.155527612717,426.679697534592,217391.4434706039,26.56388746378642,LOSS,217582.30566514906,-0.08771953857263065
2023-01-03,260.130615234375,261.9010314941406,2,456.85416508358986,102.77091313046486,217494.21438373436,26.537970081097875,LOSS,217582.30566514906,-0.040486417838714574
2023-01-04,261.3698425292969,260.130615234375,2,453.9635604044864,453.9635604044864,217948.17794413885,26.54299623704003,WIN,217948.17794413885,0.0
2023-01-05,257.2783203125,261.3698425292969,2,451.85673577382437,-366.44770758555063,217581.7302365533,26.43495113588859,LOSS,217948.17794413885,-0.16813524712258715
2023-01-06,264.37957763671875,257.2783203125,2,436.3721996586744,436.3721996586744,218018.10243621198,26.21870974162085,WIN,218018.10243621198,0.0
2023-01-09,266.0909423828125,264.37957763671875,2,499.5762758846567,499.5762758846567,218517.67871209665,27.498644928569384,WIN,218517.67871209665,0.0
2023-01-10,268.3432922363281,266.0909423828125,2,496.3688284559167,496.3688284559167,219014.04754055256,27.338530455966243,WIN,219014.04754055256,0.0
2023-01-11,272.9857177734375,268.3432922363281,2,505.14027608778304,505.14027608778304,219519.18781664036,27.451173425957638,WIN,219519.18781664036,0.0
2023-01-12,274.46099853515625,272.9857177734375,2,522.2818437901802,522.2818437901802,220041.46966043054,27.65476344535302,WIN,220041.46966043054,0.0
2023-01-13,276.34942626953125,274.46099853515625,2,519.6150466610876,519.6150466610876,220561.08470709162,27.522473122682705,WIN,220561.08470709162,0.0
2023-01-17,276.91009521484375,276.34942626953125,2,524.4980131407057,524.4980131407057,221085.5827202323,27.553774080974037,WIN,221085.5827202323,0.0
2023-01-18,273.31024169921875,276.91009521484375,2,458.58969874138296,-261.38100438361704,220824.2017158487,25.95404535309887,LOSS,221085.5827202323,-0.11822616435119224
2023-01-19,270.6252136230469,273.31024169921875,2,457.8960227302449,-79.10959250413009,220745.09212334457,26.08153681817616,LOSS,221085.5827202323,-0.15400850326753732
2023-01-20,278.03131103515625,270.6252136230469,2,446.6608064480222,446.6608064480222,221191.7529297926,25.91688204546864,WIN,221191.7529297926,0.0
2023-01-23,284.20806884765625,278.03131103515625,2,498.52836334332363,498.52836334332363,221690.28129313592,26.8600137697414,WIN,221690.28129313592,0.0
2023-01-24,283.6277770996094,284.20806884765625,2,523.9251976215239,407.8668480121489,222098.14814114806,27.1933182978168,LOSS,222098.14814114806,0.0
2023-01-25,282.9983215332031,283.6277770996094,2,477.2305956392415,351.3394823579915,222449.48762350605,26.129317859876124,LOSS,222449.48762350605,0.0
2023-01-26,288.5159912109375,282.9983215332031,2,478.369803623445,478.369803623445,222927.8574271295,26.180698248080837,WIN,222927.8574271295,0.0
2023-01-27,291.38800048828125,288.5159912109375,2,479.2125733864855,479.2125733864855,223407.070000516,25.986196024997533,WIN,223407.070000516,0.0
2023-01-30,285.4965515136719,291.38800048828125,2,459.8043694175919,-718.4854255042831,222688.58457501172,25.43735510025529,LOSS,223407.070000516,-0.32160370999118976
2023-01-31,289.77496337890625,285.4965515136719,2,470.945450011025,470.945450011025,223159.53002502274,25.910854572501762,WIN,223407.070000516,-0.11080221207532617
2023-02-01,295.9714050292969,289.77496337890625,2,483.00147474640755,483.00147474640755,223642.53149976916,26.0249499314531,WIN,223642.53149976916,0.0
2023-02-02,306.59375,295.9714050292969,2,498.7814141239042,498.7814141239042,224141.31291389305,26.146782745974598,WIN,224141.31291389305,0.0
2023-02-03,301.1448669433594,306.59375,2,569.6742162128343,-520.1023951152907,223621.21051877775,27.290011655690954,LOSS,224141.31291389305,-0.23204218283271513
2023-02-06,298.597412109375,301.1448669433594,2,565.9616645346712,56.47069773779617,223677.68121651554,27.43084292913202,LOSS,224141.31291389305,-0.20684794398238426
2023-02-07,304.7840270996094,298.597412109375,2,550.4144997902158,550.4144997902158,224228.09571630575,27.192502558557862,WIN,224228.09571630575,0.0
2023-02-08,299.36456298828125,304.7840270996094,2,574.2214371130475,-509.6713851525775,223718.42433115316,27.461669452798446,LOSS,224228.09571630575,-0.22730041189727795
2023-02-09,296.7188720703125,299.36456298828125,2,597.5597263908974,68.42154279714737,223786.8458739503,28.202918990782514,LOSS,224228.09571630575,-0.1967861524872005
2023-02-10,294.771484375,296.7188720703125,2,594.4265423400194,204.9490032775194,223991.79487722783,28.250798582125736,LOSS,224228.09571630575,-0.10538413499122024
2023-02-13,299.49249267578125,294.771484375,2,596.6178944727852,596.6178944727852,224588.41277170062,28.38751083617234,WIN,224588.41277170062,0.0
2023-02-14,301.70550537109375,299.49249267578125,2,613.8184886504416,613.8184886504416,225202.23126035105,28.556358763729364,WIN,225202.23126035105,0.0
2023-02-15,304.0168762207031,301.70550537109375,2,618.598095927162,618.598095927162,225820.8293562782,28.56170747786225,WIN,225820.8293562782,0.0
2023-02-16,298.3122253417969,304.0168762207031,2,605.3836595946918,-535.5465161865582,225285.28284009165,28.17109950425067,LOSS,225820.8293562782,-0.2371554996557135
2023-02-17,296.20745849609375,298.3122253417969,2,613.5366056191557,192.5832364785307,225477.86607657018,28.60374417142235,LOSS,225820.8293562782,-0.15187406789961455
2023-02-21,289.19464111328125,296.20745849609375,2,586.2501547774849,-816.3133217850151,224661.55275478517,28.091096047086914,LOSS,225820.8293562782,-0.5133612363384089
2023-02-22,289.4110412597656,289.19464111328125,2,586.8358553545238,586.8358553545238,225248.3886101397,28.421944193943066,WIN,225820.8293562782,-0.2534933326435407
2023-02-23,291.9387512207031,289.4110412597656,2,586.7554531285876,586.7554531285876,225835.1440632683,28.41007069591955,WIN,225835.1440632683,0.0
2023-02-24,287.0505065917969,291.9387512207031,2,594.0739507264062,-383.5749750548438,225451.56908821344,28.459774759530507,LOSS,225835.1440632683,-0.16984733560663043
2023-02-27,289.10614013671875,287.0505065917969,2,581.8360587468845,581.8360587468845,226033.40514696031,28.406991800256026,WIN,226033.40514696031,0.0
2023-02-28,288.7323913574219,289.10614013671875,2,583.3555892096433,508.6058333502683,226542.0109803106,28.3464288776294,LOSS,226542.0109803106,0.0
2023-03-01,286.4112548828125,288.7323913574219,2,559.6335817317697,95.40628680989471,226637.41726712047,27.82027343400575,LOSS,226637.41726712047,0.0
2023-03-02,288.78155517578125,286.4112548828125,2,546.3967338144334,546.3967338144334,227183.81400093492,27.618479984685294,WIN,227183.81400093492,0.0
2023-03-03,294.75177001953125,288.78155517578125,2,526.9035233565747,526.9035233565747,227710.71752429148,27.068427352265005,WIN,227710.71752429148,0.0
2023-03-06,295.0860900878906,294.75177001953125,2,479.1127817897439,479.1127817897439,228189.83030608122,25.751532301943612,WIN,228189.83030608122,0.0
2023-03-07,291.4667053222656,295.0860900878906,2,461.3275306506842,-262.5494224743158,227927.2808836069,25.340693445476347,LOSS,228189.83030608122,-0.11505745988861416
2023-03-08,292.9223937988281,291.4667053222656,2,460.6608412528554,460.6608412528554,228387.94172485976,25.45397297912018,WIN,228387.94172485976,0.0
2023-03-09,287.8471984863281,292.9223937988281,2,430.0399970496235,-584.9990654503765,227802.9426594094,24.710582991357537,LOSS,228387.94172485976,-0.25614271096462493
2023-03-10,283.8048095703125,287.8471984863281,2,421.5288053858739,-386.9489778172511,227415.99368159214,24.686218898133014,LOSS,228387.94172485976,-0.425568896469382
2023-03-13,285.9096374511719,283.8048095703125,2,422.75181467372994,422.75181467372994,227838.74549626588,24.852688627981557,WIN,228387.94172485976,-0.24046638559206365
2023-03-14,292.479736328125,285.9096374511719,2,430.390682779357,430.390682779357,228269.13617904525,24.956875915278815,WIN,228387.94172485976,-0.052019184952257984
2023-03-15,294.0140380859375,292.479736328125,2,461.0916443038404,461.0916443038404,228730.2278233491,25.427507198902177,WIN,228730.2278233491,0.0
2023-03-16,301.7644958496094,294.0140380859375,2,461.2408899352592,461.2408899352592,229191.46871328435,25.376449175754324,WIN,229191.46871328435,0.0
2023-03-17,300.3383483886719,301.7644958496094,2,519.5469241954362,234.3174320079362,229425.78614529228,26.38795297952072,LOSS,229425.78614529228,0.0
2023-03-20,301.4041748046875,300.3383483886719,2,494.66361882568617,494.66361882568617,229920.44976411798,25.89402106878418,WIN,229920.44976411798,0.0
2023-03-21,305.708984375,301.4041748046875,2,492.80792225352917,492.80792225352917,230413.2576863715,25.814773943079885,WIN,230413.2576863715,0.0
2023-03-22,301.5519714355469,305.708984375,2,462.967101087585,-368.43548680304,230044.82219956847,25.016845082149466,LOSS,230413.2576863715,-0.15990203450208293
2023-03-23,305.1278076171875,301.5519714355469,2,475.5963450895239,475.5963450895239,230520.418544658,25.43194683463613,WIN,230520.418544658,0.0
2023-03-24,306.2508544921875,305.1278076171875,2,484.92288595530056,484.92288595530056,231005.3414306133,25.51186854535306,WIN,231005.3414306133,0.0
2023-03-27,304.1525573730469,306.2508544921875,2,458.0089156712243,38.349491843099315,231043.69092245642,24.8920351677527,LOSS,231043.69092245642,0.0
2023-03-28,302.53704833984375,304.1525573730469,2,460.90207365510435,137.80026701447935,231181.4911894709,25.023195893678874,LOSS,231181.4911894709,0.0
2023-03-29,308.053466796875,302.53704833984375,2,461.97769943008933,461.97769943008933,231643.46888890097,25.10023491880539,WIN,231643.46888890097,0.0
2023-03-30,310.96929931640625,308.053466796875,2,478.4709034224349,478.4709034224349,232121.9397923234,25.27350084060966,WIN,232121.9397923234,0.0
2023-03-31,316.1409912109375,310.96929931640625,2,483.9217171193225,483.9217171193225,232605.8615094427,25.29311028721805,WIN,232605.8615094427,0.0
2023-04-03,315.3726501464844,316.1409912109375,2,482.56385841503453,328.89564552440953,232934.7571549671,25.09631775512218,LOSS,232934.7571549671,0.0
2023-04-04,314.3087158203125,315.3726501464844,2,483.6988314418669,270.9119662074919,233205.6691211746,25.144719404594156,LOSS,233205.6691211746,0.0
2023-04-05,311.2057189941406,314.3087158203125,2,465.98704082145196,-154.61232441292304,233051.0567967617,24.80632863596197,LOSS,233205.6691211746,-0.06629869891052045
2023-04-06,313.30389404296875,311.2057189941406,2,475.18016661873554,475.18016661873554,233526.23696338042,25.09949747137424,WIN,233526.23696338042,0.0
2023-04-10,313.1266784667969,313.30389404296875,2,443.4113474178073,407.9682321834323,233934.20519556385,24.36116799118594,LOSS,233934.20519556385,0.0
2023-04-11,311.1170654296875,313.1266784667969,2,415.2679337413029,13.345326319427897,233947.55052188327,23.771974377261806,LOSS,233947.55052188327,0.0
2023-04-12,308.3687438964844,311.1170654296875,2,422.66487311439806,-126.99943352622694,233820.55108835705,23.985895233992682,LOSS,233947.55052188327,-0.05428542989354226
2023-04-13,314.4072265625,308.3687438964844,2,398.89054097511644,398.89054097511644,234219.44162933217,23.556032288006882,WIN,234219.44162933217,0.0
2023-04-14,313.8161926269531,314.4072265625,2,430.69203661888525,312.48524950951025,234531.92687884168,24.06073337601049,LOSS,234531.92687884168,0.0
2023-04-17,314.0821533203125,313.8161926269531,2,380.3147344931701,380.3147344931701,234912.24161333486,23.015983807108874,WIN,234912.24161333486,0.0
2023-04-18,314.10186767578125,314.0821533203125,2,376.1364431115124,376.1364431115124,235288.37805644638,22.92120371199945,WIN,235288.37805644638,0.0
2023-04-19,313.9540100097656,314.10186767578125,2,376.432939868337,346.861406665212,235635.2394631116,22.926950192577152,LOSS,235635.2394631116,0.0
2023-04-20,311.5603332519531,313.9540100097656,2,360.81815559853897,-117.91719596396103,235517.32226714763,22.6017113796464,LOSS,235635.2394631116,-0.05004225863357087
2023-04-21,311.88543701171875,311.5603332519531,2,342.84947085500914,342.84947085500914,235860.17173800262,22.278641888912176,WIN,235860.17173800262,0.0
2023-04-24,311.2353515625,311.88543701171875,2,331.2740997648569,201.25700992110689,236061.42874792372,22.02556756234245,LOSS,236061.42874792372,0.0
2023-04-25,305.3642578125,311.2353515625,2,330.8275552681215,-843.3911947318785,235218.03755319185,22.030752079517203,LOSS,236061.42874792372,-0.35727615443371674
2023-04-26,307.2161560058594,305.3642578125,2,357.9263647849348,357.9263647849348,235575.9639179768,22.752905953025714,WIN,236061.42874792372,-0.20565190701498548
2023-04-27,315.5696105957031,307.2161560058594,2,359.75368381722205,359.75368381722205,235935.71760179402,22.745513720651935,WIN,236061.42874792372,-0.05325357335862874
2023-04-28,317.7466125488281,315.5696105957031,2,407.2626830440454,407.2626830440454,236342.98028483806,23.536276477774834,WIN,236342.98028483806,0.0
2023-05-01,317.3821716308594,317.7466125488281,2,406.7127962768544,333.8246126831044,236676.80489752116,23.46634449809339,LOSS,236676.80489752116,0.0
2023-05-02,314.6141357421875,317.3821716308594,2,381.95289182272415,-171.65428591165085,236505.1506116095,22.960059312029006,LOSS,236676.80489752116,-0.07252687308583955
2023-05-03,312.5553283691406,314.6141357421875,2,385.61475723588615,-26.146717373488855,236479.00389423603,23.107079701901426,LOSS,236676.80489752116,-0.08357430858962994
2023-05-04,311.4520263671875,312.5553283691406,2,386.0262752012108,165.3658748105858,236644.3697690466,23.16918982831059,LOSS,236676.80489752116,-0.013704396799083866
2023-05-05,318.07177734375,311.4520263671875,2,376.54092087955297,376.54092087955297,237020.91068992615,22.996686092451622,WIN,237020.91068992615,0.0
2023-05-08,318.85980224609375,318.07177734375,2,421.9304556180399,421.9304556180399,237442.8411455442,23.77414419987241,WIN,237442.8411455442,0.0
2023-05-09,316.84033203125,318.85980224609375,2,423.01280852194975,19.11876555319975,237461.9599110974,23.774912084091135,LOSS,237461.9599110974,0.0
2023-05-10,320.28814697265625,316.84033203125,2,420.2213936452795,420.2213936452795,237882.18130474267,23.772567684539055,WIN,237882.18130474267,0.0
2023-05-11,321.3323669433594,320.28814697265625,2,423.2097167811991,423.2097167811991,238305.39102152386,23.739846241677526,WIN,238305.39102152386,0.0
2023-05-12,320.1797790527344,321.3323669433594,2,393.7673592671318,163.24978114213178,238468.640802666,23.1053965785144,LOSS,238468.640802666,0.0
2023-05-15,321.91357421875,320.1797790527344,2,393.6474668205171,393.6474668205171,238862.2882694865,23.13209772739975,WIN,238862.2882694865,0.0
2023-05-16,322.2779846191406,321.91357421875,2,397.55463965212584,397.55463965212584,239259.84290913865,23.168579964607765,WIN,239259.84290913865,0.0
2023-05-17,326.17889404296875,322.2779846191406,2,397.85417944135526,397.85417944135526,239657.69708858,23.16549118390335,WIN,239657.69708858,0.0
2023-05-18,332.2371520996094,326.17889404296875,2,413.02889440136454,413.02889440136454,240070.72598298136,23.375555246119127,WIN,240070.72598298136,0.0
2023-05-19,331.48846435546875,332.2371520996094,2,435.32054999097005,285.58300116284505,240356.3089841442,23.66662494390947,LOSS,240356.3089841442,0.0
2023-05-22,332.6015625,331.48846435546875,2,436.73319329090265,436.73319329090265,240793.04217743513,23.714386343590483,WIN,240793.04217743513,0.0
2023-05-23,328.38543701171875,332.6015625,2,435.4748230661289,-407.7502745901211,240385.291902845,23.6601974702301,LOSS,240793.04217743513,-0.16933640229092126
2023-05-24,326.70098876953125,328.38543701171875,2,406.61318848921536,69.72354005171536,240455.01544289672,23.190050892109934,LOSS,240793.04217743513,-0.14038060713121475
2023-05-25,334.6506042480469,326.70098876953125,2,411.06364149925747,411.06364149925747,240866.07908439598,23.322381977812633,WIN,240866.07908439598,0.0
2023-05-26,343.2010192871094,334.6506042480469,2,407.778405319969,407.778405319969,241273.85748971594,23.059751251035074,WIN,241273.85748971594,0.0
2023-05-30,344.7574462890625,343.2010192871094,2,466.2760536984831,466.2760536984831,241740.1335434144,23.9863550154462,WIN,241740.1335434144,0.0
2023-05-31,342.7971496582031,344.7574462890625,2,465.79475416376175,73.73542799188675,241813.8689714063,23.936551587072124,LOSS,241813.8689714063,0.0
2023-06-01,346.7572021484375,342.7971496582031,2,456.3934660584332,456.3934660584332,242270.26243746473,23.806254751457185,WIN,242270.26243746473,0.0
2023-06-02,349.3577880859375,346.7572021484375,2,453.35729060110435,453.35729060110435,242723.61972806582,23.647770244978943,WIN,242723.61972806582,0.0
2023-06-05,349.6040954589844,349.3577880859375,2,448.7520930013754,448.7520930013754,243172.3718210672,23.496207032525856,WIN,243172.3718210672,0.0
2023-06-06,349.54498291015625,349.6040954589844,2,424.3072815245358,412.4847717589108,243584.8565928261,23.02773452148745,LOSS,243584.8565928261,0.0
2023-06-07,343.6147766113281,349.54498291015625,2,426.2901545080256,-759.7511052575994,242825.1054875685,23.066613671533013,LOSS,243584.8565928261,-0.3119040797054116
2023-06-08,347.880126953125,343.6147766113281,2,454.01010022588963,454.01010022588963,243279.1155877944,23.739422019006483,WIN,243584.8565928261,-0.1255172465597012
2023-06-09,349.2099914550781,347.880126953125,2,461.9280993145779,461.9280993145779,243741.04368710896,23.782816117459596,WIN,243741.04368710896,0.0
2023-06-12,355.11065673828125,349.2099914550781,2,463.61872816967855,463.61872816967855,244204.66241527864,23.78139148294398,WIN,244204.66241527864,0.0
2023-06-13,357.83929443359375,355.11065673828125,2,479.3456355999846,479.3456355999846,244684.00805087862,23.928409495581832,WIN,244684.00805087862,0.0
2023-06-14,360.4398498535156,357.83929443359375,2,483.5948049814184,483.5948049814184,245167.60285586005,23.93887011017631,WIN,245167.60285586005,0.0
2023-06-15,364.7348937988281,360.4398498535156,2,485.4723403432911,485.4723403432911,245653.07519620334,23.90883098435744,WIN,245653.07519620334,0.0
2023-06-16,362.4396057128906,364.7348937988281,2,491.0123674888785,31.95475030137851,245685.0299465047,23.904389442302403,LOSS,245685.0299465047,0.0
2023-06-20,361.9207458496094,362.4396057128906,2,482.30629151391014,378.53431885766014,246063.56426536237,23.801897495430392,LOSS,246063.56426536237,0.0
2023-06-21,356.9886169433594,361.9207458496094,2,480.55053745999305,-505.87524379000695,245557.68902157235,23.782428398328733,LOSS,246063.56426536237,-0.20558722105011046
2023-06-22,361.2007141113281,356.9886169433594,2,504.74135832808844,504.74135832808844,246062.43037990044,24.351979637189267,WIN,246063.56426536237,-0.0004608099802624774
2023-06-23,357.61993408203125,361.2007141113281,2,488.11290914056303,-228.04309671881197,245834.38728318163,23.93841926976477,LOSS,246063.56426536237,-0.09313730899776285
2023-06-26,352.82586669921875,357.61993408203125,2,494.87502037305353,-463.93845618944647,245370.4488269922,24.152986936578248,LOSS,246063.56426536237,-0.2816814591951139
2023-06-27,358.8923645019531,352.82586669921875,2,474.8370024790197,474.8370024790197,245845.2858294712,23.90170435634353,WIN,246063.56426536237,-0.08870815008425058
2023-06-28,359.5928039550781,358.8923645019531,2,449.99855121048375,449.99855121048375,246295.28438068167,23.293463267841577,WIN,246295.28438068167,0.0
2023-06-29,358.8726806640625,359.5928039550781,2,450.3046766374044,306.2800184342794,246601.56439911594,23.282939588112303,LOSS,246601.56439911594,0.0
2023-06-30,364.40655517578125,358.8726806640625,2,444.49844845025933,444.49844845025933,247046.0628475662,23.192545825564828,WIN,247046.0628475662,0.0
2023-07-03,365.2648010253906,364.40655517578125,2,460.7801608107642,460.7801608107642,247506.84300837698,23.36366482203896,WIN,247506.84300837698,0.0
2023-07-05,365.2549133300781,365.2648010253906,2,459.02059777375916,457.04305871125916,247963.88606708823,23.312150150769355,LOSS,247963.88606708823,0.0
2023-07-06,362.47314453125,365.2549133300781,2,459.31827968998925,-97.03548007563575,247866.8505870126,23.317765869363654,LOSS,247963.88606708823,-0.03913290826930283
2023-07-07,361.26971435546875,362.47314453125,2,465.4000612347745,224.7140260785245,248091.56461309112,23.49257966251406,LOSS,248091.56461309112,0.0
2023-07-10,361.3880615234375,361.26971435546875,2,426.3875465296402,426.3875465296402,248517.95215962076,22.80660103397436,WIN,248517.95215962076,0.0
2023-07-11,363.1735534667969,361.3880615234375,2,414.8159682848749,414.8159682848749,248932.76812790564,22.59225337517865,WIN,248932.76812790564,0.0
2023-07-12,367.7604675292969,363.1735534667969,2,417.5093197114775,417.5093197114775,249350.27744761712,22.60398037979187,WIN,249350.27744761712,0.0
2023-07-13,374.0045471191406,367.7604675292969,2,409.2570749648598,409.2570749648598,249759.534522582,22.360718036968443,WIN,249759.534522582,0.0
2023-07-14,373.92559814453125,374.0045471191406,2,439.93025532430227,424.14046040242727,250183.6749829844,22.780293440058585,LOSS,250183.6749829844,0.0
2023-07-17,377.41754150390625,373.92559814453125,2,437.2026351884096,437.2026351884096,250620.87761817282,22.733687202684667,WIN,250620.87761817282,0.0
2023-07-18,380.5050964355469,377.41754150390625,2,435.695674876753,435.695674876753,251056.57329304956,22.63572354398908,WIN,251056.57329304956,0.0
2023-07-19,380.4162902832031,380.5050964355469,2,435.00043467036085,417.23920420161085,251473.81249725117,22.56167907555033,LOSS,251473.81249725117,0.0
2023-07-20,371.6469421386719,380.4162902832031,2,433.88830882011683,-1319.981320086133,250153.83117716503,22.544107542436052,LOSS,251473.81249725117,-0.5248981223842413
2023-07-21,370.5323181152344,371.6469421386719,2,469.47718896833015,246.55238428083015,250400.38356144587,23.35550994365782,LOSS,251473.81249725117,-0.4268551564656618
2023-07-24,371.1241455078125,370.5323181152344,2,459.09061578230467,459.09061578230467,250859.47417722817,23.195233851543104,WIN,251473.81249725117,-0.24429514704626237
2023-07-25,373.6395263671875,371.1241455078125,2,444.4829825047208,444.4829825047208,251303.9571597329,22.921819746453338,WIN,251473.81249725117,-0.06754394655710881
2023-07-26,372.3966369628906,373.6395263671875,2,419.3068765173974,170.72899565802243,251474.68615539093,22.422807545755195,LOSS,251474.68615539093,0.0
2023-07-27,371.50885009765625,372.3966369628906,2,393.81129331708223,216.25392027020723,251690.94007566114,21.994737882860772,LOSS,251690.94007566114,0.0
2023-07-28,378.2757568359375,371.50885009765625,2,395.16677972265336,395.16677972265336,252086.10685538378,22.035586267094004,WIN,252086.10685538378,0.0
2023-07-31,378.4730224609375,378.2757568359375,2,433.4846614020546,433.4846614020546,252519.59151678585,22.57973905613185,WIN,252519.59151678585,0.0
2023-08-01,377.5950927734375,378.4730224609375,2,412.04821760830254,236.46228010830254,252756.05379689415,22.20115468779226,LOSS,252756.05379689415,0.0
2023-08-02,369.3091125488281,377.5950927734375,2,413.29842111934346,-1243.8976238025316,251512.15617309161,22.239797738801222,LOSS,252756.05379689415,-0.4921336621286577
2023-08-03,368.71722412109375,369.3091125488281,2,467.3347811223814,348.9570955755064,251861.11326866713,23.37003182325447,LOSS,252756.05379689415,-0.3540728361529805
2023-08-04,366.9909973144531,368.71722412109375,2,459.40655178348084,114.16119045535584,251975.27445912248,23.2412442867981,LOSS,252756.05379689415,-0.30890628574185613
2023-08-07,370.0982360839844,366.9909973144531,2,458.73446314724396,458.73446314724396,252434.0089222697,23.267895644469895,WIN,252756.05379689415,-0.12741331801422268
2023-08-08,366.9515380859375,370.0982360839844,2,468.70797519793734,-160.63162441143766,252273.37729785827,23.376726899645142,LOSS,252756.05379689415,-0.19096535643167648
2023-08-09,362.9170837402344,366.9515380859375,2,472.5954721080976,-334.2953970325274,251939.08190082575,23.518632299889422,LOSS,252756.05379689415,-0.32322545149596554
2023-08-10,363.5877990722656,362.9170837402344,2,463.1626829001754,463.1626829001754,252402.24458372593,23.441413551617536,WIN,252756.05379689415,-0.139980510002949
2023-08-11,361.26971435546875,363.5877990722656,2,428.6963268580209,-34.92061650135412,252367.32396722457,22.79883065195862,LOSS,252756.05379689415,-0.15379644674384352
2023-08-14,365.32391357421875,361.26971435546875,2,428.4950471189365,428.4950471189365,252795.8190143435,22.845186626854378,WIN,252795.8190143435,0.0
2023-08-15,361.4472961425781,365.32391357421875,2,438.50753561682995,-336.81595071129505,252459.0030636322,22.93940558064665,LOSS,252795.8190143435,-0.1332363612754909
2023-08-16,357.61993408203125,361.4472961425781,2,430.2635794470127,-335.2088326623623,252123.79423096986,22.873695844277602,LOSS,252795.8190143435,-0.2658369849603824
2023-08-17,353.71368408203125,357.61993408203125,2,431.87195479889454,-349.37804520110546,251774.41618576876,22.987710427511477,LOSS,252795.8190143435,-0.40404261136802255
2023-08-18,353.269775390625,353.71368408203125,2,386.8770227784505,298.0952844972005,252072.51147026595,22.234526371896514,LOSS,252795.8190143435,-0.2861232226457443
2023-08-21,358.9614562988281,353.269775390625,2,386.5023127229763,386.5023127229763,252459.0137829889,22.23660125951613,WIN,252795.8190143435,-0.13323212095349865
2023-08-22,358.44854736328125,358.9614562988281,2,430.0587176049703,327.4769304955953,252786.4907134845,22.9244470121528,LOSS,252795.8190143435,-0.0036900534571198875
2023-08-23,364.1007995605469,358.44854736328125,2,420.99275746472176,420.99275746472176,253207.48347094923,22.768493889878464,WIN,253207.48347094923,0.0
2023-08-24,356.3177795410156,364.1007995605469,2,461.1813479798447,-1095.4226559264052,252112.06081502282,23.377976356608528,LOSS,253207.48347094923,-0.4326185944074141
2023-08-25,359.07977294921875,356.3177795410156,2,491.38253817854957,491.38253817854957,252603.44335320138,24.12160485153739,WIN,253207.48347094923,-0.2385553971263851
2023-08-28,361.7826232910156,359.07977294921875,2,462.5947353773584,462.5947353773584,253066.03808857873,23.521161033131413,WIN,253207.48347094923,-0.05586145418436075
2023-08-29,369.68389892578125,361.7826232910156,2,475.5163328865098,475.5163328865098,253541.55442146523,23.69374232047557,WIN,253541.55442146523,0.0
2023-08-30,371.74554443359375,369.68389892578125,2,541.213898068553,541.213898068553,254082.7683195338,24.68339021892814,WIN,254082.7683195338,0.0
2023-08-31,372.8602600097656,371.74554443359375,2,500.73608196751655,500.73608196751655,254583.5044015013,23.909475615783478,WIN,254583.5044015013,0.0
2023-09-01,372.4656677246094,372.8602600097656,2,502.4251207711859,423.5066637399359,255007.01106524124,23.91280235896777,LOSS,255007.01106524124,0.0
2023-09-05,372.9391784667969,372.4656677246094,2,499.16906157026614,499.16906157026614,255506.1801268115,23.864422371868677,WIN,255506.1801268115,0.0
2023-09-06,369.65435791015625,372.9391784667969,2,493.31325517342225,-163.65085615470275,255342.52927065679,23.74930998806837,LOSS,255506.1801268115,-0.06404966645953009
2023-09-07,367.0107116699219,369.65435791015625,2,489.556017833279,-39.173230213596014,255303.35604044318,23.75982825783948,LOSS,255506.1801268115,-0.07938128395471773
2023-09-08,367.52362060546875,367.0107116699219,2,478.2487890687959,478.2487890687959,255781.60482951198,23.619144622077243,WIN,255781.60482951198,0.0
2023-09-11,371.8540954589844,367.52362060546875,2,478.8191776860392,478.8191776860392,256260.42400719802,23.617381279050075,WIN,256260.42400719802,0.0
2023-09-12,367.7308044433594,371.8540954589844,2,490.91987717717853,-333.73832594782147,255926.6856812502,23.732268412063593,LOSS,256260.42400719802,-0.13023404891362939
2023-09-13,369.1315612792969,367.7308044433594,2,489.5930158392656,489.5930158392656,256416.27869708947,23.80631529839868,WIN,256416.27869708947,0.0
2023-09-14,372.1500244140625,369.1315612792969,2,478.7223737915644,478.7223737915644,256895.00107088103,23.57810927698383,WIN,256895.00107088103,0.0
2023-09-15,365.77764892578125,372.1500244140625,2,471.14226191101363,-803.3328357452364,256091.6682351358,23.373808782571036,LOSS,256895.00107088103,-0.31270862897156565
2023-09-18,366.15899658203125,365.77764892578125,2,484.19944474146524,484.19944474146524,256575.86767987726,23.755806427099486,WIN,256895.00107088103,-0.12422717050679831
2023-09-19,365.3785705566406,366.15899658203125,2,483.788342981792,327.703137903667,256903.57081778094,23.739261186192685,LOSS,256903.57081778094,0.0
2023-09-20,360.1133117675781,365.3785705566406,2,460.86832242424424,-592.1834353882557,256311.38738239268,23.343010965479305,LOSS,256903.57081778094,-0.23050805930926055
2023-09-21,353.5144348144531,360.1133117675781,2,477.5971553251348,-842.1782352998653,255469.20914709283,23.772261803235843,LOSS,256903.57081778094,-0.5583268718773445
2023-09-22,353.56378173828125,353.5144348144531,2,473.7468550492786,473.7468550492786,255942.9560021421,23.863968762104637,WIN,256903.57081778094,-0.3739203828817901
2023-09-25,355.2431640625,353.56378173828125,2,429.86616085177127,429.86616085177127,256372.82216299386,23.04182312639813,WIN,256903.57081778094,-0.2065945027924637
2023-09-26,349.90875244140625,355.2431640625,2,427.45493038144343,-639.4273938373066,255733.39476915656,22.958910662379097,LOSS,256903.57081778094,-0.45549232534972484
2023-09-27,350.7286682128906,349.90875244140625,2,434.20417350395127,434.20417350395127,256167.5989426605,23.20782742145159,WIN,256903.57081778094,-0.2864778690220956
2023-09-28,353.66259765625,350.7286682128906,2,371.2326669047335,371.2326669047335,256538.83160956524,22.001062389466682,WIN,256903.57081778094,-0.1419751415111345
2023-09-29,353.91943359375,353.66259765625,2,380.9821136816932,380.9821136816932,256919.81372324695,22.125321799969008,WIN,256919.81372324695,0.0
2023-10-02,356.8731384277344,353.91943359375,2,378.77753617364016,378.77753617364016,257298.5912594206,22.078949810393524,WIN,257298.5912594206,0.0
2023-10-03,350.6101379394531,356.8731384277344,2,395.881878622369,-856.718219033881,256441.8730403867,22.337376273305182,LOSS,257298.5912594206,-0.33296654087394334
2023-10-04,355.3814697265625,350.6101379394531,2,413.2987411705855,413.2987411705855,256855.1717815573,22.797019880399574,WIN,257298.5912594206,-0.17233653542091065
2023-10-05,354.3343811035156,355.3814697265625,2,443.1953422866191,233.7776176772441,257088.94939923452,23.248774611227986,LOSS,257298.5912594206,-0.0814780443063885
2023-10-06,360.2713623046875,354.3343811035156,2,438.9468095147396,438.9468095147396,257527.89620874927,23.193842869159546,WIN,257527.89620874927,0.0
2023-10-09,362.1087951660156,360.2713623046875,2,480.209991480291,480.209991480291,258008.10620022955,23.81638361718298,WIN,258008.10620022955,0.0
2023-10-10,364.1141052246094,362.1087951660156,2,469.34096174133737,469.34096174133737,258477.4471619709,23.573110356889778,WIN,258477.4471619709,0.0
2023-10-11,366.712158203125,364.1141052246094,2,465.0952527049103,465.0952527049103,258942.54241467582,23.448768922690213,WIN,258942.54241467582,0.0
2023-10-12,365.43780517578125,366.712158203125,2,472.6135816261771,217.7429761574271,259160.28539083325,23.524519676013664,LOSS,259160.28539083325,0.0
2023-10-13,360.8443298339844,365.43780517578125,2,463.61146808735947,-455.08360027201553,258705.20179056123,23.3913092196817,LOSS,259160.28539083325,-0.17559928196008764
2023-10-16,364.9241638183594,360.8443298339844,2,443.7241280978712,443.7241280978712,259148.9259186591,23.13358834130812,WIN,259160.28539083325,-0.004383184004064622
2023-10-17,363.7288513183594,364.9241638183594,2,463.6073600286256,224.54486002862558,259373.47077868774,23.403045771076037,LOSS,259373.47077868774,0.0
2023-10-18,358.9574890136719,363.7288513183594,2,462.7237646351195,-491.5486963023805,258881.92208238537,23.414592370846634,LOSS,259373.47077868774,-0.1895138677161743
2023-10-19,355.5988464355469,358.9574890136719,2,452.8724956651389,-218.8560199598611,258663.0660624255,23.34491573391785,LOSS,259373.47077868774,-0.27389258975849634
2023-10-20,350.2940673828125,355.5988464355469,2,421.05067472509444,-639.9051358217805,258023.1609266037,22.831826409485156,LOSS,259373.47077868774,-0.5206044581314139
2023-10-23,351.35107421875,350.2940673828125,2,438.8927436637139,438.8927436637139,258462.05367026743,23.287330275394076,WIN,259373.47077868774,-0.3513918002809103
2023-10-24,354.7690124511719,351.35107421875,2,438.6164165113313,438.6164165113313,258900.67008677876,23.257196606127373,WIN,259373.47077868774,-0.18228567882811836
2023-10-25,346.0857849121094,354.7690124511719,2,427.9016287602234,-1308.7438790522765,257591.92620772647,22.977876136059464,LOSS,259373.47077868774,-0.6868646070905934
2023-10-26,339.4868469238281,346.0857849121094,2,477.9728289556513,-841.8147687005987,256750.11143902587,24.1349984165329,LOSS,259373.47077868774,-1.0114216121587343
2023-10-27,341.1168212890625,339.4868469238281,2,489.1800370328296,489.1800370328296,257239.29147605872,24.530919504347022,WIN,259373.47077868774,-0.8228209678583623
2023-10-30,344.9596252441406,341.1168212890625,2,494.90700413700824,494.90700413700824,257734.19848019572,24.596425427675932,WIN,259373.47077868774,-0.6320123232228119
2023-10-31,346.6092834472656,344.9596252441406,2,506.49834734232144,506.49834734232144,258240.69682753805,24.7117790638874,WIN,259373.47077868774,-0.43673470064185504
2023-11-01,352.62530517578125,346.6092834472656,2,487.21295026754774,487.21295026754774,258727.9097778056,24.297531568669967,WIN,259373.47077868774,-0.24889245571031535
2023-11-02,359.02667236328125,352.62530517578125,2,506.87150759251153,506.87150759251153,259234.7812853981,24.507655406959984,WIN,259373.47077868774,-0.053470963269019796
2023-11-03,363.2447814941406,359.02667236328125,2,544.8170302289548,544.8170302289548,259779.59831562705,25.037209509604637,WIN,259779.59831562705,0.0
2023-11-06,364.7265930175781,363.2447814941406,2,538.6836173317345,538.6836173317345,260318.28193295878,24.80897014502218,WIN,260318.28193295878,0.0
2023-11-07,368.17425537109375,364.7265930175781,2,540.0944591953057,540.0944591953057,260858.37639215408,24.794704107617896,WIN,260858.37639215408,0.0
2023-11-08,368.4113464355469,368.17425537109375,2,550.3136046941603,550.3136046941603,261408.68999684823,24.886574902207087,WIN,261408.68999684823,0.0
2023-11-09,365.576171875,368.4113464355469,2,546.5010767905795,-20.533835318795468,261388.15616152945,24.811763090403666,LOSS,261408.68999684823,-0.007855069898032504
2023-11-10,373.7951965332031,365.576171875,2,546.8359027618283,546.8359027618283,261934.9920642913,24.893914852606915,WIN,261934.9920642913,0.0
2023-11-13,372.62945556640625,373.7951965332031,2,585.0000464620683,351.8518531026933,262286.843917394,25.351688934573964,LOSS,262286.843917394,0.0
2023-11-14,380.6508483886719,372.62945556640625,2,576.3445524397897,576.3445524397897,262863.1884698338,25.23043356116786,WIN,262863.1884698338,0.0
2023-11-15,380.93731689453125,380.6508483886719,2,621.9604889172304,621.9604889172304,263485.14895875106,25.80749449232087,WIN,263485.14895875106,0.0
2023-11-16,381.2633972167969,380.93731689453125,2,600.235352783597,600.235352783597,264085.38431153464,25.42214428164177,WIN,264085.38431153464,0.0
2023-11-17,381.35223388671875,381.2633972167969,2,586.4125656003923,586.4125656003923,264671.79687713506,25.17342489200295,WIN,264671.79687713506,0.0
2023-11-20,385.9951477050781,381.35223388671875,2,553.4741083278477,553.4741083278477,265225.2709854629,24.599752654023373,WIN,265225.2709854629,0.0
2023-11-21,383.7527160644531,385.9951477050781,2,565.798131855728,117.311803730728,265342.5827891936,24.69546610919414,LOSS,265342.5827891936,0.0
2023-11-22,385.3233642578125,383.7527160644531,2,569.9725409853241,569.9725409853241,265912.55533017893,24.824071169111022,WIN,265912.55533017893,0.0
2023-11-24,384.78009033203125,385.3233642578125,2,481.3019961434361,372.6472109871861,266285.2025411661,23.261926899808294,LOSS,266285.2025411661,0.0
2023-11-27,384.4442138671875,384.78009033203125,2,408.82449121047495,341.64919824172495,266626.8517394078,22.02770206146881,LOSS,266626.8517394078,0.0
2023-11-28,385.4518737792969,384.4442138671875,2,414.97049521113445,414.97049521113445,267041.82223461894,22.139584185140524,WIN,267041.82223461894,0.0
2023-11-29,385.0764465332031,385.4518737792969,2,413.4187326341869,338.3332834154369,267380.15551803436,22.09429132592474,LOSS,267380.15551803436,0.0
2023-11-30,384.1083679199219,385.0764465332031,2,418.5463740762695,224.9306514200195,267605.0861694544,22.189284283180235,LOSS,267605.0861694544,0.0
2023-12-01,385.2049255371094,384.1083679199219,2,403.4003387275138,403.4003387275138,268008.4865081819,21.946587631323926,WIN,268008.4865081819,0.0
2023-12-04,381.62884521484375,385.2049255371094,2,375.59425774609105,-339.62180670703395,267668.86470147484,21.449352889727777,LOSS,268008.4865081819,-0.12672054199921404
2023-12-05,382.5870666503906,381.62884521484375,2,383.1597667120208,383.1597667120208,268052.02446818684,21.640912157431575,WIN,268052.02446818684,0.0
2023-12-06,380.37420654296875,382.5870666503906,2,383.7457866603759,-58.82623482399907,267993.1982333628,21.634410874505484,LOSS,268052.02446818684,-0.02194582747163911
2023-12-07,385.68890380859375,380.37420654296875,2,382.4485027296545,382.4485027296545,268375.64673609246,21.650448493261386,WIN,268375.64673609246,0.0
2023-12-08,387.4078063964844,385.68890380859375,2,407.85131188759004,407.85131188759004,268783.4980479801,21.99445286402067,WIN,268783.4980479801,0.0
2023-12-11,390.71710205078125,387.4078063964844,2,395.0541836072854,395.0541836072854,269178.55223158735,21.744928128466928,WIN,269178.55223158735,0.0
2023-12-12,393.828857421875,390.71710205078125,2,342.1414424633397,342.1414424633397,269520.6936740507,20.792049831039005,WIN,269520.6936740507,0.0
2023-12-13,398.8372802734375,393.828857421875,2,344.5047833563039,344.5047833563039,269865.198457407,20.78597762108999,WIN,269865.198457407,0.0
2023-12-14,398.4916076660156,398.8372802734375,2,301.36949041784,232.23496893346498,270097.43342634046,19.997957587121846,LOSS,270097.43342634046,0.0
2023-12-15,400.4178466796875,398.4916076660156,2,302.63934143050295,302.63934143050295,270400.07276777097,20.023370749633003,WIN,270400.07276777097,0.0
2023-12-18,402.9399108886719,400.4178466796875,2,304.85059417201927,304.85059417201927,270704.923361943,20.035732459838652,WIN,270704.923361943,0.0
2023-12-19,404.99884033203125,402.9399108886719,2,308.326788463153,308.326788463153,271013.25015040615,20.061275780634364,WIN,271013.25015040615,0.0
2023-12-20,398.98065185546875,404.99884033203125,2,292.2755752183364,-911.3621200941636,270101.88803031197,19.773399386107524,LOSS,271013.25015040615,-0.3362795433759789
2023-12-21,403.6229248046875,398.98065185546875,2,332.07012700261765,332.07012700261765,270433.95815731457,20.505122678234695,WIN,271013.25015040615,-0.21375043204348407
2023-12-22,404.2267761230469,403.6229248046875,2,351.39354536414487,351.39354536414487,270785.3517026787,20.758468338962047,WIN,271013.25015040615,-0.08409125664555399
2023-12-26,406.7013244628906,404.2267761230469,2,349.47987605485275,349.47987605485275,271134.8315787336,20.718552647173954,WIN,271134.8315787336,0.0
2023-12-27,407.52923583984375,406.7013244628906,2,351.51108559577415,351.51108559577415,271486.34266432934,20.716793010183665,WIN,271486.34266432934,0.0
2023-12-28,407.3311767578125,407.52923583984375,2,352.3311531167455,312.7193367104955,271799.06200103986,20.7184891800859,LOSS,271799.06200103986,0.0
2023-12-29,405.568359375,407.3311767578125,2,351.53981098661575,-1.0236655758842517,271798.03833546396,20.70841964033016,LOSS,271799.06200103986,-0.00037662586778491094
2024-01-02,398.7052307128906,405.568359375,2,354.0093512019791,-1018.6163812198959,270779.4219542441,20.77350700209416,LOSS,271799.06200103986,-0.3751447997240958
2024-01-03,394.4863586425781,398.7052307128906,2,406.65810204667173,-437.11631201582827,270342.3056422283,21.746313590627256,LOSS,271799.06200103986,-0.5359681332550001
2024-01-04,392.4561462402344,394.4863586425781,2,406.76620029542374,0.7237198266737437,270343.02936205495,21.82027517650785,LOSS,271799.06200103986,-0.535701863084184
2024-01-05,392.9216003417969,392.4561462402344,2,410.8538571783369,410.8538571783369,270753.8832192333,21.924449659530445,WIN,271799.06200103986,-0.38454098189733665
2024-01-08,401.04248046875,392.9216003417969,2,403.76970652994464,403.76970652994464,271157.6529257633,21.79699353185527,WIN,271799.06200103986,-0.23598649331399202
2024-01-09,401.834716796875,401.04248046875,2,441.7349967192968,441.7349967192968,271599.38792248257,22.2855183903907,WIN,271799.06200103986,-0.07346385858996347
2024-01-10,404.5582275390625,401.834716796875,2,441.72559815137265,441.72559815137265,272041.11352063395,22.27099993845575,WIN,272041.11352063395,0.0
2024-01-11,405.3999938964844,404.5582275390625,2,441.8387750020103,441.8387750020103,272482.95229563594,22.22390152186355,WIN,272482.95229563594,0.0
2024-01-12,405.60797119140625,405.3999938964844,2,437.11422414469513,437.11422414469513,272920.06651978067,22.13181764323799,WIN,272920.06651978067,0.0
2024-01-16,405.568359375,405.60797119140625,2,418.0073310386114,410.0849677573614,273330.151487538,21.816578584991134,LOSS,273330.151487538,0.0
2024-01-17,403.2806091308594,405.568359375,2,417.6502015424551,-39.89984728566992,273290.25164025236,21.811419966292462,LOSS,273330.151487538,-0.01459767503456953
2024-01-18,409.0048828125,403.2806091308594,2,418.5680336121201,418.5680336121201,273708.81967386446,21.86511388488089,WIN,273708.81967386446,0.0
2024-01-19,417.1158752441406,409.0048828125,2,446.70227473246985,446.70227473246985,274155.5219485969,22.22401601236365,WIN,274155.5219485969,0.0
2024-01-22,417.6605529785156,417.1158752441406,2,501.46573465300406,501.46573465300406,274656.9876832499,22.951948748867423,WIN,274656.9876832499,0.0
2024-01-23,419.3936767578125,417.6605529785156,2,463.59633980073215,463.59633980073215,275120.5840230507,22.341851026422084,WIN,275120.5840230507,0.0
2024-01-24,421.720947265625,419.3936767578125,2,453.02946767184767,453.02946767184767,275573.6134907225,22.14485800852836,WIN,275573.6134907225,0.0
2024-01-25,422.2359619140625,421.720947265625,2,457.2965034786436,457.2965034786436,276030.90999420115,22.172354322619242,WIN,276030.90999420115,0.0
2024-01-26,419.7204895019531,422.2359619140625,2,455.4847504245024,-47.60973199737259,275983.3002622038,22.135224639219793,LOSS,276030.90999420115,-0.017247971250163054
2024-01-29,424.0185852050781,419.7204895019531,2,461.35286289292986,461.35286289292986,276444.6531250967,22.27046315579437,WIN,276444.6531250967,0.0
2024-01-30,421.1960754394531,424.0185852050781,2,475.6823960663479,-88.8195570586521,276355.83356803807,22.4202957544549,LOSS,276444.6531250967,-0.032129236740358405
2024-01-31,412.9465026855469,421.1960754394531,2,477.4502521565526,-1172.4642986246974,275183.36926941335,22.497782530934963,LOSS,276444.6531250967,-0.45625185418673625
2024-02-01,417.80908203125,412.9465026855469,2,482.67113829287354,482.67113829287354,275666.0404077062,22.731193923706915,WIN,276444.6531250967,-0.2816522976981328
2024-02-02,424.8703308105469,417.80908203125,2,477.55578083070486,477.55578083070486,276143.5961885369,22.560234372459195,WIN,276444.6531250967,-0.10890315047025236
2024-02-05,424.3157043457031,424.8703308105469,2,500.35244616662015,389.42715319787015,276533.0233417348,22.789483310791635,LOSS,276533.0233417348,0.0
2024-02-06,423.4639892578125,424.3157043457031,2,502.42603853249017,332.08302095436517,276865.10636268917,22.831988873768545,LOSS,276865.10636268917,0.0
2024-02-07,427.821533203125,423.4639892578125,2,463.0734437708128,463.0734437708128,277328.17980646,22.23306586897235,WIN,277328.17980646,0.0
2024-02-08,428.6138610839844,427.821533203125,2,475.56988598153174,475.56988598153174,277803.74969244155,22.35259653667945,WIN,277803.74969244155,0.0
2024-02-09,432.83270263671875,428.6138610839844,2,474.6347989823647,474.6347989823647,278278.3844914239,22.32457437627297,WIN,278278.3844914239,0.0
2024-02-12,431.1391906738281,432.83270263671875,2,485.78226464977877,147.07987207165377,278425.4643634955,22.423532555185705,LOSS,278425.4643634955,0.0
2024-02-13,424.41473388671875,431.1391906738281,2,490.167090884583,-854.724266537292,277570.74009695824,22.519962528352718,LOSS,278425.4643634955,-0.30698494783559527
2024-02-14,429.0396423339844,424.41473388671875,2,526.7948386566608,526.7948386566608,278097.5349356149,23.209941972761087,WIN,278425.4643634955,-0.11777996981357075
2024-02-15,430.3172302246094,429.0396423339844,2,532.0595868051223,532.0595868051223,278629.59452242,23.202606533607444,WIN,278629.59452242,0.0
2024-02-16,426.415283203125,430.3172302246094,2,516.5106357519079,-263.8787685449671,278365.71575387503,22.939251531980972,LOSS,278629.59452242,-0.0947059371052418
2024-02-20,423.1966247558594,426.415283203125,2,483.7159691982374,-160.01572025488758,278205.7000336201,22.503202922721467,LOSS,278629.59452242,-0.15213548637088542
2024-02-21,421.5030822753906,423.1966247558594,2,490.08759235946053,151.37909626571053,278357.0791298858,22.65985486515614,LOSS,278629.59452242,-0.09780561644978955
2024-02-22,433.8428649902344,421.5030822753906,2,489.0815854078804,489.0815854078804,278846.1607152937,22.674844504250956,WIN,278846.1607152937,0.0
2024-02-23,432.5653381347656,433.8428649902344,2,604.3715986477184,348.86622755396843,279195.0269428477,24.21426326515936,LOSS,279195.0269428477,0.0
2024-02-26,432.3375549316406,432.5653381347656,2,604.7832700439509,559.2266294189509,279754.25357226667,24.247771310852237,LOSS,279754.25357226667,0.0
2024-02-27,433.3774108886719,432.3375549316406,2,598.5155232810089,598.5155232810089,280352.7690955477,24.156752706017052,WIN,280352.7690955477,0.0
2024-02-28,431.0699157714844,433.3774108886719,2,590.6366808943774,129.13765745687738,280481.9067530045,24.0145317544052,LOSS,280481.9067530045,0.0
2024-02-29,434.763916015625,431.0699157714844,2,585.195516697717,585.195516697717,281067.10226970224,23.979296332714092,WIN,281067.10226970224,0.0
2024-03-01,441.3100891113281,434.763916015625,2,537.0239883396723,537.0239883396723,281604.12625804194,23.1701348069774,WIN,281604.12625804194,0.0
2024-03-04,439.7354431152344,441.3100891113281,2,554.5416697496963,239.61247053094633,281843.7387285729,23.311499022913143,LOSS,281843.7387285729,0.0
2024-03-05,431.84234619140625,439.7354431152344,2,528.213890614989,-1050.405494150636,280793.33323442226,22.945246485685878,LOSS,281843.7387285729,-0.3726907324211417
2024-03-06,434.5559387207031,431.84234619140625,2,566.3407398065923,566.3407398065923,281359.67397422885,23.674443162345895,WIN,281843.7387285729,-0.17174933760378178
2024-03-07,441.1517028808594,434.5559387207031,2,571.9674701957077,571.9674701957077,281931.6414444246,23.70591993640435,WIN,281931.6414444246,0.0
2024-03-08,434.78369140625,441.1517028808594,2,594.4672084185185,-679.1350865033565,281252.50635792123,23.91310396053808,LOSS,281931.6414444246,-0.24088643723135247
2024-03-11,433.16943359375,434.78369140625,2,614.952912362011,292.10134986201103,281544.60770778323,24.35529842933174,LOSS,281931.6414444246,-0.13727928325407124
2024-03-12,439.3789367675781,433.16943359375,2,604.3588352909309,604.3588352909309,282148.9665430742,24.22839342309217,WIN,282148.9665430742,0.0
2024-03-13,436.0018615722656,439.3789367675781,2,632.9600424821364,-42.45499658036363,282106.5115464938,24.528534040392948,LOSS,282148.9665430742,-0.015047014738539914
2024-03-14,434.9025573730469,436.0018615722656,2,604.3190888111056,384.45824896735564,282490.96979546116,24.167839420212736,LOSS,282490.96979546116,0.0
2024-03-15,429.73291015625,434.9025573730469,2,592.7797112805816,-441.14973207879336,282049.8200633824,24.01551204806899,LOSS,282490.96979546116,-0.15616418903520748
2024-03-18,433.8315124511719,429.73291015625,2,602.619883257472,602.619883257472,282652.4399466399,24.27542613400457,WIN,282652.4399466399,0.0
2024-03-19,434.9123840332031,433.8315124511719,2,607.3776461436422,607.3776461436422,283259.81759278354,24.260335853177175,WIN,283259.81759278354,0.0
2024-03-20,440.0689697265625,434.9123840332031,2,600.0667399442821,600.0667399442821,283859.8843327278,24.12613334443836,WIN,283859.8843327278,0.0
2024-03-21,442.1515197753906,440.0689697265625,2,615.187271881401,615.187271881401,284475.0716046092,24.246462731408883,WIN,284475.0716046092,0.0
2024-03-22,442.6572570800781,442.1515197753906,2,519.6838881332201,519.6838881332201,284994.7554927424,22.774225954634716,WIN,284994.7554927424,0.0
2024-03-25,441.0507507324219,442.6572570800781,2,517.9423453063872,196.6410757751372,285191.39656851755,22.739320982725598,LOSS,285191.39656851755,0.0
2024-03-26,439.62274169921875,441.0507507324219,2,518.8906413045676,233.28883466394257,285424.6854031815,22.781732557142806,LOSS,285424.6854031815,0.0
2024-03-27,441.1201171875,439.62274169921875,2,519.3142935355747,519.3142935355747,285943.9996967171,22.81338374162395,WIN,285943.9996967171,0.0
2024-03-28,440.3070068359375,441.1201171875,2,516.2694302503664,353.64735993786644,286297.64705665497,22.741205109032048,LOSS,286297.64705665497,0.0
2024-04-01,441.2391662597656,440.3070068359375,2,508.06656958255667,508.06656958255667,286805.7136262375,22.632275728705395,WIN,286805.7136262375,0.0
2024-04-02,437.4311828613281,441.2391662597656,2,477.27038089166126,-284.32629879583874,286521.3873274417,22.15450277612602,LOSS,286805.7136262375,-0.09913550716996748
2024-04-03,438.41290283203125,437.4311828613281,2,482.37561550739827,482.37561550739827,287003.76294294914,22.293981128677764,WIN,287003.76294294914,0.0
2024-04-04,431.7092590332031,438.41290283203125,2,431.12699826379054,-909.6017615018345,286094.1611814473,21.504455123945014,LOSS,287003.76294294914,-0.31693025630560034
2024-04-05,436.7965087890625,431.7092590332031,2,457.37086846583213,457.37086846583213,286551.53204991313,22.007549349278356,WIN,287003.76294294914,-0.15756967379061726
2024-04-08,436.9254455566406,436.7965087890625,2,447.8222931511416,447.8222931511416,286999.3543430643,21.781340941307523,WIN,287003.76294294914,-0.0015360773808766029
2024-04-09,438.5418395996094,436.9254455566406,2,413.4300956745021,413.4300956745021,287412.78443873883,21.25869486881701,WIN,287412.78443873883,0.0
2024-04-10,434.71405029296875,438.5418395996094,2,413.7413262747219,-351.8165350534031,287060.9679036854,21.240320521255022,LOSS,287412.78443873883,-0.12240810224933266
2024-04-11,441.6556701660156,434.71405029296875,2,387.48464719843196,387.48464719843196,287448.4525508838,20.895760745780716,WIN,287448.4525508838,0.0
2024-04-12,434.6148681640625,441.6556701660156,2,428.1964073969659,-979.9639929936591,286468.4885578902,21.412808001750662,LOSS,287448.4525508838,-0.34091816612586084
2024-04-15,427.4649963378906,434.6148681640625,2,462.9594861515694,-967.0148790828056,285501.4736788074,22.045753362221184,LOSS,287448.4525508838,-0.6773314849318179
2024-04-16,427.5046691894531,427.4649963378906,2,474.4581904359145,474.4581904359145,285975.9318692433,22.341527318876075,WIN,287448.4525508838,-0.51227295488045
2024-04-17,422.2885437011719,427.5046691894531,2,459.7285114561275,-583.4965862001225,285392.43528304313,22.1129475277134,LOSS,287448.4525508838,-0.7152646847095925
2024-04-18,419.87884521484375,422.2885437011719,2,470.4069198339428,-11.532777431682177,285380.9025056115,22.368064700360566,LOSS,287448.4525508838,-0.719276804910383
2024-04-19,411.19183349609375,419.87884521484375,2,442.21732693215176,-1295.1850168178482,284085.71748879366,21.966277807515848,LOSS,287448.4525508838,-1.1698567281362866
2024-04-22,415.3271484375,411.19183349609375,2,469.41088890495763,469.41088890495763,284555.1283776986,22.550882420188465,WIN,287448.4525508838,-1.0065540960506805
2024-04-23,421.52496337890625,415.3271484375,2,495.65730332056336,495.65730332056336,285050.78568101913,22.893692749394532,WIN,287448.4525508838,-0.8341206392266977
2024-04-24,422.9529724121094,421.52496337890625,2,542.7901061734731,542.7901061734731,285593.5757871926,23.517215822343033,WIN,287448.4525508838,-0.6452902241186517
2024-04-25,420.9101257324219,422.9529724121094,2,548.1078532939523,139.5385173564523,285733.11430454906,23.57162123242093,LOSS,287448.4525508838,-0.5967463839559561
2024-04-26,427.405517578125,420.9101257324219,2,542.6771923356933,542.6771923356933,286275.7914968848,23.527882826580903,WIN,287448.4525508838,-0.4079552502692471
2024-04-29,429.1408996582031,427.405517578125,2,587.3946747371627,587.3946747371627,286863.18617162196,24.090314507428737,WIN,287448.4525508838,-0.2036074204150575
2024-04-30,421.0489807128906,429.1408996582031,2,591.8287538778026,-1026.5550351846973,285836.63113643724,24.12189739282048,LOSS,287448.4525508838,-0.5607340725416678
2024-05-01,418.0045471191406,421.0489807128906,2,608.7649814046345,-0.12173734536554548,285836.5093990919,24.56326236056016,LOSS,287448.4525508838,-0.560776423559485
2024-05-02,423.3396911621094,418.0045471191406,2,605.2318825224487,605.2318825224487,286441.74128161435,24.577007341892948,WIN,287448.4525508838,-0.3502232349263587
2024-05-03,431.84814453125,423.3396911621094,2,615.1057379132438,615.1057379132438,287056.8470195276,24.61058487133522,WIN,287448.4525508838,-0.13623504592946717
2024-05-06,436.578369140625,431.84814453125,2,657.8989990794753,657.8989990794753,287714.74601860705,25.076673718558986,WIN,287714.74601860705,0.0
2024-05-07,436.6477966308594,436.578369140625,2,678.5139285307357,678.5139285307357,288393.2599471378,25.279821693407925,WIN,288393.2599471378,0.0
2024-05-08,436.38995361328125,436.6477966308594,2,677.1292042293928,625.5606007137678,289018.82054785156,25.257211267715274,LOSS,289018.82054785156,0.0
2024-05-09,437.3419189453125,436.38995361328125,2,668.476581656718,668.476581656718,289687.2971295083,25.1321236756836,WIN,289687.2971295083,0.0
2024-05-10,438.3732604980469,437.3419189453125,2,642.0597710811148,642.0597710811148,290329.3569005894,24.710540011899184,WIN,290329.3569005894,0.0
2024-05-13,439.384765625,438.3732604980469,2,614.6379623205174,614.6379623205174,290943.99486290995,24.273941530968578,WIN,290943.99486290995,0.0
2024-05-14,442.2109680175781,439.384765625,2,579.1463186463394,579.1463186463394,291523.1411815563,23.718310531756863,WIN,291523.1411815563,0.0
2024-05-15,449.12286376953125,442.2109680175781,2,585.5580642397267,585.5580642397267,292108.699245796,23.758494973066327,WIN,292108.699245796,0.0
2024-05-16,448.2105712890625,449.12286376953125,2,589.4521257746986,406.99362968094863,292515.69287547696,23.68105289435066,LOSS,292515.69287547696,0.0
2024-05-17,447.9923400878906,448.2105712890625,2,581.4595635257748,537.8133232913998,293053.5061987684,23.580773753868087,LOSS,293053.5061987684,0.0
2024-05-20,451.1160888671875,447.9923400878906,2,499.1482994028399,499.1482994028399,293552.65449817124,22.369669910548218,WIN,293552.65449817124,0.0
2024-05-21,451.9986572265625,451.1160888671875,2,498.584596284326,498.584596284326,294051.23909445555,22.310373548238868,WIN,294051.23909445555,0.0
2024-05-22,451.9093933105469,451.9986572265625,2,480.79252753018375,462.93974432705875,294514.1788387826,22.035736941500627,LOSS,294514.1788387826,0.0
2024-05-23,449.87652587890625,451.9093933105469,2,482.82690234102887,76.25341601290387,294590.4322547955,22.06690283934965,LOSS,294590.4322547955,0.0
2024-05-24,454.1307678222656,449.87652587890625,2,479.80490186428347,479.80490186428347,295070.2371566598,22.05440479297392,WIN,295070.2371566598,0.0
2024-05-28,455.8462829589844,454.1307678222656,2,466.21853643110154,466.21853643110154,295536.45569309086,21.790435659756703,WIN,295536.45569309086,0.0
2024-05-29,452.63336181640625,455.8462829589844,2,467.8984570212953,-174.68577149432969,295361.7699215965,21.789256611206028,LOSS,295536.45569309086,-0.059108028173605456
2024-05-30,447.78411865234375,452.63336181640625,2,395.04922613571773,-574.7994066767823,294786.9705149197,20.772895328513002,LOSS,295536.45569309086,-0.2536015993064015
2024-05-31,446.9511413574219,447.78411865234375,2,407.436633182991,240.841174198616,295027.81168911833,21.018391237634386,LOSS,295536.45569309086,-0.1721087176130802
2024-06-03,449.3509521484375,446.9511413574219,2,393.71577610760215,393.71577610760215,295421.52746522595,20.82655426082963,WIN,295536.45569309086,-0.038888003713577445
2024-06-04,450.5805969238281,449.3509521484375,2,331.6346286670361,331.6346286670361,295753.162093893,19.881611741307626,WIN,295753.162093893,0.0
2024-06-05,459.6641845703125,450.5805969238281,2,312.7772810763401,312.7772810763401,296065.93937496934,19.59146991197915,WIN,296065.93937496934,0.0
2024-06-06,459.50555419921875,459.6641845703125,2,391.7499865739558,360.0239123552058,296425.9632873245,20.637120942740296,LOSS,296425.9632873245,0.0
2024-06-07,459.09893798828125,459.50555419921875,2,391.3068592301837,309.9836170426837,296735.9469043672,20.632688366743718,LOSS,296735.9469043672,0.0
2024-06-10,460.9533386230469,459.09893798828125,2,393.3126065463536,393.3126065463536,297129.2595109135,20.666574556826838,WIN,297129.2595109135,0.0
2024-06-11,464.1167297363281,460.9533386230469,2,395.38230340503833,395.38230340503833,297524.64181431854,20.673476900777324,WIN,297524.64181431854,0.0
2024-06-12,470.19561767578125,464.1167297363281,2,401.68967619527524,401.68967619527524,297926.3314905138,20.724696608321665,WIN,297926.3314905138,0.0
2024-06-13,472.7441711425781,470.19561767578125,2,425.2880422810767,425.2880422810767,298351.61953279487,20.9826503754291,WIN,298351.61953279487,0.0
2024-06-14,475.193603515625,472.7441711425781,2,395.30946031646147,395.30946031646147,298746.9289931113,20.530954090775435,WIN,298746.9289931113,0.0
2024-06-17,481.0146179199219,475.193603515625,2,393.62978500497934,393.62978500497934,299140.5587781163,20.479064280569347,WIN,299140.5587781163,0.0
2024-06-18,481.16339111328125,481.0146179199219,2,412.8401968202157,412.8401968202157,299553.3989749365,20.676919428772372,WIN,299553.3989749365,0.0
2024-06-20,477.4546203613281,481.16339111328125,2,412.34164326638466,-329.41250712424034,299223.98646781227,20.668310720576617,LOSS,299553.3989749365,-0.10996787492696986
2024-06-21,476.17535400390625,477.4546203613281,2,432.5227155702729,176.6694440858979,299400.6559118982,20.991917833569435,LOSS,299553.3989749365,-0.05099026202373734
2024-06-24,470.7542724609375,476.17535400390625,2,435.444367912415,-648.7719406813351,298751.88397121686,21.048598996214075,LOSS,299553.3989749365,-0.26756999134792675
2024-06-25,476.1376037597656,470.7542724609375,2,457.61546250696625,457.61546250696625,299209.4994337238,21.42977016205254,WIN,299553.3989749365,-0.1148040858122546
2024-06-26,477.1208801269531,476.1376037597656,2,468.75785136693474,468.75785136693474,299678.25728509075,21.51186069968356,WIN,299678.25728509075,0.0
2024-06-27,478.3525085449219,477.1208801269531,2,469.3713804449306,469.3713804449306,300147.62866553565,21.50694612682818,WIN,300147.62866553565,0.0
2024-06-28,475.8694152832031,478.3525085449219,2,453.26826926852607,-43.35038307522393,300104.2782824604,21.26752811085426,LOSS,300147.62866553565,-0.014443020345681939
2024-07-01,478.66046142578125,475.8694152832031,2,427.4196062585367,427.4196062585367,300531.6978887189,20.940946966302914,WIN,300531.6978887189,0.0
2024-07-02,483.68621826171875,478.66046142578125,2,425.9661021377628,425.9661021377628,300957.6639908567,20.88622031702323,WIN,300957.6639908567,0.0
2024-07-03,487.7187805175781,483.68621826171875,2,439.5297176959409,439.5297176959409,301397.19370855263,21.01054094028712,WIN,301397.19370855263,0.0
2024-07-05,492.8041076660156,487.7187805175781,2,447.00802570332803,447.00802570332803,301844.20173425594,21.062264348349967,WIN,301844.20173425594,0.0
2024-07-08,493.97613525390625,492.8041076660156,2,403.3045801889314,403.3045801889314,302247.5063144449,20.4131226038622,WIN,302247.5063144449,0.0
2024-07-09,494.4032287597656,493.97613525390625,2,401.0611991738158,401.0611991738158,302648.5675136187,20.370240168514645,WIN,302648.5675136187,0.0
2024-07-10,499.55810546875,494.4032287597656,2,398.4101433499314,398.4101433499314,303046.97765696864,20.330133875509667,WIN,303046.97765696864,0.0
2024-07-11,488.6026916503906,499.55810546875,2,412.46735109746385,-1778.615412574411,301268.3622443942,20.46125677369136,LOSS,303046.97765696864,-0.5869107906391081
2024-07-12,491.4731750488281,488.6026916503906,2,525.3218558618091,525.3218558618091,301793.684100256,22.11145790142187,WIN,303046.97765696864,-0.4135641168252404
2024-07-15,492.794189453125,491.4731750488281,2,510.44971400239865,510.44971400239865,302304.1338142584,21.86976964673716,WIN,303046.97765696864,-0.245124979781553
2024-07-16,492.98291015625,492.794189453125,2,509.97985619058505,509.97985619058505,302814.11367044895,21.845047598015135,WIN,303046.97765696864,-0.07684088728424064
2024-07-17,478.5114440917969,492.98291015625,2,508.80892743600145,-2385.4842854546237,300428.62938499433,21.826716804536385,LOSS,303046.97765696864,-0.8640073866495117
2024-07-18,476.24688720703125,478.5114440917969,2,616.0022703952245,163.0908934420995,300591.72027843643,23.5148894276198,LOSS,303046.97765696864,-0.8101903531641252
2024-07-19,472.02557373046875,476.24688720703125,2,615.7388129152857,-228.52388239721427,300363.1963960392,23.55171873719661,LOSS,303046.97765696864,-0.8855990848941256
2024-07-22,479.0577087402344,472.02557373046875,2,612.7702361730157,612.7702361730157,300975.9666322122,23.586598618605024,WIN,303046.97765696864,-0.6833960334363334
2024-07-23,477.3692321777344,479.0577087402344,2,651.5971106181524,313.90179811815244,301289.86843033036,23.996640061577025,LOSS,303046.97765696864,-0.5798141397823874
2024-07-24,460.245849609375,477.3692321777344,2,632.3225185450932,-2792.3539951267817,298497.5144352036,23.76139484746612,LOSS,303046.97765696864,-1.5012402555338433
2024-07-25,455.1703796386719,460.245849609375,2,742.1310199990606,-272.96297414156436,298224.551461062,25.665463473547316,LOSS,303046.97765696864,-1.5913130806291536
2024-07-26,459.8386535644531,455.1703796386719,2,741.0415666054437,741.0415666054437,298965.59302766743,25.768559335715693,WIN,303046.97765696864,-1.3467828192370526
2024-07-29,460.7622985839844,459.8386535644531,2,762.4630946001146,762.4630946001146,299728.05612226756,25.967367121813005,WIN,303046.97765696864,-1.0951838425717282
2024-07-30,454.4353942871094,460.7622985839844,2,764.1594373265889,-501.2214220484111,299226.83470021916,25.96973341450965,LOSS,303046.97765696864,-1.2605778108348782
2024-07-31,467.8838195800781,454.4353942871094,2,761.4534085217111,761.4534085217111,299988.2881087409,26.08307351956666,WIN,303046.97765696864,-1.0093120122418835
2024-08-01,456.5509948730469,467.8838195800781,2,868.5996869795508,-1397.9652544266992,298590.3228543142,27.279216893410442,LOSS,303046.97765696864,-1.4706151624119261
2024-08-02,445.71478271484375,456.5509948730469,2,880.7911119931031,-1286.4513196475218,297303.8715346666,27.76064593823628,LOSS,303046.97765696864,-1.895120738937996
2024-08-05,432.42529296875,445.71478271484375,2,875.4590485839881,-1782.438900634762,295521.43263403187,27.991755127944216,LOSS,303046.97765696864,-2.48329321121138
2024-08-06,436.5571594238281,432.42529296875,2,891.4645235742335,891.4645235742335,296412.8971576061,28.635843406739315,WIN,303046.97765696864,-2.18912610534989
2024-08-07,431.8293151855469,436.5571594238281,2,915.859086029113,-29.709761627137027,296383.18739597895,28.876392388169844,LOSS,303046.97765696864,-2.1989297872268185
2024-08-08,445.0394287109375,431.8293151855469,2,884.5109327916298,884.5109327916298,297267.6983287706,28.548153621060273,WIN,303046.97765696864,-1.9070572400625823
2024-08-09,447.3635559082031,445.0394287109375,2,995.3829501552999,995.3829501552999,298263.0812789259,29.79383384643466,WIN,303046.97765696864,-1.5785989403457596
2024-08-12,448.32696533203125,447.3635559082031,2,999.5856392420814,999.5856392420814,299262.66691816796,29.779115221942355,WIN,303046.97765696864,-1.248753829541337
2024-08-13,459.45123291015625,448.32696533203125,2,1001.1725917864326,1001.1725917864326,300263.8395099544,29.77076945036724,WIN,303046.97765696864,-0.918385053212641
2024-08-14,459.6002197265625,459.45123291015625,2,1087.1957463674744,1087.1957463674744,301351.03525632183,30.65154996492342,WIN,303046.97765696864,-0.5596301978521991
2024-08-15,471.211181640625,459.6002197265625,2,1034.1307988288313,1034.1307988288313,302385.1660551507,29.882787253895668,WIN,303046.97765696864,-0.21838581164372772
2024-08-16,471.8170471191406,471.211181640625,2,1113.0371570304515,1113.0371570304515,303498.2032121811,30.623671679563543,WIN,303498.2032121811,0.0
2024-08-19,478.0148010253906,471.8170471191406,2,1108.775392337679,1108.775392337679,304606.9786045188,30.54386369603136,WIN,304606.9786045188,0.0
2024-08-20,477.01165771484375,478.0148010253906,2,1119.5582541410022,918.9295920316272,305525.90819655044,30.491532439752866,LOSS,305525.90819655044,0.0
2024-08-21,479.23651123046875,477.01165771484375,2,1116.5659658875259,1116.5659658875259,306642.47416243795,30.482618822614853,WIN,306642.47416243795,0.0
2024-08-22,471.63824462890625,479.23651123046875,2,1010.8771429293727,-508.77617738312733,306133.6979850548,28.95203340915949,LOSS,306642.47416243795,-0.1659183643012318
2024-08-23,476.7533874511719,471.63824462890625,2,1007.4420213618282,1007.4420213618282,307141.14000641665,29.128630784261553,WIN,307141.14000641665,0.0
2024-08-26,472.12493896484375,476.7533874511719,2,1019.2259585371318,93.53626127150676,307234.67626768816,29.14053096972941,LOSS,307234.67626768816,0.0
2024-08-27,473.53533935546875,472.12493896484375,2,1020.0898611506123,1020.0898611506123,308254.76612883876,29.291259922958126,WIN,308254.76612883876,0.0
2024-08-28,468.1618957519531,473.53533935546875,2,1003.0492167987861,-71.63950390433888,308183.12662493443,29.010669108771395,LOSS,308254.76612883876,-0.02324035563310145
2024-08-29,467.47662353515625,468.1618957519531,2,935.6454132354625,798.5909698760875,308981.7175948105,28.219172156157732,LOSS,308981.7175948105,0.0
2024-08-30,473.0486145019531,467.47662353515625,2,877.8102130369175,877.8102130369175,309859.5278078474,27.420233467747146,WIN,309859.5278078474,0.0
2024-09-03,458.68646240234375,473.0486145019531,2,831.3166305595125,-2041.1137893623625,307818.41401848505,26.62384265477828,LOSS,309859.5278078474,-0.6587222938737967
2024-09-04,457.4945373535156,458.68646240234375,2,809.6420236216223,571.2570138559973,308389.6710323411,26.675248895894548,LOSS,309859.5278078474,-0.4743622976208241
2024-09-05,457.921630859375,457.4945373535156,2,805.7999322122084,805.7999322122084,309195.4709645533,26.650118487965734,WIN,309859.5278078474,-0.21430899607706175
2024-09-06,445.6551818847656,457.921630859375,2,788.5277294067603,-1664.7620655151147,307530.7088990382,26.38976701086105,LOSS,309859.5278078474,-0.7515724706885193
2024-09-09,451.3861389160156,445.6551818847656,2,764.0094512745786,764.0094512745786,308294.7183503128,26.33936667597264,WIN,309859.5278078474,-0.5050060808538427
2024-09-10,455.55780029296875,451.3861389160156,2,786.9573164333748,786.9573164333748,309081.67566674616,26.531664201660746,WIN,309859.5278078474,-0.25103379799366066
2024-09-11,465.4504089355469,455.55780029296875,2,801.1797514101298,801.1797514101298,309882.8554181563,26.63256548526094,WIN,309882.8554181563,0.0
2024-09-12,470.019287109375,465.4504089355469,2,804.5155702330492,804.5155702330492,310687.37098838936,26.43273313253613,WIN,310687.37098838936,0.0
2024-09-13,472.12493896484375,470.019287109375,2,820.3649289360667,820.3649289360667,311507.7359173254,26.544641070117034,WIN,311507.7359173254,0.0
2024-09-16,470.03912353515625,472.12493896484375,2,761.280494233737,344.11740829623704,311851.85332562163,25.6653911892631,LOSS,311851.85332562163,0.0
2024-09-17,470.2874450683594,470.03912353515625,2,759.9391792931763,759.9391792931763,312611.7925049148,25.693844295462608,WIN,312611.7925049148,0.0
2024-09-18,468.2513122558594,470.2874450683594,2,739.9173379156648,332.6907754156648,312944.4832803305,25.406599662602286,LOSS,312944.4832803305,0.0
2024-09-19,480.0906982421875,468.2513122558594,2,737.9336270498253,737.9336270498253,313682.41690738034,25.423830164190285,WIN,313682.41690738034,0.0
2024-09-20,479.1769104003906,480.0906982421875,2,826.2393769829638,643.4818086235888,314325.8987160039,26.38339027870053,LOSS,314325.8987160039,0.0
2024-09-23,480.4470520019531,479.1769104003906,2,796.4661144653529,796.4661144653529,315122.3648304693,25.99411939947425,WIN,315122.3648304693,0.0
2024-09-24,482.7645568847656,480.4470520019531,2,787.6080193200041,787.6080193200041,315909.9728497893,25.8431040477714,WIN,315909.9728497893,0.0
2024-09-25,483.2121276855469,482.7645568847656,2,780.6943977705159,780.6943977705159,316690.6672475598,25.696328039131288,WIN,316690.6672475598,0.0
2024-09-26,486.8425598144531,483.2121276855469,2,781.0414845245139,781.0414845245139,317471.7087320843,25.691171709484266,WIN,317471.7087320843,0.0
2024-09-27,484.13714599609375,486.8425598144531,2,771.7493639198153,230.66660024794032,317702.3753323323,25.485201274218475,LOSS,317702.3753323323,0.0
2024-09-30,485.4500732421875,484.13714599609375,2,772.6068190033623,772.6068190033623,318474.98215133563,25.555508502192485,WIN,318474.98215133563,0.0
2024-10-01,478.6865539550781,485.4500732421875,2,762.4872119305065,-590.2166454913685,317884.76550584426,25.389078361662335,LOSS,318474.98215133563,-0.18532590582292693
2024-10-02,479.3628845214844,478.6865539550781,2,654.7756744959045,654.7756744959045,318539.54118034017,24.047536352009764,WIN,318539.54118034017,0.0
2024-10-03,479.00482177734375,479.3628845214844,2,652.6132223690819,581.0006735409569,319120.54185388115,24.00493313340626,LOSS,319120.54185388115,0.0
2024-10-04,484.7040710449219,479.00482177734375,2,653.1391641163387,653.1391641163387,319773.6810179975,24.018926956499836,WIN,319773.6810179975,0.0
2024-10-07,479.5121154785156,484.7040710449219,2,537.617918543837,-500.77319473741295,319272.90782326006,22.336452269591867,LOSS,319773.6810179975,-0.15660237989043785
2024-10-08,486.6734619140625,479.5121154785156,2,551.4658044296492,551.4658044296492,319824.3736276897,22.606905685902348,WIN,319824.3736276897,0.0
2024-10-09,490.50274658203125,486.6734619140625,2,575.6789353175199,575.6789353175199,320400.0525630072,22.82405153076514,WIN,320400.0525630072,0.0
2024-10-10,489.94580078125,490.50274658203125,2,526.4394822497537,415.0503220935037,320815.1028851007,22.09898140257159,LOSS,320815.1028851007,0.0
2024-10-11,490.71160888671875,489.94580078125,2,518.3944847442502,518.3944847442502,321333.49736984493,21.998441896398234,WIN,321333.49736984493,0.0
2024-10-14,494.8294372558594,490.71160888671875,2,518.1995412425629,518.1995412425629,321851.6969110875,21.98489240322865,WIN,321851.6969110875,0.0
2024-10-15,488.21514892578125,494.8294372558594,2,521.1700788790748,-801.6875871365502,321050.0093239509,21.966473271723387,LOSS,321851.6969110875,-0.24908602155297815
2024-10-16,488.2748107910156,488.21514892578125,2,554.9668129247866,554.9668129247866,321604.9761368757,22.518735213992223,WIN,321851.6969110875,-0.0766566641032692
2024-10-17,488.6130065917969,488.2748107910156,2,549.0168771052915,549.0168771052915,322153.993013981,22.437216144965223,WIN,322153.993013981,0.0
2024-10-18,491.8157043457031,488.6130065917969,2,446.98894373372093,446.98894373372093,322600.9819577147,21.05091129360208,WIN,322600.9819577147,0.0
2024-10-21,492.7606201171875,491.8157043457031,2,454.0573492344022,454.0573492344022,323055.0393069491,21.10657008519907,WIN,323055.0393069491,0.0
2024-10-22,493.2976989746094,492.7606201171875,2,454.64239498748265,454.64239498748265,323509.6817019366,21.10271328255499,WIN,323509.6817019366,0.0
2024-10-23,485.7384948730469,493.2976989746094,2,452.4735474846256,-1059.3672728278743,322450.3144291087,21.06698796673848,LOSS,323509.6817019366,-0.3274607632311701
2024-10-24,489.67724609375,485.7384948730469,2,494.3866029366892,494.3866029366892,322944.70103204536,21.732140939510987,WIN,323509.6817019366,-0.17464103915497958
2024-10-25,492.6611328125,489.67724609375,2,500.02204851419947,500.02204851419947,323444.7230805596,21.754112024659843,WIN,323509.6817019366,-0.02007934385001131
2024-10-28,492.74072265625,492.6611328125,2,501.5851140895527,501.5851140895527,323946.3081946491,21.734190018385217,WIN,323946.3081946491,0.0
2024-10-29,497.47515869140625,492.74072265625,2,501.1109563352421,501.1109563352421,324447.4191509844,21.72673735268743,WIN,324447.4191509844,0.0
2024-10-30,493.7154541015625,497.47515869140625,2,474.11458986149074,-277.82632810725926,324169.5928228771,21.303778569670314,LOSS,324447.4191509844,-0.08563061738456407
2024-10-31,481.252685546875,493.7154541015625,2,487.1605031671149,-2005.393207770385,322164.19961510674,21.526560639562938,LOSS,324447.4191509844,-0.7037255965396111
