Date,Stock_Price,Strike,Contracts,Premium,PnL,Capital,VIX,Status,Peak,Drawdown_%
2021-11-11,122.98999786376953,101.73730339050293,2,784.5811700950926,784.5811700950926,50784.581170095094,53.29031894942328,WIN,50784.581170095094,0.0
2021-11-12,129.9499969482422,124.21989784240722,2,957.9632008153504,957.9632008153504,51742.544370910444,53.29031894942328,WIN,51742.544370910444,0.0
2021-11-15,149.36000061035156,131.2494969177246,2,1012.174300225389,1012.174300225389,52754.71867113583,53.29031894942328,WIN,52754.71867113583,0.0
2021-11-16,172.00999450683594,150.85360061645508,2,1163.3578888013328,1163.3578888013328,53918.076559937166,53.29031894942328,WIN,53918.076559937166,0.0
2021-11-17,146.07000732421875,173.7300944519043,2,1339.7776060823937,-4192.239819454718,49725.836740482446,53.29031894942328,LOSS,53918.076559937166,-7.775202839059892
2021-11-18,123.37999725341797,147.53070739746093,2,1137.732288721755,-3692.409740086837,46033.42700039561,53.29031894942328,LOSS,53918.076559937166,-14.6233880408859
2021-11-19,128.60000610351562,124.61379722595215,2,961.0008873761533,961.0008873761533,46994.427887771766,53.29031894942328,WIN,53918.076559937166,-12.841052785829326
2021-11-22,118.11000061035156,129.8860061645508,2,1001.6592862149196,-1353.5418246249264,45640.88606314684,53.29031894942328,LOSS,53918.076559937166,-15.35142020058731
2021-11-23,119.8499984741211,119.29110061645508,2,919.9531360129079,919.9531360129079,46560.83919915975,53.29031894942328,WIN,53918.076559937166,-13.64521479656059
2021-11-24,114.8499984741211,121.04849845886231,2,933.5058960091711,-306.1941009390724,46254.64509822068,53.29031894942328,LOSS,53918.076559937166,-14.213102452194404
2021-11-26,112.12999725341797,115.9984984588623,2,894.5611355630209,120.86089447415452,46375.50599269484,53.29031894942328,LOSS,53918.076559937166,-13.988945912893888
2021-11-29,119.7699966430664,113.25129722595214,2,873.375176372318,873.375176372318,47248.88116906716,53.29031894942328,WIN,53918.076559937166,-12.369127046763815
2021-11-30,119.76000213623047,120.96769660949707,2,932.8827655800337,691.3438709267139,47940.22503999387,53.29031894942328,LOSS,53918.076559937166,-11.086915374843002
2021-12-01,115.69000244140625,120.95760215759277,2,932.8049188451337,-120.71502439217102,47819.5100156017,53.29031894942328,LOSS,53918.076559937166,-11.310801373925297
2021-12-02,110.7699966430664,116.8469024658203,2,901.1038862189675,-314.27727833181257,47505.232737269886,53.29031894942328,LOSS,53918.076559937166,-11.893680620336196
2021-12-03,104.66999816894531,111.87769660949706,2,862.7821967769667,-578.7574913333838,46926.475245936505,53.29031894942328,LOSS,53918.076559937166,-12.96708221078428
2021-12-06,116.77999877929688,105.71669815063477,2,815.2696009176657,815.2696009176657,47741.74484685417,53.29031894942328,WIN,53918.076559937166,-11.455029754663403
2021-12-07,116.18000030517578,117.94779876708985,2,909.5938154722357,556.034123089422,48297.77896994359,53.29031894942328,LOSS,53918.076559937166,-10.423772412849083
2021-12-08,122.12000274658203,117.34180030822753,2,904.9204561036934,904.9204561036934,49202.699426047286,53.29031894942328,WIN,53918.076559937166,-8.745447602620073
2021-12-09,115.4000015258789,123.34120277404786,2,951.1868505297157,-637.0533991040747,48565.646026943214,53.29031894942328,LOSS,53918.076559937166,-9.926968605870073
2021-12-10,114.66000366210938,116.5540015411377,2,1587.3431009624094,1208.5435251567455,49774.18955209996,80.0,LOSS,53918.076559937166,-7.685524544316265
2021-12-13,118.9000015258789,115.80660369873047,2,1393.736685724216,1393.736685724216,51167.92623782418,80.0,WIN,53918.076559937166,-5.100609104732861
2021-12-14,117.13999938964844,120.08900154113769,2,1437.0052268460236,847.2047965481729,52015.13103437235,80.0,LOSS,53918.076559937166,-3.5293275409211504
2021-12-15,115.0,118.31139938354492,2,1305.9304432400336,643.6505665310489,52658.7816009034,75.51136638228246,LOSS,53918.076559937166,-2.335570998408839
2021-12-16,108.87000274658203,116.15,2,1143.0358431014315,-312.9636075821634,52345.81799332124,67.51447345509942,LOSS,53918.076559937166,-2.9160138249148266
2021-12-17,97.69999694824219,109.95870277404785,2,989.2463914608687,-1462.494773700264,50883.32321962097,61.87273768422961,LOSS,53918.076559937166,-5.628452522676063
2021-12-20,89.9800033569336,98.67699691772461,2,819.7212449766635,-919.6774671815394,49963.645752439435,57.267114129131734,LOSS,53918.076559937166,-7.334146653213512
2021-12-21,96.81999969482422,90.87980339050293,2,761.4646856105227,761.4646856105227,50725.11043804996,57.74607438271635,WIN,53918.076559937166,-5.921884320813627
2021-12-22,96.33999633789062,97.78819969177246,2,836.314561921423,546.6738911450556,51271.78432919501,58.90510926889627,LOSS,53918.076559937166,-4.907987078879652
2021-12-23,96.83999633789062,97.30339630126953,2,829.1666347253287,736.4866420495478,52008.27097124456,58.6990199213703,LOSS,53918.076559937166,-3.5420506637873177
2021-12-27,107.08999633789062,97.80839630126954,2,828.2346768045752,828.2346768045752,52836.50564804913,58.34143822192185,WIN,53918.076559937166,-2.005952327853762
2021-12-28,102.87000274658203,108.16089630126953,2,984.6174302032729,-73.56128073422713,52762.94436731491,62.585814038131176,LOSS,53918.076559937166,-2.1423839022487656
2021-12-29,99.33999633789062,103.89870277404785,2,924.9378381067477,13.196550875303046,52776.14091819021,61.24328175726196,LOSS,53918.076559937166,-2.117908713745638
2021-12-30,103.41999816894531,100.33339630126953,2,897.0057257564599,897.0057257564599,53673.146643946675,61.496786087147015,WIN,53918.076559937166,-0.4542630813586588
2021-12-31,103.69000244140625,104.45419815063477,2,941.6428261267381,788.8036842810347,54461.95032822771,61.995397038973856,LOSS,54461.95032822771,0.0
2022-01-03,102.72000122070312,104.72690246582032,2,935.4932565557292,534.1130075322909,54996.06333576,61.44629532402858,LOSS,54996.06333576,0.0
2022-01-04,101.38999938964844,103.74720123291016,2,910.5104623858014,439.0700937334574,55435.13342949346,60.40111642382892,LOSS,55435.13342949346,0.0
2022-01-05,90.01000213623047,102.40389938354492,2,816.0494617427428,-1662.7299877201483,53772.403441773306,55.00785322613068,LOSS,55435.13342949346,-2.9994155057549117
2022-01-06,87.33000183105469,90.91010215759277,2,782.0215064204048,66.00144111278735,53838.40488288609,59.23803537856125,LOSS,55435.13342949346,-2.8803548360503273
2022-01-07,86.27999877929688,88.20330184936523,2,739.2867606748953,354.62614666122386,54193.03102954732,57.76485604336459,LOSS,55435.13342949346,-2.2406411297375843
2022-01-10,81.44000244140625,87.14279876708984,2,721.9107814225248,-418.64848371419396,53774.38254583313,57.114208889833534,LOSS,55435.13342949346,-2.995845379848498
2022-01-11,83.55000305175781,82.25440246582032,2,689.5036938319975,689.5036938319975,54463.886239665124,57.77122033724838,WIN,55435.13342949346,-1.7520426663419824
2022-01-12,86.4800033569336,84.38550308227539,2,702.2167453896457,702.2167453896457,55166.10298505477,57.36342797204423,WIN,55435.13342949346,-0.4853067500610577
2022-01-13,80.30999755859375,87.34480339050293,2,739.4627335301344,-667.498432851702,54498.60455220307,58.32866772708196,LOSS,55435.13342949346,-1.6894139498762732
2022-01-14,79.94999694824219,81.11309753417969,2,701.2262128758152,468.60609568831535,54967.210647891385,59.52464365850008,LOSS,55435.13342949346,-0.8440906563293678
2022-01-18,73.16000366210938,80.74949691772461,2,691.9701082049309,-825.9285429181169,54141.28210497327,59.01892608642581,LOSS,55435.13342949346,-2.3339915401589266
2022-01-19,69.4000015258789,73.89160369873046,2,621.2230106160384,-277.09742395427304,53864.184681018996,57.935865934031966,LOSS,55435.13342949346,-2.8338503964683524
2022-01-20,65.0199966430664,70.0940015411377,2,577.286926038241,-437.5140535760179,53426.67062744298,56.7913301825922,LOSS,55435.13342949346,-3.6230864395861664
2022-01-21,64.51000213623047,65.67019660949707,2,516.8104222569727,284.77152760365277,53711.442155046636,54.345525313855006,LOSS,55435.13342949346,-3.109384189792093
2022-01-24,63.900001525878906,65.15510215759278,2,512.4671053271236,261.446978984349,53972.889134030986,54.3158284275391,LOSS,55435.13342949346,-2.637757330055429
2022-01-25,59.61000061035156,64.5390015411377,2,505.59781393366575,-480.2023722235605,53492.686761807425,54.10637830944843,LOSS,55435.13342949346,-3.503999264575742
2022-01-26,60.27000045776367,60.20610061645508,2,409.15643524783735,409.15643524783735,53901.84319705526,47.171602608550806,WIN,55435.13342949346,-2.765917817061534
2022-01-27,53.939998626708984,60.87270046234131,2,419.614406454431,-966.9259606720334,52934.91723638323,47.82215424549952,LOSS,55435.13342949346,-4.5101653742570775
2022-01-28,57.119998931884766,54.47939861297608,2,399.18102152047084,399.18102152047084,53334.0982579037,50.7207122029563,WIN,55435.13342949346,-3.790078676841302
2022-01-31,65.73999786376953,57.691198921203615,2,433.78878830441533,433.78878830441533,53767.88704620812,52.00309204599389,WIN,55435.13342949346,-3.0075626775677695
2022-02-01,69.62000274658203,66.39739784240723,2,614.8024946789919,614.8024946789919,54382.689540887106,63.629113812785846,WIN,55435.13342949346,-1.8985142156191028
2022-02-02,64.31999969482422,70.31620277404785,2,672.189215321888,-527.0514005228385,53855.638140364266,65.63383420738265,LOSS,55435.13342949346,-2.8492675879243814
2022-02-03,60.36000061035156,64.96319969177246,2,631.2168851651804,-289.4229311189989,53566.21520924527,66.68273712532266,LOSS,55435.13342949346,-3.371360551743272
2022-02-04,60.869998931884766,60.96360061645508,2,571.8331516284132,553.11281471435,54119.32802395962,64.433946200333,LOSS,55435.13342949346,-2.373594729788782
2022-02-07,58.36000061035156,61.478698921203616,2,578.1607142697991,-45.57894790061164,54073.74907605901,64.59650607927568,LOSS,55435.13342949346,-2.4558150566480714
2022-02-08,60.95000076293945,58.94360061645508,2,556.0125511916075,556.0125511916075,54629.76162725061,64.78833224259219,WIN,55435.13342949346,-1.452818370622623
2022-02-09,64.52999877929688,61.559500770568846,2,586.2948046791108,586.2948046791108,55216.05643192973,65.396765542017,WIN,55435.13342949346,-0.3951952200897449
2022-02-10,64.72000122070312,65.17529876708984,2,631.9811391121658,540.9216298348224,55756.97806176455,66.54983320929341,LOSS,55756.97806176455,0.0
2022-02-11,58.849998474121094,65.36720123291016,2,627.6038434756756,-675.836708282138,55081.14135348242,65.91229954735269,LOSS,55756.97806176455,-1.2121114374840758
2022-02-14,62.650001525878906,59.438498458862306,2,578.2521877707616,578.2521877707616,55659.39354125318,66.76323680017512,WIN,55756.97806176455,-0.1750175922433852
2022-02-15,66.29000091552734,63.2765015411377,2,632.779129495609,632.779129495609,56292.17267074879,68.57795416701288,WIN,56292.17267074879,0.0
2022-02-16,66.25,66.95290092468262,2,663.2842813460634,522.7040964095387,56814.87676715833,67.95336868012961,LOSS,56814.87676715833,0.0
2022-02-17,64.73999786376953,66.9125,2,655.0389101726338,220.53848292654118,57035.415250084865,67.17011345930229,LOSS,57035.415250084865,0.0
2022-02-18,66.37000274658203,65.38739784240722,2,629.0335879801602,629.0335879801602,57664.44883806502,66.03856252940423,WIN,57664.44883806502,0.0
2022-02-22,62.38999938964844,67.03370277404785,2,646.1845477869603,-282.5561290929229,57381.8927089721,66.1694483470067,LOSS,57664.44883806502,-0.4900005719059376
2022-02-23,57.529998779296875,63.013899383544924,2,618.6754360285888,-478.104684821021,56903.78802415107,67.3611361361842,LOSS,57664.44883806502,-1.3191157276991576
2022-02-24,63.709999084472656,58.10529876708984,2,574.7949512853978,574.7949512853978,57478.58297543647,67.85696081931056,WIN,57664.44883806502,-0.3223231408150767
2022-02-25,63.43000030517578,64.34709907531739,2,668.4448123732534,485.02505834493206,57963.6080337814,71.16924862930918,LOSS,57963.6080337814,0.0
2022-02-28,67.55999755859375,64.06430030822754,2,628.7231697520787,628.7231697520787,58592.331203533475,67.33348302630411,WIN,58592.331203533475,0.0
2022-03-01,61.90999984741211,68.23559753417969,2,671.7163604048312,-593.4031769486849,57998.92802658479,67.53480566443893,LOSS,58592.331203533475,-1.0127659452349917
2022-03-02,53.560001373291016,62.52909984588623,2,573.5274071486551,-1220.2922873703876,56778.635739214405,63.04611394762292,LOSS,58592.331203533475,-3.0954485460201187
2022-03-03,50.90999984741211,54.095601387023926,2,529.255416726189,-107.86489119617431,56670.770848018234,67.13150188324539,LOSS,58592.331203533475,-3.2795424180005304
2022-03-04,47.38999938964844,51.41909984588623,2,496.1570809542012,-309.66301029335716,56361.10783772488,66.23344396338746,LOSS,58592.331203533475,-3.8080467528386044
2022-03-07,42.43000030517578,47.863899383544926,2,463.7979621871735,-622.9818534866554,55738.12598423822,66.5050523880169,LOSS,58592.331203533475,-4.871294861746563
2022-03-08,42.209999084472656,42.854300308227536,2,431.3474528403205,302.4872080893445,56040.61319232757,69.01364744351926,LOSS,58592.331203533475,-4.355037525887044
2022-03-09,43.95000076293945,42.632099075317385,2,427.91333248249686,427.91333248249686,56468.52652481006,68.82598669235317,WIN,58592.331203533475,-3.6247144209809736
2022-03-10,41.15999984741211,44.38950077056885,2,444.81918300660385,-201.0810016247445,56267.44552318532,68.7155503955655,LOSS,58592.331203533475,-3.9679009737164193
2022-03-11,38.04999923706055,41.57159984588623,2,409.61473951158894,-294.70538225354824,55972.740140931775,67.5959967313504,LOSS,58592.331203533475,-4.470877005220987
2022-03-14,35.83000183105469,38.430499229431156,2,382.68977918249004,-137.4097004928036,55835.33044043897,68.2956853175245,LOSS,58592.331203533475,-4.705395239382862
2022-03-15,37.0,36.18830184936523,2,354.7139131598355,354.7139131598355,56190.04435359881,67.25301520264561,WIN,58592.331203533475,-4.100002168525756
2022-03-16,41.58000183105469,37.37,2,358.0422259023914,358.0422259023914,56548.0865795012,65.7773710526323,WIN,58592.331203533475,-3.488928639707366
2022-03-17,42.130001068115234,41.995801849365236,2,431.5783471971674,431.5783471971674,56979.664926698366,70.42497887279731,WIN,58592.331203533475,-2.7523504248929
2022-03-18,45.599998474121094,42.551301078796385,2,438.69132447637895,438.69132447637895,57418.356251174744,70.64544932289962,WIN,58592.331203533475,-2.0036324349011956
2022-03-21,43.560001373291016,46.055998458862305,2,494.6974471603081,-4.501969953949811,57413.854281220796,73.52817673424104,LOSS,58592.331203533475,-2.0113159830063383
2022-03-22,46.93000030517578,43.995601387023925,2,470.80129392284454,470.80129392284454,57884.65557514364,73.26017258708009,WIN,58592.331203533475,-1.2077956515018446
2022-03-23,45.869998931884766,47.39930030822754,2,520.0810492546686,214.22077398611418,58098.87634912975,75.07217616242265,LOSS,58592.331203533475,-0.8421833442496072
2022-03-24,48.65999984741211,46.32869892120361,2,499.73137156449894,499.73137156449894,58598.60772069425,73.83168394415506,WIN,58598.60772069425,0.0
2022-03-25,46.15999984741211,49.14659984588623,2,511.58077328015247,-85.7392264146714,58512.86849427958,71.31067551751671,LOSS,58598.60772069425,-0.1463161493927273
2022-03-28,45.97999954223633,46.62159984588623,2,488.3236288835045,360.0035681535241,58872.8720624331,71.74432000518226,LOSS,58872.8720624331,0.0
2022-03-29,53.880001068115234,46.43979953765869,2,473.4062333360966,473.4062333360966,59346.2782957692,69.87232951388145,WIN,59346.2782957692,0.0
2022-03-30,52.0099983215332,54.418801078796385,2,618.6762528094479,136.91570135681155,59483.193997126014,77.7207365101003,LOSS,59483.193997126014,0.0
2022-03-31,50.2400016784668,52.530098304748535,2,561.209454694842,103.19012943849441,59586.38412656451,73.14312858497979,LOSS,59586.38412656451,0.0
2022-04-01,46.439998626708984,50.742401695251466,2,539.2143809468212,-321.26623276167516,59265.11789380283,72.76184394591044,LOSS,59586.38412656451,-0.5391604767949878
2022-04-04,46.529998779296875,46.904398612976074,2,500.36256707423206,425.4826003383923,59690.600494141225,73.03712183570903,LOSS,59690.600494141225,0.0
2022-04-05,42.189998626708984,46.99529876708984,2,476.8270786759488,-484.2329494002228,59206.367544741,69.5536366133243,LOSS,59690.600494141225,-0.8112381939393535
2022-04-06,40.099998474121094,42.61189861297608,2,450.2670394762845,-52.11298829471218,59154.254556446285,72.3622987184608,LOSS,59690.600494141225,-0.8985433774411151
2022-04-07,39.97999954223633,40.500998458862306,2,429.3162068953919,325.1164235701964,59479.37098001648,72.585704821016,LOSS,59690.600494141225,-0.35387399754083176
2022-04-08,38.79999923706055,40.37979953765869,2,421.1017388759372,105.14167875630835,59584.51265877279,71.43923309445067,LOSS,59690.600494141225,-0.177729549527402
2022-04-11,39.5,39.18799922943115,2,399.9004426979511,399.9004426979511,59984.41310147074,69.9437396668427,WIN,59984.41310147074,0.0
2022-04-12,38.150001525878906,39.895,2,400.0951630368359,51.09546821261654,60035.508569683356,68.76822459374716,LOSS,60035.508569683356,0.0
2022-04-13,41.150001525878906,38.53150154113769,2,387.8621577047772,387.8621577047772,60423.37072738813,69.01808297387382,WIN,60423.37072738813,0.0
2022-04-14,40.59000015258789,41.561501541137694,2,400.8926596582496,206.59238194828885,60629.96310933642,66.21001869113377,LOSS,60629.96310933642,0.0
2022-04-18,38.22999954223633,40.99590015411377,2,395.53366601924887,-157.6464563562394,60472.31665298018,66.22577113047524,LOSS,60629.96310933642,-0.26001410568558364
2022-04-19,39.150001525878906,38.61229953765869,2,364.2308879365494,364.2308879365494,60836.547540916734,64.78879254402327,WIN,60836.547540916734,0.0
2022-04-20,36.22999954223633,39.5415015411377,2,371.6162672537244,-290.6841325265497,60545.863408390185,64.55567435009809,LOSS,60836.547540916734,-0.47781168438436405
2022-04-21,33.7599983215332,36.59229953765869,2,338.99404971260054,-227.46619351249677,60318.39721487769,63.66014510092912,LOSS,60836.547540916734,-0.851708959471367
2022-04-22,33.61000061035156,34.09759830474854,2,321.07745885456444,223.5579199751695,60541.955134852855,64.67787480963756,LOSS,60836.547540916734,-0.4842359041918766
2022-04-25,33.900001525878906,33.94610061645508,2,309.89080257756865,300.67098446233456,60842.62611931519,62.75710943079232,LOSS,60842.62611931519,0.0
2022-04-26,30.68000030517578,34.2390015411377,2,311.23849670683296,-400.5617504855501,60442.06436882964,62.498354333392975,LOSS,60842.62611931519,-0.6583571026339777
2022-04-27,31.219999313354492,30.98680030822754,2,291.3393877125203,291.3393877125203,60733.40375654216,64.5818333516072,WIN,60842.62611931519,-0.17951618748151535
2022-04-28,32.18000030517578,31.53219930648804,2,230.2434078910724,230.2434078910724,60963.647164433234,50.55141734679573,WIN,60963.647164433234,0.0
2022-04-29,30.239999771118164,32.50180030822754,2,243.83313458172717,-208.52697284014744,60755.12019159309,51.88947133332268,LOSS,60963.647164433234,-0.34205134131444126
2022-05-02,31.739999771118164,30.542399768829345,2,231.68513740076548,231.68513740076548,60986.805328993854,52.44760428064059,WIN,60986.805328993854,0.0
2022-05-03,31.989999771118164,32.05739976882935,2,247.30052151019288,233.82052196795593,61220.62585096181,53.30682029807741,LOSS,61220.62585096181,0.0
2022-05-04,33.91999816894531,32.30989976882935,2,249.8064532989622,249.8064532989622,61470.43230426077,53.42220906337909,WIN,61470.43230426077,0.0
2022-05-05,30.709999084472656,34.25919815063477,2,262.9065063795233,-446.9333068528988,61023.49899740787,53.037846591037315,LOSS,61470.43230426077,-0.7270703818068358
2022-05-06,28.790000915527344,31.017099075317383,2,248.86630073175436,-196.5533312262534,60826.945666181615,55.372542782858105,LOSS,61470.43230426077,-1.0468230236190392
2022-05-09,22.780000686645508,29.077900924682616,2,237.36052092986756,-1022.2195266775541,59804.72613950406,56.303797237205195,LOSS,61470.43230426077,-2.709768098769744
2022-05-10,22.790000915527344,23.007800693511964,2,230.73083929662235,187.17088369969832,59991.89702320376,68.76601980238189,LOSS,61470.43230426077,-2.4052788074414235
2022-05-11,20.600000381469727,23.017900924682618,2,229.57038730369695,-254.0097213388813,59737.88730186488,68.39982273276914,LOSS,61470.43230426077,-2.8185014118988083
2022-05-12,24.299999237060547,20.806000385284424,2,212.08903472036772,212.08903472036772,59949.97633658525,69.87013073627543,WIN,61470.43230426077,-2.473475312731995
2022-05-13,26.700000762939453,24.542999229431153,2,282.26717296266406,282.26717296266406,60232.243509547916,78.60342105617738,WIN,61470.43230426077,-2.0142835316078167
2022-05-16,24.860000610351562,26.96700077056885,2,324.5531755644189,-96.84685647903825,60135.39665306888,80.0,LOSS,61470.43230426077,-2.1718338413236724
2022-05-17,27.489999771118164,25.108600616455078,2,303.1047829770948,303.1047829770948,60438.501436045975,80.0,WIN,61470.43230426077,-1.678743469880021
2022-05-18,27.290000915527344,27.764899768829345,2,348.33853535561514,253.35876469521492,60691.86020074119,80.0,LOSS,61470.43230426077,-1.2665798406392792
2022-05-19,29.610000610351562,27.562900924682616,2,342.0075861038016,342.0075861038016,61033.86778684499,80.0,WIN,61470.43230426077,-0.7102024518957603
2022-05-20,28.920000076293945,29.906100616455078,2,375.91602363134314,178.6959155991167,61212.5637024441,80.0,LOSS,61470.43230426077,-0.41950022498669826
2022-05-23,27.989999771118164,29.209200077056884,2,367.5703745914138,123.7303134036697,61336.29401584777,80.0,LOSS,61470.43230426077,-0.21821595096168234
2022-05-24,26.530000686645508,28.269899768829347,2,356.3253950621598,8.345578625391909,61344.63959447316,80.0,LOSS,61470.43230426077,-0.20463937713171057
2022-05-25,27.25,26.79530069351196,2,332.14824804199617,332.14824804199617,61676.78784251516,80.0,WIN,61676.78784251516,0.0
2022-05-26,29.229999542236328,27.5225,2,341.64229604562973,341.64229604562973,62018.43013856079,80.0,WIN,62018.43013856079,0.0
2022-05-27,30.959999084472656,29.522299537658693,2,371.16169526786246,371.16169526786246,62389.59183382865,80.0,WIN,62389.59183382865,0.0
2022-05-31,31.399999618530273,31.269599075317384,2,392.44887802302645,392.44887802302645,62782.040711851674,80.0,WIN,62782.040711851674,0.0
2022-06-01,30.25,31.713999614715576,2,395.82894587942315,103.02902293630802,62885.06973478798,80.0,LOSS,62885.06973478798,0.0
2022-06-02,31.940000534057617,30.552500000000002,2,382.9174289103818,382.9174289103818,63267.987163698366,80.0,WIN,63267.987163698366,0.0
2022-06-03,30.190000534057617,32.25940053939819,2,403.7300705746734,-10.149930493441786,63257.837233204926,80.0,LOSS,63267.987163698366,-0.0160427586658933
2022-06-06,28.979999542236328,30.491900539398195,2,374.9849151751997,72.60471574282639,63330.44194894775,80.0,LOSS,63330.44194894775,0.0
2022-06-07,29.719999313354492,29.26979953765869,2,357.3589623643426,357.3589623643426,63687.80091131209,80.0,WIN,63687.80091131209,0.0
2022-06-08,29.799999237060547,30.01719930648804,2,309.3823029658245,265.94228908032625,63953.74320039242,70.62627815224872,LOSS,63953.74320039242,0.0
2022-06-09,28.8700008392334,30.097999229431153,2,310.1295811530579,64.52990311350703,64018.273103505926,70.60729771839446,LOSS,64018.273103505926,0.0
2022-06-10,28.360000610351562,29.15870084762573,2,286.3583149419067,126.61826748707301,64144.891370993,67.37852307473153,LOSS,64144.891370993,0.0
2022-06-13,26.809999465942383,28.64360061645508,2,242.04250747700033,-124.67772262553873,64020.21364836746,58.222606959183686,LOSS,64144.891370993,-0.19436890446106025
2022-06-14,27.299999237060547,27.078099460601806,2,220.62872135274753,220.62872135274753,64240.84236972021,56.20324087152017,WIN,64240.84236972021,0.0
2022-06-15,29.079999923706055,27.572999229431154,2,216.05613664267545,216.05613664267545,64456.898506362886,54.11838838615953,WIN,64456.898506362886,0.0
2022-06-16,26.420000076293945,29.370799922943114,2,217.4709783280172,-372.6889910018166,64084.20951536107,51.236006816358284,LOSS,64456.898506362886,-0.5781987648149473
2022-06-17,26.239999771118164,26.684200077056886,2,212.52098217462975,123.68092098688538,64207.89043634796,54.97692716851807,LOSS,64456.898506362886,-0.38631717595029114
2022-06-21,29.06999969482422,26.502399768829346,2,197.8919097057454,197.8919097057454,64405.782346053704,51.65432120001086,WIN,64456.898506362886,-0.07930285430059338
2022-06-22,28.559999465942383,29.36069969177246,2,240.74334446391896,80.6032992979035,64486.385645351605,56.548249458792505,LOSS,64486.385645351605,0.0
2022-06-23,29.469999313354492,28.845599460601807,2,235.16680236668773,235.16680236668773,64721.55244771829,56.23490655000135,WIN,64721.55244771829,0.0
2022-06-24,29.5,29.764699306488037,2,238.2323518555727,185.2924905579653,64906.844938276256,55.241176592440716,LOSS,64906.844938276256,0.0
2022-06-27,28.440000534057617,29.795,2,237.68118356342578,-33.31870962505113,64873.52622865121,55.063218277585214,LOSS,64906.844938276256,-0.05133312157867534
2022-06-28,26.989999771118164,28.724400539398193,2,222.88133685342606,-123.99881680257968,64749.52741184863,53.60744053665792,LOSS,64906.844938276256,-0.2423743236591322
2022-06-29,26.270000457763672,27.259899768829346,2,208.7487798719395,10.768917658804696,64760.29632950743,52.92883539659765,LOSS,64906.844938276256,-0.22578298006656716
2022-06-30,25.739999771118164,26.53270046234131,2,203.10163541476882,44.561497170139575,64804.857826677566,52.909082121339424,LOSS,64906.844938276256,-0.1571284379878199
2022-07-01,25.700000762939453,25.997399768829347,2,197.8233168040416,138.34351562606292,64943.201342303626,52.605674723568825,LOSS,64943.201342303626,0.0
2022-07-05,26.860000610351562,25.957000770568847,2,190.34094962532427,190.34094962532427,65133.54229192895,50.75906465776894,WIN,65133.54229192895,0.0
2022-07-06,29.65999984741211,27.128600616455078,2,199.8812360730436,199.8812360730436,65333.42352800199,50.992765259689435,WIN,65333.42352800199,0.0
2022-07-07,31.6299991607666,29.95659984588623,2,239.49844321284584,239.49844321284584,65572.92197121483,55.18099760753845,WIN,65572.92197121483,0.0
2022-07-08,31.989999771118164,31.94629915237427,2,262.159763097746,262.159763097746,65835.08173431258,56.59337080222266,WIN,65835.08173431258,0.0
2022-07-11,29.93000030517578,32.30989976882935,2,265.22457420601955,-210.7553185246935,65624.32641578789,56.610120433796524,LOSS,65835.08173431258,-0.32012615914297676
2022-07-12,30.149999618530273,30.22930030822754,2,254.24622507437294,238.38608713491968,65862.7125029228,57.958369778202325,LOSS,65862.7125029228,0.0
2022-07-13,30.760000228881836,30.451499614715576,2,255.32492825982135,255.32492825982135,66118.03743118263,57.78503052908173,WIN,66118.03743118263,0.0
2022-07-14,30.829999923706055,31.067600231170655,2,254.04081302447094,206.52075153155093,66324.55818271419,56.39809724199259,LOSS,66324.55818271419,0.0
2022-07-15,31.600000381469727,31.138299922943116,2,254.46923658390065,254.46923658390065,66579.02741929809,56.36598217185509,WIN,66579.02741929809,0.0
2022-07-18,31.799999237060547,31.916000385284423,2,254.76687783555408,231.56664819077878,66810.59406748887,55.097967567480644,LOSS,66810.59406748887,0.0
2022-07-19,31.709999084472656,32.117999229431156,2,235.68092914995998,154.08090015826002,66964.67496764712,50.79271689212924,LOSS,66964.67496764712,0.0
2022-07-20,32.7400016784668,32.02709907531738,2,234.7453388190748,234.7453388190748,67199.4203064662,50.736696446770566,WIN,67199.4203064662,0.0
2022-07-21,34.130001068115234,33.06740169525146,2,219.57938094549885,219.57938094549885,67418.99968741169,46.13230065572482,WIN,67418.99968741169,0.0
2022-07-22,32.47999954223633,34.47130107879639,2,230.30532639133864,-167.95498092067308,67251.04470649101,46.40430820996713,LOSS,67418.99968741169,-0.2491211404788022
2022-07-25,32.16999816894531,32.80479953765869,2,225.6539623658138,98.69368862313866,67349.73839511415,47.72446659665979,LOSS,67418.99968741169,-0.10273260151985153
2022-07-26,31.690000534057617,32.49169815063477,2,224.00276136372233,63.66323804829213,67413.40163316244,47.827789395328075,LOSS,67418.99968741169,-0.008303377794393952
2022-07-27,32.0099983215332,32.006900539398195,2,217.46641881638976,217.46641881638976,67630.86805197883,47.16111824742713,WIN,67630.86805197883,0.0
2022-07-28,33.845001220703125,32.33009830474854,2,210.8283967655538,210.8283967655538,67841.69644874439,45.3357183275822,WIN,67841.69644874439,0.0
2022-07-29,34.29999923706055,34.18345123291016,2,224.77200067279242,224.77200067279242,68066.46844941718,45.69876553225756,WIN,68066.46844941718,0.0
2022-08-01,34.810001373291016,34.642999229431155,2,224.4341548480392,224.4341548480392,68290.90260426523,45.05090617388819,WIN,68290.90260426523,0.0
2022-08-02,35.0099983215332,35.158101387023926,2,226.9219996395609,197.30138654141632,68488.20399080664,44.889539506884695,LOSS,68488.20399080664,0.0
2022-08-03,36.59000015258789,35.36009830474853,2,225.78377599696609,225.78377599696609,68713.9877668036,44.42818074833238,WIN,68713.9877668036,0.0
2022-08-04,36.18000030517578,36.95590015411377,2,211.1713529138763,55.991383126278464,68769.97914992989,39.94471170794894,LOSS,68769.97914992989,0.0
2022-08-05,35.66999816894531,36.541800308227536,2,197.91576603125304,23.5553381748083,68793.53448810469,37.95393367689856,LOSS,68793.53448810469,0.0
2022-08-08,38.09000015258789,36.026698150634765,2,196.6768042968943,196.6768042968943,68990.21129240158,38.241522358058916,WIN,68990.21129240158,0.0
2022-08-09,36.70000076293945,38.47090015411377,2,201.6651847311689,-152.51469350369467,68837.69659889789,36.79066617775372,LOSS,68990.21129240158,-0.22106714945006653
2022-08-10,37.400001525878906,37.067000770568846,2,203.55964241810213,203.55964241810213,69041.25624131599,38.45844914028244,WIN,69041.25624131599,0.0
2022-08-11,38.95000076293945,37.77400154113769,2,207.35524674917133,207.35524674917133,69248.61148806516,38.44306119601673,WIN,69248.61148806516,0.0
2022-08-12,38.900001525878906,39.33950077056885,2,219.38049839420293,131.48064945621476,69380.09213752138,39.02581532396286,LOSS,69380.09213752138,0.0
2022-08-15,37.279998779296875,39.289001541137694,2,219.03207170072707,-182.76848066743665,69197.32365685394,39.01445476446759,LOSS,69380.09213752138,-0.2634307263604715
2022-08-16,38.22999954223633,37.65279876708984,2,219.75755230819667,219.75755230819667,69417.08120916213,40.76157681203266,WIN,69417.08120916213,0.0
2022-08-17,36.41999816894531,38.61229953765869,2,225.80789819166634,-212.65237555100973,69204.42883361112,40.83948499862347,LOSS,69417.08120916213,-0.3063401281743118
2022-08-18,35.900001525878906,36.784198150634765,2,223.51516026618984,46.67583531501808,69251.10466892614,42.36470569403343,LOSS,69417.08120916213,-0.239100430823192
2022-08-19,34.45000076293945,36.25900154113769,2,216.69556634184514,-145.10458929780273,69106.00007962834,41.69621241282155,LOSS,69417.08120916213,-0.44813340479768415
2022-08-22,33.060001373291016,34.794500770568845,2,205.47021409154658,-141.42966536401937,68964.57041426432,41.22139411798634,LOSS,69417.08120916213,-0.6518724023188773
2022-08-23,32.209999084472656,33.39060138702393,2,202.4548138773608,-33.6656466328935,68930.90476763142,42.27676877717964,LOSS,69417.08120916213,-0.7003700430241409
2022-08-24,32.560001373291016,32.53209907531738,2,198.64541388053283,198.64541388053283,69129.55018151195,42.56341816913593,WIN,69417.08120916213,-0.41420789039489875
2022-08-25,32.900001525878906,32.885601387023925,2,200.84526182080086,200.84526182080086,69330.39544333275,42.57181104073617,WIN,69417.08120916213,-0.12487670803702279
2022-08-26,32.11000061035156,33.2290015411377,2,193.16097091072777,-30.63921524649942,69299.75622808625,40.605275992637004,LOSS,69417.08120916213,-0.16901456965955064
2022-08-29,32.310001373291016,32.431100616455076,2,189.32667086492668,165.10682223211458,69464.86305031837,40.77087581301871,LOSS,69464.86305031837,0.0
2022-08-30,31.889999389648438,32.63310138702393,2,189.76737079045384,41.14697131535584,69506.01002163372,40.61968423127847,LOSS,69506.01002163372,0.0
2022-08-31,32.709999084472656,32.208899383544924,2,187.29245954771406,187.29245954771406,69693.30248118142,40.61800417570146,WIN,69693.30248118142,0.0
2022-09-01,31.950000762939453,33.037099075317386,2,187.02624894405594,-30.39341353153057,69662.90906764989,39.59033219406492,LOSS,69693.30248118142,-0.04361023577515586
2022-09-02,32.06999969482422,32.26950077056885,2,183.60048378209774,143.70026863317213,69806.60933628306,39.78072772315941,LOSS,69806.60933628306,0.0
2022-09-06,33.220001220703125,32.39069969177246,2,184.30401437767517,184.30401437767517,69990.91335066073,39.78360642521822,WIN,69990.91335066073,0.0
2022-09-07,33.25,33.55220123291016,2,177.87285148060522,117.4326048985738,70108.3459555593,37.18720617154772,LOSS,70108.3459555593,0.0
2022-09-08,36.880001068115234,33.5825,2,174.52679161029033,174.52679161029033,70282.87274716959,36.489625979926714,WIN,70282.87274716959,0.0
2022-09-09,37.54999923706055,37.24880107879639,2,237.15956851800692,237.15956851800692,70520.0323156876,44.30549108333191,WIN,70520.0323156876,0.0
2022-09-12,38.7400016784668,37.92549922943115,2,236.85030671773356,236.85030671773356,70756.88262240533,43.492083807971554,WIN,70756.88262240533,0.0
2022-09-13,38.7599983215332,39.127401695251464,2,247.82918578032005,174.34851103666782,70931.23113344201,44.085025374816496,LOSS,70931.23113344201,0.0
2022-09-14,40.099998474121094,39.147598304748534,2,241.63349838309833,241.63349838309833,71172.86463182511,43.005903714840215,WIN,71172.86463182511,0.0
2022-09-15,39.689998626708984,40.500998458862306,2,251.7574004084568,89.55743397779256,71262.42206580291,43.29789541143167,LOSS,71262.42206580291,0.0
2022-09-16,39.2599983215332,40.08689861297607,2,240.42504545079356,75.04498716221991,71337.46705296513,41.838319611451084,LOSS,71337.46705296513,0.0
2022-09-19,37.939998626708984,39.65259830474854,2,237.37832166961326,-105.14161393829724,71232.32543902684,41.763858869167706,LOSS,71337.46705296513,-0.14738624495908917
2022-09-20,35.75,38.31939861297607,2,227.35483388208513,-286.5248887131295,70945.80055031371,41.40779929558703,LOSS,71337.46705296513,-0.5490333745107988
2022-09-21,35.099998474121094,36.1075,2,220.45635880700067,18.956053631219078,70964.75660394493,42.55954416818383,LOSS,71337.46705296513,-0.5224610074022975
2022-09-22,33.33000183105469,35.45099845886231,2,215.1632229617415,-209.03610259978268,70755.72050134515,42.31742606514246,LOSS,71337.46705296513,-0.8154852921650068
2022-09-23,33.560001373291016,33.66330184936523,2,212.71701512350322,192.05691990865975,70947.7774212538,43.985186643772465,LOSS,71337.46705296513,-0.5462622206953315
2022-09-26,33.849998474121094,33.89560138702392,2,214.04152203994315,204.92093945937725,71152.69836071318,43.95692687630349,LOSS,71337.46705296513,-0.2590065219371562
2022-09-27,33.790000915527344,34.188498458862306,2,213.94316102641326,134.2436523594209,71286.9420130726,43.57629693763975,LOSS,71337.46705296513,-0.07082539089173787
2022-09-28,35.08000183105469,34.12790092468262,2,213.60263531065607,213.60263531065607,71500.54464838326,43.58386826768515,WIN,71500.54464838326,0.0
2022-09-29,32.310001373291016,35.43080184936523,2,224.39978341489672,-399.76031179994635,71100.78433658331,44.08210363447003,LOSS,71500.54464838326,-0.5591010722587447
2022-09-30,32.90999984741211,32.63310138702393,2,222.90027869394677,222.90027869394677,71323.68461527726,47.402524744983445,WIN,71500.54464838326,-0.24735480544342917
2022-10-03,31.889999389648438,33.23909984588623,2,226.28301051471533,-43.53708073284315,71280.14753454442,47.25047274555693,LOSS,71500.54464838326,-0.30824536361602073
2022-10-04,36.29999923706055,32.208899383544924,2,221.83388387337314,221.83388387337314,71501.9814184178,47.782320610692956,WIN,71501.9814184178,0.0
2022-10-05,36.130001068115234,36.66299922943115,2,295.20114779977496,188.6015155365917,71690.58293395439,55.56110847459382,LOSS,71690.58293395439,0.0
2022-10-06,36.7599983215332,36.49130107879639,2,294.0030219285271,294.0030219285271,71984.58595588291,55.594856628210266,WIN,71984.58595588291,0.0
2022-10-07,33.95000076293945,37.12759830474854,2,272.4709398262146,-363.0485685356025,71621.53738734731,50.79806466258805,LOSS,71984.58595588291,-0.5043420945118684
2022-10-10,31.479999542236328,34.28950077056885,2,263.64220436256505,-298.2580413039393,71323.27934604337,53.13587467950567,LOSS,71984.58595588291,-0.9186780767827569
2022-10-11,32.33000183105469,31.79479953765869,2,250.40042773792788,250.40042773792788,71573.6797737813,54.38379662228217,WIN,71984.58595588291,-0.5708252352155488
2022-10-12,32.349998474121094,32.653301849365235,2,259.57395534663823,198.91328029781,71772.59305407912,54.87734410818767,LOSS,71984.58595588291,-0.29449763305399634
2022-10-13,32.5,32.673498458862305,2,256.0692021016142,221.36951032915323,71993.96256440827,54.12792498560376,LOSS,71993.96256440827,0.0
2022-10-14,28.709999084472656,32.825,2,257.6511871859374,-565.348995919532,71428.61356848874,54.208240851949405,LOSS,71993.96256440827,-0.7852727864697653
2022-10-17,30.700000762939453,28.997099075317383,2,246.81830647767376,246.81830647767376,71675.43187496641,58.63469509759111,WIN,71993.96256440827,-0.44244083544768414
2022-10-18,31.639999389648438,31.007000770568848,2,274.32157318273465,274.32157318273465,71949.75344814915,60.874390339194335,WIN,71993.96256440827,-0.061406699512578065
2022-10-19,31.5,31.956399383544923,2,280.6303709468813,189.3504942378967,72139.10394238704,60.43734538684138,LOSS,72139.10394238704,0.0
2022-10-20,30.729999542236328,31.815,2,279.0481720112809,62.04808045854625,72201.15202284559,60.36585193269475,LOSS,72201.15202284559,0.0
2022-10-21,31.920000076293945,31.03729953765869,2,269.1838564885843,269.1838564885843,72470.33587933418,59.71084251977895,WIN,72470.33587933418,0.0
2022-10-24,31.34000015258789,32.239200077056886,2,282.3873168134246,102.5473319196256,72572.88321125381,60.2867988880806,LOSS,72572.88321125381,0.0
2022-10-25,34.4900016784668,31.65340015411377,2,277.5481855068594,277.5481855068594,72850.43139676067,60.34841894827508,WIN,72850.43139676067,0.0
2022-10-26,34.439998626708984,34.83490169525147,2,323.8762397676237,244.8956260591271,73095.3270228198,63.883155903849676,LOSS,73095.3270228198,0.0
2022-10-27,34.5,34.78439861297608,2,321.0820504256463,264.202327830431,73359.52935065022,63.436697113870196,LOSS,73359.52935065022,0.0
2022-10-28,34.47999954223633,34.845,2,309.39541513526325,236.3953235825291,73595.92467423275,61.08887570782898,LOSS,73595.92467423275,0.0
2022-10-31,34.970001220703125,34.82479953765869,2,308.88548256084755,308.88548256084755,73904.8101567936,61.02546192669216,WIN,73904.8101567936,0.0
2022-11-01,33.47999954223633,35.319701232910155,2,310.95025440612056,-56.99008372864489,73847.82007306496,60.58572832835247,LOSS,73904.8101567936,-0.07711282067802148
2022-11-02,31.520000457763672,33.81479953765869,2,264.56135954166353,-194.39845643734077,73653.42161662762,54.03853536782614,LOSS,73904.8101567936,-0.34015179747115626
2022-11-03,32.2400016784668,31.83520046234131,2,254.95316889771433,254.95316889771433,73908.37478552533,55.2724070768823,WIN,73908.37478552533,0.0
2022-11-04,31.989999771118164,32.56240169525147,2,261.3308174128441,146.85043258618362,74055.22521811152,55.38603227806379,LOSS,74055.22521811152,0.0
2022-11-07,31.31999969482422,32.30989976882935,2,248.49797483795473,50.51796003692917,74105.74317814845,53.151662906104974,LOSS,74105.74317814845,0.0
2022-11-08,31.850000381469727,31.63319969177246,2,233.13862847365226,233.13862847365226,74338.8818066221,51.00710215749654,WIN,74338.8818066221,0.0
2022-11-09,28.06999969482422,32.168500385284425,2,236.12116285542223,-583.578975236619,73755.30283138547,50.80718290405994,LOSS,74338.8818066221,-0.7850252264416496
2022-11-10,32.959999084472656,28.350699691772462,2,232.52051138676978,232.52051138676978,73987.82334277224,56.56207480727844,WIN,74338.8818066221,-0.4722407108073862
2022-11-11,34.900001525878906,33.28959907531738,2,327.22515241429716,327.22515241429716,74315.04849518654,67.43844611924354,WIN,74338.8818066221,-0.03206035772445493
2022-11-14,34.380001068115234,35.249001541137694,2,324.53326099253303,150.733166388041,74465.78166157458,63.277995823926275,LOSS,74465.78166157458,0.0
2022-11-15,35.150001525878906,34.723801078796384,2,314.28983499895827,314.28983499895827,74780.07149657354,62.237555047990995,WIN,74780.07149657354,0.0
2022-11-16,33.31999969482422,35.50150154113769,2,320.7330005342331,-115.56736872846159,74664.50412784508,62.12541981934724,LOSS,74780.07149657354,-0.15454300379179672
2022-11-17,32.06999969482422,33.653199691772464,2,309.69942322727485,-6.940576162374214,74657.5635516827,63.249909601957086,LOSS,74780.07149657354,-0.16382432169304592
2022-11-18,30.34000015258789,32.39069969177246,2,299.60760842005544,-110.53229941685868,74547.03125226585,63.56475999639531,LOSS,74780.07149657354,-0.31163415552279483
2022-11-21,28.420000076293945,30.64340015411377,2,286.0863779969474,-158.5936375670176,74388.43761469884,64.14050892394744,LOSS,74780.07149657354,-0.5237142383484449
2022-11-22,28.940000534057617,28.704200077056885,2,273.0004610754862,273.0004610754862,74661.43807577432,65.30848182193799,WIN,74780.07149657354,-0.15864309624878392
2022-11-23,29.709999084472656,29.229400539398192,2,262.13525587151116,262.13525587151116,74923.57333164584,61.68353474561495,WIN,74923.57333164584,0.0
2022-11-25,29.530000686645508,30.007099075317385,2,270.80511133217345,175.3854335977981,75098.95876524363,62.06096074767632,LOSS,75098.95876524363,0.0
2022-11-28,28.639999389648438,29.825300693511963,2,269.0718258472685,32.01156507456341,75130.97033031819,62.04021732315535,LOSS,75130.97033031819,0.0
2022-11-29,28.850000381469727,28.926399383544922,2,261.7271618012412,246.44736138620212,75377.4176917044,62.216861132707685,LOSS,75377.4176917044,0.0
2022-11-30,32.040000915527344,29.138500385284424,2,263.255084473922,263.255084473922,75640.67277617831,62.12717721258989,WIN,75640.67277617831,0.0
2022-12-01,31.479999542236328,32.360400924682615,2,311.4562667020075,135.37599021275008,75776.04876639106,66.06866872711305,LOSS,75776.04876639106,0.0
2022-12-02,31.360000610351562,31.79479953765869,2,301.04498046735813,214.08519500593258,75990.13396139699,65.0249095297326,LOSS,75990.13396139699,0.0
2022-12-05,29.530000686645508,31.67360061645508,2,299.19124901101196,-129.52873695090233,75860.60522444609,64.87596473959977,LOSS,75990.13396139699,-0.17045467641457643
2022-12-06,27.889999389648438,29.825300693511963,2,286.51959794973175,-100.54066282297333,75760.06456162312,65.94831627691906,LOSS,75990.13396139699,-0.3027621979068311
2022-12-07,27.940000534057617,28.16889938354492,2,273.9303178545264,228.15054795706547,75988.21510958018,66.73642034182585,LOSS,75990.13396139699,-0.0025251328255102602
2022-12-08,28.579999923706055,28.219400539398194,2,273.86513597011356,273.86513597011356,76262.0802455503,66.60472847490999,WIN,76262.0802455503,0.0
2022-12-09,27.290000915527344,28.865799922943115,2,260.89457957311697,-54.26522191003721,76207.81502364026,62.15107005400749,LOSS,76262.0802455503,-0.07115623090180276
2022-12-12,25.610000610351562,27.562900924682616,2,199.9258308259328,-190.65423204027786,76017.16079159998,50.22800519605061,LOSS,76262.0802455503,-0.32115496084256473
2022-12-13,24.959999084472656,25.86610061645508,2,183.09657232120048,1.8762659247160514,76019.03705752469,49.06019158262076,LOSS,76262.0802455503,-0.31869467400187834
2022-12-14,24.540000915527344,25.20959907531738,2,178.65659025285476,44.7369582948472,76063.77401581954,49.11508611591637,LOSS,76262.0802455503,-0.26003254709581974
2022-12-15,23.969999313354492,24.785400924682616,2,172.96513956655227,9.884817300927523,76073.65883312047,48.39132572909964,LOSS,76262.0802455503,-0.24707090578062804
2022-12-16,22.479999542236328,24.209699306488037,2,166.70764249421703,-179.23231035612477,75894.42652276435,47.77322261951879,LOSS,76262.0802455503,-0.4820924391285581
2022-12-19,22.030000686645508,22.70479953765869,2,159.16389966099257,24.20412945835605,75918.63065222271,48.6026607909085,LOSS,76262.0802455503,-0.4503543467759387
2022-12-20,21.399999618530273,22.250300693511964,2,153.60444911840096,-16.45576587793707,75902.17488634477,47.890076850651546,LOSS,76262.0802455503,-0.4719322604978737
2022-12-21,21.030000686645508,21.613999614715578,2,145.5588714952956,28.759085881281607,75930.93397222605,46.76103105690328,LOSS,76262.0802455503,-0.4342214010659289
2022-12-22,19.729999542236328,21.240300693511962,2,141.2867372365654,-160.7734930185614,75770.1604792075,46.208898945689285,LOSS,76262.0802455503,-0.6450384840787347
2022-12-23,19.139999389648438,19.92729953765869,2,132.63018307195304,-24.82984653009757,75745.3306326774,46.2348127415447,LOSS,76262.0802455503,-0.6775970589958399
2022-12-27,17.739999771118164,19.331399383544923,2,128.506092941808,-189.7738295435438,75555.55680313386,46.180226558915926,LOSS,76262.0802455503,-0.9264413456091911
2022-12-28,17.739999771118164,17.917399768829345,2,122.68932608973522,87.20932654749909,75642.76612968136,47.51609259118417,LOSS,76262.0802455503,-0.8120865754970997
2022-12-29,18.729999542236328,17.917399768829345,2,122.15159161808246,122.15159161808246,75764.91772129944,47.31559770649763,WIN,76262.0802455503,-0.6519131430064394
2022-12-30,18.43000030517578,18.917299537658693,2,109.80784912158774,12.348002625005478,75777.26572392444,40.54917562287705,LOSS,76262.0802455503,-0.6357216064193896
2023-01-03,17.34000015258789,18.614300308227538,2,108.09766081962402,-146.7623703083054,75630.50335361614,40.56662096784207,LOSS,76262.0802455503,-0.8281663572519913
2023-01-04,17.709999084472656,17.51340015411377,2,102.48628076354808,102.48628076354808,75732.98963437969,40.86484340289592,WIN,76262.0802455503,-0.6937794110349943
2023-01-05,16.559999465942383,17.887099075317384,2,106.87562379897018,-158.54429807602992,75574.44533630366,41.687440000961445,LOSS,76262.0802455503,-0.9016734227975147
2023-01-06,16.399999618530273,16.725599460601806,2,100.95993328905433,35.83996487474775,75610.2853011784,42.09655813050522,LOSS,76262.0802455503,-0.8546776356915963
2023-01-09,16.6200008392334,16.563999614715577,2,99.23243662860258,99.23243662860258,75709.51773780701,41.79324884363011,WIN,76262.0802455503,-0.7245573500803277
2023-01-10,16.450000762939453,16.786200847625732,2,99.24808995027344,32.00807301301761,75741.52581082002,41.269701755029374,LOSS,76262.0802455503,-0.6825861988739174
2023-01-11,17.079999923706055,16.61450077056885,2,97.97575890000331,97.97575890000331,75839.50156972003,41.16630127747547,WIN,76262.0802455503,-0.5541137541352703
2023-01-12,17.579999923706055,17.250799922943116,2,105.02610966844128,105.02610966844128,75944.52767938847,42.4435163651265,WIN,76262.0802455503,-0.4163964123970494
2023-01-13,16.450000762939453,17.755799922943115,2,111.53946276583584,-149.6203692348966,75794.90731015358,43.73735282022514,LOSS,76262.0802455503,-0.6125887648127488
2023-01-17,16.93000030517578,16.61450077056885,2,107.38684981143996,107.38684981143996,75902.29415996502,44.95040537514487,WIN,76262.0802455503,-0.47177586085618267
2023-01-18,16.5,17.09930030822754,2,113.54655971975171,-6.313501925756441,75895.98065803926,46.13272510891008,LOSS,76262.0802455503,-0.48005455179331985
2023-01-19,15.789999961853027,16.665,2,107.85715610116458,-67.14285152822978,75828.83780651103,45.008093772306566,LOSS,76262.0802455503,-0.5680968020336009
2023-01-20,16.229999542236328,15.947899961471558,2,104.19829759554626,104.19829759554626,75933.03610410658,45.41956249789668,WIN,76262.0802455503,-0.4314649435004386
2023-01-23,18.100000381469727,16.39229953765869,2,109.19128779444742,109.19128779444742,76042.22739190102,46.271089560998064,WIN,76262.0802455503,-0.2882859383607087
2023-01-24,18.049999237060547,18.281000385284425,2,141.93991655798854,95.73968691321284,76137.96707881422,53.64109322519983,LOSS,76262.0802455503,-0.16274558251814375
2023-01-25,18.690000534057617,18.230499229431153,2,137.68705757916223,137.68705757916223,76275.6541363934,52.22633049514303,WIN,76275.6541363934,0.0
2023-01-26,18.309999465942383,18.876900539398193,2,143.3145888176507,29.934374126488706,76305.58851051988,52.49017742330855,LOSS,76305.58851051988,0.0
2023-01-27,19.829999923706055,18.493099460601808,2,134.00736459213653,134.00736459213653,76439.59587511202,50.18060593830218,WIN,76439.59587511202,0.0
2023-01-30,18.040000915527344,20.028299922943116,2,153.46514116157175,-244.19466032158277,76195.40121479044,52.96017435656592,LOSS,76439.59587511202,-0.3194609515211787
2023-01-31,19.399999618530273,18.220400924682618,2,146.4288289287557,146.4288289287557,76341.8300437192,55.45947050325404,WIN,76439.59587511202,-0.12789946136365893
2023-02-01,19.709999084472656,19.593999614715575,2,163.478432861279,163.478432861279,76505.30847658047,57.50878037488163,WIN,76505.30847658047,0.0
2023-02-02,20.8799991607666,19.907099075317383,2,161.21599015509574,161.21599015509574,76666.52446673556,55.872897063403315,WIN,76666.52446673556,0.0
2023-02-03,19.899999618530273,21.088799152374268,2,173.83864078793113,-63.92126598086773,76602.60320075469,56.83994917558628,LOSS,76666.52446673556,-0.0833757189666313
2023-02-06,20.219999313354492,20.098999614715577,2,162.81600458331684,162.81600458331684,76765.41920533801,55.888161264550746,WIN,76765.41920533801,0.0
2023-02-07,19.90999984741211,20.422199306488036,2,164.9282076817746,62.48831586658932,76827.9075212046,55.72265745602562,LOSS,76827.9075212046,0.0
2023-02-08,20.079999923706055,20.10909984588623,2,163.24252477593294,157.4225403398977,76985.3300615445,56.002675797444766,LOSS,76985.3300615445,0.0
2023-02-09,19.420000076293945,20.280799922943114,2,164.09882009206672,-8.061149237767012,76977.26891230674,55.8256097360549,LOSS,76985.3300615445,-0.010471019909014391
2023-02-10,18.850000381469727,19.614200077056886,2,159.84893892162418,7.008999804192371,76984.27791211093,56.21518500784301,LOSS,76985.3300615445,-0.0013666882154414934
2023-02-13,18.920000076293945,19.038500385284426,2,155.99836385906568,132.2983020609696,77116.5762141719,56.51035052047655,LOSS,77116.5762141719,0.0
2023-02-14,19.489999771118164,19.109200077056887,2,150.7228890176686,150.7228890176686,77267.29910318957,54.463537263109565,WIN,77267.29910318957,0.0
2023-02-15,21.149999618530273,19.684899768829347,2,155.31400881284645,155.31400881284645,77422.61311200241,54.48061328420659,WIN,77422.61311200241,0.0
2023-02-16,20.68000030517578,21.361499614715576,2,174.0347143243061,37.73485241634705,77460.34796441876,56.19826258169693,LOSS,77460.34796441876,0.0
2023-02-17,20.219999313354492,20.88680030822754,2,167.6878052323769,34.3276062577676,77494.67557067653,55.40521636488852,LOSS,77494.67557067653,0.0
2023-02-21,19.079999923706055,20.422199306488036,2,165.2991785235888,-103.14069803280745,77391.53487264372,55.84400965983709,LOSS,77494.67557067653,-0.13309391551518496
2023-02-22,19.020000457763672,19.270799922943116,2,147.03118498907563,96.87129195318681,77488.4061645969,52.74188705155957,LOSS,77494.67557067653,-0.008090112041184596
2023-02-23,18.18000030517578,19.21020046234131,2,146.57524734163377,-59.46478409147173,77428.94138050544,52.744119823532415,LOSS,77494.67557067653,-0.08482413751269785
2023-02-24,17.31999969482422,18.36180030822754,2,141.25870393493375,-67.10141874573051,77361.8399617597,53.164999613747916,LOSS,77494.67557067653,-0.17141256213876832
2023-02-27,18.450000762939453,17.49319969177246,2,136.57239309088695,136.57239309088695,77498.41235485059,53.92721839302278,WIN,77498.41235485059,0.0
2023-02-28,19.299999237060547,18.63450077056885,2,142.21529493288904,142.21529493288904,77640.62764978348,52.755835241813266,WIN,77640.62764978348,0.0
2023-03-01,15.760000228881836,19.492999229431152,2,140.4240215384538,-606.1757785714095,77034.45187121206,49.89650947796617,LOSS,77640.62764978348,-0.780745592765832
2023-03-02,15.720000267028809,15.917600231170654,2,140.89967410915494,101.37968128078579,77135.83155249285,60.905997900407016,LOSS,77640.62764978348,-0.6501700367076272
2023-03-03,16.920000076293945,15.877200269699097,2,140.03745006957863,140.03745006957863,77275.86900256242,60.69367678216666,WIN,77640.62764978348,-0.4698038362935239
2023-03-06,17.1299991607666,17.089200077056883,2,153.1290833199747,153.1290833199747,77428.9980858824,61.63257192120185,WIN,77640.62764978348,-0.27257580252401375
2023-03-07,14.640000343322754,17.301299152374266,2,153.9302036712432,-378.3295581390593,77050.66852774334,61.208058699810735,LOSS,77640.62764978348,-0.7598587748430955
2023-03-08,15.130000114440918,14.78640034675598,2,144.76341899824743,144.76341899824743,77195.43194674159,67.17561445336602,WIN,77640.62764978348,-0.5734055951351223
2023-03-09,14.529999732971191,15.281300115585328,2,151.137223009689,0.8771464868617045,77196.30909322845,67.84386454579752,LOSS,77640.62764978348,-0.5722758432083104
2023-03-10,14.15999984741211,14.675299730300903,2,145.34003306049186,42.2800564827331,77238.58914971119,67.93325137427652,LOSS,77640.62764978348,-0.5178197449481982
2023-03-13,13.729999542236328,14.30159984588623,2,141.484554651665,27.164493921684652,77265.75364363287,67.8611004359972,LOSS,77640.62764978348,-0.48283227158024655
2023-03-14,13.210000038146973,13.867299537658692,2,137.20975053876066,5.749850636416824,77271.50349426929,67.87155107069654,LOSS,77640.62764978348,-0.4754265475276835
2023-03-15,13.029999732971191,13.342100038528443,2,132.1461266861768,69.7260655747265,77341.22955984401,67.93812212038353,LOSS,77640.62764978348,-0.385620388451743
2023-03-16,13.460000038146973,13.160299730300903,2,128.99194127848446,128.99194127848446,77470.22150112249,67.25102179239619,WIN,77640.62764978348,-0.21948064282741722
2023-03-17,13.010000228881836,13.594600038528442,2,127.84687988640806,10.926917957086758,77481.14841907957,64.59647544994161,LOSS,77640.62764978348,-0.2054069313082726
2023-03-20,13.020000457763672,13.140100231170655,2,123.67851981582999,99.65856513443346,77580.80698421401,64.65029805584356,LOSS,77640.62764978348,-0.07704814783221743
2023-03-21,13.609999656677246,13.150200462341308,2,124.06385161059646,124.06385161059646,77704.87083582461,64.79775775227289,WIN,77704.87083582461,0.0
2023-03-22,13.289999961853027,13.746099653244018,2,131.30272238032822,40.08278410213008,77744.95361992673,65.58357971348572,LOSS,77744.95361992673,0.0
2023-03-23,13.710000038146973,13.422899961471558,2,128.16540735639526,128.16540735639526,77873.11902728313,65.55863914061919,WIN,77873.11902728313,0.0
2023-03-24,13.619999885559082,13.847100038528442,2,132.9885230916146,87.56849249774262,77960.68751978087,65.93144737377554,LOSS,77960.68751978087,0.0
2023-03-27,13.3100004196167,13.756199884414674,2,131.23599790394528,41.99610494435041,78002.68362472522,65.50432281888806,LOSS,78002.68362472522,0.0
2023-03-28,12.960000038146973,13.443100423812867,2,124.29817252991225,27.67809539673341,78030.36172012196,63.54097345333662,LOSS,78030.36172012196,0.0
2023-03-29,14.239999771118164,13.089600038528442,2,118.47944446202882,118.47944446202882,78148.841164584,62.23944263390274,WIN,78148.841164584,0.0
2023-03-30,14.399999618530273,14.382399768829346,2,115.7291191401682,115.7291191401682,78264.57028372417,55.52659344729276,WIN,78264.57028372417,0.0
2023-03-31,15.479999542236328,14.543999614715576,2,117.22045251063405,117.22045251063405,78381.7907362348,55.61432923103083,WIN,78381.7907362348,0.0
2023-04-03,15.229999542236328,15.634799537658692,2,125.81063745214303,44.85063836767027,78426.64137460248,55.5282959039938,LOSS,78426.64137460248,0.0
2023-04-04,15.380000114440918,15.382299537658692,2,123.67050235924204,123.21061771568715,78549.85199231816,55.48125716620986,LOSS,78549.85199231816,0.0
2023-04-05,14.630000114440918,15.533800115585327,2,102.37984613007873,-78.38015409880316,78471.47183821935,45.80108904118556,LOSS,78549.85199231816,-0.09978396153626277
2023-04-06,14.470000267028809,14.776300115585327,2,99.08091300116317,37.82094328985947,78509.29278150921,46.566775471971546,LOSS,78549.85199231816,-0.05163499329434026
2023-04-10,14.8100004196167,14.614700269699096,2,96.32263057628985,96.32263057628985,78605.6154120855,45.80125751335303,WIN,78605.6154120855,0.0
2023-04-11,14.739999771118164,14.958100423812866,2,98.26684762474723,54.64671708580691,78660.26212917131,45.65875755186579,LOSS,78660.26212917131,0.0
2023-04-12,14.1899995803833,14.887399768829345,2,96.48416413742254,-42.99587355178639,78617.26625561953,45.067225080942734,LOSS,78660.26212917131,-0.05466022155021721
2023-04-13,14.369999885559082,14.331899576187134,2,92.82858907210245,92.82858907210245,78710.09484469163,45.04139293455412,WIN,78710.09484469163,0.0
2023-04-14,13.380000114440918,14.513699884414674,2,93.66606058296306,-133.0738934117881,78577.02095127985,44.884866367992004,LOSS,78710.09484469163,-0.16906839418039182
2023-04-17,13.729999542236328,13.513800115585328,2,91.83061839731909,91.83061839731909,78668.85156967716,47.16753958490523,WIN,78710.09484469163,-0.05239896495595045
2023-04-18,13.430000305175781,13.867299537658692,2,93.5154915249877,6.0556450284055785,78674.90721470557,46.82199773384767,LOSS,78710.09484469163,-0.04470535838572014
2023-04-19,12.819999694824219,13.564300308227539,2,92.11136500964317,-56.74875767102084,78618.15845703454,47.13679802405626,LOSS,78710.09484469163,-0.11680380748935967
2023-04-20,12.350000381469727,12.94819969177246,2,87.94602950525115,-31.69383255529563,78586.46462447925,47.146307486290134,LOSS,78710.09484469163,-0.1570703484175955
2023-04-21,12.25,12.473500385284424,2,85.41518520614147,40.715108149256594,78627.17973262852,47.51766677739427,LOSS,78710.09484469163,-0.10534241157594798
2023-04-24,12.359999656677246,12.3725,2,83.54068313775817,81.04061447320728,78708.22034710173,46.87897241181071,LOSS,78710.09484469163,-0.0023815211931853273
2023-04-25,12.0,12.483599653244019,2,84.4622327466215,-12.257697902182258,78695.96264919954,46.97069110487442,LOSS,78710.09484469163,-0.017954743314655006
2023-04-26,12.039999961853027,12.120000000000001,2,82.26149241679641,66.26148478740168,78762.22413398695,47.11362915548297,LOSS,78762.22413398695,0.0
2023-04-27,12.670000076293945,12.160399961471558,2,82.09865374247615,82.09865374247615,78844.32278772943,46.87353195464384,WIN,78844.32278772943,0.0
2023-04-28,12.819999694824219,12.796700077056885,2,78.51748641408419,78.51748641408419,78922.84027414351,42.76132658805536,WIN,78922.84027414351,0.0
2023-05-01,12.649999618530273,12.94819969177246,2,79.47045164274104,19.83043699430364,78942.67071113782,42.773399573737805,LOSS,78942.67071113782,0.0
2023-05-02,12.680000305175781,12.776499614715576,2,70.03976686256573,50.73990495460686,78993.41061609243,38.3933403994953,LOSS,78993.41061609243,0.0
2023-05-03,12.8100004196167,12.806800308227539,2,70.32019619264528,70.32019619264528,79063.73081228507,38.45297585659743,WIN,79063.73081228507,0.0
2023-05-04,12.949999809265137,12.938100423812866,2,71.06183874899958,71.06183874899958,79134.79265103406,38.46366086819887,WIN,79134.79265103406,0.0
2023-05-05,13.40999984741211,13.079499807357788,2,69.8585393113104,69.8585393113104,79204.65119034538,37.452387208038445,WIN,79204.65119034538,0.0
2023-05-08,13.869999885559082,13.544099845886231,2,74.62330364493756,74.62330364493756,79279.27449399032,38.57860841505501,WIN,79279.27449399032,0.0
2023-05-09,13.859999656677246,14.008699884414673,2,78.1925500098408,48.45250446235541,79327.72699845268,39.060003972969,LOSS,79327.72699845268,0.0
2023-05-10,14.109999656677246,13.99859965324402,2,78.13627359795782,78.13627359795782,79405.86327205064,39.06005178420385,WIN,79405.86327205064,0.0
2023-05-11,13.84000015258789,14.251099653244019,2,78.16183560779133,-4.058064523434311,79401.80520752721,38.4113540163075,LOSS,79405.86327205064,-0.005110535111905087
2023-05-12,12.90999984741211,13.97840015411377,2,76.90745828663715,-136.77260305369487,79265.03260447351,38.52666366670428,LOSS,79405.86327205064,-0.17735550219337604
2023-05-15,13.4399995803833,13.03909984588623,2,71.42744166500783,71.42744166500783,79336.46004613853,38.366760420819006,WIN,79405.86327205064,-0.08740315016075709
2023-05-16,13.079999923706055,13.574399576187133,2,75.8234062049057,-23.056524291310012,79313.40352184721,39.08706982848473,LOSS,79405.86327205064,-0.11643944967471234
2023-05-17,13.40999984741211,13.210799922943115,2,74.10804647830392,74.10804647830392,79387.51156832551,39.246675836509525,WIN,79405.86327205064,-0.02311127033812997
2023-05-18,13.539999961853027,13.544099845886231,2,73.77592655488274,72.95594974824193,79460.46751807375,38.16064624643289,LOSS,79460.46751807375,0.0
2023-05-19,13.470000267028809,13.675399961471557,2,72.07925535470119,30.999316466151484,79491.46683453991,36.982429724688195,LOSS,79491.46683453991,0.0
2023-05-22,14.229999542236328,13.604700269699096,2,71.60142842533364,71.60142842533364,79563.06826296524,36.93077747863784,WIN,79563.06826296524,0.0
2023-05-23,14.199999809265137,14.37229953765869,2,79.5517859951507,45.09184031643987,79608.16010328168,38.748448094172545,LOSS,79608.16010328168,0.0
2023-05-24,14.380000114440918,14.341999807357789,2,77.41972928581362,77.41972928581362,79685.5798325675,37.83345348191909,WIN,79685.5798325675,0.0
2023-05-25,14.569999694824219,14.523800115585328,2,78.36937335254504,78.36937335254504,79763.94920592004,37.81885656092834,WIN,79763.94920592004,0.0
2023-05-26,15.140000343322754,14.71569969177246,2,76.24675842751222,76.24675842751222,79840.19596434756,36.385170229053955,WIN,79840.19596434756,0.0
2023-05-30,14.869999885559082,15.291400346755982,2,80.89014566714177,-3.389946572238145,79836.80601777532,37.110610039446286,LOSS,79840.19596434756,-0.0042459146439833085
2023-05-31,14.729999542236328,15.018699884414673,2,79.81861013086109,22.078541695192143,79858.88455947052,37.27564728232697,LOSS,79858.88455947052,0.0
2023-06-01,14.579999923706055,14.877299537658692,2,79.52296841863722,20.063045628109833,79878.94760509863,37.4803412878353,LOSS,79878.94760509863,0.0
2023-06-02,14.479999542236328,14.725799922943116,2,79.19971323684429,30.03963709548671,79908.98724219411,37.701069615598044,LOSS,79908.98724219411,0.0
2023-06-05,14.34000015258789,14.624799537658692,2,78.9062931713344,21.9464161571741,79930.93365835128,37.81517217553772,LOSS,79930.93365835128,0.0
2023-06-06,14.5,14.48340015411377,2,76.98170814403818,76.98170814403818,80007.91536649532,37.279341959816165,WIN,80007.91536649532,0.0
2023-06-07,13.819999694824219,14.645,2,76.33938202175383,-88.66067901340233,79919.25468748192,36.59452276707637,LOSS,80007.91536649532,-0.11081488451144389
2023-06-08,14.050000190734863,13.95819969177246,2,76.35385739157445,76.35385739157445,79995.6085448735,38.31489806831898,WIN,80007.91536649532,-0.015382005099681881
2023-06-09,13.869999885559082,14.190500192642212,2,77.55244017289297,13.452378756267052,80009.06092362976,38.28093516678052,LOSS,80009.06092362976,0.0
2023-06-12,14.0,14.008699884414673,2,76.24949278549288,74.50951590255826,80083.57043953231,38.133391456529026,LOSS,80083.57043953231,0.0
2023-06-13,15.25,14.14,2,69.04328091580604,69.04328091580604,80152.61372044812,34.39112755239032,WIN,80152.61372044812,0.0
2023-06-14,14.739999771118164,15.4025,2,85.3863435351727,-47.11370224119446,80105.50001820692,38.80583858487291,LOSS,80152.61372044812,-0.05877999488016816
2023-06-15,15.239999771118164,14.887399768829345,2,83.28381544827562,83.28381544827562,80188.7838336552,39.14374468862064,WIN,80188.7838336552,0.0
2023-06-16,14.880000114440918,15.392399768829346,2,86.73622447027155,-15.74370640741408,80173.04012724778,39.416007725434014,LOSS,80188.7838336552,-0.019633302383132954
2023-06-20,15.699999809265137,15.028800115585327,2,85.9936735828877,85.9936735828877,80259.03380083066,39.996692516478745,WIN,80259.03380083066,0.0
2023-06-21,14.619999885559082,15.856999807357788,2,94.10452303643449,-153.29546132330665,80105.73833950736,41.41728934045856,LOSS,80259.03380083066,-0.1910008806033183
2023-06-22,14.149999618530273,14.766199884414673,2,91.41892752192152,-31.821125654958465,80073.9172138524,43.13098168690361,LOSS,80259.03380083066,-0.23064891042376381
2023-06-23,13.529999732971191,14.291499614715576,2,89.85208017387329,-62.44789617500366,80011.4693176774,43.77235039357568,LOSS,80259.03380083066,-0.30845684458101863
2023-06-26,13.449999809265137,13.665299730300903,2,87.82819798456376,44.76821377741042,80056.23753145481,44.707602378933856,LOSS,80259.03380083066,-0.25267718756632546
2023-06-27,13.9399995803833,13.584499807357789,2,87.02558365179355,87.02558365179355,80143.2631151066,44.56827974728827,WIN,80259.03380083066,-0.14424629881709006
2023-06-28,14.640000343322754,14.079399576187134,2,89.93362578127048,89.93362578127048,80233.19674088787,44.44377132882889,WIN,80259.03380083066,-0.032192089437438204
2023-06-29,16.010000228881836,14.78640034675598,2,97.42849755026266,97.42849755026266,80330.62523843814,45.78961248218694,WIN,80330.62523843814,0.0
2023-06-30,16.65999984741211,16.170100231170654,2,116.50597568346559,116.50597568346559,80447.1312141216,49.90457159968186,WIN,80447.1312141216,0.0
2023-07-03,19.559999465942383,16.826599845886232,2,122.30617852886834,122.30617852886834,80569.43739265048,50.329426991767185,WIN,80569.43739265048,0.0
2023-07-05,20.43000030517578,19.755599460601807,2,174.81729456838912,174.81729456838912,80744.25468721887,60.88718144692737,WIN,80744.25468721887,0.0
2023-07-06,21.6200008392334,20.63430030822754,2,182.5188950925474,182.5188950925474,80926.77358231142,60.8632158837117,WIN,80926.77358231142,0.0
2023-07-07,24.700000762939453,21.836200847625733,2,194.71710966925087,194.71710966925087,81121.49069198067,61.342592681081015,WIN,81121.49069198067,0.0
2023-07-10,25.510000228881836,24.94700077056885,2,232.92771417737234,232.92771417737234,81354.41840615805,64.14662665647909,WIN,81354.41840615805,0.0
2023-07-11,24.850000381469727,25.765100231170656,2,240.2769078359425,57.25693789575655,81411.6753440538,64.07160979333648,LOSS,81411.6753440538,0.0
2023-07-12,25.90999984741211,25.098500385284424,2,235.74422733972216,235.74422733972216,81647.41957139352,64.51979364440638,WIN,81647.41957139352,0.0
2023-07-13,25.520000457763672,26.16909984588623,2,245.261101910424,115.44122428591245,81762.86079567943,64.38219344025018,LOSS,81762.86079567943,0.0
2023-07-14,24.81999969482422,25.77520046234131,2,239.74610879643294,48.70595529301468,81811.56675097244,63.90962219594259,LOSS,81811.56675097244,0.0
2023-07-17,23.989999771118164,25.06819969177246,2,232.27474547429892,16.634761343439806,81828.20151231588,63.67104400087659,LOSS,81828.20151231588,0.0
2023-07-18,24.690000534057617,24.229899768829345,2,228.8109859286468,228.8109859286468,82057.01249824453,64.8576306666894,WIN,82057.01249824453,0.0
2023-07-19,24.829999923706055,24.936900539398195,2,232.41192092485323,211.03179778642516,82268.04429603094,64.03371116372033,LOSS,82268.04429603094,0.0
2023-07-20,25.809999465942383,25.078299922943117,2,233.1947439325716,233.1947439325716,82501.23903996352,63.89118921478601,WIN,82501.23903996352,0.0
2023-07-21,25.270000457763672,26.068099460601807,2,229.87966632407824,70.25986575645112,82571.49890571997,60.682948321557916,LOSS,82571.49890571997,0.0
2023-07-24,25.809999465942383,25.52270046234131,2,223.28274035740486,223.28274035740486,82794.78164607738,60.2151089311538,WIN,82794.78164607738,0.0
2023-07-25,25.350000381469727,26.068099460601807,2,219.70056232087796,76.08074649446178,82870.86239257184,58.07432973194235,LOSS,82870.86239257184,0.0
2023-07-26,27.149999618530273,25.603500385284423,2,217.38292973996982,217.38292973996982,83088.2453223118,58.49127921467671,WIN,83088.2453223118,0.0
2023-07-27,26.049999237060547,27.421499614715575,2,234.89673199963423,-39.403343531371405,83048.84197878043,58.99761042302615,LOSS,83088.2453223118,-0.04742348737601133
2023-07-28,26.940000534057617,26.31049922943115,2,232.80011600417518,232.80011600417518,83281.6420947846,60.881726186819414,WIN,83281.6420947846,0.0
2023-07-31,27.639999389648438,27.209400539398192,2,234.595891122855,234.595891122855,83516.23798590746,59.36983050891929,WIN,83516.23798590746,0.0
2023-08-01,27.299999237060547,27.91639938354492,2,240.42197928099088,117.14194998411617,83633.37993589157,59.30532276249834,LOSS,83633.37993589157,0.0
2023-08-02,25.90999984741211,27.572999229431154,2,199.92262762730456,-132.67724877650443,83500.70268711507,50.209482358467824,LOSS,83633.37993589157,-0.15864150041311256
2023-08-03,26.5,26.16909984588623,2,196.12029736822402,196.12029736822402,83696.8229844833,51.83738942539409,WIN,83696.8229844833,0.0
2023-08-04,25.260000228881836,26.765,2,196.8990374776429,-104.10091674599002,83592.72206773731,50.91708179881189,LOSS,83696.8229844833,-0.12437857619193575
2023-08-07,24.280000686645508,25.512600231170655,2,156.519923724421,-89.99998518060843,83502.7220825567,42.756278049717054,LOSS,83696.8229844833,-0.23190952177787666
2023-08-08,24.799999237060547,24.522800693511964,2,151.35749710729323,151.35749710729323,83654.079579664,43.00418054168186,WIN,83696.8229844833,-0.051069327717755394
2023-08-09,22.350000381469727,25.047999229431152,2,154.27731473484928,-385.3224548574359,83268.75712480657,42.91836242495489,LOSS,83696.8229844833,-0.511448158260549
2023-08-10,21.90999984741211,22.573500385284422,2,152.3034147416485,19.603307167185932,83288.36043197375,46.84472804810698,LOSS,83696.8229844833,-0.4880263526672604
2023-08-11,21.56999969482422,22.12909984588623,2,149.47541065001934,37.655380437617,83326.01581241137,46.89615974470136,LOSS,83696.8229844833,-0.4430361378718944
2023-08-14,21.559999465942383,21.78569969177246,2,146.5502959028581,101.4102507368425,83427.4260631482,46.71046956980871,LOSS,83696.8229844833,-0.3218723384339663
2023-08-15,20.780000686645508,21.775599460601807,2,145.1755632727135,-53.94419151854635,83373.48187162966,46.3095605107407,LOSS,83696.8229844833,-0.38632423707837016
2023-08-16,21.040000915527344,20.987800693511964,2,139.33252739295284,139.33252739295284,83512.81439902261,46.121484643268204,WIN,83696.8229844833,-0.21985133831758635
2023-08-17,20.950000762939453,21.250400924682616,2,141.4637850112701,81.38375266263756,83594.19815168524,46.243436692719385,LOSS,83696.8229844833,-0.12261496809393024
2023-08-18,20.780000686645508,21.159500770568847,2,136.92951896180418,61.029502177136266,83655.22765386237,45.002918996392665,LOSS,83696.8229844833,-0.04969762189018587
2023-08-21,21.18000030517578,20.987800693511964,2,135.58907779852572,135.58907779852572,83790.81673166089,44.92992589145294,WIN,83790.81673166089,0.0
2023-08-22,20.079999923706055,21.391800308227538,2,137.977641134244,-124.38243577005258,83666.43429589084,44.86077598346053,LOSS,83790.81673166089,-0.1484439949647272
2023-08-23,20.31999969482422,20.280799922943114,2,133.62819725481793,133.62819725481793,83800.06249314566,45.78854665999508,WIN,83800.06249314566,0.0
2023-08-24,19.639999389648438,20.52319969177246,2,124.05101403896639,-52.589046385838415,83747.47344675982,42.15118167815129,LOSS,83800.06249314566,-0.06275537848213321
2023-08-25,20.06999969482422,19.836399383544922,2,119.30032652733182,119.30032652733182,83866.77377328715,41.949324545647464,WIN,83866.77377328715,0.0
2023-08-28,20.530000686645508,20.27069969177246,2,119.97460847649744,119.97460847649744,83986.74838176364,41.31072806073979,WIN,83986.74838176364,0.0
2023-08-29,22.309999465942383,20.735300693511963,2,122.26048008071399,122.26048008071399,84109.00886184436,41.16125984094399,WIN,84109.00886184436,0.0
2023-08-30,22.8799991607666,22.533099460601807,2,151.59118825287433,151.59118825287433,84260.60005009723,46.71438493579895,WIN,84260.60005009723,0.0
2023-08-31,22.729999542236328,23.108799152374267,2,153.98324888367833,78.2233268560905,84338.82337695333,46.286256289888094,LOSS,84338.82337695333,0.0
2023-09-01,23.309999465942383,22.95729953765869,2,151.43607458229476,151.43607458229476,84490.25945153562,45.83879744133251,WIN,84490.25945153562,0.0
2023-09-05,23.389999389648438,23.543099460601805,2,153.77533007840452,123.15531588773095,84613.41476742335,45.406087984116986,LOSS,84613.41476742335,0.0
2023-09-06,23.260000228881836,23.623899383544924,2,151.75957932593897,78.97974839332144,84692.39451581668,44.68681809684123,LOSS,84692.39451581668,0.0
2023-09-07,23.420000076293945,23.492600231170655,2,149.87303972297002,135.353008747628,84827.7475245643,44.390201681822425,LOSS,84827.7475245643,0.0
2023-09-08,23.100000381469727,23.654200077056885,2,129.19930729413247,18.359368176700826,84846.106892741,38.26027371245364,LOSS,84846.106892741,0.0
2023-09-11,23.40999984741211,23.331000385284423,2,126.84506057582232,126.84506057582232,84972.95195331682,38.09164168910313,WIN,84972.95195331682,0.0
2023-09-12,23.579999923706055,23.64409984588623,2,127.8358876863185,115.01590325028323,85087.9678565671,37.89063362534078,LOSS,85087.9678565671,0.0
2023-09-13,23.25,23.815799922943114,2,128.7129431595142,15.552958570891377,85103.52081513799,37.8762518434371,LOSS,85103.52081513799,0.0
2023-09-14,24.110000610351562,23.4825,2,123.38510541648841,123.38510541648841,85226.90592055448,36.87299660828093,WIN,85226.90592055448,0.0
2023-09-15,24.18000030517578,24.351100616455078,2,130.36754889813312,96.1474866422738,85323.05340719676,37.536496937601314,LOSS,85323.05340719676,0.0
2023-09-18,23.709999084472656,24.42180030822754,2,130.43351161419932,-11.926733136777187,85311.12667405998,37.451002543579776,LOSS,85323.05340719676,-0.013978324333816804
2023-09-19,22.739999771118164,23.947099075317382,2,129.15102325556006,-112.26883758428357,85198.8578364757,37.80050349297322,LOSS,85323.05340719676,-0.14555921964998808
2023-09-20,22.399999618530273,22.967399768829345,2,128.6341162306364,15.154086170822012,85214.01192264652,39.187017970881726,LOSS,85323.05340719676,-0.12779838530841994
2023-09-21,21.530000686645508,22.623999614715576,2,119.83514157435273,-98.96464403966085,85115.04727860686,37.156733213801154,LOSS,85323.05340719676,-0.24378655039126207
2023-09-22,20.59000015258789,21.745300693511965,2,119.50886840086605,-111.55123978394874,85003.49603882291,38.48637757975871,LOSS,85323.05340719676,-0.374526409467308
2023-09-25,21.1299991607666,20.79590015411377,2,116.13242293513876,116.13242293513876,85119.62846175805,39.07788598483413,WIN,85323.05340719676,-0.23841732956728012
2023-09-26,22.260000228881836,21.34129915237427,2,119.58031081299289,119.58031081299289,85239.20877257104,39.20377736290226,WIN,85323.05340719676,-0.09826726925203948
2023-09-27,23.049999237060547,22.482600231170654,2,130.68882091263032,130.68882091263032,85369.89759348368,40.60436515579552,WIN,85369.89759348368,0.0
2023-09-28,23.079999923706055,23.280499229431154,2,120.77280715051106,80.67294600549121,85450.57053948917,36.42794880647769,LOSS,85450.57053948917,0.0
2023-09-29,24.280000686645508,23.310799922943115,2,119.3349801913098,119.3349801913098,85569.90551968048,35.97084064362785,WIN,85569.90551968048,0.0
2023-10-02,23.65999984741211,24.522800693511964,2,132.21277544252908,-40.34739377744194,85529.55812590304,37.788759308974065,LOSS,85569.90551968048,-0.04715138287509281
2023-10-03,21.690000534057617,23.896599845886232,2,129.47893468890982,-311.8409276768132,85217.71719822624,37.9683126984516,LOSS,85569.90551968048,-0.4115796544536863
2023-10-04,23.690000534057617,21.906900539398194,2,133.25256533562722,133.25256533562722,85350.96976356186,42.406690742831415,WIN,85569.90551968048,-0.25585602179759936
2023-10-05,18.270000457763672,23.926900539398194,2,162.70961695880064,-968.6703993681036,84382.29936419376,47.20066225923943,LOSS,85569.90551968048,-1.3878783063673923
2023-10-06,18.920000076293945,18.45270046234131,2,180.20825870768095,180.20825870768095,84562.50762290145,67.01292718775379,WIN,85569.90551968048,-1.1772805995997475
2023-10-09,18.780000686645508,19.109200077056887,2,188.3882683709568,122.54839028868105,84685.05601319013,67.63124688307003,LOSS,85569.90551968048,-1.0340662422337785
2023-10-10,19.639999389648438,18.967800693511965,2,186.57819665198005,186.57819665198005,84871.63420984212,67.48470062775775,WIN,85569.90551968048,-0.8160244020343937
2023-10-11,19.3700008392334,19.836399383544922,2,197.5771997977245,104.29749093541975,84975.93170077754,68.31148678053202,LOSS,85569.90551968048,-0.6941386873055914
2023-10-12,19.329999923706055,19.563700847625732,2,194.8578133666726,148.1176285827371,85124.04932936028,68.31038810772614,LOSS,85569.90551968048,-0.5210432191229455
2023-10-13,19.299999237060547,19.523299922943114,2,192.65847971835004,147.99834254183668,85272.04767190211,67.69550978125041,LOSS,85569.90551968048,-0.348087152801482
2023-10-16,19.65999984741211,19.492999229431152,2,192.2819953878949,192.2819953878949,85464.32966729,67.66895866514662,WIN,85569.90551968048,-0.12337965286896205
2023-10-17,19.899999618530273,19.85659984588623,2,196.40649448266913,196.40649448266913,85660.73616177267,67.84992405406733,WIN,85660.73616177267,0.0
2023-10-18,18.09000015258789,20.098999614715577,2,197.9314176085798,-203.86847481695753,85456.86768695571,67.55985119308374,LOSS,85660.73616177267,-0.23799524023696275
2023-10-19,17.15999984741211,18.270900154113768,2,185.92857405394378,-36.25148728638797,85420.61619966933,69.75365975455473,LOSS,85660.73616177267,-0.2803150811707613
2023-10-20,16.719999313354492,17.33159984588623,2,177.09235138790186,54.77224488155409,85475.38844455087,70.03207168336623,LOSS,85660.73616177267,-0.21637418206605524
2023-10-23,17.06999969482422,16.887199306488036,2,171.82706385408713,171.82706385408713,85647.21550840496,69.74548060646123,WIN,85660.73616177267,-0.015783956540109348
2023-10-24,17.43000030517578,17.240699691772463,2,175.16237000421268,175.16237000421268,85822.37787840917,69.64413131419818,WIN,85822.37787840917,0.0
2023-10-25,17.020000457763672,17.60430030822754,2,176.44199078546407,59.58202069269049,85881.95989910186,68.7278728586287,LOSS,85881.95989910186,0.0
2023-10-26,16.170000076293945,17.19020046234131,2,170.66888035948756,-33.37119684998521,85848.58870225187,68.09724253756579,LOSS,85881.95989910186,-0.038857050874468564
2023-10-27,16.010000228881836,16.331700077056883,2,162.9512768743557,98.61130723934625,85947.20000949122,68.42686379034933,LOSS,85947.20000949122,0.0
2023-10-30,15.720000267028809,16.170100231170654,2,157.76942360872476,67.74943078035571,86014.94944027158,66.95216995798069,LOSS,86014.94944027158,0.0
2023-10-31,16.219999313354492,15.877200269699097,2,154.8705699428083,154.8705699428083,86169.82001021439,66.93488951835339,WIN,86169.82001021439,0.0
2023-11-01,16.1299991607666,16.382199306488037,2,157.8698369938886,107.42980784960159,86277.249818064,66.14922523969477,LOSS,86277.249818064,0.0
2023-11-02,17.59000015258789,16.29129915237427,2,147.68104399479347,147.68104399479347,86424.93086205878,62.330346993638734,WIN,86424.93086205878,0.0
2023-11-03,17.709999084472656,17.76590015411377,2,117.99700572423144,106.81679179600887,86531.74765385479,46.14172807918844,LOSS,86531.74765385479,0.0
2023-11-06,17.18000030517578,17.887099075317384,2,116.88802932139775,-24.531724706922702,86507.21592914787,45.42690025043976,LOSS,86531.74765385479,-0.028349970238726655
2023-11-07,17.420000076293945,17.35180030822754,2,114.3722764293826,114.3722764293826,86621.58820557725,45.80509020504602,WIN,86621.58820557725,0.0
2023-11-08,17.0,17.594200077056886,2,112.80474169837515,-6.035273713002056,86615.55293186425,44.6032313803328,LOSS,86621.58820557725,-0.006967401358051902
2023-11-09,15.329999923706055,17.17,2,110.48232672796007,-257.51768853082933,86358.03524333342,44.75782591378968,LOSS,86621.58820557725,-0.30425782729629547
2023-11-10,15.399999618530273,15.483299922943115,2,109.35274996535385,92.69268908278563,86450.72793241621,48.953269378994534,LOSS,86621.58820557725,-0.19724906538950226
2023-11-13,16.190000534057617,15.553999614715575,2,110.0187893186297,110.0187893186297,86560.74672173483,49.024873849195814,WIN,86621.58820557725,-0.0702382455722557
2023-11-14,16.899999618530273,16.351900539398194,2,119.05838144402713,119.05838144402713,86679.80510317886,50.41220366826142,WIN,86679.80510317886,0.0
2023-11-15,17.239999771118164,17.068999614715576,2,126.96122420158042,126.96122420158042,86806.76632738045,51.461751280160286,WIN,86806.76632738045,0.0
2023-11-16,16.389999389648438,17.412399768829346,2,120.94871816022193,-83.53135767595971,86723.23496970448,48.174989658769086,LOSS,86806.76632738045,-0.09622678186276142
2023-11-17,16.700000762939453,16.553899383544923,2,114.73036446299334,114.73036446299334,86837.96533416747,48.07204019586491,WIN,86837.96533416747,0.0
2023-11-20,16.93000030517578,16.867000770568847,2,116.55973892813205,116.55973892813205,86954.5250730956,47.93712188745311,WIN,86954.5250730956,0.0
2023-11-21,15.720000267028809,17.09930030822754,2,117.85510758405779,-158.00490065568863,86796.52017243991,47.81603077271556,LOSS,86954.5250730956,-0.1817098081127725
2023-11-22,15.979999542236328,15.877200269699097,2,114.44595830514122,114.44595830514122,86910.96613074504,49.92575029716025,WIN,86954.5250730956,-0.05009393394299201
2023-11-24,16.43000030517578,16.139799537658693,2,116.31386196424872,116.31386196424872,87027.2799927093,49.915417662818115,WIN,87027.2799927093,0.0
2023-11-27,16.65999984741211,16.594300308227538,2,117.60923935362509,117.60923935362509,87144.88923206292,49.11829052828849,WIN,87144.88923206292,0.0
2023-11-28,17.420000076293945,16.826599845886232,2,119.24205099467594,119.24205099467594,87264.1312830576,49.11290245468595,WIN,87264.1312830576,0.0
2023-11-29,17.31999969482422,17.594200077056886,2,126.18277168138401,71.34269523485055,87335.47397829246,49.682872627747955,LOSS,87335.47397829246,0.0
2023-11-30,16.760000228881836,17.49319969177246,2,124.71242959907842,-21.927462979046467,87313.54651531341,49.39798708376827,LOSS,87335.47397829246,-0.025107166630246237
2023-12-01,18.030000686645508,16.927600231170654,2,122.13741781486536,122.13741781486536,87435.68393312828,49.973097397647244,WIN,87435.68393312828,0.0
2023-12-04,17.739999771118164,18.210300693511964,2,128.26875369618566,34.20856921742558,87469.89250234571,48.82715169980908,LOSS,87469.89250234571,0.0
2023-12-05,17.40999984741211,17.917399768829345,2,126.57660995767812,25.09662567423105,87494.98912801994,48.965470624271084,LOSS,87494.98912801994,0.0
2023-12-06,18.3799991607666,17.584099845886232,2,123.47641521815169,123.47641521815169,87618.46554323808,48.68219840047789,WIN,87618.46554323808,0.0
2023-12-07,19.190000534057617,18.56379915237427,2,133.97047469785826,133.97047469785826,87752.43601793594,49.982964780389494,WIN,87752.43601793594,0.0
2023-12-08,19.040000915527344,19.381900539398192,2,140.74311685761572,72.36319208344611,87824.79921001938,50.282352822772864,LOSS,87824.79921001938,0.0
2023-12-11,18.950000762939453,19.230400924682616,2,123.0431081730602,66.96307582442759,87891.76228584381,44.515656405925114,LOSS,87891.76228584381,0.0
2023-12-12,18.209999084472656,19.139500770568848,2,122.80180013450872,-63.098537084729585,87828.66374875908,44.63443745868225,LOSS,87891.76228584381,-0.07179118434276376
2023-12-13,19.68000030517578,18.392099075317383,2,118.75572273163499,118.75572273163499,87947.4194714907,44.90662577722719,WIN,87947.4194714907,0.0
2023-12-14,22.43000030517578,19.87680030822754,2,134.7747346266435,134.7747346266435,88082.19420611735,47.06855357010472,WIN,88082.19420611735,0.0
2023-12-15,22.829999923706055,22.65430030822754,2,179.30962503653325,179.30962503653325,88261.50383115388,54.647822699274315,WIN,88261.50383115388,0.0
2023-12-18,23.799999237060547,23.058299922943114,2,176.19740072728618,176.19740072728618,88437.70123188116,52.81970003012015,WIN,88437.70123188116,0.0
2023-12-19,24.350000381469727,24.037999229431154,2,184.59976775653885,184.59976775653885,88622.3009996377,53.07429945523702,WIN,88622.3009996377,0.0
2023-12-20,23.18000030517578,24.593500385284425,2,188.84409559632513,-93.85592042540372,88528.4450792123,53.06842061956978,LOSS,88622.3009996377,-0.10590553321988518
2023-12-21,23.579999923706055,23.41180030822754,2,173.94194516783733,173.94194516783733,88702.38702438014,51.40531628959542,WIN,88702.38702438014,0.0
2023-12-22,23.209999084472656,23.815799922943114,2,176.93494361641388,55.774775922322306,88758.16180030246,51.40290805037099,LOSS,88758.16180030246,0.0
2023-12-26,23.59000015258789,23.442099075317383,2,176.0056374741346,176.0056374741346,88934.1674377766,51.92927494730201,WIN,88934.1674377766,0.0
2023-12-27,23.729999542236328,23.82590015411377,2,178.86228114502742,159.68215876953877,89093.84959654615,51.92227267088336,LOSS,89093.84959654615,0.0
2023-12-28,23.540000915527344,23.967299537658693,2,178.8662400870105,93.40651566074061,89187.25611220689,51.627501171642315,LOSS,89187.25611220689,0.0
2023-12-29,23.459999084472656,23.775400924682618,2,177.60457664432704,114.52420860233471,89301.78032080922,51.67539841837629,LOSS,89301.78032080922,0.0
2024-01-02,21.100000381469727,23.694599075317385,2,173.71000403565878,-345.2097347338728,88956.57058607535,50.74753168615521,LOSS,89301.78032080922,-0.38656534449115576
2024-01-03,20.31999969482422,21.311000385284423,2,169.0245993050281,-29.175538787012755,88927.39504728834,54.756675568908115,LOSS,89301.78032080922,-0.41923606917569883
2024-01-04,19.5,20.52319969177246,2,164.63821711918877,-40.001721235303535,88887.39332605305,55.362752467359414,LOSS,89301.78032080922,-0.4640299367689259
2024-01-05,19.079999923706055,19.695,2,159.92531882107383,36.92530356228471,88924.31862961533,56.01773343740508,LOSS,89301.78032080922,-0.4226810370833527
2024-01-08,19.579999923706055,19.270799922943116,2,154.28229263541408,154.28229263541408,89078.60092225074,55.255596123714014,WIN,89301.78032080922,-0.24991595660996618
2024-01-09,19.25,19.775799922943115,2,156.9003957131967,51.74041112457371,89130.34133337531,54.77423492606958,LOSS,89301.78032080922,-0.19197712164083408
2024-01-10,19.06999969482422,19.4425,2,154.56875048829457,80.06868945313852,89210.41002282845,54.88169464649801,LOSS,89301.78032080922,-0.10231632298094293
2024-01-11,18.790000915527344,19.260699691772462,2,153.21920017965434,59.07944493063064,89269.48946775908,54.91491232811333,LOSS,89301.78032080922,-0.0361592489356229
2024-01-12,18.059999465942383,18.97790092468262,2,149.2914536932535,-34.28883805479364,89235.20062970428,54.32420247796536,LOSS,89301.78032080922,-0.07455583849029453
2024-01-16,17.81999969482422,18.240599460601807,2,137.48201054529815,53.36205738978052,89288.56268709406,52.12329499567054,LOSS,89301.78032080922,-0.014801086459506299
2024-01-17,16.760000228881836,17.99819969177246,2,105.0912266730767,-142.54866590504798,89146.01402118901,40.77871475687315,LOSS,89301.78032080922,-0.17442686927476142
2024-01-18,15.739999771118164,16.927600231170654,2,100.81861916585532,-136.7014728446427,89009.31254834437,41.559577304320946,LOSS,89301.78032080922,-0.32750497404887546
2024-01-19,15.479999542236328,15.897399768829345,2,92.11767030028437,8.637624981680972,89017.95017332605,40.48160724919309,LOSS,89301.78032080922,-0.3178325745170271
2024-01-22,16.030000686645508,15.634799537658692,2,87.5951039542765,87.5951039542765,89105.54527728033,39.19935519906301,WIN,89301.78032080922,-0.21974370815894054
2024-01-23,16.040000915527344,16.19030069351196,2,94.36422334221231,64.3042677452888,89169.84954502562,40.70827665286097,LOSS,89301.78032080922,-0.14773588534255025
2024-01-24,15.34000015258789,16.20040092468262,2,92.99630318365132,-79.08385123529428,89090.76569379032,40.11991505137934,LOSS,89301.78032080922,-0.2362938636395011
2024-01-25,15.0,15.49340015411377,2,89.81920746187264,-8.86082336088137,89081.90487042944,40.499940240182205,LOSS,89301.78032080922,-0.24621620038245423
2024-01-26,15.289999961853027,15.15,2,85.73910609857958,85.73910609857958,89167.64397652802,39.57863550631417,WIN,89301.78032080922,-0.15020567764643236
2024-01-29,16.1200008392334,15.442899961471557,2,88.80869701914204,88.80869701914204,89256.45267354716,40.18944605398845,WIN,89301.78032080922,-0.05075783158995027
2024-01-30,15.65999984741211,16.281200847625733,2,101.66184079407468,-22.578359248650102,89233.8743142985,43.48525314738272,LOSS,89301.78032080922,-0.076041044497402
2024-01-31,15.3100004196167,15.81659984588623,2,98.56727062677575,-2.752614627130498,89231.12169967138,43.403505262985135,LOSS,89301.78032080922,-0.07912341823870712
2024-02-01,15.529999732971191,15.463100423812866,2,86.27841013066623,86.27841013066623,89317.40010980204,39.04609819048336,WIN,89317.40010980204,0.0
2024-02-02,15.600000381469727,15.685299730300903,2,87.99669850405985,70.93682873782457,89388.33693853987,39.249895157430416,LOSS,89388.33693853987,0.0
2024-02-05,14.9399995803833,15.756000385284423,2,87.49823149457532,-75.70192948564917,89312.63500905423,38.87037085360788,LOSS,89388.33693853987,-0.08468882191833761
2024-02-06,15.5,15.089399576187134,2,85.13140368766294,85.13140368766294,89397.76641274188,39.46142571468626,WIN,89397.76641274188,0.0
2024-02-07,15.170000076293945,15.655,2,89.85189730159108,-7.148087439619729,89390.61832530226,40.114110394245735,LOSS,89397.76641274188,-0.007995823303481565
2024-02-08,16.110000610351562,15.321700077056885,2,88.04392357926875,88.04392357926875,89478.66224888153,40.159892928789134,WIN,89478.66224888153,0.0
2024-02-09,16.68000030517578,16.27110061645508,2,101.22649917346918,101.22649917346918,89579.888748055,43.33240619388806,WIN,89579.888748055,0.0
2024-02-12,16.329999923706055,16.84680030822754,2,107.26176371474354,3.901686810446577,89583.79043486546,44.30540813041207,LOSS,89583.79043486546,0.0
2024-02-13,15.380000114440918,16.493299922943116,2,103.74863959192209,-118.91132210851754,89464.87911275694,43.794069608781456,LOSS,89583.79043486546,-0.13273754273098273
2024-02-14,15.539999961853027,15.533800115585327,2,101.25079827104071,101.25079827104071,89566.12991102798,45.31552664991813,WIN,89583.79043486546,-0.019713972529792127
2024-02-15,16.350000381469727,15.695399961471558,2,98.68393861096966,98.68393861096966,89664.81384963894,43.77464765991373,WIN,89664.81384963894,0.0
2024-02-16,16.299999237060547,16.513500385284424,2,102.51373631054194,59.81350666576661,89724.62735630471,43.24308532810906,LOSS,89724.62735630471,0.0
2024-02-20,15.890000343322754,16.46299922943115,2,101.70676259771491,-12.893014623964575,89711.73434168076,43.0428405431635,LOSS,89724.62735630471,-0.014369538223612576
2024-02-21,15.390000343322754,16.048900346755982,2,98.53718395883426,-33.24281672781133,89678.49152495294,42.788373402960985,LOSS,89724.62735630471,-0.0514193624550378
2024-02-22,11.449999809265137,15.543900346755981,2,96.7384696585463,-722.0416378396226,88956.44988711333,43.34790478642422,LOSS,89724.62735630471,-0.8561500803351189
2024-02-23,10.069999694824219,11.564499807357787,2,114.79850803345717,-184.1015144732566,88772.34837264007,68.0874679419052,LOSS,89724.62735630471,-1.0613351224999281
2024-02-26,10.699999809265137,10.17069969177246,2,106.11132872496793,106.11132872496793,88878.45970136503,71.46940521254353,WIN,89724.62735630471,-0.9430717963079084
2024-02-27,11.140000343322754,10.806999807357789,2,115.05585490581953,115.05585490581953,88993.51555627085,72.89488465706773,WIN,89724.62735630471,-0.8148396059986398
2024-02-28,11.300000190734863,11.25140034675598,2,118.98561291102894,118.98561291102894,89112.50116918188,72.41898394180188,WIN,89724.62735630471,-0.6822276170532592
2024-02-29,11.319999694824219,11.413000192642212,2,121.00461688020077,102.40451731660217,89214.90568649849,72.60047316853067,LOSS,89724.62735630471,-0.5680956107870744
2024-03-01,11.350000381469727,11.433199691772462,2,121.27719226555556,104.63733020500854,89319.5430167035,72.6346045509355,LOSS,89724.62735630471,-0.45147508720498053
2024-03-04,10.90999984741211,11.463500385284425,2,121.35593876299313,10.655831188530087,89330.19884789202,72.49318690202301,LOSS,89724.62735630471,-0.4395989373646299
2024-03-05,10.930000305175781,11.019099845886231,2,116.78778319529223,98.96787505320228,89429.16672294523,72.57588020609853,LOSS,89724.62735630471,-0.3292971417826952
2024-03-06,11.029999732971191,11.039300308227538,2,116.7307550109014,114.87063995963199,89544.03736290486,72.41180599923713,LOSS,89724.62735630471,-0.2012713774588548
2024-03-07,12.510000228881836,11.140299730300903,2,116.7915813416366,116.7915813416366,89660.82894424649,71.80784519822603,WIN,89724.62735630471,-0.07110468322691005
2024-03-08,12.779999732971191,12.635100231170654,2,143.35218276166572,143.35218276166572,89804.18112700815,77.56545178729917,WIN,89804.18112700815,0.0
2024-03-11,12.6899995803833,12.907799730300903,2,144.3978370209195,100.83780703739903,89905.01893404555,76.5053542810333,LOSS,89905.01893404555,0.0
2024-03-12,12.369999885559082,12.816899576187135,2,142.34164823035988,52.96171010474934,89957.9806441503,75.96364196270633,LOSS,89957.9806441503,0.0
2024-03-13,11.710000038146973,12.493699884414672,2,138.80617323724616,-17.933796016293826,89940.046848134,75.99246782298766,LOSS,89957.9806441503,-0.019935747654493238
2024-03-14,10.6899995803833,11.827100038528442,2,131.19028036545186,-96.22981126357647,89843.81703687043,75.87390252774891,LOSS,89957.9806441503,-0.1269077034215259
2024-03-15,11.039999961853027,10.796899576187133,2,121.92554134404998,121.92554134404998,89965.74257821449,77.2119996480823,WIN,89965.74257821449,0.0
2024-03-18,11.399999618530273,11.150399961471559,2,124.90846214751485,124.90846214751485,90090.651040362,76.60745916744851,WIN,90090.651040362,0.0
2024-03-19,11.260000228881836,11.513999614715576,2,129.97512178383522,79.17524461708715,90169.82628497909,77.1839321228404,LOSS,90169.82628497909,0.0
2024-03-20,11.359999656677246,11.372600231170654,2,128.32594037091798,125.80582547223631,90295.63211045133,77.15279719213825,LOSS,90295.63211045133,0.0
2024-03-21,11.170000076293945,11.473599653244019,2,129.52321184121672,68.80329645120199,90364.43540690253,77.18634421467786,LOSS,90364.43540690253,0.0
2024-03-22,10.800000190734863,11.281700077056884,2,93.91184505829831,-2.428132206105886,90362.00727469643,57.381669919697686,LOSS,90364.43540690253,-0.002687044073441105
2024-03-25,10.649999618530273,10.908000192642213,2,81.3162600569068,29.716145234518933,90391.72341993095,51.57277072636106,LOSS,90391.72341993095,0.0
2024-03-26,10.520000457763672,10.756499614715576,2,77.70654624410373,30.406714853722903,90422.13013478467,50.03232418826749,LOSS,90422.13013478467,0.0
2024-03-27,10.989999771118164,10.625200462341308,2,75.53052611153733,75.53052611153733,90497.66066089622,49.26054472543936,WIN,90497.66066089622,0.0
2024-03-28,10.949999809265137,11.099899768829346,2,80.3851668541704,50.405174941328596,90548.06583583755,50.151399273590314,LOSS,90548.06583583755,0.0
2024-04-01,11.09000015258789,11.059499807357788,2,80.09527511224339,80.09527511224339,90628.16111094979,50.15302034639702,WIN,90628.16111094979,0.0
2024-04-02,10.510000228881836,11.20090015411377,2,81.2508861618315,-56.929098884555216,90571.23201206523,50.231485922144806,LOSS,90628.16111094979,-0.06281612490720866
2024-04-03,10.539999961853027,10.615100231170654,2,77.90389907587326,62.88384521234789,90634.11585727757,50.79939249995159,LOSS,90634.11585727757,0.0
2024-04-04,10.130000114440918,10.645399961471558,2,78.13115183197633,-24.948817574151633,90609.16703970342,50.80245742536842,LOSS,90634.11585727757,-0.02752696083386999
2024-04-05,10.100000381469727,10.231300115585327,2,75.95758214447271,49.69763532135259,90658.86467502477,51.36770698704849,LOSS,90658.86467502477,0.0
2024-04-08,10.4399995803833,10.201000385284424,2,59.57607364875126,59.57607364875126,90718.44074867353,40.78695359589969,WIN,90718.44074867353,0.0
2024-04-09,10.630000114440918,10.544399576187134,2,62.48971384544062,62.48971384544062,90780.93046251897,41.3622992348717,WIN,90780.93046251897,0.0
2024-04-10,10.270000457763672,10.736300115585328,2,64.35916806979887,-28.90076349453234,90752.02969902444,41.81789242551104,LOSS,90780.93046251897,-0.03183572072602017
2024-04-11,9.569999694824219,10.372700462341308,2,62.52781637204421,-98.0123371313737,90654.01736189307,42.04218910449002,LOSS,90780.93046251897,-0.13980149793496188
2024-04-12,9.130000114440918,9.665699691772462,2,59.60079065811088,-47.53912480819784,90606.47823708487,42.964784472025826,LOSS,90780.93046251897,-0.19216836018895594
2024-04-15,8.399999618530273,9.221300115585327,2,52.72610983439663,-111.53398957661418,90494.94424750826,39.969538207303344,LOSS,90780.93046251897,-0.3150289532764632
2024-04-16,8.710000038146973,8.483999614715577,2,50.963907150100376,50.963907150100376,90545.90815465836,41.90155007644804,WIN,90780.93046251897,-0.2588895119968409
2024-04-17,8.739999771118164,8.797100038528443,2,53.17554381489336,41.75549033283757,90587.6636449912,42.15277735646035,LOSS,90780.93046251897,-0.21289362924910718
2024-04-18,8.829999923706055,8.827399768829347,2,53.56085454891776,53.56085454891776,90641.22449954013,42.30577000519914,WIN,90780.93046251897,-0.15389351295151432
2024-04-19,8.630000114440918,8.918299922943115,2,54.16189288244687,-3.4980688179925394,90637.72643072213,42.34284603290493,LOSS,90780.93046251897,-0.15774682090966233
2024-04-22,8.789999961853027,8.716300115585327,2,53.006255826850634,53.006255826850634,90690.73268654899,42.397364240968834,WIN,90780.93046251897,-0.09935762445971022
2024-04-23,9.039999961853027,8.877899961471558,2,54.29155106586278,54.29155106586278,90745.02423761485,42.62503839223564,WIN,90780.93046251897,-0.03955260727245021
2024-04-24,8.84000015258789,9.130399961471557,2,56.922408930645105,-1.1575528460882083,90743.86668476877,43.42017560527482,LOSS,90780.93046251897,-0.040827713002457675
2024-04-25,8.520000457763672,8.928400154113769,2,55.80779161162568,-25.872147658393693,90717.99453711038,43.528464959218894,LOSS,90780.93046251897,-0.06932725307830062
2024-04-26,9.039999961853027,8.605200462341308,2,52.01367899953284,52.01367899953284,90770.00821610991,42.1513056549167,WIN,90780.93046251897,-0.012031432541403339
2024-04-29,9.380000114440918,9.130399961471557,2,59.1985557746269,59.1985557746269,90829.20677188454,45.08558448858578,WIN,90829.20677188454,0.0
2024-04-30,8.899999618530273,9.473800115585327,2,62.7027755605676,-52.05732385044308,90777.14944803409,45.98658156374504,LOSS,90829.20677188454,-0.05731341899878605
2024-05-01,9.210000038146973,8.988999614715576,2,59.42240837166837,59.42240837166837,90836.57185640576,45.93330007236027,WIN,90836.57185640576,0.0
2024-05-02,9.829999923706055,9.302100038528442,2,62.69680210789497,62.69680210789497,90899.26865851365,46.7984273994708,WIN,90899.26865851365,0.0
2024-05-03,10.069999694824219,9.928299922943115,2,69.71580819470967,69.71580819470967,90968.98446670837,48.6813890104616,WIN,90968.98446670837,0.0
2024-05-06,10.329999923706055,10.17069969177246,2,71.85434133858209,71.85434133858209,91040.83880804694,48.96804671269216,WIN,91040.83880804694,0.0
2024-05-07,10.25,10.433299922943116,2,73.35914086539486,36.699156276771745,91077.53796432371,48.74366468298168,LOSS,91077.53796432371,0.0
2024-05-08,10.270000457763672,10.352500000000001,2,72.57175167457979,56.07184322731398,91133.60980755102,48.60217201523141,LOSS,91133.60980755102,0.0
2024-05-09,10.220000267028809,10.372700462341308,2,71.83375178607056,41.29371272357061,91174.90352027459,48.035662747358764,LOSS,91174.90352027459,0.0
2024-05-10,9.989999771118164,10.322200269699097,2,67.50828102127497,1.0681813050883164,91175.97170157968,45.462563981129655,LOSS,91175.97170157968,0.0
2024-05-13,10.899999618530273,10.089899768829346,2,64.4656885417711,64.4656885417711,91240.43739012144,44.453972144825414,WIN,91240.43739012144,0.0
2024-05-14,11.1899995803833,11.008999614715576,2,69.0913320903035,69.0913320903035,91309.52872221175,43.697502357190636,WIN,91309.52872221175,0.0
2024-05-15,10.199999809265137,11.301899576187134,2,70.55989691889837,-149.8200564655011,91159.70866574625,43.47900635403072,LOSS,91309.52872221175,-0.16407932289442773
2024-05-16,10.130000114440918,10.301999807357788,2,72.39149408935855,37.99155550598452,91197.70022125223,48.714844909960746,LOSS,91309.52872221175,-0.1224718849439311
2024-05-17,10.5,10.231300115585327,2,72.0615107104768,72.0615107104768,91269.76173196272,48.823769181509554,WIN,91309.52872221175,-0.043551851384549985
2024-05-20,10.279999732971191,10.605,2,74.48183288801951,9.481779482257707,91279.24351144498,48.69038797181304,LOSS,91309.52872221175,-0.03316763451808752
2024-05-21,10.050000190734863,10.382799730300903,2,73.57744853862481,7.017540625416913,91286.26105207039,49.112594610157636,LOSS,91309.52872221175,-0.025482192786412176
2024-05-22,10.699999809265137,10.150500192642212,2,72.26287153421839,72.26287153421839,91358.5239236046,49.330841323891164,WIN,91358.5239236046,0.0
2024-05-23,9.949999809265137,10.806999807357789,2,78.66066504288169,-92.73933457564875,91265.78458902896,50.39660825220914,LOSS,91358.5239236046,-0.1015114196166225
2024-05-24,10.4399995803833,10.049499807357789,2,76.06811462529873,76.06811462529873,91341.85270365427,52.338408735647896,WIN,91358.5239236046,-0.018248127524782314
2024-05-28,10.420000076293945,10.544399576187134,2,79.03934137134188,54.15944139270417,91396.01214504697,51.84750050024288,LOSS,91396.01214504697,0.0
2024-05-29,10.220000267028809,10.524200077056884,2,78.29185125292804,17.451889247312963,91413.46403429429,51.469124102414504,LOSS,91413.46403429429,0.0
2024-05-30,10.970000267028809,10.322200269699097,2,74.85755328584301,74.85755328584301,91488.32158758013,50.21900875150842,WIN,91488.32158758013,0.0
2024-05-31,10.920000076293945,11.079700269699098,2,83.01548385655101,51.07544517552056,91539.39703275565,51.82555518254246,LOSS,91539.39703275565,0.0
2024-06-03,11.399999618530273,11.029200077056885,2,80.08614719518266,80.08614719518266,91619.48317995082,50.28040724032359,WIN,91619.48317995082,0.0
2024-06-04,11.220000267028809,11.513999614715576,2,84.47036041802534,25.670490880671792,91645.1536708315,50.78167640531028,LOSS,91645.1536708315,0.0
2024-06-05,11.449999809265137,11.332200269699097,2,83.21053258300144,83.21053258300144,91728.3642034145,50.825247552592764,WIN,91728.3642034145,0.0
2024-06-06,11.739999771118164,11.564499807357787,2,84.94186894012864,84.94186894012864,91813.30607235464,50.84003489801199,WIN,91813.30607235464,0.0
2024-06-07,11.520000457763672,11.857399768829346,2,87.34368507136287,19.863822858228048,91833.16989521286,50.981139908917136,LOSS,91833.16989521286,0.0
2024-06-10,11.869999885559082,11.63520046234131,2,86.13167137671589,86.13167137671589,91919.30156658958,51.22501371678518,WIN,91919.30156658958,0.0
2024-06-11,11.829999923706055,11.988699884414673,2,88.36718740700466,56.6271952652809,91975.92876185486,51.012524866593566,LOSS,91975.92876185486,0.0
2024-06-12,11.800000190734863,11.948299922943116,2,82.10204308456672,52.44209664291614,92028.37085849777,47.676059491375526,LOSS,92028.37085849777,0.0
2024-06-13,11.109999656677246,11.918000192642213,2,81.4782795856025,-80.12182760739078,91948.24903089038,47.443120892220904,LOSS,92028.37085849777,-0.08706209493873052
2024-06-14,10.880000114440918,11.22109965324402,2,72.55497482841753,4.335067067797226,91952.58409795817,44.96710881564755,LOSS,92028.37085849777,-0.08235151815968957
2024-06-17,10.960000038146973,10.988800115585327,2,71.51407757837826,65.75406209070731,92018.33816004888,45.24745266397532,LOSS,92028.37085849777,-0.0109017451415272
2024-06-18,11.020000457763672,11.069600038528442,2,71.05505657384329,61.13514042088924,92079.47330046976,44.653088434113556,LOSS,92079.47330046976,0.0
2024-06-20,10.329999923706055,11.130200462341309,2,70.8892260089203,-89.15088171813048,91990.32241875163,44.320076217483525,LOSS,92079.47330046976,-0.09681949572758504
2024-06-21,10.319999694824219,10.433299922943116,2,69.5852224185561,46.92517679477673,92037.2475955464,46.32719572065854,LOSS,92079.47330046976,-0.04585789146031532
2024-06-24,11.010000228881836,10.423199691772462,2,65.98869228884402,65.98869228884402,92103.23628783524,44.065253692130895,WIN,92103.23628783524,0.0
2024-06-25,11.960000038146973,11.120100231170655,2,69.38256160135197,69.38256160135197,92172.61884943659,43.4535775740287,WIN,92172.61884943659,0.0
2024-06-26,14.739999771118164,12.079600038528442,2,79.93944670296321,79.93944670296321,92252.55829613956,45.98108776858057,WIN,92252.55829613956,0.0
2024-06-27,14.470000267028809,14.887399768829345,2,141.85942963582886,58.37952927572151,92310.93782541528,65.42877020415636,LOSS,92310.93782541528,0.0
2024-06-28,13.420000076293945,14.614700269699096,2,139.21297476442138,-99.72706391660876,92211.21076149867,65.40685223927858,LOSS,92310.93782541528,-0.10803385413028696
2024-07-01,13.920000076293945,13.554200077056885,2,132.0369433328842,132.0369433328842,92343.24770483156,66.84890997707765,WIN,92343.24770483156,0.0
2024-07-02,14.890000343322754,14.059200077056884,2,137.14231679737995,137.14231679737995,92480.39002162895,66.93727478095477,WIN,92480.39002162895,0.0
2024-07-03,14.649999618530273,15.038900346755982,2,148.24497313385206,70.46482748871033,92550.85484911766,67.62405119889411,LOSS,92550.85484911766,0.0
2024-07-05,14.789999961853027,14.796499614715577,2,145.86989595888303,144.5699653863731,92695.42481450403,67.63054012170794,LOSS,92695.42481450403,0.0
2024-07-08,15.489999771118164,14.937899961471558,2,147.26475390087978,147.26475390087978,92842.68956840491,67.63093186790147,WIN,92842.68956840491,0.0
2024-07-09,15.710000038146973,15.644899768829346,2,154.9134453966445,154.9134453966445,92997.60301380155,67.92076851179695,WIN,92997.60301380155,0.0
2024-07-10,16.3700008392334,15.867100038528443,2,156.17858644495965,156.17858644495965,93153.78160024651,67.52708348980937,WIN,93153.78160024651,0.0
2024-07-11,16.760000228881836,16.53370084762573,2,163.0728177562804,163.0728177562804,93316.8544180028,67.6616068012316,WIN,93316.8544180028,0.0
2024-07-12,18.110000610351562,16.927600231170654,2,166.58455903444235,166.58455903444235,93483.43897703724,67.51427886376086,WIN,93483.43897703724,0.0
2024-07-15,17.5,18.29110061645508,2,182.4849177170153,24.26479442599947,93507.70377146323,68.42084228888355,LOSS,93507.70377146323,0.0
2024-07-16,17.940000534057617,17.675,2,173.44441788252783,173.44441788252783,93681.14818934575,67.32707144603881,WIN,93681.14818934575,0.0
2024-07-17,17.190000534057617,18.119400539398193,2,175.91598934388003,-9.964011724235036,93671.18417762152,66.63048892800563,LOSS,93681.14818934575,-0.010636090522822104
2024-07-18,16.899999618530273,17.361900539398192,2,172.05915304427685,79.6789688706931,93750.86314649221,67.9762631661199,LOSS,93750.86314649221,0.0
2024-07-19,16.75,17.068999614715576,2,170.21953851929143,106.41961557617623,93857.28276206838,68.39233477186593,LOSS,93857.28276206838,0.0
2024-07-22,17.219999313354492,16.9175,2,163.4778639658172,163.4778639658172,94020.7606260342,66.32673193984112,WIN,94020.7606260342,0.0
2024-07-23,17.5,17.39219930648804,2,167.40541864044224,167.40541864044224,94188.16604467464,66.07338100396503,WIN,94188.16604467464,0.0
2024-07-24,16.270000457763672,17.675,2,168.81064053443362,-112.18926791283212,94075.9767767618,65.57566823262428,LOSS,94188.16604467464,-0.11911185090876825
2024-07-25,16.25,16.43270046234131,2,160.26081823589257,123.7207257676308,94199.69750252944,66.92340355994746,LOSS,94199.69750252944,0.0
2024-07-26,16.209999084472656,16.4125,2,113.37032643567451,72.87014333020548,94272.56764585964,47.91734956821639,LOSS,94272.56764585964,0.0
2024-07-29,16.299999237060547,16.372099075317383,2,112.44310414780342,98.02313649643621,94370.59078235608,47.65287623640728,LOSS,94370.59078235608,0.0
2024-07-30,16.219999313354492,16.46299922943115,2,104.39845536169976,55.79847214636793,94426.38925450246,44.13510281197148,LOSS,94426.38925450246,0.0
2024-07-31,16.40999984741211,16.382199306488037,2,103.07846544153409,103.07846544153409,94529.46771994399,43.80576820262898,WIN,94529.46771994399,0.0
2024-08-01,15.239999771118164,16.57409984588623,2,98.44293600565892,-168.37707894795443,94361.09064099603,41.45063549584363,LOSS,94529.46771994399,-0.17812125997239261
2024-08-02,14.720000267028809,15.392399768829346,2,98.60739321070628,-35.87250714940123,94325.21813384663,44.56826506312716,LOSS,94529.46771994399,-0.21606975160642394
2024-08-05,14.609999656677246,14.867200269699097,2,96.73339147869073,45.2932688743205,94370.51140272095,45.2380390774412,LOSS,94529.46771994399,-0.16815530760626943
2024-08-06,14.800000190734863,14.756099653244018,2,93.18408735194711,93.18408735194711,94463.6954900729,43.95843151368807,WIN,94529.46771994399,-0.06957854672994224
2024-08-07,13.78499984741211,14.948000192642212,2,94.34705716485645,-138.25301188116407,94325.44247819173,43.936589216981815,LOSS,94529.46771994399,-0.21583242418830567
2024-08-08,14.720000267028809,13.92284984588623,2,89.99848297245862,89.99848297245862,94415.44096116419,44.95470498873151,WIN,94529.46771994399,-0.1206256223907026
2024-08-09,13.949999809265137,14.867200269699097,2,101.57965753432052,-81.86043455247159,94333.58052661172,47.41569100302748,LOSS,94529.46771994399,-0.20722341726561688
2024-08-12,13.390000343322754,14.089499807357788,2,89.28426975014781,-50.615623056858965,94282.96490355486,44.10528949821284,LOSS,94529.46771994399,-0.26076822638991554
2024-08-13,13.539999961853027,13.523900346755982,2,86.06303473470102,86.06303473470102,94369.02793828957,44.28457076827964,WIN,94529.46771994399,-0.1697246218816617
2024-08-14,13.25,13.675399961471557,2,86.01167850086104,0.9316862065496139,94369.95962449611,43.78850928693184,LOSS,94529.46771994399,-0.1687390178906328
2024-08-15,13.760000228881836,13.3825,2,83.27897068657029,83.27897068657029,94453.23859518269,43.34396908205493,WIN,94529.46771994399,-0.08064059451507945
2024-08-16,13.210000038146973,13.897600231170655,2,89.34456536385638,-48.175473240880066,94405.06312194181,44.718826478098215,LOSS,94529.46771994399,-0.13160403946284932
2024-08-19,13.529999732971191,13.342100038528443,2,86.74218727908463,86.74218727908463,94491.8053092209,45.203918511959046,WIN,94529.46771994399,-0.03984197904791867
2024-08-20,13.199999809265137,13.665299730300903,2,88.52095547162477,-4.539028735528561,94487.26628048538,45.046269057761464,LOSS,94529.46771994399,-0.04464368675347061
2024-08-21,13.069999694824219,13.331999807357787,2,85.61895015426086,33.21892764754712,94520.48520813292,44.67398073555374,LOSS,94529.46771994399,-0.009502340410597335
2024-08-22,12.8100004196167,13.200699691772462,2,80.87634817200315,2.736493740850648,94523.22170187377,42.70060633803079,LOSS,94529.46771994399,-0.006607482535205765
2024-08-23,13.960000038146973,12.938100423812866,2,79.25829885887143,79.25829885887143,94602.48000073264,42.69586117487749,WIN,94602.48000073264,0.0
2024-08-26,14.359999656677246,14.099600038528443,2,97.5598317826934,97.5598317826934,94700.03983251534,47.99600206591051,WIN,94700.03983251534,0.0
2024-08-27,14.479999542236328,14.503599653244018,2,101.51280389146254,96.7927816899245,94796.83261420525,48.52918919796856,LOSS,94796.83261420525,0.0
2024-08-28,13.829999923706055,14.624799537658692,2,102.55800101597265,-56.401921774554836,94740.4306924307,48.619132641202874,LOSS,94796.83261420525,-0.059497685966039264
2024-08-29,14.09000015258789,13.968299922943116,2,99.15361259426122,99.15361259426122,94839.58430502497,49.19275500744757,WIN,94839.58430502497,0.0
2024-08-30,14.130000114440918,14.230900154113769,2,97.02558719904498,76.84557926447478,94916.42988428945,47.3187189164102,LOSS,94916.42988428945,0.0
2024-09-03,13.149999618530273,14.271300115585328,2,96.2044539887078,-128.05564542230312,94788.37423886715,46.80540094810523,LOSS,94916.42988428945,-0.13491409820028713
2024-09-04,13.279999732971191,13.281499614715576,2,93.94186964681856,93.64189329794156,94882.0161321651,49.02349287282343,LOSS,94916.42988428945,-0.03625689690004864
2024-09-05,13.739999771118164,13.412799730300904,2,94.77344321641655,94.77344321641655,94976.78957538151,48.97511518523743,WIN,94976.78957538151,0.0
2024-09-06,13.229999542236328,13.877399768829346,2,94.84111904162495,-34.63892627697854,94942.15064910453,47.42736048018552,LOSS,94976.78957538151,-0.03647093824906393
2024-09-09,13.079999923706055,13.362299537658691,2,87.48220922209616,31.022286431568887,94973.1729355361,45.50823848486429,LOSS,94976.78957538151,-0.0038079196628745273
2024-09-10,13.229999542236328,13.210799922943115,2,83.9515035401791,83.9515035401791,95057.12443907629,44.22437835538791,WIN,95057.12443907629,0.0
2024-09-11,13.930000305175781,13.362299537658691,2,83.3648650652296,83.3648650652296,95140.48930414152,43.44975982310076,WIN,95140.48930414152,0.0
2024-09-12,13.720000267028809,14.06930030822754,2,90.87019984519851,21.010191605452306,95161.49949574698,44.91911586213232,LOSS,95161.49949574698,0.0
2024-09-13,13.5,13.857200269699097,2,89.20072968887901,17.760675749059516,95179.26017149603,44.77469514456865,LOSS,95179.26017149603,0.0
2024-09-16,13.199999809265137,13.635,2,86.49501790092361,-0.5050202460489999,95178.75515124998,44.149818817255564,LOSS,95179.26017149603,-0.0005305990455749013
2024-09-17,13.100000381469727,13.331999807357787,2,83.30105045358788,36.9011652759757,95215.65631652596,43.51250606498835,LOSS,95215.65631652596,0.0
2024-09-18,12.899999618530273,13.231000385284425,2,82.04025820325545,15.840104852425199,95231.49642137838,43.19454771579261,LOSS,95231.49642137838,0.0
2024-09-19,13.149999618530273,13.028999614715577,2,80.38795399457177,80.38795399457177,95311.88437537296,42.98956533699385,WIN,95311.88437537296,0.0
2024-09-20,11.710000038146973,13.281499614715576,2,82.26159761615614,-232.03831769756462,95079.8460576754,43.148379577160455,LOSS,95311.88437537296,-0.24345161069705404
2024-09-23,11.90999984741211,11.827100038528442,2,83.94642413396178,83.94642413396178,95163.79248180936,49.18827183666833,WIN,95311.88437537296,-0.15537610501997856
2024-09-24,11.84000015258789,12.02909984588623,2,77.39398015916413,39.57404149949609,95203.36652330885,44.7530291495501,LOSS,95311.88437537296,-0.11385553100253774
2024-09-25,11.029999732971191,11.95840015411377,2,75.58060527646158,-110.0994789520541,95093.2670443568,43.994107237788164,LOSS,95311.88437537296,-0.22937048454016407
2024-09-26,11.170000076293945,11.140299730300903,2,73.13855332690123,73.13855332690123,95166.40559768371,45.63036131382386,WIN,95311.88437537296,-0.15263445754183141
2024-09-27,11.600000381469727,11.281700077056884,2,73.56396200338526,73.56396200338526,95239.9695596871,45.33255669180702,WIN,95311.88437537296,-0.07545209724595367
2024-09-30,11.220000267028809,11.716000385284424,2,77.81411428902601,-21.385909362097095,95218.583650325,46.14124088631411,LOSS,95311.88437537296,-0.09788991756841627
2024-10-01,10.4399995803833,11.332200269699097,2,75.59513354533614,-102.84500431782313,95115.73864600719,46.33584213622406,LOSS,95311.88437537296,-0.20579356986929323
2024-10-02,10.640000343322754,10.544399576187134,2,70.35581581612249,70.35581581612249,95186.0944618233,46.34595594904544,WIN,95311.88437537296,-0.13197715518271458
2024-10-03,10.779999732971191,10.746400346755982,2,72.0964614494141,72.0964614494141,95258.19092327272,46.5901582115858,WIN,95311.88437537296,-0.05633447754403427
2024-10-04,10.4399995803833,10.887799730300904,2,71.75458362684496,-17.80544635667559,95240.38547691604,45.79832795493185,LOSS,95311.88437537296,-0.07501572225278028
2024-10-07,10.489999771118164,10.544399576187134,2,69.27151838004602,58.39155736625206,95298.77703428229,45.658987204220544,LOSS,95311.88437537296,-0.013752053247679853
2024-10-08,10.470000267028809,10.594899768829345,2,69.80649218166361,44.82659182155635,95343.60362610385,45.78712100431264,LOSS,95343.60362610385,0.0
2024-10-09,10.420000076293945,10.574700269699097,2,69.32219396055162,38.382155279521314,95381.98578138338,45.565245564853534,LOSS,95381.98578138338,0.0
2024-10-10,10.260000228881836,10.524200077056884,2,65.25679347376688,12.416823838757267,95394.40260522213,43.19476686716858,LOSS,95394.40260522213,0.0
2024-10-11,10.5,10.362600231170655,2,64.25549643281391,64.25549643281391,95458.65810165495,43.1952347063105,WIN,95458.65810165495,0.0
2024-10-14,10.350000381469727,10.605,2,66.95644382882949,15.95652012277472,95474.61462177773,43.9498384552361,LOSS,95474.61462177773,0.0
2024-10-15,10.149999618530273,10.453500385284423,2,65.90560958686618,5.205456236036255,95479.82007801377,43.889563865985494,LOSS,95479.82007801377,0.0
2024-10-16,10.239999771118164,10.251499614715577,2,64.66773033990391,62.36776162042132,95542.18783963419,43.91280471577648,LOSS,95542.18783963419,0.0
2024-10-17,10.119999885559082,10.342399768829345,2,65.59179921883037,21.111822564777697,95563.29966219897,44.13930805825569,LOSS,95563.29966219897,0.0
2024-10-18,10.039999961853027,10.221199884414673,2,63.98027530652249,27.740290794193278,95591.03995299316,43.58841221659975,LOSS,95591.03995299316,0.0
2024-10-21,10.029999732971191,10.140399961471557,2,53.61061017324318,31.530564473170067,95622.57051746633,37.090053875890554,LOSS,95622.57051746633,0.0
2024-10-22,10.489999771118164,10.130299730300903,2,52.90152949556302,52.90152949556302,95675.47204696189,36.65765788796694,WIN,95675.47204696189,0.0
2024-10-23,10.15999984741211,10.594899768829345,2,58.55432094466118,-28.42566333878593,95647.0463836231,38.69216212628943,LOSS,95675.47204696189,-0.029710502316447764
2024-10-24,10.430000305175781,10.26159984588623,2,52.9195414691632,52.9195414691632,95699.96592509227,36.22300238309826,WIN,95699.96592509227,0.0
2024-10-25,10.449999809265137,10.53430030822754,2,55.104889584705,38.244789792224445,95738.2107148845,36.717031939154325,LOSS,95738.2107148845,0.0
2024-10-28,10.859999656677246,10.554499807357788,2,53.005896154507106,53.005896154507106,95791.216611039,35.32158358932508,WIN,95791.216611039,0.0
2024-10-29,10.470000267028809,10.968599653244018,2,56.28472465173593,-43.43515259130599,95747.78145844769,36.051949878373776,LOSS,95791.216611039,-0.04534356502400088
2024-10-30,10.390000343322754,10.574700269699097,2,49.551159920576325,12.611174645307742,95760.392633093,33.07497863594645,LOSS,95791.216611039,-0.03217829257891066
2024-10-31,10.100000381469727,10.493900346755982,2,48.70228685775586,-30.07770619949526,95730.31492689351,32.77560702695558,LOSS,95791.216611039,-0.0635775244329327
