Date,Stock_Price,Strike,Contracts,Premium,PnL,Capital,VIX,Status,Peak,Drawdown_%
2021-11-11,122.98999786376953,100.7300033569336,2,583.1211633812253,583.1211633812253,50583.12116338123,53.29031894942328,WIN,50583.12116338123,0.0
2021-11-12,129.9499969482422,122.98999786376953,2,711.9832050878125,711.9832050878125,51295.10436846904,53.29031894942328,WIN,51295.10436846904,0.0
2021-11-15,149.36000061035156,129.9499969482422,2,752.2743063289066,752.2743063289066,52047.37867479795,53.29031894942328,WIN,52047.37867479795,0.0
2021-11-16,172.00999450683594,149.36000061035156,2,864.6378875806288,864.6378875806288,52912.01656237857,53.29031894942328,WIN,52912.01656237857,0.0
2021-11-17,146.07000732421875,172.00999450683594,2,995.7576170687199,-4192.239819454718,48719.77674292385,53.29031894942328,LOSS,52912.01656237857,-7.92303921078578
2021-11-18,123.37999725341797,146.07000732421875,2,845.592274073319,-3692.4097400868372,45027.36700283702,53.29031894942328,LOSS,52912.01656237857,-14.901434630158638
2021-11-19,128.60000610351562,123.37999725341797,2,714.2408928693162,714.2408928693162,45741.60789570634,53.29031894942328,WIN,52912.01656237857,-13.551569440221506
2021-11-22,118.11000061035156,128.60000610351562,2,744.459274007886,-1353.5418246249264,44388.06607108141,53.29031894942328,LOSS,52912.01656237857,-16.109668549956282
2021-11-23,119.8499984741211,118.11000061035156,2,683.7331347922039,683.7331347922039,45071.79920587361,53.29031894942328,WIN,52912.01656237857,-14.817460882939585
2021-11-24,114.8499984741211,119.8499984741211,2,693.8058990609276,-306.1941009390724,44765.60510493454,53.29031894942328,LOSS,52912.01656237857,-15.396146256947391
2021-11-26,112.12999725341797,114.8499984741211,2,664.8611386147796,120.86089447415463,44886.4659994087,53.29031894942328,LOSS,52912.01656237857,-15.16772764369784
2021-11-29,119.7699966430664,112.12999725341797,2,649.1151818654831,649.1151818654831,45535.58118127418,53.29031894942328,WIN,52912.01656237857,-13.940945479574054
2021-11-30,119.76000213623047,119.7699966430664,2,693.3427722939014,691.3438709267139,46226.925052200895,53.29031894942328,LOSS,52912.01656237857,-12.634354055087934
2021-12-01,115.69000244140625,119.76000213623047,2,693.2849145726726,-120.71502439217113,46106.210027808724,53.29031894942328,LOSS,52912.01656237857,-12.862496984114008
2021-12-02,110.7699966430664,115.69000244140625,2,669.7238813361561,-314.2772783318127,45791.93274947691,53.29031894942328,LOSS,52912.01656237857,-13.456458996431774
2021-12-03,104.66999816894531,110.7699966430664,2,641.242203490835,-578.7574913333838,45213.17525814353,53.29031894942328,LOSS,52912.01656237857,-14.550270060410178
2021-12-06,116.77999877929688,104.66999816894531,2,605.9296045797743,605.9296045797743,45819.1048627233,53.29031894942328,WIN,52912.01656237857,-13.405105608275875
2021-12-07,116.18000030517578,116.77999877929688,2,676.0338179136407,556.034123089422,46375.13898581272,53.29031894942328,LOSS,52912.01656237857,-12.354240116438298
2021-12-08,122.12000274658203,116.18000030517578,2,672.5604554933428,672.5604554933428,47047.69944130607,53.29031894942328,WIN,52912.01656237857,-11.083148029633298
2021-12-09,115.4000015258789,122.12000274658203,2,706.9468450365504,-637.0533991040746,46410.646042201995,53.29031894942328,LOSS,52912.01656237857,-12.287134270363781
2021-12-10,114.66000366210938,115.4000015258789,2,1356.5430979106518,1208.5435251567455,47619.18956735874,80.0,LOSS,52912.01656237857,-10.003071776295005
2021-12-13,118.9000015258789,114.66000366210938,2,1164.416678399997,1164.416678399997,48783.60624575874,80.0,WIN,52912.01656237857,-7.8024059274943784
2021-12-14,117.13999938964844,118.9000015258789,2,1199.2052237942667,847.2047965481729,49630.811042306916,80.0,LOSS,52912.01656237857,-6.201248285828242
2021-12-15,115.0,117.13999938964844,2,1071.6504444607365,643.650566531049,50274.46160883796,75.51136638228246,LOSS,52912.01656237857,-4.98479386139284
2021-12-16,108.87000274658203,115.0,2,913.0358431014303,-312.9636075821635,49961.4980012558,67.51447345509942,LOSS,52912.01656237857,-5.576273128135973
2021-12-17,97.69999694824219,108.87000274658203,2,771.5063859677049,-1462.494773700264,48499.003227555535,61.87273768422961,LOSS,52912.01656237857,-8.340285669551992
2021-12-20,89.9800033569336,97.69999694824219,2,624.3212510801793,-919.6774671815394,47579.325760374,57.267114129131734,LOSS,52912.01656237857,-10.078411575408026
2021-12-21,96.81999969482422,89.9800033569336,2,581.5046788966557,581.5046788966557,48160.830439270656,57.74607438271635,WIN,52912.01656237857,-8.979408519625574
2021-12-22,96.33999633789062,96.81999969482422,2,642.6745625317744,546.6738911450557,48707.504330415715,58.90510926889627,LOSS,52912.01656237857,-7.946233209626607
2021-12-23,96.83999633789062,96.33999633789062,2,636.4866420495479,636.4866420495479,49343.99097246526,58.6990199213703,WIN,52912.01656237857,-6.743318099976261
2021-12-27,107.08999633789062,96.83999633789062,2,634.5546841287925,634.5546841287925,49978.545656594055,58.34143822192185,WIN,52912.01656237857,-5.544054255286633
2021-12-28,102.87000274658203,107.08999633789062,2,770.4374375274916,-73.56128073422713,49904.98437585983,62.585814038131176,LOSS,52912.01656237857,-5.683079916210941
2021-12-29,99.33999633789062,102.87000274658203,2,719.1978326135842,13.196550875302933,49918.180926735135,61.24328175726196,LOSS,52912.01656237857,-5.658139360676174
2021-12-30,103.41999816894531,99.33999633789062,2,698.3257330806788,698.3257330806788,50616.506659815816,61.496786087147015,WIN,52912.01656237857,-4.338352706434
2021-12-31,103.69000244140625,103.41999816894531,2,734.8028297888472,734.8028297888472,51351.30948960466,61.995397038973856,WIN,52912.01656237857,-2.9496268979542233
2022-01-03,102.72000122070312,103.69000244140625,2,728.1132516729159,534.1130075322909,51885.422497136955,61.44629532402858,LOSS,52912.01656237857,-1.940190776950174
2022-01-04,101.38999938964844,102.72000122070312,2,705.0704599443949,439.0700937334574,52324.49259087041,60.40111642382892,LOSS,52912.01656237857,-1.1103790966188634
2022-01-05,90.01000213623047,101.38999938964844,2,613.2694629634454,-1662.7299877201483,50661.76260315026,55.00785322613068,LOSS,52912.01656237857,-4.25282214783
2022-01-06,87.33000183105469,90.01000213623047,2,602.0015021479436,66.00144111278735,50727.76404426304,59.23803537856125,LOSS,52912.01656237857,-4.128084053535342
2022-01-07,86.27999877929688,87.33000183105469,2,564.6267570127864,354.62614666122386,51082.39019092427,57.76485604336459,LOSS,52912.01656237857,-3.4578655101858287
2022-01-10,81.44000244140625,86.27999877929688,2,549.3507838639312,-418.64848371419384,50663.74170721008,57.114208889833534,LOSS,52912.01656237857,-4.249081779973319
2022-01-11,83.55000305175781,81.44000244140625,2,526.6236889491835,526.6236889491835,51190.365396159264,57.77122033724838,WIN,52912.01656237857,-3.2537999457828906
2022-01-12,86.4800033569336,83.55000305175781,2,535.1167392861298,535.1167392861298,51725.482135445396,57.36342797204423,WIN,52912.01656237857,-2.242466842166859
2022-01-13,80.30999755859375,86.4800033569336,2,566.5027268162668,-667.498432851702,51057.983702593694,58.32866772708196,LOSS,52912.01656237857,-3.503992061234593
2022-01-14,79.94999694824219,80.30999755859375,2,540.6062177586278,468.60609568831535,51526.58979828201,59.52464365850008,LOSS,52912.01656237857,-2.6183594088939466
2022-01-18,73.16000366210938,79.94999694824219,2,532.0701143084457,-825.9285429181168,50700.66125536389,59.01892608642581,LOSS,52912.01656237857,-4.179306423537438
2022-01-19,69.4000015258789,73.16000366210938,2,474.9030032918207,-277.09742395427304,50423.56383140962,57.935865934031966,LOSS,52912.01656237857,-4.703001118914616
2022-01-20,65.0199966430664,69.4000015258789,2,438.48692298648206,-437.51405357601794,49986.04977783361,56.7913301825922,LOSS,52912.01656237857,-5.529871992490611
2022-01-21,64.51000213623047,65.0199966430664,2,386.77042897084027,284.77152760365277,50270.82130543726,54.345525313855006,LOSS,52912.01656237857,-4.991673779485567
2022-01-24,63.900001525878906,64.51000213623047,2,383.4471010546615,261.446978984349,50532.26828442161,54.3158284275391,LOSS,52912.01656237857,-4.4975573273633405
2022-01-25,59.61000061035156,63.900001525878906,2,377.7978108819083,-480.2023722235605,50052.06591219805,54.10637830944843,LOSS,52912.01656237857,-5.405106128980918
2022-01-26,60.27000045776367,59.61000061035156,2,289.93643402713343,289.93643402713343,50342.002346225185,47.171602608550806,WIN,52912.01656237857,-4.8571466051073084
2022-01-27,53.939998626708984,60.27000045776367,2,299.074405538904,-966.9259606720335,49375.07638555315,47.82215424549952,LOSS,52912.01656237857,-6.684568849602786
2022-01-28,57.119998931884766,53.939998626708984,2,291.30102426705236,291.30102426705236,49666.3774098202,50.7207122029563,WIN,52912.01656237857,-6.1340303458894905
2022-01-31,65.73999786376953,57.119998931884766,2,319.5487904406455,319.5487904406455,49985.926200260845,52.00309204599389,WIN,52912.01656237857,-5.530105545435273
2022-02-01,69.62000274658203,65.73999786376953,2,483.32249895145213,483.32249895145213,50469.248699212294,63.629113812785846,WIN,52912.01656237857,-4.616659923150863
2022-02-02,64.31999969482422,69.62000274658203,2,532.9492098287238,-527.0514005228387,49942.197298689454,65.63383420738265,LOSS,52912.01656237857,-5.612750102215372
2022-02-03,60.36000061035156,64.31999969482422,2,502.5768857755323,-289.422931118999,49652.774367570455,66.68273712532266,LOSS,52912.01656237857,-6.159739141610224
2022-02-04,60.869998931884766,60.36000061035156,2,451.11315040770927,451.11315040770927,50103.88751797816,64.433946200333,WIN,52912.01656237857,-5.307166928876877
2022-02-07,58.36000061035156,60.869998931884766,2,456.42071640602893,-45.578947900611695,50058.30857007755,64.59650607927568,LOSS,52912.01656237857,-5.393307943455067
2022-02-08,60.95000076293945,58.36000061035156,2,439.2925499709042,439.2925499709042,50497.60112004845,64.78833224259219,WIN,52912.01656237857,-4.56307583643829
2022-02-09,64.52999877929688,60.95000076293945,2,464.39480315323226,464.39480315323226,50961.995923201684,65.396765542017,WIN,52912.01656237857,-3.6854022316045856
2022-02-10,64.72000122070312,64.52999877929688,2,502.9211415535724,502.9211415535724,51464.91706475526,66.54983320929341,WIN,52912.01656237857,-2.73491654947097
2022-02-11,58.849998474121094,64.72000122070312,2,498.1638410342683,-675.836708282138,50789.080356473125,65.91229954735269,LOSS,52912.01656237857,-4.012200524247065
2022-02-14,62.650001525878906,58.849998474121094,2,460.55219082251926,460.55219082251926,51249.632547295645,66.76323680017512,WIN,52912.01656237857,-3.1417891871936576
2022-02-15,66.29000091552734,62.650001525878906,2,507.4791264438507,507.4791264438507,51757.1116737395,68.57795416701288,WIN,52912.01656237857,-2.1826892333191332
2022-02-16,66.25,66.29000091552734,2,530.7042795150074,522.7040964095387,52279.815770149035,67.95336868012961,LOSS,52912.01656237857,-1.1948151541044165
2022-02-17,64.73999786376953,66.25,2,522.5389101726349,220.53848292654118,52500.35425307557,67.17011345930229,LOSS,52912.01656237857,-0.7780128901677485
2022-02-18,66.37000274658203,64.73999786376953,2,499.55359225262146,499.55359225262146,52999.9078453282,66.03856252940423,WIN,52999.9078453282,0.0
2022-02-22,62.38999938964844,66.37000274658203,2,513.4445422937958,-282.5561290929229,52717.35171623527,66.1694483470067,LOSS,52999.9078453282,-0.5331256988550254
2022-02-23,57.529998779296875,62.38999938964844,2,493.89543724929143,-478.10468482102107,52239.24703141425,67.3611361361842,LOSS,52999.9078453282,-1.435211578355603
2022-02-24,63.709999084472656,57.529998779296875,2,459.73495372680446,459.73495372680446,52698.98198514105,67.85696081931056,WIN,52999.9078453282,-0.5677856291096811
2022-02-25,63.43000030517578,63.709999084472656,2,541.0248142043071,485.02505834493206,53184.00704348598,71.16924862930918,LOSS,53184.00704348598,0.0
2022-02-28,67.55999755859375,63.43000030517578,2,501.86316914172613,501.86316914172613,53685.870212627706,67.33348302630411,WIN,53685.870212627706,0.0
2022-03-01,61.90999984741211,67.55999755859375,2,536.5963652876434,-593.4031769486847,53092.46703567902,67.53480566443893,LOSS,53685.870212627706,-1.105324687107532
2022-03-02,53.560001373291016,61.90999984741211,2,449.7074074538312,-1220.2922873703876,51872.17474830864,63.04611394762292,LOSS,53685.870212627706,-3.378347891420528
2022-03-03,50.90999984741211,53.560001373291016,2,422.1354139796069,-107.86489119617437,51764.309857112465,67.13150188324539,LOSS,53685.870212627706,-3.5792664772029004
2022-03-04,47.38999938964844,50.90999984741211,2,394.3370812593771,-309.6630102933573,51454.64684681911,66.23344396338746,LOSS,53685.870212627706,-4.156071899312868
2022-03-07,42.43000030517578,47.38999938964844,2,369.01796340787587,-622.9818534866554,50831.66499333245,66.5050523880169,LOSS,53685.870212627706,-5.316492417820403
2022-03-08,42.209999084472656,42.43000030517578,2,346.48745222996956,302.48720808934456,51134.1522014218,69.01364744351926,LOSS,53685.870212627706,-4.7530532728622985
2022-03-09,43.95000076293945,42.209999084472656,2,343.4933343135512,343.4933343135512,51477.64553573535,68.82598669235317,WIN,53685.870212627706,-4.1132325286830325
2022-03-10,41.15999984741211,43.95000076293945,2,356.91918148072415,-201.0810016247446,51276.56453411061,68.7155503955655,LOSS,53685.870212627706,-4.4877835992502835
2022-03-11,38.04999923706055,41.15999984741211,2,327.2947398167642,-294.7053822535483,50981.85915185706,67.5959967313504,LOSS,53685.870212627706,-5.036727634405787
2022-03-14,35.83000183105469,38.04999923706055,2,306.5897807083682,-137.40970049280367,50844.44945136426,68.2956853175245,LOSS,53685.870212627706,-5.292678967500661
2022-03-15,37.0,35.83000183105469,2,283.0539094977267,283.0539094977267,51127.503360861985,67.25301520264561,WIN,53685.870212627706,-4.765437985140371
2022-03-16,41.58000183105469,37.0,2,284.0422259023919,284.0422259023919,51411.545586764376,65.7773710526323,WIN,53685.870212627706,-4.236356078155506
2022-03-17,42.130001068115234,41.58000183105469,2,348.4183435350576,348.4183435350576,51759.96393029943,70.42497887279731,WIN,53685.870212627706,-3.587361580804313
2022-03-18,45.599998474121094,42.130001068115234,2,354.4313223401489,354.4313223401489,52114.39525263958,70.64544932289962,WIN,53685.870212627706,-2.927166782924739
2022-03-21,43.560001373291016,45.599998474121094,2,403.4974502120658,-4.501969953949811,52109.89328268563,73.52817673424104,LOSS,53685.870212627706,-2.935552546136023
2022-03-22,46.93000030517578,43.560001373291016,2,383.68129117626273,383.68129117626273,52493.57457386189,73.26017258708009,WIN,53685.870212627706,-2.2208741965877024
2022-03-23,45.869998931884766,46.93000030517578,2,426.2210486443173,214.22077398611418,52707.795347848005,75.07217616242265,LOSS,53685.870212627706,-1.8218478361363013
2022-03-24,48.65999984741211,45.869998931884766,2,407.99137370073,407.99137370073,53115.786721548735,73.83168394415506,WIN,53685.870212627706,-1.0618873994611693
2022-03-25,46.15999984741211,48.65999984741211,2,414.2607735853286,-85.7392264146714,53030.047495134066,71.31067551751671,LOSS,53685.870212627706,-1.221592785766898
2022-03-28,45.97999954223633,46.15999984741211,2,396.00362918868035,360.0035681535241,53390.05106328759,71.74432000518226,LOSS,53685.870212627706,-0.5510186351986082
2022-03-29,53.880001068115234,45.97999954223633,2,381.44623425162354,381.44623425162354,53771.497297539216,69.87232951388145,WIN,53771.497297539216,0.0
2022-03-30,52.0099983215332,53.880001068115234,2,510.91625067321786,136.9157013568116,53908.41299889603,77.7207365101003,LOSS,53908.41299889603,0.0
2022-03-31,50.2400016784668,52.0099983215332,2,457.18945805177566,103.19012943849441,54011.60312833452,73.14312858497979,LOSS,54011.60312833452,0.0
2022-04-01,46.439998626708984,50.2400016784668,2,438.7343775898873,-321.2662327616752,53690.336895572844,72.76184394591044,LOSS,54011.60312833452,-0.5948096596917
2022-04-04,46.529998779296875,46.439998626708984,2,407.48256982081415,407.48256982081415,54097.81946539366,73.03712183570903,WIN,54097.81946539366,0.0
2022-04-05,42.189998626708984,46.529998779296875,2,383.76708111735536,-484.23294940022276,53613.58651599343,69.5536366133243,LOSS,54097.81946539366,-0.8951062245863525
2022-04-06,40.099998474121094,42.189998626708984,2,365.887042222866,-52.112988294712125,53561.47352769872,72.3622987184608,LOSS,54097.81946539366,-0.9914372575368582
2022-04-07,39.97999954223633,40.099998474121094,2,349.11620994714946,325.11642357019633,53886.589951268914,72.585704821016,LOSS,54097.81946539366,-0.39045846248917376
2022-04-08,38.79999923706055,39.97999954223633,2,341.1417397914646,105.14167875630835,53991.73163002522,71.43923309445067,LOSS,54097.81946539366,-0.1961037180737067
2022-04-11,39.5,38.79999923706055,2,322.30044422383065,322.30044422383065,54314.03207424905,69.9437396668427,WIN,54314.03207424905,0.0
2022-04-12,38.150001525878906,39.5,2,321.09516303683523,51.09546821261648,54365.12754246167,68.76822459374716,LOSS,54365.12754246167,0.0
2022-04-13,41.150001525878906,38.150001525878906,2,311.5621546530198,311.5621546530198,54676.689697114685,69.01808297387382,WIN,54676.689697114685,0.0
2022-04-14,40.59000015258789,41.150001525878906,2,318.5926566064919,206.5923819482888,54883.28207906298,66.21001869113377,LOSS,54883.28207906298,0.0
2022-04-18,38.22999954223633,40.59000015258789,2,314.3536657140731,-157.6464563562394,54725.63562270674,66.22577113047524,LOSS,54883.28207906298,-0.2872394842005627
2022-04-19,39.150001525878906,38.22999954223633,2,287.77088885207644,287.77088885207644,55013.40651155882,64.78879254402327,WIN,55013.40651155882,0.0
2022-04-20,36.22999954223633,39.150001525878906,2,293.31626420196596,-290.68413252654966,54722.72237903227,64.55567435009809,LOSS,55013.40651155882,-0.5283878075528249
2022-04-21,33.7599983215332,36.22999954223633,2,266.5340506281282,-227.46619351249677,54495.25618551977,63.66014510092912,LOSS,55013.40651155882,-0.9418619185673903
2022-04-22,33.61000061035156,33.7599983215332,2,253.55746221149764,223.5579199751695,54718.81410549494,64.67787480963756,LOSS,55013.40651155882,-0.5354920277514218
2022-04-25,33.900001525878906,33.61000061035156,2,242.67080135686578,242.67080135686578,54961.4849068518,62.75710943079232,WIN,55013.40651155882,-0.09437991209670996
2022-04-26,30.68000030517578,33.900001525878906,2,243.4384936550749,-400.5617504855501,54560.923156366254,62.498354333392975,LOSS,55013.40651155882,-0.8224965220023074
2022-04-27,31.219999313354492,30.68000030517578,2,229.97938710216857,229.97938710216857,54790.90254346842,64.5818333516072,WIN,55013.40651155882,-0.4044540816494315
2022-04-28,32.18000030517578,31.219999313354492,2,167.8034092643631,167.8034092643631,54958.70595273279,50.55141734679573,WIN,55013.40651155882,-0.09943132464363197
2022-04-29,30.239999771118164,32.18000030517578,2,179.47313397137597,-208.52697284014747,54750.17897989264,51.88947133332268,LOSS,55013.40651155882,-0.4784788806177086
2022-05-02,31.739999771118164,30.239999771118164,2,171.20513785852938,171.20513785852938,54921.38411775117,52.44760428064059,WIN,55013.40651155882,-0.16727266977788474
2022-05-03,31.989999771118164,31.739999771118164,2,183.82052196795593,183.82052196795593,55105.20463971913,53.30682029807741,WIN,55105.20463971913,0.0
2022-05-04,33.91999816894531,31.989999771118164,2,185.8264537567257,185.8264537567257,55291.03109347585,53.42220906337909,WIN,55291.03109347585,0.0
2022-05-05,30.709999084472656,33.91999816894531,2,195.06651004163254,-446.9333068528987,54844.09778662295,53.037846591037315,LOSS,55291.03109347585,-0.8083287614899225
2022-05-06,28.790000915527344,30.709999084472656,2,187.44630256280914,-196.55333122625336,54647.544455396695,55.372542782858105,LOSS,55291.03109347585,-1.1638173956120823
2022-05-09,22.780000686645508,28.790000915527344,2,179.78051909881307,-1022.2195266775541,53625.32492871914,56.303797237205195,LOSS,55291.03109347585,-3.012615485395166
2022-05-10,22.790000915527344,22.780000686645508,2,185.17083792333113,185.17083792333113,53810.495766642474,68.76601980238189,WIN,55291.03109347585,-2.6777133606540326
2022-05-11,20.600000381469727,22.790000915527344,2,183.9903854726422,-254.00972133888123,53556.486045303594,68.39982273276914,LOSS,55291.03109347585,-3.1371182882081
2022-05-12,24.299999237060547,20.600000381469727,2,170.88903395742824,170.88903395742824,53727.37507926102,69.87013073627543,WIN,55291.03109347585,-2.8280463997339633
2022-05-13,26.700000762939453,24.299999237060547,2,233.6671744885428,233.6671744885428,53961.04225374957,78.60342105617738,WIN,55291.03109347585,-2.4054332383090937
2022-05-16,24.860000610351562,26.700000762939453,2,271.1531740385399,-96.84685647903825,53864.19539727053,80.0,LOSS,55291.03109347585,-2.580591585989945
2022-05-17,27.489999771118164,24.860000610351562,2,253.38478175639167,253.38478175639167,54117.580179026925,80.0,WIN,55291.03109347585,-2.1223169314116674
2022-05-18,27.290000915527344,27.489999771118164,2,293.35853581337904,253.35876469521497,54370.93894372214,80.0,LOSS,55291.03109347585,-1.6640893315919378
2022-05-19,29.610000610351562,27.290000915527344,2,287.4275842727472,287.4275842727472,54658.366527994884,80.0,WIN,55291.03109347585,-1.1442444696163774
2022-05-20,28.920000076293945,29.610000610351562,2,316.6960224106401,178.6959155991167,54837.062443594,80.0,LOSS,55291.03109347585,-0.8210529644751411
2022-05-23,27.989999771118164,28.920000076293945,2,309.73037443882595,123.7303134036697,54960.79275699767,80.0,LOSS,55291.03109347585,-0.5972728848551937
2022-05-24,26.530000686645508,27.989999771118164,2,300.34539551992316,8.345578625391909,54969.13833562306,80.0,LOSS,55291.03109347585,-0.5821789745765418
2022-05-25,27.25,26.530000686645508,2,279.0882466687054,279.0882466687054,55248.22658229176,80.0,WIN,55291.03109347585,-0.07741673529604673
2022-05-26,29.229999542236328,27.25,2,287.14229604562956,287.14229604562956,55535.368878337395,80.0,WIN,55535.368878337395,0.0
2022-05-27,30.959999084472656,29.229999542236328,2,312.7016961833895,312.7016961833895,55848.07057452078,80.0,WIN,55848.07057452078,0.0
2022-05-31,31.399999618530273,30.959999084472656,2,330.52887985408097,330.52887985408097,56178.59945437486,80.0,WIN,56178.59945437486,0.0
2022-06-01,30.25,31.399999618530273,2,333.0289466423627,103.02902293630802,56281.62847731117,80.0,LOSS,56281.62847731117,0.0
2022-06-02,31.940000534057617,30.25,2,322.4174289103814,322.4174289103814,56604.04590622155,80.0,WIN,56604.04590622155,0.0
2022-06-03,30.190000534057617,31.940000534057617,2,339.85006950655827,-10.14993049344173,56593.89597572811,80.0,LOSS,56604.04590622155,-0.017931457603324544
2022-06-06,28.979999542236328,30.190000534057617,2,314.6049141070842,72.60471574282639,56666.50069147094,80.0,LOSS,56666.50069147094,0.0
2022-06-07,29.719999313354492,28.979999542236328,2,299.39896327986986,299.39896327986986,56965.89965475081,80.0,WIN,56965.89965475081,0.0
2022-06-08,29.799999237060547,29.719999313354492,2,249.9423043391153,249.9423043391153,57215.84195908992,70.62627815224872,WIN,57215.84195908992,0.0
2022-06-09,28.8700008392334,29.799999237060547,2,250.5295826789367,64.529903113507,57280.37186220343,70.60729771839446,LOSS,57280.37186220343,0.0
2022-06-10,28.360000610351562,28.8700008392334,2,228.6183132634402,126.61826748707301,57406.9901296905,67.37852307473153,LOSS,57406.9901296905,0.0
2022-06-13,26.809999465942383,28.360000610351562,2,185.32250625629715,-124.67772262553879,57282.312407064965,58.222606959183686,LOSS,57406.9901296905,-0.21718212772324705
2022-06-14,27.299999237060547,26.809999465942383,2,167.00872242086297,167.00872242086297,57449.32112948583,56.20324087152017,WIN,57449.32112948583,0.0
2022-06-15,29.079999923706055,27.299999237060547,2,161.45613816855396,161.45613816855396,57610.77726765438,54.11838838615953,WIN,57610.77726765438,0.0
2022-06-16,26.420000076293945,29.079999923706055,2,159.31097848060537,-372.6889910018165,57238.08827665257,51.236006816358284,LOSS,57610.77726765438,-0.6469084582392207
2022-06-17,26.239999771118164,26.420000076293945,2,159.6809820220416,123.68092098688535,57361.769197639456,54.97692716851807,LOSS,57610.77726765438,-0.4322248055395223
2022-06-21,29.06999969482422,26.239999771118164,2,145.4119101635091,145.4119101635091,57507.181107802964,51.65432120001086,WIN,57610.77726765438,-0.1798207987545809
2022-06-22,28.559999465942383,29.06999969482422,2,182.60334507427066,80.60329929790348,57587.784407100866,56.548249458792505,LOSS,57610.77726765438,-0.03991069317932342
2022-06-23,29.469999313354492,28.559999465942383,2,178.04680343480283,178.04680343480283,57765.83121053567,56.23490655000135,WIN,57765.83121053567,0.0
2022-06-24,29.5,29.469999313354492,2,179.29235322886373,179.29235322886373,57945.12356376453,55.241176592440716,WIN,57945.12356376453,0.0
2022-06-27,28.440000534057617,29.5,2,178.68118356342544,-33.31870962505113,57911.80485413948,55.063218277585214,LOSS,57945.12356376453,-0.05750045487155228
2022-06-28,26.989999771118164,28.440000534057617,2,166.00133578531089,-123.99881680257974,57787.8060373369,53.60744053665792,LOSS,57945.12356376453,-0.27149398733184493
2022-06-29,26.270000457763672,26.989999771118164,2,154.7687803297031,10.768917658804668,57798.5749549957,52.92883539659765,LOSS,57945.12356376453,-0.2529093041065993
2022-06-30,25.739999771118164,26.270000457763672,2,150.56163449924114,44.561497170139575,57843.13645216584,52.909082121339424,LOSS,57945.12356376453,-0.1760063752154401
2022-07-01,25.700000762939453,25.739999771118164,2,146.3433172618051,138.34351562606292,57981.4799677919,52.605674723568825,LOSS,57981.4799677919,0.0
2022-07-05,26.860000610351562,25.700000762939453,2,138.94094809944554,138.94094809944554,58120.42091589134,50.75906465776894,WIN,58120.42091589134,0.0
2022-07-06,29.65999984741211,26.860000610351562,2,146.16123485234056,146.16123485234056,58266.582150743685,50.992765259689435,WIN,58266.582150743685,0.0
2022-07-07,31.6299991607666,29.65999984741211,2,180.1784435180215,180.1784435180215,58446.76059426171,55.18099760753845,WIN,58446.76059426171,0.0
2022-07-08,31.989999771118164,31.6299991607666,2,198.89976477621246,198.89976477621246,58645.66035903792,56.59337080222266,WIN,58645.66035903792,0.0
2022-07-11,29.93000030517578,31.989999771118164,2,201.24457466378308,-210.75531852469348,58434.90504051323,56.610120433796524,LOSS,58645.66035903792,-0.35937069722536535
2022-07-12,30.149999618530273,29.93000030517578,2,194.3862244640212,194.3862244640212,58629.29126497725,57.958369778202325,WIN,58645.66035903792,-0.0279118590539548
2022-07-13,30.760000228881836,30.149999618530273,2,195.02492902276077,195.02492902276077,58824.31619400001,57.78503052908173,WIN,58824.31619400001,0.0
2022-07-14,30.829999923706055,30.760000228881836,2,192.52081256670718,192.52081256670718,59016.83700656671,56.39809724199259,WIN,59016.83700656671,0.0
2022-07-15,31.600000381469727,30.829999923706055,2,192.80923673648846,192.80923673648846,59209.6462433032,56.36598217185509,WIN,59209.6462433032,0.0
2022-07-18,31.799999237060547,31.600000381469727,2,191.56687707261472,191.56687707261472,59401.21312037581,55.097967567480644,WIN,59401.21312037581,0.0
2022-07-19,31.709999084472656,31.799999237060547,2,172.08093067583812,154.08090015826,59555.29402053407,50.79271689212924,LOSS,59555.29402053407,0.0
2022-07-20,32.7400016784668,31.709999084472656,2,171.3253406501299,171.3253406501299,59726.6193611842,50.736696446770566,WIN,59726.6193611842,0.0
2022-07-21,34.130001068115234,32.7400016784668,2,154.0993775885658,154.0993775885658,59880.71873877277,46.13230065572482,WIN,59880.71873877277,0.0
2022-07-22,32.47999954223633,34.130001068115234,2,162.04532425510817,-167.95498092067308,59712.763757852095,46.40430820996713,LOSS,59880.71873877277,-0.28048257345301697
2022-07-25,32.16999816894531,32.47999954223633,2,160.69396328134178,98.69368862313866,59811.45744647524,47.72446659665979,LOSS,59880.71873877277,-0.1156654324736497
2022-07-26,31.690000534057617,32.16999816894531,2,159.66276502583122,63.66323804829216,59875.12068452353,47.827789395328075,LOSS,59880.71873877277,-0.009348675779362438
2022-07-27,32.0099983215332,31.690000534057617,2,154.08641774827413,154.08641774827413,60029.2071022718,47.16111824742713,WIN,60029.2071022718,0.0
2022-07-28,33.845001220703125,32.0099983215332,2,146.80840012248666,146.80840012248666,60176.015502394286,45.3357183275822,WIN,60176.015502394286,0.0
2022-07-29,34.29999923706055,33.845001220703125,2,157.08199823138574,157.08199823138574,60333.09750062567,45.69876553225756,WIN,60333.09750062567,0.0
2022-08-01,34.810001373291016,34.29999923706055,2,155.8341563739177,155.8341563739177,60488.931656999586,45.05090617388819,WIN,60488.931656999586,0.0
2022-08-02,35.0099983215332,34.810001373291016,2,157.30199689297885,157.30199689297885,60646.23365389257,44.889539506884695,WIN,60646.23365389257,0.0
2022-08-03,36.59000015258789,35.0099983215332,2,155.76377935390016,155.76377935390016,60801.99743324647,44.42818074833238,WIN,60801.99743324647,0.0
2022-08-04,36.18000030517578,36.59000015258789,2,137.9913526087003,55.991383126278436,60857.98881637275,39.94471170794894,LOSS,60857.98881637275,0.0
2022-08-05,35.66999816894531,36.18000030517578,2,125.55576542090205,23.5553381748083,60881.54415454756,37.95393367689856,LOSS,60881.54415454756,0.0
2022-08-08,38.09000015258789,35.66999816894531,2,125.33680795900383,125.33680795900383,61006.88096250657,38.241522358058916,WIN,61006.88096250657,0.0
2022-08-09,36.70000076293945,38.09000015258789,2,125.48518442599281,-152.51469350369467,60854.36626900287,36.79066617775372,LOSS,61006.88096250657,-0.2499958875088687
2022-08-10,37.400001525878906,36.70000076293945,2,130.1596408922235,130.1596408922235,60984.5259098951,38.45844914028244,WIN,61006.88096250657,-0.03664349374820417
2022-08-11,38.95000076293945,37.400001525878906,2,132.55524369741394,132.55524369741394,61117.08115359251,38.44306119601673,WIN,61117.08115359251,0.0
2022-08-12,38.900001525878906,38.95000076293945,2,141.48049686832417,131.4806494562148,61248.561803048724,39.02581532396286,LOSS,61248.561803048724,0.0
2022-08-15,37.279998779296875,38.900001525878906,2,141.2320686489696,-182.76848066743665,61065.79332238129,39.01445476446759,LOSS,61248.561803048724,-0.2984045262240581
2022-08-16,38.22999954223633,37.279998779296875,2,145.19755474960346,145.19755474960346,61210.99087713089,40.76157681203266,WIN,61248.561803048724,-0.061341727563573256
2022-08-17,36.41999816894531,38.22999954223633,2,149.3478991071934,-212.65237555100973,60998.338501579885,40.83948499862347,LOSS,61248.561803048724,-0.4085374319048645
2022-08-18,35.900001525878906,36.41999816894531,2,150.6751639282993,46.67583531501805,61045.01433689491,42.36470569403343,LOSS,61248.561803048724,-0.332330197088294
2022-08-19,34.45000076293945,35.900001525878906,2,144.89556329008792,-145.1045892978027,60899.90974759711,41.69621241282155,LOSS,61248.561803048724,-0.5692412118553006
2022-08-22,33.060001373291016,34.45000076293945,2,136.5702125656681,-141.4296653640194,60758.48008223309,41.22139411798634,LOSS,61248.561803048724,-0.8001522099270622
2022-08-23,32.209999084472656,33.060001373291016,2,136.33481113077838,-33.6656466328935,60724.814435600194,42.27676877717964,LOSS,61248.561803048724,-0.855117821595053
2022-08-24,32.560001373291016,32.209999084472656,2,134.22541571158746,134.22541571158746,60859.03985131178,42.56341816913593,WIN,61248.561803048724,-0.6359691399603633
2022-08-25,32.900001525878906,32.560001373291016,2,135.72525907421894,135.72525907421894,60994.765110386004,42.57181104073617,WIN,61248.561803048724,-0.4143716769690525
2022-08-26,32.11000061035156,32.900001525878906,2,127.36096785896933,-30.63921524649942,60964.12589513951,40.605275992637004,LOSS,61248.561803048724,-0.4643960601456265
2022-08-29,32.310001373291016,32.11000061035156,2,125.10666964422394,125.10666964422394,61089.23256478373,40.77087581301871,WIN,61248.561803048724,-0.26013547677631393
2022-08-30,31.889999389648438,32.310001373291016,2,125.14736804387148,41.146971315355856,61130.379536099084,40.61968423127847,LOSS,61248.561803048724,-0.19295517065309595
2022-08-31,32.709999084472656,31.889999389648438,2,123.51246076841666,123.51246076841666,61253.8919968675,40.61800417570146,WIN,61253.8919968675,0.0
2022-09-01,31.950000762939453,32.709999084472656,2,121.60625077511004,-30.393413531530584,61223.498583335975,39.59033219406492,LOSS,61253.8919968675,-0.04961874672891447
2022-09-02,32.06999969482422,31.950000762939453,2,119.700482256219,119.700482256219,61343.19906559219,39.78072772315941,WIN,61343.19906559219,0.0
2022-09-06,33.220001220703125,32.06999969482422,2,120.1640149880267,120.1640149880267,61463.36308058022,39.78360642521822,WIN,61463.36308058022,0.0
2022-09-07,33.25,33.220001220703125,2,111.43284903919881,111.43284903919881,61574.79592961942,37.18720617154772,WIN,61574.79592961942,0.0
2022-09-08,36.880001068115234,33.25,2,108.02679161028972,108.02679161028972,61682.822721229706,36.489625979926714,WIN,61682.822721229706,0.0
2022-09-09,37.54999923706055,36.880001068115234,2,163.39956638177577,163.39956638177577,61846.22228761148,44.30549108333191,WIN,61846.22228761148,0.0
2022-09-12,38.7400016784668,37.54999923706055,2,161.75030824361224,161.75030824361224,62007.97259585509,43.492083807971554,WIN,62007.97259585509,0.0
2022-09-13,38.7599983215332,38.7400016784668,2,170.3491824233866,170.3491824233866,62178.32177827848,44.085025374816496,WIN,62178.32177827848,0.0
2022-09-14,40.099998474121094,38.7599983215332,2,164.1135017400321,164.1135017400321,62342.43528001851,43.005903714840215,WIN,62342.43528001851,0.0
2022-09-15,39.689998626708984,40.099998474121094,2,171.55740346021446,89.55743397779258,62431.992713996304,43.29789541143167,LOSS,62431.992713996304,0.0
2022-09-16,39.2599983215332,39.689998626708984,2,161.04504819737616,75.04498716221991,62507.03770115852,41.838319611451084,LOSS,62507.03770115852,0.0
2022-09-19,37.939998626708984,39.2599983215332,2,158.85832502654654,-105.14161393829721,62401.89608722022,41.763858869167706,LOSS,62507.03770115852,-0.16820764157945575
2022-09-20,35.75,37.939998626708984,2,151.4748366286674,-286.5248887131295,62115.37119850709,41.40779929558703,LOSS,62507.03770115852,-0.6265958475331359
2022-09-21,35.099998474121094,35.75,2,148.95635880700033,18.956053631219078,62134.32725213831,42.55954416818383,LOSS,62507.03770115852,-0.5962695765589017
2022-09-22,33.33000183105469,35.099998474121094,2,144.9632260134986,-209.03610259978265,61925.29114953853,42.31742606514246,LOSS,62507.03770115852,-0.9306896839381227
2022-09-23,33.560001373291016,33.33000183105469,2,146.05701146139413,146.05701146139413,62071.34816099992,43.985186643772465,WIN,62507.03770115852,-0.697024777020469
2022-09-26,33.849998474121094,33.560001373291016,2,146.92151929336163,146.92151929336163,62218.269680293284,43.95692687630349,WIN,62507.03770115852,-0.46197681330831347
2022-09-27,33.790000915527344,33.849998474121094,2,146.24316407817093,134.24365235942093,62352.51333265271,43.57629693763975,LOSS,62507.03770115852,-0.24721115283783765
2022-09-28,35.08000183105469,33.790000915527344,2,146.0226334796007,146.0226334796007,62498.53596613231,43.58386826768515,WIN,62507.03770115852,-0.013601244498034673
2022-09-29,32.310001373291016,35.08000183105469,2,154.23977975278794,-399.7603117999464,62098.77565433236,44.08210363447003,LOSS,62507.03770115852,-0.6531457286106401
2022-09-30,32.90999984741211,32.310001373291016,2,158.28027594736443,158.28027594736443,62257.05593027973,47.402524744983445,WIN,62507.03770115852,-0.39992580047376447
2022-10-03,31.889999389648438,32.90999984741211,2,160.4630108198912,-43.53708073284318,62213.51884954688,47.25047274555693,LOSS,62507.03770115852,-0.4695772866647932
2022-10-04,36.29999923706055,31.889999389648438,2,158.05388509407578,158.05388509407578,62371.57273464096,47.782320610692956,WIN,62507.03770115852,-0.21671954311002248
2022-10-05,36.130001068115234,36.29999923706055,2,222.6011493256542,188.6015155365917,62560.17425017755,55.56110847459382,LOSS,62560.17425017755,0.0
2022-10-06,36.7599983215332,36.130001068115234,2,221.74301979229605,221.74301979229605,62781.91726996985,55.594856628210266,WIN,62781.91726996985,0.0
2022-10-07,33.95000076293945,36.7599983215332,2,198.95094318314756,-363.04856853560244,62418.86870143424,50.79806466258805,LOSS,62781.91726996985,-0.5782693239112954
2022-10-10,31.479999542236328,33.95000076293945,2,195.74220283668572,-298.2580413039393,62120.6106601303,53.13587467950567,LOSS,62781.91726996985,-1.0533393030923928
2022-10-11,32.33000183105469,31.479999542236328,2,187.44042865345543,187.44042865345543,62308.05108878376,54.38379662228217,WIN,62781.91726996985,-0.7547813156906399
2022-10-12,32.349998474121094,32.33000183105469,2,194.91395168452874,194.91395168452874,62502.96504046829,54.87734410818767,WIN,62781.91726996985,-0.4443193862685452
2022-10-13,32.5,32.349998474121094,2,191.36920515337198,191.36920515337198,62694.33424562166,54.12792498560376,WIN,62781.91726996985,-0.1395035834467521
2022-10-14,28.709999084472656,32.5,2,192.65118718593683,-565.348995919532,62128.985249702135,54.208240851949405,LOSS,62781.91726996985,-1.0400001284765246
2022-10-17,30.700000762939453,28.709999084472656,2,189.39830830872842,189.39830830872842,62318.383558010864,58.63469509759111,WIN,62781.91726996985,-0.7383236003541133
2022-10-18,31.639999389648438,30.700000762939453,2,212.92157165685578,212.92157165685578,62531.30512966772,60.874390339194335,WIN,62781.91726996985,-0.39917885786198876
2022-10-19,31.5,31.639999389648438,2,217.3503721675842,189.3504942378967,62720.655623905615,60.43734538684138,LOSS,62781.91726996985,-0.09757848872438649
2022-10-20,30.729999542236328,31.5,2,216.04817201128063,62.04808045854625,62782.70370436416,60.36585193269475,LOSS,62782.70370436416,0.0
2022-10-21,31.920000076293945,30.729999542236328,2,207.7238574041119,207.7238574041119,62990.42756176827,59.71084251977895,WIN,62990.42756176827,0.0
2022-10-24,31.34000015258789,31.920000076293945,2,218.54731666083654,102.5473319196256,63092.9748936879,60.2867988880806,LOSS,63092.9748936879,0.0
2022-10-25,34.4900016784668,31.34000015258789,2,214.86818520168381,214.86818520168381,63307.84307888958,60.34841894827508,WIN,63307.84307888958,0.0
2022-10-26,34.439998626708984,34.4900016784668,2,254.89623641068957,244.89562605912707,63552.73870494871,63.883155903849676,LOSS,63552.73870494871,0.0
2022-10-27,34.5,34.439998626708984,2,252.20205317222786,252.20205317222786,63804.94075812094,63.436697113870196,WIN,63804.94075812094,0.0
2022-10-28,34.47999954223633,34.5,2,240.3954151352635,236.39532358252913,64041.33608170347,61.08887570782898,LOSS,64041.33608170347,0.0
2022-10-31,34.970001220703125,34.47999954223633,2,239.9254834763749,239.9254834763749,64281.26156517985,61.02546192669216,WIN,64281.26156517985,0.0
2022-11-01,33.47999954223633,34.970001220703125,2,241.01025196471446,-56.99008372864492,64224.2714814512,60.58572832835247,LOSS,64281.26156517985,-0.08865738216861377
2022-11-02,31.520000457763672,33.47999954223633,2,197.60136045719045,-194.3984564373408,64029.87302501386,54.03853536782614,LOSS,64281.26156517985,-0.3910759279530997
2022-11-03,32.2400016784668,31.520000457763672,2,191.91316798218696,191.91316798218696,64221.78619299605,55.2724070768823,WIN,64281.26156517985,-0.09252365422774408
2022-11-04,31.989999771118164,32.2400016784668,2,196.85081405591018,146.85043258618362,64368.636625582236,55.38603227806379,LOSS,64368.636625582236,0.0
2022-11-07,31.31999969482422,31.989999771118164,2,184.51797529571823,50.51796003692917,64419.154585619166,53.151662906104974,LOSS,64419.154585619166,0.0
2022-11-08,31.850000381469727,31.31999969482422,2,170.49862908400385,170.49862908400385,64589.65321470317,51.00710215749654,WIN,64589.65321470317,0.0
2022-11-09,28.06999969482422,31.850000381469727,2,172.4211620924826,-583.5789752366189,64006.07423946655,50.80718290405994,LOSS,64589.65321470317,-0.9035177403673881
2022-11-10,32.959999084472656,28.06999969482422,2,176.3805119971211,176.3805119971211,64182.45475146367,56.56207480727844,WIN,64589.65321470317,-0.6304391539089446
2022-11-11,34.900001525878906,32.959999084472656,2,261.30515424535173,261.30515424535173,64443.75990570903,67.43844611924354,WIN,64589.65321470317,-0.2258772136601763
2022-11-14,34.380001068115234,34.900001525878906,2,254.73325794077536,150.73316638804098,64594.493072097066,63.277995823926275,LOSS,64594.493072097066,0.0
2022-11-15,35.150001525878906,34.380001068115234,2,245.52983286272826,245.52983286272826,64840.02290495979,62.237555047990995,WIN,64840.02290495979,0.0
2022-11-16,33.31999969482422,35.150001525878906,2,250.43299748247588,-115.56736872846162,64724.455536231326,62.12541981934724,LOSS,64840.02290495979,-0.17823462045634958
2022-11-17,32.06999969482422,33.31999969482422,2,243.0594238376258,-6.940576162374214,64717.514960068955,63.249909601957086,LOSS,64840.02290495979,-0.18893877485269273
2022-11-18,30.34000015258789,32.06999969482422,2,235.46760903040695,-110.53229941685868,64606.982660652095,63.56475999639531,LOSS,64840.02290495979,-0.3594080228029508
2022-11-21,28.420000076293945,30.34000015258789,2,225.40637769177147,-158.5936375670176,64448.389023085074,64.14050892394744,LOSS,64840.02290495979,-0.6040002213582809
2022-11-22,28.940000534057617,28.420000076293945,2,216.16046092289815,216.16046092289815,64664.54948400797,65.30848182193799,WIN,64840.02290495979,-0.27062516805249087
2022-11-23,29.709999084472656,28.940000534057617,2,204.25525480339624,204.25525480339624,64868.80473881136,61.68353474561495,WIN,64868.80473881136,0.0
2022-11-25,29.530000686645508,29.709999084472656,2,211.3851131632278,175.3854335977981,65044.19017240916,62.06096074767632,LOSS,65044.19017240916,0.0
2022-11-28,28.639999389648438,29.530000686645508,2,210.01182447397747,32.01156507456341,65076.20173748372,62.04021732315535,LOSS,65076.20173748372,0.0
2022-11-29,28.850000381469727,28.639999389648438,2,204.4471630219443,204.4471630219443,65280.648900505665,62.216861132707685,WIN,65280.648900505665,0.0
2022-11-30,32.040000915527344,28.850000381469727,2,205.55508371098261,205.55508371098261,65486.20398421665,62.12717721258989,WIN,65486.20398421665,0.0
2022-12-01,31.479999542236328,32.040000915527344,2,247.3762648709532,135.37599021275008,65621.5799744294,66.06866872711305,LOSS,65621.5799744294,0.0
2022-12-02,31.360000610351562,31.479999542236328,2,238.08498138288567,214.08519500593255,65835.66516943533,65.0249095297326,LOSS,65835.66516943533,0.0
2022-12-05,29.530000686645508,31.360000610351562,2,236.47124779030858,-129.52873695090236,65706.13643248443,64.87596473959977,LOSS,65835.66516943533,-0.19674554303893782
2022-12-06,27.889999389648438,29.530000686645508,2,227.45959657644073,-100.54066282297333,65605.59576966146,65.94831627691906,LOSS,65835.66516943533,-0.3494601280047249
2022-12-07,27.940000534057617,27.889999389648438,2,218.1503190752295,218.1503190752295,65823.74608873669,66.73642034182585,WIN,65835.66516943533,-0.018104291447453787
2022-12-08,28.579999923706055,27.940000534057617,2,217.9851349019982,217.9851349019982,66041.7312236387,66.60472847490999,WIN,66041.7312236387,0.0
2022-12-09,27.290000915527344,28.579999923706055,2,203.73457972570495,-54.26522191003724,65987.46600172865,62.15107005400749,LOSS,66041.7312236387,-0.08216807903821033
2022-12-12,25.610000610351562,27.290000915527344,2,145.3458289948784,-190.65423204027786,65796.81176968837,50.22800519605061,LOSS,66041.7312236387,-0.3708555929900531
2022-12-13,24.959999084472656,25.610000610351562,2,131.8765711004973,1.8762659247160514,65798.68803561309,49.06019158262076,LOSS,66041.7312236387,-0.3680145621903587
2022-12-14,24.540000915527344,24.959999084472656,2,128.73659208390967,44.73695829484717,65843.42499390793,49.11508611591637,LOSS,66041.7312236387,-0.3002741237343299
2022-12-15,23.969999313354492,24.540000915527344,2,123.88513773549784,9.884817300927523,65853.30981120886,48.39132572909964,LOSS,66041.7312236387,-0.28530659166364764
2022-12-16,22.479999542236328,23.969999313354492,2,118.76764386750803,-179.2323103561248,65674.07750085274,47.77322261951879,LOSS,66041.7312236387,-0.5566990991513489
2022-12-19,22.030000686645508,22.479999542236328,2,114.20390057652013,24.204129458356064,65698.2816303111,48.6026607909085,LOSS,66041.7312236387,-0.5200493490465274
2022-12-20,21.399999618530273,22.030000686645508,2,109.5444477451098,-16.45576587793707,65681.82586443317,47.890076850651546,LOSS,66041.7312236387,-0.5449665727065388
2022-12-21,21.030000686645508,21.399999618530273,2,102.75887225823475,28.75908588128162,65710.58495031444,46.76103105690328,LOSS,66041.7312236387,-0.5014197344446998
2022-12-22,19.729999542236328,21.030000686645508,2,99.22673586327453,-160.7734930185614,65549.81145729589,46.208898945689285,LOSS,66041.7312236387,-0.7448620095633263
2022-12-23,19.139999389648438,19.729999542236328,2,93.17018398748054,-24.829846530097583,65524.98161076579,46.2348127415447,LOSS,66041.7312236387,-0.7824592167685943
2022-12-27,17.739999771118164,19.139999389648438,2,90.22609416251086,-189.77382954354383,65335.20778122225,46.180226558915926,LOSS,66041.7312236387,-1.0698136304512178
2022-12-28,17.739999771118164,17.739999771118164,2,87.20932654749907,87.20932654749907,65422.41710776975,47.51609259118417,WIN,66041.7312236387,-0.9377617824277632
2022-12-29,18.729999542236328,17.739999771118164,2,86.67159207584633,86.67159207584633,65509.08869984559,47.31559770649763,WIN,66041.7312236387,-0.8065241687705057
2022-12-30,18.43000030517578,18.729999542236328,2,72.34785003711487,12.348002625005492,65521.43670247059,40.54917562287705,LOSS,66041.7312236387,-0.7878268960064269
2023-01-03,17.34000015258789,18.43000030517578,2,71.23766020927272,-146.7623703083054,65374.674332162285,40.56662096784207,LOSS,66041.7312236387,-1.0100536117345824
2023-01-04,17.709999084472656,17.34000015258789,2,67.80628045837193,67.80628045837193,65442.48061262066,40.86484340289592,WIN,66041.7312236387,-0.9073817416881097
2023-01-05,16.559999465942383,17.709999084472656,2,71.45562563002473,-158.54429807602997,65283.93631454463,41.687440000961445,LOSS,66041.7312236387,-1.1474485829693366
2023-01-06,16.399999618530273,16.559999465942383,2,67.83993435716962,35.83996487474775,65319.776279419384,42.09655813050522,LOSS,66041.7312236387,-1.0931799194883853
2023-01-09,16.6200008392334,16.399999618530273,2,66.43243739154187,66.43243739154187,65386.20871681093,41.79324884363011,WIN,66041.7312236387,-0.9925883145127639
2023-01-10,16.450000762939453,16.6200008392334,2,66.00808827180667,32.00807301301761,65418.21678982395,41.269701755029374,LOSS,66041.7312236387,-0.9441218790938748
2023-01-11,17.079999923706055,16.450000762939453,2,65.0757573741241,65.0757573741241,65483.29254719807,41.16630127747547,WIN,66041.7312236387,-0.8455845510008944
2023-01-12,17.579999923706055,17.079999923706055,2,70.86610982102893,70.86610982102893,65554.1586570191,42.4435163651265,WIN,66041.7312236387,-0.7382795053759499
2023-01-13,16.450000762939453,17.579999923706055,2,76.37946291842371,-149.6203692348966,65404.538287784206,43.73735282022514,LOSS,66041.7312236387,-0.9648337862263875
2023-01-17,16.93000030517578,16.450000762939453,2,74.48684828556075,74.48684828556075,65479.025136069766,44.95040537514487,WIN,66041.7312236387,-0.8520462397683406
2023-01-18,16.5,16.93000030517578,2,79.68655910939982,-6.313501925756427,65472.71163414401,46.13272510891008,LOSS,66041.7312236387,-0.8616061071563923
2023-01-19,15.789999961853027,16.5,2,74.85715610116473,-67.1428515282298,65405.56878261578,45.008093772306566,LOSS,66041.7312236387,-0.963273417028788
2023-01-20,16.229999542236328,15.789999961853027,2,72.61829767184012,72.61829767184012,65478.18708028762,45.41956249789668,WIN,66041.7312236387,-0.8533152188920191
2023-01-23,18.100000381469727,16.229999542236328,2,76.73128870997498,76.73128870997498,65554.91836899759,46.271089560998064,WIN,66041.7312236387,-0.7371291539778032
2023-01-24,18.049999237060547,18.100000381469727,2,105.73991579504877,95.73968691321284,65650.6580559108,53.64109322519983,LOSS,66041.7312236387,-0.592160684588349
2023-01-25,18.690000534057617,18.049999237060547,2,101.58705910504098,101.58705910504098,65752.24511501584,52.22633049514303,WIN,66041.7312236387,-0.4383381587053717
2023-01-26,18.309999465942383,18.690000534057617,2,105.93458774953557,29.93437412648869,65782.17948914233,52.49017742330855,LOSS,66041.7312236387,-0.3930117059127855
2023-01-27,19.829999923706055,18.309999465942383,2,97.38736566025143,97.38736566025143,65879.56685480259,50.18060593830218,WIN,66041.7312236387,-0.24554833108018662
2023-01-30,18.040000915527344,19.829999923706055,2,113.80514131415944,-244.19466032158275,65635.37219448101,52.96017435656592,LOSS,66041.7312236387,-0.6153064458313797
2023-01-31,19.399999618530273,18.040000915527344,2,110.34882709770082,110.34882709770082,65745.7210215787,55.45947050325404,WIN,66041.7312236387,-0.44821690251819946
2023-02-01,19.709999084472656,19.399999618530273,2,124.67843362421877,124.67843362421877,65870.39945520292,57.50878037488163,WIN,66041.7312236387,-0.2594295534979094
2023-02-02,20.8799991607666,19.709999084472656,2,121.79599198615037,121.79599198615037,65992.19544718906,55.872897063403315,WIN,66041.7312236387,-0.07500678060949849
2023-02-03,19.899999618530273,20.8799991607666,2,132.0786424663979,-63.92126598086773,65928.2741812082,56.83994917558628,LOSS,66041.7312236387,-0.17179598464234092
2023-02-06,20.219999313354492,19.899999618530273,2,123.0160053462561,123.0160053462561,66051.29018655446,55.888161264550746,WIN,66051.29018655446,0.0
2023-02-07,19.90999984741211,20.219999313354492,2,124.48820905506588,62.48831586658932,66113.77850242105,55.72265745602562,LOSS,66113.77850242105,0.0
2023-02-08,20.079999923706055,19.90999984741211,2,123.42252508110863,123.42252508110863,66237.20102750216,56.002675797444766,WIN,66237.20102750216,0.0
2023-02-09,19.420000076293945,20.079999923706055,2,123.93882024465486,-8.061149237767012,66229.1398782644,55.8256097360549,LOSS,66237.20102750216,-0.012170123605340328
2023-02-10,18.850000381469727,19.420000076293945,2,121.00893876903613,7.008999804192385,66236.14887806859,56.21518500784301,LOSS,66237.20102750216,-0.0015884569656453424
2023-02-13,18.920000076293945,18.850000381469727,2,118.29836309612585,118.29836309612585,66354.44724116471,56.51035052047655,WIN,66354.44724116471,0.0
2023-02-14,19.489999771118164,18.920000076293945,2,112.88288886508033,112.88288886508033,66467.33013002979,54.463537263109565,WIN,66467.33013002979,0.0
2023-02-15,21.149999618530273,19.489999771118164,2,116.33400927060995,116.33400927060995,66583.6641393004,54.48061328420659,WIN,66583.6641393004,0.0
2023-02-16,20.68000030517578,21.149999618530273,2,131.7347150872455,37.73485241634705,66621.39899171675,56.19826258169693,LOSS,66621.39899171675,0.0
2023-02-17,20.219999313354492,20.68000030517578,2,126.32780462202543,34.32760625776761,66655.72659797451,55.40521636488852,LOSS,66655.72659797451,0.0
2023-02-21,19.079999923706055,20.219999313354492,2,124.8591798968801,-103.1406980328074,66552.58589994171,55.84400965983709,LOSS,66655.72659797451,-0.15473643945835716
2023-02-22,19.020000457763672,19.079999923706055,2,108.87118514166339,96.87129195318683,66649.4571918949,52.74188705155957,LOSS,66655.72659797451,-0.009405652596712898
2023-02-23,18.18000030517578,19.020000457763672,2,108.5352464261064,-59.46478409147173,66589.99240780342,52.744119823532415,LOSS,66655.72659797451,-0.09861746848482665
2023-02-24,17.31999969482422,18.18000030517578,2,104.89870332458197,-67.10141874573053,66522.89098905769,53.164999613747916,LOSS,66655.72659797451,-0.19928611643228164
2023-02-27,18.450000762939453,17.31999969482422,2,101.93239370123864,101.93239370123864,66624.82338275893,53.92721839302278,WIN,66655.72659797451,-0.046362430946066895
2023-02-28,19.299999237060547,18.450000762939453,2,105.31529340700989,105.31529340700989,66730.13867616594,52.755835241813266,WIN,66730.13867616594,0.0
2023-03-01,15.760000228881836,19.299999237060547,2,101.82402306433266,-606.1757785714095,66123.96289759452,49.89650947796617,LOSS,66730.13867616594,-0.9083987993987531
2023-03-02,15.720000267028809,15.760000228881836,2,109.37967365139126,101.37968128078579,66225.34257887531,60.905997900407016,LOSS,66730.13867616594,-0.7564739221363672
2023-03-03,16.920000076293945,15.720000267028809,2,108.59744953552092,108.59744953552092,66333.94002841083,60.69367678216666,WIN,66730.13867616594,-0.5937326905280679
2023-03-06,17.1299991607666,16.920000076293945,2,119.28908316738706,119.28908316738706,66453.22911157821,61.63257192120185,WIN,66730.13867616594,-0.4149692628866486
2023-03-07,14.640000343322754,17.1299991607666,2,119.67020534971024,-378.32955813905926,66074.89955343916,61.208058699810735,LOSS,66730.13867616594,-0.9819238139254942
2023-03-08,15.130000114440918,14.640000343322754,2,115.48341831160205,115.48341831160205,66190.38297175076,67.17561445336602,WIN,66730.13867616594,-0.8088634537904255
2023-03-09,14.529999732971191,15.130000114440918,2,120.87722278080702,0.8771464868617045,66191.26011823762,67.84386454579752,LOSS,66730.13867616594,-0.8075489855392519
2023-03-10,14.15999984741211,14.529999732971191,2,116.28003359454951,42.2800564827331,66233.54017472036,67.93325137427652,LOSS,66730.13867616594,-0.7441892243855782
2023-03-13,13.729999542236328,14.15999984741211,2,113.1645549568409,27.164493921684652,66260.70466864204,67.8611004359972,LOSS,66730.13867616594,-0.7034812407659055
2023-03-14,13.210000038146973,13.729999542236328,2,109.74975145428792,5.749850636416824,66266.45451927846,67.87155107069654,LOSS,66730.13867616594,-0.6948646684786451
2023-03-15,13.029999732971191,13.210000038146973,2,105.72612660988274,69.72606557472649,66336.18058485318,67.93812212038353,LOSS,66730.13867616594,-0.5903750526049301
2023-03-16,13.460000038146973,13.029999732971191,2,102.93194181254222,102.93194181254222,66439.11252666572,67.25102179239619,WIN,66730.13867616594,-0.43612399925097967
2023-03-17,13.010000228881836,13.460000038146973,2,100.9268798101141,10.926917957086758,66450.0394446228,64.59647544994161,LOSS,66730.13867616594,-0.41974921242472873
2023-03-20,13.020000457763672,13.010000228881836,2,97.65851935806626,97.65851935806626,66547.69796398087,64.65029805584356,WIN,66730.13867616594,-0.27340076883465214
2023-03-21,13.609999656677246,13.020000457763672,2,98.02385069506919,98.02385069506919,66645.72181467594,64.79775775227289,WIN,66730.13867616594,-0.1265048494798775
2023-03-22,13.289999961853027,13.609999656677246,2,104.08272306697381,40.08278410213006,66685.80459877806,65.58357971348572,LOSS,66730.13867616594,-0.06643786191277375
2023-03-23,13.710000038146973,13.289999961853027,2,101.5854074326892,101.5854074326892,66787.39000621076,65.55863914061919,WIN,66787.39000621076,0.0
2023-03-24,13.619999885559082,13.710000038146973,2,105.56852301532074,87.56849249774261,66874.9584987085,65.93144737377554,LOSS,66874.9584987085,0.0
2023-03-27,13.3100004196167,13.619999885559082,2,103.99599813282695,41.99610494435039,66916.95460365285,65.50432281888806,LOSS,66916.95460365285,0.0
2023-03-28,12.960000038146973,13.3100004196167,2,97.67817169067871,27.678095396733397,66944.63269904959,63.54097345333662,LOSS,66944.63269904959,0.0
2023-03-29,14.239999771118164,12.960000038146973,2,92.55944438573502,92.55944438573502,67037.19214343533,62.23944263390274,WIN,67037.19214343533,0.0
2023-03-30,14.399999618530273,14.239999771118164,2,87.24911959793175,87.24911959793175,67124.44126303327,55.52659344729276,WIN,67124.44126303327,0.0
2023-03-31,15.479999542236328,14.399999618530273,2,88.42045327357361,88.42045327357361,67212.86171630684,55.61432923103083,WIN,67212.86171630684,0.0
2023-04-03,15.229999542236328,15.479999542236328,2,94.85063836767027,44.85063836767027,67257.71235467451,55.5282959039938,LOSS,67257.71235467451,0.0
2023-04-04,15.380000114440918,15.229999542236328,2,93.21050327476918,93.21050327476918,67350.92285794928,55.48125716620986,WIN,67350.92285794928,0.0
2023-04-05,14.630000114440918,15.380000114440918,2,71.61984590119685,-78.38015409880315,67272.54270385047,45.80108904118556,LOSS,67350.92285794928,-0.11637576854606538
2023-04-06,14.470000267028809,14.630000114440918,2,69.82091277228135,37.82094328985947,67310.36364714033,46.566775471971546,LOSS,67350.92285794928,-0.06022072020377754
2023-04-10,14.8100004196167,14.470000267028809,2,67.38263004223238,67.38263004223238,67377.74627718257,45.80125751335303,WIN,67377.74627718257,0.0
2023-04-11,14.739999771118164,14.8100004196167,2,68.64684678551394,54.64671708580691,67432.39299426838,45.65875755186579,LOSS,67432.39299426838,0.0
2023-04-12,14.1899995803833,14.739999771118164,2,67.00416459518628,-42.995873551786374,67389.39712071659,45.067225080942734,LOSS,67432.39299426838,-0.06376145297919535
2023-04-13,14.369999885559082,14.1899995803833,2,64.4485899113359,64.4485899113359,67453.84571062792,45.04139293455412,WIN,67453.84571062792,0.0
2023-04-14,13.380000114440918,14.369999885559082,2,64.92606081184469,-133.0738934117881,67320.77181721614,44.884866367992004,LOSS,67453.84571062792,-0.19728140332081404
2023-04-17,13.729999542236328,13.380000114440918,2,65.07061816843712,65.07061816843712,67385.84243538458,47.16753958490523,WIN,67453.84571062792,-0.10081452662473278
2023-04-18,13.430000305175781,13.729999542236328,2,66.05549244051495,6.0556450284055785,67391.89808041298,46.82199773384767,LOSS,67453.84571062792,-0.09183706216053607
2023-04-19,12.819999694824219,13.430000305175781,2,65.25136439929165,-56.748757671020854,67335.14932274196,47.13679802405626,LOSS,67453.84571062792,-0.17596682092102903
2023-04-20,12.350000381469727,12.819999694824219,2,62.30603011560281,-31.69383255529563,67303.45549018666,47.146307486290134,LOSS,67453.84571062792,-0.22295277438505426
2023-04-21,12.25,12.350000381469727,2,60.715184443201906,40.715108149256594,67344.17059833593,47.51766677739427,LOSS,67453.84571062792,-0.16259282348777285
2023-04-24,12.359999656677246,12.25,2,59.040683137758066,59.040683137758066,67403.21128147369,46.87897241181071,WIN,67453.84571062792,-0.07506529630860732
2023-04-25,12.0,12.359999656677246,2,59.742233433266954,-12.257697902182265,67390.9535835715,46.97069110487442,LOSS,67453.84571062792,-0.09323727415960771
2023-04-26,12.039999961853027,12.0,2,58.261492416796216,58.261492416796216,67449.21507598831,47.11362915548297,WIN,67453.84571062792,-0.006864893455416874
2023-04-27,12.670000076293945,12.039999961853027,2,58.01865381876995,58.01865381876995,67507.23372980708,46.87353195464384,WIN,67507.23372980708,0.0
2023-04-28,12.819999694824219,12.670000076293945,2,53.177486261496284,53.177486261496284,67560.41121606858,42.76132658805536,WIN,67560.41121606858,0.0
2023-05-01,12.649999618530273,12.819999694824219,2,53.83045225309271,19.830436994303646,67580.24165306288,42.773399573737805,LOSS,67580.24165306288,0.0
2023-05-02,12.680000305175781,12.649999618530273,2,44.739767625505294,44.739767625505294,67624.98142068839,38.3933403994953,WIN,67624.98142068839,0.0
2023-05-03,12.8100004196167,12.680000305175781,2,44.960195582293814,44.960195582293814,67669.94161627068,38.45297585659743,WIN,67669.94161627068,0.0
2023-05-04,12.949999809265137,12.8100004196167,2,45.44183790976622,45.44183790976622,67715.38345418044,38.46366086819887,WIN,67715.38345418044,0.0
2023-05-05,13.40999984741211,12.949999809265137,2,43.95853969278015,43.95853969278015,67759.34199387323,37.452387208038445,WIN,67759.34199387323,0.0
2023-05-08,13.869999885559082,13.40999984741211,2,47.80330395011316,47.80330395011316,67807.14529782334,38.57860841505501,WIN,67807.14529782334,0.0
2023-05-09,13.859999656677246,13.869999885559082,2,50.452550238722594,48.45250446235541,67855.5978022857,39.060003972969,LOSS,67855.5978022857,0.0
2023-05-10,14.109999656677246,13.859999656677246,2,50.416274284603176,50.416274284603176,67906.01407657031,39.06005178420385,WIN,67906.01407657031,0.0
2023-05-11,13.84000015258789,14.109999656677246,2,49.94183629443679,-4.058064523434304,67901.95601204688,38.4113540163075,LOSS,67906.01407657031,-0.005976001652598326
2023-05-12,12.90999984741211,13.84000015258789,2,49.227457981461384,-136.77260305369487,67765.18340899318,38.52666366670428,LOSS,67906.01407657031,-0.2073905669361352
2023-05-15,13.4399995803833,12.90999984741211,2,45.60744197018359,45.60744197018359,67810.79085096337,38.366760420819006,WIN,67906.01407657031,-0.1402279708238612
2023-05-16,13.079999923706055,13.4399995803833,2,48.94340704413921,-23.056524291310012,67787.73432667206,39.08706982848473,LOSS,67906.01407657031,-0.17418155299894816
2023-05-17,13.40999984741211,13.079999923706055,2,47.94804663089176,47.94804663089176,67835.68237330295,39.246675836509525,WIN,67906.01407657031,-0.10357212718752763
2023-05-18,13.539999961853027,13.40999984741211,2,46.95592686005834,46.95592686005834,67882.638300163,38.16064624643289,WIN,67906.01407657031,-0.03442372038056972
2023-05-19,13.470000267028809,13.539999961853027,2,44.99925543099523,30.999316466151477,67913.63761662916,36.982429724688195,LOSS,67913.63761662916,0.0
2023-05-22,14.229999542236328,13.470000267028809,2,44.661427891276126,44.661427891276126,67958.29904452043,36.93077747863784,WIN,67958.29904452043,0.0
2023-05-23,14.199999809265137,14.229999542236328,2,51.09178691067815,45.09184031643987,68003.39088483687,38.748448094172545,LOSS,68003.39088483687,0.0
2023-05-24,14.380000114440918,14.199999809265137,2,49.01972966728315,49.01972966728315,68052.41061450416,37.83345348191909,WIN,68052.41061450416,0.0
2023-05-25,14.569999694824219,14.380000114440918,2,49.609373123663126,49.609373123663126,68102.01998762782,37.81885656092834,WIN,68102.01998762782,0.0
2023-05-26,15.140000343322754,14.569999694824219,2,47.10675903786387,47.10675903786387,68149.12674666569,36.385170229053955,WIN,68149.12674666569,0.0
2023-05-30,14.869999885559082,15.140000343322754,2,50.61014498049623,-3.389946572238145,68145.73680009345,37.110610039446286,LOSS,68149.12674666569,-0.004974306691906455
2023-05-31,14.729999542236328,14.869999885559082,2,50.078610359742925,22.078541695192143,68167.81534178865,37.27564728232697,LOSS,68167.81534178865,0.0
2023-06-01,14.579999923706055,14.729999542236328,2,50.06296933416452,20.063045628109833,68187.87838741676,37.4803412878353,LOSS,68187.87838741676,0.0
2023-06-02,14.479999542236328,14.579999923706055,2,50.039713389432016,30.039637095486704,68217.91802451224,37.701069615598044,LOSS,68217.91802451224,0.0
2023-06-05,14.34000015258789,14.479999542236328,2,49.9462940868616,21.9464161571741,68239.86444066942,37.81517217553772,LOSS,68239.86444066942,0.0
2023-06-06,14.5,14.34000015258789,2,48.30170783886226,48.30170783886226,68288.16614850829,37.279341959816165,WIN,68288.16614850829,0.0
2023-06-07,13.819999694824219,14.5,2,47.33938202175392,-88.66067901340233,68199.50546949489,36.59452276707637,LOSS,68288.16614850829,-0.12983315267330883
2023-06-08,14.050000190734863,13.819999694824219,2,48.71385800192616,48.71385800192616,68248.21932749682,38.31489806831898,WIN,68288.16614850829,-0.058497428272708894
2023-06-09,13.869999885559082,14.050000190734863,2,49.45243979142331,13.45237875626706,68261.67170625308,38.28093516678052,LOSS,68288.16614850829,-0.03879799934528753
2023-06-12,14.0,13.869999885559082,2,48.50949301437467,48.50949301437467,68310.18119926745,38.133391456529026,WIN,68310.18119926745,0.0
2023-06-13,15.25,14.0,2,41.04328091580592,41.04328091580592,68351.22448018326,34.39112755239032,WIN,68351.22448018326,0.0
2023-06-14,14.739999771118164,15.25,2,54.886343535172735,-47.11370224119445,68304.11077794206,38.80583858487291,LOSS,68351.22448018326,-0.06892883426669236
2023-06-15,15.239999771118164,14.739999771118164,2,53.803815906039354,53.803815906039354,68357.9145938481,39.14374468862064,WIN,68357.9145938481,0.0
2023-06-16,14.880000114440918,15.239999771118164,2,56.25622492803514,-15.74370640741408,68342.17088744068,39.416007725434014,LOSS,68357.9145938481,-0.023031285405589626
2023-06-20,15.699999809265137,14.880000114440918,2,56.23367335400597,56.23367335400597,68398.40456079468,39.996692516478745,WIN,68398.40456079468,0.0
2023-06-21,14.619999885559082,15.699999809265137,2,62.70452341790427,-153.29546132330665,68245.10909947137,41.41728934045856,LOSS,68398.40456079468,-0.22412139918709292
2023-06-22,14.149999618530273,14.619999885559082,2,62.17892775080325,-31.821125654958472,68213.28797381642,43.13098168690361,LOSS,68398.40456079468,-0.2706445978775992
2023-06-23,13.529999732971191,14.149999618530273,2,61.552080936812736,-62.44789617500367,68150.84007764142,43.77235039357568,LOSS,68398.40456079468,-0.36194482129069583
2023-06-26,13.449999809265137,13.529999732971191,2,60.76819851862136,44.76821377741042,68195.60829141883,44.707602378933856,LOSS,68398.40456079468,-0.2964926896731833
2023-06-27,13.9399995803833,13.449999809265137,2,60.125584033263145,60.125584033263145,68255.73387545209,44.56827974728827,WIN,68398.40456079468,-0.20858773864494973
2023-06-28,14.640000343322754,13.9399995803833,2,62.053626620503834,62.053626620503834,68317.78750207259,44.44377132882889,WIN,68398.40456079468,-0.11786394615451745
2023-06-29,16.010000228881836,14.640000343322754,2,68.14849686361728,68.14849686361728,68385.93599893621,45.78961248218694,WIN,68398.40456079468,-0.01822931680720737
2023-06-30,16.65999984741211,16.010000228881836,2,84.485975225702,84.485975225702,68470.42197416192,49.90457159968186,WIN,68470.42197416192,0.0
2023-07-03,19.559999465942383,16.65999984741211,2,88.9861788340438,88.9861788340438,68559.40815299597,50.329426991767185,WIN,68559.40815299597,0.0
2023-07-05,20.43000030517578,19.559999465942383,2,135.69729563650418,135.69729563650418,68695.10544863247,60.88718144692737,WIN,68695.10544863247,0.0
2023-07-06,21.6200008392334,20.43000030517578,2,141.65889448219548,141.65889448219548,68836.76434311467,60.8632158837117,WIN,68836.76434311467,0.0
2023-07-07,24.700000762939453,21.6200008392334,2,151.47710799078396,151.47710799078396,68988.24145110545,61.342592681081015,WIN,68988.24145110545,0.0
2023-07-10,25.510000228881836,24.700000762939453,2,183.5277126514932,183.5277126514932,69171.76916375695,64.14662665647909,WIN,69171.76916375695,0.0
2023-07-11,24.850000381469727,25.510000228881836,2,189.25690737817845,57.25693789575658,69229.02610165271,64.07160979333648,LOSS,69229.02610165271,0.0
2023-07-12,25.90999984741211,24.850000381469727,2,186.0442265767826,186.0442265767826,69415.07032822949,64.51979364440638,WIN,69415.07032822949,0.0
2023-07-13,25.520000457763672,25.90999984741211,2,193.44110221559993,115.44122428591243,69530.5115525154,64.38219344025018,LOSS,69530.5115525154,0.0
2023-07-14,24.81999969482422,25.520000457763672,2,188.7061078809053,48.70595529301468,69579.21750780841,63.90962219594259,LOSS,69579.21750780841,0.0
2023-07-17,23.989999771118164,24.81999969482422,2,182.63474608465074,16.634761343439806,69595.85226915184,63.67104400087659,LOSS,69595.85226915184,0.0
2023-07-18,24.690000534057617,23.989999771118164,2,180.8309863864107,180.8309863864107,69776.68325553826,64.8576306666894,WIN,69776.68325553826,0.0
2023-07-19,24.829999923706055,24.690000534057617,2,183.03191985673766,183.03191985673766,69959.71517539499,64.03371116372033,WIN,69959.71517539499,0.0
2023-07-20,25.809999465942383,24.829999923706055,2,183.53474408515916,183.53474408515916,70143.24991948015,63.89118921478601,WIN,70143.24991948015,0.0
2023-07-21,25.270000457763672,25.809999465942383,2,178.2596673921933,70.25986575645112,70213.5097852366,60.682948321557916,LOSS,70213.5097852366,0.0
2023-07-24,25.809999465942383,25.270000457763672,2,172.7427394418775,172.7427394418775,70386.25252467848,60.2151089311538,WIN,70386.25252467848,0.0
2023-07-25,25.350000381469727,25.809999465942383,2,168.080563388993,76.08074649446175,70462.33327117295,58.07432973194235,LOSS,70462.33327117295,0.0
2023-07-26,27.149999618530273,25.350000381469727,2,166.68292897703046,166.68292897703046,70629.01620014997,58.49127921467671,WIN,70629.01620014997,0.0
2023-07-27,26.049999237060547,27.149999618530273,2,180.5967327625739,-39.403343531371405,70589.6128566186,58.99761042302615,LOSS,70629.01620014997,-0.055789172285387434
2023-07-28,26.940000534057617,26.049999237060547,2,180.70011753005426,180.70011753005426,70770.31297414865,60.881726186819414,WIN,70770.31297414865,0.0
2023-07-31,27.639999389648438,26.940000534057617,2,180.71589005474,180.71589005474,70951.02886420338,59.36983050891929,WIN,70951.02886420338,0.0
2023-08-01,27.299999237060547,27.639999389648438,2,185.14198050169426,117.14194998411614,71068.1708141875,59.30532276249834,LOSS,71068.1708141875,0.0
2023-08-02,25.90999984741211,27.299999237060547,2,145.32262915318307,-132.67724877650443,70935.493565411,50.209482358467824,LOSS,71068.1708141875,-0.18669011352971362
2023-08-03,26.5,25.90999984741211,2,144.30029767339997,144.30029767339997,71079.7938630844,51.83738942539409,WIN,71079.7938630844,0.0
2023-08-04,25.260000228881836,26.5,2,143.8990374776428,-104.10091674599002,70975.69294633841,50.91708179881189,LOSS,71079.7938630844,-0.14645641340281154
2023-08-07,24.280000686645508,25.260000228881836,2,105.99992326665719,-89.99998518060843,70885.69296115781,42.756278049717054,LOSS,71079.7938630844,-0.2730746550847812
2023-08-08,24.799999237060547,24.280000686645508,2,102.7974957340019,102.7974957340019,70988.49045689181,43.00418054168186,WIN,71079.7938630844,-0.12845198505845024
2023-08-09,22.350000381469727,24.799999237060547,2,104.67731626072822,-385.32245485743584,70603.16800203438,42.91836242495489,LOSS,71079.7938630844,-0.6705504267051067
2023-08-10,21.90999984741211,22.350000381469727,2,107.60341397870938,19.603307167185946,70622.77130920156,46.84472804810698,LOSS,71079.7938630844,-0.6429711301121186
2023-08-11,21.56999969482422,21.90999984741211,2,105.65541095519512,37.655380437617,70660.42668963918,46.89615974470136,LOSS,71079.7938630844,-0.5899949207126528
2023-08-14,21.559999465942383,21.56999969482422,2,103.4102965132097,101.41025073684251,70761.83694037602,46.71046956980871,LOSS,71079.7938630844,-0.44732392347794514
2023-08-15,20.780000686645508,21.559999465942383,2,102.05556434082865,-53.94419151854635,70707.89274885747,46.3095605107407,LOSS,71079.7938630844,-0.5232163657414298
2023-08-16,21.040000915527344,20.780000686645508,2,97.77252601966156,97.77252601966156,70805.66527487713,46.121484643268204,WIN,71079.7938630844,-0.3856631727651079
2023-08-17,20.950000762939453,21.040000915527344,2,99.38378318021567,81.38375266263755,70887.04902753976,46.243436692719385,LOSS,71079.7938630844,-0.27116684653856654
2023-08-18,20.780000686645508,20.950000762939453,2,95.02951743592533,61.029502177136266,70948.07852971689,45.002918996392665,LOSS,71079.7938630844,-0.18530629621861586
2023-08-21,21.18000030517578,20.780000686645508,2,94.02907642523441,94.02907642523441,71042.10760614212,44.92992589145294,WIN,71079.7938630844,-0.053019648614728965
2023-08-22,20.079999923706055,21.18000030517578,2,95.61764052389272,-124.3824357700526,70917.72517037207,44.86077598346053,LOSS,71079.7938630844,-0.22800951424326318
2023-08-23,20.31999969482422,20.079999923706055,2,93.46819740740607,93.46819740740607,71011.19336777947,45.78854665999508,WIN,71079.7938630844,-0.0965119502696741
2023-08-24,19.639999389648438,20.31999969482422,2,83.41101464931783,-52.589046385838415,70958.60432139364,42.15118167815129,LOSS,71079.7938630844,-0.1704978800644847
2023-08-25,20.06999969482422,19.639999389648438,2,80.02032774803489,80.02032774803489,71038.62464914167,41.949324545647464,WIN,71079.7938630844,-0.057919714879918524
2023-08-28,20.530000686645508,20.06999969482422,2,79.83460908684916,79.83460908684916,71118.45925822851,41.31072806073979,WIN,71118.45925822851,0.0
2023-08-29,22.309999465942383,20.530000686645508,2,81.20047870742295,81.20047870742295,71199.65973693594,41.16125984094399,WIN,71199.65973693594,0.0
2023-08-30,22.8799991607666,22.309999465942383,2,106.97118932098944,106.97118932098944,71306.63092625693,46.71438493579895,WIN,71306.63092625693,0.0
2023-08-31,22.729999542236328,22.8799991607666,2,108.2232505621452,78.22332685609051,71384.85425311302,46.286256289888094,LOSS,71384.85425311302,0.0
2023-09-01,23.309999465942383,22.729999542236328,2,105.97607549782207,105.97607549782207,71490.83032861084,45.83879744133251,WIN,71490.83032861084,0.0
2023-09-05,23.389999389648438,23.309999465942383,2,107.15533114652001,107.15533114652001,71597.98565975737,45.406087984116986,WIN,71597.98565975737,0.0
2023-09-06,23.260000228881836,23.389999389648438,2,104.97958054664176,78.97974839332144,71676.96540815069,44.68681809684123,LOSS,71676.96540815069,0.0
2023-09-07,23.420000076293945,23.260000228881836,2,103.35303926520612,103.35303926520612,71780.31844741589,44.390201681822425,WIN,71780.31844741589,0.0
2023-09-08,23.100000381469727,23.420000076293945,2,82.35930714154459,18.35936817670084,71798.67781559259,38.26027371245364,LOSS,71798.67781559259,0.0
2023-09-11,23.40999984741211,23.100000381469727,2,80.64505981288312,80.64505981288312,71879.32287540547,38.09164168910313,WIN,71879.32287540547,0.0
2023-09-12,23.579999923706055,23.40999984741211,2,81.01588799149417,81.01588799149417,71960.33876339697,37.89063362534078,WIN,71960.33876339697,0.0
2023-09-13,23.25,23.579999923706055,2,81.55294331210231,15.552958570891377,71975.89172196786,37.8762518434371,LOSS,71975.89172196786,0.0
2023-09-14,24.110000610351562,23.25,2,76.88510541648809,76.88510541648809,72052.77682738434,36.87299660828093,WIN,72052.77682738434,0.0
2023-09-15,24.18000030517578,24.110000610351562,2,82.14754767743007,82.14754767743007,72134.92437506178,37.536496937601314,WIN,72134.92437506178,0.0
2023-09-18,23.709999084472656,24.18000030517578,2,82.07351100384781,-11.926733136777187,72122.997641925,37.451002543579776,LOSS,72134.92437506178,-0.01653392339438975
2023-09-19,22.739999771118164,23.709999084472656,2,81.73102508661488,-112.26883758428356,72010.72880434072,37.80050349297322,LOSS,72134.92437506178,-0.1721712080480043
2023-09-20,22.399999618530273,22.739999771118164,2,83.15411668840012,15.154086170821998,72025.88289051154,39.187017970881726,LOSS,72134.92437506178,-0.15116323402972287
2023-09-21,21.530000686645508,22.399999618530273,2,75.03514233729226,-98.96464403966087,71926.91824647188,37.156733213801154,LOSS,72134.92437506178,-0.2883570342548391
2023-09-22,20.59000015258789,21.530000686645508,2,76.4488670275747,-111.55123978394873,71815.36700668793,38.48637757975871,LOSS,72134.92437506178,-0.442999519500881
2023-09-25,21.1299991607666,20.59000015258789,2,74.95242262996284,74.95242262996284,71890.3194293179,39.07788598483413,WIN,72134.92437506178,-0.33909364688880494
2023-09-26,22.260000228881836,21.1299991607666,2,77.3203124914594,77.3203124914594,71967.63974180935,39.20377736290226,WIN,72134.92437506178,-0.2319051897561197
2023-09-27,23.049999237060547,22.260000228881836,2,86.16882045486672,86.16882045486672,72053.80856226422,40.60436515579552,WIN,72134.92437506178,-0.11245012523447454
2023-09-28,23.079999923706055,23.049999237060547,2,74.67280867638965,74.67280867638965,72128.48137094062,36.42794880647769,WIN,72134.92437506178,-0.008931878943491836
2023-09-29,24.280000686645508,23.079999923706055,2,73.17498034389772,73.17498034389772,72201.65635128452,35.97084064362785,WIN,72201.65635128452,0.0
2023-10-02,23.65999984741211,24.280000686645508,2,83.65277406923775,-40.34739377744194,72161.30895750708,37.788759308974065,LOSS,72201.65635128452,-0.05588153487938911
2023-10-03,21.690000534057617,23.65999984741211,2,82.15893499408521,-311.84092767681324,71849.46802983027,37.9683126984516,LOSS,72201.65635128452,-0.48778426874410763
2023-10-04,23.690000534057617,21.690000534057617,2,89.87256426751186,89.87256426751186,71939.34059409778,42.406690742831415,WIN,72201.65635128452,-0.36330988850239493
2023-10-05,18.270000457763672,23.690000534057617,2,115.32961589068537,-968.6703993681037,70970.67019472968,47.20066225923943,LOSS,72201.65635128452,-1.7049278628258704
2023-10-06,18.920000076293945,18.270000457763672,2,143.66825779215364,143.66825779215364,71114.33845252184,67.01292718775379,WIN,72201.65635128452,-1.5059459210638042
2023-10-09,18.780000686645508,18.920000076293945,2,150.54826821836855,122.54839028868105,71236.88684281052,67.63124688307003,LOSS,72201.65635128452,-1.336215202294086
2023-10-10,19.639999389648438,18.780000686645508,2,149.01819527868867,149.01819527868867,71385.90503808921,67.48470062775775,WIN,72201.65635128452,-1.1298235448040232
2023-10-11,19.3700008392334,19.639999389648438,2,158.29720101842756,104.29749093541975,71490.20252902464,68.31148678053202,LOSS,72201.65635128452,-0.9853705000871787
2023-10-12,19.329999923706055,19.3700008392334,2,156.11781168820585,148.1176285827371,71638.32015760738,68.31038810772614,LOSS,72201.65635128452,-0.780226136276329
2023-10-13,19.299999237060547,19.329999923706055,2,153.99847987093824,147.99834254183668,71786.31850014921,67.69550978125041,LOSS,72201.65635128452,-0.5752469847984567
2023-10-16,19.65999984741211,19.299999237060547,2,153.6819969137738,153.6819969137738,71940.00049706298,67.66895866514662,WIN,72201.65635128452,-0.36239591644337704
2023-10-17,19.899999618530273,19.65999984741211,2,157.08649478784508,157.08649478784508,72097.08699185083,67.84992405406733,WIN,72201.65635128452,-0.14482958524514702
2023-10-18,18.09000015258789,19.899999618530273,2,158.13141837151906,-203.8684748169575,71893.21851703386,67.55985119308374,LOSS,72201.65635128452,-0.4271894161956661
2023-10-19,17.15999984741211,18.09000015258789,2,149.74857374876828,-36.25148728638797,71856.96702974748,69.75365975455473,LOSS,72201.65635128452,-0.47739808053711524
2023-10-20,16.719999313354492,17.15999984741211,2,142.77235169307752,54.77224488155409,71911.73927462903,70.03207168336623,LOSS,72201.65635128452,-0.40153798583920036
2023-10-23,17.06999969482422,16.719999313354492,2,138.38706522737843,138.38706522737843,72050.1263398564,69.74548060646123,WIN,72201.65635128452,-0.20987054741635
2023-10-24,17.43000030517578,17.06999969482422,2,141.0223706145639,141.0223706145639,72191.14871047097,69.64413131419818,WIN,72201.65635128452,-0.014553185265483399
2023-10-25,17.020000457763672,17.43000030517578,2,141.58199017511237,59.58202069269049,72250.73073116365,68.7278728586287,LOSS,72250.73073116365,0.0
2023-10-26,16.170000076293945,17.020000457763672,2,136.6288794439601,-33.37119684998521,72217.35953431367,68.09724253756579,LOSS,72250.73073116365,-0.046188040608412584
2023-10-27,16.010000228881836,16.170000076293945,2,130.61127672176812,98.61130723934625,72315.97084155302,68.42686379034933,LOSS,72315.97084155302,0.0
2023-10-30,15.720000267028809,16.010000228881836,2,125.74942315096118,67.74943078035571,72383.72027233338,66.95216995798069,LOSS,72383.72027233338,0.0
2023-10-31,16.219999313354492,15.720000267028809,2,123.43056940875059,123.43056940875059,72507.15084174213,66.93488951835339,WIN,72507.15084174213,0.0
2023-11-01,16.1299991607666,16.219999313354492,2,125.42983836717971,107.42980784960159,72614.58064959173,66.14922523969477,LOSS,72614.58064959173,0.0
2023-11-02,17.59000015258789,16.1299991607666,2,115.42104567326012,115.42104567326012,72730.00169526499,62.330346993638734,WIN,72730.00169526499,0.0
2023-11-03,17.709999084472656,17.59000015258789,2,82.81700541905576,82.81700541905576,72812.81870068405,46.14172807918844,WIN,72812.81870068405,0.0
2023-11-06,17.18000030517578,17.709999084472656,2,81.4680311524523,-24.531724706922702,72788.28697597713,45.42690025043976,LOSS,72812.81870068405,-0.03369149161463161
2023-11-07,17.420000076293945,17.18000030517578,2,80.01227581903113,80.01227581903113,72868.29925179615,45.80509020504602,WIN,72868.29925179615,0.0
2023-11-08,17.0,17.420000076293945,2,77.96474154578699,-6.03527371300207,72862.26397808315,44.6032313803328,LOSS,72868.29925179615,-0.0082824407526607
2023-11-09,15.329999923706055,17.0,2,76.48232672795973,-257.51768853082933,72604.74628955232,44.75782591378968,LOSS,72868.29925179615,-0.3616839763655347
2023-11-10,15.399999618530273,15.329999923706055,2,78.69275011794187,78.69275011794187,72683.43903967027,48.953269378994534,WIN,72868.29925179615,-0.2536908560018732
2023-11-13,16.190000534057617,15.399999618530273,2,79.21879008156928,79.21879008156928,72762.65782975183,49.024873849195814,WIN,72868.29925179615,-0.14497583054502503
2023-11-14,16.899999618530273,16.190000534057617,2,86.67838037591174,86.67838037591174,72849.33621012775,50.41220366826142,WIN,72868.29925179615,-0.02602371931706794
2023-11-15,17.239999771118164,16.899999618530273,2,93.1612249645199,93.1612249645199,72942.49743509227,51.461751280160286,WIN,72942.49743509227,0.0
2023-11-16,16.389999389648438,17.239999771118164,2,86.4687186179856,-83.53135767595971,72858.9660774163,48.174989658769086,LOSS,72942.49743509227,-0.11451672291628844
2023-11-17,16.700000762939453,16.389999389648438,2,81.95036568369618,81.95036568369618,72940.9164431,48.07204019586491,WIN,72942.49743509227,-0.002167449769159131
2023-11-20,16.93000030517578,16.700000762939453,2,83.15973740225327,83.15973740225327,73024.07618050225,47.93712188745311,WIN,73024.07618050225,0.0
2023-11-21,15.720000267028809,16.93000030517578,2,83.99510697370587,-158.00490065568866,72866.07127984655,47.81603077271556,LOSS,73024.07618050225,-0.21637370702935732
2023-11-22,15.979999542236328,15.720000267028809,2,83.00595777108353,83.00595777108353,72949.07723761763,49.92575029716025,WIN,73024.07618050225,-0.10270440491329572
2023-11-24,16.43000030517578,15.979999542236328,2,84.35386287977579,84.35386287977579,73033.4311004974,49.915417662818115,WIN,73033.4311004974,0.0
2023-11-27,16.65999984741211,16.43000030517578,2,84.7492387432737,84.7492387432737,73118.18033924067,49.11829052828849,WIN,73118.18033924067,0.0
2023-11-28,17.420000076293945,16.65999984741211,2,85.9220512998514,85.9220512998514,73204.10239054053,49.11290245468595,WIN,73204.10239054053,0.0
2023-11-29,17.31999969482422,17.420000076293945,2,91.34277152879586,71.34269523485055,73275.44508577538,49.682872627747955,LOSS,73275.44508577538,0.0
2023-11-30,16.760000228881836,17.31999969482422,2,90.07243020943011,-21.927462979046453,73253.51762279634,49.39798708376827,LOSS,73275.44508577538,-0.029924708001946895
2023-12-01,18.030000686645508,16.760000228881836,2,88.61741735710171,88.61741735710171,73342.13504015344,49.973097397647244,WIN,73342.13504015344,0.0
2023-12-04,17.739999771118164,18.030000686645508,2,92.20875232289431,34.20856921742556,73376.34360937087,48.82715169980908,LOSS,73376.34360937087,0.0
2023-12-05,17.40999984741211,17.739999771118164,2,91.096610415442,25.096625674231063,73401.4402350451,48.965470624271084,LOSS,73401.4402350451,0.0
2023-12-06,18.3799991607666,17.40999984741211,2,88.6564155233271,88.6564155233271,73490.09665056842,48.68219840047789,WIN,73490.09665056842,0.0
2023-12-07,19.190000534057617,18.3799991607666,2,97.21047637632473,97.21047637632473,73587.30712694474,49.982964780389494,WIN,73587.30712694474,0.0
2023-12-08,19.040000915527344,19.190000534057617,2,102.3631157895008,72.36319208344611,73659.67031902818,50.282352822772864,LOSS,73659.67031902818,0.0
2023-12-11,18.950000762939453,19.040000915527344,2,84.96310634200572,66.96307582442759,73726.63339485262,44.515656405925114,LOSS,73726.63339485262,0.0
2023-12-12,18.209999084472656,18.950000762939453,2,84.90179860862978,-63.0985370847296,73663.53485776788,44.63443745868225,LOSS,73726.63339485262,-0.08558445459838289
2023-12-13,19.68000030517578,18.209999084472656,2,82.33572456268973,82.33572456268973,73745.87058233056,44.90662577722719,WIN,73745.87058233056,0.0
2023-12-14,22.43000030517578,19.68000030517578,2,95.41473401629162,95.41473401629162,73841.28531634685,47.06855357010472,WIN,73841.28531634685,0.0
2023-12-15,22.829999923706055,22.43000030517578,2,134.4496244261814,134.4496244261814,73975.73494077304,54.647822699274315,WIN,73975.73494077304,0.0
2023-12-18,23.799999237060547,22.829999923706055,2,130.53740087987435,130.53740087987435,74106.2723416529,52.81970003012015,WIN,74106.2723416529,0.0
2023-12-19,24.350000381469727,23.799999237060547,2,136.9997692824174,136.9997692824174,74243.27211093532,53.07429945523702,WIN,74243.27211093532,0.0
2023-12-20,23.18000030517578,24.350000381469727,2,140.14409483338537,-93.8559204254037,74149.41619050992,53.06842061956978,LOSS,74243.27211093532,-0.12641673481895724
2023-12-21,23.579999923706055,23.18000030517578,2,127.58194455748544,127.58194455748544,74276.9981350674,51.40531628959542,WIN,74276.9981350674,0.0
2023-12-22,23.209999084472656,23.579999923706055,2,129.774943769002,55.774775922322306,74332.77291098973,51.40290805037099,LOSS,74332.77291098973,0.0
2023-12-26,23.59000015258789,23.209999084472656,2,129.5856393051892,129.5856393051892,74462.35855029493,51.92927494730201,WIN,74462.35855029493,0.0
2023-12-27,23.729999542236328,23.59000015258789,2,131.68228083985127,131.68228083985127,74594.04083113479,51.92227267088336,WIN,74594.04083113479,0.0
2023-12-28,23.540000915527344,23.729999542236328,2,131.40624100253748,93.40651566074061,74687.44734679552,51.627501171642315,LOSS,74687.44734679552,0.0
2023-12-29,23.459999084472656,23.540000915527344,2,130.5245748132722,114.52420860233471,74801.97155539786,51.67539841837629,LOSS,74801.97155539786,0.0
2024-01-02,21.100000381469727,23.459999084472656,2,126.79000586671314,-345.2097347338728,74456.76182066399,50.74753168615521,LOSS,74801.97155539786,-0.46149817652628466
2024-01-03,20.31999969482422,21.100000381469727,2,126.82459854208881,-29.175538787012755,74427.58628187698,54.756675568908115,LOSS,74801.97155539786,-0.5005018794773491
2024-01-04,19.5,20.31999969482422,2,123.9982177295402,-40.00172123530355,74387.58456064168,55.362752467359414,LOSS,74801.97155539786,-0.5539787068971622
2024-01-05,19.079999923706055,19.5,2,120.92531882107377,36.92530356228471,74424.50986420397,56.01773343740508,LOSS,74801.97155539786,-0.5046146289263888
2024-01-08,19.579999923706055,19.079999923706055,2,116.12229278800183,116.12229278800183,74540.63215699197,55.255596123714014,WIN,74801.97155539786,-0.3493750137485972
2024-01-09,19.25,19.579999923706055,2,117.74039586578465,51.74041112457371,74592.37256811654,54.77423492606958,LOSS,74801.97155539786,-0.2802051642797875
2024-01-10,19.06999969482422,19.25,2,116.06875048829477,80.06868945313852,74672.44125756968,54.88169464649801,LOSS,74801.97155539786,-0.17316428315295684
2024-01-11,18.790000915527344,19.06999969482422,2,115.07920079000564,59.07944493063064,74731.5207025003,54.91491232811333,LOSS,74801.97155539786,-0.09418314976548602
2024-01-12,18.059999465942383,18.790000915527344,2,111.71145186219856,-34.28883805479363,74697.23186444551,54.32420247796536,LOSS,74801.97155539786,-0.14002263412907867
2024-01-16,17.81999969482422,18.059999465942383,2,101.36201161341334,53.36205738978053,74750.59392183529,52.12329499567054,LOSS,74801.97155539786,-0.0686848655112299
2024-01-17,16.760000228881836,17.81999969482422,2,69.45122728342858,-142.54866590504798,74608.04525593024,40.77871475687315,LOSS,74801.97155539786,-0.25925292533767513
2024-01-18,15.739999771118164,16.760000228881836,2,67.29861870809168,-136.7014728446427,74471.3437830856,41.559577304320946,LOSS,74801.97155539786,-0.44200408817754394
2024-01-19,15.479999542236328,15.739999771118164,2,60.63767075804816,8.637624981680972,74479.98140806728,40.48160724919309,LOSS,74801.97155539786,-0.4304567655574641
2024-01-22,16.030000686645508,15.479999542236328,2,56.63510486980374,56.63510486980374,74536.61651293708,39.19935519906301,WIN,74801.97155539786,-0.35474338034561265
2024-01-23,16.040000915527344,16.030000686645508,2,62.30422196892162,62.30422196892162,74598.920734906,40.70827665286097,WIN,74801.97155539786,-0.2714511613393514
2024-01-24,15.34000015258789,16.040000915527344,2,60.91630135259635,-79.08385123529428,74519.83688367071,40.11991505137934,LOSS,74801.97155539786,-0.37717544853507584
2024-01-25,15.0,15.34000015258789,2,59.13920715669676,-8.860823360881362,74510.97606030983,40.499940240182205,LOSS,74801.97155539786,-0.38902115684547867
2024-01-26,15.289999961853027,15.0,2,55.739106098579505,55.739106098579505,74566.71516640841,39.57863550631417,WIN,74801.97155539786,-0.31450559938145806
2024-01-29,16.1200008392334,15.289999961853027,2,58.228697095436075,58.228697095436075,74624.94386350384,40.18944605398845,WIN,74801.97155539786,-0.2366617994325405
2024-01-30,15.65999984741211,16.1200008392334,2,69.4218391156077,-22.578359248650116,74602.36550425518,43.48525314738272,LOSS,74801.97155539786,-0.26684597610485405
2024-01-31,15.3100004196167,15.65999984741211,2,67.24727093195153,-2.752614627130498,74599.61288962806,43.403505262985135,LOSS,74801.97155539786,-0.2705258451910426
2024-02-01,15.529999732971191,15.3100004196167,2,55.65840929143279,55.65840929143279,74655.27129891948,39.04609819048336,WIN,74801.97155539786,-0.1961181683155648
2024-02-02,15.600000381469727,15.529999732971191,2,56.936699038117546,56.936699038117546,74712.20799795761,39.249895157430416,WIN,74801.97155539786,-0.12000159297108062
2024-02-05,14.9399995803833,15.600000381469727,2,56.29823073163598,-75.70192948564917,74636.50606847196,38.87037085360788,LOSS,74801.97155539786,-0.2212047135727606
2024-02-06,15.5,14.9399995803833,2,55.25140452689633,55.25140452689633,74691.75747299886,39.46142571468626,WIN,74801.97155539786,-0.1473411463725672
2024-02-07,15.170000076293945,15.5,2,58.85189730159121,-7.148087439619729,74684.60938555923,40.114110394245735,LOSS,74801.97155539786,-0.1568971611285796
2024-02-08,16.110000610351562,15.170000076293945,2,57.70392342668078,57.70392342668078,74742.31330898592,40.159892928789134,WIN,74801.97155539786,-0.07975491176427005
2024-02-09,16.68000030517578,16.110000610351562,2,69.00649795276578,69.00649795276578,74811.31980693869,43.33240619388806,WIN,74811.31980693869,0.0
2024-02-12,16.329999923706055,16.68000030517578,2,73.9017631043919,3.9016868104465914,74815.22149374914,44.30540813041207,LOSS,74815.22149374914,0.0
2024-02-13,15.380000114440918,16.329999923706055,2,71.0886397445098,-118.91132210851754,74696.31017164062,43.794069608781456,LOSS,74815.22149374914,-0.15894001211832098
2024-02-14,15.539999961853027,15.380000114440918,2,70.49079804215884,70.49079804215884,74766.80096968278,45.31552664991813,WIN,74815.22149374914,-0.06472015065865082
2024-02-15,16.350000381469727,15.539999961853027,2,67.60393868726344,67.60393868726344,74834.40490837004,43.77464765991373,WIN,74834.40490837004,0.0
2024-02-16,16.299999237060547,16.350000381469727,2,69.81373554760256,59.813506665766624,74894.21841503581,43.24308532810906,LOSS,74894.21841503581,0.0
2024-02-20,15.890000343322754,16.299999237060547,2,69.106764123594,-12.89301462396459,74881.32540041185,43.0428405431635,LOSS,74894.21841503581,-0.017214966517855725
2024-02-21,15.390000343322754,15.890000343322754,2,66.75718327218867,-33.24281672781133,74848.08258368404,42.788373402960985,LOSS,74894.21841503581,-0.0616013256138181
2024-02-22,11.449999809265137,15.390000343322754,2,65.95846897190086,-722.0416378396226,74126.04094584442,43.34790478642422,LOSS,74894.21841503581,-1.0256832709494823
2024-02-23,10.069999694824219,11.449999809265137,2,91.89850841492702,-184.10151447325657,73941.93943137117,68.0874679419052,LOSS,74894.21841503581,-1.2714986601335045
2024-02-26,10.699999809265137,10.069999694824219,2,85.97132933531957,85.97132933531957,74027.91076070648,71.46940521254353,WIN,74894.21841503581,-1.156708318295779
2024-02-27,11.140000343322754,10.699999809265137,2,93.6558552872891,93.6558552872891,74121.56661599377,72.89488465706773,WIN,74894.21841503581,-1.0316574702205876
2024-02-28,11.300000190734863,11.140000343322754,2,96.70561222438357,96.70561222438357,74218.27222821815,72.41898394180188,WIN,74894.21841503581,-0.9025345362065429
2024-02-29,11.319999694824219,11.300000190734863,2,98.40461649873107,98.40461649873107,74316.67684471689,72.60047316853067,WIN,74894.21841503581,-0.7711430635652022
2024-03-01,11.350000381469727,11.319999694824219,2,98.63719287590699,98.63719287590699,74415.31403759279,72.6346045509355,WIN,74894.21841503581,-0.6394410510957041
2024-03-04,10.90999984741211,11.350000381469727,2,98.65593800005352,10.655831188530087,74425.96986878132,72.49318690202301,LOSS,74894.21841503581,-0.6252132089283952
2024-03-05,10.930000305175781,10.90999984741211,2,94.9677835004679,94.9677835004679,74520.93765228179,72.57588020609853,WIN,74894.21841503581,-0.49841065258927497
2024-03-06,11.029999732971191,10.930000305175781,2,94.87075440054996,94.87075440054996,74615.80840668234,72.41180599923713,WIN,74894.21841503581,-0.37173765111030044
2024-03-07,12.510000228881836,11.029999732971191,2,94.73158187569427,94.73158187569427,74710.53998855803,71.80784519822603,WIN,74894.21841503581,-0.24525047508995196
2024-03-08,12.779999732971191,12.510000228881836,2,118.33218230390214,118.33218230390214,74828.87217086193,77.56545178729917,WIN,74894.21841503581,-0.0872513867649391
2024-03-11,12.6899995803833,12.779999732971191,2,118.83783755497717,100.83780703739905,74929.70997789933,76.5053542810333,LOSS,74929.70997789933,0.0
2024-03-12,12.369999885559082,12.6899995803833,2,116.9616490695931,52.96171010474934,74982.67168800408,75.96364196270633,LOSS,74982.67168800408,0.0
2024-03-13,11.710000038146973,12.369999885559082,2,114.06617346612806,-17.93379601629381,74964.73789198778,75.99246782298766,LOSS,74982.67168800408,-0.023917253963577786
2024-03-14,10.6899995803833,11.710000038146973,2,107.77028028915791,-96.22981126357647,74868.5080807242,75.87390252774891,LOSS,74982.67168800408,-0.15225332028031235
2024-03-15,11.039999961853027,10.6899995803833,2,100.54554218328346,100.54554218328346,74969.0536229075,77.2119996480823,WIN,74982.67168800408,-0.01816161626415094
2024-03-18,11.399999618530273,11.039999961853027,2,102.82846222380861,102.82846222380861,75071.8820851313,76.60745916744851,WIN,75071.8820851313,0.0
2024-03-19,11.260000228881836,11.399999618530273,2,107.17512254677466,79.17524461708716,75151.0573297484,77.1839321228404,LOSS,75151.0573297484,0.0
2024-03-20,11.359999656677246,11.260000228881836,2,105.80593991315428,105.80593991315428,75256.86326966155,77.15279719213825,WIN,75256.86326966155,0.0
2024-03-21,11.170000076293945,11.359999656677246,2,106.80321252786216,68.803296451202,75325.66656611275,77.18634421467786,LOSS,75325.66656611275,0.0
2024-03-22,10.800000190734863,11.170000076293945,2,71.57184490571052,-2.428132206105886,75323.23843390665,57.381669919697686,LOSS,75325.66656611275,-0.003223512405255036
2024-03-25,10.649999618530273,10.800000190734863,2,59.7162596754369,29.716145234518933,75352.95457914117,51.57277072636106,LOSS,75352.95457914117,0.0
2024-03-26,10.520000457763672,10.649999618530273,2,56.406547007043216,30.406714853722903,75383.3612939949,50.03232418826749,LOSS,75383.3612939949,0.0
2024-03-27,10.989999771118164,10.520000457763672,2,54.49052519601013,54.49052519601013,75437.85181919091,49.26054472543936,WIN,75437.85181919091,0.0
2024-03-28,10.949999809265137,10.989999771118164,2,58.40516731193406,50.40517494132859,75488.25699413224,50.151399273590314,LOSS,75488.25699413224,0.0
2024-04-01,11.09000015258789,10.949999809265137,2,58.19527549371305,58.19527549371305,75546.45226962595,50.15302034639702,WIN,75546.45226962595,0.0
2024-04-02,10.510000228881836,11.09000015258789,2,59.07088585665571,-56.92909888455523,75489.52317074139,50.231485922144806,LOSS,75546.45226962595,-0.07535641605165
2024-04-03,10.539999961853027,10.510000228881836,2,56.883898618109605,56.883898618109605,75546.4070693595,50.79939249995159,WIN,75546.45226962595,-5.983109079960624e-05
2024-04-04,10.130000114440918,10.539999961853027,2,57.051151908270235,-24.94881757415164,75521.45825178534,50.80245742536842,LOSS,75546.45226962595,-0.033084303881546415
2024-04-05,10.100000381469727,10.130000114440918,2,55.697581915590874,49.69763532135259,75571.1558871067,51.36770698704849,LOSS,75571.1558871067,0.0
2024-04-08,10.4399995803833,10.100000381469727,2,39.376072885811865,39.376072885811865,75610.53195999251,40.78695359589969,WIN,75610.53195999251,0.0
2024-04-09,10.630000114440918,10.4399995803833,2,41.60971468467401,41.60971468467401,75652.14167467719,41.3622992348717,WIN,75652.14167467719,0.0
2024-04-10,10.270000457763672,10.630000114440918,2,43.09916784091687,-28.90076349453235,75623.24091118266,41.81789242551104,LOSS,75652.14167467719,-0.03820217492164399
2024-04-11,9.569999694824219,10.270000457763672,2,41.98781545651691,-98.01233713137371,75525.22857405129,42.04218910449002,LOSS,75652.14167467719,-0.16775876771824277
2024-04-12,9.130000114440918,9.569999694824219,2,40.46079126846231,-47.53912480819785,75477.68944924309,42.964784472025826,LOSS,75652.14167467719,-0.23059786751878958
2024-04-15,8.399999618530273,9.130000114440918,2,34.46610960551475,-111.53398957661415,75366.15545966648,39.969538207303344,LOSS,75652.14167467719,-0.37802791656648455
2024-04-16,8.710000038146973,8.399999618530273,2,34.16390791303967,34.16390791303967,75400.31936757952,41.90155007644804,WIN,75652.14167467719,-0.33286870870168517
2024-04-17,8.739999771118164,8.710000038146973,2,35.755543738599286,35.755543738599286,75436.07491131812,42.15277735646035,WIN,75652.14167467719,-0.2856056135042468
2024-04-18,8.829999923706055,8.739999771118164,2,36.08085500668125,36.08085500668125,75472.15576632481,42.30577000519914,WIN,75652.14167467719,-0.23791250897609836
2024-04-19,8.630000114440918,8.829999923706055,2,36.501893035034804,-3.4980688179925394,75468.65769750682,42.34284603290493,LOSS,75652.14167467719,-0.24253639501627894
2024-04-22,8.789999961853027,8.630000114440918,2,35.74625559796892,35.74625559796892,75504.40395310479,42.397364240968834,WIN,75652.14167467719,-0.19528557725134313
2024-04-23,9.039999961853027,8.789999961853027,2,36.71155114215671,36.71155114215671,75541.11550424695,42.62503839223564,WIN,75652.14167467719,-0.14675879356817037
2024-04-24,8.84000015258789,9.039999961853027,2,38.84240900693914,-1.1575528460882012,75539.95795140087,43.42017560527482,LOSS,75652.14167467719,-0.14828889280985402
2024-04-25,8.520000457763672,8.84000015258789,2,38.12779130645006,-25.872147658393693,75514.08580374248,43.528464959218894,LOSS,75652.14167467719,-0.18248772325360446
2024-04-26,9.039999961853027,8.520000457763672,2,34.97367808400556,34.97367808400556,75549.05948182648,42.1513056549167,WIN,75652.14167467719,-0.13625812907450185
2024-04-29,9.380000114440918,9.039999961853027,2,41.11855585092092,41.11855585092092,75590.1780376774,45.08558448858578,WIN,75652.14167467719,-0.0819059918571091
2024-04-30,8.899999618530273,9.380000114440918,2,43.94277533168583,-52.057323850443076,75538.12071382695,45.98658156374504,LOSS,75652.14167467719,-0.15071742627003457
2024-05-01,9.210000038146973,8.899999618530273,2,41.62240913460786,41.62240913460786,75579.74312296156,45.93330007236027,WIN,75652.14167467719,-0.0956992758076259
2024-05-02,9.829999923706055,9.210000038146973,2,44.2768020316011,44.2768020316011,75624.01992499316,46.7984273994708,WIN,75652.14167467719,-0.03717244358389199
2024-05-03,10.069999694824219,9.829999923706055,2,50.055808347297635,50.055808347297635,75674.07573334046,48.6813890104616,WIN,75674.07573334046,0.0
2024-05-06,10.329999923706055,10.069999694824219,2,51.714341948933715,51.714341948933715,75725.79007528939,48.96804671269216,WIN,75725.79007528939,0.0
2024-05-07,10.25,10.329999923706055,2,52.699141017982676,36.69915627677174,75762.48923156616,48.74366468298168,LOSS,75762.48923156616,0.0
2024-05-08,10.270000457763672,10.25,2,52.0717516745796,52.0717516745796,75814.56098324074,48.60217201523141,WIN,75814.56098324074,0.0
2024-05-09,10.220000267028809,10.270000457763672,2,51.29375087054326,41.29371272357061,75855.8546959643,48.035662747358764,LOSS,75855.8546959643,0.0
2024-05-10,9.989999771118164,10.220000267028809,2,47.06828048721724,1.0681813050883306,75856.92287726939,45.462563981129655,LOSS,75856.92287726939,0.0
2024-05-13,10.899999618530273,9.989999771118164,2,44.48568899953474,44.48568899953474,75901.40856626892,44.453972144825414,WIN,75901.40856626892,0.0
2024-05-14,11.1899995803833,10.899999618530273,2,47.29133285324308,47.29133285324308,75948.69989912216,43.697502357190636,WIN,75948.69989912216,0.0
2024-05-15,10.199999809265137,11.1899995803833,2,48.179897758131695,-149.82005646550112,75798.87984265666,43.47900635403072,LOSS,75948.69989912216,-0.19726480725080817
2024-05-16,10.130000114440918,10.199999809265137,2,51.99149447082827,37.99155550598452,75836.87139816265,48.714844909960746,LOSS,75948.69989912216,-0.1472421530691738
2024-05-17,10.5,10.130000114440918,2,51.80151048159496,51.80151048159496,75888.67290864425,48.823769181509554,WIN,75948.69989912216,-0.07903623176913169
2024-05-20,10.279999732971191,10.5,2,53.48183288801943,9.481779482257714,75898.15468812651,48.69038797181304,LOSS,75948.69989912216,-0.06655177911246561
2024-05-21,10.050000190734863,10.279999732971191,2,53.017449072682545,7.01754062541692,75905.17222875192,49.112594610157636,LOSS,75948.69989912216,-0.05731193612011169
2024-05-22,10.699999809265137,10.050000190734863,2,52.16287115274856,52.16287115274856,75957.33509990467,49.330841323891164,WIN,75957.33509990467,0.0
2024-05-23,9.949999809265137,10.699999809265137,2,57.26066542435127,-92.73933457564874,75864.59576532902,50.39660825220914,LOSS,75957.33509990467,-0.12209398138266059
2024-05-24,10.4399995803833,9.949999809265137,2,56.16811500676836,56.16811500676836,75920.7638803358,52.338408735647896,WIN,75957.33509990467,-0.04814705455472766
2024-05-28,10.420000076293945,10.4399995803833,2,58.15934221057526,54.15944139270417,75974.92332172851,51.84750050024288,LOSS,75974.92332172851,0.0
2024-05-29,10.220000267028809,10.420000076293945,2,57.4518511003403,17.451889247312955,75992.37521097582,51.469124102414504,LOSS,75992.37521097582,0.0
2024-05-30,10.970000267028809,10.220000267028809,2,54.41755275178527,54.41755275178527,76046.7927637276,50.21900875150842,WIN,76046.7927637276,0.0
2024-05-31,10.920000076293945,10.970000267028809,2,61.07548332249322,51.075445175520564,76097.86820890312,51.82555518254246,LOSS,76097.86820890312,0.0
2024-06-03,11.399999618530273,10.920000076293945,2,58.24614704259478,58.24614704259478,76156.11435594571,50.28040724032359,WIN,76156.11435594571,0.0
2024-06-04,11.220000267028809,11.399999618530273,2,61.67036118096476,25.670490880671792,76181.78484682638,50.78167640531028,LOSS,76181.78484682638,0.0
2024-06-05,11.449999809265137,11.220000267028809,2,60.770532048943736,60.770532048943736,76242.55537887533,50.825247552592764,WIN,76242.55537887533,0.0
2024-06-06,11.739999771118164,11.449999809265137,2,62.04186932159851,62.04186932159851,76304.59724819694,50.84003489801199,WIN,76304.59724819694,0.0
2024-06-07,11.520000457763672,11.739999771118164,2,63.86368552912648,19.86382285822804,76324.46107105516,50.981139908917136,LOSS,76324.46107105516,0.0
2024-06-10,11.869999885559082,11.520000457763672,2,63.091670461188365,63.091670461188365,76387.55274151635,51.22501371678518,WIN,76387.55274151635,0.0
2024-06-11,11.829999923706055,11.869999885559082,2,64.62718763588637,56.6271952652809,76444.17993678163,51.012524866593566,LOSS,76444.17993678163,0.0
2024-06-12,11.800000190734863,11.829999923706055,2,58.442043237154415,52.442096642916134,76496.62203342454,47.676059491375526,LOSS,76496.62203342454,0.0
2024-06-13,11.109999656677246,11.800000190734863,2,57.878279204132646,-80.1218276073908,76416.50020581715,47.443120892220904,LOSS,76496.62203342454,-0.10473904007471571
2024-06-14,10.880000114440918,11.109999656677246,2,50.33497551506285,4.335067067797226,76420.83527288494,44.96710881564755,LOSS,76496.62203342454,-0.0990720355030682
2024-06-17,10.960000038146973,10.880000114440918,2,49.75407734949637,49.75407734949637,76470.58935023444,45.24745266397532,WIN,76496.62203342454,-0.034031153923017796
2024-06-18,11.020000457763672,10.960000038146973,2,49.1350564975494,49.1350564975494,76519.72440673198,44.653088434113556,WIN,76519.72440673198,0.0
2024-06-20,10.329999923706055,11.020000457763672,2,48.849225093392945,-89.15088171813049,76430.57352501385,44.320076217483525,LOSS,76519.72440673198,-0.11650706064263855
2024-06-21,10.319999694824219,10.329999923706055,2,48.92522257114392,46.92517679477673,76477.49870180862,46.32719572065854,LOSS,76519.72440673198,-0.05518277182875551
2024-06-24,11.010000228881836,10.319999694824219,2,45.3486928991954,45.3486928991954,76522.84739470782,44.065253692130895,WIN,76522.84739470782,0.0
2024-06-25,11.960000038146973,11.010000228881836,2,47.36256114358817,47.36256114358817,76570.2099558514,43.4535775740287,WIN,76570.2099558514,0.0
2024-06-26,14.739999771118164,11.960000038146973,2,56.019446626669364,56.019446626669364,76626.22940247807,45.98108776858057,WIN,76626.22940247807,0.0
2024-06-27,14.470000267028809,14.739999771118164,2,112.37943009359259,58.379529275721495,76684.6089317538,65.42877020415636,LOSS,76684.6089317538,0.0
2024-06-28,13.420000076293945,14.470000267028809,2,110.2729742303639,-99.72706391660876,76584.88186783719,65.40685223927858,LOSS,76684.6089317538,-0.13004834386697087
2024-07-01,13.920000076293945,13.420000076293945,2,105.19694318029624,105.19694318029624,76690.07881101749,66.84890997707765,WIN,76690.07881101749,0.0
2024-07-02,14.890000343322754,13.920000076293945,2,109.3023166447922,109.3023166447922,76799.38112766229,66.93727478095477,WIN,76799.38112766229,0.0
2024-07-03,14.649999618530273,14.890000343322754,2,118.46497244720642,70.46482748871033,76869.845955151,67.62405119889411,LOSS,76869.845955151,0.0
2024-07-05,14.789999961853027,14.649999618530273,2,116.56989672182235,116.56989672182235,76986.41585187282,67.63054012170794,WIN,76986.41585187282,0.0
2024-07-08,15.489999771118164,14.789999961853027,2,117.68475397717361,117.68475397717361,77104.10060584999,67.63093186790147,WIN,77104.10060584999,0.0
2024-07-09,15.710000038146973,15.489999771118164,2,123.93344585440819,123.93344585440819,77228.0340517044,67.92076851179695,WIN,77228.0340517044,0.0
2024-07-10,16.3700008392334,15.710000038146973,2,124.75858636866552,124.75858636866552,77352.79263807306,67.52708348980937,WIN,77352.79263807306,0.0
2024-07-11,16.760000228881836,16.3700008392334,2,130.33281607781387,130.33281607781387,77483.12545415088,67.6616068012316,WIN,77483.12545415088,0.0
2024-07-12,18.110000610351562,16.760000228881836,2,133.0645585766787,133.0645585766787,77616.19001272756,67.51427886376086,WIN,77616.19001272756,0.0
2024-07-15,17.5,18.110000610351562,2,146.26491649631197,24.26479442599947,77640.45480715355,68.42084228888355,LOSS,77640.45480715355,0.0
2024-07-16,17.940000534057617,17.5,2,138.4444178825277,138.4444178825277,77778.89922503608,67.32707144603881,WIN,77778.89922503608,0.0
2024-07-17,17.190000534057617,17.940000534057617,2,140.03598827576496,-9.964011724235036,77768.93521331184,66.63048892800563,LOSS,77778.89922503608,-0.012810687504601043
2024-07-18,16.899999618530273,17.190000534057617,2,137.67915197616185,79.6789688706931,77848.61418218253,67.9762631661199,LOSS,77848.61418218253,0.0
2024-07-19,16.75,16.899999618530273,2,136.41953928223091,106.41961557617623,77955.0337977587,68.39233477186593,LOSS,77955.0337977587,0.0
2024-07-22,17.219999313354492,16.75,2,129.9778639658171,129.9778639658171,78085.01166172452,66.32673193984112,WIN,78085.01166172452,0.0
2024-07-23,17.5,17.219999313354492,2,132.96542001373302,132.96542001373302,78217.97708173825,66.07338100396503,WIN,78217.97708173825,0.0
2024-07-24,16.270000457763672,17.5,2,133.81064053443347,-112.18926791283215,78105.78781382542,65.57566823262428,LOSS,78217.97708173825,-0.14343156407074742
2024-07-25,16.25,16.270000457763672,2,127.72081732036517,123.7207257676308,78229.50853959305,66.92340355994746,LOSS,78229.50853959305,0.0
2024-07-26,16.209999084472656,16.25,2,80.87032643567423,72.87014333020548,78302.37868292326,47.91734956821639,LOSS,78302.37868292326,0.0
2024-07-29,16.299999237060547,16.209999084472656,2,80.02310597885808,80.02310597885808,78382.40178890212,47.65287623640728,WIN,78382.40178890212,0.0
2024-07-30,16.219999313354492,16.299999237060547,2,71.79845688757887,55.79847214636793,78438.20026104849,44.13510281197148,LOSS,78438.20026104849,0.0
2024-07-31,16.40999984741211,16.219999313354492,2,70.6384668148252,70.6384668148252,78508.83872786332,43.80576820262898,WIN,78508.83872786332,0.0
2024-08-01,15.239999771118164,16.40999984741211,2,65.62293631083465,-168.37707894795443,78340.46164891536,41.45063549584363,LOSS,78508.83872786332,-0.21446894601461255
2024-08-02,14.720000267028809,15.239999771118164,2,68.12739366846986,-35.87250714940123,78304.58914176596,44.56826506312716,LOSS,78508.83872786332,-0.2601612626131841
2024-08-05,14.609999656677246,14.720000267028809,2,67.293390944633,45.2932688743205,78349.88241064028,45.2380390774412,LOSS,78508.83872786332,-0.2024693267646389
2024-08-06,14.800000190734863,14.609999656677246,2,63.964088038592756,63.964088038592756,78413.84649867887,43.95843151368807,WIN,78508.83872786332,-0.12099558562280452
2024-08-07,13.78499984741211,14.800000190734863,2,64.74705678338672,-138.25301188116407,78275.5934867977,43.936589216981815,LOSS,78508.83872786332,-0.29709424422148684
2024-08-08,14.720000267028809,13.78499984741211,2,62.42848327763454,62.42848327763454,78338.02197007534,44.95470498873151,WIN,78508.83872786332,-0.21757646725623445
2024-08-09,13.949999809265137,14.720000267028809,2,72.13965700026279,-81.86043455247159,78256.16153552287,47.41569100302748,LOSS,78508.83872786332,-0.32184553540054855
2024-08-12,13.390000343322754,13.949999809265137,2,61.38427013161761,-50.61562305685895,78205.54591246601,44.10528949821284,LOSS,78508.83872786332,-0.3863167769537568
2024-08-13,13.539999961853027,13.390000343322754,2,59.28303404805549,59.28303404805549,78264.82894651407,44.28457076827964,WIN,78508.83872786332,-0.31080549057038326
2024-08-14,13.25,13.539999961853027,2,58.931678577155076,0.9316862065496068,78265.76063272062,43.78850928693184,LOSS,78508.83872786332,-0.30961876278069367
2024-08-15,13.760000228881836,13.25,2,56.77897068657023,56.77897068657023,78322.53960340719,43.34396908205493,WIN,78508.83872786332,-0.23729700690376965
2024-08-16,13.210000038146973,13.760000228881836,2,61.824564906092604,-48.17547324088005,78274.36413016632,44.718826478098215,LOSS,78508.83872786332,-0.29866012731351754
2024-08-19,13.529999732971191,13.210000038146973,2,60.322187202790566,60.322187202790566,78334.68631736911,45.203918511959046,WIN,78508.83872786332,-0.2218252279821322
2024-08-20,13.199999809265137,13.529999732971191,2,61.46095600568238,-4.539028735528561,78330.14728863358,45.046269057761464,LOSS,78508.83872786332,-0.2276067792177319
2024-08-21,13.069999694824219,13.199999809265137,2,59.21895053573072,33.218927647547126,78363.36621628112,44.67398073555374,LOSS,78508.83872786332,-0.18529443810326515
2024-08-22,12.8100004196167,13.069999694824219,2,54.73634878235456,2.736493740850655,78366.10271002198,42.70060633803079,LOSS,78508.83872786332,-0.18180885127610283
2024-08-23,13.960000038146973,12.8100004196167,2,53.63829801963805,53.63829801963805,78419.74100804162,42.69586117487749,WIN,78508.83872786332,-0.11348750187293144
2024-08-26,14.359999656677246,13.960000038146973,2,69.63983170639928,69.63983170639928,78489.38083974802,47.99600206591051,WIN,78508.83872786332,-0.02478432802037301
2024-08-27,14.479999542236328,14.359999656677246,2,72.79280457810809,72.79280457810809,78562.17364432612,48.52918919796856,WIN,78562.17364432612,0.0
2024-08-28,13.829999923706055,14.479999542236328,2,73.59800193149985,-56.401921774554836,78505.77172255157,48.619132641202874,LOSS,78562.17364432612,-0.07179272053991237
2024-08-29,14.09000015258789,13.829999923706055,2,71.49361274684901,71.49361274684901,78577.26533529842,49.19275500744757,WIN,78577.26533529842,0.0
2024-08-30,14.130000114440918,14.09000015258789,2,68.84558689386931,68.84558689386931,78646.1109221923,47.3187189164102,WIN,78646.1109221923,0.0
2024-09-03,13.149999618530273,14.130000114440918,2,67.94445375982578,-128.05564542230314,78518.05527677,46.80540094810523,LOSS,78646.1109221923,-0.1628251466229366
2024-09-04,13.279999732971191,13.149999618530273,2,67.64187040975797,67.64187040975797,78585.69714717976,49.02349287282343,WIN,78646.1109221923,-0.0768172441130714
2024-09-05,13.739999771118164,13.279999732971191,2,68.21344375047406,68.21344375047406,78653.91059093023,48.97511518523743,WIN,78653.91059093023,0.0
2024-09-06,13.229999542236328,13.739999771118164,2,67.36111949938865,-34.63892627697854,78619.27166465325,47.42736048018552,LOSS,78653.91059093023,-0.04403967459054106
2024-09-09,13.079999923706055,13.229999542236328,2,61.02221013762358,31.022286431568894,78650.29395108482,45.50823848486429,LOSS,78653.91059093023,-0.004598169141541654
2024-09-10,13.229999542236328,13.079999923706055,2,57.79150369276695,57.79150369276695,78708.0854547776,44.22437835538791,WIN,78708.0854547776,0.0
2024-09-11,13.930000305175781,13.229999542236328,2,56.904865980757,56.904865980757,78764.99032075836,43.44975982310076,WIN,78764.99032075836,0.0
2024-09-12,13.720000267028809,13.930000305175781,2,63.010199234846844,21.010191605452313,78786.00051236381,44.91911586213232,LOSS,78786.00051236381,0.0
2024-09-13,13.5,13.720000267028809,2,61.760729154821234,17.760675749059516,78803.76118811287,44.77469514456865,LOSS,78803.76118811287,0.0
2024-09-16,13.199999809265137,13.5,2,59.49501790092366,-0.5050202460489928,78803.25616786681,44.149818817255564,LOSS,78803.76118811287,-0.0006408580484498368
2024-09-17,13.100000381469727,13.199999809265137,2,56.90105083505773,36.9011652759757,78840.1573331428,43.51250606498835,LOSS,78840.1573331428,0.0
2024-09-18,12.899999618530273,13.100000381469727,2,55.840257440315824,15.840104852425199,78855.99743799522,43.19454771579261,LOSS,78855.99743799522,0.0
2024-09-19,13.149999618530273,12.899999618530273,2,54.587954757511085,54.587954757511085,78910.58539275274,42.98956533699385,WIN,78910.58539275274,0.0
2024-09-20,11.710000038146973,13.149999618530273,2,55.96159837909555,-232.0383176975646,78678.54707505518,43.148379577160455,LOSS,78910.58539275274,-0.29405220673837507
2024-09-23,11.90999984741211,11.710000038146973,2,60.52642405766784,60.52642405766784,78739.07349911284,49.18827183666833,WIN,78910.58539275274,-0.2173496658100396
2024-09-24,11.84000015258789,11.90999984741211,2,53.57398046433984,39.57404149949609,78778.64754061234,44.7530291495501,LOSS,78910.58539275274,-0.1671991805455761
2024-09-25,11.029999732971191,11.84000015258789,2,51.90060497128572,-110.09947895205411,78668.54806166029,43.994107237788164,LOSS,78910.58539275274,-0.3067235275062057
2024-09-26,11.170000076293945,11.029999732971191,2,51.078553860958905,51.078553860958905,78719.62661552125,45.63036131382386,WIN,78910.58539275274,-0.24199386721191699
2024-09-27,11.600000381469727,11.170000076293945,2,51.22396185079746,51.22396185079746,78770.85057737205,45.33255669180702,WIN,78910.58539275274,-0.17707993760937807
2024-09-30,11.220000267028809,11.600000381469727,2,54.61411352608649,-21.385909362097102,78749.46466800995,46.14124088631411,LOSS,78910.58539275274,-0.2041813831957437
2024-10-01,10.4399995803833,11.220000267028809,2,53.155133011278444,-102.84500431782311,78646.61966369214,46.33584213622406,LOSS,78910.58539275274,-0.3345124456329789
2024-10-02,10.640000343322754,10.4399995803833,2,49.47581665535588,49.47581665535588,78696.09548034749,46.34595594904544,WIN,78910.58539275274,-0.2718138654499772
2024-10-03,10.779999732971191,10.640000343322754,2,50.81646076276854,50.81646076276854,78746.91194111026,46.5901582115858,WIN,78910.58539275274,-0.20741634449655058
2024-10-04,10.4399995803833,10.779999732971191,2,50.19458416090254,-17.80544635667559,78729.10649475358,45.79832795493185,LOSS,78910.58539275274,-0.22998042290004922
2024-10-07,10.489999771118164,10.4399995803833,2,48.391519219279395,48.391519219279395,78777.49801397286,45.658987204220544,WIN,78910.58539275274,-0.16865592634686027
2024-10-08,10.470000267028809,10.489999771118164,2,48.82649263942744,44.82659182155635,78822.32460579442,45.78712100431264,LOSS,78910.58539275274,-0.11184910936729826
2024-10-09,10.420000076293945,10.470000267028809,2,48.38219342649398,38.38215527952132,78860.70676107395,45.565245564853534,LOSS,78910.58539275274,-0.0632090503834599
2024-10-10,10.260000228881836,10.420000076293945,2,44.416793321179135,12.41682383875726,78873.1235849127,43.19476686716858,LOSS,78910.58539275274,-0.047473742152061946
2024-10-11,10.5,10.260000228881836,2,43.73549597505017,43.73549597505017,78916.85908088775,43.1952347063105,WIN,78916.85908088775,0.0
2024-10-14,10.350000381469727,10.5,2,45.95644382882941,15.95652012277472,78932.81560101053,43.9498384552361,LOSS,78932.81560101053,0.0
2024-10-15,10.149999618530273,10.350000381469727,2,45.20560882392688,5.205456236036255,78938.02105724657,43.889563865985494,LOSS,78938.02105724657,0.0
2024-10-16,10.239999771118164,10.149999618530273,2,44.36773110284321,44.36773110284321,78982.38878834942,43.91280471577648,WIN,78982.38878834942,0.0
2024-10-17,10.119999885559082,10.239999771118164,2,45.1117996765941,21.111822564777697,79003.5006109142,44.13930805825569,LOSS,79003.5006109142,0.0
2024-10-18,10.039999961853027,10.119999885559082,2,43.740275535404216,27.740290794193278,79031.24090170838,43.58841221659975,LOSS,79031.24090170838,0.0
2024-10-21,10.029999732971191,10.039999961853027,2,33.530610249537254,31.530564473170067,79062.77146618156,37.090053875890554,LOSS,79062.77146618156,0.0
2024-10-22,10.489999771118164,10.029999732971191,2,32.84153002962065,32.84153002962065,79095.61299621117,36.65765788796694,WIN,79095.61299621117,0.0
2024-10-23,10.15999984741211,10.489999771118164,2,37.574321402425,-28.425663338785938,79067.18733287239,38.69216212628943,LOSS,79095.61299621117,-0.035938356454923215
2024-10-24,10.430000305175781,10.15999984741211,2,32.59954177433892,32.59954177433892,79099.78687464673,36.22300238309826,WIN,79099.78687464673,0.0
2024-10-25,10.449999809265137,10.430000305175781,2,34.24488897435335,34.24488897435335,79134.03176362108,36.717031939154325,WIN,79134.03176362108,0.0
2024-10-28,10.859999656677246,10.449999809265137,2,32.105896535976925,32.105896535976925,79166.13766015705,35.32158358932508,WIN,79166.13766015705,0.0
2024-10-29,10.470000267028809,10.859999656677246,2,34.5647253383815,-43.435152591306,79122.70250756574,36.051949878373776,LOSS,79166.13766015705,-0.05486582252852302
2024-10-30,10.390000343322754,10.470000267028809,2,28.61115938651868,12.611174645307742,79135.31368221105,33.07497863594645,LOSS,79166.13766015705,-0.03893581126607288
2024-10-31,10.100000381469727,10.390000343322754,2,27.922286171110212,-30.077706199495257,79105.23597601157,32.77560702695558,LOSS,79166.13766015705,-0.07692895718485653
