Date,Stock_Price,Strike,Contracts,Premium,PnL,Capital,VIX,Status,Peak,Drawdown_%
2019-01-09,22.568666458129883,22.13309989929199,2,66.80736706853895,66.80736706853895,50066.80736706854,44.648149663254074,WIN,50066.80736706854,0.0
2019-01-10,22.99799919128418,22.342979793548583,2,67.44087630130373,67.44087630130373,50134.248243369846,44.648149663254074,WIN,50134.248243369846,0.0
2019-01-11,23.150667190551758,22.768019199371338,2,68.72383095892503,68.72383095892503,50202.97207432877,44.648149663254074,WIN,50202.97207432877,0.0
2019-01-14,22.293333053588867,22.91916051864624,2,69.18004150520936,-55.98545150626528,50146.9866228225,44.648149663254074,LOSS,50202.97207432877,-0.11151820139926928
2019-01-16,23.06999969482422,22.732379894256592,2,68.61625596266595,68.61625596266595,50215.60287878517,44.648149663254074,WIN,50215.60287878517,0.0
2019-01-17,23.15399932861328,22.839299697875976,2,68.93898665108273,68.93898665108273,50284.54186543625,44.648149663254074,WIN,50284.54186543625,0.0
2019-01-18,20.150667190551758,22.922459335327147,2,69.18999877544697,-485.16843017963095,49799.37343525662,44.648149663254074,LOSS,50284.54186543625,-0.9648460782997031
2019-01-28,19.7586669921875,19.604640941619873,2,59.17537306536996,59.17537306536996,49858.54880832199,44.648149663254074,WIN,50284.54186543625,-0.84716503583594
2019-01-29,19.83066749572754,19.561080322265624,2,59.04388808133368,59.04388808133368,49917.59269640332,44.648149663254074,WIN,50284.54186543625,-0.729745475289212
2019-01-30,20.584667205810547,19.632360820770263,2,59.25904377349137,59.25904377349137,49976.85174017681,44.648149663254074,WIN,50284.54186543625,-0.6118980383331974
2019-01-31,20.468000411987305,20.378820533752442,2,61.51218537019432,61.51218537019432,50038.363925547004,44.648149663254074,WIN,50284.54186543625,-0.48956981759529655
2019-02-01,20.81399917602539,20.263320407867432,2,65.6073211117833,65.6073211117833,50103.97124665879,46.80220081707583,WIN,50284.54186543625,-0.35909767113058005
2019-02-04,20.859333038330078,20.605859184265135,2,65.7798399420153,65.7798399420153,50169.7510866008,46.355776999478046,WIN,50284.54186543625,-0.22828243944756424
2019-02-05,21.42333221435547,20.650739707946776,2,62.29149354529222,62.29149354529222,50232.042580146095,44.62842826987547,WIN,50284.54186543625,-0.10440442200039621
2019-02-06,21.148000717163086,21.209098892211912,2,61.178186115183394,48.95855110541811,50281.00113125151,43.33282385238693,LOSS,50284.54186543625,-0.007041396925149894
2019-02-07,20.500667572021484,20.936520709991456,2,60.53391614522344,-26.63671144877081,50254.36441980274,43.399437755442236,LOSS,50284.54186543625,-0.06001336497062608
2019-02-13,20.544666290283203,20.57945920944214,2,58.971856636445786,52.01327280465876,50306.3776926074,43.14662488873877,LOSS,50306.3776926074,0.0
2019-02-26,19.857332229614258,19.718819274902344,2,29.697897420149044,29.697897420149044,50336.07559002755,29.793136972431775,WIN,50336.07559002755,0.0
2019-02-27,20.982667922973633,19.658758907318116,2,29.618782114717707,29.618782114717707,50365.694372142265,29.798802787179536,WIN,50365.694372142265,0.0
2019-02-28,21.325332641601562,20.772841243743898,2,37.768719790965875,37.768719790965875,50403.463091933234,32.85878235390604,WIN,50403.463091933234,0.0
2019-03-01,19.652666091918945,21.112079315185547,2,36.18860484215775,-255.6940398111625,50147.76905212207,31.83667442306774,LOSS,50403.463091933234,-0.5072945867723209
2019-03-11,19.39466667175293,18.753240337371825,2,42.716720704429555,42.716720704429555,50190.485772826505,37.37366175068515,WIN,50403.463091933234,-0.42254501187402443
2019-03-12,18.890666961669922,19.2007200050354,2,44.745163228235924,-17.265445444859722,50173.22032738165,37.88990891384918,LOSS,50403.463091933234,-0.456799494375287
2019-03-13,19.263999938964844,18.701760292053223,2,43.33393139934054,43.33393139934054,50216.55425878099,37.75941461847674,WIN,50403.463091933234,-0.3708253792231135
2019-03-14,19.33066749572754,19.071359939575196,2,44.978905871124056,44.978905871124056,50261.533164652115,38.16555483463082,WIN,50403.463091933234,-0.28158765008318165
2019-03-15,18.36199951171875,19.137360820770265,2,45.088238608570954,-109.9840232017321,50151.549141450385,38.14177713442622,LOSS,50403.463091933234,-0.49979492485143606
2019-03-22,17.635332107543945,18.085319652557374,2,44.696194231805904,-45.301314770879756,50106.24782667951,39.27503354778125,LOSS,50403.463091933234,-0.5896723102371384
2019-03-28,18.57466697692871,18.138780498504637,2,43.17105922141201,43.17105922141201,50149.41888590092,38.37760958056187,WIN,50403.463091933234,-0.5040213319647264
2019-03-29,18.657333374023438,18.388920307159424,2,43.62139034871944,43.62139034871944,50193.040276249645,38.3001520664412,WIN,50403.463091933234,-0.4174769009418834
2019-04-01,19.278667449951172,18.470760040283203,2,35.86240417639851,35.86240417639851,50228.90268042604,34.0708529252645,WIN,50403.463091933234,-0.34632622601506985
2019-04-02,19.058666229248047,19.08588077545166,2,37.351858334202355,31.908949093479784,50260.81162951952,34.22274874838374,LOSS,50403.463091933234,-0.2830191690470234
2019-04-03,19.45400047302246,18.868079566955565,2,35.43601743436096,35.43601743436096,50296.24764695388,33.44729487981999,WIN,50403.463091933234,-0.21271444143390944
2019-04-04,17.851999282836914,19.259460468292236,2,36.73312419704868,-244.75911289401566,50051.48853405986,33.73394465291577,LOSS,50403.463091933234,-0.6983142353361476
2019-04-11,17.89466667175293,18.219959335327147,2,42.799378697727455,-22.259154017115954,50029.22938004275,38.073078495133785,LOSS,50403.463091933234,-0.7424761890029283
2019-04-17,18.082000732421875,18.04176092147827,2,40.30653197926411,40.30653197926411,50069.53591202202,36.9438078321047,WIN,50403.463091933234,-0.6625084060239117
2019-04-18,18.21733283996582,17.901180725097657,2,39.40725979610481,39.40725979610481,50108.94317181812,36.6227059467611,WIN,50403.463091933234,-0.5843247706569746
2019-04-22,17.516666412353516,18.03515951156616,2,39.7764111614062,-63.922208681122726,50045.020963137,36.6631242559405,LOSS,50403.463091933234,-0.7111458356392157
2019-05-03,17.00200080871582,16.110599269866942,2,39.251252920984534,39.251252920984534,50084.27221605799,38.93080518352101,WIN,50403.463091933234,-0.6332717164553948
2019-05-06,17.022666931152344,16.831980800628664,2,36.7024344171011,36.7024344171011,50120.97465047509,36.41781320419529,WIN,50403.463091933234,-0.5604544293770106
2019-05-07,16.470666885375977,16.85244026184082,2,35.590383892423176,-40.76429140054529,50080.21035907454,35.7436587108041,LOSS,50403.463091933234,-0.6413304027723234
2019-06-05,13.105999946594238,12.777600088119506,2,33.984738530716804,33.984738530716804,50114.195097605254,41.12462852316822,WIN,50403.463091933234,-0.5739049989489226
2019-06-06,13.729999542236328,12.974939947128295,2,34.79276480078557,34.79276480078557,50148.98786240604,41.33898695130513,WIN,50403.463091933234,-0.5048764785527695
2019-06-07,13.633333206176758,13.592699546813964,2,39.18029009688748,39.18029009688748,50188.16815250293,43.31244738196659,WIN,50403.463091933234,-0.42714314894915123
2019-06-10,14.192000389099121,13.49699987411499,2,38.89346523817454,38.89346523817454,50227.0616177411,43.30446022156308,WIN,50403.463091933234,-0.34997887718625154
2019-06-11,14.473333358764648,14.05008038520813,2,42.322743106693395,42.322743106693395,50269.38436084779,44.587650611006964,WIN,50403.463091933234,-0.2660109501620762
2019-06-12,13.950667381286621,14.328600025177002,2,41.62836522669364,-33.95816355138246,50235.42619729641,43.536524503174554,LOSS,50403.463091933234,-0.3333836294746949
2019-06-14,14.32800006866455,14.118060178756714,2,41.901822060777526,41.901822060777526,50277.328019357185,44.1523360655919,WIN,50403.463091933234,-0.2502508058741634
2019-06-17,15.001999855041504,14.184720067977905,2,42.014404410975544,42.014404410975544,50319.34242376816,44.093295912170824,WIN,50403.463091933234,-0.16689461994236632
2019-06-18,14.982666969299316,14.851979856491088,2,40.681148270647746,40.681148270647746,50360.02357203881,41.904463341393004,WIN,50403.463091933234,-0.08618360174021056
2019-06-19,15.095333099365234,14.832840299606323,2,39.73947176148348,39.73947176148348,50399.76304380029,41.31559848358465,WIN,50403.463091933234,-0.007340860936869345
2019-06-20,14.641332626342773,14.944379768371581,2,40.001163862116094,-20.60826454364544,50379.15477925664,41.2911882357088,LOSS,50403.463091933234,-0.04822746530780088
2019-06-25,14.650667190551758,14.760239896774292,2,35.3091779901936,13.394636745686661,50392.54941600233,38.4968515672917,LOSS,50403.463091933234,-0.021652631111870286
2019-06-28,14.897333145141602,14.707439947128297,2,35.38807858707408,35.38807858707408,50427.9374945894,38.63389934733215,WIN,50427.9374945894,0.0
2019-07-01,15.14466667175293,14.748359813690186,2,34.83459214487161,34.83459214487161,50462.77208673427,38.199706351741696,WIN,50462.77208673427,0.0
2019-07-02,14.970000267028809,14.9932200050354,2,33.215347236946755,28.571399635628367,50491.3434863699,36.760023777097885,LOSS,50491.3434863699,0.0
2019-07-03,15.65999984741211,14.82030026435852,2,26.918015406316876,26.918015406316876,50518.261501776215,32.84027386827534,WIN,50518.261501776215,0.0
2019-07-05,15.539999961853027,15.503399848937988,2,30.098731254826788,30.098731254826788,50548.36023303104,34.06938660315471,WIN,50548.36023303104,0.0
2019-07-08,15.355999946594238,15.384599962234496,2,27.98046848828327,22.260465360231684,50570.62069839127,32.86422812953698,LOSS,50570.62069839127,0.0
2019-07-09,15.337332725524902,15.202439947128296,2,27.865773740238588,27.865773740238588,50598.48647213151,33.00417776361177,WIN,50598.48647213151,0.0
2019-07-11,15.90666675567627,15.768720445632935,2,28.42189630824132,28.42189630824132,50626.90836843975,32.704027646759016,WIN,50626.90836843975,0.0
2019-07-12,16.338666915893555,15.747600088119507,2,25.683747835030868,25.683747835030868,50652.592116274776,31.019888991671465,WIN,50652.592116274776,0.0
2019-07-15,16.899999618530273,16.17528024673462,2,26.67903844473869,26.67903844473869,50679.271154719514,31.200702291028147,WIN,50679.271154719514,0.0
2019-07-16,16.825332641601562,16.73099962234497,2,28.786751813225486,28.786751813225486,50708.05790653274,31.899982559975022,WIN,50708.05790653274,0.0
2019-07-17,16.99066734313965,16.65707931518555,2,26.134882111436735,26.134882111436735,50734.19278864418,30.411225460682118,WIN,50734.19278864418,0.0
2019-07-18,16.902666091918945,16.820760669708253,2,26.312222660386713,26.312222660386713,50760.505011304565,30.364816797981096,WIN,50760.505011304565,0.0
2019-07-19,17.211999893188477,16.733639430999755,2,26.408203406439952,26.408203406439952,50786.91321471101,30.501150470617112,WIN,50786.91321471101,0.0
2019-07-22,17.045333862304688,17.039879894256593,2,24.457236516302633,24.457236516302633,50811.37045122731,29.097962027853622,WIN,50811.37045122731,0.0
2019-07-23,17.344667434692383,16.87488052368164,2,24.8166721800079,24.8166721800079,50836.18712340732,29.44502572234416,WIN,50836.18712340732,0.0
2019-07-24,17.658666610717773,17.17122076034546,2,25.453743059809735,25.453743059809735,50861.640866467125,29.560153933239828,WIN,50861.640866467125,0.0
2019-07-25,15.254667282104492,17.482079944610597,2,24.699056785850317,-420.78347571537057,50440.85739075176,28.877228809328695,LOSS,50861.640866467125,-0.8273100681515557
2019-07-31,16.107332229614258,15.98916051864624,2,48.894300478075195,48.894300478075195,50489.75169122983,45.036412288852176,WIN,50861.640866467125,-0.7311780919802762
2019-08-01,15.59000015258789,15.946258907318114,2,48.583944155548714,-22.66780679049601,50467.08388443934,44.92605295693421,LOSS,50861.640866467125,-0.7757456804503502
2019-08-08,15.886667251586914,15.405719375610351,2,45.62897360592123,45.62897360592123,50512.712858045255,44.09204156400973,WIN,50861.640866467125,-0.6860337230132831
2019-08-09,15.667332649230957,15.727800579071046,2,46.97541370939666,34.881827741378956,50547.59468578664,44.33716220366081,LOSS,50861.640866467125,-0.6174519251256365
2019-08-12,15.267333030700684,15.510659322738647,2,45.80713221306343,-2.858126194529227,50544.73655959211,44.008036057138895,LOSS,50861.640866467125,-0.6230713391788185
2019-08-14,14.641332626342773,15.510000314712524,2,45.81428648860311,-127.91925118534706,50416.81730840676,44.01379932842079,LOSS,50861.640866467125,-0.8745757126243944
2019-08-20,15.057332992553711,14.97077974319458,2,48.4379410847837,48.4379410847837,50465.25524949154,46.78020805664111,WIN,50861.640866467125,-0.7793409929818392
2019-08-21,14.722000122070312,14.906759662628174,2,47.8018959568032,10.849987845230949,50476.10523733677,46.49759214371561,LOSS,50861.640866467125,-0.7580086339379906
2019-08-30,15.040666580200195,14.63286063194275,2,30.705741072833636,30.705741072833636,50506.8109784096,35.611321115695986,WIN,50861.640866467125,-0.6976375162356625
2019-09-03,15.000666618347168,14.890259914398193,2,31.6883353832335,31.6883353832335,50538.49931379283,35.903192963205896,WIN,50861.640866467125,-0.6353345019337333
2019-09-04,14.711999893188477,14.850659952163696,2,30.867027529820458,3.1350157347766263,50541.63432952761,35.41571233969458,LOSS,50861.640866467125,-0.6291706903040462
2019-09-06,15.16333293914795,15.152279806137084,2,33.61323236152026,33.61323236152026,50575.24756188913,36.789525779329026,WIN,50861.640866467125,-0.5630831009363093
2019-09-09,15.452667236328125,15.01169960975647,2,32.80377378485436,32.80377378485436,50608.05133567399,36.463938992035395,WIN,50861.640866467125,-0.49858700284348395
2019-09-10,15.702667236328125,15.298140563964843,2,33.72834171919121,33.72834171919121,50641.779677393184,36.65567996097995,WIN,50861.640866467125,-0.4322730948676389
2019-09-11,16.47333335876465,15.545640563964843,2,33.72506196366365,33.72506196366365,50675.504739356846,36.308830586676144,WIN,50861.640866467125,-0.3659656352789798
2019-09-12,16.391332626342773,16.308600025177,2,37.411903586413416,37.411903586413416,50712.91664294326,37.53245991737419,WIN,50861.640866467125,-0.29240940911507174
2019-09-13,16.34666633605957,16.227419300079344,2,30.85545657373789,30.85545657373789,50743.772099516995,33.67660790868185,WIN,50861.640866467125,-0.23174393303508406
2019-09-16,16.187332153320312,16.183199672698976,2,30.008327467759226,30.008327467759226,50773.780426984755,33.21347777624714,WIN,50861.640866467125,-0.1727440129449237
2019-09-20,16.041332244873047,16.275600528717042,2,28.14129277849134,-18.71236399030777,50755.06806299445,31.98331657049743,LOSS,50861.640866467125,-0.2095347331645784
2019-09-27,16.142000198364258,16.008960971832277,2,37.86550834354562,37.86550834354562,50792.93357133799,38.232509749179904,WIN,50861.640866467125,-0.13508666641235378
2019-09-30,16.058000564575195,15.980580196380615,2,37.252354906136574,37.252354906136574,50830.18592624413,37.89689915019217,WIN,50861.640866467125,-0.06184413181945714
2019-10-01,16.312667846679688,15.897420558929444,2,36.954151839068224,36.954151839068224,50867.1400780832,37.83242594968139,WIN,50867.1400780832,0.0
2019-10-02,16.208667755126953,16.14954116821289,2,37.64900223176781,37.64900223176781,50904.789080314964,37.89859128604648,WIN,50904.789080314964,0.0
2019-10-03,15.535332679748535,16.046581077575684,2,36.865294114706145,-65.38438545072368,50839.40469486424,37.565796672103225,LOSS,50904.789080314964,-0.1284444678624661
2019-10-09,16.302000045776367,15.843298816680909,2,37.31360067231889,37.31360067231889,50876.718295536564,38.1332700857963,WIN,50904.789080314964,-0.05514370118322471
2019-10-10,16.31599998474121,16.138980045318604,2,35.54652778673309,35.54652778673309,50912.2648233233,36.633987907493605,WIN,50912.2648233233,0.0
2019-10-11,16.525999069213867,16.1528399848938,2,35.54703057948482,35.54703057948482,50947.811853902786,36.61573061291363,WIN,50947.811853902786,0.0
2019-10-14,17.130666732788086,16.36073907852173,2,36.185660834763844,36.185660834763844,50983.99751473755,36.72446409919287,WIN,50983.99751473755,0.0
2019-10-15,17.19266700744629,16.959360065460206,2,38.871627453455396,38.871627453455396,51022.869142191004,37.513278577188125,WIN,51022.869142191004,0.0
2019-10-16,17.316667556762695,17.020740337371826,2,38.980155045000565,38.980155045000565,51061.849297236,37.49472033726879,WIN,51061.849297236,0.0
2019-10-17,17.46466636657715,17.143500881195067,2,39.185238319679996,39.185238319679996,51101.034535555686,37.45114323790254,WIN,51101.034535555686,0.0
2019-10-18,17.1299991607666,17.290019702911376,2,39.44158845580827,7.437480026853336,51108.47201558254,37.40651900609636,LOSS,51108.47201558254,0.0
2019-10-25,21.875333786010742,19.778879642486572,2,67.77475692658737,67.77475692658737,51176.24677250913,48.6574929326979,WIN,51176.24677250913,0.0
2019-10-28,21.847333908081055,21.656580448150635,2,80.79635889268094,80.79635889268094,51257.043131401806,51.64522469017015,WIN,51257.043131401806,0.0
2019-10-29,21.08133316040039,21.628860569000246,2,80.53966720263782,-28.965814517333172,51228.077316884475,51.575617931909235,LOSS,51257.043131401806,-0.05651089635247665
2019-10-30,21.000667572021484,20.870519828796386,2,80.10867858331916,80.10867858331916,51308.18599546779,52.70177384718166,WIN,51308.18599546779,0.0
2019-11-05,21.148000717163086,20.953020458221435,2,77.3019490822553,77.3019490822553,51385.48794455005,51.237588550411644,WIN,51385.48794455005,0.0
2019-11-06,21.77199935913086,20.936520709991456,2,77.46190468054004,77.46190468054004,51462.94984923059,51.34118987305238,WIN,51462.94984923059,0.0
2019-11-07,22.369333267211914,21.55427936553955,2,79.93971098640087,79.93971098640087,51542.88956021699,51.42877343158902,WIN,51542.88956021699,0.0
2019-11-08,22.47599983215332,22.145639934539794,2,82.02325278867951,82.02325278867951,51624.91281300566,51.38012910539902,WIN,51624.91281300566,0.0
2019-11-11,23.006000518798828,22.251239833831786,2,82.54474361361059,82.54474361361059,51707.45755661927,51.437677734269705,WIN,51707.45755661927,0.0
2019-11-12,23.32866668701172,22.77594051361084,2,84.10622832318865,84.10622832318865,51791.56378494246,51.27165068406994,WIN,51791.56378494246,0.0
2019-11-13,23.073999404907227,23.0953800201416,2,85.1245650515331,80.84844200465824,51872.41222694712,51.203059621430405,LOSS,51872.41222694712,0.0
2019-11-14,23.290000915527344,22.843259410858153,2,84.8754571762695,84.8754571762695,51957.28768412339,51.49551842325453,WIN,51957.28768412339,0.0
2019-11-15,23.47800064086914,23.05710090637207,2,85.65879749498066,85.65879749498066,52042.94648161837,51.490747134127446,WIN,52042.94648161837,0.0
2019-11-18,23.332666397094727,23.24322063446045,2,85.07317106632594,85.07317106632594,52128.01965268469,50.95106819275055,WIN,52128.01965268469,0.0
2019-11-19,23.968000411987305,23.09933973312378,2,84.12529652563445,84.12529652563445,52212.14494921033,50.771942507839896,WIN,52212.14494921033,0.0
2019-11-20,23.481332778930664,23.728320407867432,2,86.42014170272593,37.02261591537227,52249.1675651257,50.77366686031829,LOSS,52249.1675651257,0.0
2019-11-22,22.202667236328125,23.41877923965454,2,49.182302332153284,-194.0400983331298,52055.127466792575,35.62814069257266,LOSS,52249.1675651257,-0.37137452590276604
2019-12-03,22.413333892822266,22.101420307159422,2,37.754351841485104,37.754351841485104,52092.88181863406,31.7788548625774,WIN,52249.1675651257,-0.2991162419895849
2019-12-04,22.20199966430664,22.189200553894043,2,37.683123171816064,37.683123171816064,52130.564941805875,31.680947546713895,WIN,52249.1675651257,-0.22699428306105834
2019-12-09,22.635332107543945,22.168741092681884,2,35.326733870204194,35.326733870204194,52165.89167567608,30.65229187034342,WIN,52249.1675651257,-0.15938223196728082
2019-12-10,23.256000518798828,22.408978786468506,2,35.926237658970074,35.926237658970074,52201.81791333505,30.747265702171717,WIN,52249.1675651257,-0.09062278692121663
2019-12-11,23.51333236694336,23.02344051361084,2,37.37950092239509,37.37950092239509,52239.19741425745,30.946991319362546,WIN,52249.1675651257,-0.019081932464911223
2019-12-12,23.978666305541992,23.278199043273926,2,37.61937600357951,37.61937600357951,52276.81679026103,30.87368261380995,WIN,52276.81679026103,0.0
2019-12-13,23.892667770385742,23.738879642486573,2,38.83859411586686,38.83859411586686,52315.6553843769,31.070106859666772,WIN,52315.6553843769,0.0
2019-12-16,25.433332443237305,23.653741092681884,2,38.629251687343114,38.629251687343114,52354.28463606424,31.04101846423626,WIN,52354.28463606424,0.0
2019-12-17,25.266000747680664,25.17899911880493,2,50.116922342632265,50.116922342632265,52404.40155840688,34.5506595464546,WIN,52404.40155840688,0.0
2019-12-18,26.209999084472656,25.01334074020386,2,49.80511718420754,49.80511718420754,52454.206675591086,34.55769861499631,WIN,52454.206675591086,0.0
2019-12-19,26.93600082397461,25.947899093627928,2,52.91104460445658,52.91104460445658,52507.11772019554,35.02901619447747,WIN,52507.11772019554,0.0
2019-12-20,27.03933334350586,26.666640815734862,2,53.881081746808434,53.881081746808434,52560.998801942354,34.84647938340855,WIN,52560.998801942354,0.0
2019-12-23,27.947999954223633,26.7689400100708,2,54.11171824780775,54.11171824780775,52615.11052019016,34.85526247254167,WIN,52615.11052019016,0.0
2019-12-24,28.350000381469727,27.668519954681397,2,44.31822911327877,44.31822911327877,52659.428749303435,30.733014836379834,WIN,52659.428749303435,0.0
2019-12-26,28.729333877563477,28.06650037765503,2,44.9632027301907,44.9632027301907,52704.39195203363,30.73564166300963,WIN,52704.39195203363,0.0
2019-12-27,28.691999435424805,28.442040538787843,2,41.67825340146166,41.67825340146166,52746.07020543509,29.393428078998596,WIN,52746.07020543509,0.0
2019-12-30,27.64666748046875,28.405079441070555,2,42.21963896611262,-109.46275315424836,52636.60745228084,29.59936576553352,LOSS,52746.07020543509,-0.20752778875831923
2020-01-03,29.534000396728516,28.397160015106202,2,49.25295368905519,49.25295368905519,52685.8604059699,32.036204860806656,WIN,52746.07020543509,-0.114150303957598
2020-01-06,30.1026668548584,29.23866039276123,2,49.913901256770956,49.913901256770956,52735.77430722667,31.767932880303086,WIN,52746.07020543509,-0.019519744633720287
2020-01-07,31.270666122436523,29.801640186309815,2,49.27640757942829,49.27640757942829,52785.05071480609,31.241059378529453,WIN,52785.05071480609,0.0
2020-01-08,32.80933380126953,30.95795946121216,2,52.76483993151185,52.76483993151185,52837.81555473761,31.7412460787108,WIN,52837.81555473761,0.0
2020-01-09,32.089332580566406,32.48124046325684,2,58.30240749031525,-20.07916904777126,52817.73638568984,32.63069222809335,LOSS,52837.81555473761,-0.038001512433779035
2020-01-10,31.876667022705078,31.768439254760743,2,61.360012281693585,61.360012281693585,52879.09639797153,33.97164726007111,WIN,52879.09639797153,0.0
2020-01-13,34.990665435791016,31.557900352478025,2,62.31270743740357,62.31270743740357,52941.40910540894,34.394741843744086,WIN,52941.40910540894,0.0
2020-01-14,35.861331939697266,34.64075878143311,2,85.58332357711502,85.58332357711502,53026.99242898605,39.26706391611722,WIN,53026.99242898605,0.0
2020-01-15,34.56666564941406,35.50271862030029,2,86.35679883314373,-100.85379534410231,52926.138633641945,38.89188452164124,LOSS,53026.99242898605,-0.1901933161288911
2020-01-16,34.232666015625,34.220998992919924,2,85.2692820158169,85.2692820158169,53011.407915657765,39.474588861311105,WIN,53026.99242898605,-0.029389774178040323
2020-01-22,37.97066879272461,36.11519954681396,2,97.5307756146456,97.5307756146456,53108.93869127241,41.52571758733528,WIN,53108.93869127241,0.0
2020-01-23,38.14666748046875,37.59096210479736,2,102.50797854832008,102.50797854832008,53211.446669820725,41.78488033611791,WIN,53211.446669820725,0.0
2020-01-24,37.654666900634766,37.765200805664065,2,102.67984658326392,80.57306557740398,53292.01973539813,41.706003105317976,LOSS,53292.01973539813,0.0
2020-01-27,37.201332092285156,37.27812023162842,2,103.23738932714714,87.87976145849423,53379.89949685662,42.20185311464479,LOSS,53379.89949685662,0.0
2020-01-29,38.732666015625,37.415397834777835,2,104.67454114016672,104.67454114016672,53484.57403799678,42.4793326021982,WIN,53484.57403799678,0.0
2020-01-30,42.72066879272461,38.34533935546875,2,100.80251785005028,100.80251785005028,53585.37655584684,40.821072481764595,WIN,53585.37655584684,0.0
2020-01-31,43.371334075927734,42.293462104797364,2,128.57950817552913,128.57950817552913,53713.956064022364,44.86166403275455,WIN,53713.956064022364,0.0
2020-02-03,52.0,42.93762073516846,2,130.5374515760742,130.5374515760742,53844.49351559844,44.86156994667922,WIN,53844.49351559844,0.0
2020-02-04,59.137332916259766,51.48,2,227.59113444735792,227.59113444735792,54072.0846500458,58.424245842603945,WIN,54072.0846500458,0.0
2020-02-05,48.97999954223633,58.545959587097165,2,282.11318176973174,-1631.0788272024358,52441.00582284336,62.330591590476196,LOSS,54072.0846500458,-3.0164896318659964
2020-02-12,51.15266799926758,51.109078559875485,2,300.2456535037696,300.2456535037696,52741.25147634713,72.70243762786654,WIN,54072.0846500458,-2.461220391837692
2020-02-13,53.599998474121094,50.6411413192749,2,298.84561648135224,298.84561648135224,53040.09709282849,72.96407200276175,WIN,54072.0846500458,-1.9085403566300958
2020-02-14,53.33533477783203,53.063998489379884,2,308.7946624953533,308.7946624953533,53348.89175532384,72.15908860109059,WIN,54072.0846500458,-1.3374607237772627
2020-02-18,57.22666549682617,52.80198143005371,2,306.7975572298892,306.7975572298892,53655.68931255373,72.07122041983745,WIN,54072.0846500458,-0.7700745036685298
2020-02-19,61.16133117675781,56.65439884185791,2,330.9576842197918,330.9576842197918,53986.646996773525,72.37917712809804,WIN,54072.0846500458,-0.15800695280240523
2020-02-20,59.96066665649414,60.549717864990235,2,353.2480290920963,235.4377873928774,54222.0847841664,72.30375823984846,LOSS,54222.0847841664,0.0
2020-02-21,60.06666564941406,59.361059989929196,2,349.7878904714188,349.7878904714188,54571.872674637816,72.87867831200813,WIN,54571.872674637816,0.0
2020-02-24,55.58599853515625,59.46599899291992,2,350.62831761099636,-425.3717739417379,54146.500900696075,72.91535877175295,LOSS,54571.872674637816,-0.7794707293221247
2020-03-03,49.70066833496094,49.07892219543457,2,337.35640458198884,337.35640458198884,54483.85730527806,80.0,WIN,54571.872674637816,-0.1612833957238526
2020-03-04,49.96666717529297,49.20366165161133,2,288.3855327815619,288.3855327815619,54772.242838059625,72.56937685726476,WIN,54772.242838059625,0.0
2020-03-05,48.30266571044922,49.467000503540035,2,259.9537751185679,27.08681650040461,54799.32965456003,66.61738916790992,LOSS,54799.32965456003,0.0
2020-03-23,28.952667236328125,28.21698080062866,2,202.3666443016923,202.3666443016923,55001.69629886172,80.0,WIN,55001.69629886172,0.0
2020-03-24,33.66666793823242,28.663140563964845,2,205.70708495139226,205.70708495139226,55207.403383813114,80.0,WIN,55207.403383813114,0.0
2020-03-25,35.95000076293945,33.330001258850096,2,265.15672514748496,265.15672514748496,55472.5601089606,80.0,WIN,55472.5601089606,0.0
2020-03-26,35.21066665649414,35.59050075531006,2,288.372050726139,212.40523096295505,55684.965339923554,80.0,LOSS,55684.965339923554,0.0
2020-03-27,34.29066848754883,34.8585599899292,2,272.1263573025511,158.5480568264772,55843.51339675003,80.0,LOSS,55843.51339675003,0.0
2020-03-30,33.47533416748047,33.94776180267334,2,265.20750606689006,170.72197902831562,56014.23537577834,80.0,LOSS,56014.23537577834,0.0
2020-04-01,32.104000091552734,34.584001007080076,2,260.5309267512775,-235.4692563541908,55778.76611942415,80.0,LOSS,56014.23537577834,-0.4203739545394417
2020-04-07,36.36333465576172,34.071840362548826,2,257.75966786568017,257.75966786568017,56036.52578728983,80.0,WIN,56036.52578728983,0.0
2020-04-08,36.589332580566406,35.9997013092041,2,271.84725977643905,271.84725977643905,56308.37304706627,80.0,WIN,56308.37304706627,0.0
2020-04-09,38.20000076293945,36.22343925476074,2,273.46349047631804,273.46349047631804,56581.836537542586,80.0,WIN,56581.836537542586,0.0
2020-04-13,43.39666748046875,37.81800075531006,2,275.08712792142126,275.08712792142126,56856.923665464004,80.0,WIN,56856.923665464004,0.0
2020-04-14,47.32600021362305,42.96270080566406,2,327.3659665745224,327.3659665745224,57184.289632038526,80.0,WIN,57184.289632038526,0.0
2020-04-15,48.65533447265625,46.85274021148682,2,315.08972647749704,315.08972647749704,57499.379358516024,80.0,WIN,57499.379358516024,0.0
2020-04-16,49.680667877197266,48.168781127929684,2,319.20353780669836,319.20353780669836,57818.582896322725,80.0,WIN,57818.582896322725,0.0
2020-04-17,50.259334564208984,49.18386119842529,2,273.54362112823105,273.54362112823105,58092.12651745095,69.62852240802559,WIN,58092.12651745095,0.0
2020-04-20,49.75733184814453,49.756741218566894,2,241.0333608590005,241.0333608590005,58333.159878309954,62.5817827697478,WIN,58333.159878309954,0.0
2020-04-21,45.781333923339844,49.25975852966309,2,239.82250601938327,-455.86241524526565,57877.297463064686,62.82039295686531,LOSS,58333.159878309954,-0.781480749879233
2020-04-27,53.25,47.859900856018065,2,220.53091529198468,220.53091529198468,58097.82837835667,60.25985598198082,WIN,58333.159878309954,-0.40342662808634294
2020-04-28,51.27466583251953,52.7175,2,251.2973357846521,-37.269497711441886,58060.55888064523,61.82184898727337,LOSS,58333.159878309954,-0.4673173855717817
2020-04-29,53.367332458496094,50.76191917419433,2,244.59250428898923,244.59250428898923,58305.151384934215,62.32826594713318,WIN,58333.159878309954,-0.04801470284511935
2020-04-30,52.12533187866211,52.833659133911134,2,254.37826291553134,112.71281186572648,58417.86419679994,62.29168516656542,LOSS,58417.86419679994,0.0
2020-05-01,46.75466537475586,51.60407855987549,2,231.5878698376424,-738.2947671862836,57679.56942961366,59.080576192486156,LOSS,58417.86419679994,-1.2638167747781655
2020-05-06,52.172000885009766,50.701860694885255,2,246.13876006105104,246.13876006105104,57925.70818967471,62.683880741359744,WIN,58417.86419679994,-0.8424751809947055
2020-05-07,52.00266647338867,51.65028087615967,2,248.40242474194275,248.40242474194275,58174.110614416655,62.23877485414669,WIN,58417.86419679994,-0.41725863438300825
2020-05-08,54.62799835205078,51.48263980865478,2,248.22729246960674,248.22729246960674,58422.33790688626,62.359183362469,WIN,58422.33790688626,0.0
2020-05-11,54.08599853515625,54.081718368530275,2,261.44799799883043,261.44799799883043,58683.785904885095,62.48433067848142,WIN,58683.785904885095,0.0
2020-05-12,53.96066665649414,53.54513854980469,2,231.282239357926,231.282239357926,58915.06814424302,57.426550164094564,WIN,58915.06814424302,0.0
2020-05-13,52.73066711425781,53.4210599899292,2,216.90840415389175,78.82982901961469,58993.89797326264,54.88222326303628,LOSS,58993.89797326264,0.0
2020-05-19,53.867332458496094,53.69958057403564,2,218.606668567414,218.606668567414,59212.504641830055,54.98600303641318,WIN,59212.504641830055,0.0
2020-05-20,54.37066650390625,53.32865913391113,2,199.71648130678827,199.71648130678827,59412.22112313684,51.78482752040155,WIN,59412.22112313684,0.0
2020-05-21,55.17333221435547,53.82695983886719,2,193.00177297740873,193.00177297740873,59605.222896114254,50.2189926154448,WIN,59605.222896114254,0.0
2020-05-22,54.45866775512695,54.621598892211914,2,190.90303035270713,158.316802935715,59763.53969904997,49.32921684516693,LOSS,59763.53969904997,0.0
2020-05-26,54.591331481933594,53.91408107757568,2,188.54236155696248,188.54236155696248,59952.08206060693,49.349642181174076,WIN,59952.08206060693,0.0
2020-05-27,54.68199920654297,54.045418167114256,2,162.04391971507576,162.04391971507576,60114.12598032201,44.450274068106154,WIN,60114.12598032201,0.0
2020-05-28,53.72066879272461,54.13517921447754,2,157.2824313425218,74.38034699193591,60188.506327313946,43.53751268494071,LOSS,60188.506327313946,0.0
2020-06-01,59.87333297729492,55.1100012588501,2,158.16471292842812,158.16471292842812,60346.67104024237,43.18997292905628,WIN,60346.67104024237,0.0
2020-06-02,58.770668029785156,59.274599647521974,2,139.31351713179362,38.52719358443005,60385.1982338268,38.0855438225878,LOSS,60385.1982338268,0.0
2020-06-03,58.86399841308594,58.18296134948731,2,114.40166607434897,114.40166607434897,60499.59989990115,34.31310091524635,WIN,60499.59989990115,0.0
2020-06-04,57.62533187866211,58.27535842895508,2,114.7422808819571,-15.263029176637048,60484.33687072451,34.33989035714812,LOSS,60499.59989990115,-0.025228314239917667
2020-06-08,63.327999114990234,58.4535587310791,2,119.37003465029356,119.37003465029356,60603.706905374806,35.05856432493952,WIN,60603.706905374806,0.0
2020-06-09,62.711334228515625,62.69471912384033,2,140.1076545126057,140.1076545126057,60743.81455988741,36.95059940689603,WIN,60743.81455988741,0.0
2020-06-10,68.336669921875,62.08422088623047,2,138.71240593640613,138.71240593640613,60882.52696582382,36.94570573139062,WIN,60882.52696582382,0.0
2020-06-11,64.85600280761719,67.65330322265625,2,180.49633260117704,-378.9637504066351,60503.56321541718,41.205645290873775,LOSS,60882.52696582382,-0.6224507577015717
2020-06-12,62.35200119018555,64.20744277954101,2,182.25056410196018,-188.83775376913277,60314.72546164805,42.880399348616095,LOSS,60882.52696582382,-0.9326181623415555
2020-06-16,65.47533416748047,65.39939758300781,2,202.74930238228595,202.74930238228595,60517.47476403033,45.45096800750528,WIN,60882.52696582382,-0.5996009364039804
2020-06-17,66.11933135986328,64.82058082580566,2,202.1511602573971,202.1511602573971,60719.62592428773,45.632243276308984,WIN,60882.52696582382,-0.2675661633222514
2020-06-18,66.9306640625,65.45813804626465,2,203.03747692885347,203.03747692885347,60922.66340121658,45.46688425296059,WIN,60922.66340121658,0.0
2020-06-19,66.72666931152344,66.261357421875,2,205.52356767402614,205.52356767402614,61128.18696889061,45.466094441431494,WIN,61128.18696889061,0.0
2020-06-22,66.28800201416016,66.0594026184082,2,205.52531566756653,205.52531566756653,61333.712284558176,45.55949437055828,WIN,61333.712284558176,0.0
2020-06-24,64.0566635131836,66.11747840881348,2,204.5520127011828,-207.610966424795,61126.101318133384,45.388058750954926,LOSS,61333.712284558176,-0.3384940495067051
2020-06-30,71.98733520507812,66.61710090637207,2,205.66034008767903,205.66034008767903,61331.76165822106,45.32356815747612,WIN,61333.712284558176,-0.0031803493779489654
2020-07-01,74.64199829101562,71.26746185302734,2,231.58041040142723,231.58041040142723,61563.342068622485,46.9172900009586,WIN,61563.342068622485,0.0
2020-07-02,80.57733154296875,73.89557830810547,2,242.15373078602263,242.15373078602263,61805.495799408505,47.18757027084864,WIN,61805.495799408505,0.0
2020-07-06,91.43866729736328,79.77155822753906,2,272.9434503657068,272.9434503657068,62078.439249774216,48.60780000823521,WIN,62078.439249774216,0.0
2020-07-07,92.65733337402344,90.52428062438965,2,364.2555841015355,364.2555841015355,62442.69483387575,54.52361119551604,WIN,62442.69483387575,0.0
2020-07-08,91.05867004394531,91.7307600402832,2,359.149764982335,224.73176571475733,62667.42659959051,53.45705975052972,LOSS,62667.42659959051,0.0
2020-07-09,92.9520034790039,90.14808334350586,2,354.94553269682166,354.94553269682166,63022.37213228733,53.67414305672058,WIN,63022.37213228733,0.0
2020-07-10,102.97666931152344,92.02248344421386,2,341.1968793645363,341.1968793645363,63363.56901165187,51.41887978968267,WIN,63363.56901165187,0.0
2020-07-13,99.80400085449219,101.9469026184082,2,389.8454535561093,-38.734899227093706,63324.834112424775,52.56072103836333,LOSS,63363.56901165187,-0.06113118284099458
2020-07-14,101.12000274658203,98.80596084594727,2,373.7044132488209,373.7044132488209,63698.5385256736,52.15014927402038,WIN,63698.5385256736,0.0
2020-07-15,103.06732940673828,100.10880271911621,2,373.25087621525637,373.25087621525637,64071.789401888855,51.622168028566726,WIN,64071.789401888855,0.0
2020-07-16,100.04266357421875,102.0366561126709,2,375.65557400359626,-23.142933686833203,64048.64646820202,51.161721898793004,LOSS,64071.789401888855,-0.03612031738596819
2020-07-21,104.55733489990234,108.43799949645997,2,434.36995031884715,-341.7629689926773,63706.88349920935,54.345381306746,LOSS,64071.789401888855,-0.569526629560232
2020-07-22,106.15533447265625,103.51176155090332,2,431.95616116658834,431.95616116658834,64138.83966037593,55.98882376914415,WIN,64138.83966037593,0.0
2020-07-23,100.87133026123047,105.09378112792969,2,437.6770912427023,-406.81308209714155,63732.02657827879,55.906496022931584,LOSS,64138.83966037593,-0.6342694757985546
2020-07-28,98.43267059326172,101.61359939575195,2,463.9997297379971,-172.18603076004865,63559.84054751874,59.85195466879546,LOSS,64138.83966037593,-0.9027277635876695
2020-07-30,99.16600036621094,98.94125953674316,2,454.6106350366805,454.6106350366805,64014.45118255542,60.13127874094617,WIN,64138.83966037593,-0.19393627711253342
2020-07-31,95.38400268554688,98.17434036254883,2,451.8548148325503,-106.21272056784125,63908.23846198758,60.20811559679777,LOSS,64138.83966037593,-0.35953440943025516
2020-08-04,99.13333129882812,98.01,2,383.3413791477705,383.3413791477705,64291.57984113535,53.41764986611825,WIN,64291.57984113535,0.0
2020-08-05,99.00133514404297,98.14199798583984,2,383.591903975392,383.591903975392,64675.17174511075,53.391052594007284,WIN,64675.17174511075,0.0
2020-08-06,99.30533599853516,98.01132179260254,2,381.1335816267029,381.1335816267029,65056.30532673745,53.1958740182304,WIN,65056.30532673745,0.0
2020-08-07,96.84733581542969,98.3122826385498,2,381.2072208706844,88.21785624666131,65144.52318298411,53.08630325341152,LOSS,65144.52318298411,0.0
2020-08-13,108.06666564941406,102.6141586303711,2,426.7258352732551,426.7258352732551,65571.24901825737,55.84671460095923,WIN,65571.24901825737,0.0
2020-08-14,110.04733276367188,106.98599899291992,2,447.0235362713071,447.0235362713071,66018.27255452868,56.04109371027469,WIN,66018.27255452868,0.0
2020-08-17,122.3759994506836,108.94685943603515,2,455.81693583640714,455.81693583640714,66474.08949036509,56.09521189570104,WIN,66474.08949036509,0.0
2020-08-18,125.80599975585938,121.15223945617676,2,523.3162405196292,523.3162405196292,66997.40573088473,57.427578804397264,WIN,66997.40573088473,0.0
2020-08-19,125.23533630371094,124.54793975830079,2,525.1620909238518,525.1620909238518,67522.56782180858,56.416395877767634,WIN,67522.56782180858,0.0
2020-08-20,133.45533752441406,123.98298294067382,2,523.7146094473815,523.7146094473815,68046.28243125597,56.49044477377362,WIN,68046.28243125597,0.0
2020-08-21,136.6653289794922,132.1207841491699,2,552.4729047036758,552.4729047036758,68598.75533595965,56.072895782831026,WIN,68598.75533595965,0.0
2020-08-24,134.27999877929688,135.29867568969726,2,528.2766753981839,324.54129331810645,68923.29662927776,53.35158989234177,LOSS,68923.29662927776,0.0
2020-08-25,134.8893280029297,132.9371987915039,2,497.39097593101167,497.39097593101167,69420.68760520876,51.75080536875343,WIN,69420.68760520876,0.0
2020-08-26,143.54466247558594,133.5404347229004,2,480.3640942257848,480.3640942257848,69901.05169943455,50.33240780337959,WIN,69901.05169943455,0.0
2020-08-27,149.25,142.10921585083008,2,525.412263233251,525.412263233251,70426.4639626678,51.315618436924225,WIN,70426.4639626678,0.0
2020-08-28,147.55999755859375,147.7575,2,543.4126659295814,503.9121776483328,70930.37614031613,51.12398927970588,LOSS,70930.37614031613,0.0
2020-08-31,166.10667419433594,146.0843975830078,2,519.7725687833231,519.7725687833231,71450.14870909946,49.948215422539086,WIN,71450.14870909946,0.0
2020-09-01,158.35000610351562,164.44560745239258,2,659.4035349924515,-559.7167347829394,70890.43197431653,54.386235735758135,LOSS,71450.14870909946,-0.7833667877470154
2020-09-02,149.1233367919922,156.76650604248047,2,659.3585027148349,-869.275347382822,70021.1566269337,56.3127223502984,LOSS,71450.14870909946,-1.999984755782279
2020-09-14,139.8733367919922,122.99759788513184,2,754.7723501354561,754.7723501354561,70775.92897706917,75.27466906579023,WIN,71450.14870909946,-0.9436225735166738
2020-09-15,149.9199981689453,138.47460342407226,2,897.9927749368736,897.9927749368736,71673.92175200605,78.69688505614592,WIN,71673.92175200605,0.0
2020-09-16,147.25332641601562,148.42079818725585,2,937.6068658183618,704.1125115703159,72378.03426357637,77.0499589314282,LOSS,72378.03426357637,0.0
2020-09-17,141.14332580566406,145.78079315185548,2,923.4627292809093,-4.030739957373498,72374.00352361899,77.22065027783263,LOSS,72378.03426357637,-0.005569009988169637
2020-09-18,147.38333129882812,139.73189254760743,2,894.3564914527554,894.3564914527554,73268.36001507174,77.8681389904578,WIN,73268.36001507174,0.0
2020-09-21,149.79666137695312,145.90949798583983,2,926.08298814151,926.08298814151,74194.44300321325,77.34215714315047,WIN,74194.44300321325,0.0
2020-09-22,141.41000366210938,148.2986947631836,2,940.4842220891844,-437.25399812565865,73757.1890050876,77.29162604715239,LOSS,74194.44300321325,-0.5893352391724527
2020-09-29,139.69000244140625,138.99599395751952,2,928.8539498645052,928.8539498645052,74686.0429549521,80.0,WIN,74686.0429549521,0.0
2020-09-30,143.00332641601562,138.29310241699218,2,863.9002203340492,863.9002203340492,75549.94317528616,76.359038781333,WIN,75549.94317528616,0.0
2020-10-01,149.3866729736328,141.57329315185547,2,880.2070977412772,880.2070977412772,76430.15027302744,76.06874769688558,WIN,76430.15027302744,0.0
2020-10-02,138.3633270263672,147.89280624389647,2,913.361228621879,-992.5346148839781,75437.61565814346,75.66120106297296,LOSS,76430.15027302744,-1.2986165948102872
2020-10-09,144.6666717529297,140.55359436035155,2,594.301004220824,594.301004220824,76031.91666236428,56.53172696038812,WIN,76430.15027302744,-0.5210425587815364
2020-10-12,147.43333435058594,143.2200050354004,2,606.0692651861826,606.0692651861826,76637.98592755046,56.56560042991958,WIN,76637.98592755046,0.0
2020-10-13,148.88333129882812,145.95900100708008,2,527.30997797379,527.30997797379,77165.29590552425,50.48547225700854,WIN,77165.29590552425,0.0
2020-10-14,153.76666259765625,147.39449798583985,2,497.65264567376096,497.65264567376096,77662.94855119802,48.16351287262468,WIN,77662.94855119802,0.0
2020-10-15,149.6266632080078,152.2289959716797,2,518.4508464051942,-2.015706329182194,77660.93284486883,48.45227722218241,LOSS,77662.94855119802,-0.002595454289062495
2020-10-16,146.55667114257812,148.13039657592773,2,496.2337710214307,181.48868435150905,77842.42152922034,47.90467559705488,LOSS,77842.42152922034,0.0
2020-10-28,135.33999633789062,140.14439758300782,2,310.9547456702674,-649.9255033531708,77192.49602586718,36.79399919365466,LOSS,77842.42152922034,-0.8349245701576722
2020-11-04,140.32666015625,139.88700302124025,2,312.0941040560837,312.0941040560837,77504.59012992326,36.9141021005353,WIN,77842.42152922034,-0.4339939491351323
2020-11-05,146.02999877929688,138.9233935546875,2,302.8775265499369,302.8775265499369,77807.4676564732,36.41446105294318,WIN,77842.42152922034,-0.04490337281454726
2020-11-06,143.31666564941406,144.5696987915039,2,332.7676672834624,82.1610388654957,77889.6286953387,37.60889455988818,LOSS,77889.6286953387,0.0
2020-11-09,140.4199981689453,141.88349899291993,2,327.11032943364364,34.410164638721085,77924.03885997743,37.64528812054553,LOSS,77924.03885997743,0.0
2020-11-18,162.2133331298828,145.7313052368164,2,383.25335076878474,383.25335076878474,78307.29221074622,40.83143828677879,WIN,78307.29221074622,0.0
2020-11-19,166.42333984375,160.59119979858397,2,510.98015356797583,510.98015356797583,78818.2723643142,46.25343610352259,WIN,78818.2723643142,0.0
2020-11-20,163.20333862304688,164.7591064453125,2,527.0161747059489,215.86261025282158,79034.13497456702,46.41882930504882,LOSS,79034.13497456702,0.0
2020-11-23,173.9499969482422,161.5713052368164,2,519.8564110926682,519.8564110926682,79553.99138565968,46.603461504330014,WIN,79553.99138565968,0.0
2020-11-24,185.1266632080078,172.21049697875978,2,581.0140411981589,581.0140411981589,80135.00542685784,48.139235877028106,WIN,80135.00542685784,0.0
2020-11-25,191.3333282470703,183.27539657592774,2,642.3075181909013,642.3075181909013,80777.31294504875,49.42344410805093,WIN,80777.31294504875,0.0
2020-11-27,195.25332641601562,189.4199949645996,2,632.1148791433486,632.1148791433486,81409.4278241921,47.77824331937628,WIN,81409.4278241921,0.0
2020-11-30,189.1999969482422,193.30079315185546,2,644.669611452238,-175.48962927041623,81233.93819492168,47.75812570670026,LOSS,81409.4278241921,-0.21556425829376982
2020-12-01,194.9199981689453,187.30799697875977,2,594.4128473706321,594.4128473706321,81828.35104229231,46.17075704832148,WIN,81828.35104229231,0.0
2020-12-02,189.60667419433594,192.97079818725587,2,611.9328824350114,-60.89191614897436,81767.45912614334,46.14782169341645,LOSS,81828.35104229231,-0.0744142040910787
2020-12-04,199.67999267578125,195.81540161132813,2,626.197501469074,626.197501469074,82393.6566276124,46.41086997745089,WIN,82393.6566276124,0.0
2020-12-07,213.9199981689453,197.68319274902345,2,626.9709926272214,626.9709926272214,83020.62762023963,46.15252003056837,WIN,83020.62762023963,0.0
2020-12-08,216.6266632080078,211.78079818725587,2,687.2673288496699,687.2673288496699,83707.8949490893,46.875323460639414,WIN,83707.8949490893,0.0
2020-12-09,201.4933319091797,214.46039657592775,2,676.6052201210143,-1916.8077132285973,81791.0872358607,45.988725978460465,LOSS,83707.8949490893,-2.2898768561727545
2020-12-11,203.3300018310547,206.9330973815918,2,720.9237311657562,0.30462105833225905,81791.39185691903,49.219593465240315,LOSS,83707.8949490893,-2.289512946581536
2020-12-15,211.0833282470703,211.14390563964844,2,745.8682968442573,733.7528183286323,82525.14467524766,49.69757151105372,LOSS,83707.8949490893,-1.4129494888874932
2020-12-16,207.58999633789062,208.9724949645996,2,743.6484597747344,467.14873443293845,82992.2934096806,49.95377104907871,LOSS,83707.8949490893,-0.8548793872357271
2020-12-18,231.6666717529297,216.44699798583983,2,677.8587128068392,677.8587128068392,83670.15212248743,45.761187592103155,WIN,83707.8949490893,-0.0450887298322622
2020-12-21,216.6199951171875,229.3500050354004,2,740.1269117583472,-1805.87507188423,81864.2770506032,46.69734772899099,LOSS,83707.8949490893,-2.202442075036509
2020-12-28,221.22999572753906,218.38409637451173,2,704.4313202555458,704.4313202555458,82568.70837085875,46.683498573065194,WIN,83707.8949490893,-1.3609069717060753
2020-12-29,221.99667358398438,219.01769577026366,2,704.7345243688408,704.7345243688408,83273.44289522759,46.605438816110066,WIN,83707.8949490893,-0.5190096515100977
2020-12-30,231.5933380126953,219.77670684814453,2,689.4379060634069,689.4379060634069,83962.880801291,45.81264486562469,WIN,83962.880801291,0.0
2020-12-31,235.22332763671875,229.27740463256836,2,728.2164366515115,728.2164366515115,84691.09723794251,46.19713430461305,WIN,84691.09723794251,0.0
2021-01-04,243.2566680908203,232.87109436035155,2,721.8277658539829,721.8277658539829,85412.9250037965,45.446227055663414,WIN,85412.9250037965,0.0
2021-01-05,245.0366668701172,240.82410140991212,2,739.858965908209,739.858965908209,86152.7839697047,45.17619482568058,WIN,86152.7839697047,0.0
2021-01-06,251.9933319091797,242.586300201416,2,745.4297316552992,745.4297316552992,86898.21370136,45.18254953980396,WIN,86898.21370136,0.0
2021-01-07,272.0133361816406,249.4733985900879,2,717.1527129640765,717.1527129640765,87615.36641432407,43.23598122889131,WIN,87615.36641432407,0.0
2021-01-08,293.3399963378906,269.2932028198242,2,847.1333672921032,847.1333672921032,88462.49978161618,45.89881890473261,WIN,88462.49978161618,0.0
2021-01-11,270.39666748046875,290.4065963745117,2,857.2275444852769,-3144.7582343233144,85317.74154729287,43.99379893660331,LOSS,88462.49978161618,-3.5549054594733884
2021-01-12,283.14666748046875,267.69270080566406,2,914.1607466291443,914.1607466291443,86231.90229392202,48.5429706353428,WIN,88462.49978161618,-2.521517584514058
2021-01-13,284.8033447265625,280.31520080566406,2,945.2156367190645,945.2156367190645,87177.11793064108,48.12071706963565,WIN,88462.49978161618,-1.453024563118011
2021-01-14,281.6666564941406,281.9553112792969,2,937.1102245956788,879.3792675644252,88056.4971982055,47.64569199121149,LOSS,88462.49978161618,-0.45895445461405737
2021-01-20,283.48333740234375,278.70149597167966,2,911.543052120642,911.543052120642,88968.04025032614,47.125756824474806,WIN,88968.04025032614,0.0
2021-01-21,281.663330078125,280.6485040283203,2,884.5327110161282,884.5327110161282,89852.57296134227,45.95755470094372,WIN,89852.57296134227,0.0
2021-01-22,282.21331787109375,278.84669677734377,2,788.7846929255613,788.7846929255613,90641.35765426783,42.78487531830066,WIN,90641.35765426783,0.0
2021-01-25,293.6000061035156,279.3911846923828,2,778.6533978616987,778.6533978616987,91420.01105212953,42.374548583473754,WIN,91420.01105212953,0.0
2021-01-26,294.36334228515625,290.6640060424805,2,820.3659717873642,820.3659717873642,92240.3770239169,42.722466369482206,WIN,92240.3770239169,0.0
2021-01-27,288.0533447265625,291.4197088623047,2,824.1510738650773,150.87824671664248,92391.25527063354,42.778154634505086,LOSS,92391.25527063354,0.0
2021-01-28,278.4766540527344,285.17281127929687,2,826.2882312988735,-512.9432140136247,91878.31205661992,43.46026453908385,LOSS,92391.25527063354,-0.5551858912524787
2021-02-03,284.89666748046875,288.02069274902345,2,949.8974686832103,325.0924149722696,92203.40447159219,47.39429419983731,LOSS,92391.25527063354,-0.20332097284650408
2021-02-04,283.3299865722656,282.0477008056641,2,943.1248647102633,943.1248647102633,93146.52933630245,47.844459045960825,WIN,93146.52933630245,0.0
2021-02-05,284.07666015625,280.49668670654296,2,934.1011423089727,934.1011423089727,94080.63047861142,47.71008328261451,WIN,94080.63047861142,0.0
2021-02-09,283.1533203125,284.92860443115234,2,763.2239799247063,408.16715619423894,94488.79763480565,41.31064158674471,LOSS,94488.79763480565,0.0
2021-03-02,228.81333923339844,237.0819026184082,2,779.3597911225977,-874.3528858793563,93614.4447489263,47.289035635731814,LOSS,94488.79763480565,-0.9253508434499155
2021-03-10,222.68666076660156,222.28140563964843,2,1121.5652848643417,1121.5652848643417,94736.01003379063,64.56064002843462,WIN,94736.01003379063,0.0
2021-03-11,233.1999969482422,220.45979415893555,2,1112.1596845075026,1112.1596845075026,95848.16971829813,64.5510923274881,WIN,95848.16971829813,0.0
2021-03-12,231.2433319091797,230.86799697875978,2,1172.530400989937,1172.530400989937,97020.70011928807,64.8856757013178,WIN,97020.70011928807,0.0
2021-03-15,235.97999572753906,228.93089859008788,2,1161.2049389743518,1161.2049389743518,98181.90505826242,64.82186077011983,WIN,98181.90505826242,0.0
2021-03-16,225.6266632080078,233.62019577026368,2,1189.4102713169566,-409.2962411342164,97772.6088171282,65.00768881428671,LOSS,98181.90505826242,-0.41687543228187945
2021-03-18,217.72000122070312,231.59729415893554,2,1201.013841956956,-1574.444745689527,96198.16407143867,65.9366072084135,LOSS,98181.90505826242,-2.0204751432013537
2021-03-31,222.64332580566406,209.75460342407226,2,991.5958903691035,991.5958903691035,97189.75996180778,61.434278258771066,WIN,98181.90505826242,-1.010517259637493
2021-04-01,220.5833282470703,220.41689254760743,2,1043.6476279394076,1043.6476279394076,98233.40758974719,61.50766090649008,WIN,98233.40758974719,0.0
2021-04-05,230.35000610351562,218.3774949645996,2,1013.4616782440432,1013.4616782440432,99246.86926799123,60.584262621457476,WIN,99246.86926799123,0.0
2021-04-06,230.5399932861328,228.04650604248047,2,1053.567578816238,1053.567578816238,100300.43684680747,60.378951526306224,WIN,100300.43684680747,0.0
2021-04-07,223.6566619873047,228.2345933532715,2,1014.4115622115028,98.8252890181418,100399.26213582561,58.65642836667855,LOSS,100399.26213582561,0.0
2021-04-09,225.67333984375,225.65400100708007,2,631.1389670115985,631.1389670115985,101030.40110283722,42.47245297938464,WIN,101030.40110283722,0.0
2021-04-13,254.10667419433594,231.65339859008787,2,636.3210474397088,636.3210474397088,101666.72215027692,41.980692651346175,WIN,101666.72215027692,0.0
2021-04-14,244.07666015625,251.56560745239258,2,788.1367362157026,-709.6527230128141,100957.06942726411,45.77271302129589,LOSS,101666.72215027692,-0.6980186908788613
2021-04-15,246.28334045410156,241.6358935546875,2,751.6172327049062,751.6172327049062,101708.68665996901,45.552782232046155,WIN,101708.68665996901,0.0
2021-04-16,246.5933380126953,243.82050704956055,2,744.058109038929,744.058109038929,102452.74476900794,44.97451097181798,WIN,102452.74476900794,0.0
2021-04-19,238.2100067138672,244.12740463256836,2,664.9267494658361,-518.5528342743978,101934.19193473355,41.75301622104115,LOSS,102452.74476900794,-0.5061385475260156
2021-04-22,239.89666748046875,245.55959335327148,2,696.5879702270425,-435.99720433350365,101498.19473040005,42.863428056750635,LOSS,102452.74476900794,-0.9316978678902561
2021-04-26,246.06666564941406,240.70199798583985,2,660.7305620151294,660.7305620151294,102158.92529241518,41.96250152190257,WIN,102452.74476900794,-0.2867853635890511
2021-04-27,234.913330078125,243.60599899291992,2,641.3790328376903,-1097.154750121294,101061.77054229389,40.86081823407221,LOSS,102452.74476900794,-1.3576739499270347
2021-05-03,228.3000030517578,234.11519577026368,2,649.4828616104079,-513.555682090766,100548.21486020312,42.24918857300845,LOSS,102452.74476900794,-1.8589349783637439
2021-05-21,193.6266632080078,193.63740463256835,2,463.0480084662465,460.89972355413937,101009.11458375727,38.48833595125889,LOSS,102452.74476900794,-1.4090693114230481
2021-05-24,202.14666748046875,191.69039657592774,2,450.5100297081127,450.5100297081127,101459.62461346538,38.084453130058876,WIN,102452.74476900794,-0.969344606415059
2021-05-25,201.56333923339844,200.12520080566406,2,504.7338257335418,504.7338257335418,101964.35843919891,39.77285795415456,WIN,102452.74476900794,-0.47669423685051576
2021-05-26,206.3766632080078,199.54770584106444,2,484.64301433226035,484.64301433226035,102449.00145353118,38.85561956810836,WIN,102452.74476900794,-0.0036536995521241193
2021-05-27,210.28334045410156,204.31289657592774,2,508.15207224813753,508.15207224813753,102957.15352577931,39.42943385298659,WIN,102957.15352577931,0.0
2021-05-28,208.4066619873047,208.18050704956053,2,519.168938330532,519.168938330532,103476.32246410985,39.49537662409049,WIN,103476.32246410985,0.0
2021-06-01,207.96665954589844,206.32259536743163,2,474.1840683831203,474.1840683831203,103950.50653249297,37.57437049961614,WIN,103950.50653249297,0.0
2021-06-02,201.7066650390625,205.88699295043946,2,459.74157996621426,-376.3240023091784,103574.1825301838,36.93311701865724,LOSS,103950.50653249297,-0.3620222881660963
2021-06-08,201.19667053222656,199.69290664672852,2,520.7267266326057,520.7267266326057,104094.9092568164,40.613133468303666,WIN,104094.9092568164,0.0
2021-06-09,199.5933380126953,199.1847038269043,2,467.6067793970829,467.6067793970829,104562.51603621349,38.05899085667945,WIN,104562.51603621349,0.0
2021-06-10,203.3733367919922,197.59740463256836,2,460.0959006179836,460.0959006179836,105022.61193683147,37.870866039339816,WIN,105022.61193683147,0.0
2021-06-11,203.29666137695312,201.33960342407227,2,443.49869333401904,443.49869333401904,105466.1106301655,36.63608196850382,WIN,105466.1106301655,0.0
2021-06-14,205.89666748046875,201.2636947631836,2,425.3410463348466,425.3410463348466,105891.45167650034,35.75808740600857,WIN,105891.45167650034,0.0
2021-06-15,199.7866668701172,203.83770080566407,2,418.7275358167139,-391.4792512926627,105499.97242520767,35.177274001490446,LOSS,105891.45167650034,-0.3696986348705833
2021-06-18,207.77000427246094,203.47800704956055,2,416.4498726561141,416.4498726561141,105916.42229786378,35.102993889061665,WIN,105916.42229786378,0.0
2021-06-21,206.94332885742188,205.69230422973632,2,397.0406672054335,397.0406672054335,106313.46296506922,33.95974233894691,WIN,106313.46296506922,0.0
2021-06-22,207.90333557128906,204.87389556884764,2,393.1346106462567,393.1346106462567,106706.59757571548,33.84821107700745,WIN,106706.59757571548,0.0
2021-06-23,218.85667419433594,205.82430221557618,2,362.0961404790162,362.0961404790162,107068.6937161945,32.279959742552194,WIN,107068.6937161945,0.0
2021-06-24,226.60667419433594,216.66810745239258,2,429.5632427981668,429.5632427981668,107498.25695899266,34.473660964456556,WIN,107498.25695899266,0.0
2021-06-25,223.9566650390625,224.3406074523926,2,455.82479411456404,379.03631144854614,107877.29327044121,34.95747230744791,LOSS,107877.29327044121,0.0
2021-06-28,229.57333374023438,221.71709838867187,2,451.1868706802094,451.1868706802094,108328.48014112141,34.988156878961675,WIN,108328.48014112141,0.0
2021-06-29,226.9199981689453,227.27760040283204,2,467.39910427066536,395.8786574933207,108724.35879861473,35.199783868089355,LOSS,108724.35879861473,0.0
2021-06-30,226.56666564941406,224.65079818725584,2,466.1470418092643,466.1470418092643,109190.505840424,35.3812327632125,WIN,109190.505840424,0.0
2021-07-13,222.84666442871094,226.28099899291993,2,404.3984148852835,-282.46849795651565,108908.03734246748,32.5540301338653,LOSS,109190.505840424,-0.2586932772061092
2021-07-14,217.7933349609375,220.6181977844238,2,411.97479158568274,-152.99777311157993,108755.0395693559,33.34191989855992,LOSS,109190.505840424,-0.3988133104763804
2021-07-21,218.42999267578125,217.9650050354004,2,402.62730058474887,402.62730058474887,109157.66686994064,33.14395373589829,WIN,109190.505840424,-0.030074932092856
2021-07-22,216.4199981689453,216.24569274902345,2,401.79235055504864,401.79235055504864,109559.45922049569,33.25028625707035,WIN,109559.45922049569,0.0
2021-07-27,214.92666625976562,217.01459838867189,2,328.4941609538059,-89.09226482744617,109470.36695566824,29.86805596557224,LOSS,109559.45922049569,-0.08131864237129777
2021-07-30,229.06666564941406,223.52550704956053,2,382.37309529667766,382.37309529667766,109852.74005096492,31.802570267623445,WIN,109852.74005096492,0.0
2021-08-02,236.55667114257812,226.7759989929199,2,392.20634252701643,392.20634252701643,110244.94639349193,31.9876383258368,WIN,110244.94639349193,0.0
2021-08-03,236.5800018310547,234.19110443115235,2,426.8345264163968,426.8345264163968,110671.78091990833,32.902126831055874,WIN,110671.78091990833,0.0
2021-08-04,236.97332763671875,234.21420181274414,2,404.4010051328902,404.4010051328902,111076.18192504122,31.95955619523759,WIN,111076.18192504122,0.0
2021-08-05,238.2100067138672,234.60359436035156,2,387.70376356749614,387.70376356749614,111463.88568860872,31.23232903983005,WIN,111463.88568860872,0.0
2021-08-06,233.03334045410156,235.8279066467285,2,388.2562981913147,-170.6569403340743,111293.22874827465,31.171071444575823,LOSS,111463.88568860872,-0.15310514188499147
2021-08-10,236.663330078125,235.54079818725586,2,370.38818592946996,370.38818592946996,111663.61693420411,30.44565982369425,WIN,111663.61693420411,0.0
2021-08-11,235.94000244140625,234.29669677734375,2,349.93832571832434,349.93832571832434,112013.55525992243,29.670361855732548,WIN,112013.55525992243,0.0
2021-08-13,239.05667114257812,238.3425,2,342.3894129810062,342.3894129810062,112355.94467290344,29.110237356528547,WIN,112355.94467290344,0.0
2021-08-16,228.72332763671875,236.66610443115235,2,337.7958533951091,-1250.7595054916105,111105.18516741182,29.019539034207565,LOSS,112355.94467290344,-1.1132116855346583
2021-08-23,235.43333435058594,224.48579315185546,2,420.61853934646035,420.61853934646035,111525.80370675828,33.40411896360007,WIN,112355.94467290344,-0.7388491713205847
2021-08-24,236.163330078125,233.07900100708008,2,454.81486887185724,454.81486887185724,111980.61857563013,34.16668425897425,WIN,112355.94467290344,-0.3340509470735889
2021-08-25,237.06666564941406,233.80169677734375,2,444.30108647273545,444.30108647273545,112424.91966210287,33.6657394321198,WIN,112424.91966210287,0.0
2021-08-26,233.72000122070312,234.69599899291993,2,445.9764314840661,250.77687704070604,112675.69653914358,33.66472968274407,LOSS,112675.69653914358,0.0
2021-08-30,243.6366729736328,234.93360443115233,2,411.9880415180267,411.9880415180267,113087.6845806616,32.224830254577256,WIN,113087.6845806616,0.0
2021-08-31,245.24000549316406,241.20030624389648,2,414.9734288203681,414.9734288203681,113502.65800948197,31.898879794421553,WIN,113502.65800948197,0.0
2021-09-01,244.69667053222656,242.78760543823242,2,418.1713535638693,418.1713535638693,113920.82936304584,31.91777517165885,WIN,113920.82936304584,0.0
2021-09-02,244.1300048828125,242.2497038269043,2,417.65613434600954,417.65613434600954,114338.48549739184,31.934449842789025,WIN,114338.48549739184,0.0
2021-09-03,244.52333068847656,241.68870483398436,2,416.75486773930015,416.75486773930015,114755.24036513115,31.93712953641885,WIN,114755.24036513115,0.0
2021-09-07,250.97332763671875,242.0780973815918,2,403.5819967228532,403.5819967228532,115158.822361854,31.37539443493695,WIN,115158.822361854,0.0
2021-09-08,251.2899932861328,248.46359436035155,2,419.98438013635234,419.98438013635234,115578.80674199035,31.60297283633288,WIN,115578.80674199035,0.0
2021-09-09,251.6199951171875,248.77709335327148,2,418.83748967460895,418.83748967460895,115997.64423166496,31.536768281215565,WIN,115997.64423166496,0.0
2021-09-10,245.42333984375,249.10379516601563,2,418.4554170556928,-317.6356473974331,115680.00858426753,31.500014751136238,LOSS,115997.64423166496,-0.27382939498587006
2021-09-16,252.3300018310547,249.42389556884766,2,336.76445998849243,336.76445998849243,116016.77304425603,28.261836732915718,WIN,116016.77304425603,0.0
2021-09-17,253.163330078125,249.80670181274414,2,309.3619587130751,309.3619587130751,116326.13500296911,27.164053054320966,WIN,116326.13500296911,0.0
2021-09-20,243.38999938964844,250.63169677734373,2,281.9834716049887,-1166.3560059340707,115159.77899703504,26.051039749722246,LOSS,116326.13500296911,-1.0026603272809649
2021-09-23,251.2133331298828,248.14020080566405,2,312.06124958242367,312.06124958242367,115471.84024661746,27.35259481775508,WIN,116326.13500296911,-0.7343962354889939
2021-09-24,258.1300048828125,248.70119979858399,2,312.76827839374994,312.76827839374994,115784.60852501121,27.352654698544193,WIN,116326.13500296911,-0.46552434493252887
2021-09-27,263.78668212890625,255.54870483398437,2,328.9938616451945,328.9938616451945,116113.6023866564,27.645313276954305,WIN,116326.13500296911,-0.1827040985306339
2021-09-28,259.1866760253906,261.1488153076172,2,342.2686339590817,-50.15922248623582,116063.44316417017,27.873437350852527,LOSS,116326.13500296911,-0.22582357678456152
2021-09-29,260.4366760253906,256.5948092651367,2,335.4327249490476,335.4327249490476,116398.87588911921,27.840237180840436,WIN,116398.87588911921,0.0
2021-09-30,258.49334716796875,257.8323092651367,2,336.7497128978118,336.7497128978118,116735.62560201703,27.828780607975148,WIN,116735.62560201703,0.0
2021-10-05,260.1966552734375,257.90490966796875,2,339.8236948427464,339.8236948427464,117075.44929685978,27.94224241570266,WIN,117075.44929685978,0.0
2021-10-06,260.9166564941406,257.5946887207031,2,320.390538629133,320.390538629133,117395.8398354889,27.216822407938558,WIN,117395.8398354889,0.0
2021-10-07,264.53668212890625,258.3074899291992,2,321.283257226317,321.283257226317,117717.12309271522,27.217056355053735,WIN,117717.12309271522,0.0
2021-10-08,261.8299865722656,261.89131530761716,2,330.5097477028283,318.2440006325208,118035.36709334774,27.395916956588774,LOSS,118035.36709334774,0.0
2021-10-11,263.9800109863281,259.211686706543,2,305.68290121963526,305.68290121963526,118341.04999456738,26.58329323628662,WIN,118341.04999456738,0.0
2021-10-12,268.5733337402344,261.3402108764648,2,307.8137207626958,307.8137207626958,118648.86371533008,26.569037257243565,WIN,118648.86371533008,0.0
2021-10-13,270.3599853515625,265.88760040283205,2,320.2814008798891,320.2814008798891,118969.14511620997,26.831753610177362,WIN,118969.14511620997,0.0
2021-10-14,272.7733459472656,267.65638549804686,2,317.73236020229956,317.73236020229956,119286.87747641226,26.660020724032357,WIN,119286.87747641226,0.0
2021-10-15,281.010009765625,270.045612487793,2,321.3817501358692,321.3817501358692,119608.25922654814,26.689597784307438,WIN,119608.25922654814,0.0
2021-10-18,290.03668212890625,278.19990966796877,2,356.21217169127897,356.21217169127897,119964.47139823942,27.576715964523082,WIN,119964.47139823942,0.0
2021-10-19,288.0899963378906,287.13631530761717,2,306.0102637318809,306.0102637318809,120270.4816619713,25.467991288098617,WIN,120270.4816619713,0.0
2021-10-20,288.6000061035156,285.2090963745117,2,313.50007488230716,313.50007488230716,120583.9817368536,25.796668289627362,WIN,120583.9817368536,0.0
2021-10-21,298.0,285.7140060424805,2,311.546689504367,311.546689504367,120895.52842635797,25.710434573566317,WIN,120895.52842635797,0.0
2021-10-22,303.2266540527344,295.02,2,347.4328656129246,347.4328656129246,121242.96129197089,26.567377848603055,WIN,121242.96129197089,0.0
2021-10-25,341.6199951171875,300.194387512207,2,340.94892893287397,340.94892893287397,121583.91022090377,26.155839167753456,WIN,121583.91022090377,0.0
2021-10-26,339.4766540527344,338.2037951660156,2,818.5552638980514,818.5552638980514,122402.46548480181,38.77305588363815,WIN,122402.46548480181,0.0
2021-10-27,345.9533386230469,336.081887512207,2,799.692545103167,799.692545103167,123202.15802990498,38.37186785596989,WIN,123202.15802990498,0.0
2021-10-28,359.0133361816406,342.4938052368164,2,813.2725836268991,813.2725836268991,124015.43061353188,38.3237777052675,WIN,124015.43061353188,0.0
2021-10-29,371.3333435058594,355.4232028198242,2,842.4186857737378,842.4186857737378,124857.84929930561,38.28078915594426,WIN,124857.84929930561,0.0
2021-11-01,402.86334228515625,367.6200100708008,2,869.8136918684756,869.8136918684756,125727.66299117409,38.24034545937535,WIN,125727.66299117409,0.0
2021-11-02,390.6666564941406,398.8347088623047,2,1052.6959768866266,-580.9144967461873,125146.7484944279,40.92540200979121,LOSS,125727.66299117409,-0.4620419110048758
2021-11-03,404.6199951171875,386.7599899291992,2,1074.3630643827848,1074.3630643827848,126221.11155881068,42.28506617053159,WIN,126221.11155881068,0.0
2021-11-04,409.9700012207031,400.5737951660156,2,1108.4126319277193,1108.4126319277193,127329.52419073839,42.1790588346416,WIN,127329.52419073839,0.0
2021-11-05,407.36334228515625,405.8703012084961,2,1123.3688603069488,1123.3688603069488,128452.89305104534,42.18633033621235,WIN,128452.89305104534,0.0
2021-11-08,387.64666748046875,403.2897088623047,2,1110.18347351352,-2018.4248028536656,126434.46824819167,42.03915407643505,LOSS,128452.89305104534,-1.5713346386457598
2021-11-17,363.0033264160156,348.0608935546875,2,1427.8403616925307,1427.8403616925307,127862.3086098842,55.29395581101755,WIN,128452.89305104534,-0.4597673334818879
2021-11-18,365.4599914550781,359.3732931518555,2,1478.9893968879117,1478.9893968879117,129341.29800677212,55.423577255828604,WIN,129341.29800677212,0.0
2021-11-19,379.0199890136719,361.80539154052735,2,1483.105174657128,1483.105174657128,130824.40318142925,55.26358102161196,WIN,130824.40318142925,0.0
2021-11-22,385.6233215332031,375.22978912353517,2,1547.5548818364184,1547.5548818364184,132371.95806326566,55.51018557310922,WIN,132371.95806326566,0.0
2021-11-23,369.6766662597656,381.76708831787107,2,1340.7827088513372,-1077.301702769752,131294.6563604959,49.49652885060324,LOSS,132371.95806326566,-0.8138443508215542
2021-11-30,381.586669921875,375.2067068481445,2,1374.6168914115071,1374.6168914115071,132669.2732519074,50.98541916217112,WIN,132669.2732519074,0.0
2021-12-01,365.0,377.77080322265624,2,1250.8709464800247,-1303.2896980512235,131365.98355385617,47.52367392019722,LOSS,132669.2732519074,-0.9823598683446417
2021-12-08,356.32000732421875,347.07751007080077,2,1200.5512639891765,1200.5512639891765,132566.53481784536,48.97580211172947,WIN,132669.2732519074,-0.07743950919741037
2021-12-09,334.6000061035156,352.7568072509766,2,945.3673632581238,-2685.992866234067,129880.54195161129,41.32332127054107,LOSS,132669.2732519074,-2.102017469411307
2021-12-22,336.2900085449219,309.7148895263672,2,889.3358870318161,889.3358870318161,130769.87783864311,43.204552622122065,WIN,132669.2732519074,-1.4316769563196425
2021-12-23,355.6666564941406,332.92710845947266,2,1060.095744295601,1060.095744295601,131829.97358293872,46.27601512894879,WIN,132669.2732519074,-0.6326255118433142
2021-12-27,364.64666748046875,352.10998992919923,2,1186.8568161610967,1186.8568161610967,133016.83039909982,48.10819189894912,WIN,133016.83039909982,0.0
2021-12-28,362.8233337402344,361.00020080566406,2,1211.425531747939,1211.425531747939,134228.25593084775,47.96133258626553,WIN,134228.25593084775,0.0
2021-12-29,362.0633239746094,359.19510040283205,2,1157.1582965673674,1157.1582965673674,135385.4142274151,46.64301461153045,WIN,135385.4142274151,0.0
2021-12-30,356.7799987792969,358.4426907348633,2,1153.3627636084375,820.8243724951571,136206.23859991026,46.60542826926973,LOSS,136206.23859991026,0.0
2022-01-04,383.1966552734375,395.92739959716795,2,1486.4831984422765,-1059.6656663038132,135146.57293360645,51.87736905557718,LOSS,136206.23859991026,-0.7779861460064571
2022-01-05,362.7066650390625,379.3646887207031,2,1464.1360908574072,-1867.4686454707128,133279.10428813574,52.908798869853,LOSS,136206.23859991026,-2.149045698540009
2022-01-12,368.739990234375,351.2519879150391,2,1317.2513864792334,1317.2513864792334,134596.35567461498,51.83539708306764,WIN,136206.23859991026,-1.181945072298863
2022-01-13,343.85333251953125,365.05259033203123,2,1382.5056936476756,-2857.3458688523206,131739.00980576267,52.198632658452134,LOSS,136206.23859991026,-3.2797534386582234
2022-02-01,310.4166564941406,309.1175903320312,2,1424.8491014927076,1424.8491014927076,133163.85890725537,60.27522694379049,WIN,136206.23859991026,-2.233656640054141
2022-02-02,301.88665771484375,307.3124899291992,2,1157.5221634216837,72.35572055059038,133236.21462780595,51.9968361562097,LOSS,136206.23859991026,-2.180534462028864
2022-02-03,297.0466613769531,298.8677911376953,2,1116.49138875761,752.2654366091765,133988.48006441514,51.69372030994191,LOSS,136206.23859991026,-1.6282356507982862
2022-02-07,302.4466552734375,304.69561248779297,2,1136.1036714173968,686.3122285463025,134674.79229296144,51.62412394224472,LOSS,136206.23859991026,-1.1243584160981457
2022-02-09,310.6666564941406,304.2600100708008,2,1112.2578110036718,1112.2578110036718,135787.05010396513,50.906747801943574,WIN,136206.23859991026,-0.3077601292378713
2022-02-10,301.51666259765625,307.5599899291992,2,1126.3283513720557,-82.337114936538,135704.7129890286,50.970846686133335,LOSS,136206.23859991026,-0.36821045499599037
2022-02-16,307.7966613769531,304.40188751220705,2,1114.117401514652,1114.117401514652,136818.83039054324,50.950016898255114,WIN,136818.83039054324,0.0
2022-02-17,292.1166687011719,304.7186947631836,2,1102.5107855144413,-1417.8944268878993,135400.93596365533,50.538511161740516,LOSS,136818.83039054324,-1.036329884446897
2022-03-01,288.1233215332031,287.2419076538086,2,1045.0303888848944,1045.0303888848944,136445.9663525402,50.7352314809848,WIN,136818.83039054324,-0.27252391862925796
2022-03-02,293.2966613769531,285.2420883178711,2,869.6808284593859,869.6808284593859,137315.6471809996,44.94758259926641,WIN,137315.6471809996,0.0
2022-03-03,279.7633361816406,290.3636947631836,2,892.1230475200279,-1227.9486687885706,136087.69851221103,45.17851931291013,LOSS,137315.6471809996,-0.8942525444095764
2022-03-10,279.4333190917969,283.46010040283204,2,919.8721363617573,114.5158741547242,136202.21438636575,46.87505990603594,LOSS,137315.6471809996,-0.8108564591813767
2022-03-11,265.1166687011719,276.6389859008789,2,900.7670801071864,-1403.6963598342145,134798.51802653153,46.982661698637244,LOSS,137315.6471809996,-1.833097105932999
2022-03-17,290.5333251953125,277.2758935546875,2,932.0909261856727,932.0909261856727,135730.60895271722,48.01882762131135,WIN,137315.6471809996,-1.154302703895865
2022-03-18,301.7966613769531,287.62799194335935,2,990.2125496218428,990.2125496218428,136720.82150233907,48.81526219453555,WIN,137315.6471809996,-0.4331812804089821
2022-03-21,307.0533447265625,298.7786947631836,2,1011.5754372734308,1011.5754372734308,137732.3969396125,48.255549786351516,WIN,137732.3969396125,0.0
2022-03-22,331.32666015625,303.98281127929687,2,1022.1023189144148,1022.1023189144148,138754.4992585269,48.02636899361262,WIN,138754.4992585269,0.0
2022-03-23,333.03668212890625,328.0133935546875,2,1147.9711314647163,1147.9711314647163,139902.47038999162,49.37596288702752,WIN,139902.47038999162,0.0
2022-03-24,337.97332763671875,329.70631530761716,2,1039.3391641551148,1039.3391641551148,140941.80955414675,45.9631765481446,WIN,140941.80955414675,0.0
2022-03-25,336.8800048828125,334.5935943603516,2,1032.607252725831,1032.607252725831,141974.41680687258,45.31328698130402,WIN,141974.41680687258,0.0
2022-03-28,363.9466552734375,333.5112048339844,2,1033.664233373532,1033.664233373532,143008.08104024612,45.442796333370254,WIN,143008.08104024612,0.0
2022-03-29,366.5233459472656,360.3071887207031,2,1131.2114684753474,1131.2114684753474,144139.29250872147,45.838010692405035,WIN,144139.29250872147,0.0
2022-03-30,364.663330078125,362.858112487793,2,1132.2842568918732,1132.2842568918732,145271.57676561334,45.6502565623796,WIN,145271.57676561334,0.0
2022-03-31,359.20001220703125,361.0166967773437,2,1131.8290603157238,768.4921462532288,146040.06891186658,45.794207696895896,LOSS,146040.06891186658,0.0
2022-04-01,361.5299987792969,355.60801208496093,2,1061.3587635372264,1061.3587635372264,147101.4276754038,44.31609734871073,WIN,147101.4276754038,0.0
2022-04-05,363.7533264160156,377.9985140991211,2,1090.174603980151,-1758.862932640946,145342.56474276286,43.32836114810087,LOSS,147101.4276754038,-1.1956803957892754
2022-04-14,328.3333435058594,337.38210845947265,2,1012.3496477281562,-797.4033429944982,144545.16139976835,44.47297463878864,LOSS,147101.4276754038,-1.737757624811195
2022-04-19,342.7166748046875,331.4157028198242,2,1000.9722985149773,1000.9722985149773,145546.13369828332,44.66637342976203,WIN,147101.4276754038,-1.0572935978245015
2022-04-20,325.73333740234375,339.2895080566406,2,1028.3158881963438,-1682.9182426630289,143863.2154556203,44.76950396710184,LOSS,147101.4276754038,-2.2013465613189016
2022-04-22,335.01666259765625,332.89740966796876,2,969.6936698103069,969.6936698103069,144832.9091254306,43.6114341252607,WIN,147101.4276754038,-1.5421458416970297
2022-04-25,332.67333984375,331.6664959716797,2,962.528030308004,962.528030308004,145795.4371557386,43.505408265120515,WIN,147101.4276754038,-0.8878163457033393
2022-05-03,303.0833435058594,297.9702108764648,2,998.927590088266,998.927590088266,146794.36474582687,47.92885596214902,WIN,147101.4276754038,-0.20874231775268817
2022-05-04,317.5400085449219,300.0525100708008,2,941.8272506636486,941.8272506636486,147736.19199649052,45.83113197201564,WIN,147736.19199649052,0.0
2022-05-05,291.09332275390625,314.36460845947266,2,1014.3351285853644,-3639.922012527919,144096.26998396261,46.69299644253263,LOSS,147736.19199649052,-2.463798452727397
2022-05-16,241.4566650390625,253.9646987915039,2,1013.8775890703685,-1487.7291614179128,142608.5408225447,54.212781740534886,LOSS,147736.19199649052,-3.4708158540242082
2022-05-18,236.60333251953125,251.33129516601562,2,1044.686107096818,-1900.906422200056,140707.63440034463,55.827682829746735,LOSS,147736.19199649052,-4.757505592341828
2022-05-27,253.2100067138672,233.55090362548827,2,1019.9143156617652,1019.9143156617652,141727.5487160064,57.894105738632604,WIN,147736.19199649052,-4.06714373728197
2022-05-31,252.75332641601562,250.6779066467285,2,1157.000984452377,1157.000984452377,142884.54970045877,60.334951083366676,WIN,147736.19199649052,-3.2839903550153835
2022-06-01,246.7899932861328,250.22579315185547,2,1137.6123315962154,450.45235845168395,143335.00205891044,59.655781990331725,LOSS,147736.19199649052,-2.9790871675402575
2022-06-02,258.3333435058594,244.32209335327147,2,1110.9795579982301,1110.9795579982301,144445.98161690866,59.664122869213294,WIN,147736.19199649052,-2.227084870077082
2022-06-03,234.51666259765625,255.75001007080078,2,1161.9438679181037,-3084.7256267108023,141361.25599019785,59.62569277073485,LOSS,147736.19199649052,-4.3150807666980535
2022-06-10,232.22999572753906,237.30959838867187,2,966.4605894946571,-49.4599427319049,141311.79604746593,55.00224145829011,LOSS,147736.19199649052,-4.348559321995522
2022-06-16,213.10000610351562,230.67,2,939.2299260398498,-2574.7688532570223,138737.0271942089,54.99413317936209,LOSS,147736.19199649052,-6.091374551264593
2022-06-22,236.086669921875,234.66630020141602,2,1025.39349795969,1025.39349795969,139762.42069216858,57.91956536840078,WIN,147736.19199649052,-5.397303935186957
2022-06-23,235.07000732421875,233.72580322265625,2,1020.5446971757365,1020.5446971757365,140782.96538934432,57.88849945625208,WIN,147736.19199649052,-4.706515386095359
2022-06-24,245.7066650390625,232.71930725097656,2,964.6188424011295,964.6188424011295,141747.58423174545,55.71353459780768,WIN,147736.19199649052,-4.0535820531284115
2022-06-27,244.9199981689453,243.24959838867187,2,1005.4131467437081,1005.4131467437081,142752.99737848915,55.59830576944019,WIN,147736.19199649052,-3.3730357813200924
2022-06-28,232.663330078125,242.47079818725587,2,953.2195750071493,-1008.274046819024,141744.72333167013,53.61437345606124,LOSS,147736.19199649052,-4.055518545491359
2022-07-06,231.73333740234375,230.73599899291992,2,770.6856624713662,770.6856624713662,142515.4089941415,47.807822327692215,WIN,147736.19199649052,-3.5338551317696374
2022-07-07,244.5433349609375,229.41600402832032,2,763.5984086839412,763.5984086839412,143279.00740282543,47.69315142917918,WIN,147736.19199649052,-3.0169889540478843
2022-07-08,250.76333618164062,242.09790161132813,2,842.1358878375179,842.1358878375179,144121.14329066296,49.166983068101636,WIN,147736.19199649052,-2.4469621539408815
2022-07-11,234.3433380126953,248.25570281982422,2,868.8100244141822,-1913.6629370116,142207.48035365136,49.374870587563414,LOSS,147736.19199649052,-3.7422865501843274
2022-07-18,240.54666137695312,237.66599899291992,2,771.958988043021,771.958988043021,142979.43934169438,46.90381772461892,WIN,147736.19199649052,-3.2197612450367905
2022-07-19,245.52999877929688,238.1411947631836,2,664.1151418522098,664.1151418522098,143643.55448354658,42.392037430419684,WIN,147736.19199649052,-2.770233520734825
2022-07-20,247.5,243.0746987915039,2,679.1689458711242,679.1689458711242,144322.7234294177,42.44438772105144,WIN,147736.19199649052,-2.310516144313445
2022-07-21,271.7066650390625,245.025,2,553.1456383803616,553.1456383803616,144875.86906779808,37.17402724173487,WIN,147736.19199649052,-1.9361017026622656
2022-07-22,272.24334716796875,268.9895983886719,2,761.9004060953396,761.9004060953396,145637.76947389342,42.821350067510984,WIN,147736.19199649052,-1.4203848726837025
2022-07-25,268.4333190917969,269.5209136962891,2,761.5647302064325,544.0458093079905,146181.8152832014,42.75427165205977,LOSS,147736.19199649052,-1.0521299434373177
2022-07-26,258.8599853515625,265.7489859008789,2,733.1415071787814,-644.6586026844972,145537.1566805169,42.0976528320447,LOSS,147736.19199649052,-1.4884878825263508
2022-07-28,280.8999938964844,272.0718072509766,2,774.8628428617916,774.8628428617916,146312.0195233787,42.974142089729064,WIN,147736.19199649052,-0.9639970097142219
2022-07-29,297.1499938964844,278.0909939575195,2,781.3827370016021,781.3827370016021,147093.4022603803,42.59893795548291,WIN,147736.19199649052,-0.4350929365537537
2022-08-01,297.27667236328125,294.17849395751955,2,846.1830471153513,846.1830471153513,147939.58530749564,43.25328056904628,WIN,147939.58530749564,0.0
2022-08-02,300.586669921875,294.30390563964846,2,849.9081625347076,849.9081625347076,148789.49347003034,43.36556620934738,WIN,148789.49347003034,0.0
2022-08-03,307.39666748046875,297.58080322265624,2,857.0320983549623,857.0320983549623,149646.52556838532,43.28835272081949,WIN,149646.52556838532,0.0
2022-08-04,308.6333312988281,304.32270080566406,2,870.6207593572143,870.6207593572143,150517.14632774252,43.100247894551686,WIN,150517.14632774252,0.0
2022-08-05,288.1700134277344,305.5469979858398,2,843.2516326452406,-2632.145278975849,147885.00104876666,42.10782366618822,LOSS,150517.14632774252,-1.748734508455612
2022-08-11,286.6300048828125,291.4130923461914,2,834.196303618327,-122.42118905744837,147762.57985970922,43.11736923114789,LOSS,150517.14632774252,-1.8300682249418863
2022-08-15,309.32000732421875,297.0296987915039,2,895.6083718651471,895.6083718651471,148658.18823157437,44.61650127116569,WIN,150517.14632774252,-1.235047395942768
2022-08-16,306.5633239746094,306.22680725097655,2,927.2694882718389,927.2694882718389,149585.45771984622,44.74255309486719,WIN,150517.14632774252,-0.6189916767805316
2022-08-17,303.9966735839844,303.4976907348633,2,925.7851608149133,925.7851608149133,150511.24288066113,44.961965988384186,WIN,150517.14632774252,-0.003922109357919048
2022-08-18,302.8699951171875,300.9567068481445,2,924.4570152553468,924.4570152553468,151435.69989591648,45.17158869658208,WIN,151435.69989591648,0.0
2022-08-25,296.07000732421875,294.125712890625,2,692.5800026894958,692.5800026894958,152128.27989860598,38.128764667534924,WIN,152128.27989860598,0.0
2022-08-26,288.0899963378906,293.10930725097654,2,683.9599746715613,-319.9022079456221,151808.37769066036,37.9201027831741,LOSS,152128.27989860598,-0.21028450999303677
2022-09-08,289.260009765625,280.8630120849609,2,534.9356899633784,534.9356899633784,152343.31338062373,33.707790916788326,WIN,152343.31338062373,0.0
2022-09-09,299.67999267578125,286.36740966796873,2,515.2437084269505,515.2437084269505,152858.55708905068,32.672768500642384,WIN,152858.55708905068,0.0
2022-09-12,304.4200134277344,296.6831927490234,2,547.6324701979757,547.6324701979757,153406.18955924865,33.13058130446384,WIN,153406.18955924865,0.0
2022-09-13,292.1300048828125,301.37581329345704,2,502.32830313573123,-1346.8333789931773,152059.35618025548,31.371736104519975,LOSS,153406.18955924865,-0.8779524365103949
2022-09-15,303.75,299.58388549804687,2,554.7284993500273,554.7284993500273,152614.0846796055,33.18768867708296,WIN,153406.18955924865,-0.5163447980286542
2022-09-16,303.3500061035156,300.7125,2,555.3213679012476,555.3213679012476,153169.40604750675,33.138793051690214,WIN,153406.18955924865,-0.15435068977477667
2022-09-19,309.07000732421875,300.31650604248046,2,554.2189057712857,554.2189057712857,153723.62495327805,33.12665279864199,WIN,153723.62495327805,0.0
2022-09-20,308.7300109863281,305.97930725097655,2,559.8899881390847,559.8899881390847,154283.51494141715,32.97322979098938,WIN,154283.51494141715,0.0
2022-09-21,300.79998779296875,305.64271087646483,2,540.5968895251865,-427.94772717403,153855.5672142431,32.37300649015185,LOSS,154283.51494141715,-0.277377480890637
2022-09-29,268.2099914550781,284.9318975830078,2,592.637067678796,-2751.744157907141,151103.82305633597,35.429758070827184,LOSS,154283.51494141715,-2.0609407857271957
2022-10-14,204.99000549316406,219.5028012084961,2,586.6260150087253,-2315.9331280576807,148787.88992827828,41.25044887305266,LOSS,154283.51494141715,-3.562029951952809
2022-10-18,220.19000244140625,217.15650604248046,2,700.8476284921478,700.8476284921478,149488.73755677041,46.70050969359005,WIN,154283.51494141715,-3.107770383937229
2022-10-19,222.0399932861328,217.98810241699218,2,705.527808988435,705.527808988435,150194.26536575885,46.79046116297456,WIN,154283.51494141715,-2.650477322357492
2022-10-20,207.27999877929688,219.81959335327147,2,716.5992433654309,-1791.3196714294882,148402.94569432936,47.02030228173973,LOSS,154283.51494141715,-3.8115344010153573
2022-10-26,224.63999938964844,220.19579818725586,2,783.1001582003968,783.1001582003968,149186.04585252976,49.93202534580256,WIN,154283.51494141715,-3.3039622482174744
2022-10-27,225.08999633789062,222.39359939575195,2,787.0522895054704,787.0522895054704,149973.09814203522,49.76136205417434,WIN,154283.51494141715,-2.7938284923172985
2022-10-28,228.52000427246094,222.8390963745117,2,752.270985824514,752.270985824514,150725.36912785974,48.15876948225161,WIN,154283.51494141715,-2.306238495349595
2022-10-31,227.5399932861328,226.2348042297363,2,769.3579475859017,769.3579475859017,151494.72707544564,48.402925790630626,WIN,154283.51494141715,-1.8075734578839704
2022-11-01,227.82000732421875,225.2645933532715,2,686.0453686886898,686.0453686886898,152180.77244413432,44.9140616026023,WIN,154283.51494141715,-1.3629080839137355
2022-11-02,214.97999572753906,225.54180725097655,2,673.804945621199,-1438.557359066298,150742.21508506802,44.34422341595595,LOSS,154283.51494141715,-2.295319663733219
2022-11-14,190.9499969482422,194.0103012084961,2,655.0562093479946,42.99535729721447,150785.21044236523,48.164179732379175,LOSS,154283.51494141715,-2.2674519052669044
2022-11-15,194.4199981689453,189.04049697875976,2,588.4171639399194,588.4171639399194,151373.62760630515,45.57355671303562,WIN,154283.51494141715,-1.886064973446391
2022-11-16,186.9199981689453,192.47579818725586,2,604.2220972465308,-506.93790641557905,150866.68969988957,45.834432305448516,LOSS,154283.51494141715,-2.214640522563268
2022-11-25,182.86000061035156,181.36799697875978,2,599.7998751621456,599.7998751621456,151466.4895750517,47.483378804346316,WIN,154283.51494141715,-1.8258758023727253
2022-11-28,182.9199981689453,181.03140060424803,2,597.9950672296711,597.9950672296711,152064.48464228137,47.44585122194903,WIN,154283.51494141715,-1.4382808817768773
2022-11-29,180.8300018310547,181.09079818725587,2,593.1980092300979,541.0387379898613,152605.52338027125,47.175016940846284,LOSS,154283.51494141715,-1.0876026267505305
2022-11-30,194.6999969482422,179.02170181274414,2,586.0701791355103,586.0701791355103,153191.59355940676,47.15580785383836,WIN,154283.51494141715,-0.7077369104696655
2022-12-01,194.6999969482422,192.75299697875977,2,700.1258180108919,700.1258180108919,153891.71937741764,50.67717314997388,WIN,154283.51494141715,-0.2539451892499815
2022-12-02,194.86000061035156,192.75299697875977,2,676.3724834527515,676.3724834527515,154568.0918608704,49.46674524099074,WIN,154568.0918608704,0.0
2022-12-05,182.4499969482422,192.91140060424806,2,676.85755608179,-1415.4231751193843,153152.668685751,49.46314201474395,LOSS,154568.0918608704,-0.9157279216420917
2022-12-12,167.82000732421875,177.25950302124022,2,540.8686894739635,-1347.0304499303306,151805.6382358207,44.970762773651,LOSS,154568.0918608704,-1.7872082082350087
2022-12-30,123.18000030517578,120.60179969787598,2,449.5167906338687,449.5167906338687,152255.15502645457,51.61066454023832,WIN,154568.0918608704,-1.496387001075064
2023-01-03,108.0999984741211,121.94820030212402,2,457.9669891198484,-2311.6733764807373,149943.48164997384,51.887078631461996,LOSS,154568.0918608704,-2.991956590276895
2023-01-10,118.8499984741211,118.57229667663574,2,547.4177420593951,547.4177420593951,150490.89939203323,60.347267137463454,WIN,154568.0918608704,-2.6377969862674644
2023-01-11,123.22000122070312,117.66149848937988,2,532.5626790620678,532.5626790620678,151023.4620710953,59.458195975261546,WIN,154568.0918608704,-2.293248074101658
2023-01-12,123.55999755859375,121.9878012084961,2,555.1639459139116,555.1639459139116,151578.62601700923,59.701318471219544,WIN,154568.0918608704,-1.9340769546097778
2023-01-13,122.4000015258789,122.32439758300781,2,554.1033684612003,554.1033684612003,152132.72938547042,59.4931534033594,WIN,154568.0918608704,-1.5755919906109022
2023-01-17,131.49000549316406,121.17600151062011,2,547.9346730980723,547.9346730980723,152680.66405856848,59.41479355559272,WIN,154568.0918608704,-1.2210979507988124
2023-01-18,128.77999877929688,130.1751054382324,2,621.0208663750553,341.9995345879489,153022.66359315644,61.85907776548719,LOSS,154568.0918608704,-0.9998365439517912
2023-01-19,127.16999816894531,127.49219879150391,2,601.5380907953775,537.097966283658,153559.76155944008,61.34415885996903,LOSS,154568.0918608704,-0.652353463959383
2023-01-20,133.4199981689453,125.89829818725586,2,594.1281607561579,594.1281607561579,154153.88972019625,61.35277727336018,WIN,154568.0918608704,-0.2679738979031788
2023-01-23,143.75,132.08579818725585,2,607.6271704121059,607.6271704121059,154761.51689060836,60.18523473296917,WIN,154761.51689060836,0.0
2023-01-24,143.88999938964844,142.3125,2,684.2171186678363,684.2171186678363,155445.7340092762,62.224391446128635,WIN,155445.7340092762,0.0
2023-01-25,144.42999267578125,142.45109939575195,2,637.4248728685008,637.4248728685008,156083.1588821447,58.95200414163586,WIN,156083.1588821447,0.0
2023-01-26,160.27000427246094,142.98569274902343,2,636.0977590165801,636.0977590165801,156719.25664116128,58.69651124839316,WIN,156719.25664116128,0.0
2023-01-27,177.89999389648438,158.66730422973632,2,656.7374539591225,656.7374539591225,157375.9940951204,55.65554845380697,WIN,157375.9940951204,0.0
2023-01-30,166.66000366210938,176.12099395751952,2,782.1015488077225,-1110.0965102743057,156265.8975848461,58.61817599360883,LOSS,157375.9940951204,-0.7053785532267061
2023-01-31,173.22000122070312,164.99340362548827,2,754.6013865486541,754.6013865486541,157020.49897139476,59.92276709893727,WIN,157375.9940951204,-0.22588904093643397
2023-02-01,181.41000366210938,171.48780120849608,2,786.9301286863179,786.9301286863179,157807.42910008106,60.07320326064656,WIN,157807.42910008106,0.0
2023-02-02,188.27000427246094,179.5959036254883,2,671.8780096425313,671.8780096425313,158479.3071097236,51.745950243973816,WIN,158479.3071097236,0.0
2023-02-03,189.97999572753906,186.38730422973632,2,693.2119600193677,693.2119600193677,159172.51906974296,51.53130631100166,WIN,159172.51906974296,0.0
2023-02-06,194.75999450683594,188.08019577026366,2,674.2237092899243,674.2237092899243,159846.74277903288,50.21084396228227,WIN,159846.74277903288,0.0
2023-02-07,196.80999755859375,192.81239456176758,2,691.1540693894248,691.1540693894248,160537.8968484223,50.20913887882364,WIN,160537.8968484223,0.0
2023-02-08,201.2899932861328,194.8418975830078,2,691.3839441873236,691.3839441873236,161229.2807926096,49.85398352739979,WIN,161229.2807926096,0.0
2023-02-09,207.32000732421875,199.27709335327148,2,695.7176091577563,695.7176091577563,161924.99840176737,49.29186443603995,WIN,161924.99840176737,0.0
2023-02-10,196.88999938964844,205.24680725097656,2,715.7356135395529,-955.6259587260714,160969.3724430413,49.252454617232395,LOSS,161924.99840176737,-0.5901657978436279
2023-02-15,214.24000549316406,207.1575,2,776.452602476231,776.452602476231,161745.82504551753,51.8154209853226,WIN,161924.99840176737,-0.11065206609128829
2023-02-16,202.0399932861328,212.09760543823242,2,773.9485889198271,-1237.5738415000947,160508.25120401743,50.841966509434656,LOSS,161924.99840176737,-0.8749403808760351
2023-02-21,197.3699951171875,206.2268975830078,2,797.6128890883436,-973.7676040757159,159534.4835999417,52.989391503531586,LOSS,161924.99840176737,-1.4763099122559984
2023-02-28,205.7100067138672,205.55370483398437,2,658.0457157755732,658.0457157755732,160192.5293157173,46.4446119475176,WIN,161924.99840176737,-1.069920705974931
2023-03-01,202.77000427246094,203.65290664672852,2,595.1624466347446,418.58197178122714,160611.11128749853,43.70518762008774,LOSS,161924.99840176737,-0.8114170926275601
2023-03-15,180.4499969482422,181.42739456176758,2,577.2935125385939,381.81398983351437,160992.92527733205,46.254265390374655,LOSS,161924.99840176737,-0.5756202770635009
2023-03-16,184.1300048828125,178.64549697875975,2,504.8934830946762,504.8934830946762,161497.81876042672,42.76023727009655,WIN,161924.99840176737,-0.2638132750081861
2023-03-17,180.1300048828125,182.28870483398438,2,512.9651309565131,81.22514072213653,161579.04390114886,42.6403518934022,LOSS,161924.99840176737,-0.21365107551838713
2023-03-21,197.5800018310547,181.4175,2,474.24612876448606,474.24612876448606,162053.29002991336,40.67675273422808,WIN,162053.29002991336,0.0
2023-03-22,191.14999389648438,195.60420181274415,2,560.9081368314434,-329.9334464205118,161723.35658349286,43.16625084754661,LOSS,162053.29002991336,-0.20359564829544644
2023-03-23,192.22000122070312,189.23849395751952,2,550.3689614283212,550.3689614283212,162273.72554492118,43.56669070945925,WIN,162273.72554492118,0.0
2023-03-24,190.41000366210938,190.29780120849608,2,553.3760668487629,553.3760668487629,162827.10161176993,43.56288585499167,WIN,162827.10161176993,0.0
2023-03-30,195.27999877929688,191.9412048339844,2,523.3398520136049,523.3398520136049,163350.44146378353,41.781264146493434,WIN,163350.44146378353,0.0
2023-03-31,207.4600067138672,193.32719879150392,2,484.3597381658929,484.3597381658929,163834.80120194942,39.608806975048495,WIN,163834.80120194942,0.0
2023-04-03,194.77000427246094,205.3854066467285,2,548.2591094507961,-1574.8213654027186,162259.9798365467,41.21994379680341,LOSS,163834.80120194942,-0.961225181615432
2023-04-14,185.0,184.04099395751953,2,489.4626348124847,489.4626348124847,162749.4424713592,41.122843940759346,WIN,163834.80120194942,-0.6624714179329798
2023-04-17,187.0399932861328,183.15,2,483.2502234327934,483.2502234327934,163232.69269479197,40.9167549774237,WIN,163834.80120194942,-0.36750952956280974
2023-04-18,184.30999755859375,185.1695933532715,2,483.0949023837541,311.1757434482052,163543.86843824017,40.62584909437922,LOSS,163834.80120194942,-0.17757690159530554
2023-05-01,161.8300018310547,162.66689758300782,2,477.4983269064753,310.11917651584804,163853.987614756,43.83288851596146,LOSS,163853.987614756,0.0
2023-05-02,160.30999755859375,160.21170181274414,2,418.7393950325489,418.7393950325489,164272.72700978856,40.67231718932943,WIN,164272.72700978856,0.0
2023-05-03,160.61000061035156,158.70689758300782,2,387.14797491385804,387.14797491385804,164659.87498470242,38.960543894727095,WIN,164659.87498470242,0.0
2023-05-08,171.7899932861328,168.35939758300782,2,444.8122485989313,444.8122485989313,165104.68723330135,40.951045369356905,WIN,165104.68723330135,0.0
2023-05-09,169.14999389648438,170.07209335327147,2,451.35942264248774,266.9395312850688,165371.62676458643,41.067833493407164,LOSS,165371.62676458643,0.0
2023-05-10,168.5399932861328,167.45849395751952,2,443.0815173303256,443.0815173303256,165814.70828191674,40.989141612885724,WIN,165814.70828191674,0.0
2023-05-11,172.0800018310547,166.8545933532715,2,431.76650550980725,431.76650550980725,166246.47478742656,40.417115600130224,WIN,166246.47478742656,0.0
2023-05-12,167.97999572753906,170.35920181274415,2,435.1995158883169,-40.64170115269985,166205.83308627387,40.09217393401655,LOSS,166246.47478742656,-0.02444665440555104
2023-05-18,176.88999938964844,172.12140060424804,2,462.61115284245955,462.61115284245955,166668.44423911633,41.399561281690055,WIN,166668.44423911633,0.0
2023-05-19,180.13999938964844,175.12109939575194,2,347.7984102668819,347.7984102668819,167016.2426493832,34.50763404781617,WIN,167016.2426493832,0.0
2023-05-22,188.8699951171875,178.33859939575194,2,356.08036661666864,356.08036661666864,167372.32301599986,34.61183176999364,WIN,167372.32301599986,0.0
2023-05-23,185.77000427246094,186.98129516601563,2,393.9379697495448,151.67979103860682,167524.00280703846,35.6940341284019,LOSS,167524.00280703846,0.0
2023-05-24,182.89999389648438,183.91230422973632,2,390.6181702805775,188.15610363018823,167712.15891066866,35.86205749805275,LOSS,167712.15891066866,0.0
2023-05-26,193.1699981689453,182.6253012084961,2,337.0970986170762,337.0970986170762,168049.25600928575,33.13049041958746,WIN,168049.25600928575,0.0
2023-05-30,201.16000366210938,191.23829818725585,2,374.1805728115823,374.1805728115823,168423.43658209732,34.21860441208315,WIN,168423.43658209732,0.0
2023-05-31,203.92999267578125,199.14840362548827,2,396.1717141262698,396.1717141262698,168819.6082962236,34.53989013051229,WIN,168819.6082962236,0.0
2023-06-01,207.52000427246094,201.89069274902343,2,393.78644505375877,393.78644505375877,169213.39474127736,34.1584313373325,WIN,169213.39474127736,0.0
2023-06-02,213.97000122070312,205.44480422973632,2,398.98727267665913,398.98727267665913,169612.38201395402,34.07565074539255,WIN,169612.38201395402,0.0
2023-06-05,217.61000061035156,211.83030120849608,2,414.99680784440034,414.99680784440034,170027.37882179843,34.24297230063713,WIN,170027.37882179843,0.0
2023-06-06,221.30999755859375,215.43390060424804,2,388.6011609163358,388.6011609163358,170415.97998271475,32.71762605277599,WIN,170415.97998271475,0.0
2023-06-07,224.57000732421875,219.0968975830078,2,395.43071494213706,395.43071494213706,170811.4106976569,32.72758818006585,WIN,170811.4106976569,0.0
2023-06-08,234.86000061035156,222.32430725097657,2,382.9343822600808,382.9343822600808,171194.34507991697,31.918150980869896,WIN,171194.34507991697,0.0
2023-06-09,244.39999389648438,232.51140060424805,2,412.650536732338,412.650536732338,171606.9956166493,32.43225797922925,WIN,171606.9956166493,0.0
2023-06-12,249.8300018310547,241.95599395751952,2,441.5264416738819,441.5264416738819,172048.5220583232,32.924036279177464,WIN,172048.5220583232,0.0
2023-06-13,258.7099914550781,247.33170181274414,2,406.44002201397893,406.44002201397893,172454.96208033717,31.14106412207141,WIN,172454.96208033717,0.0
2023-06-14,256.7900085449219,256.12289154052735,2,399.8841805017639,399.8841805017639,172854.84626083894,30.33561898140257,WIN,172854.84626083894,0.0
2023-06-15,255.89999389648438,254.22210845947265,2,408.7826412076734,408.7826412076734,173263.62890204662,30.794090106602333,WIN,173263.62890204662,0.0
2023-06-16,260.5400085449219,253.34099395751952,2,408.86513885192375,408.86513885192375,173672.49404089854,30.852220148992128,WIN,173672.49404089854,0.0
2023-06-20,274.45001220703125,257.93460845947266,2,416.20372184546727,416.20372184546727,174088.697762744,30.849363436912583,WIN,174088.697762744,0.0
2023-06-21,259.4599914550781,271.70551208496096,2,468.34505656312535,-1980.7590694134412,172107.93869333057,31.9310141963727,LOSS,174088.697762744,-1.1377872859459894
2023-06-23,256.6000061035156,261.96388549804686,2,533.1647945498236,-539.6110843564242,171568.32760897413,34.99104624188007,LOSS,174088.697762744,-1.447750592749424
2023-06-29,257.5,253.67759033203126,2,627.7331451012686,627.7331451012686,172196.06075407538,39.305717124763675,WIN,174088.697762744,-1.087168226881675
2023-06-30,261.7699890136719,254.925,2,631.7782457751415,631.7782457751415,172827.83899985053,39.342642554296134,WIN,174088.697762744,-0.7242622749765365
2023-07-03,279.82000732421875,259.1522891235351,2,642.0734139943221,642.0734139943221,173469.91241384484,39.33577159583892,WIN,174088.697762744,-0.3554425743034028
2023-07-05,282.4800109863281,277.02180725097656,2,738.1512358335633,738.1512358335633,174208.0636496784,41.172600450989535,WIN,174208.0636496784,0.0
2023-07-06,276.5400085449219,279.6552108764648,2,745.3247043476146,122.28423803902535,174330.34788771742,41.178097613143635,LOSS,174330.34788771742,0.0
2023-07-07,274.42999267578125,273.77460845947263,2,749.1437469727508,749.1437469727508,175079.49163469017,41.877413613106,WIN,175079.49163469017,0.0
2023-07-14,281.3800048828125,275.12099395751954,2,710.3608410062648,710.3608410062648,175789.85247569645,40.3612563111644,WIN,175789.85247569645,0.0
2023-07-17,290.3800048828125,278.5662048339844,2,717.7631336069484,717.7631336069484,176507.6156093034,40.308604718092525,WIN,176507.6156093034,0.0
2023-07-18,293.3399963378906,287.47620483398435,2,751.9284603243317,751.9284603243317,177259.54406962774,40.691537936635044,WIN,177259.54406962774,0.0
2023-07-19,291.260009765625,290.4065963745117,2,757.3111002030387,757.3111002030387,178016.8551698308,40.61434932066847,WIN,178016.8551698308,0.0
2023-07-20,262.8999938964844,288.34740966796875,2,708.8313214508366,-4380.651832846039,173636.20333698473,39.145840509841776,LOSS,178016.8551698308,-2.4608073368484367
2023-07-27,255.7100067138672,261.70650604248044,2,672.5449217834152,-526.7549439392355,173109.4483930455,40.24191272188095,LOSS,178016.8551698308,-2.756709061118711
2023-07-31,267.42999267578125,263.7756024169922,2,717.827533099682,717.827533099682,173827.27592614517,41.73012384703385,WIN,178016.8551698308,-2.3534733493009363
2023-08-01,261.07000732421875,264.7556927490234,2,716.9524562959145,-20.1846286650175,173807.09129748016,41.59870741642432,LOSS,178016.8551698308,-2.3648119546513984
2023-08-22,233.19000244140625,228.9671987915039,2,500.30518127918526,500.30518127918526,174307.39647875936,36.46234698668691,WIN,178016.8551698308,-2.0837682406716755
2023-08-23,236.86000061035156,230.85810241699218,2,507.46004355550036,507.46004355550036,174814.85652231486,36.590972943092055,WIN,178016.8551698308,-1.7987053217298825
2023-08-24,230.0399932861328,234.49140060424804,2,523.6475271881278,-366.63393643491816,174448.22258587994,36.934493920833816,LOSS,178016.8551698308,-2.004659941074861
2023-08-25,238.58999633789062,227.7395933532715,2,505.0509354584455,505.0509354584455,174953.2735213384,36.78272061884766,WIN,178016.8551698308,-1.720950325501311
2023-08-28,238.82000732421875,236.20409637451172,2,515.934582924615,515.934582924615,175469.208104263,36.45471237501934,WIN,178016.8551698308,-1.4311268801694592
2023-08-29,257.17999267578125,236.43180725097656,2,515.6562391932131,515.6562391932131,175984.86434345623,36.42248548692458,WIN,178016.8551698308,-1.1414597929145585
2023-08-30,256.8999938964844,254.60819274902343,2,663.266991714812,663.266991714812,176648.13133517103,40.58771428899023,WIN,178016.8551698308,-0.7688731684165386
2023-08-31,258.0799865722656,254.33099395751952,2,650.2080573714987,650.2080573714987,177298.33939254252,40.11126208339721,WIN,178016.8551698308,-0.40362232924673996
2023-09-01,245.00999450683594,255.49918670654296,2,646.6392603715342,-1451.1991795698698,175847.14021297265,39.85925042517921,LOSS,178016.8551698308,-1.2188255740099418
2023-09-06,251.9199981689453,253.92509033203126,2,711.0705156644347,310.0520830472451,176157.1922960199,42.505689608385595,LOSS,178016.8551698308,-1.0446555030065765
2023-09-12,267.4800109863281,270.844186706543,2,889.0539620971998,216.21881805422788,176373.41111407412,47.24215679064989,LOSS,178016.8551698308,-0.9231957581706517
2023-09-13,271.29998779296875,264.80521087646486,2,876.0068292957973,876.0068292957973,177249.41794336992,47.49349654995374,WIN,178016.8551698308,-0.43110368719227254
2023-09-14,276.0400085449219,268.58698791503906,2,871.2573296711712,871.2573296711712,178120.6752730411,46.86228795572964,WIN,178120.6752730411,0.0
2023-09-15,274.3900146484375,273.2796084594726,2,862.4610586604098,862.4610586604098,178983.1363317015,45.999004755522485,WIN,178983.1363317015,0.0
2023-09-18,265.2799987792969,271.64611450195315,2,838.2714056642241,-434.95173886703094,178548.18459283447,45.31074682244328,LOSS,178983.1363317015,-0.24301269258180774
2023-09-29,250.22000122070312,243.91620483398438,2,659.4243838227123,659.4243838227123,179207.60897665718,41.554604068977696,WIN,179207.60897665718,0.0
2023-10-02,251.60000610351562,247.7178012084961,2,673.6316431426828,673.6316431426828,179881.24061979988,41.71042174373375,WIN,179881.24061979988,0.0
2023-10-03,246.52999877929688,249.08400604248047,2,635.4862189225155,124.68476628579697,180005.92538608567,40.05969479467102,LOSS,180005.92538608567,0.0
2023-10-05,260.04998779296875,258.5484036254883,2,683.1314091460397,683.1314091460397,180689.0567952317,40.95242087274144,WIN,180689.0567952317,0.0
2023-10-06,260.5299987792969,257.4494879150391,2,680.6714547069689,680.6714547069689,181369.72824993866,40.96934452361322,WIN,181369.72824993866,0.0
2023-10-09,259.6700134277344,257.9246987915039,2,678.450305202746,678.450305202746,182048.1785551414,40.83691119390458,WIN,182048.1785551414,0.0
2023-10-10,263.6199951171875,257.07331329345703,2,476.7952007768634,476.7952007768634,182524.97375591827,33.2175664641543,WIN,182524.97375591827,0.0
2023-10-11,262.989990234375,260.9837951660156,2,480.1812384498864,480.1812384498864,183005.15499436815,33.07203784863684,WIN,183005.15499436815,0.0
2023-10-12,258.8699951171875,260.36009033203123,2,473.45190465141116,175.43286168266434,183180.5878560508,32.86145923759052,LOSS,183180.5878560508,0.0
2023-11-02,218.50999450683594,203.60340362548828,2,480.9819621281894,480.9819621281894,183661.569818179,38.20380666340883,WIN,183661.569818179,0.0
2023-11-03,219.9600067138672,216.32489456176756,2,587.0767507559691,587.0767507559691,184248.646568935,41.65654527348552,WIN,184248.646568935,0.0
2023-11-06,219.27000427246094,217.7604066467285,2,592.5870156035296,592.5870156035296,184841.2335845385,41.729368276008884,WIN,184841.2335845385,0.0
2023-11-07,222.17999267578125,217.0773042297363,2,590.7490275347493,590.7490275347493,185431.98261207325,41.73031508509602,WIN,185431.98261207325,0.0
2023-11-08,222.11000061035156,219.95819274902342,2,597.3934425828141,597.3934425828141,186029.37605465605,41.676926411663544,WIN,186029.37605465605,0.0
2023-11-09,209.97999572753906,219.88890060424805,2,597.5840017545295,-1384.196973587268,184645.17908106878,41.69384514039051,LOSS,186029.37605465605,-0.7440744053135931
2023-11-14,237.41000366210938,221.47290664672852,2,663.0729110138591,663.0729110138591,185308.25199208263,44.4073684289329,WIN,186029.37605465605,-0.3876398867034592
2023-11-15,242.83999633789062,235.0359036254883,2,758.4953385455826,758.4953385455826,186066.74733062822,46.69816991867621,WIN,186066.74733062822,0.0
2023-11-16,233.58999633789062,240.4115963745117,2,754.8800553912267,-609.4399519329888,185457.30737869523,45.841679599221855,LOSS,186066.74733062822,-0.3275383488324514
2023-11-17,234.3000030517578,231.2540963745117,2,625.0142692151222,625.0142692151222,186082.32164791034,41.54703243077865,WIN,186082.32164791034,0.0
2023-11-22,234.2100067138672,238.78799697875976,2,619.8992442349369,-295.6988087435785,185786.62283916675,40.499055642315255,LOSS,186082.32164791034,-0.15890752336113168
2023-11-29,244.13999938964844,244.2528012084961,2,586.9900073515228,564.4296435819913,186351.05248274875,38.605143084997245,LOSS,186351.05248274875,0.0
2023-11-30,240.0800018310547,241.69859939575196,2,587.9468029566361,264.22729001718255,186615.27977276593,38.89347856733329,LOSS,186615.27977276593,0.0
2023-12-07,242.63999938964844,236.97629516601563,2,536.9914375454925,536.9914375454925,187152.27121031142,37.25757972329975,WIN,187152.27121031142,0.0
2023-12-08,243.83999633789062,240.21359939575194,2,545.455460349829,545.455460349829,187697.72667066124,37.303713881337494,WIN,187697.72667066124,0.0
2023-12-11,239.74000549316406,241.4015963745117,2,475.61986259521234,143.30168632568245,187841.02835698694,34.35242208920542,LOSS,187841.02835698694,0.0
2023-12-15,253.5,248.53950302124022,2,432.3743919408282,432.3743919408282,188273.40274892777,32.08755875984331,WIN,188273.40274892777,0.0
2023-12-18,252.0800018310547,250.965,2,393.56267071314477,393.56267071314477,188666.9654196409,30.403386864280833,WIN,188666.9654196409,0.0
2023-12-19,257.2200012207031,249.55920181274413,2,393.8736205526566,393.8736205526566,189060.83904019356,30.50239468226485,WIN,189060.83904019356,0.0
2023-12-20,247.13999938964844,254.6478012084961,2,409.04729117200185,-1092.5130725975316,187968.32596759603,30.777895407186108,LOSS,189060.83904019356,-0.5778632307694712
2023-12-22,252.5399932861328,251.95499999999998,2,432.2333612250514,432.2333612250514,188400.55932882108,31.850422133797167,WIN,189060.83904019356,-0.3492419237767734
2023-12-27,261.44000244140625,254.04388549804688,2,442.8836086547507,442.8836086547507,188843.44293747583,32.12365002050653,WIN,189060.83904019356,-0.11498737857156703
2023-12-28,253.17999267578125,258.8256024169922,2,411.7170812567919,-717.4048669853946,188126.03807049044,30.624536184458478,LOSS,189060.83904019356,-0.49444452613710665
2024-01-31,187.2899932861328,189.67409637451172,2,483.23556887462615,6.414951198844676,188132.4530216893,40.02455434145428,LOSS,189060.83904019356,-0.49105146428917573
2024-02-01,188.86000061035156,185.4170933532715,2,471.4843769337834,471.4843769337834,188603.93739862306,39.976582835500125,WIN,189060.83904019356,-0.2416691070927501
2024-02-02,187.91000366210938,186.97140060424803,2,471.04986530171783,471.04986530171783,189074.9872639248,39.74612400728971,WIN,189074.9872639248,0.0
2024-02-08,189.55999755859375,185.70420181274415,2,486.90652091812245,486.90652091812245,189561.89378484292,40.7536828321912,WIN,189561.89378484292,0.0
2024-02-09,193.57000732421875,187.6643975830078,2,496.93367812132135,496.93367812132135,190058.82746296425,41.009501226555656,WIN,190058.82746296425,0.0
2024-02-12,188.1300048828125,191.63430725097655,2,513.4795740423895,-187.38089959042009,189871.44656337384,41.31875816546433,LOSS,190058.82746296425,-0.0985910005295202
2024-02-16,199.9499969482422,198.44549697875976,2,589.1383239676045,589.1383239676045,190460.58488734145,44.16026783673681,WIN,190460.58488734145,0.0
2024-02-20,193.75999450683594,197.95049697875976,2,587.5160382173569,-250.58445616740732,190210.00043117403,44.15268852418538,LOSS,190460.58488734145,-0.13156761873625392
2024-02-21,194.77000427246094,191.82239456176757,2,576.2059238412395,576.2059238412395,190786.20635501528,44.504882747977895,WIN,190786.20635501528,0.0
2024-02-23,191.97000122070312,195.43590362548827,2,590.2300766005982,-102.95040435642989,190683.25595065884,44.66418817486802,LOSS,190786.20635501528,-0.053961136039817906
2024-02-27,199.72999572753906,197.40599395751954,2,428.8888767224022,428.8888767224022,191112.14482738124,36.34027098713946,WIN,191112.14482738124,0.0
2024-02-28,202.0399932861328,197.73269577026366,2,406.0148737014133,406.0148737014133,191518.15970108265,35.16874794821675,WIN,191518.15970108265,0.0
2024-02-29,201.8800048828125,200.0195933532715,2,411.9977602115142,411.9977602115142,191930.15746129418,35.231952530276054,WIN,191930.15746129418,0.0
2024-03-01,202.63999938964844,199.86120483398437,2,400.6023028403785,400.6023028403785,192330.75976413456,34.68794659550373,WIN,192330.75976413456,0.0
2024-03-04,188.13999938964844,200.61359939575195,2,401.77012082043814,-2092.949880400264,190237.8098837343,34.67128578591886,LOSS,192330.75976413456,-1.088203406967747
2024-03-13,169.47999572753906,175.7645933532715,2,416.5864714521855,-840.3330536943007,189397.47683004,38.28033636145406,LOSS,192330.75976413456,-1.525124185903397
2024-03-19,171.32000732421875,172.06200302124023,2,431.81781533240303,283.41867592810706,189680.8955059681,39.650802596286205,LOSS,192330.75976413456,-1.3777641503710225
2024-03-20,175.66000366210938,169.60680725097657,2,419.20829384121225,419.20829384121225,190100.10379980932,39.27739418097897,WIN,192330.75976413456,-1.1598019823042411
2024-03-21,172.82000732421875,173.90340362548827,2,439.6683800416652,222.98911978776192,190323.09291959708,39.833196985889884,LOSS,192330.75976413456,-1.043861547159482
2024-03-22,170.8300018310547,171.09180725097656,2,429.7037847241188,377.3427007397447,190700.43562033682,39.66922166751201,LOSS,192330.75976413456,-0.8476668764773219
2024-03-27,179.8300018310547,175.89329818725585,2,429.73472609442683,429.73472609442683,191130.17034643126,38.997535318818436,WIN,192330.75976413456,-0.6242316201400394
2024-03-28,175.7899932861328,178.03170181274413,2,435.2146694831706,-13.127035839093196,191117.04331059215,39.01163120701243,LOSS,192330.75976413456,-0.6310568600835633
2024-04-01,175.22000122070312,174.03209335327148,2,428.4595101829267,428.4595101829267,191545.5028207751,39.182206484289566,WIN,192330.75976413456,-0.40828463648897273
2024-04-09,176.8800048828125,171.25019577026367,2,417.14938116166786,417.14938116166786,191962.65220193675,38.92632564555316,WIN,192330.75976413456,-0.19139297460751403
2024-04-10,171.75999450683594,175.11120483398437,2,430.4497149423155,-239.79235048737178,191722.85985144938,39.144819924894904,LOSS,192330.75976413456,-0.3160700417503081
2024-04-11,174.60000610351562,170.04239456176757,2,427.490931789034,427.490931789034,192150.35078323842,39.69364366168031,WIN,192330.75976413456,-0.09380141851328856
2024-04-12,171.0500030517578,172.85400604248048,2,412.35409311959677,51.5534949750637,192201.90427821348,38.43183729287516,LOSS,192330.75976413456,-0.06699681635902009
2024-04-25,170.17999267578125,160.50870483398438,2,520.0773855390476,520.0773855390476,192721.98166375252,46.82620543401764,WIN,192721.98166375252,0.0
2024-04-26,168.2899932861328,168.47819274902344,2,568.0912664000787,530.4513738219541,193252.4330375745,48.11996733392117,LOSS,193252.4330375745,0.0
2024-04-29,194.0500030517578,166.6070933532715,2,558.8580623816711,558.8580623816711,193811.29109995617,47.94757955538436,WIN,193811.29109995617,0.0
2024-04-30,183.27999877929688,192.10950302124024,2,838.0317179248941,-927.8691304637796,192883.4219694924,57.8476581076524,LOSS,193811.29109995617,-0.47874874843346304
2024-05-01,179.99000549316406,181.4471987915039,2,796.9212530125731,505.4825933446068,193388.904562837,58.14004795973856,LOSS,193811.29109995617,-0.21793701219467274
2024-05-02,180.00999450683594,178.19010543823242,2,786.2263779828672,786.2263779828672,194175.1309408199,58.33906203518489,WIN,194175.1309408199,0.0
2024-05-07,177.80999755859375,182.91239456176757,2,781.5394593070083,-238.93994132775572,193936.19099949213,56.968481623203665,LOSS,194175.1309408199,-0.12305383298573923
2024-05-15,173.99000549316406,175.77450302124024,2,731.8640961086273,374.96459049339273,194311.15558998552,55.89686761162798,LOSS,194311.15558998552,0.0
2024-05-16,174.83999633789062,172.25010543823242,2,720.2037324698565,720.2037324698565,195031.35932245536,56.068737626942294,WIN,195031.35932245536,0.0
2024-05-17,177.4600067138672,173.0915963745117,2,710.2786867198934,710.2786867198934,195741.63800917525,55.305868350454546,WIN,195741.63800917525,0.0
2024-05-20,174.9499969482422,175.68540664672852,2,714.9414088505712,567.859469153304,196309.49747832856,54.97148156423783,LOSS,196309.49747832856,0.0
2024-05-22,180.11000061035156,184.73400604248047,2,763.1226424781429,-161.67844394763927,196147.81903438093,55.575415309463544,LOSS,196309.49747832856,-0.08235895156599883
2024-05-23,173.74000549316406,178.30890060424804,2,656.5731210822223,-257.20590113457274,195890.61313324634,51.168088737986366,LOSS,196309.49747832856,-0.2133795615917459
2024-05-28,176.75,177.44760543823242,2,654.2271192167921,514.706031570309,196405.31916481664,51.2137819129583,LOSS,196405.31916481664,0.0
2024-05-31,178.0800018310547,177.00209335327148,2,380.90475475732444,380.90475475732444,196786.22391957397,36.13749284356814,WIN,196786.22391957397,0.0
2024-06-03,176.2899932861328,176.29920181274414,2,379.6020907115322,377.7603853892659,197163.98430496323,36.14918966593967,LOSS,197163.98430496323,0.0
2024-06-07,177.47999572753906,176.1606024169922,2,354.3434233843804,354.3434233843804,197518.32772834762,34.7574582188535,WIN,197518.32772834762,0.0
2024-06-10,173.7899932861328,175.70519577026366,2,349.1782765591536,-33.862220267015346,197484.4655080806,34.519922778083796,LOSS,197518.32772834762,-0.017143837058796976
2024-06-13,182.47000122070312,175.5170933532715,2,355.17604233418155,355.17604233418155,197839.6415504148,34.87649152343391,WIN,197839.6415504148,0.0
2024-06-14,178.00999450683594,180.64530120849608,2,370.25674352127,-156.8045968107583,197682.83695360404,35.13222566822862,LOSS,197839.6415504148,-0.07925843151651142
2024-06-17,187.44000244140625,176.22989456176757,2,371.2324734501408,371.2324734501408,198054.06942705417,35.691018067445,WIN,198054.06942705417,0.0
2024-06-18,184.86000061035156,185.5656024169922,2,425.9187795373587,284.7984182092328,198338.8678452634,37.544717403378016,LOSS,198338.8678452634,0.0
2024-06-20,181.57000732421875,183.01140060424805,2,419.878508064437,131.59985205857652,198470.46769732196,37.53517748968463,LOSS,198470.46769732196,0.0
2024-06-24,182.5800018310547,181.17989456176758,2,339.6545278117128,339.6545278117128,198810.12222513367,33.41377737364427,WIN,198810.12222513367,0.0
2024-06-26,196.3699951171875,185.47650604248048,2,318.2282463101183,318.2282463101183,199128.3504714438,31.852537479253815,WIN,199128.3504714438,0.0
2024-06-27,197.4199981689453,194.4062951660156,2,363.93235711979787,363.93235711979787,199492.2828285636,33.38763307017548,WIN,199492.2828285636,0.0
2024-06-28,197.8800048828125,195.44579818725586,2,364.4542753952996,364.4542753952996,199856.7371039589,33.316065733466736,WIN,199856.7371039589,0.0
2024-07-01,209.86000061035156,195.90120483398437,2,363.9999189819485,363.9999189819485,200220.73702294086,33.25070571387877,WIN,200220.73702294086,0.0
2024-07-02,231.25999450683594,207.76140060424805,2,435.74206173763343,435.74206173763343,200656.4790846785,35.60061102238458,WIN,200656.4790846785,0.0
2024-07-03,246.38999938964844,228.94739456176757,2,608.4631499735874,608.4631499735874,201264.9422346521,41.104420592882576,WIN,201264.9422346521,0.0
2024-07-05,251.52000427246094,243.92609939575195,2,676.5933121405351,676.5933121405351,201941.5355467926,42.24488078484936,WIN,201941.5355467926,0.0
2024-07-08,252.94000244140625,249.00480422973632,2,686.2849278878873,686.2849278878873,202627.8204746805,42.07149357228162,WIN,202627.8204746805,0.0
2024-07-09,262.3299865722656,250.4106024169922,2,692.7096411378689,692.7096411378689,203320.53011581837,42.17152422814408,WIN,203320.53011581837,0.0
2024-07-10,263.260009765625,259.70668670654294,2,715.854635333567,715.854635333567,204036.38475115193,42.0742972150227,WIN,204036.38475115193,0.0
2024-07-11,241.02999877929688,260.6274096679687,2,694.6743097863794,-3224.8078679479895,200811.57688320393,41.18042141374528,LOSS,204036.38475115193,-1.580506276800118
2024-07-17,248.5,253.9943975830078,2,786.0952060022196,-312.78431059934246,200498.79257260458,45.3995036496332,LOSS,204036.38475115193,-1.7338045774835145
2024-07-23,246.3800048828125,248.99489456176758,2,818.4024263901415,295.4244905991254,200794.21706320372,47.284342668656464,LOSS,204036.38475115193,-1.5890144749929984
2024-07-30,222.6199951171875,229.77900604248046,2,966.3255118365093,-465.4766732220828,200328.74038998163,56.30746859044158,LOSS,204036.38475115193,-1.8171486255709925
2024-07-31,232.07000732421875,220.39379516601562,2,921.2479043268637,921.2479043268637,201249.98829430848,56.05751231047202,WIN,204036.38475115193,-1.3656370456876146
2024-08-01,216.86000061035156,229.74930725097656,2,878.8050374559266,-1699.0562906690725,199550.9320036394,52.571091265105565,LOSS,204036.38475115193,-2.198359254886375
2024-08-12,197.49000549316406,198.0,2,714.1649866455743,612.1660852783868,200163.0980889178,50.42818030751164,LOSS,204036.38475115193,-1.898331352497791
2024-08-14,201.3800048828125,205.75170181274413,2,765.9326837549597,-108.40670223136635,200054.69138668643,51.56475336292922,LOSS,204036.38475115193,-1.951462416530105
2024-08-15,214.13999938964844,199.36620483398437,2,742.0092790649007,742.0092790649007,200796.70066575133,51.55722965241384,WIN,204036.38475115193,-1.5877972398657247
2024-08-16,216.1199951171875,211.99859939575194,2,836.1889178581025,836.1889178581025,201632.88958360942,53.742433665356025,WIN,204036.38475115193,-1.1779738062276863
2024-08-19,222.72000122070312,213.95879516601562,2,834.3315120475407,834.3315120475407,202467.22109565695,53.30222344765008,WIN,204036.38475115193,-0.7690607032705332
2024-08-20,221.10000610351562,220.4928012084961,2,841.1258396245129,841.1258396245129,203308.34693528147,52.469857569363555,WIN,204036.38475115193,-0.3568176414997693
2024-08-21,223.27000427246094,218.88900604248047,2,832.6262159522621,832.6262159522621,204140.97315123375,52.36298917351237,WIN,204140.97315123375,0.0
2024-08-22,210.66000366210938,221.03730422973632,2,676.3959992689738,-1399.0641142564155,202741.90903697733,45.057367217153285,LOSS,204140.97315123375,-0.6853421401199769
2024-08-26,213.2100067138672,218.11680725097656,2,726.0312871170505,-255.32882030482472,202486.5802166725,47.69502597199033,LOSS,204140.97315123375,-0.8104168942780623
2024-09-03,210.60000610351562,211.96890060424803,2,590.6138689898235,316.8349688433416,202803.41518551586,42.36824670306656,LOSS,204140.97315123375,-0.6552128879717776
2024-09-04,219.41000366210938,208.49400604248046,2,559.1141126193776,559.1141126193776,203362.52929813522,41.340399815272235,WIN,204140.97315123375,-0.3813266102742766
2024-09-05,230.1699981689453,217.21590362548827,2,601.5911648445528,601.5911648445528,203964.12046297977,42.20353310947085,WIN,204140.97315123375,-0.08663262721048941
2024-09-06,210.72999572753906,227.86829818725585,2,617.8203611877537,-2809.840130755603,201154.28033222418,41.63138729447536,LOSS,204140.97315123375,-1.4630540713631912
2024-09-11,228.1300048828125,223.90829818725587,2,724.821663546969,724.821663546969,201879.10199577114,46.79629065762938,WIN,204140.97315123375,-1.1079946962861513
2024-09-12,229.80999755859375,225.84870483398439,2,705.477534034456,705.477534034456,202584.5795298056,45.6818163544031,WIN,204140.97315123375,-0.7624111893868161
2024-09-13,230.2899932861328,227.51189758300782,2,692.9751322904214,692.9751322904214,203277.55466209602,44.917756259577146,WIN,204140.97315123375,-0.42295207856096406
2024-09-16,226.77999877929688,227.9870933532715,2,650.5562005299873,409.1372857350643,203686.69194783107,43.027866559341135,LOSS,204140.97315123375,-0.2225330840693734
2024-09-20,238.25,241.48079818725586,2,749.5828019057652,103.4231644545938,203790.11511228565,45.48965381756068,LOSS,204140.97315123375,-0.1718704645775182
2024-09-23,250.0,235.8675,2,691.2390955621778,691.2390955621778,204481.35420784782,43.78562555103987,WIN,204481.35420784782,0.0
2024-09-24,254.27000427246094,247.5,2,729.4079431344859,729.4079431344859,205210.7621509823,43.94748032773488,WIN,205210.7621509823,0.0
2024-09-25,257.0199890136719,251.72730422973632,2,718.6083491477183,718.6083491477183,205929.37050013003,43.03996170340041,WIN,205929.37050013003,0.0
2024-09-26,254.22000122070312,254.44978912353514,2,713.4424826782215,667.4849021118184,206596.85540224184,42.540533780448584,LOSS,206596.85540224184,0.0
2024-09-27,260.4599914550781,251.67780120849608,2,701.3427132554051,701.3427132554051,207298.19811549725,42.37164258601376,WIN,207298.19811549725,0.0
2024-09-30,261.6300048828125,257.85539154052736,2,719.8211454349115,719.8211454349115,208018.01926093217,42.41977369480513,WIN,208018.01926093217,0.0
2024-10-01,258.0199890136719,259.0137048339844,2,712.5609713078237,513.8178072453233,208531.8370681775,42.02183076577309,LOSS,208531.8370681775,0.0
2024-10-18,220.6999969482422,218.68109939575194,2,536.2512246096614,536.2512246096614,209068.08829278717,39.086435292871826,WIN,209068.08829278717,0.0
2024-10-21,218.85000610351562,218.49299697875978,2,530.1998191825179,530.1998191825179,209598.28811196968,38.835130597962745,WIN,209598.28811196968,0.0
2024-10-25,269.19000244140625,257.87521087646485,2,1197.8910979843024,1197.8910979843024,210796.179209954,60.62713753452255,WIN,210796.179209954,0.0
2024-10-28,262.510009765625,266.4981024169922,2,1242.517415122897,444.8988848494578,211241.07809480344,60.795609749625825,LOSS,211241.07809480344,0.0
2024-10-29,259.5199890136719,259.88490966796877,2,1218.6960656623926,1145.7119348030135,212386.79002960646,61.06062521760107,LOSS,212386.79002960646,0.0
2024-10-30,257.54998779296875,256.92478912353516,2,1204.167047194705,1204.167047194705,213590.95707680116,61.03585482901369,WIN,213590.95707680116,0.0
