Date,Stock_Price,Strike,Contracts,Premium,PnL,Capital,VIX,Status,Peak,Drawdown_%
2019-01-03,20.02400016784668,20.26117401123047,3,92.67169284072236,21.519539825585426,50021.51953982558,44.648149663254074,LOSS,50021.51953982558,0.0
2019-01-04,21.179332733154297,19.623520164489747,3,89.75515595144303,89.75515595144303,50111.27469577702,44.648149663254074,WIN,50111.27469577702,0.0
2019-01-07,22.33066749572754,20.75574607849121,3,94.93379427074734,94.93379427074734,50206.20849004777,44.648149663254074,WIN,50206.20849004777,0.0
2019-01-08,22.356666564941406,21.88405414581299,3,100.09451292340762,100.09451292340762,50306.30300297118,44.648149663254074,WIN,50306.30300297118,0.0
2019-01-09,22.568666458129883,21.909533233642577,3,100.21105060280843,100.21105060280843,50406.51405357399,44.648149663254074,WIN,50406.51405357399,0.0
2019-01-10,22.99799919128418,22.117293128967283,3,101.1613144519556,101.1613144519556,50507.67536802595,44.648149663254074,WIN,50507.67536802595,0.0
2019-01-11,23.150667190551758,22.538039207458496,3,103.08574643838756,103.08574643838756,50610.76111446434,44.648149663254074,WIN,50610.76111446434,0.0
2019-01-14,22.293333053588867,22.687653846740723,3,103.77006225781403,-14.526175687742693,50596.23493877659,44.648149663254074,LOSS,50610.76111446434,-0.02870175308150598
2019-01-15,22.961999893188477,21.847466392517088,3,99.92716580752526,99.92716580752526,50696.16210458412,44.648149663254074,WIN,50696.16210458412,0.0
2019-01-16,23.06999969482422,22.502759895324708,3,102.92438394399892,102.92438394399892,50799.08648852812,44.648149663254074,WIN,50799.08648852812,0.0
2019-01-17,23.15399932861328,22.608599700927734,3,103.4084799766241,103.4084799766241,50902.49496850474,44.648149663254074,WIN,50902.49496850474,0.0
2019-01-18,20.150667190551758,22.690919342041017,3,103.78499816317046,-658.2906472836072,50244.204321221136,44.648149663254074,LOSS,50902.49496850474,-1.2932384703164606
2019-01-22,19.92799949645996,19.74765384674072,3,90.32292554200941,90.32292554200941,50334.527246763144,44.648149663254074,WIN,50902.49496850474,-1.115795447930437
2019-01-23,19.172666549682617,19.52943950653076,3,89.32484456712763,-17.70704248731535,50316.82020427583,44.648149663254074,LOSS,50902.49496850474,-1.150581645538771
2019-01-24,19.43400001525879,18.789213218688964,3,85.93915610003879,85.93915610003879,50402.759360375865,44.648149663254074,WIN,50902.49496850474,-0.9817507146517659
2019-01-25,19.80266761779785,19.045320014953614,3,87.11055171337804,87.11055171337804,50489.86991208924,44.648149663254074,WIN,50902.49496850474,-0.8106185299380795
2019-01-28,19.7586669921875,19.406614265441895,3,88.76305959805494,88.76305959805494,50578.63297168729,44.648149663254074,WIN,50902.49496850474,-0.6362399269777083
2019-01-29,19.83066749572754,19.36349365234375,3,88.56583212200051,88.56583212200051,50667.1988038093,44.648149663254074,WIN,50902.49496850474,-0.46224878533169966
2019-01-30,20.584667205810547,19.434054145812986,3,88.88856566023705,88.88856566023705,50756.08736946953,44.648149663254074,WIN,50902.49496850474,-0.2876236206610196
2019-01-31,20.468000411987305,20.172973861694334,3,92.26827805529147,92.26827805529147,50848.355647524826,44.648149663254074,WIN,50902.49496850474,-0.10635887496951077
2019-02-01,20.81399917602539,20.058640403747557,3,98.41098166767496,98.41098166767496,50946.7666291925,46.80220081707583,WIN,50946.7666291925,0.0
2019-02-04,20.859333038330078,20.397719192504884,3,98.66975991302294,98.66975991302294,51045.43638910552,46.355776999478046,WIN,51045.43638910552,0.0
2019-02-05,21.42333221435547,20.442146377563475,3,93.43724031793833,93.43724031793833,51138.873629423455,44.62842826987547,WIN,51138.873629423455,0.0
2019-02-06,21.148000717163086,20.99486557006836,3,91.76727917277509,91.76727917277509,51230.64090859623,43.33282385238693,WIN,51230.64090859623,0.0
2019-02-07,20.500667572021484,20.725040702819825,3,90.80087421783517,23.48893497833288,51254.12984357456,43.399437755442236,LOSS,51254.12984357456,0.0
2019-02-08,20.386667251586914,20.090654220581055,3,89.09333554395712,89.09333554395712,51343.22317911852,43.745260184141756,WIN,51343.22317911852,0.0
2019-02-11,20.856000900268555,19.978933906555174,3,87.58884608732073,87.58884608732073,51430.812025205836,43.41787496582169,WIN,51430.812025205836,0.0
2019-02-12,20.78733253479004,20.438880882263184,3,90.78985212620506,90.78985212620506,51521.60187733204,43.79355580234635,WIN,51521.60187733204,0.0
2019-02-13,20.544666290283203,20.371585884094237,3,88.45778495466868,88.45778495466868,51610.05966228671,43.14662488873877,WIN,51610.05966228671,0.0
2019-02-14,20.251333236694336,20.13377296447754,3,85.41107261881118,85.41107261881118,51695.47073490552,42.498190304937,WIN,51695.47073490552,0.0
2019-02-15,20.525333404541016,19.846306571960447,3,84.14765382168288,84.14765382168288,51779.6183887272,42.48384054763444,WIN,51779.6183887272,0.0
2019-02-19,20.375999450683594,20.114826736450194,3,85.81125827627183,85.81125827627183,51865.42964700347,42.653052524632706,WIN,51865.42964700347,0.0
2019-02-20,20.17066764831543,19.968479461669922,3,46.46540346255838,46.46540346255838,51911.895050466024,30.083419886684943,WIN,51911.895050466024,0.0
2019-02-21,19.415332794189453,19.767254295349122,3,45.92329645745606,-59.65315389044471,51852.24189657558,30.059196840823155,LOSS,51911.895050466024,-0.11491230253192235
2019-02-22,19.6473331451416,19.027026138305665,3,44.09011836641976,44.09011836641976,51896.332014941996,30.02053682384716,WIN,51911.895050466024,-0.02997970986976813
2019-02-25,19.917999267578125,19.25438648223877,3,44.48412076103518,44.48412076103518,51940.81613570303,29.975813760017576,WIN,51940.81613570303,0.0
2019-02-26,19.857332229614258,19.519639282226564,3,44.546846130223564,44.546846130223564,51985.362981833256,29.793136972431775,WIN,51985.362981833256,0.0
2019-02-27,20.982667922973633,19.46018558502197,3,44.42817317207656,44.42817317207656,52029.79115500533,29.798802787179536,WIN,52029.79115500533,0.0
2019-02-28,21.325332641601562,20.56301456451416,3,56.65307968644881,56.65307968644881,52086.44423469178,32.85878235390604,WIN,52086.44423469178,0.0
2019-03-01,19.652666091918945,20.89882598876953,3,54.28290726323662,-319.565061791939,51766.87917289984,31.83667442306774,LOSS,52086.44423469178,-0.613528273022512
2019-03-04,19.02400016784668,19.259612770080565,3,65.58098198377064,-5.102798686395033,51761.77637421345,37.07219217139845,LOSS,52086.44423469178,-0.6233250613450161
2019-03-05,18.43600082397461,18.643520164489747,3,64.46056242828156,2.204760273740334,51763.98113448719,37.412034279314625,LOSS,52086.44423469178,-0.619092174446825
2019-03-06,18.416000366210938,18.067280807495116,3,63.74260147309754,63.74260147309754,51827.72373596029,37.86925904217834,WIN,52086.44423469178,-0.49671368920048486
2019-03-07,18.439332962036133,18.04768035888672,3,61.42727963097255,61.42727963097255,51889.15101559126,37.06251389918593,WIN,52086.44423469178,-0.3787803563851474
2019-03-08,18.94266700744629,18.07054630279541,3,61.56524241087947,61.56524241087947,51950.71625800214,37.08408530286218,WIN,52086.44423469178,-0.2605821508530591
2019-03-11,19.39466667175293,18.563813667297364,3,64.07508105664434,64.07508105664434,52014.791339058786,37.37366175068515,WIN,52086.44423469178,-0.13756534293287226
2019-03-12,18.890666961669922,19.00677333831787,3,67.11774484235389,32.28583184796929,52047.077170906756,37.88990891384918,LOSS,52086.44423469178,-0.07558024811147049
2019-03-13,19.263999938964844,18.512853622436523,3,65.00089709901081,65.00089709901081,52112.078068005765,37.75941461847674,WIN,52112.078068005765,0.0
2019-03-14,19.33066749572754,18.878719940185547,3,67.46835880668608,67.46835880668608,52179.54642681245,38.16555483463082,WIN,52179.54642681245,0.0
2019-03-15,18.36199951171875,18.944054145812988,3,67.63235791285643,-106.98403231541494,52072.562394497036,38.14177713442622,LOSS,52179.54642681245,-0.2050305907995385
2019-03-18,17.965999603271484,17.994759521484376,3,68.2068778670471,59.578902403179654,52132.14129690021,39.569551429460674,LOSS,52179.54642681245,-0.09085002296585214
2019-03-19,17.83133316040039,17.606679611206054,3,66.57077895576737,66.57077895576737,52198.71207585598,39.508756761402324,WIN,52198.71207585598,0.0
2019-03-20,18.239999771118164,17.474706497192383,3,66.07275427430824,66.07275427430824,52264.784830130295,39.5091147524404,WIN,52264.784830130295,0.0
2019-03-21,18.26799964904785,17.8751997756958,3,69.02242066268275,69.02242066268275,52333.807250792976,40.02962750173731,WIN,52333.807250792976,0.0
2019-03-22,17.635332107543945,17.902639656066896,3,67.04429134770885,-13.147973209176257,52320.6592775838,39.27503354778125,LOSS,52333.807250792976,-0.02512328817616545
2019-03-25,17.3613338470459,17.282625465393068,3,65.99698892155973,65.99698892155973,52386.65626650536,39.753094937582375,WIN,52386.65626650536,0.0
2019-03-26,17.851333618164062,17.01410717010498,3,64.47797728448681,64.47797728448681,52451.13424378984,39.565032623379174,WIN,52451.13424378984,0.0
2019-03-27,18.32200050354004,17.49430694580078,3,68.33861296585667,68.33861296585667,52519.472856755696,40.32121391014401,WIN,52519.472856755696,0.0
2019-03-28,18.57466697692871,17.95556049346924,3,64.75658883211801,64.75658883211801,52584.229445587815,38.37760958056187,WIN,52584.229445587815,0.0
2019-03-29,18.657333374023438,18.203173637390137,3,65.43208552307915,65.43208552307915,52649.66153111089,38.3001520664412,WIN,52649.66153111089,0.0
2019-04-01,19.278667449951172,18.284186706542968,3,53.79360626459777,53.79360626459777,52703.45513737549,34.0708529252645,WIN,52703.45513737549,0.0
2019-04-02,19.058666229248047,18.893094100952148,3,56.027787501303536,56.027787501303536,52759.48292487679,34.22274874838374,WIN,52759.48292487679,0.0
2019-04-03,19.45400047302246,18.677492904663087,3,53.154026151541444,53.154026151541444,52812.63695102833,33.44729487981999,WIN,52812.63695102833,0.0
2019-04-04,17.851999282836914,19.06492046356201,3,55.09968629557302,-308.77666792195606,52503.860283106376,33.73394465291577,LOSS,52812.63695102833,-0.5846643639632624
2019-04-05,18.33066749572754,17.494959297180177,3,65.04840848241864,65.04840848241864,52568.9086915888,39.10120979985763,WIN,52812.63695102833,-0.461496099249009
2019-04-08,18.213333129882812,17.964054145812987,3,66.74047614545793,66.74047614545793,52635.64916773426,39.08241575273743,WIN,52812.63695102833,-0.33512392774137045
2019-04-09,18.15399932861328,17.849066467285155,3,65.07639921417487,65.07639921417487,52700.72556694843,38.633231670508295,WIN,52812.63695102833,-0.21190266296241927
2019-04-10,18.40399932861328,17.790919342041015,3,63.76238128722869,63.76238128722869,52764.487948235655,38.23171341388553,WIN,52812.63695102833,-0.09116947301329548
2019-04-11,17.89466667175293,18.035919342041016,3,64.19906804659118,21.823266960165355,52786.31121519582,38.073078495133785,LOSS,52812.63695102833,-0.04984741787637817
2019-04-12,17.84666633605957,17.53677333831787,3,63.55713965709104,63.55713965709104,52849.86835485291,38.492528340958415,WIN,52849.86835485291,0.0
2019-04-15,17.7586669921875,17.48973300933838,3,58.86217318602925,58.86217318602925,52908.730528038934,36.815652983378556,WIN,52908.730528038934,0.0
2019-04-16,18.224000930786133,17.403493652343748,3,57.70957045620168,57.70957045620168,52966.440098495135,36.49445841890049,WIN,52966.440098495135,0.0
2019-04-17,18.082000732421875,17.85952091217041,3,60.45979796889616,60.45979796889616,53026.899896464034,36.9438078321047,WIN,53026.899896464034,0.0
2019-04-18,18.21733283996582,17.72036071777344,3,59.110889694157216,59.110889694157216,53086.01078615819,36.6227059467611,WIN,53086.01078615819,0.0
2019-04-22,17.516666412353516,17.852986183166504,3,59.6646167421093,-41.23131450178714,53044.7794716564,36.6631242559405,LOSS,53086.01078615819,-0.07766888845326723
2019-04-23,17.593332290649414,17.166333084106444,3,57.93625285074387,57.93625285074387,53102.71572450714,36.87701034683204,WIN,53102.71572450714,0.0
2019-04-24,17.243999481201172,17.241465644836424,3,57.69719232119718,57.69719232119718,53160.41291682834,36.69180057914407,WIN,53160.41291682834,0.0
2019-04-25,16.5086669921875,16.89911949157715,3,55.71037224569879,-61.42537757119604,53098.98753925714,36.369142142697214,LOSS,53160.41291682834,-0.11554721681206871
2019-04-26,15.675999641418457,16.17849365234375,3,54.664434731400426,-96.08376854618751,53002.90377071095,36.90190460678183,LOSS,53160.41291682834,-0.29629029850429595
2019-04-29,16.097999572753906,15.362479648590087,3,54.5790264552534,54.5790264552534,53057.48279716621,38.02923802369219,WIN,53160.41291682834,-0.1936217459844966
2019-04-30,15.912667274475098,15.776039581298829,3,57.84323540521741,57.84323540521741,53115.32603257143,38.76674431160255,WIN,53160.41291682834,-0.08481289324718189
2019-05-01,15.600666999816895,15.594413928985595,3,54.25534626157905,54.25534626157905,53169.581378833005,37.552182960252836,WIN,53169.581378833005,0.0
2019-05-02,16.273332595825195,15.288653659820556,3,53.36604261505771,53.36604261505771,53222.947421448065,37.62616034570428,WIN,53222.947421448065,0.0
2019-05-03,17.00200080871582,15.947865943908692,3,58.8768793814768,58.8768793814768,53281.82430082954,38.93080518352101,WIN,53281.82430082954,0.0
2019-05-06,17.022666931152344,16.661960792541503,3,55.05365162565165,55.05365162565165,53336.877952455194,36.41781320419529,WIN,53336.877952455194,0.0
2019-05-07,16.470666885375977,16.682213592529298,3,53.385575838634765,-10.078436307361542,53326.79951614783,35.7436587108041,LOSS,53336.877952455194,-0.01889581223022779
2019-05-08,16.32266616821289,16.141253547668455,3,53.225266041202374,53.225266041202374,53380.02478218904,36.37448628982126,WIN,53380.02478218904,0.0
2019-05-09,16.131999969482422,15.996212844848632,3,52.77566430722247,52.77566430722247,53432.80044649626,36.38610224490462,WIN,53432.80044649626,0.0
2019-05-10,15.968000411987305,15.809359970092773,3,51.516292421126494,51.516292421126494,53484.31673891738,36.12250472232601,WIN,53484.31673891738,0.0
2019-05-13,15.133999824523926,15.648640403747558,3,50.1138839280224,-104.27828983906738,53380.03844907832,35.75852810060809,LOSS,53484.31673891738,-0.1949698457364567
2019-05-14,15.487333297729492,14.831319828033447,3,51.13495801746302,51.13495801746302,53431.17340709578,37.34874847769985,WIN,53484.31673891738,-0.09936245812210437
2019-05-15,15.463333129882812,15.177586631774902,3,53.909406819634626,53.909406819634626,53485.08281391542,38.02379645188384,WIN,53485.08281391542,0.0
2019-05-16,15.222000122070312,15.154066467285157,3,51.977808819168246,51.977808819168246,53537.060622734585,37.23329774287499,WIN,53537.060622734585,0.0
2019-05-17,14.0686674118042,14.917560119628906,3,51.26570420786362,-203.40210813954837,53333.65851459504,37.27636037197671,LOSS,53537.060622734585,-0.379927672109015
2019-05-20,13.690667152404785,13.787294063568115,3,53.30148149777489,24.31340814877582,53357.97192274381,40.05966990805739,LOSS,53537.060622734585,-0.3345135087874512
2019-05-21,13.67199993133545,13.41685380935669,3,51.21125740665423,51.21125740665423,53409.18318015047,39.74171819324418,WIN,53537.060622734585,-0.2388577951360577
2019-05-22,12.84866714477539,13.39855993270874,3,50.92744011422697,-114.04039626577763,53295.14278388469,39.638191582812965,LOSS,53537.060622734585,-0.4518698562004501
2019-05-23,13.03266716003418,12.591693801879883,3,50.625870342196905,50.625870342196905,53345.768654226886,41.06174269331087,WIN,53537.060622734585,-0.35730756653918183
2019-05-24,12.708666801452637,12.772013816833496,3,51.13610818345504,32.13200356919719,53377.90065779608,40.95275080836985,LOSS,53537.060622734585,-0.2972893227367717
2019-05-28,12.579999923706055,12.454493465423583,3,48.1363093108459,48.1363093108459,53426.03696710693,40.053120334861546,WIN,53537.060622734585,-0.20737719691041717
2019-05-29,12.657333374023438,12.328399925231933,3,45.81573866044302,45.81573866044302,53471.85270576737,39.0892391421711,WIN,53537.060622734585,-0.12179958370655043
2019-05-30,12.54800033569336,12.40418670654297,3,46.499646710061846,46.499646710061846,53518.352352477435,39.29945107941789,WIN,53537.060622734585,-0.03494452261580684
2019-05-31,12.343999862670898,12.297040328979492,3,45.999347078471004,45.999347078471004,53564.351699555904,39.2474556871804,WIN,53564.351699555904,0.0
2019-06-03,11.9313325881958,12.097119865417481,3,41.24125956679987,-8.494923599704187,53555.8567759562,37.09861426254232,LOSS,53564.351699555904,-0.015859285756603426
2019-06-04,12.90666675567627,11.692705936431885,3,35.14324326027472,35.14324326027472,53591.00001921647,34.48237576222692,WIN,53591.00001921647,0.0
2019-06-05,13.105999946594238,12.648533420562744,3,50.9771077960752,50.9771077960752,53641.97712701255,41.12462852316822,WIN,53641.97712701255,0.0
2019-06-06,13.729999542236328,12.843879947662353,3,52.18914720117836,52.18914720117836,53694.16627421373,41.33898695130513,WIN,53694.16627421373,0.0
2019-06-07,13.633333206176758,13.4553995513916,3,58.77043514533122,58.77043514533122,53752.936709359055,43.31244738196659,WIN,53752.936709359055,0.0
2019-06-10,14.192000389099121,13.360666542053222,3,58.34019785726181,58.34019785726181,53811.276907216314,43.30446022156308,WIN,53811.276907216314,0.0
2019-06-11,14.473333358764648,13.908160381317138,3,63.48411466004009,63.48411466004009,53874.76102187635,44.587650611006964,WIN,53874.76102187635,0.0
2019-06-12,13.950667381286621,14.183866691589355,3,62.44254784004046,-7.517245250779638,53867.24377662557,43.536524503174554,LOSS,53874.76102187635,-0.013953185328712111
2019-06-13,14.260666847229004,13.671654033660888,3,60.66377281914241,60.66377281914241,53927.90754944471,43.76229001876755,WIN,53927.90754944471,0.0
2019-06-14,14.32800006866455,13.975453510284424,3,62.852733091166286,62.852733091166286,53990.76028253588,44.1523360655919,WIN,53990.76028253588,0.0
2019-06-17,15.001999855041504,14.04144006729126,3,63.021606616463316,63.021606616463316,54053.78188915234,44.093295912170824,WIN,54053.78188915234,0.0
2019-06-18,14.982666969299316,14.701959857940674,3,61.021722405971616,61.021722405971616,54114.803611558316,41.904463341393004,WIN,54114.803611558316,0.0
2019-06-19,15.095333099365234,14.68301362991333,3,59.609207642225215,59.609207642225215,54174.412819200545,41.31559848358465,WIN,54174.412819200545,0.0
2019-06-20,14.641332626342773,14.79342643737793,3,60.00174579317414,14.373602482627284,54188.78642168317,41.2911882357088,LOSS,54188.78642168317,0.0
2019-06-21,14.790666580200195,14.348505973815918,3,53.69931901219889,53.69931901219889,54242.485740695374,39.25924048473884,WIN,54242.485740695374,0.0
2019-06-24,14.909333229064941,14.494853248596192,3,54.17927094740004,54.17927094740004,54296.66501164278,39.22894133343162,WIN,54296.66501164278,0.0
2019-06-25,14.650667190551758,14.611146564483642,3,52.96376698529039,52.96376698529039,54349.628778628066,38.4968515672917,WIN,54349.628778628066,0.0
2019-06-26,14.618000030517578,14.357653846740723,3,52.53894709847728,52.53894709847728,54402.16772572654,38.71990748950225,WIN,54402.16772572654,0.0
2019-06-27,14.855999946594238,14.325640029907227,3,52.57416516061208,52.57416516061208,54454.741890887155,38.788850408986264,WIN,54454.741890887155,0.0
2019-06-28,14.897333145141602,14.558879947662353,3,53.082117880611115,53.082117880611115,54507.82400876777,38.63389934733215,WIN,54507.82400876777,0.0
2019-07-01,15.14466667175293,14.599386482238769,3,52.25188821730741,52.25188821730741,54560.07589698508,38.199706351741696,WIN,54560.07589698508,0.0
2019-07-02,14.970000267028809,14.841773338317871,3,49.82302085542013,49.82302085542013,54609.8989178405,36.760023777097885,WIN,54609.8989178405,0.0
2019-07-03,15.65999984741211,14.670600261688232,3,40.37702310947532,40.37702310947532,54650.27594094998,32.84027386827534,WIN,54650.27594094998,0.0
2019-07-05,15.539999961853027,15.346799850463867,3,45.14809688224018,45.14809688224018,54695.42403783222,34.06938660315471,WIN,54695.42403783222,0.0
2019-07-08,15.355999946594238,15.229199962615967,3,41.97070273242491,41.97070273242491,54737.39474056465,32.86422812953698,WIN,54737.39474056465,0.0
2019-07-09,15.337332725524902,15.048879947662353,3,41.798660610357885,41.798660610357885,54779.193401175005,33.00417776361177,WIN,54779.193401175005,0.0
2019-07-10,15.928000450134277,15.030586071014405,3,39.00420299258364,39.00420299258364,54818.19760416759,31.82095300588288,WIN,54818.19760416759,0.0
2019-07-11,15.90666675567627,15.609440441131591,3,42.63284446236198,42.63284446236198,54860.83044862995,32.704027646759016,WIN,54860.83044862995,0.0
2019-07-12,16.338666915893555,15.588533420562744,3,38.5256217525463,38.5256217525463,54899.3560703825,31.019888991671465,WIN,54899.3560703825,0.0
2019-07-15,16.899999618530273,16.011893577575684,3,40.018557667108034,40.018557667108034,54939.374628049605,31.200702291028147,WIN,54939.374628049605,0.0
2019-07-16,16.825332641601562,16.56199962615967,3,43.180127719838225,43.180127719838225,54982.554755769444,31.899982559975022,WIN,54982.554755769444,0.0
2019-07-17,16.99066734313965,16.48882598876953,3,39.2023231671551,39.2023231671551,55021.7570789366,30.411225460682118,WIN,55021.7570789366,0.0
2019-07-18,16.902666091918945,16.650853996276854,3,39.46833399058007,39.46833399058007,55061.22541292718,30.364816797981096,WIN,55061.22541292718,0.0
2019-07-19,17.211999893188477,16.564612770080565,3,39.61230510965993,39.61230510965993,55100.83771803684,30.501150470617112,WIN,55100.83771803684,0.0
2019-07-22,17.045333862304688,16.867759895324706,3,36.68585477445395,36.68585477445395,55137.5235728113,29.097962027853622,WIN,55137.5235728113,0.0
2019-07-23,17.344667434692383,16.704427185058595,3,37.22500827001185,37.22500827001185,55174.74858108131,29.44502572234416,WIN,55174.74858108131,0.0
2019-07-24,17.658666610717773,16.997774085998536,3,38.1806145897146,38.1806145897146,55212.92919567102,29.560153933239828,WIN,55212.92919567102,0.0
2019-07-25,15.254667282104492,17.305493278503416,3,37.048585178775475,-578.1992137409018,54634.72998193012,28.877228809328695,LOSS,55212.92919567102,-1.0472170597792467
2019-07-26,15.202667236328125,14.949573936462402,3,67.7037163888466,67.7037163888466,54702.433698318964,44.356129682663294,WIN,55212.92919567102,-0.9245941209583272
2019-07-29,15.718000411987305,14.898613891601562,3,67.2630144485301,67.2630144485301,54769.696712767494,44.26480036313971,WIN,55212.92919567102,-0.802769368262895
2019-07-30,16.150667190551758,15.40364040374756,3,70.84764602943768,70.84764602943768,54840.544358796935,44.81378792706832,WIN,55212.92919567102,-0.6744522384501278
2019-07-31,16.107332229614258,15.827653846740722,3,73.34145071711279,73.34145071711279,54913.885809514046,45.036412288852176,WIN,55212.92919567102,-0.541618404445064
2019-08-01,15.59000015258789,15.785185585021972,3,72.87591623332307,14.320286503098522,54928.206096017144,44.92605295693421,LOSS,55212.92919567102,-0.5156819313911751
2019-08-02,15.62266731262207,15.278200149536133,3,69.5989261575502,69.5989261575502,54997.805022174696,44.52877619110529,WIN,55212.92919567102,-0.38962644552680753
2019-08-05,15.221332550048828,15.310213966369629,3,69.65397843729927,42.98955354105906,55040.79457571576,44.49033943494041,LOSS,55212.92919567102,-0.3117650565961292
2019-08-06,15.383333206176758,14.916905899047851,3,68.55570263450622,68.55570263450622,55109.35027835026,44.7906473578782,WIN,55212.92919567102,-0.1875990258616466
2019-08-07,15.561332702636719,15.075666542053222,3,69.41243211849428,69.41243211849428,55178.762710468756,44.84529276268118,WIN,55212.92919567102,-0.06188131240272022
2019-08-08,15.886667251586914,15.250106048583984,3,68.44346040888185,68.44346040888185,55247.20617087764,44.09204156400973,WIN,55247.20617087764,0.0
2019-08-09,15.667332649230957,15.568933906555175,3,70.463120564095,70.463120564095,55317.669291441736,44.33716220366081,WIN,55317.669291441736,0.0
2019-08-12,15.267333030700684,15.353985996246337,3,68.71069831959515,42.714808655899205,55360.38410009764,44.008036057138895,LOSS,55360.38410009764,0.0
2019-08-13,15.666666984558105,14.96198637008667,3,65.78863351139226,65.78863351139226,55426.17273360903,43.502090544547045,WIN,55426.17273360903,0.0
2019-08-14,14.641332626342773,15.353333644866943,3,68.72142973290467,-144.8788758243462,55281.29385778469,44.01379932842079,LOSS,55426.17273360903,-0.26139072694170606
2019-08-15,14.37600040435791,14.348505973815918,3,68.47178409582173,68.47178409582173,55349.765641880505,45.93285924952435,WIN,55426.17273360903,-0.13785381158420973
2019-08-16,14.662667274475098,14.088480396270752,3,67.37193609944521,67.37193609944521,55417.13757797995,45.99773637492957,WIN,55426.17273360903,-0.016301243949333053
2019-08-19,15.121999740600586,14.369413928985596,3,68.81784699046145,68.81784699046145,55485.95542497041,46.04396108350173,WIN,55485.95542497041,0.0
2019-08-20,15.057332992553711,14.819559745788574,3,72.65691162717556,72.65691162717556,55558.61233659759,46.78020805664111,WIN,55558.61233659759,0.0
2019-08-21,14.722000122070312,14.756186332702637,3,71.7028439352048,61.446980745507574,55620.0593173431,46.49759214371561,LOSS,55620.0593173431,0.0
2019-08-22,14.8100004196167,14.427560119628906,3,69.61439044763908,69.61439044763908,55689.67370779074,46.2767224678406,WIN,55689.67370779074,0.0
2019-08-23,14.09333324432373,14.513800411224365,3,45.302194561039585,-80.83795550915065,55608.835752281586,35.23267003004509,LOSS,55689.67370779074,-0.14515789037177193
2019-08-26,14.333333015441895,13.811466579437255,3,46.67129391223295,46.67129391223295,55655.507046193816,36.90408665513968,WIN,55689.67370779074,-0.061351879661206796
2019-08-27,14.272000312805176,14.046666355133056,3,45.816133362477885,45.816133362477885,55701.3231795563,36.142691441881084,WIN,55701.3231795563,0.0
2019-08-28,14.37266731262207,13.986560306549071,3,43.78837218462524,43.78837218462524,55745.11155174092,35.293781631456085,WIN,55745.11155174092,0.0
2019-08-29,14.780667304992676,14.08521396636963,3,44.365705551251885,44.365705551251885,55789.47725729217,35.41733470123646,WIN,55789.47725729217,0.0
2019-08-30,15.040666580200195,14.485053958892822,3,46.058611609250455,46.058611609250455,55835.535868901425,35.611321115695986,WIN,55835.535868901425,0.0
2019-09-03,15.000666618347168,14.73985324859619,3,47.532503074850254,47.532503074850254,55883.068371976275,35.903192963205896,WIN,55883.068371976275,0.0
2019-09-04,14.711999893188477,14.700653285980223,3,46.300541294730685,46.300541294730685,55929.368913271006,35.41571233969458,WIN,55929.368913271006,0.0
2019-09-05,15.305333137512207,14.417759895324707,3,45.74764047258667,45.74764047258667,55975.116553743595,35.56771353949246,WIN,55975.116553743595,0.0
2019-09-06,15.16333293914795,14.999226474761963,3,50.41984854228039,50.41984854228039,56025.53640228588,36.789525779329026,WIN,56025.53640228588,0.0
2019-09-09,15.452667236328125,14.86006628036499,3,49.205660677281536,49.205660677281536,56074.74206296316,36.463938992035395,WIN,56074.74206296316,0.0
2019-09-10,15.702667236328125,15.143613891601563,3,50.59251257878681,50.59251257878681,56125.33457554194,36.65567996097995,WIN,56125.33457554194,0.0
2019-09-11,16.47333335876465,15.388613891601562,3,50.58759294549547,50.58759294549547,56175.922168487436,36.308830586676144,WIN,56175.922168487436,0.0
2019-09-12,16.391332626342773,16.143866691589356,3,56.117855379620124,56.117855379620124,56232.040023867055,37.53245991737419,WIN,56232.040023867055,0.0
2019-09-13,16.34666633605957,16.063505973815918,3,46.28318486060684,46.28318486060684,56278.32320872766,33.67660790868185,WIN,56278.32320872766,0.0
2019-09-16,16.187332153320312,16.019733009338378,3,45.01249120163884,45.01249120163884,56323.3356999293,33.21347777624714,WIN,56323.3356999293,0.0
2019-09-17,16.319332122802734,15.863585510253905,3,44.68665821225299,44.68665821225299,56368.022358141556,33.25961551791481,WIN,56368.022358141556,0.0
2019-09-18,16.232667922973633,15.992945480346679,3,43.45398534281223,43.45398534281223,56411.47634348437,32.61230757279023,WIN,56411.47634348437,0.0
2019-09-19,16.440000534057617,15.90801456451416,3,43.26533736668053,43.26533736668053,56454.74168085105,32.62946848982564,WIN,56454.74168085105,0.0
2019-09-20,16.041332244873047,16.111200523376464,3,42.211939167737015,21.251455616711837,56475.99313646777,31.98331657049743,LOSS,56475.99313646777,0.0
2019-09-23,16.082000732421875,15.720505599975585,3,43.16353454771885,43.16353454771885,56519.15667101549,32.797770218914984,WIN,56519.15667101549,0.0
2019-09-24,14.880666732788086,15.760360717773438,3,36.121267622044655,-227.7869278735608,56291.36974314193,29.856343554268,LOSS,56519.15667101549,-0.40302605574858996
2019-09-25,15.24666690826416,14.583053398132323,3,46.2951539515754,46.2951539515754,56337.664897093506,35.57795300149975,WIN,56519.15667101549,-0.3211155024453073
2019-09-26,16.17066764831543,14.941733570098876,3,48.20371039784349,48.20371039784349,56385.86860749135,35.911952551764664,WIN,56519.15667101549,-0.23582811806619144
2019-09-27,16.142000198364258,15.84725429534912,3,56.79826251531843,56.79826251531843,56442.666870006666,38.232509749179904,WIN,56519.15667101549,-0.13533429285587306
2019-09-30,16.058000564575195,15.819160194396972,3,55.87853235920486,55.87853235920486,56498.54540236587,37.89689915019217,WIN,56519.15667101549,-0.036467756887444656
2019-10-01,16.312667846679688,15.736840553283692,3,55.43122775860233,55.43122775860233,56553.97663012447,37.83242594968139,WIN,56553.97663012447,0.0
2019-10-02,16.208667755126953,15.986414489746094,3,56.473503347651715,56.473503347651715,56610.45013347212,37.89859128604648,WIN,56610.45013347212,0.0
2019-10-03,15.535332679748535,15.884494400024414,3,55.29794117205922,-49.45057491070434,56560.999558561416,37.565796672103225,LOSS,56610.45013347212,-0.08735237892317349
2019-10-04,15.428667068481445,15.224626026153564,3,54.06423261246778,54.06423261246778,56615.06379117388,38.01857920664319,WIN,56615.06379117388,0.0
2019-10-07,15.847999572753906,15.120093727111817,3,53.61776232746361,53.61776232746361,56668.681553501345,37.98631248321421,WIN,56668.681553501345,0.0
2019-10-08,16.003332138061523,15.531039581298828,3,55.677879795466744,55.677879795466744,56724.35943329681,38.23792078455911,WIN,56724.35943329681,0.0
2019-10-09,16.302000045776367,15.683265495300292,3,55.97040100847833,55.97040100847833,56780.32983430529,38.1332700857963,WIN,56780.32983430529,0.0
2019-10-10,16.31599998474121,15.97596004486084,3,53.31979168009963,53.31979168009963,56833.64962598539,36.633987907493605,WIN,56833.64962598539,0.0
2019-10-11,16.525999069213867,15.989679985046386,3,53.32054586922723,53.32054586922723,56886.97017185461,36.61573061291363,WIN,56886.97017185461,0.0
2019-10-14,17.130666732788086,16.19547908782959,3,54.27849125214577,54.27849125214577,56941.24866310676,36.72446409919287,WIN,56941.24866310676,0.0
2019-10-15,17.19266700744629,16.788053398132323,3,58.30744118018309,58.30744118018309,56999.556104286945,37.513278577188125,WIN,56999.556104286945,0.0
2019-10-16,17.316667556762695,16.848813667297364,3,58.470232567500844,58.470232567500844,57058.02633685445,37.49472033726879,WIN,57058.02633685445,0.0
2019-10-17,17.46466636657715,16.97033420562744,3,58.777857479519994,58.777857479519994,57116.80419433397,37.45114323790254,WIN,57116.80419433397,0.0
2019-10-18,17.1299991607666,17.115373039245604,3,59.16238268371241,59.16238268371241,57175.96657701768,37.40651900609636,WIN,57175.96657701768,0.0
2019-10-21,16.899999618530273,16.78739917755127,3,57.53437654183519,57.53437654183519,57233.500953559516,37.21565376889838,WIN,57233.500953559516,0.0
2019-10-22,17.038667678833008,16.56199962615967,3,57.289747107534815,57.289747107534815,57290.79070066705,37.42225250616617,WIN,57290.79070066705,0.0
2019-10-23,16.978666305541992,16.697894325256346,3,44.079250343211044,44.079250343211044,57334.86995101026,32.111480865838814,WIN,57334.86995101026,0.0
2019-10-24,19.978666305541992,16.63909297943115,3,43.32877182661217,43.32877182661217,57378.198722836874,31.87958771379749,WIN,57378.198722836874,0.0
2019-10-25,21.875333786010742,19.579092979431152,3,101.66213538988106,101.66213538988106,57479.860858226755,48.6574929326979,WIN,57479.860858226755,0.0
2019-10-28,21.847333908081055,21.437827110290527,3,121.19453833902142,121.19453833902142,57601.055396565775,51.64522469017015,WIN,57601.055396565775,0.0
2019-10-29,21.08133316040039,21.410387229919433,3,120.80950080395672,22.093279948244046,57623.14867651402,51.575617931909235,LOSS,57623.14867651402,0.0
2019-10-30,21.000667572021484,20.65970649719238,3,120.16301787497875,120.16301787497875,57743.311694389,52.70177384718166,WIN,57743.311694389,0.0
2019-10-31,20.994667053222656,20.580654220581053,3,119.5674746052251,119.5674746052251,57862.87916899422,52.65901745891566,WIN,57862.87916899422,0.0
2019-11-01,20.887332916259766,20.5747737121582,3,115.31153433043598,115.31153433043598,57978.19070332466,51.32894515095325,WIN,57978.19070332466,0.0
2019-11-04,21.1646671295166,20.46958625793457,3,114.6101573657454,114.6101573657454,58092.800860690404,51.29352480369696,WIN,58092.800860690404,0.0
2019-11-05,21.148000717163086,20.741373786926268,3,115.95292362338296,115.95292362338296,58208.75378431378,51.237588550411644,WIN,58208.75378431378,0.0
2019-11-06,21.77199935913086,20.725040702819825,3,116.19285702081007,116.19285702081007,58324.946641334594,51.34118987305238,WIN,58324.946641334594,0.0
2019-11-07,22.369333267211914,21.33655937194824,3,119.9095664796013,119.9095664796013,58444.8562078142,51.42877343158902,WIN,58444.8562078142,0.0
2019-11-08,22.47599983215332,21.921946601867674,3,123.03487918301927,123.03487918301927,58567.89108699722,51.38012910539902,WIN,58567.89108699722,0.0
2019-11-11,23.006000518798828,22.026479835510255,3,123.81711542041589,123.81711542041589,58691.708202417634,51.437677734269705,WIN,58691.708202417634,0.0
2019-11-12,23.32866668701172,22.54588050842285,3,126.15934248478297,126.15934248478297,58817.867544902416,51.27165068406994,WIN,58817.867544902416,0.0
2019-11-13,23.073999404907227,22.862093353271483,3,127.68684757729964,127.68684757729964,58945.55439247972,51.203059621430405,WIN,58945.55439247972,0.0
2019-11-14,23.290000915527344,22.612519416809082,3,127.31318576440427,127.31318576440427,59072.86757824412,51.49551842325453,WIN,59072.86757824412,0.0
2019-11-15,23.47800064086914,22.824200897216798,3,128.488196242471,128.488196242471,59201.35577448659,51.490747134127446,WIN,59201.35577448659,0.0
2019-11-18,23.332666397094727,23.00844062805176,3,127.60975659948892,127.60975659948892,59328.965531086076,50.95106819275055,WIN,59328.965531086076,0.0
2019-11-19,23.968000411987305,22.86601306915283,3,126.18794478845169,126.18794478845169,59455.153475874526,50.771942507839896,WIN,59455.153475874526,0.0
2019-11-20,23.481332778930664,23.488640403747556,3,129.6302125540889,127.43792510902118,59582.59140098355,50.77366686031829,LOSS,59582.59140098355,0.0
2019-11-21,23.655332565307617,23.01170612335205,3,128.62174881667667,128.62174881667667,59711.21314980022,51.23103123734188,WIN,59711.21314980022,0.0
2019-11-22,22.202667236328125,23.182225914001464,3,73.77345349822993,-220.0941498037717,59491.11899999645,35.62814069257266,LOSS,59711.21314980022,-0.36859768575060053
2019-11-25,22.422666549682617,21.758613891601563,3,58.36795722638754,58.36795722638754,59549.486957222834,32.38834997977206,WIN,59711.21314980022,-0.2708472731439164
2019-11-26,21.92799949645996,21.974213218688963,3,59.16721778995672,45.30310112125619,59594.79005834409,32.453515585776515,LOSS,59711.21314980022,-0.1949769319944159
2019-11-27,22.086000442504883,21.48943950653076,3,55.315083016065145,55.315083016065145,59650.10514136016,31.685283287587136,WIN,59711.21314980022,-0.10233925123369317
2019-11-29,21.996000289916992,21.644280433654785,3,55.65723217459508,55.65723217459508,59705.76237353475,31.66838631325549,WIN,59711.21314980022,-0.009128563929514947
2019-12-02,22.32466697692871,21.556080284118654,3,55.551153542588466,55.551153542588466,59761.31352707734,31.70468896381894,WIN,59761.31352707734,0.0
2019-12-03,22.413333892822266,21.878173637390137,3,56.631527762227655,56.631527762227655,59817.94505483957,31.7788548625774,WIN,59817.94505483957,0.0
2019-12-04,22.20199966430664,21.96506721496582,3,56.524684757724096,56.524684757724096,59874.46973959729,31.680947546713895,WIN,59874.46973959729,0.0
2019-12-05,22.024667739868164,21.757959671020508,3,56.4497102958333,56.4497102958333,59930.919449893125,31.817392271260697,WIN,59930.919449893125,0.0
2019-12-06,22.392667770385742,21.5841743850708,3,53.72619305700637,53.72619305700637,59984.645642950134,31.13487969466353,WIN,59984.645642950134,0.0
2019-12-09,22.635332107543945,21.944814414978026,3,52.99010080530629,52.99010080530629,60037.63574375544,30.65229187034342,WIN,60037.63574375544,0.0
2019-12-10,23.256000518798828,22.182625465393066,3,53.88935648845511,53.88935648845511,60091.525100243896,30.747265702171717,WIN,60091.525100243896,0.0
2019-12-11,23.51333236694336,22.790880508422852,3,56.06925138359263,56.06925138359263,60147.594351627486,30.946991319362546,WIN,60147.594351627486,0.0
2019-12-12,23.978666305541992,23.043065719604492,3,56.42906400536927,56.42906400536927,60204.02341563285,30.87368261380995,WIN,60204.02341563285,0.0
2019-12-13,23.892667770385742,23.49909297943115,3,58.25789117380029,58.25789117380029,60262.28130680665,31.070106859666772,WIN,60262.28130680665,0.0
2019-12-16,25.433332443237305,23.41481441497803,3,57.94387753101467,57.94387753101467,60320.225184337665,31.04101846423626,WIN,60320.225184337665,0.0
2019-12-17,25.266000747680664,24.924665794372558,3,75.17538351394839,75.17538351394839,60395.40056785161,34.5506595464546,WIN,60395.40056785161,0.0
2019-12-18,26.209999084472656,24.76068073272705,3,74.7076757763113,74.7076757763113,60470.108243627925,34.55769861499631,WIN,60470.108243627925,0.0
2019-12-19,26.93600082397461,25.685799102783204,3,79.36656690668487,79.36656690668487,60549.47481053461,35.02901619447747,WIN,60549.47481053461,0.0
2019-12-20,27.03933334350586,26.397280807495118,3,80.82162262021265,80.82162262021265,60630.29643315482,34.84647938340855,WIN,60630.29643315482,0.0
2019-12-23,27.947999954223633,26.49854667663574,3,81.16757737171163,81.16757737171163,60711.464010526535,34.85526247254167,WIN,60711.464010526535,0.0
2019-12-24,28.350000381469727,27.38903995513916,3,66.47734366991816,66.47734366991816,60777.94135419645,30.733014836379834,WIN,60777.94135419645,0.0
2019-12-26,28.729333877563477,27.78300037384033,3,67.44480409528606,67.44480409528606,60845.38615829174,30.73564166300963,WIN,60845.38615829174,0.0
2019-12-27,28.691999435424805,28.154747200012206,3,62.51738010219249,62.51738010219249,60907.90353839393,29.393428078998596,WIN,60907.90353839393,0.0
2019-12-30,27.64666748046875,28.11815944671631,3,63.329458449168925,-78.11813142509871,60829.78540696883,29.59936576553352,LOSS,60907.90353839393,-0.1282561488524361
2019-12-31,27.8886661529541,27.093734130859374,3,70.37241734943676,70.37241734943676,60900.15782431827,31.836379610362716,WIN,60907.90353839393,-0.012717091913669822
2020-01-02,28.68400001525879,27.33089282989502,3,70.97330257354427,70.97330257354427,60971.131126891814,31.832797533654034,WIN,60971.131126891814,0.0
2020-01-03,29.534000396728516,28.11032001495361,3,73.87943053358279,73.87943053358279,61045.0105574254,32.036204860806656,WIN,61045.0105574254,0.0
2020-01-06,30.1026668548584,28.943320388793946,3,74.87085188515644,74.87085188515644,61119.881409310554,31.767932880303086,WIN,61119.881409310554,0.0
2020-01-07,31.270666122436523,29.50061351776123,3,73.91461136914243,73.91461136914243,61193.7960206797,31.241059378529453,WIN,61193.7960206797,0.0
2020-01-08,32.80933380126953,30.64525279998779,3,79.14725989726777,79.14725989726777,61272.94328057697,31.7412460787108,WIN,61272.94328057697,0.0
2020-01-09,32.089332580566406,32.15314712524414,3,87.45361123547286,68.30924783215298,61341.252528409124,32.63069222809335,LOSS,61341.252528409124,0.0
2020-01-10,31.876667022705078,31.447545928955076,3,92.04001842254038,92.04001842254038,61433.29254683167,33.97164726007111,WIN,61433.29254683167,0.0
2020-01-13,34.990665435791016,31.239133682250976,3,93.46906115610535,93.46906115610535,61526.76160798777,34.394741843744086,WIN,61526.76160798777,0.0
2020-01-14,35.861331939697266,34.2908521270752,3,128.37498536567253,128.37498536567253,61655.13659335344,39.26706391611722,WIN,61655.13659335344,0.0
2020-01-15,34.56666564941406,35.14410530090332,3,129.5351982497156,-43.69669719706158,61611.43989615638,38.89188452164124,LOSS,61655.13659335344,-0.07087276034316992
2020-01-16,34.232666015625,33.87533233642578,3,127.90392302372535,127.90392302372535,61739.3438191801,39.474588861311105,WIN,61739.3438191801,0.0
2020-01-17,34.03333282470703,33.5480126953125,3,127.18465641122519,127.18465641122519,61866.52847559133,39.57440586819243,WIN,61866.52847559133,0.0
2020-01-21,36.47999954223633,33.35266616821289,3,126.11305159748383,126.11305159748383,61992.64152718882,39.510071737976446,WIN,61992.64152718882,0.0
2020-01-22,37.97066879272461,35.7503995513916,3,146.2961634219684,146.2961634219684,62138.93769061079,41.52571758733528,WIN,62138.93769061079,0.0
2020-01-23,38.14666748046875,37.21125541687012,3,153.76196782248013,153.76196782248013,62292.69965843327,41.78488033611791,WIN,62292.69965843327,0.0
2020-01-24,37.654666900634766,37.383734130859374,3,154.01976987489587,154.01976987489587,62446.71942830816,41.706003105317976,WIN,62446.71942830816,0.0
2020-01-27,37.201332092285156,36.90157356262207,3,154.85608399072072,154.85608399072072,62601.575512298885,42.20185311464479,WIN,62601.575512298885,0.0
2020-01-28,37.793331146240234,36.45730545043945,3,155.33168515393302,155.33168515393302,62756.90719745282,42.61789608947346,WIN,62756.90719745282,0.0
2020-01-29,38.732666015625,37.03746452331543,3,157.01181171025007,157.01181171025007,62913.919009163066,42.4793326021982,WIN,62913.919009163066,0.0
2020-01-30,42.72066879272461,37.9580126953125,3,151.20377677507543,151.20377677507543,63065.12278593814,40.821072481764595,WIN,63065.12278593814,0.0
2020-01-31,43.371334075927734,41.86625541687012,3,192.8692622632937,192.8692622632937,63257.992048201435,44.86166403275455,WIN,63257.992048201435,0.0
2020-02-03,52.0,42.503907394409175,3,195.8061773641113,195.8061773641113,63453.798225565544,44.86156994667922,WIN,63453.798225565544,0.0
2020-02-04,59.137332916259766,50.96,3,341.38670167103686,341.38670167103686,63795.18492723658,58.424245842603945,WIN,63795.18492723658,0.0
2020-02-05,48.97999954223633,57.95458625793457,3,423.16977265459764,-2269.206242054876,61525.978685181704,62.330591590476196,LOSS,63795.18492723658,-3.5570180486867207
2020-02-06,49.930667877197266,48.0003995513916,3,444.07407636232733,444.07407636232733,61970.05276154403,74.96884344252999,WIN,63795.18492723658,-2.860924641529383
2020-02-07,49.871334075927734,48.93205451965332,3,451.48804098586544,451.48804098586544,62421.5408025299,74.80918777745121,WIN,63795.18492723658,-2.1532097230746055
2020-02-10,51.41866683959961,48.87390739440918,3,447.81979081749216,447.81979081749216,62869.36059334739,74.39382917209488,WIN,63795.18492723658,-1.451244846997727
2020-02-11,51.62533187866211,50.390293502807616,3,459.47584020157973,459.47584020157973,63328.83643354897,74.10590848300667,WIN,63795.18492723658,-0.7310089220989314
2020-02-12,51.15266799926758,50.59282524108887,3,450.3684802556544,450.3684802556544,63779.20491380462,72.70243762786654,WIN,63795.18492723658,-0.02504893347387556
2020-02-13,53.599998474121094,50.129614639282224,3,448.2684247220284,448.2684247220284,64227.47333852665,72.96407200276175,WIN,64227.47333852665,0.0
2020-02-14,53.33533477783203,52.527998504638674,3,463.1919937430299,463.1919937430299,64690.66533226968,72.15908860109059,WIN,64690.66533226968,0.0
2020-02-18,57.22666549682617,52.26862808227539,3,460.1963358448338,460.1963358448338,65150.861668114514,72.07122041983745,WIN,65150.861668114514,0.0
2020-02-19,61.16133117675781,56.082132186889645,3,496.4365263296877,496.4365263296877,65647.2981944442,72.37917712809804,WIN,65647.2981944442,0.0
2020-02-20,59.96066665649414,59.93810455322266,3,529.8720436381445,529.8720436381445,66177.17023808234,72.30375823984846,WIN,66177.17023808234,0.0
2020-02-21,60.06666564941406,58.76145332336426,3,524.6818357071281,524.6818357071281,66701.85207378947,72.87867831200813,WIN,66701.85207378947,0.0
2020-02-24,55.58599853515625,58.86533233642578,3,525.9424764164945,-457.8576639643645,66243.99440982511,72.91535877175295,LOSS,66701.85207378947,-0.6864242142149953
2020-02-25,53.32733154296875,54.47427856445312,3,506.39959514129765,162.31548869598595,66406.3098985211,75.2583127080232,LOSS,66701.85207378947,-0.4430794139590457
2020-02-26,51.91999816894531,52.26078491210937,3,491.8745828483733,389.6385598991554,66795.94845842026,76.00895098237947,LOSS,66795.94845842026,0.0
2020-02-27,45.266666412353516,50.881598205566405,3,483.4084615084806,-1201.071076455386,65594.87738196488,76.58410130591884,LOSS,66795.94845842026,-1.7981196527256949
2020-02-28,44.53266525268555,44.36133308410644,3,457.5004169356947,457.5004169356947,66052.37779890058,80.0,WIN,66795.94845842026,-1.1131972472590117
2020-03-02,49.574668884277344,43.642011947631836,3,435.8618586206809,435.8618586206809,66488.23965752126,79.73798936945352,WIN,66795.94845842026,-0.46066985797879817
2020-03-03,49.70066833496094,48.58317550659179,3,506.03460687298326,506.03460687298326,66994.27426439425,80.0,WIN,66994.27426439425,0.0
2020-03-04,49.96666717529297,48.70665496826172,3,432.57829917234284,432.57829917234284,67426.85256356659,72.56937685726476,WIN,67426.85256356659,0.0
2020-03-05,48.30266571044922,48.96733383178711,3,389.93066267785184,190.5302262764849,67617.38278984308,66.61738916790992,LOSS,67617.38278984308,0.0
2020-03-06,46.89866638183594,47.336612396240234,3,305.39599021684154,174.01218589555256,67791.39497573863,56.819733425979635,LOSS,67791.39497573863,0.0
2020-03-09,40.53333282470703,45.96069305419922,3,297.6756069510666,-1330.5324618965897,66460.86251384203,56.98283704650094,LOSS,67791.39497573863,-1.962686359194661
2020-03-10,43.02199935913086,39.72266616821289,3,295.6343101253231,295.6343101253231,66756.49682396736,63.24269367340155,WIN,67791.39497573863,-1.526592205606094
2020-03-11,42.28200149536133,42.16155937194824,3,321.02970171952376,321.02970171952376,67077.52652568689,64.35642037024704,WIN,67791.39497573863,-1.0530369677556013
2020-03-12,37.369998931884766,41.4363614654541,3,315.42245476091955,-904.4863053098803,66173.040220377,64.3430622787848,LOSS,67791.39497573863,-2.3872569017657828
2020-03-13,36.44133377075195,36.62259895324707,3,299.13527053100927,244.75571578247403,66417.79593615948,67.94605009459939,LOSS,67791.39497573863,-2.026214448117984
2020-03-16,29.67133331298828,35.71250709533691,3,284.9202252321046,-1527.4319094724842,64890.364026687,66.7151803635194,LOSS,67791.39497573863,-4.2793498350194135
2020-03-17,28.68000030517578,29.077906646728515,3,267.63219599221395,148.2602935263939,65038.62432021339,74.66097191860419,LOSS,67791.39497573863,-4.060649078707417
2020-03-18,24.08133316040039,28.106400299072266,3,245.9390077339959,-961.5811338675668,64077.04318634582,71.7201399259326,LOSS,67791.39497573863,-5.47909036349246
2020-03-19,28.50933265686035,23.599706497192383,3,210.6856923210205,210.6856923210205,64287.72887866684,72.86867601640112,WIN,67791.39497573863,-5.168305060436781
2020-03-20,28.50200080871582,27.939146003723145,3,303.7656058860994,303.7656058860994,64591.494484552946,80.0,WIN,67791.39497573863,-4.720216322928407
2020-03-23,28.952667236328125,27.931960792541503,3,303.54996645253846,303.54996645253846,64895.04445100549,80.0,WIN,67791.39497573863,-4.272445678053527
2020-03-24,33.66666793823242,28.37361389160156,3,308.5606274270884,308.5606274270884,65203.60507843258,80.0,WIN,67791.39497573863,-3.81728373967253
2020-03-25,35.95000076293945,32.99333457946777,3,397.73508772122744,397.73508772122744,65601.34016615381,80.0,WIN,67791.39497573863,-3.2305793535722396
2020-03-26,35.21066665649414,35.23100074768066,3,432.5580760892085,426.4578487332526,66027.79801488706,80.0,LOSS,67791.39497573863,-2.6015056357561814
2020-03-27,34.29066848754883,34.506453323364255,3,408.1895359538267,343.45408520919864,66371.25210009626,80.0,LOSS,67791.39497573863,-2.09487188772353
2020-03-30,33.47533416748047,33.604855117797854,3,397.81125910033506,358.95497400511954,66730.20707410137,80.0,LOSS,67791.39497573863,-1.5653725698033445
2020-03-31,34.93333435058594,32.80582748413086,3,370.9936216622913,370.9936216622913,67101.20069576366,80.0,WIN,67791.39497573863,-1.0181148805419558
2020-04-01,32.104000091552734,34.23466766357422,3,390.7963901269162,-248.4038814795299,66852.79681428413,80.0,LOSS,67791.39497573863,-1.3845387925567985
2020-04-02,30.29800033569336,31.46192008972168,3,363.3205536565706,14.144627448074402,66866.9414417322,80.0,LOSS,67791.39497573863,-1.3636738620547315
2020-04-03,32.000667572021484,29.69204032897949,3,344.1181924286701,344.1181924286701,67211.05963416086,80.0,WIN,67791.39497573863,-0.8560604805159407
2020-04-06,34.41600036621094,31.360654220581054,3,368.91354383642334,368.91354383642334,67579.97317799728,80.0,WIN,67791.39497573863,-0.3118711420778614
2020-04-07,36.36333465576172,33.727680358886715,3,386.63950179852026,386.63950179852026,67966.6126797958,80.0,WIN,67966.6126797958,0.0
2020-04-08,36.589332580566406,35.636067962646486,3,407.77088966465857,407.77088966465857,68374.38356946046,80.0,WIN,68374.38356946046,0.0
2020-04-09,38.20000076293945,35.857545928955076,3,410.19523571447706,410.19523571447706,68784.57880517494,80.0,WIN,68784.57880517494,0.0
2020-04-13,43.39666748046875,37.436000747680666,3,412.6306918821319,412.6306918821319,69197.20949705708,80.0,WIN,69197.20949705708,0.0
2020-04-14,47.32600021362305,42.52873413085938,3,491.0489498617836,491.0489498617836,69688.25844691886,80.0,WIN,69688.25844691886,0.0
2020-04-15,48.65533447265625,46.37948020935058,3,472.63458971624556,472.63458971624556,70160.8930366351,80.0,WIN,70160.8930366351,0.0
2020-04-16,49.680667877197266,47.682227783203125,3,478.80530671004755,478.80530671004755,70639.69834334514,80.0,WIN,70639.69834334514,0.0
2020-04-17,50.259334564208984,48.68705451965332,3,410.3154316923466,410.3154316923466,71050.01377503749,69.62852240802559,WIN,71050.01377503749,0.0
2020-04-20,49.75733184814453,49.254147872924804,3,361.5500412885008,361.5500412885008,71411.56381632599,62.5817827697478,WIN,71411.56381632599,0.0
2020-04-21,45.781333923339844,48.76218521118164,3,359.7337590290749,-534.5216273234635,70877.04218900252,62.82039295686531,LOSS,71411.56381632599,-0.748508503046208
2020-04-22,48.807334899902344,44.86570724487304,3,357.30476080580814,357.30476080580814,71234.34694980833,66.62254232994519,WIN,71411.56381632599,-0.24816270229492265
2020-04-23,47.04199981689453,47.8311882019043,3,336.24009032403194,99.48357482110225,71333.83052462943,60.56731389000015,LOSS,71411.56381632599,-0.10885252687714159
2020-04-24,48.34333419799805,46.10115982055664,3,325.07862207763196,325.07862207763196,71658.90914670707,60.707941515492266,WIN,71658.90914670707,0.0
2020-04-27,53.25,47.37646751403808,3,330.796372937977,330.796372937977,71989.70551964504,60.25985598198082,WIN,71989.70551964504,0.0
2020-04-28,51.27466583251953,52.185,3,376.94600367697814,103.84575343283683,72093.55127307787,61.82184898727337,LOSS,72093.55127307787,0.0
2020-04-29,53.367332458496094,50.24917251586914,3,366.8887564334839,366.8887564334839,72460.44002951136,62.32826594713318,WIN,72460.44002951136,0.0
2020-04-30,52.12533187866211,52.299985809326174,3,381.567394373297,329.17121517407776,72789.61124468544,62.29168516656542,LOSS,72789.61124468544,0.0
2020-05-01,46.75466537475586,51.08282524108887,3,347.38180475646357,-951.0661551434395,71838.54508954199,59.080576192486156,LOSS,72789.61124468544,-1.3065960085243424
2020-05-04,50.74599838256836,45.819572067260744,3,336.56558415414077,336.56558415414077,72175.11067369614,62.613902719525534,WIN,72789.61124468544,-0.8442146626166621
2020-05-05,51.2140007019043,49.73107841491699,3,372.4630190842182,372.4630190842182,72547.57369278035,63.54789305927094,WIN,72789.61124468544,-0.3325166157179587
2020-05-06,52.172000885009766,50.18972068786621,3,369.2081400915766,369.2081400915766,72916.78183287193,62.683880741359744,WIN,72916.78183287193,0.0
2020-05-07,52.00266647338867,51.12856086730957,3,372.60363711291416,372.60363711291416,73289.38546998485,62.23877485414669,WIN,73289.38546998485,0.0
2020-05-08,54.62799835205078,50.9626131439209,3,372.3409387044101,372.3409387044101,73661.72640868925,62.359183362469,WIN,73661.72640868925,0.0
2020-05-11,54.08599853515625,53.53543838500976,3,392.1719969982456,392.1719969982456,74053.8984056875,62.48433067848142,WIN,74053.8984056875,0.0
2020-05-12,53.96066665649414,53.004278564453124,3,346.923359036889,346.923359036889,74400.82176472439,57.426550164094564,WIN,74400.82176472439,0.0
2020-05-13,52.73066711425781,52.881453323364255,3,325.3626062308376,280.1267434989049,74680.94850822329,54.88222326303628,LOSS,74680.94850822329,0.0
2020-05-14,53.55533218383789,51.676053771972654,3,319.24734590345514,319.24734590345514,75000.19585412674,55.04543893536163,WIN,75000.19585412674,0.0
2020-05-15,53.27799987792969,52.484225540161134,3,323.75699777656024,323.75699777656024,75323.9528519033,54.98577108966993,WIN,75323.9528519033,0.0
2020-05-18,54.242000579833984,52.21243988037109,3,322.2281150978172,322.2281150978172,75646.18096700113,55.00410394230484,WIN,75646.18096700113,0.0
2020-05-19,53.867332458496094,53.1571605682373,3,327.910002851121,327.910002851121,75974.09096985224,54.98600303641318,WIN,75974.09096985224,0.0
2020-05-20,54.37066650390625,52.78998580932617,3,299.5747219601824,299.5747219601824,76273.66569181242,51.78482752040155,WIN,76273.66569181242,0.0
2020-05-21,55.17333221435547,53.28325317382812,3,289.5026594661131,289.5026594661131,76563.16835127854,50.2189926154448,WIN,76563.16835127854,0.0
2020-05-22,54.45866775512695,54.06986557006836,3,286.3545455290607,286.3545455290607,76849.5228968076,49.32921684516693,WIN,76849.5228968076,0.0
2020-05-26,54.591331481933594,53.369494400024415,3,282.8135423354437,282.8135423354437,77132.33643914304,49.349642181174076,WIN,77132.33643914304,0.0
2020-05-27,54.68199920654297,53.49950485229492,3,243.06587957261365,243.06587957261365,77375.40231871566,44.450274068106154,WIN,77375.40231871566,0.0
2020-05-28,53.72066879272461,53.58835922241211,3,235.92364701378267,235.92364701378267,77611.32596572944,43.53751268494071,WIN,77611.32596572944,0.0
2020-05-29,55.66666793823242,52.64625541687012,3,226.63237640612078,226.63237640612078,77837.95834213556,42.904199653569066,WIN,77837.95834213556,0.0
2020-06-01,59.87333297729492,54.55333457946777,3,237.24706939264217,237.24706939264217,78075.20541152821,43.18997292905628,WIN,78075.20541152821,0.0
2020-06-02,58.770668029785156,58.67586631774902,3,208.97027569769043,208.97027569769043,78284.1756872259,38.0855438225878,WIN,78284.1756872259,0.0
2020-06-03,58.86399841308594,57.59525466918945,3,171.60249911152346,171.60249911152346,78455.77818633743,34.31310091524635,WIN,78455.77818633743,0.0
2020-06-04,57.62533187866211,57.686718444824216,3,172.11342132293566,153.6974514743038,78609.47563781173,34.33989035714812,LOSS,78609.47563781173,0.0
2020-06-05,59.04399871826172,56.47282524108886,3,172.84929207023794,172.84929207023794,78782.32492988197,34.8400697315878,WIN,78782.32492988197,0.0
2020-06-08,63.327999114990234,57.863118743896486,3,179.05505197544034,179.05505197544034,78961.37998185742,35.05856432493952,WIN,78961.37998185742,0.0
2020-06-09,62.711334228515625,62.06143913269043,3,210.16148176890857,210.16148176890857,79171.54146362633,36.95059940689603,WIN,79171.54146362633,0.0
2020-06-10,68.336669921875,61.45710754394531,3,208.0686089046092,208.0686089046092,79379.61007253094,36.94570573139062,WIN,79379.61007253094,0.0
2020-06-11,64.85600280761719,66.9699365234375,3,270.74449890176555,-363.4356158443272,79016.17445668661,41.205645290873775,LOSS,79379.61007253094,-0.45784505052651026
2020-06-12,62.35200119018555,63.55888275146484,3,273.37584615294026,-88.68862223084858,78927.48583445576,42.880399348616095,LOSS,79379.61007253094,-0.5695722587476344
2020-06-15,66.05999755859375,61.104961166381834,3,275.3553341094743,275.3553341094743,79202.84116856524,44.210038263512956,WIN,79379.61007253094,-0.22268804772936054
2020-06-16,65.47533416748047,64.73879760742187,3,304.12395357342893,304.12395357342893,79506.96512213867,45.45096800750528,WIN,79506.96512213867,0.0
2020-06-17,66.11933135986328,64.16582748413086,3,303.2267403860956,303.2267403860956,79810.19186252476,45.632243276308984,WIN,79810.19186252476,0.0
2020-06-18,66.9306640625,64.79694473266602,3,304.5562153932802,304.5562153932802,80114.74807791805,45.46688425296059,WIN,80114.74807791805,0.0
2020-06-19,66.72666931152344,65.59205078125,3,308.2853515110392,308.2853515110392,80423.03342942908,45.466094441431494,WIN,80423.03342942908,0.0
2020-06-22,66.28800201416016,65.39213592529296,3,308.2879735013498,308.2879735013498,80731.32140293044,45.55949437055828,WIN,80731.32140293044,0.0
2020-06-23,66.78533172607422,64.96224197387696,3,304.8595918734252,304.8595918734252,81036.18099480386,45.41963252706847,WIN,81036.18099480386,0.0
2020-06-24,64.0566635131836,65.44962509155273,3,306.8280190517742,-111.06045445896746,80925.12054034488,45.388058750954926,LOSS,81036.18099480386,-0.13705045461865312
2020-06-25,65.73200225830078,62.77553024291992,3,307.1938751182856,307.1938751182856,81232.31441546317,46.720298610227374,WIN,81232.31441546317,0.0
2020-06-26,63.982666015625,64.41736221313477,3,312.7236840323692,182.3148247794395,81414.62924024262,46.46827529223427,LOSS,81414.62924024262,0.0
2020-06-29,67.29000091552734,62.7030126953125,3,307.2662535976542,307.2662535976542,81721.89549384027,46.76446621899791,WIN,81721.89549384027,0.0
2020-06-30,71.98733520507812,65.9442008972168,3,308.49051013151853,308.49051013151853,82030.3860039718,45.32356815747612,WIN,82030.3860039718,0.0
2020-07-01,74.64199829101562,70.54758850097656,3,347.37061560214084,347.37061560214084,82377.75661957393,46.9172900009586,WIN,82377.75661957393,0.0
2020-07-02,80.57733154296875,73.14915832519532,3,363.23059617903397,363.23059617903397,82740.98721575298,47.18757027084864,WIN,82740.98721575298,0.0
2020-07-06,91.43866729736328,78.96578491210937,3,409.41517554856017,409.41517554856017,83150.40239130154,48.60780000823521,WIN,83150.40239130154,0.0
2020-07-07,92.65733337402344,89.60989395141601,3,546.3833761523032,546.3833761523032,83696.78576745384,54.52361119551604,WIN,83696.78576745384,0.0
2020-07-08,91.05867004394531,90.80418670654296,3,538.7246474735025,538.7246474735025,84235.51041492734,53.45705975052972,WIN,84235.51041492734,0.0
2020-07-09,92.9520034790039,89.23749664306641,3,532.4182990452325,532.4182990452325,84767.92871397258,53.67414305672058,WIN,84767.92871397258,0.0
2020-07-10,102.97666931152344,91.09296340942383,3,511.7953190468045,511.7953190468045,85279.72403301939,51.41887978968267,WIN,85279.72403301939,0.0
2020-07-13,99.80400085449219,100.91713592529297,3,584.768180334164,250.82765909392992,85530.55169211332,52.56072103836333,LOSS,85530.55169211332,0.0
2020-07-14,101.12000274658203,97.80792083740234,3,560.5566198732314,560.5566198732314,86091.10831198655,52.15014927402038,WIN,86091.10831198655,0.0
2020-07-15,103.06732940673828,99.0976026916504,3,559.8763143228846,559.8763143228846,86650.98462630944,51.622168028566726,WIN,86650.98462630944,0.0
2020-07-16,100.04266357421875,101.00598281860351,3,563.4833610053944,274.4875876899654,86925.4722139994,51.161721898793004,LOSS,86925.4722139994,0.0
2020-07-17,100.05599975585938,98.04181030273438,3,564.4163047485517,564.4163047485517,87489.88851874795,52.31670881510647,WIN,87489.88851874795,0.0
2020-07-20,109.53333282470703,98.05487976074218,3,567.0017196557494,567.0017196557494,88056.89023840369,52.48264838729041,WIN,88056.89023840369,0.0
2020-07-21,104.55733489990234,107.34266616821289,3,651.5549254782707,-184.04445501489226,87872.8457833888,54.345381306746,LOSS,88056.89023840369,-0.209006307759243
2020-07-22,106.15533447265625,102.4661882019043,3,647.9342417498825,647.9342417498825,88520.78002513868,55.98882376914415,WIN,88520.78002513868,0.0
2020-07-23,100.87133026123047,104.03222778320313,3,656.5156368640535,-291.75361972774374,88229.02640541094,55.906496022931584,LOSS,88520.78002513868,-0.3295877190021177
2020-07-24,94.46666717529297,98.85390365600585,3,631.4797531182032,-684.6911910956626,87544.33521431527,56.40766212749581,LOSS,88520.78002513868,-1.1030684665748647
2020-07-27,102.63999938964844,92.5773338317871,3,631.6754698578923,631.6754698578923,88176.01068417316,59.228727775551384,WIN,88520.78002513868,-0.38947842627189766
2020-07-28,98.43267059326172,100.58719940185547,3,695.9995946069956,49.64095202886972,88225.65163620203,59.85195466879546,LOSS,88520.78002513868,-0.333400122381246
2020-07-29,99.94066619873047,96.46401718139649,3,685.2952490218383,685.2952490218383,88910.94688522388,61.04977170278011,WIN,88910.94688522388,0.0
2020-07-30,99.16600036621094,97.94185287475585,3,681.9159525550208,681.9159525550208,89592.8628377789,60.13127874094617,WIN,89592.8628377789,0.0
2020-07-31,95.38400268554688,97.18268035888671,3,677.7822222488254,138.17892024687387,89731.04175802578,60.20811559679777,LOSS,89731.04175802578,0.0
2020-08-03,99.0,93.47632263183594,3,642.104374944145,642.104374944145,90373.14613296992,59.52655697018154,WIN,90373.14613296992,0.0
2020-08-04,99.13333129882812,97.02,3,575.0120687216557,575.0120687216557,90948.15820169158,53.41764986611825,WIN,90948.15820169158,0.0
2020-08-05,99.00133514404297,97.15066467285156,3,575.387855963088,575.387855963088,91523.54605765466,53.391052594007284,WIN,91523.54605765466,0.0
2020-08-06,99.30533599853516,97.0213084411621,3,571.7003724400544,571.7003724400544,92095.24643009472,53.1958740182304,WIN,92095.24643009472,0.0
2020-08-07,96.84733581542969,97.31922927856445,3,571.8108313060266,430.2427923655979,92525.48922246031,53.08630325341152,LOSS,92525.48922246031,0.0
2020-08-10,94.57133483886719,94.91038909912109,3,484.4139816088832,382.69770353271235,92908.18692599302,48.084000611597894,LOSS,92908.18692599302,0.0
2020-08-11,91.6259994506836,92.67990814208984,3,470.39533629681125,154.22272887493642,93062.40965486797,47.89974387710738,LOSS,93062.40965486797,0.0
2020-08-12,103.65066528320312,89.79347946166992,3,459.4331499571482,459.4331499571482,93521.84280482511,48.16596452243639,WIN,93521.84280482511,0.0
2020-08-13,108.06666564941406,101.57765197753906,3,640.0887529098826,640.0887529098826,94161.93155773499,55.84671460095923,WIN,94161.93155773499,0.0
2020-08-14,110.04733276367188,105.90533233642579,3,670.5353044069607,670.5353044069607,94832.46686214196,56.04109371027469,WIN,94832.46686214196,0.0
2020-08-17,122.3759994506836,107.84638610839843,3,683.7254037546107,683.7254037546107,95516.19226589656,56.09521189570104,WIN,95516.19226589656,0.0
2020-08-18,125.80599975585938,119.92847946166992,3,784.9743607794438,784.9743607794438,96301.166626676,57.427578804397264,WIN,96301.166626676,0.0
2020-08-19,125.23533630371094,123.28987976074218,3,787.7431363857777,787.7431363857777,97088.90976306178,56.416395877767634,WIN,97088.90976306178,0.0
2020-08-20,133.45533752441406,122.73062957763672,3,785.5719141710722,785.5719141710722,97874.48167723285,56.49044477377362,WIN,97874.48167723285,0.0
2020-08-21,136.6653289794922,130.78623077392578,3,828.7093570555137,828.7093570555137,98703.19103428836,56.072895782831026,WIN,98703.19103428836,0.0
2020-08-24,134.27999877929688,133.93202239990234,3,792.4150130972758,792.4150130972758,99495.60604738563,53.35158989234177,WIN,99495.60604738563,0.0
2020-08-25,134.8893280029297,131.59439880371093,3,746.0864638965174,746.0864638965174,100241.69251128215,51.75080536875343,WIN,100241.69251128215,0.0
2020-08-26,143.54466247558594,132.19154144287108,3,720.5461413386772,720.5461413386772,100962.23865262083,50.33240780337959,WIN,100962.23865262083,0.0
2020-08-27,149.25,140.67376922607423,3,788.1183948498765,788.1183948498765,101750.35704747071,51.315618436924225,WIN,101750.35704747071,0.0
2020-08-28,147.55999755859375,146.265,3,815.1189988943721,815.1189988943721,102565.47604636507,51.12398927970588,WIN,102565.47604636507,0.0
2020-08-31,166.10667419433594,144.60879760742188,3,779.6588531749846,779.6588531749846,103345.13489954006,49.948215422539086,WIN,103345.13489954006,0.0
2020-09-01,158.35000610351562,162.78454071044922,3,989.1053024886771,-341.2550795914017,103003.87981994866,54.386235735758135,LOSS,103345.13489954006,-0.3302091384593259
2020-09-02,149.1233367919922,155.18300598144532,3,989.0377540722524,-828.8630027636872,102175.01681718498,56.3127223502984,LOSS,103345.13489954006,-1.1322430257530098
2020-09-03,135.6666717529297,146.14087005615235,3,984.7877082490103,-2157.471782717789,100017.54503446718,58.68034249821095,LOSS,103345.13489954006,-3.2198805181371797
2020-09-04,139.44000244140625,132.9533383178711,3,983.6266887187044,983.6266887187044,101001.1717231859,62.956354490936995,WIN,103345.13489954006,-2.2680924250887022
2020-09-08,110.06999969482422,136.6512023925781,3,997.7262671598689,-6976.6345421663,94024.5371810196,62.327444298687524,LOSS,103345.13489954006,-9.018903238726093
2020-09-09,122.09333038330078,107.86859970092773,3,1036.9872909533324,1036.9872909533324,95061.52447197292,77.31512883174172,WIN,103345.13489954006,-8.015481750175745
2020-09-10,123.77999877929688,119.65146377563477,3,1184.0363266733573,1184.0363266733573,96245.56079864629,79.14489746920287,WIN,103345.13489954006,-6.869770993859696
2020-09-11,124.23999786376953,121.30439880371094,3,1132.8825496349139,1132.8825496349139,97378.4433482812,75.53735499551672,WIN,103345.13489954006,-5.773558239639411
2020-09-14,139.8733367919922,121.75519790649413,3,1132.1585252031841,1132.1585252031841,98510.60187348438,75.27466906579023,WIN,103345.13489954006,-4.678046074210695
2020-09-15,149.9199981689453,137.07587005615235,3,1346.9891624053105,1346.9891624053105,99857.5910358897,78.69688505614592,WIN,103345.13489954006,-3.3746570334835266
2020-09-16,147.25332641601562,146.9215982055664,3,1406.4102987275428,1406.4102987275428,101264.00133461723,77.0499589314282,WIN,103345.13489954006,-2.0137702340278136
2020-09-17,141.14332580566406,144.3082598876953,3,1385.1940939213641,435.7138693119929,101699.71520392923,77.22065027783263,LOSS,103345.13489954006,-1.5921598024041657
2020-09-18,147.38333129882812,138.32045928955077,3,1341.5347371791331,1341.5347371791331,103041.24994110836,77.8681389904578,WIN,103345.13489954006,-0.2940486349232674
2020-09-21,149.79666137695312,144.43566467285157,3,1389.1244822122649,1389.1244822122649,104430.37442332062,77.34215714315047,WIN,104430.37442332062,0.0
2020-09-22,141.41000366210938,146.80072814941406,3,1410.7263331337767,-206.49101305762747,104223.88341026299,77.29162604715239,LOSS,104430.37442332062,-0.19773079834090848
2020-09-23,126.78666687011719,138.5818035888672,3,1350.646067068911,-2187.894948556089,102035.9884617069,78.17575684515222,LOSS,104430.37442332062,-2.2928060680006745
2020-09-24,129.26333618164062,124.25093353271484,3,1266.6715418039137,1266.6715418039137,103302.66000351081,80.0,WIN,104430.37442332062,-1.0798720449267847
2020-09-25,135.77999877929688,126.67806945800781,3,1272.6176411444396,1272.6176411444396,104575.27764465526,80.0,WIN,104575.27764465526,0.0
2020-09-28,140.39999389648438,133.06439880371093,3,1341.9741053262503,1341.9741053262503,105917.25174998151,80.0,WIN,105917.25174998151,0.0
2020-09-29,139.69000244140625,137.5919940185547,3,1393.280924796758,1393.280924796758,107310.53267477827,80.0,WIN,107310.53267477827,0.0
2020-09-30,143.00332641601562,136.89620239257812,3,1295.8503305010738,1295.8503305010738,108606.38300527933,76.359038781333,WIN,108606.38300527933,0.0
2020-10-01,149.3866729736328,140.1432598876953,3,1320.3106466119157,1320.3106466119157,109926.69365189126,76.06874769688558,WIN,109926.69365189126,0.0
2020-10-02,138.3633270263672,146.39893951416016,3,1370.0418429328186,-1040.641903405074,108886.05174848618,75.66120106297296,LOSS,109926.69365189126,-0.9466689744171832
2020-10-05,141.89332580566406,135.59606048583984,3,1252.7713725021358,1252.7713725021358,110138.82312098831,74.88800595677495,WIN,110138.82312098831,0.0
2020-10-06,137.9933319091797,139.05545928955078,3,1284.1076197617729,965.4694056504444,111104.29252663875,74.85886579305767,LOSS,111104.29252663875,0.0
2020-10-07,141.76666259765625,135.23346527099608,3,941.3969307010523,941.3969307010523,112045.6894573398,60.123596357426635,WIN,112045.6894573398,0.0
2020-10-08,141.97332763671875,138.93132934570312,3,889.9735971930908,889.9735971930908,112935.6630545329,56.5233167029746,WIN,112935.6630545329,0.0
2020-10-09,144.6666717529297,139.13386108398439,3,891.451506331236,891.451506331236,113827.11456086414,56.53172696038812,WIN,113827.11456086414,0.0
2020-10-12,147.43333435058594,141.7733383178711,3,909.1038977792739,909.1038977792739,114736.21845864342,56.56560042991958,WIN,114736.21845864342,0.0
2020-10-13,148.88333129882812,144.4846676635742,3,790.9649669606849,790.9649669606849,115527.1834256041,50.48547225700854,WIN,115527.1834256041,0.0
2020-10-14,153.76666259765625,145.90566467285157,3,746.4789685106414,746.4789685106414,116273.66239411474,48.16351287262468,WIN,116273.66239411474,0.0
2020-10-15,149.6266632080078,150.6913293457031,3,777.6762696077913,458.27642829920194,116731.93882241394,48.45227722218241,LOSS,116731.93882241394,0.0
2020-10-16,146.55667114257812,146.63412994384765,3,744.3506565321461,721.1130161512874,117453.05183856522,47.90467559705488,LOSS,117453.05183856522,0.0
2020-10-19,143.61000061035156,143.62553771972657,3,714.92309060414,710.261957791639,118163.31379635686,47.26582402441599,LOSS,118163.31379635686,0.0
2020-10-20,140.64666748046875,140.73780059814453,3,701.7545590075348,674.4146237048004,118837.72842006166,47.32135708949207,LOSS,118837.72842006166,0.0
2020-10-21,140.8800048828125,137.83373413085937,3,657.3974686610361,657.3974686610361,119495.12588872269,45.91630690151284,WIN,119495.12588872269,0.0
2020-10-22,141.92999267578125,138.06240478515625,3,512.8299191111189,512.8299191111189,120007.9558078338,39.0775905702521,WIN,120007.9558078338,0.0
2020-10-23,140.2100067138672,139.09139282226562,3,513.7631372910737,513.7631372910737,120521.71894512487,38.94295716567846,WIN,120521.71894512487,0.0
2020-10-26,140.0933380126953,137.40580657958984,3,478.06428959223354,478.06428959223354,120999.7832347171,37.55258470144409,WIN,120999.7832347171,0.0
2020-10-27,141.55999755859375,137.2914712524414,3,460.56496133040804,460.56496133040804,121460.34819604752,36.74515161741515,WIN,121460.34819604752,0.0
2020-10-28,135.33999633789062,138.72879760742188,3,466.43211850540115,-550.2082623539759,120910.13993369354,36.79399919365466,LOSS,121460.34819604752,-0.4529941421424971
2020-10-29,136.94332885742188,132.63319641113281,3,465.41034627983674,465.41034627983674,121375.55027997338,37.74567879362658,WIN,121460.34819604752,-0.06981530790383272
2020-10-30,129.34666442871094,134.20446228027345,3,438.73155079415176,-1018.607804674601,120356.94247529878,36.19078354170075,LOSS,121460.34819604752,-0.9084493311082416
2020-11-02,133.50332641601562,126.75973114013672,3,378.60391343975215,378.60391343975215,120735.54638873854,34.36060363020587,WIN,121460.34819604752,-0.5967394446614661
2020-11-03,141.3000030517578,130.8332598876953,3,397.9704817361879,397.9704817361879,121133.51687047473,34.71731626628989,WIN,121460.34819604752,-0.2690847922198036
2020-11-04,140.32666015625,138.47400299072265,3,468.14115608412556,468.14115608412556,121601.65802655886,36.9141021005353,WIN,121601.65802655886,0.0
2020-11-05,146.02999877929688,137.520126953125,3,454.3162898249053,454.3162898249053,122055.97431638376,36.41446105294318,WIN,122055.97431638376,0.0
2020-11-06,143.31666564941406,143.10939880371095,3,499.1515009251936,499.1515009251936,122555.12581730894,37.60889455988818,WIN,122555.12581730894,0.0
2020-11-09,140.4199981689453,140.4503323364258,3,490.66549415046546,481.5652439063228,123036.69106121527,37.64528812054553,LOSS,123036.69106121527,0.0
2020-11-10,136.7866668701172,137.6115982055664,3,480.10946535124344,232.63006471648123,123269.32112593175,37.61519484353075,LOSS,123269.32112593175,0.0
2020-11-11,139.0433349609375,134.05093353271485,3,473.15300193829796,473.15300193829796,123742.47412787004,37.879517497145045,WIN,123742.47412787004,0.0
2020-11-12,137.25332641601562,136.26246826171874,3,466.3898884380048,466.3898884380048,124208.86401630804,37.186458256858955,WIN,124208.86401630804,0.0
2020-11-13,136.1666717529297,134.50825988769532,3,453.5372867916657,453.5372867916657,124662.4013030997,36.85642604224907,WIN,124662.4013030997,0.0
2020-11-16,136.02999877929688,133.44333831787108,3,445.7615078484953,445.7615078484953,125108.1628109482,36.653134328498226,WIN,125108.1628109482,0.0
2020-11-17,147.20333862304688,133.30939880371093,3,440.6482872555242,440.6482872555242,125548.81109820372,36.426262482296394,WIN,125548.81109820372,0.0
2020-11-18,162.2133331298828,144.25927185058595,3,574.8800261531771,574.8800261531771,126123.69112435689,40.83143828677879,WIN,126123.69112435689,0.0
2020-11-19,166.42333984375,158.96906646728516,3,766.4702303519638,766.4702303519638,126890.16135470885,46.25343610352259,WIN,126890.16135470885,0.0
2020-11-20,163.20333862304688,163.094873046875,3,790.5242620589233,790.5242620589233,127680.68561676778,46.41882930504882,WIN,127680.68561676778,0.0
2020-11-23,173.9499969482422,159.93927185058592,3,779.7846166390023,779.7846166390023,128460.47023340678,46.603461504330014,WIN,128460.47023340678,0.0
2020-11-24,185.1266632080078,170.47099700927734,3,871.5210617972384,871.5210617972384,129331.99129520402,48.139235877028106,WIN,129331.99129520402,0.0
2020-11-25,191.3333282470703,181.42412994384765,3,963.461277286352,963.461277286352,130295.45257249037,49.42344410805093,WIN,130295.45257249037,0.0
2020-11-27,195.25332641601562,187.5066616821289,3,948.1723187150229,948.1723187150229,131243.6248912054,47.77824331937628,WIN,131243.6248912054,0.0
2020-11-30,189.1999969482422,191.34825988769532,3,967.004417178357,322.52553534241713,131566.15042654783,47.75812570670026,LOSS,131566.15042654783,0.0
2020-12-01,194.9199981689453,185.41599700927733,3,891.6192710559482,891.6192710559482,132457.76969760377,46.17075704832148,WIN,132457.76969760377,0.0
2020-12-02,189.60667419433594,191.0215982055664,3,917.8993236525171,493.4221202833809,132951.19181788716,46.14782169341645,LOSS,132951.19181788716,0.0
2020-12-03,197.7933349609375,185.81454071044922,3,898.3511603243498,898.3511603243498,133849.5429782115,46.338740715799474,WIN,133849.5429782115,0.0
2020-12-04,199.67999267578125,193.83746826171875,3,939.2962522036111,939.2962522036111,134788.83923041512,46.41086997745089,WIN,134788.83923041512,0.0
2020-12-07,213.9199981689453,195.68639282226562,3,940.4564889408322,940.4564889408322,135729.29571935596,46.15252003056837,WIN,135729.29571935596,0.0
2020-12-08,216.6266632080078,209.6415982055664,3,1030.9009932745048,1030.9009932745048,136760.19671263045,46.875323460639414,WIN,136760.19671263045,0.0
2020-12-09,201.4933319091797,212.29412994384765,3,1014.9078301815215,-2225.3315802188677,134534.8651324116,45.988725978460465,LOSS,136760.19671263045,-1.627177814678691
2020-12-10,209.02333068847656,197.4634652709961,3,1038.7279485105935,1038.7279485105935,135573.59308092218,49.09809899875563,WIN,136760.19671263045,-0.8676527675677786
2020-12-11,203.3300018310547,204.84286407470702,3,1081.3855967486343,627.5269236529335,136201.12000457512,49.219593465240315,LOSS,136760.19671263045,-0.40880074867843536
2020-12-14,213.27667236328125,199.26340179443358,3,1069.395285563775,1069.395285563775,137270.5152901389,49.787709060976866,WIN,137270.5152901389,0.0
2020-12-15,211.0833282470703,209.01113891601562,3,1118.802445266386,1118.802445266386,138389.3177354053,49.69757151105372,WIN,138389.3177354053,0.0
2020-12-16,207.58999633789062,206.8616616821289,3,1115.4726896621016,1115.4726896621016,139504.7904250674,49.95377104907871,WIN,139504.7904250674,0.0
2020-12-17,218.63333129882812,203.43819641113282,3,1060.7360415454327,1060.7360415454327,140565.52646661282,48.79791683271063,WIN,140565.52646661282,0.0
2020-12-18,231.6666717529297,214.26066467285156,3,1016.7880692102588,1016.7880692102588,141582.31453582307,45.761187592103155,WIN,141582.31453582307,0.0
2020-12-21,216.6199951171875,227.03333831787108,3,1110.190367637521,-2013.8125925675545,139568.5019432555,46.69734772899099,LOSS,141582.31453582307,-1.4223616834982749
2020-12-22,213.44667053222656,212.28759521484375,3,1125.6835233434813,1125.6835233434813,140694.18546659898,49.37215775162662,WIN,141582.31453582307,-0.6272881412737277
2020-12-23,215.32666015625,209.17773712158203,3,1077.5108605795865,1077.5108605795865,141771.69632717856,48.39037527449219,WIN,141771.69632717856,0.0
2020-12-24,220.58999633789062,211.020126953125,3,1037.8701717008894,1037.8701717008894,142809.56649887946,46.88117028216439,WIN,142809.56649887946,0.0
2020-12-28,221.22999572753906,216.1781964111328,3,1056.6469803833186,1056.6469803833186,143866.21347926278,46.683498573065194,WIN,143866.21347926278,0.0
2020-12-29,221.99667358398438,216.80539581298828,3,1057.1017865532613,1057.1017865532613,144923.31526581603,46.605438816110066,WIN,144923.31526581603,0.0
2020-12-30,231.5933380126953,217.55674011230468,3,1034.1568590951103,1034.1568590951103,145957.47212491115,45.81264486562469,WIN,145957.47212491115,0.0
2020-12-31,235.22332763671875,226.9614712524414,3,1092.324654977267,1092.324654977267,147049.79677988842,46.19713430461305,WIN,147049.79677988842,0.0
2021-01-04,243.2566680908203,230.51886108398438,3,1082.7416487809744,1082.7416487809744,148132.5384286694,45.446227055663414,WIN,148132.5384286694,0.0
2021-01-05,245.0366668701172,238.3915347290039,3,1109.7884488623135,1109.7884488623135,149242.3268775317,45.17619482568058,WIN,149242.3268775317,0.0
2021-01-06,251.9933319091797,240.13593353271483,3,1118.1445974829487,1118.1445974829487,150360.47147501467,45.18254953980396,WIN,150360.47147501467,0.0
2021-01-07,272.0133361816406,246.95346527099608,3,1075.7290694461149,1075.7290694461149,151436.2005444608,43.23598122889131,WIN,151436.2005444608,0.0
2021-01-08,293.3399963378906,266.5730694580078,3,1270.7000509381548,1270.7000509381548,152706.90059539894,45.89881890473261,WIN,152706.90059539894,0.0
2021-01-11,270.39666748046875,287.4731964111328,3,1285.8413167279155,-3837.117362471296,148869.78323292764,43.99379893660331,LOSS,152706.90059539894,-2.5127334439442546
2021-01-12,283.14666748046875,264.98873413085937,3,1371.2411199437165,1371.2411199437165,150241.02435287135,48.5429706353428,WIN,152706.90059539894,-1.6147772189162548
2021-01-13,284.8033447265625,277.4837341308594,3,1417.8234550785967,1417.8234550785967,151658.84780794993,48.12071706963565,WIN,152706.90059539894,-0.6863165864559397
2021-01-14,281.6666564941406,279.10727783203123,3,1405.665336893518,1405.665336893518,153064.51314484345,47.64569199121149,WIN,153064.51314484345,0.0
2021-01-15,275.38665771484375,276.0333233642578,3,1391.004134345317,1197.004439521103,154261.51758436457,47.66495099160722,LOSS,154261.51758436457,0.0
2021-01-19,281.51666259765625,269.87892456054686,3,1368.3705233358844,1368.3705233358844,155629.88810770045,47.86622649205159,WIN,155629.88810770045,0.0
2021-01-20,283.48333740234375,275.88632934570313,3,1367.314578180963,1367.314578180963,156997.2026858814,47.125756824474806,WIN,156997.2026858814,0.0
2021-01-21,281.663330078125,277.81367065429686,3,1326.7990665241923,1326.7990665241923,158324.0017524056,45.95755470094372,WIN,158324.0017524056,0.0
2021-01-22,282.21331787109375,276.0300634765625,3,1183.177039388342,1183.177039388342,159507.17879179394,42.78487531830066,WIN,159507.17879179394,0.0
2021-01-25,293.6000061035156,276.56905151367187,3,1167.980096792548,1167.980096792548,160675.15888858648,42.374548583473754,WIN,160675.15888858648,0.0
2021-01-26,294.36334228515625,287.72800598144534,3,1230.5489576810462,1230.5489576810462,161905.70784626753,42.722466369482206,WIN,161905.70784626753,0.0
2021-01-27,288.0533447265625,288.4760754394531,3,1236.2266107976159,1109.4073969304366,163015.11524319797,42.778154634505086,LOSS,163015.11524319797,0.0
2021-01-28,278.4766540527344,282.29227783203123,3,1239.4323469483102,94.74521315925313,163109.86045635722,43.46026453908385,LOSS,163109.86045635722,0.0
2021-01-29,264.510009765625,272.90712097167966,3,1247.3948273918836,-1271.7385344245145,161838.1219219327,44.628125481591496,LOSS,163109.86045635722,-0.7796821914177207
2021-02-01,279.9366760253906,259.2198095703125,3,1238.71080546897,1238.71080546897,163076.83272740166,45.97539428189641,WIN,163109.86045635722,-0.020248762927725986
2021-02-02,290.92999267578125,274.3379425048828,3,1364.9914637600134,1364.9914637600134,164441.82419116166,47.25218651331229,WIN,164441.82419116166,0.0
2021-02-03,284.89666748046875,285.1113928222656,3,1424.8462030248154,1360.4286004857604,165802.25279164742,47.39429419983731,LOSS,165802.25279164742,0.0
2021-02-04,283.3299865722656,279.19873413085935,3,1414.687297065395,1414.687297065395,167216.9400887128,47.844459045960825,WIN,167216.9400887128,0.0
2021-02-05,284.07666015625,277.6633868408203,3,1401.1517134634591,1401.1517134634591,168618.09180217626,47.71008328261451,WIN,168618.09180217626,0.0
2021-02-08,287.8066711425781,278.395126953125,3,1277.7650985606901,1277.7650985606901,169895.85690073695,44.751200634452616,WIN,169895.85690073695,0.0
2021-02-09,283.1533203125,282.05053771972655,3,1144.8359698870595,1144.8359698870595,171040.692870624,41.31064158674471,WIN,171040.692870624,0.0
2021-02-10,268.2733459472656,277.49025390625,3,950.9369028762119,-1814.135484819106,169226.55738580492,37.213606348918475,LOSS,171040.692870624,-1.0606455425150303
2021-02-11,270.5533447265625,262.9078790283203,3,918.2033689766865,918.2033689766865,170144.7607547816,37.63864267540322,WIN,171040.692870624,-0.5238122582443587
2021-02-12,272.0400085449219,265.14227783203125,3,927.4996293837091,927.4996293837091,171072.2603841653,37.675134204439075,WIN,171072.2603841653,0.0
2021-02-16,265.40667724609375,266.5992083740234,3,931.6066774479334,573.8473390690326,171646.10772323434,37.651076228070565,LOSS,171646.10772323434,0.0
2021-02-17,266.04998779296875,260.0985437011719,3,911.576952943615,911.576952943615,172557.68467617795,37.71802223866554,WIN,172557.68467617795,0.0
2021-02-18,262.4599914550781,260.7289880371094,3,896.9883933984254,896.9883933984254,173454.67306957638,37.300397732872256,WIN,173454.67306957638,0.0
2021-02-19,260.4333190917969,257.2107916259766,3,885.241248220143,885.241248220143,174339.91431779653,37.30938304255574,WIN,174339.91431779653,0.0
2021-02-22,238.1666717529297,255.22465270996094,3,878.677292637629,-4238.716994471745,170101.1973233248,37.31628432861221,LOSS,174339.91431779653,-2.431294641309254
2021-02-23,232.94667053222656,233.4033383178711,3,957.4787081013935,820.4783724080355,170921.67569573285,41.591152832496704,LOSS,174339.91431779653,-1.9606747172266743
2021-02-24,247.33999633789062,228.28773712158204,3,883.9395113995239,883.9395113995239,171805.61520713236,40.09892195329255,WIN,174339.91431779653,-1.4536539842760903
2021-02-25,227.4066619873047,242.3931964111328,3,1053.5464998692814,-3442.4138272791542,168363.2013798532,43.1739920207726,LOSS,174339.91431779653,-3.428195408567559
2021-02-26,225.1666717529297,222.85852874755858,3,1063.282901587235,1063.282901587235,169426.48428144044,45.92677789562778,WIN,174339.91431779653,-2.818304721315634
2021-03-01,239.47666931152344,220.66333831787108,3,1043.276634694069,1043.276634694069,170469.76091613452,45.64674827935512,WIN,174339.91431779653,-2.2198894709832664
2021-03-02,228.81333923339844,234.68713592529298,3,1169.0396866838964,-593.0993208844657,169876.66159525004,47.289035635731814,LOSS,174339.91431779653,-2.5600865642337194
2021-03-03,217.73333740234375,224.23707244873046,3,1066.011813801578,-885.1087001144344,168991.5528951356,45.81553465616517,LOSS,174339.91431779653,-3.0677779346109135
2021-03-04,207.14666748046875,213.37867065429688,3,992.6542545170857,-876.946697631354,168114.60619750424,45.155192661991414,LOSS,174339.91431779653,-3.5707876447297386
2021-03-05,199.31666564941406,203.00373413085939,3,963.6761478047762,-142.44439662882075,167972.16180087542,45.771040906759445,LOSS,174339.91431779653,-3.6524926273128826
2021-03-08,187.6666717529297,195.33033233642578,3,933.2668823126053,-1365.8312927362238,166606.3305081392,45.970717744632765,LOSS,174339.91431779653,-4.435922685817164
2021-03-09,224.52667236328125,183.91333831787108,3,896.4972596424283,896.4972596424283,167502.82776778162,46.59736326527221,WIN,174339.91431779653,-3.9216989275054277
2021-03-10,222.68666076660156,220.03613891601563,3,1682.3479272965126,1682.3479272965126,169185.17569507813,64.56064002843462,WIN,174339.91431779653,-2.9567174234823
2021-03-11,233.1999969482422,218.23292755126954,3,1668.2395267612537,1668.2395267612537,170853.4152218394,64.5510923274881,WIN,174339.91431779653,-1.9998283867466853
2021-03-12,231.2433319091797,228.53599700927734,3,1758.7956014849055,1758.7956014849055,172612.2108233243,64.8856757013178,WIN,174339.91431779653,-0.9909970996790047
2021-03-15,235.97999572753906,226.6184652709961,3,1741.8074084615278,1741.8074084615278,174354.01823178583,64.82186077011983,WIN,174354.01823178583,0.0
2021-03-16,225.6266632080078,231.26039581298826,3,1784.1154069754348,93.99562548129916,174448.01385726713,65.00768881428671,LOSS,174448.01385726713,0.0
2021-03-17,233.93666076660156,221.11412994384764,3,1718.2878956590519,1718.2878956590519,176166.30175292617,65.37261984120194,WIN,176166.30175292617,0.0
2021-03-18,217.72000122070312,229.25792755126952,3,1801.520762935434,-1659.8571362344837,174506.44461669168,65.9366072084135,LOSS,176166.30175292617,-0.942210354487915
2021-03-19,218.2899932861328,213.36560119628905,3,1718.5299286406787,1718.5299286406787,176224.97454533234,67.20929159369827,WIN,176224.97454533234,0.0
2021-03-22,223.3333282470703,213.92419342041015,3,1724.0115315153025,1724.0115315153025,177948.98607684765,67.23906168500085,WIN,177948.98607684765,0.0
2021-03-23,220.72000122070312,218.8666616821289,3,1699.634822431366,1699.634822431366,179648.62089927902,65.3374383827306,WIN,179648.62089927902,0.0
2021-03-24,210.08999633789062,216.30560119628905,3,1676.2248101384503,-188.4566473810762,179460.16425189795,65.23189974328903,LOSS,179648.62089927902,-0.1049029190637257
2021-03-25,213.4633331298828,205.8881964111328,3,1571.2232866981064,1571.2232866981064,181031.38753859606,64.46768222213282,WIN,181031.38753859606,0.0
2021-03-26,206.23666381835938,209.19406646728515,3,1536.149232900455,648.9284382227213,181680.3159768188,62.59914486653686,LOSS,181680.3159768188,0.0
2021-03-29,203.76333618164062,202.1119305419922,3,1494.3796245712297,1494.3796245712297,183174.69560139003,62.92742446633747,WIN,183174.69560139003,0.0
2021-03-30,211.8733367919922,199.68806945800782,3,1426.636607137625,1426.636607137625,184601.33220852766,61.310167281301126,WIN,184601.33220852766,0.0
2021-03-31,222.64332580566406,207.63587005615233,3,1487.3938355536552,1487.3938355536552,186088.72604408133,61.434278258771066,WIN,186088.72604408133,0.0
2021-04-01,220.5833282470703,218.19045928955077,3,1565.4714419091115,1565.4714419091115,187654.19748599044,61.50766090649008,WIN,187654.19748599044,0.0
2021-04-05,230.35000610351562,216.1716616821289,3,1520.1925173660647,1520.1925173660647,189174.3900033565,60.584262621457476,WIN,189174.3900033565,0.0
2021-04-06,230.5399932861328,225.74300598144532,3,1580.351368224357,1580.351368224357,190754.74137158087,60.378951526306224,WIN,190754.74137158087,0.0
2021-04-07,223.6566619873047,225.92919342041014,3,1521.6173433172542,839.8579133856173,191594.59928496648,58.65642836667855,LOSS,191594.59928496648,0.0
2021-04-08,227.93333435058594,219.1835287475586,3,924.0178649748138,924.0178649748138,192518.6171499413,42.32672320133019,WIN,192518.6171499413,0.0
2021-04-09,225.67333984375,223.3746676635742,3,946.7084505173978,946.7084505173978,193465.3256004587,42.47245297938464,WIN,193465.3256004587,0.0
2021-04-12,233.9933319091797,221.159873046875,3,893.1403660868295,893.1403660868295,194358.4659665455,41.17751942005015,WIN,194358.4659665455,0.0
2021-04-13,254.10667419433594,229.3134652709961,3,954.4815711595631,954.4815711595631,195312.94753770507,41.980692651346175,WIN,195312.94753770507,0.0
2021-04-14,244.07666015625,249.0245407104492,3,1182.205104323554,-302.1590619362066,195010.78847576887,45.77271302129589,LOSS,195312.94753770507,-0.15470508522117524
2021-04-15,246.28334045410156,239.195126953125,3,1127.4258490573593,1127.4258490573593,196138.21432482623,45.552782232046155,WIN,196138.21432482623,0.0
2021-04-16,246.5933380126953,241.35767364501953,3,1116.0871635583935,1116.0871635583935,197254.30148838463,44.97451097181798,WIN,197254.30148838463,0.0
2021-04-19,238.2100067138672,241.6614712524414,3,997.3901241987542,-38.049237373510095,197216.25225101112,41.75301622104115,LOSS,197254.30148838463,-0.019289433531444872
2021-04-20,239.663330078125,233.44580657958983,3,998.0833021239241,998.0833021239241,198214.33555313505,42.71378332898895,WIN,198214.33555313505,0.0
2021-04-21,248.0399932861328,234.8700634765625,3,996.7145667874471,996.7145667874471,199211.0501199225,42.507951163987414,WIN,199211.0501199225,0.0
2021-04-22,239.89666748046875,243.07919342041015,3,1044.8819553405638,90.12417335814393,199301.17429328064,42.863428056750635,LOSS,199301.17429328064,0.0
2021-04-23,243.13333129882812,235.09873413085938,3,978.7759356356482,978.7759356356482,200279.95022891628,41.986595334398714,WIN,200279.95022891628,0.0
2021-04-26,246.06666564941406,238.27066467285155,3,991.0958430226941,991.0958430226941,201271.04607193897,41.96250152190257,WIN,201271.04607193897,0.0
2021-04-27,234.913330078125,241.14533233642578,3,962.0685492565353,-907.532128233699,200363.51394370527,40.86081823407221,LOSS,201271.04607193897,-0.45090048764854246
2021-04-28,231.46665954589844,230.2150634765625,3,973.2768087617087,973.2768087617087,201336.79075246697,42.40423874577136,WIN,201336.79075246697,0.0
2021-04-29,225.6666717529297,226.83732635498046,3,944.5195688076485,593.3231881924162,201930.1139406594,41.99053820970994,LOSS,201930.1139406594,0.0
2021-04-30,236.47999572753906,221.1533383178711,3,889.0969512666001,889.0969512666001,202819.210891926,41.05977885662904,WIN,202819.210891926,0.0
2021-05-03,228.3000030517578,231.75039581298827,3,974.2242924156119,-60.89353595352645,202758.31735597245,42.24918857300845,LOSS,202819.210891926,-0.030023554320003056
2021-05-04,224.53334045410156,223.73400299072264,3,931.2799936890768,931.2799936890768,203689.59734966152,41.9813319243857,WIN,203689.59734966152,0.0
2021-05-05,223.64666748046875,220.04267364501953,3,921.3177111689532,921.3177111689532,204610.91506083048,42.14048543194599,WIN,204610.91506083048,0.0
2021-05-06,221.17999267578125,219.17373413085937,3,899.5429091063695,899.5429091063695,205510.45796993683,41.60409450696238,WIN,205510.45796993683,0.0
2021-05-07,224.1233367919922,216.7563928222656,3,884.2311017097115,884.2311017097115,206394.68907164654,41.44289350418178,WIN,206394.68907164654,0.0
2021-05-10,209.67999267578125,219.64087005615235,3,898.0676137340668,-2090.195600377264,204304.4934712693,41.50397321929452,LOSS,206394.68907164654,-1.012717725334334
2021-05-11,205.73333740234375,205.48639282226563,3,884.9349178858802,884.9349178858802,205189.42838915516,42.915368668765616,WIN,206394.68907164654,-0.583959155108393
2021-05-12,196.6300048828125,201.61867065429686,3,691.217506321734,-805.382225123575,204384.04616403158,37.2228157899981,LOSS,206394.68907164654,-0.9741737622507348
2021-05-13,190.56333923339844,192.69740478515624,3,667.2964480235094,27.076782496169358,204411.12294652776,37.44698683294987,LOSS,206394.68907164654,-0.9610548285136457
2021-05-14,196.5800018310547,186.75207244873047,3,645.930501841828,645.930501841828,205057.05344836958,37.41999273023218,WIN,206394.68907164654,-0.648095951157262
2021-05-17,192.27667236328125,192.6484017944336,3,702.66757080723,591.1487414615262,205648.20218983112,38.64283789537679,LOSS,206394.68907164654,-0.36167930733735604
2021-05-18,192.6233367919922,188.4311389160156,3,678.6433523822369,678.6433523822369,206326.84554221336,38.345545734198225,WIN,206394.68907164654,-0.03287077285677436
2021-05-19,187.82000732421875,188.77087005615235,3,677.3199726016687,392.0611530215896,206718.90669523494,38.25808797840838,LOSS,206718.90669523494,0.0
2021-05-20,195.5933380126953,184.06360717773438,3,617.9452486789096,617.9452486789096,207336.85194391385,36.76191816769699,WIN,207336.85194391385,0.0
2021-05-21,193.6266632080078,191.6814712524414,3,694.5720126993697,694.5720126993697,208031.42395661323,38.48833595125889,WIN,208031.42395661323,0.0
2021-05-24,202.14666748046875,189.75412994384766,3,675.7650445621691,675.7650445621691,208707.1890011754,38.084453130058876,WIN,208707.1890011754,0.0
2021-05-25,201.56333923339844,198.10373413085938,3,757.1007386003126,757.1007386003126,209464.2897397757,39.77285795415456,WIN,209464.2897397757,0.0
2021-05-26,206.3766632080078,197.53207244873047,3,726.9645214983905,726.9645214983905,210191.2542612741,38.85561956810836,WIN,210191.2542612741,0.0
2021-05-27,210.28334045410156,202.24912994384766,3,762.2281083722063,762.2281083722063,210953.4823696463,39.42943385298659,WIN,210953.4823696463,0.0
2021-05-28,208.4066619873047,206.07767364501953,3,778.753407495798,778.753407495798,211732.2357771421,39.49537662409049,WIN,211732.2357771421,0.0
2021-06-01,207.96665954589844,204.2385287475586,3,711.2761025746804,711.2761025746804,212443.5118797168,37.57437049961614,WIN,212443.5118797168,0.0
2021-06-02,201.7066650390625,203.80732635498046,3,689.6123699493214,59.41397517393318,212502.92585489072,36.93311701865724,LOSS,212502.92585489072,0.0
2021-06-03,190.94667053222656,197.67253173828124,3,680.4623025251287,-1337.2960592912734,211165.62979559944,37.3137647519882,LOSS,212502.92585489072,-0.6293071278484274
2021-06-04,199.68333435058594,187.12773712158202,3,690.0839429805214,690.0839429805214,211855.71373857997,38.90445578072011,WIN,212502.92585489072,-0.3045662141860132
2021-06-07,201.7100067138672,195.68966766357423,3,775.2643894573239,775.2643894573239,212630.9781280373,40.68011974433439,WIN,212630.9781280373,0.0
2021-06-08,201.19667053222656,197.67580657958985,3,781.0900899489086,781.0900899489086,213412.0682179862,40.613133468303666,WIN,213412.0682179862,0.0
2021-06-09,199.5933380126953,197.17273712158203,3,701.4101690956244,701.4101690956244,214113.47838708182,38.05899085667945,WIN,214113.47838708182,0.0
2021-06-10,203.3733367919922,195.6014712524414,3,690.1438509269753,690.1438509269753,214803.6222380088,37.870866039339816,WIN,214803.6222380088,0.0
2021-06-11,203.29666137695312,199.30587005615234,3,665.2480400010286,665.2480400010286,215468.87027800982,36.63608196850382,WIN,215468.87027800982,0.0
2021-06-14,205.89666748046875,199.23072814941406,3,638.0115695022699,638.0115695022699,216106.8818475121,35.75808740600857,WIN,216106.8818475121,0.0
2021-06-15,199.7866668701172,201.77873413085936,3,628.0913037250708,30.471125502418317,216137.35297301452,35.177274001490446,LOSS,216137.35297301452,0.0
2021-06-16,201.6233367919922,195.79093353271483,3,620.2577279284487,620.2577279284487,216757.61070094298,35.53500019012148,WIN,216757.61070094298,0.0
2021-06-17,205.53334045410156,197.59087005615234,3,627.0784104940278,627.0784104940278,217384.689111437,35.571695135872375,WIN,217384.689111437,0.0
2021-06-18,207.77000427246094,201.42267364501953,3,624.6748089841711,624.6748089841711,218009.36392042116,35.102993889061665,WIN,218009.36392042116,0.0
2021-06-21,206.94332885742188,203.6146041870117,3,595.5610008081503,595.5610008081503,218604.9249212293,33.95974233894691,WIN,218604.9249212293,0.0
2021-06-22,207.90333557128906,202.80446228027344,3,589.701915969385,589.701915969385,219194.62683719868,33.84821107700745,WIN,219194.62683719868,0.0
2021-06-23,218.85667419433594,203.74526885986327,3,543.1442107185243,543.1442107185243,219737.7710479172,32.279959742552194,WIN,219737.7710479172,0.0
2021-06-24,226.60667419433594,214.4795407104492,3,644.3448641972502,644.3448641972502,220382.11591211444,34.473660964456556,WIN,220382.11591211444,0.0
2021-06-25,223.9566650390625,222.0745407104492,3,683.737191171846,683.737191171846,221065.8531032863,34.95747230744791,WIN,221065.8531032863,0.0
2021-06-28,229.57333374023438,219.47753173828124,3,676.7803060203141,676.7803060203141,221742.6334093066,34.988156878961675,WIN,221742.6334093066,0.0
2021-06-29,226.9199981689453,224.9818670654297,3,701.0986564059981,701.0986564059981,222443.7320657126,35.199783868089355,WIN,222443.7320657126,0.0
2021-06-30,226.56666564941406,222.3815982055664,3,699.2205627138965,699.2205627138965,223142.9526284265,35.3812327632125,WIN,223142.9526284265,0.0
2021-07-01,225.97332763671875,222.03533233642577,3,663.5097570564888,663.5097570564888,223806.46238548297,34.37047760980823,WIN,223806.46238548297,0.0
2021-07-02,226.3000030517578,221.45386108398438,3,546.9055293254795,546.9055293254795,224353.36791480845,31.00826120027273,WIN,224353.36791480845,0.0
2021-07-06,219.86000061035156,221.77400299072266,3,494.70180761596146,-79.49890649536906,224273.86900831308,29.459323226197657,LOSS,224353.36791480845,-0.035434683791133056
2021-07-07,214.88333129882812,215.46280059814453,3,521.879058826757,348.0382690318369,224621.90727734493,30.700470757242385,LOSS,224621.90727734493,0.0
2021-07-08,217.60333251953125,210.58566467285155,3,532.4422453057776,532.4422453057776,225154.3495226507,31.389239687289994,WIN,225154.3495226507,0.0
2021-07-09,218.98333740234375,213.2512658691406,3,536.8872039306642,536.8872039306642,225691.23672658138,31.319488392553236,WIN,225691.23672658138,0.0
2021-07-12,228.56666564941406,214.60367065429688,3,533.1036870482319,533.1036870482319,226224.3404136296,31.102364176112545,WIN,226224.3404136296,0.0
2021-07-13,222.84666442871094,223.99533233642578,3,606.5976223279253,261.99725001347383,226486.33766364306,32.5540301338653,LOSS,226486.33766364306,0.0
2021-07-14,217.7933349609375,218.38973114013672,3,617.962187378524,439.04333361875877,226925.38099726182,33.34191989855992,LOSS,226925.38099726182,0.0
2021-07-15,216.86666870117188,213.43746826171875,3,591.0784391238284,591.0784391238284,227516.45943638566,32.95103779845198,WIN,227516.45943638566,0.0
2021-07-16,214.74000549316406,212.52933532714843,3,589.9944230572555,589.9944230572555,228106.4538594429,32.99467995327877,WIN,228106.4538594429,0.0
2021-07-19,215.4066619873047,210.4452053833008,3,581.3526558947274,581.3526558947274,228687.80651533764,32.90670708971972,WIN,228687.80651533764,0.0
2021-07-20,220.1666717529297,211.0985287475586,3,580.9226240997633,580.9226240997633,229268.7291394374,32.838083327590105,WIN,229268.7291394374,0.0
2021-07-21,218.42999267578125,215.7633383178711,3,603.9409508771233,603.9409508771233,229872.67009031452,33.14395373589829,WIN,229872.67009031452,0.0
2021-07-22,216.4199981689453,214.06139282226562,3,602.688525832573,602.688525832573,230475.3586161471,33.25028625707035,WIN,230475.3586161471,0.0
2021-07-23,214.4600067138672,212.0915982055664,3,515.9554281868718,515.9554281868718,230991.31404433397,30.7689881032929,WIN,230991.31404433397,0.0
2021-07-26,219.2066650390625,210.17080657958985,3,464.7083286392548,464.7083286392548,231456.0223729732,29.332540232085634,WIN,231456.0223729732,0.0
2021-07-27,214.92666625976562,214.82253173828124,3,492.7412414307088,492.7412414307088,231948.76361440393,29.86805596557224,WIN,231948.76361440393,0.0
2021-07-28,215.66000366210938,210.62813293457032,3,467.3549500885013,467.3549500885013,232416.11856449244,29.38287060241641,WIN,232416.11856449244,0.0
2021-07-29,225.78334045410156,211.34680358886717,3,467.4718904483121,467.4718904483121,232883.59045494074,29.33754922142719,WIN,232883.59045494074,0.0
2021-07-30,229.06666564941406,221.26767364501953,3,573.5596429450165,573.5596429450165,233457.15009788575,31.802570267623445,WIN,233457.15009788575,0.0
2021-08-02,236.55667114257812,224.48533233642578,3,588.3095137905246,588.3095137905246,234045.45961167628,31.9876383258368,WIN,234045.45961167628,0.0
2021-08-03,236.5800018310547,231.82553771972655,3,640.2517896245952,640.2517896245952,234685.71140130088,32.902126831055874,WIN,234685.71140130088,0.0
2021-08-04,236.97332763671875,231.84840179443358,3,606.6015076993353,606.6015076993353,235292.3129090002,31.95955619523759,WIN,235292.3129090002,0.0
2021-08-05,238.2100067138672,232.23386108398438,3,581.5556453512443,581.5556453512443,235873.86855435144,31.23232903983005,WIN,235873.86855435144,0.0
2021-08-06,233.03334045410156,233.44580657958983,3,582.3844472869721,458.6446096404925,236332.51316399194,31.171071444575823,LOSS,236332.51316399194,0.0
2021-08-09,237.9199981689453,228.37267364501952,3,593.0243529246632,593.0243529246632,236925.5375169166,31.832301294164903,WIN,236925.5375169166,0.0
2021-08-10,236.663330078125,233.1615982055664,3,555.5822788942049,555.5822788942049,237481.1197958108,30.44565982369425,WIN,237481.1197958108,0.0
2021-08-11,235.94000244140625,231.9300634765625,3,524.9074885774864,524.9074885774864,238006.02728438828,29.670361855732548,WIN,238006.02728438828,0.0
2021-08-12,240.75,231.2212023925781,3,496.4683839960633,496.4683839960633,238502.49566838433,28.918070953079564,WIN,238502.49566838433,0.0
2021-08-13,239.05667114257812,235.935,3,513.5841194715093,513.5841194715093,239016.07978785585,29.110237356528547,WIN,239016.07978785585,0.0
2021-08-16,228.72332763671875,234.27553771972657,3,506.6937800926636,-1158.969244809683,237857.11054304618,29.019539034207565,LOSS,239016.07978785585,-0.48489174696461645
2021-08-17,221.90333557128906,224.14886108398437,3,569.8800707430873,-103.77758306550538,237753.33295998067,31.48018328406888,LOSS,239016.07978785585,-0.5283104086536589
2021-08-18,229.663330078125,217.46526885986327,3,572.7505015059795,572.7505015059795,238326.08346148665,32.07224664256479,WIN,239016.07978785585,-0.28868196942298874
2021-08-19,224.49000549316406,225.0700634765625,3,626.1130802882032,452.09568526867326,238778.1791467553,33.03225946523216,LOSS,239016.07978785585,-0.09953332065009747
2021-08-20,226.75332641601562,220.00020538330077,3,627.0300747743177,627.0300747743177,239405.20922152963,33.47482740675505,WIN,239405.20922152963,0.0
2021-08-23,235.43333435058594,222.2182598876953,3,630.9278090196906,630.9278090196906,240036.13703054932,33.40411896360007,WIN,240036.13703054932,0.0
2021-08-24,236.163330078125,230.72466766357422,3,682.2223033077859,682.2223033077859,240718.3593338571,34.16668425897425,WIN,240718.3593338571,0.0
2021-08-25,237.06666564941406,231.4400634765625,3,666.4516297091031,666.4516297091031,241384.8109635662,33.6657394321198,WIN,241384.8109635662,0.0
2021-08-26,233.72000122070312,232.3253323364258,3,668.9646472260991,668.9646472260991,242053.7756107923,33.66472968274407,WIN,242053.7756107923,0.0
2021-08-27,237.30667114257812,229.04560119628906,3,607.9319512915947,607.9319512915947,242661.7075620839,32.20474016736949,WIN,242661.7075620839,0.0
2021-08-30,243.6366729736328,232.56053771972657,3,617.9820622770401,617.9820622770401,243279.68962436094,32.224830254577256,WIN,243279.68962436094,0.0
2021-08-31,245.24000549316406,238.76393951416014,3,622.4601432305521,622.4601432305521,243902.1497675915,31.898879794421553,WIN,243902.1497675915,0.0
2021-09-01,244.69667053222656,240.33520538330077,3,627.257030345804,627.257030345804,244529.4067979373,31.91777517165885,WIN,244529.4067979373,0.0
2021-09-02,244.1300048828125,239.80273712158203,3,626.4842015190143,626.4842015190143,245155.89099945631,31.934449842789025,WIN,245155.89099945631,0.0
2021-09-03,244.52333068847656,239.24740478515625,3,625.1323016089502,625.1323016089502,245781.02330106526,31.93712953641885,WIN,245781.02330106526,0.0
2021-09-07,250.97332763671875,239.63286407470702,3,605.3729950842799,605.3729950842799,246386.39629614953,31.37539443493695,WIN,246386.39629614953,0.0
2021-09-08,251.2899932861328,245.95386108398438,3,629.9765702045286,629.9765702045286,247016.37286635407,31.60297283633288,WIN,247016.37286635407,0.0
2021-09-09,251.6199951171875,246.26419342041015,3,628.2562345119134,628.2562345119134,247644.62910086598,31.536768281215565,WIN,247644.62910086598,0.0
2021-09-10,245.42333984375,246.58759521484376,3,627.6831255835392,278.4065142554115,247923.0356151214,31.500014751136238,LOSS,247923.0356151214,0.0
2021-09-13,247.6666717529297,240.51487304687498,3,626.8941940078402,626.8941940078402,248549.92980912924,31.89535861535197,WIN,248549.92980912924,0.0
2021-09-14,248.163330078125,242.7133383178711,3,631.996496254905,631.996496254905,249181.92630538414,31.878588737029595,WIN,249181.92630538414,0.0
2021-09-15,251.94332885742188,243.2000634765625,3,548.4902254138406,548.4902254138406,249730.416530798,29.619089094850704,WIN,249730.416530798,0.0
2021-09-16,252.3300018310547,246.90446228027344,3,505.1466899827386,505.1466899827386,250235.56322078072,28.261836732915718,WIN,250235.56322078072,0.0
2021-09-17,253.163330078125,247.2834017944336,3,464.04293806961266,464.04293806961266,250699.60615885034,27.164053054320966,WIN,250699.60615885034,0.0
2021-09-20,243.38999938964844,248.1000634765625,3,422.9752074074831,-990.0440186667347,249709.5621401836,26.051039749722246,LOSS,250699.60615885034,-0.3949124746687499
2021-09-21,246.4600067138672,238.52219940185546,3,499.1402078394203,499.1402078394203,250208.70234802304,28.564658188585014,WIN,250699.60615885034,-0.19581355485506582
2021-09-22,250.64666748046875,241.53080657958984,3,450.0271588573069,450.0271588573069,250658.72950688034,27.077618205047294,WIN,250699.60615885034,-0.01630503238369654
2021-09-23,251.2133331298828,245.63373413085938,3,468.0918743736355,468.0918743736355,251126.82138125398,27.35259481775508,WIN,251126.82138125398,0.0
2021-09-24,258.1300048828125,246.18906646728516,3,469.1524175906249,469.1524175906249,251595.9737988446,27.352654698544193,WIN,251595.9737988446,0.0
2021-09-27,263.78668212890625,252.96740478515625,3,493.4907924677917,493.4907924677917,252089.4645913124,27.645313276954305,WIN,252089.4645913124,0.0
2021-09-28,259.1866760253906,258.5109484863281,3,513.4029509386226,513.4029509386226,252602.867542251,27.873437350852527,WIN,252602.867542251,0.0
2021-09-29,260.4366760253906,254.0029425048828,3,503.1490874235714,503.1490874235714,253106.0166296746,27.840237180840436,WIN,253106.0166296746,0.0
2021-09-30,258.49334716796875,255.2279425048828,3,505.12456934671764,505.12456934671764,253611.1411990213,27.828780607975148,WIN,253611.1411990213,0.0
2021-10-01,258.40667724609375,253.32348022460937,3,505.4945164783872,505.4945164783872,254116.6357154997,27.93469246270006,WIN,254116.6357154997,0.0
2021-10-04,260.510009765625,253.23854370117186,3,504.48172115171656,504.48172115171656,254621.1174366514,27.91310647783824,WIN,254621.1174366514,0.0
2021-10-05,260.1966552734375,255.2998095703125,3,509.73554226411966,509.73554226411966,255130.85297891553,27.94224241570266,WIN,255130.85297891553,0.0
2021-10-06,260.9166564941406,254.99272216796874,3,480.5858079436995,480.5858079436995,255611.43878685922,27.216822407938558,WIN,255611.43878685922,0.0
2021-10-07,264.53668212890625,255.69832336425782,3,481.9248858394755,481.9248858394755,256093.3636726987,27.217056355053735,WIN,256093.3636726987,0.0
2021-10-08,261.8299865722656,259.24594848632813,3,495.76462155424247,495.76462155424247,256589.12829425294,27.395916956588774,WIN,256589.12829425294,0.0
2021-10-11,263.9800109863281,256.5933868408203,3,458.5243518294529,458.5243518294529,257047.6526460824,26.58329323628662,WIN,257047.6526460824,0.0
2021-10-12,268.5733337402344,258.7004107666016,3,461.72058114404376,461.72058114404376,257509.37322722643,26.569037257243565,WIN,257509.37322722643,0.0
2021-10-13,270.3599853515625,263.20186706542967,3,480.4221013198336,480.4221013198336,257989.79532854626,26.831753610177362,WIN,257989.79532854626,0.0
2021-10-14,272.7733459472656,264.9527856445312,3,476.59854030344934,476.59854030344934,258466.3938688497,26.660020724032357,WIN,258466.3938688497,0.0
2021-10-15,281.010009765625,267.3178790283203,3,482.0726252038038,482.0726252038038,258948.46649405351,26.689597784307438,WIN,258948.46649405351,0.0
2021-10-18,290.03668212890625,275.3898095703125,3,534.3182575369185,534.3182575369185,259482.78475159043,27.576715964523082,WIN,259482.78475159043,0.0
2021-10-19,288.0899963378906,284.23594848632814,3,459.01539559782134,459.01539559782134,259941.80014718825,25.467991288098617,WIN,259941.80014718825,0.0
2021-10-20,288.6000061035156,282.3281964111328,3,470.2501123234607,470.2501123234607,260412.0502595117,25.796668289627362,WIN,260412.0502595117,0.0
2021-10-21,298.0,282.8280059814453,3,467.3200342565505,467.3200342565505,260879.37029376827,25.710434573566317,WIN,260879.37029376827,0.0
2021-10-22,303.2266540527344,292.04,3,521.1492984193869,521.1492984193869,261400.51959218766,26.567377848603055,WIN,261400.51959218766,0.0
2021-10-25,341.6199951171875,297.16212097167966,3,511.42339339931095,511.42339339931095,261911.94298558697,26.155839167753456,WIN,261911.94298558697,0.0
2021-10-26,339.4766540527344,334.78759521484375,3,1227.832895847077,1227.832895847077,263139.77588143403,38.77305588363815,WIN,263139.77588143403,0.0
2021-10-27,345.9533386230469,332.6871209716797,3,1199.5388176547506,1199.5388176547506,264339.3146990888,38.37186785596989,WIN,264339.3146990888,0.0
2021-10-28,359.0133361816406,339.0342718505859,3,1219.9088754403485,1219.9088754403485,265559.22357452917,38.3237777052675,WIN,265559.22357452917,0.0
2021-10-29,371.3333435058594,351.8330694580078,3,1263.6280286606068,1263.6280286606068,266822.8516031898,38.28078915594426,WIN,266822.8516031898,0.0
2021-11-01,402.86334228515625,363.9066766357422,3,1304.7205378027134,1304.7205378027134,268127.5721409925,38.24034545937535,WIN,268127.5721409925,0.0
2021-11-02,390.6666564941406,394.80607543945314,3,1579.04396532994,337.2182817361859,268464.7904227287,40.92540200979121,LOSS,268464.7904227287,0.0
2021-11-03,404.6199951171875,382.8533233642578,3,1611.5445965741774,1611.5445965741774,270076.33501930285,42.28506617053159,WIN,270076.33501930285,0.0
2021-11-04,409.9700012207031,396.52759521484376,3,1662.618947891579,1662.618947891579,271738.9539671944,42.1790588346416,WIN,271738.9539671944,0.0
2021-11-05,407.36334228515625,401.7706011962891,3,1685.0532904604233,1685.0532904604233,273424.00725765486,42.18633033621235,WIN,273424.00725765486,0.0
2021-11-08,387.64666748046875,399.2160754394531,3,1665.2752102702802,-1805.5471774250268,271618.46008022985,42.03915407643505,LOSS,273424.00725765486,-0.6603469810621229
2021-11-09,341.1666564941406,379.89373413085934,3,1745.5542553687467,-9872.56903564687,261745.891044583,44.78422650769289,LOSS,273424.00725765486,-4.271064684553194
2021-11-10,355.98333740234375,334.3433233642578,3,2000.9713665198478,2000.9713665198478,263746.86241110286,53.79388940565705,WIN,273424.00725765486,-3.5392447589406286
2021-11-11,354.5033264160156,348.86367065429687,3,2106.3128910972455,2106.3128910972455,265853.17530220014,54.13652345217953,WIN,273424.00725765486,-2.7688980318105423
2021-11-12,344.47332763671875,347.4132598876953,3,2104.851192747242,1222.87151745428,267076.0468196544,54.27264138187288,LOSS,273424.00725765486,-2.3216543790972204
2021-11-15,337.7966613769531,337.58386108398435,3,2075.789447978073,2075.789447978073,269151.8362676325,54.85811246374575,WIN,273424.00725765486,-1.5624710620222102
2021-11-16,351.57666015625,331.04072814941406,3,2043.8015191595105,2043.8015191595105,271195.637786792,55.01956773958369,WIN,273424.00725765486,-0.8149867647733628
2021-11-17,363.0033264160156,344.545126953125,3,2141.760542538796,2141.760542538796,273337.3983293308,55.29395581101755,WIN,273424.00725765486,-0.03167568539161182
2021-11-18,365.4599914550781,355.74325988769533,3,2218.4840953318676,2218.4840953318676,275555.88242466265,55.423577255828604,WIN,275555.88242466265,0.0
2021-11-19,379.0199890136719,358.1507916259766,3,2224.6577619856916,2224.6577619856916,277780.5401866483,55.26358102161196,WIN,277780.5401866483,0.0
2021-11-22,385.6233215332031,371.4395892333984,3,2321.3323227546275,2321.3323227546275,280101.8725094029,55.51018557310922,WIN,280101.8725094029,0.0
2021-11-23,369.6766662597656,377.9108551025391,3,2011.1740632770059,-459.082589555029,279642.7899198479,49.49652885060324,LOSS,280101.8725094029,-0.16389843646603847
2021-11-24,372.0,362.2831329345703,3,1983.6158303425004,1983.6158303425004,281626.40575019043,50.49151638968577,WIN,281626.40575019043,0.0
2021-11-26,360.6400146484375,364.56,3,1990.8612057489468,814.8656002801961,282441.2713504706,50.398680411679486,LOSS,282441.2713504706,0.0
2021-11-29,378.9966735839844,353.4272143554687,3,1927.59089963464,1927.59089963464,284368.86225010525,50.3533020654688,WIN,284368.86225010525,0.0
2021-11-30,381.586669921875,371.4167401123047,3,2061.925337117261,2061.925337117261,286430.7875872225,50.98541916217112,WIN,286430.7875872225,0.0
2021-12-01,365.0,373.9549365234375,3,1876.306419720037,-810.1745373112076,285620.61304991134,47.52367392019722,LOSS,286430.7875872225,-0.2828517646918389
2021-12-02,361.5333251953125,357.7,3,1820.2888286198495,1820.2888286198495,287440.9018785312,47.986517498884886,WIN,287440.9018785312,0.0
2021-12-03,338.3233337402344,354.30265869140624,3,1760.8124639565249,-3032.985021395034,284407.9168571362,47.2146781526646,LOSS,287440.9018785312,-1.0551682107777154
2021-12-06,336.336669921875,331.5568670654297,3,1722.4937631242476,1722.4937631242476,286130.4106202604,48.675552922294585,WIN,287440.9018785312,-0.45591676400479786
2021-12-07,350.5833435058594,329.6099365234375,3,1712.4411492621712,1712.4411492621712,287842.8517695226,48.67677256864188,WIN,287842.8517695226,0.0
2021-12-08,356.32000732421875,343.57167663574216,3,1800.8268959837646,1800.8268959837646,289643.67866550636,48.97580211172947,WIN,289643.67866550636,0.0
2021-12-09,334.6000061035156,349.19360717773435,3,1418.0510448871855,-2960.029277378432,286683.6493881279,41.32332127054107,LOSS,289643.67866550636,-1.0219554215774327
2021-12-10,339.010009765625,327.9080059814453,3,1389.255748680831,1389.255748680831,288072.90513680875,42.462829882160804,WIN,289643.67866550636,-0.542312380485821
2021-12-13,322.13665771484375,332.2298095703125,3,1414.626234327039,-1613.3193223135897,286459.58581449516,42.60058041298457,LOSS,289643.67866550636,-1.099313772591714
2021-12-14,319.5033264160156,315.69392456054686,3,1389.7476781574674,1389.7476781574674,287849.33349265263,43.53545733988551,WIN,289643.67866550636,-0.6195008919652357
2021-12-15,325.3299865722656,313.11325988769534,3,1371.2397498734083,1371.2397498734083,289220.57324252604,43.3874929152349,WIN,289643.67866550636,-0.14607790680249852
2021-12-16,308.97332763671875,318.8233868408203,3,1353.8144913334752,-1601.2032698969954,287619.36997262907,42.52479492532227,LOSS,289643.67866550636,-0.6988962100619709
2021-12-17,310.8566589355469,302.7938610839844,3,1302.0630405495876,1302.0630405495876,288921.43301317864,42.87404840874538,WIN,289643.67866550636,-0.24935660797272344
2021-12-20,299.9800109863281,304.63952575683595,3,1309.4779723485854,-88.37645880376249,288833.05655437487,42.86294713787853,LOSS,289643.67866550636,-0.2798687390197245
2021-12-21,312.84332275390625,293.98041076660155,3,1222.821896553863,1222.821896553863,290055.8784509287,41.962485144996236,WIN,290055.8784509287,0.0
2021-12-22,336.2900085449219,306.5864562988281,3,1334.0038305477242,1334.0038305477242,291389.88228147646,43.204552622122065,WIN,291389.88228147646,0.0
2021-12-23,355.6666564941406,329.56420837402345,3,1590.1436164434015,1590.1436164434015,292980.02589791984,46.27601512894879,WIN,292980.02589791984,0.0
2021-12-27,364.64666748046875,348.5533233642578,3,1780.2852242416452,1780.2852242416452,294760.3111221615,48.10819189894912,WIN,294760.3111221615,0.0
2021-12-28,362.8233337402344,357.3537341308594,3,1817.1382976219084,1817.1382976219084,296577.4494197834,47.96133258626553,WIN,296577.4494197834,0.0
2021-12-29,362.0633239746094,355.5668670654297,3,1735.7374448510511,1735.7374448510511,298313.18686463445,46.64301461153045,WIN,298313.18686463445,0.0
2021-12-30,356.7799987792969,354.8220574951172,3,1730.0441454126562,1730.0441454126562,300043.23101004714,46.60542826926973,WIN,300043.23101004714,0.0
2021-12-31,352.260009765625,349.64439880371094,3,1658.6107552909998,1658.6107552909998,301701.84176533815,45.74914229617147,WIN,301701.84176533815,0.0
2022-01-03,399.9266662597656,345.21480957031247,3,1639.5235370663283,1639.5235370663283,303341.36530240445,45.78529656687835,WIN,303341.36530240445,0.0
2022-01-04,383.1966552734375,391.9281329345703,3,2229.724797663415,-389.71850067643345,302951.646801728,51.87736905557718,LOSS,303341.36530240445,-0.12847522469872635
2022-01-05,362.7066650390625,375.53272216796876,3,2196.204136286111,-1651.6130023857659,301300.0337993422,52.908798869853,LOSS,303341.36530240445,-0.6729486105619625
2022-01-06,354.8999938964844,355.45253173828127,3,2127.6299974439053,1961.868644904838,303261.90244424704,53.799809858686466,LOSS,303341.36530240445,-0.026195853004811795
2022-01-07,342.32000732421875,347.8019940185547,3,2089.5280036668223,444.931995366039,303706.8344396131,53.94316392141276,LOSS,303706.8344396131,0.0
2022-01-10,352.7066650390625,335.4736071777344,3,1958.7415139493637,1958.7415139493637,305665.57595356245,52.847210341841475,WIN,305665.57595356245,0.0
2022-01-11,354.79998779296875,345.65253173828125,3,2033.4676778889452,2033.4676778889452,307699.0436314514,53.134024020968674,WIN,307699.0436314514,0.0
2022-01-12,368.739990234375,347.70398803710935,3,1975.87707971885,1975.87707971885,309674.92071117024,51.83539708306764,WIN,309674.92071117024,0.0
2022-01-13,343.85333251953125,361.3651904296875,3,2073.7585404715132,-3179.7988325753663,306495.12187859486,52.198632658452134,LOSS,309674.92071117024,-1.026818324607287
2022-01-14,349.8699951171875,336.9762658691406,3,2052.07668365319,2052.07668365319,308547.198562248,54.47384002648945,WIN,309674.92071117024,-0.36416321552045394
2022-01-18,343.5033264160156,342.8725952148437,3,2020.6525841127357,2020.6525841127357,310567.85114636074,53.20093390569013,WIN,310567.85114636074,0.0
2022-01-19,331.8833312988281,336.6332598876953,3,1997.7916172628502,572.8130406026926,311140.66418696346,53.468767142341946,LOSS,311140.66418696346,0.0
2022-01-20,332.0899963378906,325.24566467285155,3,1928.173905138642,1928.173905138642,313068.8380921021,53.42817758816369,WIN,313068.8380921021,0.0
2022-01-21,314.6333312988281,325.4481964111328,3,1898.627631283724,-1345.8319024076823,311723.0061896944,52.81577735016543,LOSS,313068.8380921021,-0.4298836992558678
2022-01-24,310.0,308.3406646728516,3,1742.9383039568934,1742.9383039568934,313465.9444936513,51.64091534551142,WIN,313465.9444936513,0.0
2022-01-25,306.1333312988281,303.8,3,1636.8482412187195,1636.8482412187195,315102.79273487,49.924946614662865,WIN,315102.79273487,0.0
2022-01-26,312.4700012207031,300.01066467285153,3,1594.250885795339,1594.250885795339,316697.0436206653,49.445705024696935,WIN,316697.0436206653,0.0
2022-01-27,276.3666687011719,306.22060119628907,3,1644.7474960840418,-7311.432252451116,309385.6113682142,49.8160849612324,LOSS,316697.0436206653,-2.308651880315199
2022-01-28,282.1166687011719,270.83933532714843,3,1662.9179172936695,1662.9179172936695,311048.52928550786,54.799184906680715,WIN,316697.0436206653,-1.7835702760532133
2022-01-31,312.239990234375,276.4743353271484,3,1715.6014442366882,1715.6014442366882,312764.13072974456,55.22320615838418,WIN,316697.0436206653,-1.2418533643249114
2022-02-01,310.4166564941406,305.9951904296875,3,2137.2736522390614,2137.2736522390614,314901.4043819836,60.27522694379049,WIN,316697.0436206653,-0.5669895803740089
2022-02-02,301.88665771484375,304.2083233642578,3,1736.2832451325255,1039.7835503083081,315941.18793229194,51.9968361562097,LOSS,316697.0436206653,-0.2386683752181582
2022-02-03,297.0466613769531,295.8489245605469,3,1674.7370831364149,1674.7370831364149,317615.92501542834,51.69372030994191,WIN,317615.92501542834,0.0
2022-02-04,307.7733459472656,291.10572814941406,3,1609.6778367595598,1609.6778367595598,319225.6028521879,50.842914605205564,WIN,319225.6028521879,0.0
2022-02-07,302.4466552734375,301.6178790283203,3,1704.155507126095,1704.155507126095,320929.75835931394,51.62412394224472,WIN,320929.75835931394,0.0
2022-02-08,307.3333435058594,296.39772216796877,3,1659.0038350892978,1659.0038350892978,322588.7621944032,51.281700385977004,WIN,322588.7621944032,0.0
2022-02-09,310.6666564941406,301.1866766357422,3,1668.3867165055076,1668.3867165055076,324257.1489109087,50.906747801943574,WIN,324257.1489109087,0.0
2022-02-10,301.51666259765625,304.4533233642578,3,1689.4925270580836,808.4942970776149,325065.6432079863,50.970846686133335,LOSS,325065.6432079863,0.0
2022-02-11,286.6666564941406,295.4863293457031,3,1603.8953106845854,-1042.0065447841564,324023.63666320214,50.18468999768535,LOSS,325065.6432079863,-0.32055265345820366
2022-02-14,291.9200134277344,280.93332336425783,3,1487.3724689553683,1487.3724689553683,325511.0091321575,49.31875987869273,WIN,325511.0091321575,0.0
2022-02-15,307.4766540527344,286.0816131591797,3,1515.5489192202415,1515.5489192202415,327026.5580513777,49.33959094587828,WIN,327026.5580513777,0.0
2022-02-16,307.7966613769531,301.3271209716797,3,1671.1761022719782,1671.1761022719782,328697.7341536497,50.950016898255114,WIN,328697.7341536497,0.0
2022-02-17,292.1166687011719,301.64072814941403,3,1653.7661782716618,-1203.4516562009849,327494.28249744873,50.538511161740516,LOSS,328697.7341536497,-0.36612715305132826
2022-02-18,285.6600036621094,286.27433532714844,3,1613.6693865142288,1429.3698870025107,328923.65238445124,51.53820846630864,LOSS,328923.65238445124,0.0
2022-02-22,273.84332275390625,279.94680358886717,3,1538.443890777097,-292.6003597111787,328631.0520247401,50.62224225339384,LOSS,328923.65238445124,-0.08895692285733219
2022-02-23,254.67999267578125,268.3664562988281,3,1498.761542828627,-2607.177544085427,326023.87448065466,51.20090383284199,LOSS,328923.65238445124,-0.8815960429647893
2022-02-24,266.92333984375,249.58639282226562,3,1462.3718787692708,1462.3718787692708,327486.2463594239,52.97974347010529,WIN,328923.65238445124,-0.4370029381004408
2022-02-25,269.9566650390625,261.584873046875,3,1572.4364243271948,1572.4364243271948,329058.6827837511,53.96508013934553,WIN,329058.6827837511,0.0
2022-02-28,290.1433410644531,264.5575317382812,3,1359.488712102571,1359.488712102571,330418.1714958537,48.309689185692314,WIN,330418.1714958537,0.0
2022-03-01,288.1233215332031,284.34047424316407,3,1567.5455833273415,1567.5455833273415,331985.71707918105,50.7352314809848,WIN,331985.71707918105,0.0
2022-03-02,293.2966613769531,282.36085510253906,3,1304.521242689079,1304.521242689079,333290.2383218701,44.94758259926641,WIN,333290.2383218701,0.0
2022-03-03,279.7633361816406,287.43072814941405,3,1338.1845712800418,-962.0330190519858,332328.2053028181,45.17851931291013,LOSS,333290.2383218701,-0.2886472234818154
2022-03-04,279.42999267578125,274.16806945800784,3,1305.7605453861447,1305.7605453861447,333633.9658482042,45.87178722240411,WIN,333633.9658482042,0.0
2022-03-07,268.1933288574219,273.8413928222656,3,1300.2234482531737,-394.1957411999492,333239.77010700427,45.777546998008006,LOSS,333633.9658482042,-0.11815216121589267
2022-03-08,274.79998779296875,262.82946228027345,3,1240.5977739009907,1240.5977739009907,334480.3678809053,45.596521553928326,WIN,334480.3678809053,0.0
2022-03-09,286.3233337402344,269.3039880371094,3,1287.610800040314,1287.610800040314,335767.9786809456,45.99252286825205,WIN,335767.9786809456,0.0
2022-03-10,279.4333190917969,280.5968670654297,3,1379.8082045426358,1030.7438124527866,336798.72249339835,46.87505990603594,LOSS,336798.72249339835,0.0
2022-03-11,265.1166687011719,273.84465270996094,3,1351.1506201607797,-1267.24458247594,335531.47791092243,46.982661698637244,LOSS,336798.72249339835,-0.37626169514368013
2022-03-14,255.4566650390625,259.81433532714846,3,1313.474966254465,6.173879828678309,335537.6517907511,47.76980028305279,LOSS,336798.72249339835,-0.3744285884789794
2022-03-15,267.2966613769531,250.34753173828125,3,1246.664739838432,1246.664739838432,336784.31653058954,47.279103672839845,WIN,336798.72249339835,-0.004277321096162038
2022-03-16,280.07666015625,261.95072814941403,3,1346.3464371778134,1346.3464371778134,338130.66296776733,48.3159590636162,WIN,338130.66296776733,0.0
2022-03-17,290.5333251953125,274.47512695312497,3,1398.1363892785091,1398.1363892785091,339528.79935704585,48.01882762131135,WIN,339528.79935704585,0.0
2022-03-18,301.7966613769531,284.72265869140625,3,1485.3188244327641,1485.3188244327641,341014.11818147864,48.81526219453555,WIN,341014.11818147864,0.0
2022-03-21,307.0533447265625,295.76072814941404,3,1517.3631559101461,1517.3631559101461,342531.4813373888,48.255549786351516,WIN,342531.4813373888,0.0
2022-03-22,331.32666015625,300.91227783203124,3,1533.1534783716222,1533.1534783716222,344064.6348157604,48.02636899361262,WIN,344064.6348157604,0.0
2022-03-23,333.03668212890625,324.700126953125,3,1721.9566971970744,1721.9566971970744,345786.5915129575,49.37596288702752,WIN,345786.5915129575,0.0
2022-03-24,337.97332763671875,326.3759484863281,3,1559.0087462326721,1559.0087462326721,347345.60025919013,45.9631765481446,WIN,347345.60025919013,0.0
2022-03-25,336.8800048828125,331.21386108398434,3,1548.9108790887462,1548.9108790887462,348894.5111382789,45.31328698130402,WIN,348894.5111382789,0.0
2022-03-28,363.9466552734375,330.14240478515626,3,1550.496350060298,1550.496350060298,350445.00748833915,45.442796333370254,WIN,350445.00748833915,0.0
2022-03-29,366.5233459472656,356.66772216796875,3,1696.817202713021,1696.817202713021,352141.8246910522,45.838010692405035,WIN,352141.8246910522,0.0
2022-03-30,364.663330078125,359.1928790283203,3,1698.4263853378097,1698.4263853378097,353840.25107639004,45.6502565623796,WIN,353840.25107639004,0.0
2022-03-31,359.20001220703125,357.3700634765625,3,1697.7435904735858,1697.7435904735858,355537.99466686364,45.794207696895896,WIN,355537.99466686364,0.0
2022-04-01,361.5299987792969,352.0160119628906,3,1592.0381453058396,1592.0381453058396,357130.03281216946,44.31609734871073,WIN,357130.03281216946,0.0
2022-04-04,381.8166809082031,354.2993988037109,3,1597.2502249667848,1597.2502249667848,358727.28303713625,44.22251881636995,WIN,358727.28303713625,0.0
2022-04-05,363.7533264160156,374.18034729003904,3,1635.2619059702265,-1492.8443562367975,357234.43868089945,43.32836114810087,LOSS,358727.28303713625,-0.4161502140561364
2022-04-06,348.586669921875,356.4782598876953,3,1682.3763921992936,-685.1005975467929,356549.33808335266,45.591813339699385,LOSS,358727.28303713625,-0.6071311151313028
2022-04-07,352.4200134277344,341.6149365234375,3,1671.3691281446595,1671.3691281446595,358220.7072114973,46.713971327795434,WIN,358727.28303713625,-0.14121474713327306
2022-04-08,341.8299865722656,345.3716131591797,3,1654.1283696495248,591.6403935753101,358812.3476050726,46.04542971398793,LOSS,358812.3476050726,0.0
2022-04-11,325.30999755859375,334.9933868408203,3,1540.519806279989,-1364.4969783879696,357447.8506266846,44.80891420656995,LOSS,358812.3476050726,-0.38028150020350726
2022-04-12,328.98333740234375,318.80379760742187,3,1501.7617607552525,1501.7617607552525,358949.6123874399,45.53462987030718,WIN,358949.6123874399,0.0
2022-04-13,340.7900085449219,322.4036706542969,3,1486.4860410091824,1486.4860410091824,360436.09842844907,44.88656221112339,WIN,360436.09842844907,0.0
2022-04-14,328.3333435058594,333.9742083740234,3,1518.5244715922345,-173.73498885697882,360262.36343959207,44.47297463878864,LOSS,360436.09842844907,-0.048201328783246435
2022-04-18,334.7633361816406,321.76667663574216,3,1496.737328774982,1496.737328774982,361759.10076836706,45.15224335458829,WIN,361759.10076836706,0.0
2022-04-19,342.7166748046875,328.0680694580078,3,1501.458447772466,1501.458447772466,363260.55921613955,44.66637342976203,WIN,363260.55921613955,0.0
2022-04-20,325.73333740234375,335.8623413085937,3,1542.473832294516,-1496.2273395804773,361764.33187655907,44.76950396710184,LOSS,363260.55921613955,-0.41188818924055753
2022-04-21,336.260009765625,319.2186706542969,3,1380.316896280377,1380.316896280377,363144.64877283946,43.02887222982888,WIN,363260.55921613955,-0.031908347977607915
2022-04-22,335.01666259765625,329.5348095703125,3,1454.5405047154604,1454.5405047154604,364599.1892775549,43.6114341252607,WIN,364599.1892775549,0.0
2022-04-25,332.67333984375,328.31632934570314,3,1443.792045462006,1443.792045462006,366042.9813230169,43.505408265120515,WIN,366042.9813230169,0.0
2022-04-26,292.1400146484375,326.019873046875,3,1434.8343539010211,-8729.123165630223,357313.8581573867,43.52809662157739,LOSS,366042.9813230169,-2.3847262783402865
2022-04-27,293.836669921875,286.2972143554687,3,1413.3705987898688,1413.3705987898688,358727.2287561766,47.000298891513395,WIN,366042.9813230169,-1.9986047923657613
2022-04-28,292.5033264160156,287.9599365234375,3,1420.6063595047274,1420.6063595047274,360147.83511568134,46.97840435611433,WIN,366042.9813230169,-1.6105065547298039
2022-04-29,290.2533264160156,286.6532598876953,3,1414.2923555812822,1414.2923555812822,361562.12747126265,46.98139573194033,WIN,366042.9813230169,-1.2241332522095594
2022-05-02,300.9800109863281,284.4482598876953,3,1402.9640681855678,1402.9640681855678,362965.09153944824,46.97115833789168,WIN,366042.9813230169,-0.8408547467414974
2022-05-03,303.0833435058594,294.96041076660157,3,1498.3913851323991,1498.3913851323991,364463.48292458063,47.92885596214902,WIN,366042.9813230169,-0.43150626539194675
2022-05-04,317.5400085449219,297.0216766357422,3,1412.7408759954728,1412.7408759954728,365876.2238005761,45.83113197201564,WIN,366042.9813230169,-0.04555681462272057
2022-05-05,291.09332275390625,311.18920837402345,3,1521.5026928780467,-4507.262993157114,361368.96080741903,46.69299644253263,LOSS,366042.9813230169,-1.2769048319692469
2022-05-06,288.54998779296875,285.2714562988281,3,1497.2404987120096,1497.2404987120096,362866.201306131,49.02109996005691,WIN,366042.9813230169,-0.8678707635381557
2022-05-09,262.3699951171875,282.77898803710934,3,1476.0098368184504,-4646.6880391581035,358219.5132669729,48.834301907062894,LOSS,366042.9813230169,-2.13730858266072
2022-05-10,266.67999267578125,257.1225952148437,3,1454.8790045662845,1454.8790045662845,359674.3922715392,51.677669945188725,WIN,366042.9813230169,-1.7398473339003122
2022-05-11,244.6666717529297,261.3463928222656,3,1465.7723457985585,-3538.143975002219,356136.24829653697,51.355081109642484,LOSS,366042.9813230169,-2.706439825911508
2022-05-12,242.6666717529297,239.7733383178711,3,1420.032247348057,1420.032247348057,357556.280543885,53.38949695577133,WIN,366042.9813230169,-2.318498431101664
2022-05-13,256.5299987792969,237.8133383178711,3,1368.058321595866,1368.058321595866,358924.3388654809,52.28923786514358,WIN,366042.9813230169,-1.9447558950062542
2022-05-16,241.4566650390625,251.39939880371094,3,1520.8163836055528,-1462.0037457889784,357462.3351196919,54.212781740534886,LOSS,366042.9813230169,-2.344163565795288
2022-05-17,253.8699951171875,236.62753173828125,3,1447.2624237418952,1447.2624237418952,358909.59754343383,54.645793733320325,WIN,366042.9813230169,-1.9487831056889442
2022-05-18,236.60333251953125,248.79259521484374,3,1567.029160645227,-2089.749647948521,356819.8478954853,55.827682829746735,LOSS,366042.9813230169,-2.519685910708016
2022-05-19,236.47332763671875,231.87126586914061,3,1484.2433112069962,1484.2433112069962,358304.0912066923,56.492850552312014,WIN,366042.9813230169,-2.1142025694232385
2022-05-20,221.3000030517578,231.74386108398437,3,1453.8180865532886,-1679.3393231146788,356624.7518835776,55.66464014132767,LOSS,366042.9813230169,-2.5729845728494203
2022-05-23,224.96665954589844,216.87400299072266,3,1387.1014753063841,1387.1014753063841,358011.853358884,56.458715502289984,WIN,366042.9813230169,-2.1940396002418665
2022-05-24,209.3866729736328,220.46732635498046,3,1424.9900013784502,-1899.206013025843,356112.64734585816,56.896976778816466,LOSS,366042.9813230169,-2.712887415916788
2022-05-25,219.60000610351562,205.19893951416014,3,1217.9838685747711,1217.9838685747711,357330.63121443294,53.475256941770795,WIN,366042.9813230169,-2.3801440139882684
2022-05-26,235.91000366210938,215.2080059814453,3,1327.5438323517567,1327.5438323517567,358658.1750467847,54.985777974941286,WIN,366042.9813230169,-2.017469710671892
2022-05-27,253.2100067138672,231.19180358886717,3,1529.8714734926477,1529.8714734926477,360188.04652027733,57.894105738632604,WIN,366042.9813230169,-1.5995211222402501
2022-05-31,252.75332641601562,248.14580657958984,3,1735.5014766785655,1735.5014766785655,361923.5479969559,60.334951083366676,WIN,366042.9813230169,-1.1253960699292251
2022-06-01,246.7899932861328,247.69825988769531,3,1706.4184973943231,1433.9385169255725,363357.4865138815,59.655781990331725,LOSS,366042.9813230169,-0.7336555940586698
2022-06-02,258.3333435058594,241.85419342041016,3,1666.4693369973452,1666.4693369973452,365023.95585087885,59.664122869213294,WIN,366042.9813230169,-0.2783895673822063
2022-06-03,234.51666259765625,253.1666766357422,3,1742.9158018771554,-3852.0884095486276,361171.8674413302,59.62569277073485,LOSS,366042.9813230169,-1.3307491552168724
2022-06-06,238.27999877929688,229.82632934570313,3,1600.6078650687896,1600.6078650687896,362772.475306399,60.1440242091818,WIN,366042.9813230169,-0.8934759532328947
2022-06-07,238.8866729736328,233.51439880371095,3,1634.2916630035998,1634.2916630035998,364406.7669694026,60.36605393030361,WIN,366042.9813230169,-0.4470006084259336
2022-06-08,241.86666870117188,234.10893951416014,3,1540.8186486806896,1540.8186486806896,365947.5856180833,57.66272903710354,WIN,366042.9813230169,-0.026061339733607476
2022-06-09,239.7066650390625,237.02933532714843,3,1558.0344907588506,1558.0344907588506,367505.62010884215,57.607894452191495,WIN,367505.62010884215,0.0
2022-06-10,232.22999572753906,234.91253173828125,3,1449.6908842419857,644.9300810193308,368150.5501898615,55.00224145829011,LOSS,368150.5501898615,0.0
2022-06-13,215.73666381835938,227.58539581298828,3,1417.343975295189,-2137.275623093483,366013.274566768,55.36881270568418,LOSS,368150.5501898615,-0.5805439166099973
2022-06-14,220.88999938964844,211.4219305419922,3,1326.2135785767755,1326.2135785767755,367339.48814534483,55.66104541722038,WIN,368150.5501898615,-0.22030716621186439
2022-06-15,233.0,216.47219940185548,3,1330.2932060382036,1330.2932060382036,368669.781351383,54.83458965662926,WIN,368669.781351383,0.0
2022-06-16,213.10000610351562,228.34,3,1408.8448890597747,-3163.1532798855396,365506.6280714975,54.99413317936209,LOSS,368669.781351383,-0.8579909284375816
2022-06-17,216.75999450683594,208.83800598144532,3,1322.097184593325,1322.097184593325,366828.7252560908,56.03637094446435,WIN,368669.781351383,-0.4993780853271182
2022-06-21,237.0366668701172,212.42479461669922,3,1350.3309536640372,1350.3309536640372,368179.05620975484,56.20501916366139,WIN,368669.781351383,-0.133106960876857
2022-06-22,236.086669921875,232.29593353271483,3,1538.090246939535,1538.090246939535,369717.14645669435,57.91956536840078,WIN,369717.14645669435,0.0
2022-06-23,235.07000732421875,231.3649365234375,3,1530.8170457636047,1530.8170457636047,371247.96350245795,57.88849945625208,WIN,371247.96350245795,0.0
2022-06-24,245.7066650390625,230.36860717773436,3,1446.9282636016942,1446.9282636016942,372694.8917660596,55.71353459780768,WIN,372694.8917660596,0.0
2022-06-27,244.9199981689453,240.79253173828124,3,1508.1197201155621,1508.1197201155621,374203.0114861752,55.59830576944019,WIN,374203.0114861752,0.0
2022-06-28,232.663330078125,240.0215982055664,3,1429.829362510724,-777.6510757216934,373425.36041045346,53.61437345606124,LOSS,374203.0114861752,-0.2078152905913876
2022-06-29,228.49000549316406,228.0100634765625,3,1313.877022934334,1313.877022934334,374739.2374333878,52.35216734453706,WIN,374739.2374333878,0.0
2022-06-30,224.47332763671875,223.92020538330078,3,1293.4268743551397,1293.4268743551397,376032.6643077429,52.44240192481491,WIN,376032.6643077429,0.0
2022-07-01,227.26333618164062,219.98386108398438,3,1267.654417428114,1267.654417428114,377300.31872517103,52.35297164475488,WIN,377300.31872517103,0.0
2022-07-05,233.06666564941406,222.71806945800782,3,1247.151180530453,1247.151180530453,378547.46990570147,51.29767042963482,WIN,378547.46990570147,0.0
2022-07-06,231.73333740234375,228.40533233642577,3,1156.0284937070492,1156.0284937070492,379703.49839940853,47.807822327692215,WIN,379703.49839940853,0.0
2022-07-07,244.5433349609375,227.09867065429688,3,1145.3976130259118,1145.3976130259118,380848.89601243444,47.69315142917918,WIN,380848.89601243444,0.0
2022-07-08,250.76333618164062,239.65246826171875,3,1263.203831756277,1263.203831756277,382112.0998441907,49.166983068101636,WIN,382112.0998441907,0.0
2022-07-11,234.3433380126953,245.74806945800782,3,1303.2150366212732,-2118.2043969724787,379993.8954472182,49.374870587563414,LOSS,382112.0998441907,-0.5543410946254269
2022-07-12,233.07000732421875,229.6564712524414,3,1290.1267829815552,1290.1267829815552,381284.0222301998,51.414035240550305,WIN,382112.0998441907,-0.21671064965715137
2022-07-13,237.0399932861328,228.40860717773438,3,1267.4597936662665,1267.4597936662665,382551.48202386603,50.969701221030114,WIN,382551.48202386603,0.0
2022-07-14,238.31333923339844,232.29919342041015,3,1197.4923289889841,1197.4923289889841,383748.974352855,48.41489821496023,WIN,383748.974352855,0.0
2022-07-15,240.06666564941406,233.54707244873046,3,1197.6007828825832,1197.6007828825832,384946.5751357376,48.23936725107494,WIN,384946.5751357376,0.0
2022-07-18,240.54666137695312,235.2653323364258,3,1157.9384820645314,1157.9384820645314,386104.5136178021,46.90381772461892,WIN,386104.5136178021,0.0
2022-07-19,245.52999877929688,235.73572814941406,3,996.1727127783147,996.1727127783147,387100.68633058044,42.392037430419684,WIN,387100.68633058044,0.0
2022-07-20,247.5,240.61939880371094,3,1018.7534188066862,1018.7534188066862,388119.43974938715,42.44438772105144,WIN,388119.43974938715,0.0
2022-07-21,271.7066650390625,242.54999999999998,3,829.7184575705423,829.7184575705423,388949.1582069577,37.17402724173487,WIN,388949.1582069577,0.0
2022-07-22,272.24334716796875,266.27253173828126,3,1142.8506091430095,1142.8506091430095,390092.0088161007,42.821350067510984,WIN,390092.0088161007,0.0
2022-07-25,268.4333190917969,266.79848022460936,3,1142.3470953096487,1142.3470953096487,391234.35591141036,42.75427165205977,WIN,391234.35591141036,0.0
2022-07-26,258.8599853515625,263.0646527099609,3,1099.712260768172,-161.6879467513511,391072.667964659,42.0976528320447,LOSS,391234.35591141036,-0.04132764526129104
2022-07-27,274.82000732421875,253.68278564453124,3,1096.5659484146586,1096.5659484146586,392169.23391307367,43.01940199203288,WIN,392169.23391307367,0.0
2022-07-28,280.8999938964844,269.32360717773435,3,1162.2942642926873,1162.2942642926873,393331.52817736636,42.974142089729064,WIN,393331.52817736636,0.0
2022-07-29,297.1499938964844,275.28199401855466,3,1172.0741055024032,1172.0741055024032,394503.60228286876,42.59893795548291,WIN,394503.60228286876,0.0
2022-08-01,297.27667236328125,291.20699401855467,3,1269.274570673027,1269.274570673027,395772.87685354176,43.25328056904628,WIN,395772.87685354176,0.0
2022-08-02,300.586669921875,291.3311389160156,3,1274.8622438020614,1274.8622438020614,397047.7390973438,43.36556620934738,WIN,397047.7390973438,0.0
2022-08-03,307.39666748046875,294.5749365234375,3,1285.5481475324434,1285.5481475324434,398333.28724487626,43.28835272081949,WIN,398333.28724487626,0.0
2022-08-04,308.6333312988281,301.24873413085936,3,1305.9311390358214,1305.9311390358214,399639.2183839121,43.100247894551686,WIN,399639.2183839121,0.0
2022-08-05,288.1700134277344,302.4606646728516,3,1264.877448967861,-3022.3179245673,396616.9004593448,42.10782366618822,LOSS,399639.2183839121,-0.756261594342311
2022-08-08,290.42333984375,282.4066131591797,3,1321.260778720305,1321.260778720305,397938.1612380651,45.3269534881195,WIN,399639.2183839121,-0.42564820157687644
2022-08-09,283.3333435058594,284.614873046875,3,1189.1030840827793,804.6442217780905,398742.8054598432,42.08176833683178,LOSS,399639.2183839121,-0.22430554430916375
2022-08-10,294.3566589355469,277.6666766357422,3,1185.4547550905472,1185.4547550905472,399928.2602149337,42.67427964601444,WIN,399928.2602149337,0.0
2022-08-11,286.6300048828125,288.46952575683594,3,1251.2944554274904,699.4381932204599,400627.6984081542,43.11736923114789,LOSS,400627.6984081542,0.0
2022-08-12,300.0299987792969,280.89740478515625,3,1252.1147224429087,1252.1147224429087,401879.8131305971,43.89425489370015,WIN,401879.8131305971,0.0
2022-08-15,309.32000732421875,294.02939880371093,3,1343.4125577977206,1343.4125577977206,403223.22568839486,44.61650127116569,WIN,403223.22568839486,0.0
2022-08-16,306.5633239746094,303.13360717773435,3,1390.9042324077584,1390.9042324077584,404614.1299208026,44.74255309486719,WIN,404614.1299208026,0.0
2022-08-17,303.9966735839844,300.4320574951172,3,1388.67774122237,1388.67774122237,406002.807662025,44.961965988384186,WIN,406002.807662025,0.0
2022-08-18,302.8699951171875,297.9167401123047,3,1386.6855228830202,1386.6855228830202,407389.493184908,45.17158869658208,WIN,407389.493184908,0.0
2022-08-19,296.6666564941406,296.8125952148437,3,1167.97307098237,1124.19145477144,408513.68463967944,40.50736564911361,LOSS,408513.68463967944,0.0
2022-08-22,289.913330078125,290.7333233642578,3,1163.0427192024836,917.044733362648,409430.72937304206,40.930802567416876,LOSS,409430.72937304206,0.0
2022-08-23,296.4533386230469,284.1150634765625,3,1147.8013152295143,1147.8013152295143,410578.53068827157,41.187109383619934,WIN,410578.53068827157,0.0
2022-08-24,297.0966796875,290.52427185058593,3,1132.0493627928677,1132.0493627928677,411710.58005106443,40.25794699859569,WIN,411710.58005106443,0.0
2022-08-25,296.07000732421875,291.15474609375,3,1038.8700040342437,1038.8700040342437,412749.4500550987,38.128764667534924,WIN,412749.4500550987,0.0
2022-08-26,288.0899963378906,290.1486071777344,3,1025.939962007342,408.3567100542123,413157.8067651529,37.9201027831741,LOSS,413157.8067651529,0.0
2022-08-29,284.82000732421875,282.3281964111328,3,917.3191015831686,917.3191015831686,414075.12586673605,36.061111514886825,WIN,414075.12586673605,0.0
2022-08-30,277.70001220703125,279.12360717773436,3,910.0612018861517,482.98271067521966,414558.1085774113,36.13436166809061,LOSS,414558.1085774113,0.0
2022-08-31,275.6099853515625,272.1460119628906,3,897.3214207526335,897.3214207526335,415455.4299981639,36.37278736985333,WIN,415455.4299981639,0.0
2022-09-01,277.1600036621094,270.09778564453126,3,866.9892126513836,866.9892126513836,416322.4192108153,35.80691890685022,WIN,416322.4192108153,0.0
2022-09-02,270.2099914550781,271.6168035888672,3,872.9226364686858,450.87899633196776,416773.2982071472,35.832156330090285,LOSS,416773.2982071472,0.0
2022-09-06,274.4200134277344,264.80579162597655,3,730.7929081012011,730.7929081012011,417504.09111524845,32.88883050098924,WIN,417504.09111524845,0.0
2022-09-07,283.70001220703125,268.9316131591797,3,750.7711212659794,750.7711212659794,418254.86223651445,33.095925781684855,WIN,418254.86223651445,0.0
2022-09-08,289.260009765625,278.0260119628906,3,802.4035349450676,802.4035349450676,419057.2657714595,33.707790916788326,WIN,419057.2657714595,0.0
2022-09-09,299.67999267578125,283.4748095703125,3,772.8655626404259,772.8655626404259,419830.1313340999,32.672768500642384,WIN,419830.1313340999,0.0
2022-09-12,304.4200134277344,293.68639282226565,3,821.4487052969637,821.4487052969637,420651.5800393969,33.13058130446384,WIN,420651.5800393969,0.0
2022-09-13,292.1300048828125,298.3316131591797,3,753.4924547035969,-1106.9900282065662,419544.59001119033,31.371736104519975,LOSS,420651.5800393969,-0.2631607916705966
2022-09-14,302.6099853515625,286.28740478515624,3,747.2263304491432,747.2263304491432,420291.8163416395,31.91862364703742,WIN,420651.5800393969,-0.08552534088275417
2022-09-15,303.75,296.55778564453124,3,832.0927490250409,832.0927490250409,421123.9090906645,33.18768867708296,WIN,421123.9090906645,0.0
2022-09-16,303.3500061035156,297.675,3,832.9820518518715,832.9820518518715,421956.8911425164,33.138793051690214,WIN,421956.8911425164,0.0
2022-09-19,309.07000732421875,297.2830059814453,3,831.3283586569285,831.3283586569285,422788.2195011733,33.12665279864199,WIN,422788.2195011733,0.0
2022-09-20,308.7300109863281,302.88860717773434,3,839.834982208627,839.834982208627,423628.0544833819,32.97322979098938,WIN,423628.0544833819,0.0
2022-09-21,300.79998779296875,302.55541076660154,3,810.8953342877797,284.2684421979428,423912.32292557985,32.37300649015185,LOSS,423912.32292557985,0.0
2022-09-22,288.5899963378906,294.7839880371094,3,805.5528250286579,-1052.6446847369732,422859.6782408429,32.71353498539915,LOSS,423912.32292557985,-0.2483166041204619
2022-09-23,275.3299865722656,282.8181964111328,3,836.9263079185823,-1409.5366437415753,421450.1415971013,34.182048100581625,LOSS,423912.32292557985,-0.5808232493658387
2022-09-26,276.010009765625,269.8233868408203,3,864.4356266506713,864.4356266506713,422314.577223752,35.76673268515984,WIN,423912.32292557985,-0.376904754926966
2022-09-27,282.94000244140625,270.4898095703125,3,847.3833581347753,847.3833581347753,423161.96058188676,35.306923222306054,WIN,423912.32292557985,-0.17700885374469855
2022-09-28,287.80999755859375,277.2812023925781,3,888.2851067593679,888.2851067593679,424050.2456886461,35.7657229936446,WIN,424050.2456886461,0.0
2022-09-29,268.2099914550781,282.05379760742187,3,888.955601518194,-3264.186244184929,420786.0594444612,35.429758070827184,LOSS,424050.2456886461,-0.7697640261672194
2022-09-30,265.25,262.8457916259766,3,969.5082651946311,969.5082651946311,421755.56770965585,38.90923013168462,WIN,424050.2456886461,-0.5411335100782115
2022-10-03,242.39999389648438,259.945,3,960.0747822553203,-4303.427048799365,417452.1406608565,38.94080220426074,LOSS,424050.2456886461,-1.555972457243706
2022-10-04,249.44000244140625,237.5519940185547,3,1026.8383168827188,1026.8383168827188,418478.9789777392,43.01937800691517,WIN,424050.2456886461,-1.3138223046797877
2022-10-05,240.80999755859375,244.45120239257812,3,1072.6316653245894,-19.72978487072305,418459.24919286853,43.44287811743986,LOSS,424050.2456886461,-1.3184750044650817
2022-10-06,238.1300048828125,235.99379760742187,3,1019.5572575177812,1019.5572575177812,419478.8064503863,43.004391201892844,WIN,424050.2456886461,-1.0780418794088678
2022-10-07,223.07000732421875,233.36740478515625,3,991.6241924636424,-2097.595045817609,417381.2114045687,42.543683633916245,LOSS,424050.2456886461,-1.5726990732541797
2022-10-10,222.9600067138672,218.60860717773437,3,937.0792371845399,937.0792371845399,418318.29064175324,42.785880429332224,WIN,424050.2456886461,-1.351716006574722
2022-10-11,216.5,218.50080657958983,3,921.9867597313662,321.7447858544158,418640.03542760765,42.35185240501406,LOSS,424050.2456886461,-1.2758417937601736
2022-10-12,217.24000549316406,212.17,3,886.1421834188417,886.1421834188417,419526.1776110265,42.072885029677124,WIN,424050.2456886461,-1.0668707596838272
2022-10-13,221.72000122070312,212.89520538330078,3,842.5691334691559,842.5691334691559,420368.74674449564,40.65398100223214,WIN,424050.2456886461,-0.8681751706503091
2022-10-14,204.99000549316406,217.28560119628906,3,879.9390225130879,-2808.739688424413,417560.00705607125,41.25044887305266,LOSS,424050.2456886461,-1.530535284099383
2022-10-17,219.35000610351562,200.89020538330078,3,873.5843325950848,873.5843325950848,418433.59138866636,43.18779978721946,WIN,424050.2456886461,-1.3245256563543417
2022-10-18,220.19000244140625,214.96300598144532,3,1051.2714427382216,1051.2714427382216,419484.8628314046,46.70050969359005,WIN,424050.2456886461,-1.076613656909321
2022-10-19,222.0399932861328,215.78620239257813,3,1058.2917134826525,1058.2917134826525,420543.15454488725,46.79046116297456,WIN,424050.2456886461,-0.8270461294187981
2022-10-20,207.27999877929688,217.59919342041016,3,1074.8988650481463,-2020.8595272858395,418522.2950176014,47.02030228173973,LOSS,424050.2456886461,-1.3036074680413072
2022-10-21,214.44000244140625,203.13439880371092,3,1035.3658149908285,1035.3658149908285,419557.6608325922,48.03889037263259,WIN,424050.2456886461,-1.0594463514006547
2022-10-24,211.25,210.1512023925781,3,1091.5136292545515,1091.5136292545515,420649.17446184676,48.66761778080775,WIN,424050.2456886461,-0.8020443948278085
2022-10-25,222.4199981689453,207.025,3,1072.1191608431263,1072.1191608431263,421721.2936226899,48.56876538956414,WIN,424050.2456886461,-0.549216063340334
2022-10-26,224.63999938964844,217.9715982055664,3,1174.650237300595,1174.650237300595,422895.9438599905,49.93202534580256,WIN,424050.2456886461,-0.2722087395046863
2022-10-27,225.08999633789062,220.14719940185546,3,1180.5784342582056,1180.5784342582056,424076.52229424875,49.76136205417434,WIN,424076.52229424875,0.0
2022-10-28,228.52000427246094,220.5881964111328,3,1128.406478736771,1128.406478736771,425204.9287729855,48.15876948225161,WIN,425204.9287729855,0.0
2022-10-31,227.5399932861328,223.94960418701172,3,1154.0369213788526,1154.0369213788526,426358.9656943644,48.402925790630626,WIN,426358.9656943644,0.0
2022-11-01,227.82000732421875,222.98919342041015,3,1029.0680530330346,1029.0680530330346,427388.0337473974,44.9140616026023,WIN,427388.0337473974,0.0
2022-11-02,214.97999572753906,223.26360717773437,3,1010.7074184317985,-1474.3760166267944,425913.65773077065,44.34422341595595,LOSS,427388.0337473974,-0.3449736305668743
2022-11-03,215.30999755859375,210.68039581298828,3,986.021525935612,986.021525935612,426899.67925670627,45.33733134277699,WIN,427388.0337473974,-0.11426489562873249
2022-11-04,207.47000122070312,211.00379760742186,3,987.463586594632,-72.67532942098819,426827.00392728526,45.33513432359673,LOSS,427388.0337473974,-0.13126942633207933
2022-11-07,197.0800018310547,203.32060119628906,3,908.0375118698275,-964.1422977004845,425862.86162958475,43.94926282583075,LOSS,427388.0337473974,-0.3568588723553524
2022-11-08,191.3000030517578,193.13840179443358,3,897.5055085460754,345.9858857433461,426208.8475153281,45.12198541025814,LOSS,427388.0337473974,-0.2759052989224019
2022-11-09,177.58999633789062,187.47400299072265,3,871.45043166663,-2093.7515641829787,424115.0959511451,45.1312217110365,LOSS,427388.0337473974,-0.765800054707836
2022-11-10,190.72000122070312,174.03819641113282,3,866.3521709720267,866.3521709720267,424981.44812211714,47.26747620164007,WIN,427388.0337473974,-0.5630914848455164
2022-11-11,195.97000122070312,186.90560119628907,3,1013.8248620624385,1013.8248620624385,425995.2729841796,50.160555275054186,WIN,427388.0337473974,-0.32587734172290517
2022-11-14,190.9499969482422,192.05060119628905,3,982.5843140219919,652.4030396079328,426647.6760237875,48.164179732379175,LOSS,427388.0337473974,-0.17322846339855016
2022-11-15,194.4199981689453,187.13099700927734,3,882.6257459098791,882.6257459098791,427530.3017696974,45.57355671303562,WIN,427530.3017696974,0.0
2022-11-16,186.9199981689453,190.5315982055664,3,906.3331458697962,-177.14686511653326,427353.15490458085,45.834432305448516,LOSS,427530.3017696974,-0.04143492622236972
2022-11-17,183.1699981689453,183.18159820556642,3,883.3226929339376,879.8426819476064,428232.9975865285,46.25738545656783,LOSS,428232.9975865285,0.0
2022-11-18,180.19000244140625,179.5065982055664,3,814.1768044959022,814.1768044959022,429047.1743910244,44.40041176867004,WIN,429047.1743910244,0.0
2022-11-21,167.8699951171875,176.58620239257812,3,775.6822335426359,-1839.1799490745489,427207.9944419498,43.47358702700902,LOSS,429047.1743910244,-0.42866613716429863
2022-11-22,169.91000366210938,164.51259521484374,3,771.9321283864518,771.9321283864518,427979.9265703363,45.41550753762767,WIN,429047.1743910244,-0.24874836250884008
2022-11-23,183.1999969482422,166.5118035888672,3,729.0940726027875,729.0940726027875,428709.0206429391,43.38269608766453,WIN,429047.1743910244,-0.07881505071447663
2022-11-25,182.86000061035156,179.53599700927734,3,899.6998127432183,899.6998127432183,429608.7204556823,47.483378804346316,WIN,429608.7204556823,0.0
2022-11-28,182.9199981689453,179.20280059814453,3,896.9926008445067,896.9926008445067,430505.71305652685,47.44585122194903,WIN,430505.71305652685,0.0
2022-11-29,180.8300018310547,179.2615982055664,3,889.7970138451469,889.7970138451469,431395.51007037197,47.175016940846284,WIN,431395.51007037197,0.0
2022-11-30,194.6999969482422,177.2134017944336,3,879.1052687032654,879.1052687032654,432274.6153390752,47.15580785383836,WIN,432274.6153390752,0.0
2022-12-01,194.6999969482422,190.80599700927735,3,1050.188727016338,1050.188727016338,433324.80406609154,50.67717314997388,WIN,433324.80406609154,0.0
2022-12-02,194.86000061035156,190.80599700927735,3,1014.5587251791271,1014.5587251791271,434339.36279127066,49.46674524099074,WIN,434339.36279127066,0.0
2022-12-05,182.4499969482422,190.96280059814453,3,1015.286334122685,-1538.5547608480163,432800.80803042266,49.46314201474395,LOSS,434339.36279127066,-0.354228718981516
2022-12-06,179.82000732421875,178.80099700927735,3,982.8530167516113,982.8530167516113,433783.66104717425,50.6314702815814,WIN,434339.36279127066,-0.12794183343761636
2022-12-07,174.0399932861328,176.22360717773438,3,943.3754570555932,288.2912895751231,434071.95233674935,49.70048869243417,LOSS,434339.36279127066,-0.061567170150731584
2022-12-08,173.44000244140625,170.55919342041014,3,914.9609057769785,914.9609057769785,434986.91324252635,49.7730278875098,WIN,434986.91324252635,0.0
2022-12-09,179.0500030517578,169.97120239257814,3,849.1849353340834,849.1849353340834,435836.09817786043,47.384861110046835,WIN,435836.09817786043,0.0
2022-12-12,167.82000732421875,175.46900299072266,3,811.3030342109453,-1483.395665740227,434352.7025121202,44.970762773651,LOSS,435836.09817786043,-0.3403563109944339
2022-12-13,160.9499969482422,164.46360717773436,3,792.3262594920134,-261.7568093556383,434090.94570276455,46.228371891796655,LOSS,435836.09817786043,-0.40041485374708413
2022-12-14,156.8000030517578,157.73099700927733,3,770.0752579849702,490.7770707291146,434581.7227734937,46.646903728853864,LOSS,435836.09817786043,-0.28780897443122283
2022-12-15,157.6699981689453,153.66400299072265,3,744.6838663269316,744.6838663269316,435326.4066398206,46.413397278646286,WIN,435836.09817786043,-0.11694569132082942
2022-12-16,150.22999572753906,154.5165982055664,3,740.2617121763719,-545.719031231828,434780.6876085888,46.0545509333828,LOSS,435836.09817786043,-0.24215767663213436
2022-12-19,149.8699951171875,147.22539581298827,3,721.7149946446726,721.7149946446726,435502.40260323347,46.7759177195078,WIN,435836.09817786043,-0.07656446449068315
2022-12-20,137.8000030517578,146.87259521484376,3,719.7975241573394,-2001.9801247684436,433500.422478465,46.76762035908555,LOSS,435836.09817786043,-0.535906894624009
2022-12-21,137.57000732421875,135.04400299072265,3,678.9932466799294,678.9932466799294,434179.41572514497,47.59156808459356,WIN,435836.09817786043,-0.38011593340746913
2022-12-22,125.3499984741211,134.81860717773438,3,673.574121235781,-2167.008489848204,432012.40723529673,47.385504097538345,LOSS,435836.09817786043,-0.8773231401780969
2022-12-23,123.1500015258789,122.84299850463867,3,585.2611330378162,585.2611330378162,432597.66836833453,45.88263719384156,WIN,435836.09817786043,-0.743038454837747
2022-12-27,109.0999984741211,120.68700149536133,3,572.2364052207286,-2903.8645011513418,429693.8038671832,45.73477873716221,LOSS,435836.09817786043,-1.409312889950342
2022-12-28,112.70999908447266,106.91799850463867,3,574.1105202089801,574.1105202089801,430267.9143873922,49.80645469255401,WIN,435836.09817786043,-1.277586646390162
2022-12-29,121.81999969482422,110.4557991027832,3,617.3874898668703,617.3874898668703,430885.30187725904,51.23134091958259,WIN,435836.09817786043,-1.135930759590505
2022-12-30,123.18000030517578,119.38359970092773,3,674.275185950803,674.275185950803,431559.57706320984,51.61066454023832,WIN,435836.09817786043,-0.9812223293411974
2023-01-03,108.0999984741211,120.71640029907226,3,686.9504836797726,-3097.9700638055774,428461.60699940426,51.887078631461996,LOSS,435836.09817786043,-1.6920331310984509
2023-01-04,113.63999938964844,105.93799850463867,3,665.0745296584513,665.0745296584513,429126.68152906274,55.694306975886846,WIN,435836.09817786043,-1.5394357367020213
2023-01-05,110.33999633789062,111.36719940185547,3,728.5478786411029,420.3869594516486,429547.0684885144,57.40488638333288,LOSS,435836.09817786043,-1.4429804496780214
2023-01-06,113.05999755859375,108.13319641113281,3,707.2706002186893,707.2706002186893,430254.3390887331,57.39763866032157,WIN,435836.09817786043,-1.2807014179099723
2023-01-09,119.7699966430664,110.79879760742188,3,737.9174327710028,737.9174327710028,430992.2565215041,58.170574415577164,WIN,435836.09817786043,-1.1113906527264354
2023-01-10,118.8499984741211,117.37459671020508,3,821.1266130890926,821.1266130890926,431813.3831345932,60.347267137463454,WIN,435836.09817786043,-0.9229880361184779
2023-01-11,123.22000122070312,116.47299850463867,3,798.8440185931017,798.8440185931017,432612.2271531863,59.458195975261546,WIN,435836.09817786043,-0.7396980282616525
2023-01-12,123.55999755859375,120.75560119628906,3,832.7459188708674,832.7459188708674,433444.9730720571,59.701318471219544,WIN,435836.09817786043,-0.5486294310636733
2023-01-13,122.4000015258789,121.08879760742187,3,831.1550526918004,831.1550526918004,434276.12812474894,59.4931534033594,WIN,435836.09817786043,-0.35792584864663635
2023-01-17,131.49000549316406,119.95200149536133,3,821.9020096471083,821.9020096471083,435098.03013439605,59.41479355559272,WIN,435836.09817786043,-0.16934532191117152
2023-01-18,128.77999877929688,128.86020538330078,3,931.531299562583,907.4693183614114,436005.4994527575,61.85907776548719,LOSS,436005.4994527575,0.0
2023-01-19,127.16999816894531,126.20439880371093,3,902.3071361930662,902.3071361930662,436907.80658895057,61.34415885996903,WIN,436907.80658895057,0.0
2023-01-20,133.4199981689453,124.62659820556641,3,891.1922411342368,891.1922411342368,437798.9988300848,61.35277727336018,WIN,437798.9988300848,0.0
2023-01-23,143.75,130.7515982055664,3,911.4407556181588,911.4407556181588,438710.43958570296,60.18523473296917,WIN,438710.43958570296,0.0
2023-01-24,143.88999938964844,140.875,3,1026.3256780017546,1026.3256780017546,439736.7652637047,62.224391446128635,WIN,439736.7652637047,0.0
2023-01-25,144.42999267578125,141.01219940185547,3,956.1373093027512,956.1373093027512,440692.90257300745,58.95200414163586,WIN,440692.90257300745,0.0
2023-01-26,160.27000427246094,141.54139282226564,3,954.1466385248701,954.1466385248701,441647.04921153234,58.69651124839316,WIN,441647.04921153234,0.0
2023-01-27,177.89999389648438,157.06460418701172,3,985.1061809386838,985.1061809386838,442632.155392471,55.65554845380697,WIN,442632.155392471,0.0
2023-01-30,166.66000366210938,174.3419940185547,3,1173.1523232115837,-1131.4447837220096,441500.710608749,58.61817599360883,LOSS,442632.155392471,-0.25561739470074607
2023-01-31,173.22000122070312,163.3268035888672,3,1131.9020798229812,1131.9020798229812,442632.612688572,59.92276709893727,WIN,442632.612688572,0.0
2023-02-01,181.41000366210938,169.75560119628906,3,1180.3951930294768,1180.3951930294768,443813.00788160146,60.07320326064656,WIN,443813.00788160146,0.0
2023-02-02,188.27000427246094,177.78180358886718,3,1007.817014463797,1007.817014463797,444820.8248960652,51.745950243973816,WIN,444820.8248960652,0.0
2023-02-03,189.97999572753906,184.50460418701172,3,1039.8179400290514,1039.8179400290514,445860.64283609425,51.53130631100166,WIN,445860.64283609425,0.0
2023-02-06,194.75999450683594,186.18039581298828,3,1011.3355639348864,1011.3355639348864,446871.9784000291,50.21084396228227,WIN,446871.9784000291,0.0
2023-02-07,196.80999755859375,190.8647946166992,3,1036.731104084137,1036.731104084137,447908.70950411324,50.20913887882364,WIN,447908.70950411324,0.0
2023-02-08,201.2899932861328,192.87379760742186,3,1037.0759162809854,1037.0759162809854,448945.7854203942,49.85398352739979,WIN,448945.7854203942,0.0
2023-02-09,207.32000732421875,197.26419342041015,3,1043.5764137366345,1043.5764137366345,449989.36183413083,49.29186443603995,WIN,449989.36183413083,0.0
2023-02-10,196.88999938964844,203.17360717773437,3,1073.6034203093293,-811.4789161164499,449177.88291801437,49.252454617232395,LOSS,449989.36183413083,-0.18033291116237166
2023-02-13,194.63999938964844,192.95219940185547,3,1092.8979835324483,1092.8979835324483,450270.7809015468,51.715123695394325,WIN,450270.7809015468,0.0
2023-02-14,209.25,190.74719940185545,3,1082.2996131449388,1082.2996131449388,451353.08051469177,51.7793828275568,WIN,451353.08051469177,0.0
2023-02-15,214.24000549316406,205.065,3,1164.6789037143467,1164.6789037143467,452517.7594184061,51.8154209853226,WIN,452517.7594184061,0.0
2023-02-16,202.0399932861328,209.95520538330078,3,1160.9228833797406,-1213.6407457706491,451304.11867263546,50.841966509434656,LOSS,452517.7594184061,-0.2681973735860602
2023-02-17,208.30999755859375,197.99919342041017,3,1168.1304129791665,1168.1304129791665,452472.24908561463,53.24221285803932,WIN,452517.7594184061,-0.010057137392789989
2023-02-21,197.3699951171875,204.14379760742187,3,1196.4193336325154,-835.7214134377966,451636.52767217683,52.989391503531586,LOSS,452517.7594184061,-0.1947397042188751
2023-02-22,200.86000061035156,193.42259521484374,3,1159.9826214389648,1159.9826214389648,452796.5102936158,53.874013495086494,WIN,452796.5102936158,0.0
2023-02-23,202.07000732421875,196.84280059814452,3,1176.9464363412778,1176.9464363412778,453973.4567299571,53.75718868292006,WIN,453973.4567299571,0.0
2023-02-24,196.8800048828125,198.02860717773436,3,1183.2586395762419,838.6779510996845,454812.1346810568,53.731726425440336,LOSS,454812.1346810568,0.0
2023-02-27,207.6300048828125,192.94240478515624,3,1054.3828251847106,1054.3828251847106,455866.5175062415,50.42303272184609,WIN,455866.5175062415,0.0
2023-02-28,205.7100067138672,203.47740478515624,3,987.0685736633598,987.0685736633598,456853.58607990487,46.4446119475176,WIN,456853.58607990487,0.0
2023-03-01,202.77000427246094,201.59580657958983,3,892.7436699521169,892.7436699521169,457746.32974985696,43.70518762008774,WIN,457746.32974985696,0.0
2023-03-02,190.89999389648438,198.7146041870117,3,874.891620751999,-1469.4914664061992,456276.83828345075,43.53905414843453,LOSS,457746.32974985696,-0.32102747109064467
2023-03-03,197.7899932861328,187.0819940185547,3,863.5335645975687,863.5335645975687,457140.3718480483,44.92005151557487,WIN,457746.32974985696,-0.1323785385979614
2023-03-06,193.80999755859375,193.83419342041014,3,892.770586319146,885.5118277742275,458025.8836758225,44.85551632302153,LOSS,458025.8836758225,0.0
2023-03-07,187.7100067138672,189.93379760742187,3,882.3134394118758,215.1761713454723,458241.059847168,45.11173273437733,LOSS,458241.059847168,0.0
2023-03-08,182.0,183.95580657958985,3,860.5822085956565,273.8402347187024,458514.9000818867,45.32452220490241,LOSS,458514.9000818867,0.0
2023-03-09,172.9199981689453,178.35999999999999,3,843.9271353857716,-788.0734139306301,457726.826667956,45.67062259464133,LOSS,458514.9000818867,-0.17187520270113704
2023-03-10,173.44000244140625,169.4615982055664,3,819.194913573066,819.194913573066,458546.02158152906,46.33509772660615,WIN,458546.02158152906,0.0
2023-03-13,174.47999572753906,169.97120239257814,3,803.5235518660561,803.5235518660561,459349.5451333951,45.643500070566205,WIN,459349.5451333951,0.0
2023-03-14,183.25999450683594,170.99039581298828,3,783.2208574321796,783.2208574321796,460132.7659908273,44.69119184356523,WIN,460132.7659908273,0.0
2023-03-15,180.4499969482422,179.5947946166992,3,865.9402688078908,865.9402688078908,460998.70625963516,46.254265390374655,WIN,460998.70625963516,0.0
2023-03-16,184.1300048828125,176.84099700927734,3,757.3402246420143,757.3402246420143,461756.0464842772,42.76023727009655,WIN,461756.0464842772,0.0
2023-03-17,180.1300048828125,180.44740478515624,3,769.4476964347697,674.2277257316484,462430.27421000885,42.6403518934022,LOSS,462430.27421000885,0.0
2023-03-20,183.25,176.52740478515625,3,713.447969204477,713.447969204477,463143.7221792133,41.19782724603735,WIN,463143.7221792133,0.0
2023-03-21,197.5800018310547,179.585,3,711.3691931467291,711.3691931467291,463855.09137236,40.67675273422808,WIN,463855.09137236,0.0
2023-03-22,191.14999389648438,193.6284017944336,3,841.3622052471651,97.83983586240186,463952.9312082224,43.16625084754661,LOSS,463952.9312082224,0.0
2023-03-23,192.22000122070312,187.32699401855467,3,825.5534421424818,825.5534421424818,464778.4846503649,43.56669070945925,WIN,464778.4846503649,0.0
2023-03-24,190.41000366210938,188.37560119628907,3,830.0641002731443,830.0641002731443,465608.54875063803,43.56288585499167,WIN,465608.54875063803,0.0
2023-03-27,191.80999755859375,186.60180358886717,3,813.4646979767597,813.4646979767597,466422.0134486148,43.25777598056229,WIN,466422.0134486148,0.0
2023-03-28,189.19000244140625,187.97379760742186,3,764.150412410409,764.150412410409,467186.1638610252,41.35097207156507,WIN,467186.1638610252,0.0
2023-03-29,193.8800048828125,185.4062023925781,3,754.9671937066028,754.9671937066028,467941.1310547318,41.39483345821388,WIN,467941.1310547318,0.0
2023-03-30,195.27999877929688,190.00240478515624,3,785.0097780204073,785.0097780204073,468726.14083275216,41.781264146493434,WIN,468726.14083275216,0.0
2023-03-31,207.4600067138672,191.37439880371093,3,726.5396072488394,726.5396072488394,469452.680440001,39.608806975048495,WIN,469452.680440001,0.0
2023-04-03,194.77000427246094,203.31080657958984,3,822.3886641761942,-1739.8520279624759,467712.82841203857,41.21994379680341,LOSS,469452.680440001,-0.3706128648220199
2023-04-04,192.5800018310547,190.87460418701173,3,834.5467800059414,834.5467800059414,468547.37519204454,43.34116122748434,WIN,469452.680440001,-0.19284270506411202
2023-04-05,185.52000427246094,188.72840179443358,3,809.3607830918734,-153.1584734999194,468394.2167185446,42.798412771697755,LOSS,469452.680440001,-0.2254676063334762
2023-04-06,185.05999755859375,181.80960418701173,3,787.0133575907093,787.0133575907093,469181.2300761353,43.059529629119055,WIN,469452.680440001,-0.05782273169923828
2023-04-10,184.50999450683594,181.35879760742188,3,738.3452657883689,738.3452657883689,469919.5753419237,41.389792239668104,WIN,469919.5753419237,0.0
2023-04-11,186.7899932861328,180.81979461669923,3,736.9363590022156,736.9363590022156,470656.5117009259,41.41795019305907,WIN,470656.5117009259,0.0
2023-04-12,180.5399932861328,183.05419342041014,3,747.2590734223909,-7.000966860808489,470649.5107340651,41.461022328209715,LOSS,470656.5117009259,-0.0014874896419673933
2023-04-13,185.89999389648438,176.92919342041014,3,703.1217150699268,703.1217150699268,471352.632449135,40.76001535205455,WIN,471352.632449135,0.0
2023-04-14,185.0,182.1819940185547,3,734.193952218727,734.193952218727,472086.82640135376,41.122843940759346,WIN,472086.82640135376,0.0
2023-04-17,187.0399932861328,181.29999999999998,3,724.87533514919,724.87533514919,472811.70173650293,40.9167549774237,WIN,472811.70173650293,0.0
2023-04-18,184.30999755859375,183.29919342041015,3,724.6423535756312,724.6423535756312,473536.34409007855,40.62584909437922,WIN,473536.34409007855,0.0
2023-04-19,180.58999633789062,180.62379760742186,3,714.3114231988183,704.1710423394467,474240.515132418,40.63466997816918,LOSS,474240.515132418,0.0
2023-04-20,162.99000549316406,176.9781964111328,3,583.6062628951449,-3612.85101249548,470627.66411992256,36.37545083493038,LOSS,474240.515132418,-0.7618182962471433
2023-04-21,165.0800018310547,159.73020538330078,3,657.4865167392246,657.4865167392246,471285.1506366618,41.68178653664522,WIN,474240.515132418,-0.6231784087302242
2023-04-24,162.5500030517578,161.7784017944336,3,669.5859871730567,669.5859871730567,471954.7366238349,41.828779739877746,WIN,474240.515132418,-0.4819871849086753
2023-04-25,160.6699981689453,159.29900299072264,3,660.256313388619,660.256313388619,472614.9929372235,41.86671753291796,WIN,474240.515132418,-0.34276324846278017
2023-04-26,153.75,157.4565982055664,3,649.3864624774309,-462.59299919248735,472152.39993803104,41.73360154458726,LOSS,474240.515132418,-0.44030721285041013
2023-04-27,160.19000244140625,150.675,3,637.6241160543902,637.6241160543902,472790.0240540854,42.430810423045585,WIN,474240.515132418,-0.3058555800378174
2023-04-28,164.30999755859375,156.98620239257812,3,685.3443690183709,685.3443690183709,473475.3684231038,43.298438342373046,WIN,474240.515132418,-0.16134148915989455
2023-05-01,161.8300018310547,161.02379760742187,3,716.247490359713,716.247490359713,474191.6159134635,43.83288851596146,WIN,474240.515132418,-0.010311058923517205
2023-05-02,160.30999755859375,158.5934017944336,3,628.1090925488234,628.1090925488234,474819.72500601236,40.67231718932943,WIN,474819.72500601236,0.0
2023-05-03,160.61000061035156,157.10379760742188,3,580.7219623707871,580.7219623707871,475400.44696838316,38.960543894727095,WIN,475400.44696838316,0.0
2023-05-04,161.1999969482422,157.39780059814453,3,583.6690026801238,583.6690026801238,475984.11597106326,39.037155581848154,WIN,475984.11597106326,0.0
2023-05-05,170.05999755859375,157.97599700927734,3,573.5968235095756,573.5968235095756,476557.7127945728,38.535896038357414,WIN,476557.7127945728,0.0
2023-05-08,171.7899932861328,166.65879760742186,3,667.218372898397,667.218372898397,477224.9311674712,40.951045369356905,WIN,477224.9311674712,0.0
2023-05-09,169.14999389648438,168.35419342041016,3,677.0391339637316,677.0391339637316,477901.970301435,41.067833493407164,WIN,477901.970301435,0.0
2023-05-10,168.5399932861328,165.7669940185547,3,664.6222759954884,664.6222759954884,478566.5925774305,40.989141612885724,WIN,478566.5925774305,0.0
2023-05-11,172.0800018310547,165.16919342041015,3,647.6497582647108,647.6497582647108,479214.2423356952,40.417115600130224,WIN,479214.2423356952,0.0
2023-05-12,167.97999572753906,168.63840179443358,3,652.7992738324754,455.2774537641211,479669.5197894593,40.09217393401655,LOSS,479669.5197894593,0.0
2023-05-15,166.35000610351562,164.62039581298828,3,643.8950316015668,643.8950316015668,480313.41482106084,40.35400296727909,WIN,480313.41482106084,0.0
2023-05-16,166.52000427246094,163.02300598144532,3,633.8876729306478,633.8876729306478,480947.3024939915,40.20452479996182,WIN,480947.3024939915,0.0
2023-05-17,173.86000061035156,163.18960418701172,3,633.5914924683473,633.5914924683473,481580.8939864599,40.167029168680045,WIN,481580.8939864599,0.0
2023-05-18,176.88999938964844,170.38280059814454,3,693.9167292636894,693.9167292636894,482274.81071572355,41.399561281690055,WIN,482274.81071572355,0.0
2023-05-19,180.13999938964844,173.35219940185547,3,521.6976154003228,521.6976154003228,482796.50833112386,34.50763404781617,WIN,482796.50833112386,0.0
2023-05-22,188.8699951171875,176.53719940185547,3,534.1205499250029,534.1205499250029,483330.6288810489,34.61183176999364,WIN,483330.6288810489,0.0
2023-05-23,185.77000427246094,185.09259521484375,3,590.9069546243172,590.9069546243172,483921.5358356732,35.6940341284019,WIN,483921.5358356732,0.0
2023-05-24,182.89999389648438,182.0546041870117,3,585.9272554208662,585.9272554208662,484507.4630910941,35.86205749805275,WIN,484507.4630910941,0.0
2023-05-25,184.47000122070312,179.2419940185547,3,529.3221532656419,529.3221532656419,485036.78524435975,34.142356857741575,WIN,485036.78524435975,0.0
2023-05-26,193.1699981689453,180.78060119628907,3,505.6456479256143,505.6456479256143,485542.43089228537,33.13049041958746,WIN,485542.43089228537,0.0
2023-05-30,201.16000366210938,189.30659820556642,3,561.2708592173734,561.2708592173734,486103.70175150275,34.21860441208315,WIN,486103.70175150275,0.0
2023-05-31,203.92999267578125,197.1368035888672,3,594.2575711894048,594.2575711894048,486697.9593226922,34.53989013051229,WIN,486697.9593226922,0.0
2023-06-01,207.52000427246094,199.8513928222656,3,590.6796675806381,590.6796675806381,487288.6389902728,34.1584313373325,WIN,487288.6389902728,0.0
2023-06-02,213.97000122070312,203.3696041870117,3,598.4809090149887,598.4809090149887,487887.1198992878,34.07565074539255,WIN,487887.1198992878,0.0
2023-06-05,217.61000061035156,209.69060119628907,3,622.4952117666005,622.4952117666005,488509.61511105445,34.24297230063713,WIN,488509.61511105445,0.0
2023-06-06,221.30999755859375,213.25780059814454,3,582.9017413745037,582.9017413745037,489092.51685242896,32.71762605277599,WIN,489092.51685242896,0.0
2023-06-07,224.57000732421875,216.88379760742188,3,593.1460724132056,593.1460724132056,489685.66292484215,32.72758818006585,WIN,489685.66292484215,0.0
2023-06-08,234.86000061035156,220.07860717773437,3,574.4015733901211,574.4015733901211,490260.06449823227,31.918150980869896,WIN,490260.06449823227,0.0
2023-06-09,244.39999389648438,230.1628005981445,3,618.9758050985071,618.9758050985071,490879.04030333075,32.43225797922925,WIN,490879.04030333075,0.0
2023-06-12,249.8300018310547,239.51199401855467,3,662.2896625108228,662.2896625108228,491541.32996584155,32.924036279177464,WIN,491541.32996584155,0.0
2023-06-13,258.7099914550781,244.8334017944336,3,609.6600330209684,609.6600330209684,492150.9899988625,31.14106412207141,WIN,492150.9899988625,0.0
2023-06-14,256.7900085449219,253.53579162597657,3,599.8262707526459,599.8262707526459,492750.81626961514,30.33561898140257,WIN,492750.81626961514,0.0
2023-06-15,255.89999389648438,251.65420837402343,3,613.1739618115101,613.1739618115101,493363.99023142667,30.794090106602333,WIN,493363.99023142667,0.0
2023-06-16,260.5400085449219,250.78199401855468,3,613.2977082778856,613.2977082778856,493977.28793970455,30.852220148992128,WIN,493977.28793970455,0.0
2023-06-20,274.45001220703125,255.32920837402344,3,624.3055827682009,624.3055827682009,494601.5935224728,30.849363436912583,WIN,494601.5935224728,0.0
2023-06-21,259.4599914550781,268.9610119628906,3,702.517584844688,-2147.7885674990575,492453.8049549737,31.9310141963727,LOSS,494601.5935224728,-0.43424618837211565
2023-06-22,264.6099853515625,254.27079162597656,3,819.9861761431068,819.9861761431068,493273.7911311168,35.90379607679398,WIN,494601.5935224728,-0.26845897966069604
2023-06-23,256.6000061035156,259.3177856445312,3,799.7471918247354,-15.586670479945269,493258.2044606368,34.99104624188007,LOSS,494601.5935224728,-0.2716103383874167
2023-06-26,241.0500030517578,251.46800598144532,3,813.3701008849462,-2312.030778021305,490946.1736826155,35.96624083797714,LOSS,494601.5935224728,-0.7390634983247734
2023-06-27,250.2100067138672,236.22900299072265,3,915.3216553733303,915.3216553733303,491861.49533798883,40.116297854078574,WIN,494601.5935224728,-0.5540010829664748
2023-06-28,256.239990234375,245.20580657958985,3,936.8048331037189,936.8048331037189,492798.30017109256,39.76472312146781,WIN,494601.5935224728,-0.3645951357611787
2023-06-29,257.5,251.1151904296875,3,941.5997176519029,941.5997176519029,493739.89988874446,39.305717124763675,WIN,494601.5935224728,-0.17421974474272683
2023-06-30,261.7699890136719,252.35,3,947.6673686627123,947.6673686627123,494687.5672574072,39.342642554296134,WIN,494687.5672574072,0.0
2023-07-03,279.82000732421875,256.53458923339844,3,963.1101209914832,963.1101209914832,495650.67737839866,39.33577159583892,WIN,495650.67737839866,0.0
2023-07-05,282.4800109863281,274.2236071777344,3,1107.226853750345,1107.226853750345,496757.904232149,41.172600450989535,WIN,496757.904232149,0.0
2023-07-06,276.5400085449219,276.8304107666016,3,1117.987056521422,1030.8663900175122,497788.7706221665,41.178097613143635,LOSS,497788.7706221665,0.0
2023-07-07,274.42999267578125,271.00920837402344,3,1123.7156204591263,1123.7156204591263,498912.48624262563,41.877413613106,WIN,498912.48624262563,0.0
2023-07-10,269.6099853515625,268.94139282226564,3,1123.8502435283942,1123.8502435283942,500036.336486154,42.0873112871485,WIN,500036.336486154,0.0
2023-07-11,269.7900085449219,264.21778564453126,3,1087.9157331522038,1087.9157331522038,501124.2522193062,41.68998399263624,WIN,501124.2522193062,0.0
2023-07-12,271.989990234375,264.39420837402344,3,1059.5419377367623,1059.5419377367623,502183.7941570429,40.9765408475847,WIN,502183.7941570429,0.0
2023-07-13,277.8999938964844,266.5501904296875,3,1060.7190526879754,1060.7190526879754,503244.5132097309,40.79505611495219,WIN,503244.5132097309,0.0
2023-07-14,281.3800048828125,272.34199401855466,3,1065.5412615093971,1065.5412615093971,504310.0544712403,40.3612563111644,WIN,504310.0544712403,0.0
2023-07-17,290.3800048828125,275.7524047851563,3,1076.6447004104225,1076.6447004104225,505386.69917165075,40.308604718092525,WIN,505386.69917165075,0.0
2023-07-18,293.3399963378906,284.57240478515627,3,1127.8926904864975,1127.8926904864975,506514.59186213725,40.691537936635044,WIN,506514.59186213725,0.0
2023-07-19,291.260009765625,287.4731964111328,3,1135.966650304558,1135.966650304558,507650.5585124418,40.61434932066847,WIN,507650.5585124418,0.0
2023-07-20,262.8999938964844,285.4348095703125,3,1063.246982176255,-5697.1977199721805,501953.36079246964,39.145840509841776,LOSS,507650.5585124418,-1.1222675961721695
2023-07-21,260.0199890136719,257.64199401855467,3,1127.809174653204,1127.809174653204,503081.16996712284,43.37488276667938,WIN,507650.5585124418,-0.9001050956604006
2023-07-24,269.05999755859375,254.81958923339843,3,1109.8695348672318,1109.8695348672318,504191.0395019901,43.23281767802116,WIN,507650.5585124418,-0.6814764511614244
2023-07-25,265.2799987792969,263.67879760742187,3,1151.1923160875208,1151.1923160875208,505342.2318180776,43.30008740813243,WIN,507650.5585124418,-0.45470780158860397
2023-07-26,264.3500061035156,259.9743988037109,3,1040.3318445686214,1040.3318445686214,506382.5636626462,40.93919023649816,WIN,507650.5585124418,-0.2497771013019609
2023-07-27,255.7100067138672,259.0630059814453,3,1008.8173826751229,2.9176024016846895,506385.4812650479,40.24191272188095,LOSS,507650.5585124418,-0.2492023747794014
2023-07-28,266.44000244140625,250.59580657958983,3,993.3276416181991,993.3276416181991,507378.8089066661,40.694124605268385,WIN,507650.5585124418,-0.05353083951527538
2023-07-31,267.42999267578125,261.1112023925781,3,1076.741299649523,1076.741299649523,508455.55020631565,41.73012384703385,WIN,508455.55020631565,0.0
2023-08-01,261.07000732421875,262.0813928222656,3,1075.4286844438718,772.0130350298086,509227.56324134546,41.59870741642432,LOSS,509227.56324134546,0.0
2023-08-02,254.11000061035156,255.84860717773438,3,937.5780219476217,415.99605173277655,509643.55929307826,38.75414841997389,LOSS,509643.55929307826,0.0
2023-08-03,259.32000732421875,249.02780059814452,3,921.5564784688806,921.5564784688806,510565.11577154713,38.98773420243917,WIN,510565.11577154713,0.0
2023-08-04,253.86000061035156,254.13360717773438,3,948.3633546033125,866.2813843884684,511431.3971559356,39.18954880012637,LOSS,511431.3971559356,0.0
2023-08-07,251.4499969482422,248.78280059814452,3,936.3091687118169,936.3091687118169,512367.7063246474,39.395741793952325,WIN,512367.7063246474,0.0
2023-08-08,249.6999969482422,246.42099700927733,3,923.1135011977648,923.1135011977648,513290.8198258452,39.28244964900648,WIN,513290.8198258452,0.0
2023-08-09,242.19000244140625,244.70599700927733,3,916.6626319846588,161.86426162333612,513452.68408746854,39.2817520025845,LOSS,513452.68408746854,0.0
2023-08-10,245.33999633789062,237.3462023925781,3,901.6236489985916,901.6236489985916,514354.30773646716,39.62397216418944,WIN,514354.30773646716,0.0
2023-08-11,242.64999389648438,240.4331964111328,3,903.3184108184978,903.3184108184978,515257.6261472857,39.35350845159684,WIN,515257.6261472857,0.0
2023-08-14,239.75999450683594,237.79699401855467,3,885.0249863102744,885.0249863102744,516142.65113359597,39.12483079284816,WIN,516142.65113359597,0.0
2023-08-15,232.9600067138672,234.9647946166992,3,834.052950314179,232.61657946457274,516375.26771306054,38.009433781165185,LOSS,516375.26771306054,0.0
2023-08-16,225.60000610351562,228.30080657958985,3,808.4382373230071,-1.8019054992591919,516373.4658075613,37.95379533684537,LOSS,516375.26771306054,-0.0003489527117028098
2023-08-17,219.22000122070312,221.08800598144532,3,792.1159263977695,231.71449817511086,516605.18030573643,38.224087922014704,LOSS,516605.18030573643,0.0
2023-08-18,215.49000549316406,214.83560119628905,3,573.8884222800605,573.8884222800605,517179.0687280165,32.315551012651675,WIN,517179.0687280165,0.0
2023-08-21,231.27999877929688,211.18020538330077,3,566.0164426476501,566.0164426476501,517745.0851706642,32.373645030449474,WIN,517745.0851706642,0.0
2023-08-22,233.19000244140625,226.65439880371093,3,750.4577719187779,750.4577719187779,518495.542942583,36.46234698668691,WIN,518495.542942583,0.0
2023-08-23,236.86000061035156,228.5262023925781,3,761.1900653332506,761.1900653332506,519256.73300791625,36.590972943092055,WIN,519256.73300791625,0.0
2023-08-24,230.0399932861328,232.12280059814452,3,785.4712907821918,160.62909717867888,519417.36210509494,36.934493920833816,LOSS,519417.36210509494,0.0
2023-08-25,238.58999633789062,225.43919342041016,3,757.5764031876682,757.5764031876682,520174.9385082826,36.78272061884766,WIN,520174.9385082826,0.0
2023-08-28,238.82000732421875,233.81819641113282,3,773.9018743869226,773.9018743869226,520948.8403826695,36.45471237501934,WIN,520948.8403826695,0.0
2023-08-29,257.17999267578125,234.04360717773437,3,773.4843587898197,773.4843587898197,521722.32474145934,36.42248548692458,WIN,521722.32474145934,0.0
2023-08-30,256.8999938964844,252.0363928222656,3,994.900487572218,994.900487572218,522717.2252290316,40.58771428899023,WIN,522717.2252290316,0.0
2023-08-31,258.0799865722656,251.76199401855467,3,975.312086057248,975.312086057248,523692.53731508885,40.11126208339721,WIN,523692.53731508885,0.0
2023-09-01,245.00999450683594,252.91838684082032,3,969.9588905573013,-1402.558809638013,522289.9785054508,39.85925042517921,LOSS,523692.53731508885,-0.26782104187101474
2023-09-05,256.489990234375,240.10979461669922,3,971.1042598362176,971.1042598362176,523261.082765287,41.21628123593133,WIN,523692.53731508885,-0.08238699600606199
2023-09-06,251.9199981689453,251.3601904296875,3,1066.605773496652,1066.605773496652,524327.6885387837,42.505689608385595,WIN,524327.6885387837,0.0
2023-09-07,251.49000549316406,246.8815982055664,3,1054.3940955920293,1054.3940955920293,525382.0826343758,42.684032441526725,WIN,525382.0826343758,0.0
2023-09-08,248.5,246.46020538330077,3,1029.5919013373505,1029.5919013373505,526411.6745357132,42.07904949823964,WIN,526411.6745357132,0.0
2023-09-11,273.5799865722656,243.53,3,1018.7782112017156,1018.7782112017156,527430.4527469148,42.117040120432364,WIN,527430.4527469148,0.0
2023-09-12,267.4800109863281,268.1083868408203,3,1333.5809431457997,1145.068186798151,528575.520933713,47.24215679064989,LOSS,528575.520933713,0.0
2023-09-13,271.29998779296875,262.1304107666016,3,1314.010243943696,1314.010243943696,529889.5311776566,47.49349654995374,WIN,529889.5311776566,0.0
2023-09-14,276.0400085449219,265.87398803710937,3,1306.8859945067568,1306.8859945067568,531196.4171721634,46.86228795572964,WIN,531196.4171721634,0.0
2023-09-15,274.3900146484375,270.51920837402344,3,1293.6915879906146,1293.6915879906146,532490.108760154,45.999004755522485,WIN,532490.108760154,0.0
2023-09-18,265.2799987792969,268.90221435546874,3,1257.4071084963361,170.7424356447757,532660.8511957987,45.31074682244328,LOSS,532660.8511957987,0.0
2023-09-19,266.5,259.9743988037109,3,1241.4225919378182,1241.4225919378182,533902.2737877365,45.953101113149344,WIN,533902.2737877365,0.0
2023-09-20,262.5899963378906,261.17,3,1156.3759936960698,1156.3759936960698,535058.6497814326,43.70059382181046,WIN,535058.6497814326,0.0
2023-09-21,255.6999969482422,257.3381964111328,3,1150.2428252839059,658.7829864167225,535717.4327678493,43.973461532037845,LOSS,535717.4327678493,0.0
2023-09-22,244.8800048828125,250.58599700927735,3,1139.8879638406743,-571.9096740987807,535145.5230937505,44.48631316769891,LOSS,535717.4327678493,-0.10675584536123654
2023-09-25,246.99000549316406,239.98240478515623,3,1113.7707434767135,1113.7707434767135,536259.2938372272,45.0837180049579,WIN,536259.2938372272,0.0
2023-09-26,244.1199951171875,242.05020538330078,3,1099.8413368643671,1099.8413368643671,537359.1351740916,44.45368835028092,WIN,537359.1351740916,0.0
2023-09-27,240.5,239.23759521484374,3,1090.9132068609501,1090.9132068609501,538450.0483809526,44.558056540232414,WIN,538450.0483809526,0.0
2023-09-28,246.3800048828125,235.69,3,949.2894537933603,949.2894537933603,539399.3378347459,41.107939885172264,WIN,539399.3378347459,0.0
2023-09-29,250.22000122070312,241.45240478515623,3,989.1365757340685,989.1365757340685,540388.47441048,41.554604068977696,WIN,540388.47441048,0.0
2023-10-02,251.60000610351562,245.21560119628907,3,1010.4474647140242,1010.4474647140242,541398.9218751941,41.71042174373375,WIN,541398.9218751941,0.0
2023-10-03,246.52999877929688,246.5680059814453,3,953.2293283837732,941.8271677392427,542340.7490429333,40.05969479467102,LOSS,542340.7490429333,0.0
2023-10-04,261.1600036621094,241.59939880371093,3,889.1917759900641,889.1917759900641,543229.9408189234,38.85693747984483,WIN,543229.9408189234,0.0
2023-10-05,260.04998779296875,255.93680358886718,3,1024.6971137190594,1024.6971137190594,544254.6379326425,40.95242087274144,WIN,544254.6379326425,0.0
2023-10-06,260.5299987792969,254.84898803710936,3,1021.0071820604534,1021.0071820604534,545275.645114703,40.96934452361322,WIN,545275.645114703,0.0
2023-10-09,259.6700134277344,255.31939880371092,3,1017.675457804119,1017.675457804119,546293.3205725071,40.83691119390458,WIN,546293.3205725071,0.0
2023-10-10,263.6199951171875,254.4766131591797,3,715.1928011652951,715.1928011652951,547008.5133736724,33.2175664641543,WIN,547008.5133736724,0.0
2023-10-11,262.989990234375,258.34759521484375,3,720.2718576748296,720.2718576748296,547728.7852313472,33.07203784863684,WIN,547728.7852313472,0.0
2023-10-12,258.8699951171875,257.73019042968747,3,710.1778569771168,710.1778569771168,548438.9630883243,32.86145923759052,WIN,548438.9630883243,0.0
2023-10-13,251.1199951171875,253.69259521484375,3,691.6785190226254,-80.10151027424922,548358.8615780501,32.67305387894511,LOSS,548438.9630883243,-0.014605364619457918
2023-10-16,253.9199981689453,246.09759521484375,3,695.0911528884651,695.0911528884651,549053.9527309386,33.308362185634095,WIN,549053.9527309386,0.0
2023-10-17,254.85000610351562,248.8415982055664,3,677.8394835765705,677.8394835765705,549731.7922145152,32.65708407467402,WIN,549731.7922145152,0.0
2023-10-18,242.67999267578125,249.7530059814453,3,679.9082967819786,-1441.9956949172401,548289.7965195979,32.64634318748989,LOSS,549731.7922145152,-0.26230895053538855
2023-10-19,220.11000061035156,237.82639282226563,3,709.2317402112866,-4605.685923362934,543684.1105962349,34.33050584251868,LOSS,549731.7922145152,-1.1001149476762169
2023-10-20,211.99000549316406,215.70780059814453,3,824.6348612476423,-290.70367024649784,543393.4069259884,39.78055017088702,LOSS,549731.7922145152,-1.1529959478955183
2023-10-23,212.0800018310547,207.75020538330077,3,786.5587944624284,786.5587944624284,544179.9657204509,39.54171078534006,WIN,549731.7922145152,-1.009915484731121
2023-10-24,216.52000427246094,207.8384017944336,3,782.8202780718836,782.8202780718836,544962.7859985228,39.41469916016095,WIN,549731.7922145152,-0.8675150834520832
2023-10-25,212.4199981689453,212.18960418701172,3,814.9373969980602,814.9373969980602,545777.7233955208,39.895178782534074,WIN,549731.7922145152,-0.7192723569917499
2023-10-26,205.75999450683594,208.1715982055664,3,801.4845355855215,78.00342596638359,545855.7268214872,39.95679289970681,LOSS,549731.7922145152,-0.7050829964579265
2023-10-27,207.3000030517578,201.64479461669922,3,767.8893394196765,767.8893394196765,546623.6161609069,39.68463599291448,WIN,549731.7922145152,-0.5653986357760871
2023-10-30,197.36000061035156,203.15400299072266,3,766.7042193906655,-971.4964947206636,545652.1196661862,39.463442640967266,LOSS,549731.7922145152,-0.7421205406175656
2023-10-31,200.83999633789062,193.4128005981445,3,753.30385989714,753.30385989714,546405.4235260834,40.24643631927941,WIN,549731.7922145152,-0.6050893791374163
2023-11-01,205.66000366210938,196.8231964111328,3,780.5812301150775,780.5812301150775,547186.0047561984,40.70732735792913,WIN,549731.7922145152,-0.4630962761061053
2023-11-02,218.50999450683594,201.5468035888672,3,721.4729431922841,721.4729431922841,547907.4776993906,38.20380666340883,WIN,549731.7922145152,-0.33185537765162776
2023-11-03,219.9600067138672,214.13979461669922,3,880.6151261339537,880.6151261339537,548788.0928255245,41.65654527348552,WIN,549731.7922145152,-0.17166541982028866
2023-11-06,219.27000427246094,215.56080657958984,3,888.8805234052944,888.8805234052944,549676.9733489298,41.729368276008884,WIN,549731.7922145152,-0.009971929286560603
2023-11-07,222.17999267578125,214.88460418701172,3,886.123541302124,886.123541302124,550563.096890232,41.73031508509602,WIN,550563.096890232,0.0
2023-11-08,222.11000061035156,217.73639282226563,3,896.0901638742212,896.0901638742212,551459.1870541062,41.676926411663544,WIN,551459.1870541062,0.0
2023-11-09,209.97999572753906,217.66780059814454,3,896.3760026317942,-1409.9654585498483,550049.2215955564,41.69384514039051,LOSS,551459.1870541062,-0.25567902242808294
2023-11-10,214.64999389648438,205.78039581298827,3,886.898381846494,886.898381846494,550936.1199774029,42.93733455919484,WIN,551459.1870541062,-0.09485145754802345
2023-11-13,223.7100067138672,210.35699401855467,3,915.9350833921494,915.9350833921494,551852.055060795,43.224278088070854,WIN,551852.055060795,0.0
2023-11-14,237.41000366210938,219.23580657958985,3,994.6093665207886,994.6093665207886,552846.6644273158,44.4073684289329,WIN,552846.6644273158,0.0
2023-11-15,242.83999633789062,232.66180358886717,3,1137.7430078183738,1137.7430078183738,553984.4074351342,46.69816991867621,WIN,553984.4074351342,0.0
2023-11-16,233.58999633789062,237.9831964111328,3,1132.32008308684,-185.63993888581535,553798.7674962484,45.841679599221855,LOSS,553984.4074351342,-0.03350995739127337
2023-11-17,234.3000030517578,228.9181964111328,3,937.5214038226834,937.5214038226834,554736.288900071,41.54703243077865,WIN,554736.288900071,0.0
2023-11-20,235.60000610351562,229.61400299072264,3,901.7153281552382,901.7153281552382,555638.0042282263,40.45576697182912,WIN,555638.0042282263,0.0
2023-11-21,241.1999969482422,230.8880059814453,3,906.0893964894324,906.0893964894324,556544.0936247157,40.43810639430059,WIN,556544.0936247157,0.0
2023-11-22,234.2100067138672,236.37599700927734,3,929.8488663524054,280.0517777293592,556824.1454024451,40.499055642315255,LOSS,556824.1454024451,0.0
2023-11-24,235.4499969482422,229.52580657958984,3,916.4927191542603,916.4927191542603,557740.6381215993,40.88288014787848,WIN,557740.6381215993,0.0
2023-11-27,236.0800018310547,230.74099700927735,3,888.428187189586,888.428187189586,558629.066308789,39.95816597483643,WIN,558629.066308789,0.0
2023-11-28,246.72000122070312,231.35840179443358,3,891.2684444956997,891.2684444956997,559520.3347532847,39.97113941508796,WIN,559520.3347532847,0.0
2023-11-29,244.13999938964844,241.78560119628906,3,880.4850110272841,880.4850110272841,560400.819764312,38.605143084997245,WIN,560400.819764312,0.0
2023-11-30,240.0800018310547,239.25719940185547,3,881.9202044349543,881.9202044349543,561282.739968747,38.89347856733329,WIN,561282.739968747,0.0
2023-12-01,238.8300018310547,235.2784017944336,3,878.5127611725687,878.5127611725687,562161.2527299196,39.203664111254625,WIN,562161.2527299196,0.0
2023-12-04,235.5800018310547,234.0534017944336,3,796.4255974846694,796.4255974846694,562957.6783274043,37.05694482011761,WIN,562957.6783274043,0.0
2023-12-05,238.72000122070312,230.8684017944336,3,793.9989915544226,793.9989915544226,563751.6773189587,37.2931048535648,WIN,563751.6773189587,0.0
2023-12-06,239.3699951171875,233.94560119628906,3,805.3548445222679,805.3548445222679,564557.032163481,37.31451726783731,WIN,564557.032163481,0.0
2023-12-07,242.63999938964844,234.58259521484374,3,805.4871563182388,805.4871563182388,565362.5193197993,37.25757972329975,WIN,565362.5193197993,0.0
2023-12-08,243.83999633789062,237.78719940185547,3,818.1831905247434,818.1831905247434,566180.702510324,37.303713881337494,WIN,566180.702510324,0.0
2023-12-11,239.74000549316406,238.9631964111328,3,713.4297938928185,713.4297938928185,566894.1323042167,34.35242208920542,WIN,566894.1323042167,0.0
2023-12-12,237.00999450683594,234.9452053833008,3,711.2911705002032,711.2911705002032,567605.423474717,34.62437957557776,WIN,567605.423474717,0.0
2023-12-13,239.2899932861328,232.26979461669922,3,666.813267518125,666.813267518125,568272.236742235,33.609152753687546,WIN,568272.236742235,0.0
2023-12-14,251.0500030517578,234.50419342041016,3,550.2985810309482,550.2985810309482,568822.5353232659,30.211179249968133,WIN,568822.5353232659,0.0
2023-12-15,253.5,246.02900299072266,3,648.5615879112423,648.5615879112423,569471.0969111772,32.08755875984331,WIN,569471.0969111772,0.0
2023-12-18,252.0800018310547,248.43,3,590.3440060697171,590.3440060697171,570061.4409172469,30.403386864280833,WIN,570061.4409172469,0.0
2023-12-19,257.2200012207031,247.03840179443358,3,590.8104308289849,590.8104308289849,570652.2513480758,30.50239468226485,WIN,570652.2513480758,0.0
2023-12-20,247.13999938964844,252.07560119628906,3,613.5709367580027,-867.1096052341829,569785.1417428416,30.777895407186108,LOSS,570652.2513480758,-0.15195061496486226
2023-12-21,254.5,242.19719940185547,3,640.3339060267426,640.3339060267426,570425.4756488684,32.13769802109506,WIN,570652.2513480758,-0.039739736182889146
2023-12-22,252.5399932861328,249.41,3,648.3500418375771,648.3500418375771,571073.8256907059,31.850422133797167,WIN,571073.8256907059,0.0
2023-12-26,256.6099853515625,247.48919342041015,3,648.4660844570659,648.4660844570659,571722.291775163,31.984240503931826,WIN,571722.291775163,0.0
2023-12-27,261.44000244140625,251.47778564453125,3,664.325412982126,664.325412982126,572386.6171881452,32.12365002050653,WIN,572386.6171881452,0.0
2023-12-28,253.17999267578125,256.2112023925781,3,617.5756218851878,-291.78729315387193,572094.8298949914,30.624536184458478,LOSS,572386.6171881452,-0.05097730876155402
2023-12-29,248.47999572753906,248.11639282226562,3,637.2688965055081,637.2688965055081,572732.0987914968,31.64877821318677,WIN,572732.0987914968,0.0
2024-01-02,248.4199981689453,243.51039581298826,3,628.265121128962,628.265121128962,573360.3639126258,31.724014976096516,WIN,573360.3639126258,0.0
2024-01-03,238.4499969482422,243.4515982055664,3,626.3438501012795,-874.1365270959839,572486.2273855298,31.676898748060026,LOSS,573360.3639126258,-0.15245848546818055
2024-01-04,237.92999267578125,233.68099700927735,3,652.9516666562581,652.9516666562581,573139.1790521861,33.1122641038719,WIN,573360.3639126258,-0.03857693596578025
2024-01-05,237.49000549316406,233.17139282226563,3,646.2891492311953,646.2891492311953,573785.4682014172,32.96663321714237,WIN,573785.4682014172,0.0
2024-01-08,240.4499969482422,232.74020538330078,3,644.9506091764671,644.9506091764671,574430.4188105937,32.962639272515204,WIN,574430.4188105937,0.0
2024-01-09,234.9600067138672,235.64099700927733,3,651.9242393127732,447.62715068973114,574878.0459612834,32.933348230067054,LOSS,574878.0459612834,0.0
2024-01-10,233.94000244140625,230.26080657958983,3,651.5395058128481,651.5395058128481,575529.5854670962,33.3415416715361,WIN,575529.5854670962,0.0
2024-01-11,227.22000122070312,229.26120239257813,3,641.2592987052554,28.898947142754764,575558.484414239,33.13085206223688,LOSS,575558.484414239,0.0
2024-01-12,218.88999938964844,222.67560119628905,3,642.829210197387,-492.85133179479703,575065.6330824442,33.71276974444655,LOSS,575558.484414239,-0.08563010452297279
2024-01-16,219.91000366210938,214.51219940185547,3,647.1842674483896,647.1842674483896,575712.8173498926,34.55649674352972,WIN,575712.8173498926,0.0
2024-01-17,215.5500030517578,215.5118035888672,3,563.7812708640365,563.7812708640365,576276.5986207566,31.957221268956683,WIN,576276.5986207566,0.0
2024-01-18,211.8800048828125,211.23900299072264,3,548.6548634940382,548.6548634940382,576825.2534842506,31.8360508450417,WIN,576825.2534842506,0.0
2024-01-19,212.19000244140625,207.64240478515626,3,541.5918583320549,541.5918583320549,577366.8453425827,31.90718019895821,WIN,577366.8453425827,0.0
2024-01-22,208.8000030517578,207.94620239257813,3,518.2311141957674,518.2311141957674,577885.0764567784,31.154279584832594,WIN,577885.0764567784,0.0
2024-01-23,209.13999938964844,204.62400299072266,3,480.8700560296814,480.8700560296814,578365.9465128081,30.233028766729248,WIN,578365.9465128081,0.0
2024-01-24,207.8300018310547,204.95719940185546,3,431.3072140906196,431.3072140906196,578797.2537268987,28.640762533256876,WIN,578797.2537268987,0.0
2024-01-25,182.6300048828125,203.6734017944336,3,428.8917267498165,-5884.1273467365145,572913.1263801622,28.649868141697794,LOSS,578797.2537268987,-1.0166128655325095
2024-01-26,183.25,178.97740478515624,3,645.704736581005,645.704736581005,573558.8311167432,38.38572671103546,WIN,578797.2537268987,-0.9050531211793296
2024-01-29,190.92999267578125,179.585,3,630.7523176216289,630.7523176216289,574189.5834343648,37.76690001779609,WIN,578797.2537268987,-0.7960767372106485
2024-01-30,191.58999633789062,187.11139282226563,3,717.782260060371,717.782260060371,574907.3656944252,39.86609527658723,WIN,578797.2537268987,-0.6720640098802064
2024-01-31,187.2899932861328,187.75819641113281,3,724.8533533119393,584.3924158119386,575491.7581102371,40.02455434145428,LOSS,578797.2537268987,-0.5710973221412851
2024-02-01,188.86000061035156,183.54419342041015,3,707.2265654006751,707.2265654006751,576198.9846756378,39.976582835500125,WIN,578797.2537268987,-0.44890832403411357
2024-02-02,187.91000366210938,185.08280059814453,3,706.5747979525768,706.5747979525768,576905.5594735903,39.74612400728971,WIN,578797.2537268987,-0.32683193313853065
2024-02-05,181.05999755859375,184.15180358886718,3,702.1993985561193,-225.34241052591028,576680.2170630645,39.71721759288698,LOSS,578797.2537268987,-0.36576480800531697
2024-02-06,185.10000610351562,177.43879760742186,3,685.4928601495841,685.4928601495841,577365.709923214,40.04202554293164,WIN,578797.2537268987,-0.24733078715679424
2024-02-07,187.5800018310547,181.39800598144532,3,711.6945522682781,711.6945522682781,578077.4044754823,40.4317494955712,WIN,578797.2537268987,-0.12436984570698241
2024-02-08,189.55999755859375,183.8284017944336,3,730.3597813771837,730.3597813771837,578807.7642568594,40.7536828321912,WIN,578807.7642568594,0.0
2024-02-09,193.57000732421875,185.76879760742187,3,745.400517181982,745.400517181982,579553.1647740414,41.009501226555656,WIN,579553.1647740414,0.0
2024-02-12,188.1300048828125,189.69860717773437,3,770.2193610635842,299.63867258702203,579852.8034466284,41.31875816546433,LOSS,579852.8034466284,0.0
2024-02-13,184.02000427246094,184.36740478515625,3,740.8169780828819,636.5968242742871,580489.4002709027,41.04605113685349,LOSS,580489.4002709027,0.0
2024-02-14,188.7100067138672,180.3396041870117,3,725.503042595795,725.503042595795,581214.9033134985,41.07733645206246,WIN,581214.9033134985,0.0
2024-02-15,200.4499969482422,184.93580657958984,3,760.2948958964575,760.2948958964575,581975.1982093949,41.64870894557008,WIN,581975.1982093949,0.0
2024-02-16,199.9499969482422,196.44099700927734,3,883.7074859514067,883.7074859514067,582858.9056953463,44.16026783673681,WIN,582858.9056953463,0.0
2024-02-20,193.75999450683594,195.95099700927733,3,881.2740573260354,223.97330659361762,583082.8790019399,44.15268852418538,LOSS,583082.8790019399,0.0
2024-02-21,194.77000427246094,189.88479461669922,3,864.3088857618593,864.3088857618593,583947.1878877018,44.504882747977895,WIN,583947.1878877018,0.0
2024-02-22,197.41000366210938,190.87460418701173,3,869.5705230386978,869.5705230386978,584816.7584107405,44.53056555071984,WIN,584816.7584107405,0.0
2024-02-23,191.97000122070312,193.46180358886718,3,885.3451149008972,437.8044044516795,585254.5628151922,44.66418817486802,LOSS,585254.5628151922,0.0
2024-02-26,199.39999389648438,188.13060119628906,3,591.0746182543689,591.0746182543689,585845.6374334465,35.365635727448826,WIN,585845.6374334465,0.0
2024-02-27,199.72999572753906,195.41199401855468,3,643.3333150836033,643.3333150836033,586488.9707485301,36.34027098713946,WIN,586488.9707485301,0.0
2024-02-28,202.0399932861328,195.7353958129883,3,609.02231055212,609.02231055212,587097.9930590822,35.16874794821675,WIN,587097.9930590822,0.0
2024-02-29,201.8800048828125,197.99919342041017,3,617.9966403172714,617.9966403172714,587715.9896993994,35.231952530276054,WIN,587715.9896993994,0.0
2024-03-01,202.63999938964844,197.84240478515625,3,600.9034542605677,600.9034542605677,588316.89315366,34.68794659550373,WIN,588316.89315366,0.0
2024-03-04,188.13999938964844,198.58719940185546,3,602.6551812306573,-2531.5048224314487,585785.3883312285,34.67128578591886,LOSS,588316.89315366,-0.43029612983938037
2024-03-05,180.74000549316406,184.37719940185548,3,676.3461093965143,-414.8120632109103,585370.5762680176,38.77808562074066,LOSS,588316.89315366,-0.5008043997935687
2024-03-06,176.5399932861328,177.12520538330077,3,653.9328106072333,478.36918145684706,585848.9454494745,38.931386776981114,LOSS,588316.89315366,-0.41949291834135827
2024-03-07,178.64999389648438,173.00919342041016,3,638.1814222545038,638.1814222545038,586487.126871729,38.91057832275826,WIN,588316.89315366,-0.3110171241424906
2024-03-08,175.33999633789062,175.07699401855467,3,645.0153584251467,645.0153584251467,587132.1422301541,38.88119631281599,WIN,588316.89315366,-0.2013797219309879
2024-03-11,177.77000427246094,171.8331964111328,3,634.4077549487156,634.4077549487156,587766.5499851028,38.93186358591234,WIN,588316.89315366,-0.09354536219537284
2024-03-12,177.5399932861328,174.2146041870117,3,637.4293596027959,637.4293596027959,588403.9793447056,38.71715592265161,WIN,588403.9793447056,0.0
2024-03-13,169.47999572753906,173.98919342041015,3,624.8797071782783,-727.8796006830466,587676.0997440226,38.28033636145406,LOSS,588403.9793447056,-0.12370405813598
2024-03-14,162.5,166.09039581298828,3,622.2170763163455,-454.90166758013754,587221.1980764425,39.28356866490127,LOSS,588403.9793447056,-0.20101517151198747
2024-03-15,163.57000732421875,159.25,3,602.2083525433193,602.2083525433193,587823.4064289858,39.51220828116206,WIN,588403.9793447056,-0.098669100838916
2024-03-18,173.8000030517578,160.29860717773437,3,520.5120121016712,520.5120121016712,588343.9184410875,36.04825574338284,WIN,588403.9793447056,-0.010207426483587162
2024-03-19,171.32000732421875,170.32400299072265,3,647.7267229986046,647.7267229986046,588991.6451640861,39.650802596286205,WIN,588991.6451640861,0.0
2024-03-20,175.66000366210938,167.89360717773437,3,628.8124407618184,628.8124407618184,589620.457604848,39.27739418097897,WIN,589620.457604848,0.0
2024-03-21,172.82000732421875,172.1468035888672,3,659.5025700624979,659.5025700624979,590279.9601749105,39.833196985889884,WIN,590279.9601749105,0.0
2024-03-22,170.8300018310547,169.36360717773437,3,644.5556770861782,644.5556770861782,590924.5158519967,39.66922166751201,WIN,590924.5158519967,0.0
2024-03-25,172.6300048828125,167.41340179443358,3,629.4191925896696,629.4191925896696,591553.9350445864,39.370523856375186,WIN,591553.9350445864,0.0
2024-03-26,177.6699981689453,169.17740478515626,3,604.5756977358193,604.5756977358193,592158.5107423222,38.164526728829244,WIN,592158.5107423222,0.0
2024-03-27,179.8300018310547,174.1165982055664,3,644.6020891416402,644.6020891416402,592803.1128314638,38.997535318818436,WIN,592803.1128314638,0.0
2024-03-28,175.7899932861328,176.2334017944336,3,652.8220042247559,519.7994517345185,593322.9122831983,39.01163120701243,LOSS,593322.9122831983,0.0
2024-04-01,175.22000122070312,172.27419342041014,3,642.68926527439,642.68926527439,593965.6015484728,39.182206484289566,WIN,593965.6015484728,0.0
2024-04-02,166.6300048828125,171.71560119628907,3,638.849985892689,-886.8289081502825,593078.7726403225,39.1159424719469,LOSS,593965.6015484728,-0.1493064422987371
2024-04-03,168.3800048828125,163.29740478515626,3,563.7714533262421,563.7714533262421,593642.5440936487,37.37890863094714,WIN,593965.6015484728,-0.054389926618963316
2024-04-04,171.11000061035156,165.01240478515624,3,550.6022429730464,550.6022429730464,594193.1463366217,36.62900231584654,WIN,594193.1463366217,0.0
2024-04-05,164.89999389648438,167.68780059814452,3,557.467579464561,-278.87443103348244,593914.2719055882,36.54930416082206,LOSS,594193.1463366217,-0.04693329647991508
2024-04-08,172.97999572753906,161.60199401855468,3,554.9928588934649,554.9928588934649,594469.2647644817,37.2615697149546,WIN,594469.2647644817,0.0
2024-04-09,176.8800048828125,169.52039581298828,3,625.7240717425018,625.7240717425018,595094.9888362242,38.92632564555316,WIN,595094.9888362242,0.0
2024-04-10,171.75999450683594,173.34240478515625,3,645.6745724134732,170.95148891738017,595265.9403251415,39.144819924894904,LOSS,595265.9403251415,0.0
2024-04-11,174.60000610351562,168.32479461669922,3,641.236397683551,641.236397683551,595907.176722825,39.69364366168031,WIN,595907.176722825,0.0
2024-04-12,171.0500030517578,171.1080059814453,3,618.5311396793952,601.1302607731483,596508.3069835982,38.43183729287516,LOSS,596508.3069835982,0.0
2024-04-15,161.47999572753906,167.62900299072265,3,580.0821701503719,-1264.6200088047055,595243.6869747934,37.43135245276991,LOSS,596508.3069835982,-0.21200375485122816
2024-04-16,157.11000061035156,158.25039581298827,3,603.5849099846123,261.46634919359906,595505.153323987,39.72342719195166,LOSS,596508.3069835982,-0.1681709454615707
2024-04-17,155.4499969482422,153.96780059814452,3,526.5629808581218,526.5629808581218,596031.7163048452,37.168459861740715,WIN,596508.3069835982,-0.07989673792859461
2024-04-18,149.92999267578125,152.34099700927734,3,519.976742678564,-203.32455737026442,595828.3917474749,37.12494653703598,LOSS,596508.3069835982,-0.11398252600394226
2024-04-19,147.0500030517578,146.93139282226562,3,499.6286937320773,499.6286937320773,596328.020441207,37.04184179388449,WIN,596508.3069835982,-0.030223643205044066
2024-04-22,142.0500030517578,144.10900299072264,3,491.0568827082318,-126.64309898121758,596201.3773422258,37.087969470753855,LOSS,596508.3069835982,-0.05145437838485077
2024-04-23,144.67999267578125,139.20900299072267,3,484.77564539208015,484.77564539208015,596686.1529876179,37.572963249091735,WIN,596686.1529876179,0.0
2024-04-24,162.1300048828125,141.7863928222656,3,499.6427140602606,499.6427140602606,597185.7957016781,37.842314637642524,WIN,597185.7957016781,0.0
2024-04-25,170.17999267578125,158.88740478515624,3,780.1160783085713,780.1160783085713,597965.9117799867,46.82620543401764,WIN,597965.9117799867,0.0
2024-04-26,168.2899932861328,166.77639282226562,3,852.136899600118,852.136899600118,598818.0486795868,48.11996733392117,WIN,598818.0486795868,0.0
2024-04-29,194.0500030517578,164.92419342041015,3,838.2870935725066,838.2870935725066,599656.3357731594,47.94757955538436,WIN,599656.3357731594,0.0
2024-04-30,183.27999877929688,190.16900299072265,3,1257.0475768873412,-809.65368654039,598846.682086619,57.8476581076524,LOSS,599656.3357731594,-0.1350196167770857
2024-05-01,179.99000549316406,179.61439880371094,3,1195.3818795188595,1195.3818795188595,600042.0639661378,58.14004795973856,WIN,600042.0639661378,0.0
2024-05-02,180.00999450683594,176.39020538330078,3,1179.3395669743009,1179.3395669743009,601221.4035331121,58.33906203518489,WIN,601221.4035331121,0.0
2024-05-03,181.19000244140625,176.4097946166992,3,1178.169273102021,1178.169273102021,602399.5728062142,58.29124762635488,WIN,602399.5728062142,0.0
2024-05-06,184.75999450683594,177.56620239257813,3,1167.9380021394027,1167.9380021394027,603567.5108083537,57.63581680509331,WIN,603567.5108083537,0.0
2024-05-07,177.80999755859375,181.0647946166992,3,1172.3091889605125,195.87007152887668,603763.3808798825,56.968481623203665,LOSS,603763.3808798825,0.0
2024-05-08,174.72000122070312,174.25379760742186,3,1141.6617375293536,1141.6617375293536,604905.0426174118,57.46883021672054,WIN,604905.0426174118,0.0
2024-05-09,171.97000122070312,171.22560119628906,3,1115.8410708910337,1115.8410708910337,606020.8836883028,57.24241580276283,WIN,606020.8836883028,0.0
2024-05-10,168.47000122070312,168.53060119628907,3,1098.886704155378,1080.7067114795948,607101.5903997824,57.26581551423115,LOSS,607101.5903997824,0.0
2024-05-13,171.88999938964844,165.10060119628906,3,1076.5301476702332,1076.5301476702332,608178.1205474526,57.266145737539475,WIN,608178.1205474526,0.0
2024-05-14,177.5500030517578,168.45219940185547,3,1066.450555766053,1066.450555766053,609244.5711032186,56.0373344307766,WIN,609244.5711032186,0.0
2024-05-15,173.99000549316406,173.99900299072266,3,1097.796144162941,1095.096894895362,610339.6679981139,55.89686761162798,LOSS,610339.6679981139,0.0
2024-05-16,174.83999633789062,170.5102053833008,3,1080.3055987047846,1080.3055987047846,611419.9735968187,56.068737626942294,WIN,611419.9735968187,0.0
2024-05-17,177.4600067138672,171.34319641113282,3,1065.41803007984,1065.41803007984,612485.3916268985,55.305868350454546,WIN,612485.3916268985,0.0
2024-05-20,174.9499969482422,173.91080657958983,3,1072.4121132758569,1072.4121132758569,613557.8037401744,54.97148156423783,WIN,613557.8037401744,0.0
2024-05-21,186.60000610351562,171.45099700927733,3,1041.815927965355,1041.815927965355,614599.6196681397,54.388195275558786,WIN,614599.6196681397,0.0
2024-05-22,180.11000061035156,182.86800598144532,3,1144.6839637172143,317.28235238908655,614916.9020205288,55.575415309463544,LOSS,614916.9020205288,0.0
2024-05-23,173.74000549316406,176.50780059814454,3,984.8596816233335,154.52115012918978,615071.423170658,51.168088737986366,LOSS,615071.423170658,0.0
2024-05-24,179.24000549316406,170.26520538330078,3,943.7432284289398,943.7432284289398,616015.166399087,50.928827630065314,WIN,616015.166399087,0.0
2024-05-28,176.75,175.65520538330077,3,981.3406788251881,981.3406788251881,616996.5070779121,51.2137819129583,WIN,616996.5070779121,0.0
2024-05-29,176.19000244140625,173.215,3,621.0049378922956,621.0049378922956,617617.5120158044,38.23938654322667,WIN,617617.5120158044,0.0
2024-05-30,178.7899932861328,172.66620239257813,3,564.1112222522039,564.1112222522039,618181.6232380567,36.17739351238676,WIN,618181.6232380567,0.0
2024-05-31,178.0800018310547,175.21419342041014,3,571.3571321359866,571.3571321359866,618752.9803701927,36.13749284356814,WIN,618752.9803701927,0.0
2024-06-03,176.2899932861328,174.5184017944336,3,569.4031360672983,569.4031360672983,619322.38350626,36.14918966593967,WIN,619322.38350626,0.0
2024-06-04,174.77000427246094,172.76419342041015,3,564.4619559432886,564.4619559432886,619886.8454622033,36.17854127941182,WIN,619886.8454622033,0.0
2024-06-05,175.0,171.2746041870117,3,550.9939903844288,550.9939903844288,620437.8394525877,35.85302164002438,WIN,620437.8394525877,0.0
2024-06-06,177.94000244140625,171.5,3,523.7013548196462,523.7013548196462,620961.5408074073,34.79405065886259,WIN,620961.5408074073,0.0
2024-06-07,177.47999572753906,174.38120239257813,3,531.5151350765706,531.5151350765706,621493.055942484,34.7574582188535,WIN,621493.055942484,0.0
2024-06-10,173.7899932861328,173.93039581298828,3,523.7674148387304,481.6466567820901,621974.7025992661,34.519922778083796,LOSS,621974.7025992661,0.0
2024-06-11,170.66000366210938,170.31419342041016,3,513.316565439012,513.316565439012,622488.0191647051,34.536625071465,WIN,622488.0191647051,0.0
2024-06-12,177.2899932861328,167.24680358886718,3,503.63006009463436,503.63006009463436,622991.6492247997,34.51951047688216,WIN,622991.6492247997,0.0
2024-06-13,182.47000122070312,173.74419342041014,3,532.7640635012723,532.7640635012723,623524.413288301,34.87649152343391,WIN,623524.413288301,0.0
2024-06-14,178.00999450683594,178.82060119628906,3,555.385115281905,312.2031084459678,623836.616396747,35.13222566822862,LOSS,623836.616396747,0.0
2024-06-17,187.44000244140625,174.44979461669922,3,556.8487101752112,556.8487101752112,624393.4651069222,35.691018067445,WIN,624393.4651069222,0.0
2024-06-18,184.86000061035156,183.69120239257813,3,638.8781693060381,638.8781693060381,625032.3432762283,37.544717403378016,WIN,625032.3432762283,0.0
2024-06-20,181.57000732421875,181.1628005981445,3,629.8177620966555,629.8177620966555,625662.1610383249,37.53517748968463,WIN,625662.1610383249,0.0
2024-06-21,183.00999450683594,177.93860717773438,3,533.0313487120034,533.0313487120034,626195.192387037,34.41769472938168,WIN,626195.192387037,0.0
2024-06-24,182.5800018310547,179.34979461669923,3,509.4817917175692,509.4817917175692,626704.6741787546,33.41377737364427,WIN,626704.6741787546,0.0
2024-06-25,187.35000610351562,178.9284017944336,3,473.0311484180091,473.0311484180091,627177.7053271725,32.13663556454827,WIN,627177.7053271725,0.0
2024-06-26,196.3699951171875,183.6030059814453,3,477.3423694651775,477.3423694651775,627655.0476966377,31.852537479253815,WIN,627655.0476966377,0.0
2024-06-27,197.4199981689453,192.44259521484375,3,545.8985356796968,545.8985356796968,628200.9462323174,33.38763307017548,WIN,628200.9462323174,0.0
2024-06-28,197.8800048828125,193.4715982055664,3,546.6814130929494,546.6814130929494,628747.6276454104,33.316065733466736,WIN,628747.6276454104,0.0
2024-07-01,209.86000061035156,193.92240478515626,3,545.9998784729228,545.9998784729228,629293.6275238832,33.25070571387877,WIN,629293.6275238832,0.0
2024-07-02,231.25999450683594,205.6628005981445,3,653.6130926064502,653.6130926064502,629947.2406164897,35.60061102238458,WIN,629947.2406164897,0.0
2024-07-03,246.38999938964844,226.63479461669922,3,912.6947249603811,912.6947249603811,630859.93534145,41.104420592882576,WIN,630859.93534145,0.0
2024-07-05,251.52000427246094,241.46219940185546,3,1014.8899682108026,1014.8899682108026,631874.8253096609,42.24488078484936,WIN,631874.8253096609,0.0
2024-07-08,252.94000244140625,246.4896041870117,3,1029.4273918318308,1029.4273918318308,632904.2527014927,42.07149357228162,WIN,632904.2527014927,0.0
2024-07-09,262.3299865722656,247.88120239257813,3,1039.0644617068033,1039.0644617068033,633943.3171631995,42.17152422814408,WIN,633943.3171631995,0.0
2024-07-10,263.260009765625,257.0833868408203,3,1073.7819530003505,1073.7819530003505,635017.0991161999,42.0742972150227,WIN,635017.0991161999,0.0
2024-07-11,241.02999877929688,257.9948095703125,3,1042.0114646795691,-4047.4317726251174,630969.6673435748,41.18042141374528,LOSS,635017.0991161999,-0.6373736673009566
2024-07-12,248.22999572753906,236.20939880371094,3,1151.4242219649243,1151.4242219649243,632121.0915655397,46.597541387832536,WIN,635017.0991161999,-0.4560519007583825
2024-07-15,252.63999938964844,243.2653958129883,3,1179.9980609260383,1179.9980609260383,633301.0896264657,46.44242708862101,WIN,635017.0991161999,-0.27023043822323656
2024-07-16,256.55999755859375,247.58719940185546,3,1198.1598374790285,1198.1598374790285,634499.2494639447,46.3690722820371,WIN,635017.0991161999,-0.08154893041083718
2024-07-17,248.5,251.42879760742187,3,1179.1428090033294,300.50352677676824,634799.7529907215,45.3995036496332,LOSS,635017.0991161999,-0.03422681464497369
2024-07-18,249.22999572753906,243.53,3,1163.5026825396706,1163.5026825396706,635963.2556732611,45.969202693727375,WIN,635963.2556732611,0.0
2024-07-19,239.1999969482422,244.24539581298828,3,1152.8557373221943,-360.76392210163294,635602.4917511595,45.59593177764013,LOSS,635963.2556732611,-0.056727164483687545
2024-07-22,251.50999450683594,234.41599700927733,3,1144.6937184239564,1144.6937184239564,636747.1854695835,46.65316623042122,WIN,636747.1854695835,0.0
2024-07-23,246.3800048828125,246.47979461669922,3,1227.6036395852122,1197.6667194191953,637944.8521890027,47.284342668656464,LOSS,637944.8521890027,0.0
2024-07-24,215.99000549316406,241.45240478515623,3,1221.5589870452727,-6417.160800552378,631527.6913884503,47.79427335281322,LOSS,637944.8521890027,-1.0059115264482368
2024-07-25,220.25,211.67020538330078,3,1337.6081364222234,1337.6081364222234,632865.2995248726,55.96229444215843,WIN,637944.8521890027,-0.7962369547619145
2024-07-26,219.8000030517578,215.845,3,1343.7571172671119,1343.7571172671119,634209.0566421397,55.35467826063377,WIN,637944.8521890027,-0.5855985096586686
2024-07-29,232.10000610351562,215.40400299072266,3,1342.054985844021,1342.054985844021,635551.1116279837,55.38607471585738,WIN,637944.8521890027,-0.3752268793776146
2024-07-30,222.6199951171875,227.4580059814453,3,1449.488267754764,-1.9149915225750647,635549.1966364612,56.30746859044158,LOSS,637944.8521890027,-0.3755270607359226
2024-07-31,232.07000732421875,218.16759521484374,3,1381.8718564902956,1381.8718564902956,636931.0684929515,56.05751231047202,WIN,637944.8521890027,-0.15891400213867854
2024-08-01,216.86000061035156,227.42860717773436,3,1318.20755618389,-1852.3744140309502,635078.6940789205,52.571091265105565,LOSS,637944.8521890027,-0.44927991820098556
2024-08-02,207.6699981689453,212.52280059814453,3,1224.4370297464538,-231.40369901331087,634847.2903799072,52.34616650892277,LOSS,637944.8521890027,-0.4855532258731557
2024-08-05,198.8800048828125,203.5165982055664,3,1179.444460924863,-211.53353590130564,634635.7568440059,52.565810617010726,LOSS,637944.8521890027,-0.5187118186849793
2024-08-06,200.63999938964844,194.90240478515625,3,1140.5563489910514,1140.5563489910514,635776.3131929969,52.93277832862353,WIN,637944.8521890027,-0.33992577705812593
2024-08-07,191.75999450683594,196.62719940185548,3,1124.4691155252203,-335.6923529806418,635440.6208400163,52.06969753915858,LOSS,637944.8521890027,-0.39254668180071217
2024-08-08,198.83999633789062,187.92479461669922,3,1083.2423039990829,1083.2423039990829,636523.8631440154,52.364281238337654,WIN,637944.8521890027,-0.22274480938459765
2024-08-09,200.0,194.8631964111328,3,1083.1545307432625,1083.1545307432625,637607.0176747587,51.03094916238243,WIN,637944.8521890027,-0.05295669572138883
2024-08-12,197.49000549316406,196.0,3,1071.2474799683614,1071.2474799683614,638678.265154727,50.42818030751164,WIN,638678.265154727,0.0
2024-08-13,207.8300018310547,193.5402053833008,3,1046.6172522091797,1046.6172522091797,639724.8824069363,50.053532966141745,WIN,639724.8824069363,0.0
2024-08-14,201.3800048828125,203.6734017944336,3,1148.8990256324396,460.8799521461091,640185.7623590823,51.56475336292922,LOSS,640185.7623590823,0.0
2024-08-15,214.13999938964844,197.35240478515624,3,1113.0139185973512,1113.0139185973512,641298.7762776797,51.55722965241384,WIN,641298.7762776797,0.0
2024-08-16,216.1199951171875,209.85719940185547,3,1254.2833767871539,1254.2833767871539,642553.0596544669,53.742433665356025,WIN,642553.0596544669,0.0
2024-08-19,222.72000122070312,211.79759521484374,3,1251.497268071311,1251.497268071311,643804.5569225382,53.30222344765008,WIN,643804.5569225382,0.0
2024-08-20,221.10000610351562,218.26560119628905,3,1261.6887594367693,1261.6887594367693,645066.2456819749,52.469857569363555,WIN,645066.2456819749,0.0
2024-08-21,223.27000427246094,216.6780059814453,3,1248.9393239283932,1248.9393239283932,646315.1850059034,52.36298917351237,WIN,646315.1850059034,0.0
2024-08-22,210.66000366210938,218.8046041870117,3,1014.5939989034607,-1428.7861585672383,644886.3988473361,45.057367217153285,LOSS,646315.1850059034,-0.2210664690717802
2024-08-23,220.32000732421875,206.4468035888672,3,1006.39936536555,1006.39936536555,645892.7982127016,46.59928788192414,WIN,646315.1850059034,-0.065353066584368
2024-08-26,213.2100067138672,215.91360717773438,3,1089.0469306755758,277.9667915154189,646170.765004217,47.69502597199033,LOSS,646315.1850059034,-0.022345135165747147
2024-08-27,209.2100067138672,208.94580657958983,3,1015.3396978989902,1015.3396978989902,647186.104702116,46.498713150191215,WIN,647186.104702116,0.0
2024-08-28,205.75,205.02580657958984,3,976.3351465064445,976.3351465064445,648162.4398486224,45.86778728324381,WIN,648162.4398486224,0.0
2024-08-29,206.27999877929688,201.635,3,926.4583702541483,926.4583702541483,649088.8982188766,44.78345623021478,WIN,649088.8982188766,0.0
2024-08-30,214.11000061035156,202.15439880371093,3,860.4528373357057,860.4528373357057,649949.3510562123,42.59046242924781,WIN,649949.3510562123,0.0
2024-09-03,210.60000610351562,209.82780059814453,3,885.9208034847352,885.9208034847352,650835.2718596971,42.36824670306656,WIN,650835.2718596971,0.0
2024-09-04,219.41000366210938,206.3880059814453,3,838.6711689290664,838.6711689290664,651673.9430286261,41.340399815272235,WIN,651673.9430286261,0.0
2024-09-05,230.1699981689453,215.0218035888672,3,902.3867472668293,902.3867472668293,652576.329775893,42.20353310947085,WIN,652576.329775893,0.0
2024-09-06,210.72999572753906,225.5665982055664,3,926.7305417816306,-3524.2502016265726,649052.0795742664,41.63138729447536,LOSS,652576.329775893,-0.5400517979003097
2024-09-09,216.27000427246094,206.5153958129883,3,984.1541437428286,984.1541437428286,650036.2337180093,45.890561012773745,WIN,652576.329775893,-0.389241218533932
2024-09-10,226.1699981689453,211.94460418701172,3,1018.5472273507978,1018.5472273507978,651054.7809453601,46.15113757002553,WIN,652576.329775893,-0.2331602850283373
2024-09-11,228.1300048828125,221.6465982055664,3,1087.2324953204536,1087.2324953204536,652142.0134406806,46.79629065762938,WIN,652576.329775893,-0.06655410492157932
2024-09-12,229.80999755859375,223.56740478515624,3,1058.216301051684,1058.216301051684,653200.2297417322,45.6818163544031,WIN,653200.2297417322,0.0
2024-09-13,230.2899932861328,225.21379760742187,3,1039.462698435632,1039.462698435632,654239.6924401679,44.917756259577146,WIN,654239.6924401679,0.0
2024-09-16,226.77999877929688,225.68419342041014,3,975.834300794981,975.834300794981,655215.5267409629,43.027866559341135,WIN,655215.5267409629,0.0
2024-09-17,227.8699951171875,222.24439880371094,3,967.5230025003534,967.5230025003534,656183.0497434632,43.21925727720029,WIN,656183.0497434632,0.0
2024-09-18,227.1999969482422,223.31259521484375,3,956.1070155269617,956.1070155269617,657139.1567589901,42.75290126007589,WIN,657139.1567589901,0.0
2024-09-19,243.9199981689453,222.65599700927734,3,952.0593945141155,952.0593945141155,658091.2161535042,42.71690608584062,WIN,658091.2161535042,0.0
2024-09-20,238.25,239.0415982055664,3,1124.3742028586478,886.8947411887273,658978.110894693,45.48965381756068,LOSS,658978.110894693,0.0
2024-09-23,250.0,233.48499999999999,3,1036.8586433432667,1036.8586433432667,660014.9695380363,43.78562555103987,WIN,660014.9695380363,0.0
2024-09-24,254.27000427246094,245.0,3,1094.111914701729,1094.111914701729,661109.081452738,43.94748032773488,WIN,661109.081452738,0.0
2024-09-25,257.0199890136719,249.1846041870117,3,1077.9125237215774,1077.9125237215774,662186.9939764596,43.03996170340041,WIN,662186.9939764596,0.0
2024-09-26,254.22000122070312,251.87958923339843,3,1070.1637240173322,1070.1637240173322,663257.1577004769,42.540533780448584,WIN,663257.1577004769,0.0
2024-09-27,260.4599914550781,249.13560119628906,3,1052.0140698831076,1052.0140698831076,664309.1717703601,42.37164258601376,WIN,664309.1717703601,0.0
2024-09-30,261.6300048828125,255.25079162597655,3,1079.7317181523672,1079.7317181523672,665388.9034885125,42.41977369480513,WIN,665388.9034885125,0.0
2024-10-01,258.0199890136719,256.39740478515625,3,1068.8414569617355,1068.8414569617355,666457.7449454742,42.02183076577309,WIN,666457.7449454742,0.0
2024-10-02,249.02000427246094,252.85958923339842,3,1050.8850429231238,-100.99044535812209,666356.7545001161,41.939584126025764,LOSS,666457.7449454742,-0.015153315588876394
2024-10-03,240.66000366210938,244.03960418701172,3,1033.116328919618,19.236171448914774,666375.990671565,42.44125807991963,LOSS,666457.7449454742,-0.012266985345910081
2024-10-04,250.0800018310547,235.84680358886717,3,987.9209064289987,987.9209064289987,667363.911577994,42.15234141152149,WIN,667363.911577994,0.0
2024-10-07,240.8300018310547,245.0784017944336,3,848.2317462558578,-426.28824275781676,666937.6233352362,37.434923207685685,LOSS,667363.911577994,-0.06387643013986474
2024-10-08,244.5,236.01340179443358,3,859.1361476607995,859.1361476607995,667796.759482897,38.59611107185809,WIN,667796.759482897,0.0
2024-10-09,241.0500030517578,239.60999999999999,3,830.8545755752525,830.8545755752525,668627.6140584722,37.47683622323352,WIN,668627.6140584722,0.0
2024-10-10,238.77000427246094,236.22900299072265,3,826.9695630351333,826.9695630351333,669454.5836215074,37.69192883126537,WIN,669454.5836215074,0.0
2024-10-11,217.8000030517578,233.9946041870117,3,822.4837407679547,-4035.8965998082126,665418.6870216992,37.78434682464329,LOSS,669454.5836215074,-0.6028633903700382
2024-10-14,219.16000366210938,213.44400299072265,3,916.7106221714546,916.7106221714546,666335.3976438706,42.83962691107717,WIN,669454.5836215074,-0.46592943777652057
2024-10-15,219.57000732421875,214.77680358886718,3,920.0239118682064,920.0239118682064,667255.4215557388,42.76686473765698,WIN,669454.5836215074,-0.3285005614379309
2024-10-16,221.3300018310547,215.17860717773436,3,921.2173263334541,921.2173263334541,668176.6388820722,42.75096629344279,WIN,669454.5836215074,-0.19089341841861746
2024-10-17,220.88999938964844,216.9034017944336,3,930.147536806068,930.147536806068,669106.7864188782,42.79716988918016,WIN,669454.5836215074,-0.05195232225428892
2024-10-18,220.6999969482422,216.47219940185548,3,804.3768369144922,804.3768369144922,669911.1632557927,39.086435292871826,WIN,669911.1632557927,0.0
2024-10-21,218.85000610351562,216.28599700927734,3,795.2997287737769,795.2997287737769,670706.4629845665,38.835130597962745,WIN,670706.4629845665,0.0
2024-10-22,217.97000122070312,214.4730059814453,3,718.3305534427357,718.3305534427357,671424.7935380092,36.71034898954865,WIN,671424.7935380092,0.0
2024-10-23,213.64999389648438,213.61060119628905,3,701.1504750092485,701.1504750092485,672125.9440130184,36.27666396889805,WIN,672125.9440130184,0.0
2024-10-24,260.4800109863281,209.37699401855468,3,681.704145372084,681.704145372084,672807.6481583904,36.104840719656536,WIN,672807.6481583904,0.0
2024-10-25,269.19000244140625,255.27041076660157,3,1796.8366469764537,1796.8366469764537,674604.4848053668,60.62713753452255,WIN,674604.4848053668,0.0
2024-10-28,262.510009765625,263.80620239257814,3,1863.7761226843456,1474.9183345984027,676079.4031399653,60.795609749625825,LOSS,676079.4031399653,0.0
2024-10-29,259.5199890136719,257.2598095703125,3,1828.044098493589,1828.044098493589,677907.4472384589,61.06062521760107,WIN,677907.4472384589,0.0
2024-10-30,257.54998779296875,254.32958923339842,3,1806.2505707920575,1806.2505707920575,679713.6978092509,61.03585482901369,WIN,679713.6978092509,0.0
2024-10-31,249.85000610351562,252.39898803710938,3,1774.331067432483,1009.6364873543577,680723.3342966053,60.56822918290862,LOSS,680723.3342966053,0.0
