Date,Stock_Price,Strike,Contracts,Premium,PnL,Capital,VIX,Status,Peak,Drawdown_%
2019-01-03,20.02400016784668,20.674667358398438,10,463.3584642036118,-187.30872634814602,49812.69127365186,44.648149663254074,LOSS,49812.69127365186,0.0
2019-01-04,21.179332733154297,20.02400016784668,10,448.77577975721516,448.77577975721516,50261.46705340907,44.648149663254074,WIN,50261.46705340907,0.0
2019-01-07,22.33066749572754,21.179332733154297,10,474.66897135373654,474.66897135373654,50736.1360247628,44.648149663254074,WIN,50736.1360247628,0.0
2019-01-08,22.356666564941406,22.33066749572754,10,500.47256461703796,500.47256461703796,51236.608589379844,44.648149663254074,WIN,51236.608589379844,0.0
2019-01-09,22.568666458129883,22.356666564941406,10,501.0552530140421,501.0552530140421,51737.663842393886,44.648149663254074,WIN,51737.663842393886,0.0
2019-01-10,22.99799919128418,22.568666458129883,10,505.8065722597779,505.8065722597779,52243.47041465366,44.648149663254074,WIN,52243.47041465366,0.0
2019-01-11,23.150667190551758,22.99799919128418,10,515.4287321919377,515.4287321919377,52758.8991468456,44.648149663254074,WIN,52758.8991468456,0.0
2019-01-14,22.293333053588867,23.150667190551758,10,518.8503112890701,-338.48382567382055,52420.41532117178,44.648149663254074,LOSS,52758.8991468456,-0.6415672638121369
2019-01-15,22.961999893188477,22.293333053588867,10,499.6358290376262,499.6358290376262,52920.0511502094,44.648149663254074,WIN,52920.0511502094,0.0
2019-01-16,23.06999969482422,22.961999893188477,10,514.6219197199945,514.6219197199945,53434.6730699294,44.648149663254074,WIN,53434.6730699294,0.0
2019-01-17,23.15399932861328,23.06999969482422,10,517.0423998831205,517.0423998831205,53951.715469812516,44.648149663254074,WIN,53951.715469812516,0.0
2019-01-18,20.150667190551758,23.15399932861328,10,518.9249908158522,-2484.4071472456712,51467.308322566845,44.648149663254074,LOSS,53951.715469812516,-4.604871458880238
2019-01-22,19.92799949645996,20.150667190551758,10,451.61462771004693,228.94693361825006,51696.2552561851,44.648149663254074,LOSS,53951.715469812516,-4.180516215261795
2019-01-23,19.172666549682617,19.92799949645996,10,446.6242228356381,-308.70872394170567,51387.54653224339,44.648149663254074,LOSS,53951.715469812516,-4.752710669605772
2019-01-24,19.43400001525879,19.172666549682617,10,429.69578050019385,429.69578050019385,51817.24231274358,44.648149663254074,WIN,53951.715469812516,-3.956265595045314
2019-01-25,19.80266761779785,19.43400001525879,10,435.55275856689025,435.55275856689025,52252.79507131047,44.648149663254074,WIN,53951.715469812516,-3.1489645578603267
2019-01-28,19.7586669921875,19.80266761779785,10,443.8152979902747,399.81467237992314,52652.609743690395,44.648149663254074,LOSS,53951.715469812516,-2.4079043915647262
2019-01-29,19.83066749572754,19.7586669921875,10,442.8291606100026,442.8291606100026,53095.4389043004,44.648149663254074,WIN,53951.715469812516,-1.5871164763819772
2019-01-30,20.584667205810547,19.83066749572754,10,444.4428283011853,444.4428283011853,53539.881732601585,44.648149663254074,WIN,53951.715469812516,-0.7633376133171581
2019-01-31,20.468000411987305,20.584667205810547,10,461.3413902764574,344.6745964532152,53884.5563290548,44.648149663254074,LOSS,53951.715469812516,-0.12448008403975913
2019-02-01,20.81399917602539,20.468000411987305,10,492.05490833837473,492.05490833837473,54376.611237393176,46.80220081707583,WIN,54376.611237393176,0.0
2019-02-04,20.859333038330078,20.81399917602539,10,493.34879956511463,493.34879956511463,54869.96003695829,46.355776999478046,WIN,54869.96003695829,0.0
2019-02-05,21.42333221435547,20.859333038330078,10,467.18620158969156,467.18620158969156,55337.14623854798,44.62842826987547,WIN,55337.14623854798,0.0
2019-02-06,21.148000717163086,21.42333221435547,10,458.8363958638754,183.50489867149258,55520.65113721947,43.33282385238693,LOSS,55520.65113721947,0.0
2019-02-07,20.500667572021484,21.148000717163086,10,454.0043710891757,-193.32877405242584,55327.32236316705,43.399437755442236,LOSS,55520.65113721947,-0.34821056686567314
2019-02-08,20.386667251586914,20.500667572021484,10,445.4666777197857,331.4663572852154,55658.78872045226,43.745260184141756,LOSS,55658.78872045226,0.0
2019-02-11,20.856000900268555,20.386667251586914,10,437.9442304366037,437.9442304366037,56096.732950888865,43.41787496582169,WIN,56096.732950888865,0.0
2019-02-12,20.78733253479004,20.856000900268555,10,453.9492606310253,385.2808951525097,56482.01384604137,43.79355580234635,LOSS,56482.01384604137,0.0
2019-02-13,20.544666290283203,20.78733253479004,10,442.28892477334335,199.62268026650742,56681.63652630788,43.14662488873877,LOSS,56681.63652630788,0.0
2019-02-14,20.251333236694336,20.544666290283203,10,427.0553630940558,133.7223095051886,56815.358835813066,42.498190304937,LOSS,56815.358835813066,0.0
2019-02-15,20.525333404541016,20.251333236694336,10,420.73826910841444,420.73826910841444,57236.09710492148,42.48384054763444,WIN,57236.09710492148,0.0
2019-02-19,20.375999450683594,20.525333404541016,10,429.0562913813591,279.7223375239372,57515.81944244541,42.653052524632706,LOSS,57515.81944244541,0.0
2019-02-20,20.17066764831543,20.375999450683594,10,232.3270173127919,26.995214944627833,57542.81465739004,30.083419886684943,LOSS,57542.81465739004,0.0
2019-02-21,19.415332794189453,20.17066764831543,10,229.61648228728026,-525.7183718386963,57017.09628555134,30.059196840823155,LOSS,57542.81465739004,-0.9136125421893638
2019-02-22,19.6473331451416,19.415332794189453,10,220.45059183209875,220.45059183209875,57237.546877383444,30.02053682384716,WIN,57542.81465739004,-0.5305054711420679
2019-02-25,19.917999267578125,19.6473331451416,10,222.42060380517586,222.42060380517586,57459.96748118862,29.975813760017576,WIN,57542.81465739004,-0.14397484150660364
2019-02-26,19.857332229614258,19.917999267578125,10,222.73423065111783,162.06719268725064,57622.034673875874,29.793136972431775,LOSS,57622.034673875874,0.0
2019-02-27,20.982667922973633,19.857332229614258,10,222.14086586038277,222.14086586038277,57844.17553973626,29.798802787179536,WIN,57844.17553973626,0.0
2019-02-28,21.325332641601562,20.982667922973633,10,283.26539843224407,283.26539843224407,58127.4409381685,32.85878235390604,WIN,58127.4409381685,0.0
2019-03-01,19.652666091918945,21.325332641601562,10,271.4145363161831,-1401.252013366434,56726.18892480207,31.83667442306774,LOSS,58127.4409381685,-2.41065491745453
2019-03-04,19.02400016784668,19.652666091918945,10,327.90490991885315,-300.7610141534125,56425.42791064866,37.07219217139845,LOSS,58127.4409381685,-2.9280714926540745
2019-03-05,18.43600082397461,19.02400016784668,10,322.3028121414078,-265.6965317306625,56159.731378918,37.412034279314625,LOSS,58127.4409381685,-3.385164609850285
2019-03-06,18.416000366210938,18.43600082397461,10,318.71300736548767,298.7125496018158,56458.44392851981,37.86925904217834,LOSS,58127.4409381685,-2.8712721267465473
2019-03-07,18.439332962036133,18.416000366210938,10,307.1363981548627,307.1363981548627,56765.58032667467,37.06251389918593,WIN,58127.4409381685,-2.3428876095585776
2019-03-08,18.94266700744629,18.439332962036133,10,307.82621205439733,307.82621205439733,57073.40653872907,37.08408530286218,WIN,58127.4409381685,-1.8133163656054219
2019-03-11,19.39466667175293,18.94266700744629,10,320.3754052832216,320.3754052832216,57393.78194401229,37.37366175068515,WIN,58127.4409381685,-1.2621560184227314
2019-03-12,18.890666961669922,19.39466667175293,10,335.5887242117694,-168.41098587123844,57225.37095814105,37.88990891384918,LOSS,58127.4409381685,-1.5518831819673689
2019-03-13,19.263999938964844,18.890666961669922,10,325.004485495054,325.004485495054,57550.375443636105,37.75941461847674,WIN,58127.4409381685,-0.9927591602496942
2019-03-14,19.33066749572754,19.263999938964844,10,337.3417940334304,337.3417940334304,57887.71723766954,38.16555483463082,WIN,58127.4409381685,-0.41241055279547784
2019-03-15,18.36199951171875,19.33066749572754,10,338.1617895642822,-630.506194444507,57257.211043225034,38.14177713442622,LOSS,58127.4409381685,-1.4971068412751103
2019-03-18,17.965999603271484,18.36199951171875,10,341.03438933523546,-54.965519112030165,57202.245524113,39.569551429460674,LOSS,58127.4409381685,-1.5916672042033544
2019-03-19,17.83133316040039,17.965999603271484,10,332.85389477883683,198.18745190774308,57400.43297602075,39.508756761402324,LOSS,58127.4409381685,-1.2507138632183916
2019-03-20,18.239999771118164,17.83133316040039,10,330.3637713715412,330.3637713715412,57730.79674739229,39.5091147524404,WIN,58127.4409381685,-0.6823699519098602
2019-03-21,18.26799964904785,18.239999771118164,10,345.11210331341374,345.11210331341374,58075.9088507057,40.02962750173731,WIN,58127.4409381685,-0.08865363179778944
2019-03-22,17.635332107543945,18.26799964904785,10,335.22145673854425,-297.446084765362,57778.46276594034,39.27503354778125,LOSS,58127.4409381685,-0.6003673421635375
2019-03-25,17.3613338470459,17.635332107543945,10,329.98494460779864,55.986684109751764,57834.449450050095,39.753094937582375,LOSS,58127.4409381685,-0.5040502100033449
2019-03-26,17.851333618164062,17.3613338470459,10,322.3898864224341,322.3898864224341,58156.83933647253,39.565032623379174,WIN,58156.83933647253,0.0
2019-03-27,18.32200050354004,17.851333618164062,10,341.69306482928334,341.69306482928334,58498.53240130181,40.32121391014401,WIN,58498.53240130181,0.0
2019-03-28,18.57466697692871,18.32200050354004,10,323.78294416059,323.78294416059,58822.3153454624,38.37760958056187,WIN,58822.3153454624,0.0
2019-03-29,18.657333374023438,18.57466697692871,10,327.16042761539575,327.16042761539575,59149.47577307779,38.3001520664412,WIN,59149.47577307779,0.0
2019-04-01,19.278667449951172,18.657333374023438,10,268.96803132298885,268.96803132298885,59418.443804400784,34.0708529252645,WIN,59418.443804400784,0.0
2019-04-02,19.058666229248047,19.278667449951172,10,280.13893750651766,60.137716803392664,59478.58152120418,34.22274874838374,LOSS,59478.58152120418,0.0
2019-04-03,19.45400047302246,19.058666229248047,10,265.77013075770714,265.77013075770714,59744.351651961886,33.44729487981999,WIN,59744.351651961886,0.0
2019-04-04,17.851999282836914,19.45400047302246,10,275.4984314778651,-1326.5027587076818,58417.8488932542,33.73394465291577,LOSS,59744.351651961886,-2.220298190589075
2019-04-05,18.33066749572754,17.851999282836914,10,325.24204241209316,325.24204241209316,58743.090935666296,39.10120979985763,WIN,59744.351651961886,-1.6759085814980312
2019-04-08,18.213333129882812,18.33066749572754,10,333.70238072728966,216.3680148825631,58959.45895054886,39.08241575273743,LOSS,59744.351651961886,-1.3137521451155454
2019-04-09,18.15399932861328,18.213333129882812,10,325.38199607087427,266.048194801343,59225.5071453502,38.633231670508295,LOSS,59744.351651961886,-0.8684411032430142
2019-04-10,18.40399932861328,18.15399932861328,10,318.8119064361435,318.8119064361435,59544.31905178635,38.23171341388553,WIN,59744.351651961886,-0.3348142454383296
2019-04-11,17.89466667175293,18.40399932861328,10,320.99534023295587,-188.3373166273957,59355.98173515895,38.073078495133785,LOSS,59744.351651961886,-0.650052944026184
2019-04-12,17.84666633605957,17.89466667175293,10,317.78569828545517,269.7853625920958,59625.76709775105,38.492528340958415,LOSS,59744.351651961886,-0.1984866366977175
2019-04-15,17.7586669921875,17.84666633605957,10,294.31086593014624,206.31152205807592,59832.07861980912,36.815652983378556,LOSS,59832.07861980912,0.0
2019-04-16,18.224000930786133,17.7586669921875,10,288.5478522810084,288.5478522810084,60120.62647209013,36.49445841890049,WIN,60120.62647209013,0.0
2019-04-17,18.082000732421875,18.224000930786133,10,302.2989898444808,160.29879148022297,60280.92526357035,36.9438078321047,LOSS,60280.92526357035,0.0
2019-04-18,18.21733283996582,18.082000732421875,10,295.55444847078604,295.55444847078604,60576.47971204114,36.6227059467611,WIN,60576.47971204114,0.0
2019-04-22,17.516666412353516,18.21733283996582,10,298.3230837105465,-402.3433439017582,60174.13636813938,36.6631242559405,LOSS,60576.47971204114,-0.6641906987899541
2019-04-23,17.593332290649414,17.516666412353516,10,289.6812642537193,289.6812642537193,60463.8176323931,36.87701034683204,WIN,60576.47971204114,-0.18598320698660126
2019-04-24,17.243999481201172,17.593332290649414,10,288.48596160598584,-60.84684784225635,60402.97078455084,36.69180057914407,LOSS,60576.47971204114,-0.2864295322460128
2019-04-25,16.5086669921875,17.243999481201172,10,278.55186122849386,-456.780627785178,59946.19015676566,36.369142142697214,LOSS,60576.47971204114,-1.0404856113654155
2019-04-26,15.675999641418457,16.5086669921875,10,273.3221736570021,-559.3451771120408,59386.84497965362,36.90190460678183,LOSS,60576.47971204114,-1.9638558365270038
2019-04-29,16.097999572753906,15.675999641418457,10,272.8951322762669,272.8951322762669,59659.74011192989,38.02923802369219,WIN,60576.47971204114,-1.5133589876286992
2019-04-30,15.912667274475098,16.097999572753906,10,289.2161770260871,103.88387874727852,59763.623990677166,38.76674431160255,LOSS,60576.47971204114,-1.3418668850154334
2019-05-01,15.600666999816895,15.912667274475098,10,271.2767313078952,-40.72354335030792,59722.90044732686,37.552182960252836,LOSS,60576.47971204114,-1.4090935438505017
2019-05-02,16.273332595825195,15.600666999816895,10,266.83021307528855,266.83021307528855,59989.73066040214,37.62616034570428,WIN,60576.47971204114,-0.9686086983399992
2019-05-03,17.00200080871582,16.273332595825195,10,294.384396907384,294.384396907384,60284.11505730953,38.93080518352101,WIN,60576.47971204114,-0.4826372481884158
2019-05-06,17.022666931152344,17.00200080871582,10,275.26825812825825,275.26825812825825,60559.383315437786,36.41781320419529,WIN,60576.47971204114,-0.02822282952826323
2019-05-07,16.470666885375977,17.022666931152344,10,266.9278791931738,-285.0721665831934,60274.31114885459,35.7436587108041,LOSS,60576.47971204114,-0.4988215964726715
2019-05-08,16.32266616821289,16.470666885375977,10,266.1263302060118,118.12561304292586,60392.436761897516,36.37448628982126,LOSS,60576.47971204114,-0.3038191572347833
2019-05-09,16.131999969482422,16.32266616821289,10,263.87832153611237,73.21212280564362,60465.64888470316,36.38610224490462,LOSS,60576.47971204114,-0.18296016517438904
2019-05-10,15.968000411987305,16.131999969482422,10,257.58146210563245,93.58190461051527,60559.230789313675,36.12250472232601,LOSS,60576.47971204114,-0.028474620528394595
2019-05-13,15.133999824523926,15.968000411987305,10,250.569419640112,-583.431167823267,59975.799621490405,35.75852810060809,LOSS,60576.47971204114,-0.9916061372436153
2019-05-14,15.487333297729492,15.133999824523926,10,255.6747900873151,255.6747900873151,60231.47441157772,37.34874847769985,WIN,60576.47971204114,-0.5695367279568718
2019-05-15,15.463333129882812,15.487333297729492,10,269.54703409817307,245.54686625149338,60477.02127782921,38.02379645188384,LOSS,60576.47971204114,-0.16418655340276733
2019-05-16,15.222000122070312,15.463333129882812,10,259.8890440958412,18.5560362833412,60495.577314112554,37.23329774287499,LOSS,60576.47971204114,-0.13355414232250837
2019-05-17,14.0686674118042,15.222000122070312,10,256.32852103931805,-897.0041892267952,59598.573124885756,37.27636037197671,LOSS,60576.47971204114,-1.6143338005179573
2019-05-20,13.690667152404785,14.0686674118042,10,266.5074074888744,-111.49285191053968,59487.08027297522,40.05966990805739,LOSS,60576.47971204114,-1.7983868396521805
2019-05-21,13.67199993133545,13.690667152404785,10,256.0562870332711,237.38906596393514,59724.469338939154,39.74171819324418,LOSS,60576.47971204114,-1.4065036085823017
2019-05-22,12.84866714477539,13.67199993133545,10,254.63720057113477,-568.6955859889238,59155.773752950234,39.638191582812965,LOSS,60576.47971204114,-2.34530954232473
2019-05-23,13.03266716003418,12.84866714477539,10,253.12935171098445,253.12935171098445,59408.90310466122,41.06174269331087,WIN,60576.47971204114,-1.9274421573028961
2019-05-24,12.708666801452637,13.03266716003418,10,255.6805409172752,-68.31981766426776,59340.58328699695,40.95275080836985,LOSS,60576.47971204114,-2.0402249039878093
2019-05-28,12.579999923706055,12.708666801452637,10,240.68154655422947,112.01466880764744,59452.5979558046,40.053120334861546,LOSS,60576.47971204114,-1.8553104465282029
2019-05-29,12.657333374023438,12.579999923706055,10,229.07869330221504,229.07869330221504,59681.67664910682,39.0892391421711,WIN,60576.47971204114,-1.477146026292535
2019-05-30,12.54800033569336,12.657333374023438,10,232.49823355030924,123.16519522023111,59804.84184432705,39.29945107941789,LOSS,60576.47971204114,-1.2738242159038937
2019-05-31,12.343999862670898,12.54800033569336,10,229.996735392355,25.996262369894055,59830.838106696945,39.2474556871804,LOSS,60576.47971204114,-1.2309094369443492
2019-06-03,11.9313325881958,12.343999862670898,10,206.20629783399932,-206.46097664109834,59624.377130055844,37.09861426254232,LOSS,60576.47971204114,-1.571736400846086
2019-06-04,12.90666675567627,11.9313325881958,10,175.71621630137358,175.71621630137358,59800.093346357215,34.48237576222692,WIN,60576.47971204114,-1.2816630635761377
2019-06-05,13.105999946594238,12.90666675567627,10,254.885538980376,254.885538980376,60054.978885337594,41.12462852316822,WIN,60576.47971204114,-0.8608965545415853
2019-06-06,13.729999542236328,13.105999946594238,10,260.9457360058918,260.9457360058918,60315.92462134349,41.33898695130513,WIN,60576.47971204114,-0.4301258375135614
2019-06-07,13.633333206176758,13.729999542236328,10,293.85217572665607,197.18583966708576,60513.110461010576,43.31244738196659,LOSS,60576.47971204114,-0.10461032290386867
2019-06-10,14.192000389099121,13.633333206176758,10,291.7009892863091,291.7009892863091,60804.81145029688,43.30446022156308,WIN,60804.81145029688,0.0
2019-06-11,14.473333358764648,14.192000389099121,10,317.42057330020043,317.42057330020043,61122.232023597084,44.587650611006964,WIN,61122.232023597084,0.0
2019-06-12,13.950667381286621,14.473333358764648,10,312.2127392002023,-210.45323827782505,60911.77878531926,43.536524503174554,LOSS,61122.232023597084,-0.34431536825516884
2019-06-13,14.260666847229004,13.950667381286621,10,303.31886409571206,303.31886409571206,61215.097649414965,43.76229001876755,WIN,61215.097649414965,0.0
2019-06-14,14.32800006866455,14.260666847229004,10,314.2636654558314,314.2636654558314,61529.361314870795,44.1523360655919,WIN,61529.361314870795,0.0
2019-06-17,15.001999855041504,14.32800006866455,10,315.1080330823165,315.1080330823165,61844.46934795311,44.093295912170824,WIN,61844.46934795311,0.0
2019-06-18,14.982666969299316,15.001999855041504,10,305.1086120298581,285.7757262876706,62130.24507424078,41.904463341393004,LOSS,62130.24507424078,0.0
2019-06-19,15.095333099365234,14.982666969299316,10,298.0460382111261,298.0460382111261,62428.29111245191,41.31559848358465,WIN,62428.29111245191,0.0
2019-06-20,14.641332626342773,15.095333099365234,10,300.0087289658707,-153.99174405659022,62274.29936839532,41.2911882357088,LOSS,62428.29111245191,-0.2466698051676707
2019-06-21,14.790666580200195,14.641332626342773,10,268.4965950609944,268.4965950609944,62542.79596345631,39.25924048473884,WIN,62542.79596345631,0.0
2019-06-24,14.909333229064941,14.790666580200195,10,270.89635473700014,270.89635473700014,62813.69231819331,39.22894133343162,WIN,62813.69231819331,0.0
2019-06-25,14.650667190551758,14.909333229064941,10,264.8188349264519,6.152796413268334,62819.84511460658,38.4968515672917,LOSS,62819.84511460658,0.0
2019-06-26,14.618000030517578,14.650667190551758,10,262.69473549238637,230.02757545820668,63049.87269006478,38.71990748950225,LOSS,63049.87269006478,0.0
2019-06-27,14.855999946594238,14.618000030517578,10,262.8708258030604,262.8708258030604,63312.74351586784,38.788850408986264,WIN,63312.74351586784,0.0
2019-06-28,14.897333145141602,14.855999946594238,10,265.4105894030555,265.4105894030555,63578.1541052709,38.63389934733215,WIN,63578.1541052709,0.0
2019-07-01,15.14466667175293,14.897333145141602,10,261.25944108653704,261.25944108653704,63839.413546357435,38.199706351741696,WIN,63839.413546357435,0.0
2019-07-02,14.970000267028809,15.14466667175293,10,249.11510427710067,74.44869955297958,63913.862245910415,36.760023777097885,LOSS,63913.862245910415,0.0
2019-07-03,15.65999984741211,14.970000267028809,10,201.88511554737656,201.88511554737656,64115.74736145779,32.84027386827534,WIN,64115.74736145779,0.0
2019-07-05,15.539999961853027,15.65999984741211,10,225.7404844112009,105.74059885211886,64221.48796030991,34.06938660315471,LOSS,64221.48796030991,0.0
2019-07-08,15.355999946594238,15.539999961853027,10,209.85351366212453,25.853498403335465,64247.34145871324,32.86422812953698,LOSS,64247.34145871324,0.0
2019-07-09,15.337332725524902,15.355999946594238,10,208.99330305178935,190.32608198245342,64437.66754069569,33.00417776361177,LOSS,64437.66754069569,0.0
2019-07-10,15.928000450134277,15.337332725524902,10,195.02101496291823,195.02101496291823,64632.68855565861,31.82095300588288,WIN,64632.68855565861,0.0
2019-07-11,15.90666675567627,15.928000450134277,10,213.16422231180982,191.830527853802,64824.519083512416,32.704027646759016,LOSS,64824.519083512416,0.0
2019-07-12,16.338666915893555,15.90666675567627,10,192.6281087627315,192.6281087627315,65017.147192275144,31.019888991671465,WIN,65017.147192275144,0.0
2019-07-15,16.899999618530273,16.338666915893555,10,200.09278833554018,200.09278833554018,65217.239980610684,31.200702291028147,WIN,65217.239980610684,0.0
2019-07-16,16.825332641601562,16.899999618530273,10,215.90063859919113,141.2336616704802,65358.47364228116,31.899982559975022,LOSS,65358.47364228116,0.0
2019-07-17,16.99066734313965,16.825332641601562,10,196.0116158357755,196.0116158357755,65554.48525811694,30.411225460682118,WIN,65554.48525811694,0.0
2019-07-18,16.902666091918945,16.99066734313965,10,197.34166995290036,109.34041873219724,65663.82567684914,30.364816797981096,LOSS,65663.82567684914,0.0
2019-07-19,17.211999893188477,16.902666091918945,10,198.0615255482996,198.0615255482996,65861.88720239744,30.501150470617112,WIN,65861.88720239744,0.0
2019-07-22,17.045333862304688,17.211999893188477,10,183.42927387226973,16.76324298848067,65878.65044538592,29.097962027853622,LOSS,65878.65044538592,0.0
2019-07-23,17.344667434692383,17.045333862304688,10,186.1250413500592,186.1250413500592,66064.77548673598,29.44502572234416,WIN,66064.77548673598,0.0
2019-07-24,17.658666610717773,17.344667434692383,10,190.90307294857297,190.90307294857297,66255.67855968454,29.560153933239828,WIN,66255.67855968454,0.0
2019-07-25,15.254667282104492,17.658666610717773,10,185.24292589387738,-2218.756402719404,64036.92215696514,28.877228809328695,LOSS,66255.67855968454,-3.3487792306295656
2019-07-26,15.202667236328125,15.254667282104492,10,338.518581944233,286.5185361678658,64323.44069313301,44.356129682663294,LOSS,66255.67855968454,-2.916335487849443
2019-07-29,15.718000411987305,15.202667236328125,10,336.3150722426505,336.3150722426505,64659.75576537566,44.26480036313971,WIN,66255.67855968454,-2.4087336044279475
2019-07-30,16.150667190551758,15.718000411987305,10,354.23823014718835,354.23823014718835,65013.99399552285,44.81378792706832,WIN,66255.67855968454,-1.8740802164499157
2019-07-31,16.107332229614258,16.150667190551758,10,366.7072535855639,323.3722926480639,65337.36628817091,45.036412288852176,LOSS,66255.67855968454,-1.3860129297240518
2019-08-01,15.59000015258789,16.107332229614258,10,364.37958116661537,-152.95249585975182,65184.413792311156,44.92605295693421,LOSS,66255.67855968454,-1.6168648343226455
2019-08-02,15.62266731262207,15.59000015258789,10,347.99463078775096,347.99463078775096,65532.40842309891,44.52877619110529,WIN,66255.67855968454,-1.091634939538196
2019-08-05,15.221332550048828,15.62266731262207,10,348.26989218649635,-53.06487038674584,65479.34355271216,44.49033943494041,LOSS,66255.67855968454,-1.171725992169928
2019-08-06,15.383333206176758,15.221332550048828,10,342.778513172531,342.778513172531,65822.12206588469,44.7906473578782,WIN,66255.67855968454,-0.6543688076627273
2019-08-07,15.561332702636719,15.383333206176758,10,347.0621605924714,347.0621605924714,66169.18422647715,44.84529276268118,WIN,66255.67855968454,-0.13054629442738713
2019-08-08,15.886667251586914,15.561332702636719,10,342.21730204440917,342.21730204440917,66511.40152852156,44.09204156400973,WIN,66511.40152852156,0.0
2019-08-09,15.667332649230957,15.886667251586914,10,352.3156028204749,132.98100046451788,66644.38252898607,44.33716220366081,LOSS,66644.38252898607,0.0
2019-08-12,15.267333030700684,15.667332649230957,10,343.5534915979757,-56.446126932297716,66587.93640205378,44.008036057138895,LOSS,66644.38252898607,-0.0846975015602288
2019-08-13,15.666666984558105,15.267333030700684,10,328.94316755696127,328.94316755696127,66916.87956961074,43.502090544547045,WIN,66916.87956961074,0.0
2019-08-14,14.641332626342773,15.666666984558105,10,343.60714866452327,-681.7272095508088,66235.15236005993,44.01379932842079,LOSS,66916.87956961074,-1.0187671839085644
2019-08-15,14.37600040435791,14.641332626342773,10,342.3589204791086,77.0266984942453,66312.17905855417,45.93285924952435,LOSS,66916.87956961074,-0.9036591588636798
2019-08-16,14.662667274475098,14.37600040435791,10,336.859680497226,336.859680497226,66649.03873905141,45.99773637492957,WIN,66916.87956961074,-0.4002589963578767
2019-08-19,15.121999740600586,14.662667274475098,10,344.08923495230715,344.08923495230715,66993.12797400371,46.04396108350173,WIN,66993.12797400371,0.0
2019-08-20,15.057332992553711,15.121999740600586,10,363.2845581358777,298.6178100890027,67291.74578409271,46.78020805664111,LOSS,67291.74578409271,0.0
2019-08-21,14.722000122070312,15.057332992553711,10,358.51421967602397,23.181349192625532,67314.92713328534,46.49759214371561,LOSS,67314.92713328534,0.0
2019-08-22,14.8100004196167,14.722000122070312,10,348.0719522381953,348.0719522381953,67662.99908552354,46.2767224678406,WIN,67662.99908552354,0.0
2019-08-23,14.09333324432373,14.8100004196167,10,226.5109728051979,-490.1562024877709,67172.84288303577,35.23267003004509,LOSS,67662.99908552354,-0.7244080355767627
2019-08-26,14.333333015441895,14.09333324432373,10,233.35646956116466,233.35646956116466,67406.19935259694,36.90408665513968,WIN,67662.99908552354,-0.3795275651349821
2019-08-27,14.272000312805176,14.333333015441895,10,229.08066681238935,167.7479641756706,67573.94731677261,36.142691441881084,LOSS,67662.99908552354,-0.13161073253399416
2019-08-28,14.37266731262207,14.272000312805176,10,218.94186092312617,218.94186092312617,67792.88917769573,35.293781631456085,WIN,67792.88917769573,0.0
2019-08-29,14.780667304992676,14.37266731262207,10,221.8285277562594,221.8285277562594,68014.71770545199,35.41733470123646,WIN,68014.71770545199,0.0
2019-08-30,15.040666580200195,14.780667304992676,10,230.29305804625227,230.29305804625227,68245.01076349824,35.611321115695986,WIN,68245.01076349824,0.0
2019-09-03,15.000666618347168,15.040666580200195,10,237.66251537425126,197.6625535212239,68442.67331701946,35.903192963205896,LOSS,68442.67331701946,0.0
2019-09-04,14.711999893188477,15.000666618347168,10,231.5027064736534,-57.164018685038,68385.50929833442,35.41571233969458,LOSS,68442.67331701946,-0.08352101973028424
2019-09-05,15.305333137512207,14.711999893188477,10,228.7382023629333,228.7382023629333,68614.24750069735,35.56771353949246,WIN,68614.24750069735,0.0
2019-09-06,15.16333293914795,15.305333137512207,10,252.09924271140196,110.09904434714414,68724.3465450445,36.789525779329026,LOSS,68724.3465450445,0.0
2019-09-09,15.452667236328125,15.16333293914795,10,246.02830338640763,246.02830338640763,68970.3748484309,36.463938992035395,WIN,68970.3748484309,0.0
2019-09-10,15.702667236328125,15.452667236328125,10,252.96256289393403,252.96256289393403,69223.33741132484,36.65567996097995,WIN,69223.33741132484,0.0
2019-09-11,16.47333335876465,15.702667236328125,10,252.93796472747732,252.93796472747732,69476.27537605232,36.308830586676144,WIN,69476.27537605232,0.0
2019-09-12,16.391332626342773,16.47333335876465,10,280.5892768981006,198.5885444762256,69674.86392052854,37.53245991737419,LOSS,69674.86392052854,0.0
2019-09-13,16.34666633605957,16.391332626342773,10,231.4159243030341,186.74963401983098,69861.61355454837,33.67660790868185,LOSS,69861.61355454837,0.0
2019-09-16,16.187332153320312,16.34666633605957,10,225.06245600819415,65.72827326893633,69927.3418278173,33.21347777624714,LOSS,69927.3418278173,0.0
2019-09-17,16.319332122802734,16.187332153320312,10,223.43329106126492,223.43329106126492,70150.77511887858,33.25961551791481,WIN,70150.77511887858,0.0
2019-09-18,16.232667922973633,16.319332122802734,10,217.2699267140611,130.60572688495955,70281.38084576353,32.61230757279023,LOSS,70281.38084576353,0.0
2019-09-19,16.440000534057617,16.232667922973633,10,216.32668683340262,216.32668683340262,70497.70753259693,32.62946848982564,WIN,70497.70753259693,0.0
2019-09-20,16.041332244873047,16.440000534057617,10,211.05969583868503,-187.60859334588528,70310.09893925105,31.98331657049743,LOSS,70497.70753259693,-0.26612013342296936
2019-09-23,16.082000732421875,16.041332244873047,10,215.81767273859415,215.81767273859415,70525.91661198964,32.797770218914984,WIN,70525.91661198964,0.0
2019-09-24,14.880666732788086,16.082000732421875,10,180.60633811022328,-1020.7276615235658,69505.18895046608,29.856343554268,LOSS,70525.91661198964,-1.447308607329796
2019-09-25,15.24666690826416,14.880666732788086,10,231.47576975787698,231.47576975787698,69736.66472022395,35.57795300149975,WIN,70525.91661198964,-1.1190948373034117
2019-09-26,16.17066764831543,15.24666690826416,10,241.01855198921737,241.01855198921737,69977.68327221317,35.911952551764664,WIN,70525.91661198964,-0.7773501800659656
2019-09-27,16.142000198364258,16.17066764831543,10,283.9913125765921,255.32386262542025,70233.00713483858,38.232509749179904,LOSS,70525.91661198964,-0.4153217586132892
2019-09-30,16.058000564575195,16.142000198364258,10,279.3926617960243,195.3930280069618,70428.40016284554,37.89689915019217,LOSS,70525.91661198964,-0.13827037467743797
2019-10-01,16.312667846679688,16.058000564575195,10,277.1561387930117,277.1561387930117,70705.55630163856,37.83242594968139,WIN,70705.55630163856,0.0
2019-10-02,16.208667755126953,16.312667846679688,10,282.36751673825853,178.36742518552416,70883.92372682408,37.89859128604648,LOSS,70883.92372682408,0.0
2019-10-03,15.535332679748535,16.208667755126953,10,276.489705860296,-396.84536951812197,70487.07835730596,37.565796672103225,LOSS,70883.92372682408,-0.5598524300763955
2019-10-04,15.428667068481445,15.535332679748535,10,270.3211630623389,163.65555179524904,70650.73390910121,38.01857920664319,LOSS,70883.92372682408,-0.32897419536417105
2019-10-07,15.847999572753906,15.428667068481445,10,268.08881163731803,268.08881163731803,70918.82272073854,37.98631248321421,WIN,70918.82272073854,0.0
2019-10-08,16.003332138061523,15.847999572753906,10,278.3893989773337,278.3893989773337,71197.21211971587,38.23792078455911,WIN,71197.21211971587,0.0
2019-10-09,16.302000045776367,16.003332138061523,10,279.8520050423917,279.8520050423917,71477.06412475827,38.1332700857963,WIN,71477.06412475827,0.0
2019-10-10,16.31599998474121,16.302000045776367,10,266.59895840049813,266.59895840049813,71743.66308315877,36.633987907493605,WIN,71743.66308315877,0.0
2019-10-11,16.525999069213867,16.31599998474121,10,266.6027293461361,266.6027293461361,72010.2658125049,36.61573061291363,WIN,72010.2658125049,0.0
2019-10-14,17.130666732788086,16.525999069213867,10,271.39245626072886,271.39245626072886,72281.65826876563,36.72446409919287,WIN,72281.65826876563,0.0
2019-10-15,17.19266700744629,17.130666732788086,10,291.53720590091547,291.53720590091547,72573.19547466654,37.513278577188125,WIN,72573.19547466654,0.0
2019-10-16,17.316667556762695,17.19266700744629,10,292.3511628375042,292.3511628375042,72865.54663750404,37.49472033726879,WIN,72865.54663750404,0.0
2019-10-17,17.46466636657715,17.316667556762695,10,293.8892873975999,293.8892873975999,73159.43592490164,37.45114323790254,WIN,73159.43592490164,0.0
2019-10-18,17.1299991607666,17.46466636657715,10,295.811913418562,-38.85529239198485,73120.58063250966,37.40651900609636,LOSS,73159.43592490164,-0.05311043189543303
2019-10-21,16.899999618530273,17.1299991607666,10,287.6718827091759,57.67234047284779,73178.25297298252,37.21565376889838,LOSS,73178.25297298252,0.0
2019-10-22,17.038667678833008,16.899999618530273,10,286.44873553767405,286.44873553767405,73464.7017085202,37.42225250616617,WIN,73464.7017085202,0.0
2019-10-23,16.978666305541992,17.038667678833008,10,220.39625171605522,160.3948784250396,73625.09658694523,32.111480865838814,LOSS,73625.09658694523,0.0
2019-10-24,19.978666305541992,16.978666305541992,10,216.64385913306086,216.64385913306086,73841.7404460783,31.87958771379749,WIN,73841.7404460783,0.0
2019-10-25,21.875333786010742,19.978666305541992,10,508.3106769494052,508.3106769494052,74350.0511230277,48.6574929326979,WIN,74350.0511230277,0.0
2019-10-28,21.847333908081055,21.875333786010742,10,605.9726916951071,577.9728137654196,74928.02393679312,51.64522469017015,LOSS,74928.02393679312,0.0
2019-10-29,21.08133316040039,21.847333908081055,10,604.0475040197836,-161.9532436608805,74766.07069313223,51.575617931909235,LOSS,74928.02393679312,-0.21614508851521913
2019-10-30,21.000667572021484,21.08133316040039,10,600.8150893748937,520.1495009959874,75286.22019412823,52.70177384718166,LOSS,75286.22019412823,0.0
2019-10-31,20.994667053222656,21.000667572021484,10,597.8373730261255,591.8368542272974,75878.05704835552,52.65901745891566,LOSS,75878.05704835552,0.0
2019-11-01,20.887332916259766,20.994667053222656,10,576.5576716521799,469.2235346892893,76347.2805830448,51.32894515095325,LOSS,76347.2805830448,0.0
2019-11-04,21.1646671295166,20.887332916259766,10,573.0507868287269,573.0507868287269,76920.33136987353,51.29352480369696,WIN,76920.33136987353,0.0
2019-11-05,21.148000717163086,21.1646671295166,10,579.7646181169147,563.098205763399,77483.42957563692,51.237588550411644,LOSS,77483.42957563692,0.0
2019-11-06,21.77199935913086,21.148000717163086,10,580.9642851040502,580.9642851040502,78064.39386074098,51.34118987305238,WIN,78064.39386074098,0.0
2019-11-07,22.369333267211914,21.77199935913086,10,599.5478323980064,599.5478323980064,78663.94169313899,51.42877343158902,WIN,78663.94169313899,0.0
2019-11-08,22.47599983215332,22.369333267211914,10,615.1743959150963,615.1743959150963,79279.11608905408,51.38012910539902,WIN,79279.11608905408,0.0
2019-11-11,23.006000518798828,22.47599983215332,10,619.0855771020794,619.0855771020794,79898.20166615615,51.437677734269705,WIN,79898.20166615615,0.0
2019-11-12,23.32866668701172,23.006000518798828,10,630.7967124239148,630.7967124239148,80528.99837858006,51.27165068406994,WIN,80528.99837858006,0.0
2019-11-13,23.073999404907227,23.32866668701172,10,638.4342378864982,383.766955782006,80912.76533436206,51.203059621430405,LOSS,80912.76533436206,0.0
2019-11-14,23.290000915527344,23.073999404907227,10,636.5659288220213,636.5659288220213,81549.33126318408,51.49551842325453,WIN,81549.33126318408,0.0
2019-11-15,23.47800064086914,23.290000915527344,10,642.4409812123549,642.4409812123549,82191.77224439643,51.490747134127446,WIN,82191.77224439643,0.0
2019-11-18,23.332666397094727,23.47800064086914,10,638.0487829974445,492.71453922303044,82684.48678361946,50.95106819275055,LOSS,82684.48678361946,0.0
2019-11-19,23.968000411987305,23.332666397094727,10,630.9397239422583,630.9397239422583,83315.42650756171,50.771942507839896,WIN,83315.42650756171,0.0
2019-11-20,23.481332778930664,23.968000411987305,10,648.1510627704445,161.48342971380384,83476.90993727552,50.77366686031829,LOSS,83476.90993727552,0.0
2019-11-21,23.655332565307617,23.481332778930664,10,643.1087440833833,643.1087440833833,84120.0186813589,51.23103123734188,WIN,84120.0186813589,0.0
2019-11-22,22.202667236328125,23.655332565307617,10,368.8672674911496,-1083.7980614883427,83036.22061987055,35.62814069257266,LOSS,84120.0186813589,-1.2883949367554204
2019-11-25,22.422666549682617,22.202667236328125,10,291.8397861319376,291.8397861319376,83328.06040600249,32.38834997977206,WIN,84120.0186813589,-0.9414623151194114
2019-11-26,21.92799949645996,22.422666549682617,10,295.8360889497836,-198.83096427287268,83129.22944172962,32.453515585776515,LOSS,84120.0186813589,-1.1778281260044867
2019-11-27,22.086000442504883,21.92799949645996,10,276.57541508032574,276.57541508032574,83405.80485680995,31.685283287587136,WIN,84120.0186813589,-0.8490414478560006
2019-11-29,21.996000289916992,22.086000442504883,10,278.28616087297536,188.28600828508473,83594.09086509503,31.66838631325549,LOSS,84120.0186813589,-0.6252112452043618
2019-12-02,22.32466697692871,21.996000289916992,10,277.7557677129423,277.7557677129423,83871.84663280797,31.70468896381894,WIN,84120.0186813589,-0.29502139020081297
2019-12-03,22.413333892822266,22.32466697692871,10,283.1576388111382,283.1576388111382,84155.00427161911,31.7788548625774,WIN,84155.00427161911,0.0
2019-12-04,22.20199966430664,22.413333892822266,10,282.62342378862047,71.28919527299547,84226.29346689211,31.680947546713895,LOSS,84226.29346689211,0.0
2019-12-05,22.024667739868164,22.20199966430664,10,282.24855147916645,104.91662704068989,84331.2100939328,31.817392271260697,LOSS,84331.2100939328,0.0
2019-12-06,22.392667770385742,22.024667739868164,10,268.63096528503183,268.63096528503183,84599.84105921783,31.13487969466353,WIN,84599.84105921783,0.0
2019-12-09,22.635332107543945,22.392667770385742,10,264.95050402653146,264.95050402653146,84864.79156324436,30.65229187034342,WIN,84864.79156324436,0.0
2019-12-10,23.256000518798828,22.635332107543945,10,269.44678244227555,269.44678244227555,85134.23834568664,30.747265702171717,WIN,85134.23834568664,0.0
2019-12-11,23.51333236694336,23.256000518798828,10,280.3462569179631,280.3462569179631,85414.5846026046,30.946991319362546,WIN,85414.5846026046,0.0
2019-12-12,23.978666305541992,23.51333236694336,10,282.1453200268463,282.1453200268463,85696.72992263145,30.87368261380995,WIN,85696.72992263145,0.0
2019-12-13,23.892667770385742,23.978666305541992,10,291.2894558690014,205.29092071275142,85902.0208433442,31.070106859666772,LOSS,85902.0208433442,0.0
2019-12-16,25.433332443237305,23.892667770385742,10,289.7193876550733,289.7193876550733,86191.74023099928,31.04101846423626,WIN,86191.74023099928,0.0
2019-12-17,25.266000747680664,25.433332443237305,10,375.87691756974203,208.5452220131014,86400.28545301237,34.5506595464546,LOSS,86400.28545301237,0.0
2019-12-18,26.209999084472656,25.266000747680664,10,373.5383788815565,373.5383788815565,86773.82383189393,34.55769861499631,WIN,86773.82383189393,0.0
2019-12-19,26.93600082397461,26.209999084472656,10,396.8328345334244,396.8328345334244,87170.65666642736,35.02901619447747,WIN,87170.65666642736,0.0
2019-12-20,27.03933334350586,26.93600082397461,10,404.10811310106317,404.10811310106317,87574.76477952841,34.84647938340855,WIN,87574.76477952841,0.0
2019-12-23,27.947999954223633,27.03933334350586,10,405.8378868585581,405.8378868585581,87980.60266638697,34.85526247254167,WIN,87980.60266638697,0.0
2019-12-24,28.350000381469727,27.947999954223633,10,332.3867183495907,332.3867183495907,88312.98938473656,30.733014836379834,WIN,88312.98938473656,0.0
2019-12-26,28.729333877563477,28.350000381469727,10,337.2240204764302,337.2240204764302,88650.21340521298,30.73564166300963,WIN,88650.21340521298,0.0
2019-12-27,28.691999435424805,28.729333877563477,10,312.58690051096244,275.25245837229056,88925.46586358527,29.393428078998596,LOSS,88925.46586358527,0.0
2019-12-30,27.64666748046875,28.691999435424805,10,316.6472922458446,-728.6846627102101,88196.78120087506,29.59936576553352,LOSS,88925.46586358527,-0.8194330562496386
2019-12-31,27.8886661529541,27.64666748046875,10,351.8620867471838,351.8620867471838,88548.64328762225,31.836379610362716,WIN,88925.46586358527,-0.42375102823872046
2020-01-02,28.68400001525879,27.8886661529541,10,354.8665128677214,354.8665128677214,88903.50980048998,31.832797533654034,WIN,88925.46586358527,-0.024690411101103916
2020-01-03,29.534000396728516,28.68400001525879,10,369.3971526679139,369.3971526679139,89272.90695315789,32.036204860806656,WIN,89272.90695315789,0.0
2020-01-06,30.1026668548584,29.534000396728516,10,374.3542594257821,374.3542594257821,89647.26121258367,31.767932880303086,WIN,89647.26121258367,0.0
2020-01-07,31.270666122436523,30.1026668548584,10,369.57305684571213,369.57305684571213,90016.83426942938,31.241059378529453,WIN,90016.83426942938,0.0
2020-01-08,32.80933380126953,31.270666122436523,10,395.73629948633885,395.73629948633885,90412.57056891572,31.7412460787108,WIN,90412.57056891572,0.0
2020-01-09,32.089332580566406,32.80933380126953,10,437.26805617736426,-282.73316452576074,90129.83740438995,32.63069222809335,LOSS,90412.57056891572,-0.3127144408644548
2020-01-10,31.876667022705078,32.089332580566406,10,460.20009211270184,247.5345342513737,90377.37193864133,33.97164726007111,LOSS,90412.57056891572,-0.038931124347980135
2020-01-13,34.990665435791016,31.876667022705078,10,467.34530578052676,467.34530578052676,90844.71724442186,34.394741843744086,WIN,90844.71724442186,0.0
2020-01-14,35.861331939697266,34.990665435791016,10,641.8749268283625,641.8749268283625,91486.59217125022,39.26706391611722,WIN,91486.59217125022,0.0
2020-01-15,34.56666564941406,35.861331939697266,10,647.6759912485778,-646.9902990346253,90839.60187221559,38.89188452164124,LOSS,91486.59217125022,-0.7071968511227905
2020-01-16,34.232666015625,34.56666564941406,10,639.5196151186268,305.5199813295643,91145.12185354515,39.474588861311105,LOSS,91486.59217125022,-0.3732462971906131
2020-01-17,34.03333282470703,34.232666015625,10,635.9232820561259,436.59009113815716,91581.71194468331,39.57440586819243,LOSS,91581.71194468331,0.0
2020-01-21,36.47999954223633,34.03333282470703,10,630.5652579874192,630.5652579874192,92212.27720267072,39.510071737976446,WIN,92212.27720267072,0.0
2020-01-22,37.97066879272461,36.47999954223633,10,731.4808171098418,731.4808171098418,92943.75801978057,41.52571758733528,WIN,92943.75801978057,0.0
2020-01-23,38.14666748046875,37.97066879272461,10,768.8098391124004,768.8098391124004,93712.56785889296,41.78488033611791,WIN,93712.56785889296,0.0
2020-01-24,37.654666900634766,38.14666748046875,10,770.0988493744795,278.09826954049515,93990.66612843346,41.706003105317976,LOSS,93990.66612843346,0.0
2020-01-27,37.201332092285156,37.654666900634766,10,774.2804199536034,320.94561160399405,94311.61174003745,42.20185311464479,LOSS,94311.61174003745,0.0
2020-01-28,37.793331146240234,37.201332092285156,10,776.658425769665,776.658425769665,95088.27016580712,42.61789608947346,WIN,95088.27016580712,0.0
2020-01-29,38.732666015625,37.793331146240234,10,785.0590585512504,785.0590585512504,95873.32922435837,42.4793326021982,WIN,95873.32922435837,0.0
2020-01-30,42.72066879272461,38.732666015625,10,756.018883875377,756.018883875377,96629.34810823375,40.821072481764595,WIN,96629.34810823375,0.0
2020-01-31,43.371334075927734,42.72066879272461,10,964.3463113164682,964.3463113164682,97593.69441955021,44.86166403275455,WIN,97593.69441955021,0.0
2020-02-03,52.0,43.371334075927734,10,979.0308868205562,979.0308868205562,98572.72530637078,44.86156994667922,WIN,98572.72530637078,0.0
2020-02-04,59.137332916259766,52.0,10,1706.9335083551844,1706.9335083551844,100279.65881472596,58.424245842603945,WIN,100279.65881472596,0.0
2020-02-05,48.97999954223633,59.137332916259766,10,2115.8488632729877,-8041.48451075045,92238.17430397551,62.330591590476196,LOSS,100279.65881472596,-8.019058506778215
2020-02-06,49.930667877197266,48.97999954223633,10,2220.370381811636,2220.370381811636,94458.54468578714,74.96884344252999,WIN,100279.65881472596,-5.804880269580647
2020-02-07,49.871334075927734,49.930667877197266,10,2257.440204929327,2198.106403659796,96656.65108944694,74.80918777745121,LOSS,100279.65881472596,-3.612903920996376
2020-02-10,51.41866683959961,49.871334075927734,10,2239.0989540874607,2239.0989540874607,98895.7500435344,74.39382917209488,WIN,100279.65881472596,-1.3800493415603226
2020-02-11,51.62533187866211,51.41866683959961,10,2297.3792010078987,2297.3792010078987,101193.1292445423,74.10590848300667,WIN,101193.1292445423,0.0
2020-02-12,51.15266799926758,51.62533187866211,10,2251.842401278272,1779.1785218837408,102972.30776642605,72.70243762786654,LOSS,102972.30776642605,0.0
2020-02-13,53.599998474121094,51.15266799926758,10,2241.3421236101417,2241.3421236101417,105213.64989003619,72.96407200276175,WIN,105213.64989003619,0.0
2020-02-14,53.33533477783203,53.599998474121094,10,2315.9599687151494,2051.296272426087,107264.94616246228,72.15908860109059,LOSS,107264.94616246228,0.0
2020-02-18,57.22666549682617,53.33533477783203,10,2300.9816792241686,2300.9816792241686,109565.92784168644,72.07122041983745,WIN,109565.92784168644,0.0
2020-02-19,61.16133117675781,57.22666549682617,10,2482.1826316484385,2482.1826316484385,112048.11047333488,72.37917712809804,WIN,112048.11047333488,0.0
2020-02-20,59.96066665649414,61.16133117675781,10,2649.360218190722,1448.6956979270503,113496.80617126192,72.30375823984846,LOSS,113496.80617126192,0.0
2020-02-21,60.06666564941406,59.96066665649414,10,2623.4091785356413,2623.4091785356413,116120.21534979757,72.87867831200813,WIN,116120.21534979757,0.0
2020-02-24,55.58599853515625,60.06666564941406,10,2629.7123820824727,-1850.9547321753398,114269.26061762223,72.91535877175295,LOSS,116120.21534979757,-1.5939987078042919
2020-02-25,53.32733154296875,55.58599853515625,10,2531.9979757064875,273.3309835189875,114542.59160114122,75.2583127080232,LOSS,116120.21534979757,-1.3586124895686373
2020-02-26,51.91999816894531,53.32733154296875,10,2459.372914241866,1052.0395402184286,115594.63114135964,76.00895098237947,LOSS,116120.21534979757,-0.45262076620739045
2020-02-27,45.266666412353516,51.91999816894531,10,2417.0423075424033,-4236.289449049394,111358.34169231025,76.58410130591884,LOSS,116120.21534979757,-4.100813663790385
2020-02-28,44.53266525268555,45.266666412353516,10,2287.502084678473,1553.500925010504,112911.84261732076,80.0,LOSS,116120.21534979757,-2.7629751829274443
2020-03-02,49.574668884277344,44.53266525268555,10,2179.3092931034043,2179.3092931034043,115091.15191042416,79.73798936945352,WIN,116120.21534979757,-0.8862052453773728
2020-03-03,49.70066833496094,49.574668884277344,10,2530.1730343649156,2530.1730343649156,117621.32494478907,80.0,WIN,117621.32494478907,0.0
2020-03-04,49.96666717529297,49.70066833496094,10,2162.891495861714,2162.891495861714,119784.21644065078,72.56937685726476,WIN,119784.21644065078,0.0
2020-03-05,48.30266571044922,49.96666717529297,10,1949.6533133892585,285.6518485455085,120069.86828919628,66.61738916790992,LOSS,120069.86828919628,0.0
2020-03-06,46.89866638183594,48.30266571044922,10,1526.979951084208,122.98062247092685,120192.84891166721,56.819733425979635,LOSS,120192.84891166721,0.0
2020-03-09,40.53333282470703,46.89866638183594,10,1488.378034755333,-4876.955522373573,115315.89338929363,56.98283704650094,LOSS,120192.84891166721,-4.057608723425616
2020-03-10,43.02199935913086,40.53333282470703,10,1478.1715506266153,1478.1715506266153,116794.06493992025,63.24269367340155,WIN,120192.84891166721,-2.8277755311755812
2020-03-11,42.28200149536133,43.02199935913086,10,1605.1485085976187,865.1506448280875,117659.21558474834,64.35642037024704,LOSS,120192.84891166721,-2.107973435907912
2020-03-12,37.369998931884766,42.28200149536133,10,1577.112273804598,-3334.8902896719646,114324.32529507637,64.3430622787848,LOSS,120192.84891166721,-4.882589662970523
2020-03-13,36.44133377075195,37.369998931884766,10,1495.676352655046,567.0111915222335,114891.33648659861,67.94605009459939,LOSS,120192.84891166721,-4.410838475893705
2020-03-16,29.67133331298828,36.44133377075195,10,1424.601126160523,-5345.399331603148,109545.93715499545,66.7151803635194,LOSS,120192.84891166721,-8.858190693604783
2020-03-17,28.68000030517578,29.67133331298828,10,1338.1609799610696,346.82797214856964,109892.76512714403,74.66097191860419,LOSS,120192.84891166721,-8.569631120145077
2020-03-18,24.08133316040039,28.68000030517578,10,1229.6950386699793,-3368.9721061054115,106523.79302103861,71.7201399259326,LOSS,120192.84891166721,-11.372603290795062
2020-03-19,28.50933265686035,24.08133316040039,10,1053.4284616051023,1053.4284616051023,107577.22148264371,72.86867601640112,WIN,120192.84891166721,-10.496154757339223
2020-03-20,28.50200080871582,28.50933265686035,10,1518.828029430497,1511.4961812859658,109088.71766392968,80.0,LOSS,120192.84891166721,-9.238595597229118
2020-03-23,28.952667236328125,28.50200080871582,10,1517.7498322626923,1517.7498322626923,110606.46749619237,80.0,WIN,120192.84891166721,-7.975833422935266
2020-03-24,33.66666793823242,28.952667236328125,10,1542.8031371354418,1542.8031371354418,112149.27063332782,80.0,WIN,120192.84891166721,-6.692226992847824
2020-03-25,35.95000076293945,33.66666793823242,10,1988.675438606137,1988.675438606137,114137.94607193395,80.0,WIN,120192.84891166721,-5.037656478367661
2020-03-26,35.21066665649414,35.95000076293945,10,2162.790380446042,1423.4562740007295,115561.40234593468,80.0,LOSS,120192.84891166721,-3.8533461912832285
2020-03-27,34.29066848754883,35.21066665649414,10,2040.9476797691334,1120.949510823821,116682.3518567585,80.0,LOSS,120192.84891166721,-2.9207203978405314
2020-03-30,33.47533416748047,34.29066848754883,10,1989.056295501675,1173.7219754333157,117856.07383219182,80.0,LOSS,120192.84891166721,-1.944188111551255
2020-03-31,34.93333435058594,33.47533416748047,10,1854.9681083114565,1854.9681083114565,119711.04194050327,80.0,WIN,120192.84891166721,-0.4008615949506549
2020-04-01,32.104000091552734,34.93333435058594,10,1953.9819506345805,-875.3523083986227,118835.68963210465,80.0,LOSS,120192.84891166721,-1.1291514360891577
2020-04-02,30.29800033569336,32.104000091552734,10,1816.6027682828528,10.603012423477821,118846.29264452813,80.0,LOSS,120192.84891166721,-1.1203297694763008
2020-04-03,32.000667572021484,30.29800033569336,10,1720.5909621433502,1720.5909621433502,120566.88360667149,80.0,WIN,120566.88360667149,0.0
2020-04-06,34.41600036621094,32.000667572021484,10,1844.5677191821162,1844.5677191821162,122411.4513258536,80.0,WIN,122411.4513258536,0.0
2020-04-07,36.36333465576172,34.41600036621094,10,1933.1975089926007,1933.1975089926007,124344.6488348462,80.0,WIN,124344.6488348462,0.0
2020-04-08,36.589332580566406,36.36333465576172,10,2038.854448323293,2038.854448323293,126383.5032831695,80.0,WIN,126383.5032831695,0.0
2020-04-09,38.20000076293945,36.589332580566406,10,2050.9761785723854,2050.9761785723854,128434.47946174188,80.0,WIN,128434.47946174188,0.0
2020-04-13,43.39666748046875,38.20000076293945,10,2063.1534594106593,2063.1534594106593,130497.63292115254,80.0,WIN,130497.63292115254,0.0
2020-04-14,47.32600021362305,43.39666748046875,10,2455.244749308918,2455.244749308918,132952.87767046146,80.0,WIN,132952.87767046146,0.0
2020-04-15,48.65533447265625,47.32600021362305,10,2363.172948581228,2363.172948581228,135316.05061904268,80.0,WIN,135316.05061904268,0.0
2020-04-16,49.680667877197266,48.65533447265625,10,2394.026533550237,2394.026533550237,137710.07715259292,80.0,WIN,137710.07715259292,0.0
2020-04-17,50.259334564208984,49.680667877197266,10,2051.577158461733,2051.577158461733,139761.65431105465,69.62852240802559,WIN,139761.65431105465,0.0
2020-04-20,49.75733184814453,50.259334564208984,10,1807.7502064425037,1305.7474903780505,141067.4018014327,62.5817827697478,LOSS,141067.4018014327,0.0
2020-04-21,45.781333923339844,49.75733184814453,10,1798.6687951453744,-2177.3291296593134,138890.07267177338,62.82039295686531,LOSS,141067.4018014327,-1.5434672375437453
2020-04-22,48.807334899902344,45.781333923339844,10,1786.5238040290405,1786.5238040290405,140676.59647580242,66.62254232994519,WIN,141067.4018014327,-0.2770344676655818
2020-04-23,47.04199981689453,48.807334899902344,10,1681.2004516201594,-84.13463138765314,140592.46184441476,60.56731389000015,LOSS,141067.4018014327,-0.33667590878752507
2020-04-24,48.34333419799805,47.04199981689453,10,1625.3931103881598,1625.3931103881598,142217.85495480293,60.707941515492266,WIN,142217.85495480293,0.0
2020-04-27,53.25,48.34333419799805,10,1653.9818646898852,1653.9818646898852,143871.8368194928,60.25985598198082,WIN,143871.8368194928,0.0
2020-04-28,51.27466583251953,53.25,10,1884.7300183848904,-90.60414909557835,143781.23267039724,61.82184898727337,LOSS,143871.8368194928,-0.0629755976558804
2020-04-29,53.367332458496094,51.27466583251953,10,1834.4437821674192,1834.4437821674192,145615.67645256466,62.32826594713318,WIN,145615.67645256466,0.0
2020-04-30,52.12533187866211,53.367332458496094,10,1907.8369718664849,665.8363920325005,146281.51284459716,62.29168516656542,LOSS,146281.51284459716,0.0
2020-05-01,46.75466537475586,52.12533187866211,10,1736.909023782318,-3633.757480123932,142647.75536447324,59.080576192486156,LOSS,146281.51284459716,-2.484085247316428
2020-05-04,50.74599838256836,46.75466537475586,10,1682.8279207707037,1682.8279207707037,144330.58328524395,62.613902719525534,WIN,146281.51284459716,-1.333681557850577
2020-05-05,51.2140007019043,50.74599838256836,10,1862.315095421091,1862.315095421091,146192.89838066505,63.54789305927094,WIN,146281.51284459716,-0.0605780335525062
2020-05-06,52.172000885009766,51.2140007019043,10,1846.0407004578826,1846.0407004578826,148038.93908112292,62.683880741359744,WIN,148038.93908112292,0.0
2020-05-07,52.00266647338867,52.172000885009766,10,1863.0181855645706,1693.6837739434768,149732.6228550664,62.23877485414669,LOSS,149732.6228550664,0.0
2020-05-08,54.62799835205078,52.00266647338867,10,1861.70469352205,1861.70469352205,151594.32754858845,62.359183362469,WIN,151594.32754858845,0.0
2020-05-11,54.08599853515625,54.62799835205078,10,1960.8599849912277,1418.8601680966965,153013.18771668515,62.48433067848142,LOSS,153013.18771668515,0.0
2020-05-12,53.96066665649414,54.08599853515625,10,1734.616795184445,1609.2849165223356,154622.47263320748,57.426550164094564,LOSS,154622.47263320748,0.0
2020-05-13,52.73066711425781,53.96066665649414,10,1626.8130311541881,396.81348891786,155019.28612212534,54.88222326303628,LOSS,155019.28612212534,0.0
2020-05-14,53.55533218383789,52.73066711425781,10,1596.2367295172758,1596.2367295172758,156615.52285164263,55.04543893536163,WIN,156615.52285164263,0.0
2020-05-15,53.27799987792969,53.55533218383789,10,1618.784988882801,1341.4526829745978,157956.97553461723,54.98577108966993,LOSS,157956.97553461723,0.0
2020-05-18,54.242000579833984,53.27799987792969,10,1611.1405754890857,1611.1405754890857,159568.11611010632,55.00410394230484,WIN,159568.11611010632,0.0
2020-05-19,53.867332458496094,54.242000579833984,10,1639.5500142556052,1264.8818929177146,160832.99800302403,54.98600303641318,LOSS,160832.99800302403,0.0
2020-05-20,54.37066650390625,53.867332458496094,10,1497.873609800912,1497.873609800912,162330.87161282494,51.78482752040155,WIN,162330.87161282494,0.0
2020-05-21,55.17333221435547,54.37066650390625,10,1447.5132973305656,1447.5132973305656,163778.3849101555,50.2189926154448,WIN,163778.3849101555,0.0
2020-05-22,54.45866775512695,55.17333221435547,10,1431.7727276453033,717.1082684167877,164495.49317857227,49.32921684516693,LOSS,164495.49317857227,0.0
2020-05-26,54.591331481933594,54.45866775512695,10,1414.0677116772188,1414.0677116772188,165909.5608902495,49.349642181174076,WIN,165909.5608902495,0.0
2020-05-27,54.68199920654297,54.591331481933594,10,1215.3293978630682,1215.3293978630682,167124.89028811257,44.450274068106154,WIN,167124.89028811257,0.0
2020-05-28,53.72066879272461,54.68199920654297,10,1179.6182350689132,218.28782125055386,167343.17810936313,43.53751268494071,LOSS,167343.17810936313,0.0
2020-05-29,55.66666793823242,53.72066879272461,10,1133.1618820306037,1133.1618820306037,168476.33999139373,42.904199653569066,WIN,168476.33999139373,0.0
2020-06-01,59.87333297729492,55.66666793823242,10,1186.2353469632108,1186.2353469632108,169662.57533835695,43.18997292905628,WIN,169662.57533835695,0.0
2020-06-02,58.770668029785156,59.87333297729492,10,1044.8513784884522,-57.81356902131347,169604.76176933563,38.0855438225878,LOSS,169662.57533835695,-0.03407561679765069
2020-06-03,58.86399841308594,58.770668029785156,10,858.0124955576173,858.0124955576173,170462.77426489323,34.31310091524635,WIN,170462.77426489323,0.0
2020-06-04,57.62533187866211,58.86399841308594,10,860.5671066146783,-378.0994278091498,170084.67483708408,34.33989035714812,LOSS,170462.77426489323,-0.22180762306590152
2020-06-05,59.04399871826172,57.62533187866211,10,864.2464603511896,864.2464603511896,170948.92129743527,34.8400697315878,WIN,170948.92129743527,0.0
2020-06-08,63.327999114990234,59.04399871826172,10,895.2752598772017,895.2752598772017,171844.19655731248,35.05856432493952,WIN,171844.19655731248,0.0
2020-06-09,62.711334228515625,63.327999114990234,10,1050.8074088445424,434.142522369933,172278.3390796824,36.95059940689603,LOSS,172278.3390796824,0.0
2020-06-10,68.336669921875,62.711334228515625,10,1040.3430445230456,1040.3430445230456,173318.68212420543,36.94570573139062,WIN,173318.68212420543,0.0
2020-06-11,64.85600280761719,68.336669921875,10,1353.7224945088278,-2126.9446197489847,171191.73750445645,41.205645290873775,LOSS,173318.68212420543,-1.2271871639462046
2020-06-12,62.35200119018555,64.85600280761719,10,1366.8792307647013,-1137.1223866669393,170054.6151177895,42.880399348616095,LOSS,173318.68212420543,-1.883274766696409
2020-06-15,66.05999755859375,62.35200119018555,10,1376.7766705473716,1376.7766705473716,171431.39178833688,44.210038263512956,WIN,173318.68212420543,-1.0889133893344827
2020-06-16,65.47533416748047,66.05999755859375,10,1520.6197678671444,935.9563767538632,172367.34816509075,45.45096800750528,LOSS,173318.68212420543,-0.5488929107093745
2020-06-17,66.11933135986328,65.47533416748047,10,1516.1337019304783,1516.1337019304783,173883.48186702124,45.632243276308984,WIN,173883.48186702124,0.0
2020-06-18,66.9306640625,66.11933135986328,10,1522.7810769664006,1522.7810769664006,175406.26294398765,45.46688425296059,WIN,175406.26294398765,0.0
2020-06-19,66.72666931152344,66.9306640625,10,1541.4267575551958,1337.4320065786333,176743.69495056628,45.466094441431494,LOSS,176743.69495056628,0.0
2020-06-22,66.28800201416016,66.72666931152344,10,1541.439867506749,1102.7725701434676,177846.46752070973,45.55949437055828,LOSS,177846.46752070973,0.0
2020-06-23,66.78533172607422,66.28800201416016,10,1524.297959367126,1524.297959367126,179370.76548007687,45.41963252706847,WIN,179370.76548007687,0.0
2020-06-24,64.0566635131836,66.78533172607422,10,1534.140095258871,-1194.528117631754,178176.2373624451,45.388058750954926,LOSS,179370.76548007687,-0.6659547415291847
2020-06-25,65.73200225830078,64.0566635131836,10,1535.9693755914282,1535.9693755914282,179712.20673803653,46.720298610227374,WIN,179712.20673803653,0.0
2020-06-26,63.982666015625,65.73200225830078,10,1563.618420161846,-185.7178225139353,179526.4889155226,46.46827529223427,LOSS,179712.20673803653,-0.10334179624461412
2020-06-29,67.29000091552734,63.982666015625,10,1536.3312679882706,1536.3312679882706,181062.8201835109,46.76446621899791,WIN,181062.8201835109,0.0
2020-06-30,71.98733520507812,67.29000091552734,10,1542.4525506575926,1542.4525506575926,182605.27273416848,45.32356815747612,WIN,182605.27273416848,0.0
2020-07-01,74.64199829101562,71.98733520507812,10,1736.8530780107042,1736.8530780107042,184342.12581217918,46.9172900009586,WIN,184342.12581217918,0.0
2020-07-02,80.57733154296875,74.64199829101562,10,1816.1529808951695,1816.1529808951695,186158.27879307434,47.18757027084864,WIN,186158.27879307434,0.0
2020-07-06,91.43866729736328,80.57733154296875,10,2047.0758777428005,2047.0758777428005,188205.35467081715,48.60780000823521,WIN,188205.35467081715,0.0
2020-07-07,92.65733337402344,91.43866729736328,10,2731.916880761516,2731.916880761516,190937.27155157865,54.52361119551604,WIN,190937.27155157865,0.0
2020-07-08,91.05867004394531,92.65733337402344,10,2693.6232373675125,1094.9599072893875,192032.23145886805,53.45705975052972,LOSS,192032.23145886805,0.0
2020-07-09,92.9520034790039,91.05867004394531,10,2662.091495226162,2662.091495226162,194694.3229540942,53.67414305672058,WIN,194694.3229540942,0.0
2020-07-10,102.97666931152344,92.9520034790039,10,2558.976595234022,2558.976595234022,197253.29954932822,51.41887978968267,WIN,197253.29954932822,0.0
2020-07-13,99.80400085449219,102.97666931152344,10,2923.8409016708197,-248.82755536043032,197004.4719939678,52.56072103836333,LOSS,197253.29954932822,-0.12614620689688
2020-07-14,101.12000274658203,99.80400085449219,10,2802.7830993661564,2802.7830993661564,199807.25509333395,52.15014927402038,WIN,199807.25509333395,0.0
2020-07-15,103.06732940673828,101.12000274658203,10,2799.3815716144222,2799.3815716144222,202606.63666494837,51.622168028566726,WIN,202606.63666494837,0.0
2020-07-16,100.04266357421875,103.06732940673828,10,2817.4168050269714,-207.2490274925599,202399.3876374558,51.161721898793004,LOSS,202606.63666494837,-0.10229133206297411
2020-07-17,100.05599975585938,100.04266357421875,10,2822.0815237427582,2822.0815237427582,205221.46916119856,52.31670881510647,WIN,205221.46916119856,0.0
2020-07-20,109.53333282470703,100.05599975585938,10,2835.008598278747,2835.008598278747,208056.4777594773,52.48264838729041,WIN,208056.4777594773,0.0
2020-07-21,104.55733489990234,109.53333282470703,10,3257.7746273913535,-1718.223297413334,206338.25446206398,54.345381306746,LOSS,208056.4777594773,-0.8258446532963352
2020-07-22,106.15533447265625,104.55733489990234,10,3239.6712087494125,3239.6712087494125,209577.9256708134,55.98882376914415,WIN,209577.9256708134,0.0
2020-07-23,100.87133026123047,106.15533447265625,10,3282.5781843202676,-2001.4260271055136,207576.49964370788,55.906496022931584,LOSS,209577.9256708134,-0.954979404772416
2020-07-24,94.46666717529297,100.87133026123047,10,3157.398765591017,-3247.264320346483,204329.2353233614,56.40766212749581,LOSS,209577.9256708134,-2.504409913712077
2020-07-27,102.63999938964844,94.46666717529297,10,3158.3773492894607,3158.3773492894607,207487.61267265087,59.228727775551384,WIN,209577.9256708134,-0.9973917775318591
2020-07-28,98.43267059326172,102.63999938964844,10,3479.9979730349783,-727.3308233517405,206760.28184929912,59.85195466879546,LOSS,209577.9256708134,-1.3444373077439353
2020-07-29,99.94066619873047,98.43267059326172,10,3426.4762451091924,3426.4762451091924,210186.75809440832,61.04977170278011,WIN,210186.75809440832,0.0
2020-07-30,99.16600036621094,99.94066619873047,10,3409.5797627751026,2634.9139302555714,212821.6720246639,60.13127874094617,LOSS,212821.6720246639,0.0
2020-07-31,95.38400268554688,99.16600036621094,10,3388.911111244128,-393.0865694199347,212428.58545524394,60.20811559679777,LOSS,212821.6720246639,-0.18470232175151355
2020-08-03,99.0,95.38400268554688,10,3210.521874720725,3210.521874720725,215639.10732996467,59.52655697018154,WIN,215639.10732996467,0.0
2020-08-04,99.13333129882812,99.0,10,2875.0603436082783,2875.0603436082783,218514.16767357296,53.41764986611825,WIN,218514.16767357296,0.0
2020-08-05,99.00133514404297,99.13333129882812,10,2876.9392798154395,2744.943125030283,221259.11079860324,53.391052594007284,LOSS,221259.11079860324,0.0
2020-08-06,99.30533599853516,99.00133514404297,10,2858.5018622002717,2858.5018622002717,224117.6126608035,53.1958740182304,WIN,224117.6126608035,0.0
2020-08-07,96.84733581542969,99.30533599853516,10,2859.0541565301332,401.0539734246645,224518.66663422817,53.08630325341152,LOSS,224518.66663422817,0.0
2020-08-10,94.57133483886719,96.84733581542969,10,2422.0699080444156,146.06893148191557,224664.73556571009,48.084000611597894,LOSS,224664.73556571009,0.0
2020-08-11,91.6259994506836,94.57133483886719,10,2351.976681484056,-593.3587066995378,224071.37685901055,47.89974387710738,LOSS,224664.73556571009,-0.26410851939244057
2020-08-12,103.65066528320312,91.6259994506836,10,2297.165749785741,2297.165749785741,226368.5426087963,48.16596452243639,WIN,226368.5426087963,0.0
2020-08-13,108.06666564941406,103.65066528320312,10,3200.443764549413,3200.443764549413,229568.98637334572,55.84671460095923,WIN,229568.98637334572,0.0
2020-08-14,110.04733276367188,108.06666564941406,10,3352.676522034803,3352.676522034803,232921.66289538052,56.04109371027469,WIN,232921.66289538052,0.0
2020-08-17,122.3759994506836,110.04733276367188,10,3418.627018773054,3418.627018773054,236340.28991415357,56.09521189570104,WIN,236340.28991415357,0.0
2020-08-18,125.80599975585938,122.3759994506836,10,3924.871803897218,3924.871803897218,240265.1617180508,57.427578804397264,WIN,240265.1617180508,0.0
2020-08-19,125.23533630371094,125.80599975585938,10,3938.7156819288884,3368.052229780451,243633.21394783125,56.416395877767634,LOSS,243633.21394783125,0.0
2020-08-20,133.45533752441406,125.23533630371094,10,3927.85957085536,3927.85957085536,247561.0735186866,56.49044477377362,WIN,247561.0735186866,0.0
2020-08-21,136.6653289794922,133.45533752441406,10,4143.546785277568,4143.546785277568,251704.62030396418,56.072895782831026,WIN,251704.62030396418,0.0
2020-08-24,134.27999877929688,136.6653289794922,10,3962.0750654863787,1576.7448652910662,253281.36516925524,53.35158989234177,LOSS,253281.36516925524,0.0
2020-08-25,134.8893280029297,134.27999877929688,10,3730.4323194825874,3730.4323194825874,257011.79748873782,51.75080536875343,WIN,257011.79748873782,0.0
2020-08-26,143.54466247558594,134.8893280029297,10,3602.7307066933863,3602.7307066933863,260614.52819543122,50.33240780337959,WIN,260614.52819543122,0.0
2020-08-27,149.25,143.54466247558594,10,3940.591974249383,3940.591974249383,264555.1201696806,51.315618436924225,WIN,264555.1201696806,0.0
2020-08-28,147.55999755859375,149.25,10,4075.59499447186,2385.59255306561,266940.71272274625,51.12398927970588,LOSS,266940.71272274625,0.0
2020-08-31,166.10667419433594,147.55999755859375,10,3898.2942658749225,3898.2942658749225,270839.00698862114,49.948215422539086,WIN,270839.00698862114,0.0
2020-09-01,158.35000610351562,166.10667419433594,10,4945.5265124433845,-2811.141578376928,268027.8654102442,54.386235735758135,LOSS,270839.00698862114,-1.037938223756314
2020-09-02,149.1233367919922,158.35000610351562,10,4945.188770361262,-4281.4805411621755,263746.384869082,56.3127223502984,LOSS,270839.00698862114,-2.6187594609801206
2020-09-03,135.6666717529297,149.1233367919922,10,4923.938541245051,-8532.72649781745,255213.65837126458,58.68034249821095,LOSS,270839.00698862114,-5.769238630391609
2020-09-04,139.44000244140625,135.6666717529297,10,4918.133443593521,4918.133443593521,260131.7918148581,62.956354490936995,WIN,270839.00698862114,-3.95335047665896
2020-09-08,110.06999969482422,139.44000244140625,10,4988.631335799345,-24381.371410782685,235750.4204040754,62.327444298687524,LOSS,270839.00698862114,-12.955514412301742
2020-09-09,122.09333038330078,110.06999969482422,10,5184.936454766661,5184.936454766661,240935.35685884207,77.31512883174172,WIN,270839.00698862114,-11.041116441190992
2020-09-10,123.77999877929688,122.09333038330078,10,5920.181633366785,5920.181633366785,246855.53849220887,79.14489746920287,WIN,270839.00698862114,-8.855249014193845
2020-09-11,124.23999786376953,123.77999877929688,10,5664.412748174568,5664.412748174568,252519.95124038344,75.53735499551672,WIN,270839.00698862114,-6.763817351097935
2020-09-14,139.8733367919922,124.23999786376953,10,5660.79262601592,5660.79262601592,258180.74386639937,75.27466906579023,WIN,270839.00698862114,-4.673722320490413
2020-09-15,149.9199981689453,139.8733367919922,10,6734.945812026552,6734.945812026552,264915.6896784259,78.69688505614592,WIN,270839.00698862114,-2.18702519111071
2020-09-16,147.25332641601562,149.9199981689453,10,7032.051493637714,4365.3797407080265,269281.06941913394,77.0499589314282,LOSS,270839.00698862114,-0.5752264368450641
2020-09-17,141.14332580566406,147.25332641601562,10,6925.97046960682,815.9698592552577,270097.0392783892,77.22065027783263,LOSS,270839.00698862114,-0.2739515694144925
2020-09-18,147.38333129882812,141.14332580566406,10,6707.6736858956665,6707.6736858956665,276804.7129642849,77.8681389904578,WIN,276804.7129642849,0.0
2020-09-21,149.79666137695312,147.38333129882812,10,6945.622411061324,6945.622411061324,283750.3353753462,77.34215714315047,WIN,283750.3353753462,0.0
2020-09-22,141.41000366210938,149.79666137695312,10,7053.631665668882,-1333.0260491748677,282417.3093261713,77.29162604715239,LOSS,283750.3353753462,-0.46978836074733077
2020-09-23,126.78666687011719,141.41000366210938,10,6753.230335344553,-7870.106456647634,274547.20286952367,78.17575684515222,LOSS,283750.3353753462,-3.24339088221643
2020-09-24,129.26333618164062,126.78666687011719,10,6333.357709019569,6333.357709019569,280880.5605785432,80.0,WIN,283750.3353753462,-1.0113731823459549
2020-09-25,135.77999877929688,129.26333618164062,10,6363.088205722197,6363.088205722197,287243.64878426545,80.0,WIN,287243.64878426545,0.0
2020-09-28,140.39999389648438,135.77999877929688,10,6709.87052663125,6709.87052663125,293953.5193108967,80.0,WIN,293953.5193108967,0.0
2020-09-29,139.69000244140625,140.39999389648438,10,6966.404623983789,6256.413168905664,300209.93247980234,80.0,LOSS,300209.93247980234,0.0
2020-09-30,143.00332641601562,139.69000244140625,10,6479.251652505368,6479.251652505368,306689.1841323077,76.359038781333,WIN,306689.1841323077,0.0
2020-10-01,149.3866729736328,143.00332641601562,10,6601.553233059578,6601.553233059578,313290.7373653673,76.06874769688558,WIN,313290.7373653673,0.0
2020-10-02,138.3633270263672,149.3866729736328,10,6850.2092146640925,-4173.1367326015325,309117.60063276574,75.66120106297296,LOSS,313290.7373653673,-1.3320332313989693
2020-10-05,141.89332580566406,138.3633270263672,10,6263.856862510678,6263.856862510678,315381.4574952764,74.88800595677495,WIN,315381.4574952764,0.0
2020-10-06,137.9933319091797,141.89332580566406,10,6420.538098808865,2520.5442023244896,317902.0016976009,74.85886579305767,LOSS,317902.0016976009,0.0
2020-10-07,141.76666259765625,137.9933319091797,10,4706.984653505261,4706.984653505261,322608.98635110614,60.123596357426635,WIN,322608.98635110614,0.0
2020-10-08,141.97332763671875,141.76666259765625,10,4449.867985965453,4449.867985965453,327058.8543370716,56.5233167029746,WIN,327058.8543370716,0.0
2020-10-09,144.6666717529297,141.97332763671875,10,4457.257531656179,4457.257531656179,331516.1118687278,56.53172696038812,WIN,331516.1118687278,0.0
2020-10-12,147.43333435058594,144.6666717529297,10,4545.51948889637,4545.51948889637,336061.63135762414,56.56560042991958,WIN,336061.63135762414,0.0
2020-10-13,148.88333129882812,147.43333435058594,10,3954.824834803424,3954.824834803424,340016.45619242755,50.48547225700854,WIN,340016.45619242755,0.0
2020-10-14,153.76666259765625,148.88333129882812,10,3732.394842553207,3732.394842553207,343748.85103498073,48.16351287262468,WIN,343748.85103498073,0.0
2020-10-15,149.6266632080078,153.76666259765625,10,3888.3813480389563,-251.61804160948122,343497.23299337126,48.45227722218241,LOSS,343748.85103498073,-0.07319822040186744
2020-10-16,146.55667114257812,149.6266632080078,10,3721.7532826607294,651.7612172310419,344148.9942106023,47.90467559705488,LOSS,344148.9942106023,0.0
2020-10-19,143.61000061035156,146.55667114257812,10,3574.6154530206995,627.944920794137,344776.9391313965,47.26582402441599,LOSS,344776.9391313965,0.0
2020-10-20,140.64666748046875,143.61000061035156,10,3508.772795037674,545.4396651548614,345322.3787965513,47.32135708949207,LOSS,345322.3787965513,0.0
2020-10-21,140.8800048828125,140.64666748046875,10,3286.98734330518,3286.98734330518,348609.3661398565,45.91630690151284,WIN,348609.3661398565,0.0
2020-10-22,141.92999267578125,140.8800048828125,10,2564.149595555594,2564.149595555594,351173.51573541213,39.0775905702521,WIN,351173.51573541213,0.0
2020-10-23,140.2100067138672,141.92999267578125,10,2568.8156864553684,848.829724541306,352022.3454599534,38.94295716567846,LOSS,352022.3454599534,0.0
2020-10-26,140.0933380126953,140.2100067138672,10,2390.3214479611675,2273.6527467892925,354295.9982067427,37.55258470144409,LOSS,354295.9982067427,0.0
2020-10-27,141.55999755859375,140.0933380126953,10,2302.82480665204,2302.82480665204,356598.8230133947,36.74515161741515,WIN,356598.8230133947,0.0
2020-10-28,135.33999633789062,141.55999755859375,10,2332.160592527006,-3887.840628176119,352710.9823852186,36.79399919365466,LOSS,356598.8230133947,-1.0902561582571673
2020-10-29,136.94332885742188,135.33999633789062,10,2327.0517313991836,2327.0517313991836,355038.0341166178,37.74567879362658,WIN,356598.8230133947,-0.4376876187048669
2020-10-30,129.34666442871094,136.94332885742188,10,2193.6577539707587,-5403.006674740179,349635.02744187764,36.19078354170075,LOSS,356598.8230133947,-1.9528375087361143
2020-11-02,133.50332641601562,129.34666442871094,10,1893.0195671987601,1893.0195671987601,351528.0470090764,34.36060363020587,WIN,356598.8230133947,-1.4219833821851542
2020-11-03,141.3000030517578,133.50332641601562,10,1989.852408680939,1989.852408680939,353517.89941775735,34.71731626628989,WIN,356598.8230133947,-0.8639746955983775
2020-11-04,140.32666015625,141.3000030517578,10,2340.7057804206274,1367.362884912815,354885.26230267016,36.9141021005353,LOSS,356598.8230133947,-0.48052898667593025
2020-11-05,146.02999877929688,140.32666015625,10,2271.5814491245264,2271.5814491245264,357156.8437517947,36.41446105294318,WIN,357156.8437517947,0.0
2020-11-06,143.31666564941406,146.02999877929688,10,2495.757504625968,-217.57562525684443,356939.26812653785,37.60889455988818,LOSS,357156.8437517947,-0.060918789339529426
2020-11-09,140.4199981689453,143.31666564941406,10,2453.327470752327,-443.3400097164231,356495.92811682145,37.64528812054553,LOSS,357156.8437517947,-0.18504913080499935
2020-11-10,136.7866668701172,140.4199981689453,10,2400.5473267562165,-1232.7839720719085,355263.14414474956,37.61519484353075,LOSS,357156.8437517947,-0.5302151254201302
2020-11-11,139.0433349609375,136.7866668701172,10,2365.7650096914895,2365.7650096914895,357628.90915444103,37.879517497145045,WIN,357628.90915444103,0.0
2020-11-12,137.25332641601562,139.0433349609375,10,2331.9494421900235,541.9408972681485,358170.85005170916,37.186458256858955,LOSS,358170.85005170916,0.0
2020-11-13,136.1666717529297,137.25332641601562,10,2267.6864339583285,1181.031770872391,359351.8818225816,36.85642604224907,LOSS,359351.8818225816,0.0
2020-11-16,136.02999877929688,136.1666717529297,10,2228.807539242476,2092.1345656096637,361444.01638819126,36.653134328498226,LOSS,361444.01638819126,0.0
2020-11-17,147.20333862304688,136.02999877929688,10,2203.241436277621,2203.241436277621,363647.2578244689,36.426262482296394,WIN,363647.2578244689,0.0
2020-11-18,162.2133331298828,147.20333862304688,10,2874.400130765885,2874.400130765885,366521.65795523475,40.83143828677879,WIN,366521.65795523475,0.0
2020-11-19,166.42333984375,162.2133331298828,10,3832.351151759818,3832.351151759818,370354.00910699455,46.25343610352259,WIN,370354.00910699455,0.0
2020-11-20,163.20333862304688,166.42333984375,10,3952.6213102946163,732.6200895914913,371086.62919658603,46.41882930504882,LOSS,371086.62919658603,0.0
2020-11-23,173.9499969482422,163.20333862304688,10,3898.92308319501,3898.92308319501,374985.552279781,46.603461504330014,WIN,374985.552279781,0.0
2020-11-24,185.1266632080078,173.9499969482422,10,4357.605308986191,4357.605308986191,379343.15758876724,48.139235877028106,WIN,379343.15758876724,0.0
2020-11-25,191.3333282470703,185.1266632080078,10,4817.30638643176,4817.30638643176,384160.463975199,49.42344410805093,WIN,384160.463975199,0.0
2020-11-27,195.25332641601562,191.3333282470703,10,4740.861593575114,4740.861593575114,388901.3255687741,47.77824331937628,WIN,388901.3255687741,0.0
2020-11-30,189.1999969482422,195.25332641601562,10,4835.022085891784,-1218.3073818816538,387683.01818689244,47.75812570670026,LOSS,388901.3255687741,-0.3132690227012831
2020-12-01,194.9199981689453,189.1999969482422,10,4458.09635527974,4458.09635527974,392141.1145421722,46.17075704832148,WIN,392141.1145421722,0.0
2020-12-02,189.60667419433594,194.9199981689453,10,4589.496618262585,-723.8273563467901,391417.2871858254,46.14782169341645,LOSS,392141.1145421722,-0.18458338835289959
2020-12-03,197.7933349609375,189.60667419433594,10,4491.755801621749,4491.755801621749,395909.0429874472,46.338740715799474,WIN,395909.0429874472,0.0
2020-12-04,199.67999267578125,197.7933349609375,10,4696.481261018055,4696.481261018055,400605.52424846526,46.41086997745089,WIN,400605.52424846526,0.0
2020-12-07,213.9199981689453,199.67999267578125,10,4702.28244470416,4702.28244470416,405307.8066931694,46.15252003056837,WIN,405307.8066931694,0.0
2020-12-08,216.6266632080078,213.9199981689453,10,5154.504966372524,5154.504966372524,410462.3116595419,46.875323460639414,WIN,410462.3116595419,0.0
2020-12-09,201.4933319091797,216.6266632080078,10,5074.539150907607,-10058.792147920518,400403.5195116214,45.988725978460465,LOSS,410462.3116595419,-2.4506006671481675
2020-12-10,209.02333068847656,201.4933319091797,10,5193.639742552967,5193.639742552967,405597.15925417433,49.09809899875563,WIN,410462.3116595419,-1.185286021924221
2020-12-11,203.3300018310547,209.02333068847656,10,5406.927983743171,-286.40087367870365,405310.75838049565,49.219593465240315,LOSS,410462.3116595419,-1.2550612157832453
2020-12-14,213.27667236328125,203.3300018310547,10,5346.976427818873,5346.976427818873,410657.73480831453,49.787709060976866,WIN,410657.73480831453,0.0
2020-12-15,211.0833282470703,213.27667236328125,10,5594.012226331929,3400.6681101209915,414058.4029184355,49.69757151105372,LOSS,414058.4029184355,0.0
2020-12-16,207.58999633789062,211.0833282470703,10,5577.363448310508,2084.0315391308204,416142.43445756636,49.95377104907871,LOSS,416142.43445756636,0.0
2020-12-17,218.63333129882812,207.58999633789062,10,5303.680207727164,5303.680207727164,421446.11466529354,48.79791683271063,WIN,421446.11466529354,0.0
2020-12-18,231.6666717529297,218.63333129882812,10,5083.940346051294,5083.940346051294,426530.05501134484,45.761187592103155,WIN,426530.05501134484,0.0
2020-12-21,216.6199951171875,231.6666717529297,10,5550.951838187603,-9495.724797554583,417034.33021379024,46.69734772899099,LOSS,426530.05501134484,-2.2262733155585104
2020-12-22,213.44667053222656,216.6199951171875,10,5628.4176167174055,2455.093031756468,419489.4232455467,49.37215775162662,LOSS,426530.05501134484,-1.6506765896276347
2020-12-23,215.32666015625,213.44667053222656,10,5387.554302897933,5387.554302897933,424876.97754844464,48.39037527449219,WIN,426530.05501134484,-0.3875641220303288
2020-12-24,220.58999633789062,215.32666015625,10,5189.350858504447,5189.350858504447,430066.32840694906,46.88117028216439,WIN,430066.32840694906,0.0
2020-12-28,221.22999572753906,220.58999633789062,10,5283.234901916593,5283.234901916593,435349.56330886565,46.683498573065194,WIN,435349.56330886565,0.0
2020-12-29,221.99667358398438,221.22999572753906,10,5285.508932766305,5285.508932766305,440635.072241632,46.605438816110066,WIN,440635.072241632,0.0
2020-12-30,231.5933380126953,221.99667358398438,10,5170.784295475551,5170.784295475551,445805.85653710755,45.81264486562469,WIN,445805.85653710755,0.0
2020-12-31,235.22332763671875,231.5933380126953,10,5461.623274886335,5461.623274886335,451267.4798119939,46.19713430461305,WIN,451267.4798119939,0.0
2021-01-04,243.2566680908203,235.22332763671875,10,5413.708243904871,5413.708243904871,456681.18805589876,45.446227055663414,WIN,456681.18805589876,0.0
2021-01-05,245.0366668701172,243.2566680908203,10,5548.942244311567,5548.942244311567,462230.1303002103,45.17619482568058,WIN,462230.1303002103,0.0
2021-01-06,251.9933319091797,245.0366668701172,10,5590.722987414743,5590.722987414743,467820.85328762507,45.18254953980396,WIN,467820.85328762507,0.0
2021-01-07,272.0133361816406,251.9933319091797,10,5378.645347230575,5378.645347230575,473199.49863485567,43.23598122889131,WIN,473199.49863485567,0.0
2021-01-08,293.3399963378906,272.0133361816406,10,6353.500254690774,6353.500254690774,479552.99888954643,45.89881890473261,WIN,479552.99888954643,0.0
2021-01-11,270.39666748046875,293.3399963378906,10,6429.206583639578,-16514.122273782297,463038.8766157641,43.99379893660331,LOSS,479552.99888954643,-3.443649046512575
2021-01-12,283.14666748046875,270.39666748046875,10,6856.205599718582,6856.205599718582,469895.0822154827,48.5429706353428,WIN,479552.99888954643,-2.0139414614083533
2021-01-13,284.8033447265625,283.14666748046875,10,7089.117275392982,7089.117275392982,476984.1994908757,48.12071706963565,WIN,479552.99888954643,-0.5356653810150379
2021-01-14,281.6666564941406,284.8033447265625,10,7028.326684467591,3891.638452045716,480875.83794292144,47.64569199121149,LOSS,480875.83794292144,0.0
2021-01-15,275.38665771484375,281.6666564941406,10,6955.020671726584,675.0218924297087,481550.8598353512,47.66495099160722,LOSS,481550.8598353512,0.0
2021-01-19,281.51666259765625,275.38665771484375,10,6841.852616679422,6841.852616679422,488392.7124520306,47.86622649205159,WIN,488392.7124520306,0.0
2021-01-20,283.48333740234375,281.51666259765625,10,6836.572890904816,6836.572890904816,495229.2853429354,47.125756824474806,WIN,495229.2853429354,0.0
2021-01-21,281.663330078125,283.48333740234375,10,6633.995332620961,4813.988008402211,500043.27335133764,45.95755470094372,LOSS,500043.27335133764,0.0
2021-01-22,282.21331787109375,281.663330078125,10,5915.885196941709,5915.885196941709,505959.1585482794,42.78487531830066,WIN,505959.1585482794,0.0
2021-01-25,293.6000061035156,282.21331787109375,10,5839.90048396274,5839.90048396274,511799.0590322421,42.374548583473754,WIN,511799.0590322421,0.0
2021-01-26,294.36334228515625,293.6000061035156,10,6152.744788405231,6152.744788405231,517951.80382064736,42.722466369482206,WIN,517951.80382064736,0.0
2021-01-27,288.0533447265625,294.36334228515625,10,6181.133053988079,-128.86450460567085,517822.9393160417,42.778154634505086,LOSS,517951.80382064736,-0.024879632362525834
2021-01-28,278.4766540527344,288.0533447265625,10,6197.1617347415495,-3379.5289390865755,514443.4103769551,43.46026453908385,LOSS,517951.80382064736,-0.6773590549956081
2021-01-29,264.510009765625,278.4766540527344,10,6236.974136959418,-7729.670150149957,506713.74022680515,44.628125481591496,LOSS,517951.80382064736,-2.169712222439453
2021-02-01,279.9366760253906,264.510009765625,10,6193.55402734485,6193.55402734485,512907.29425415,45.97539428189641,WIN,517951.80382064736,-0.9739341632342543
2021-02-02,290.92999267578125,279.9366760253906,10,6824.957318800067,6824.957318800067,519732.2515729501,47.25218651331229,WIN,519732.2515729501,0.0
2021-02-03,284.89666748046875,290.92999267578125,10,7124.231015124076,1090.9058198115763,520823.15739276167,47.39429419983731,LOSS,520823.15739276167,0.0
2021-02-04,283.3299865722656,284.89666748046875,10,7073.4364853269735,5506.7555771238485,526329.9129698855,47.844459045960825,LOSS,526329.9129698855,0.0
2021-02-05,284.07666015625,283.3299865722656,10,7005.758567317294,7005.758567317294,533335.6715372028,47.71008328261451,WIN,533335.6715372028,0.0
2021-02-08,287.8066711425781,284.07666015625,10,6388.825492803451,6388.825492803451,539724.4970300063,44.751200634452616,WIN,539724.4970300063,0.0
2021-02-09,283.1533203125,287.8066711425781,10,5724.179849435296,1070.829019357171,540795.3260493635,41.31064158674471,LOSS,540795.3260493635,0.0
2021-02-10,268.2733459472656,283.1533203125,10,4754.68451438106,-10125.289850853314,530670.0361985102,37.213606348918475,LOSS,540795.3260493635,-1.872296109661465
2021-02-11,270.5533447265625,268.2733459472656,10,4591.016844883432,4591.016844883432,535261.0530433937,37.63864267540322,WIN,540795.3260493635,-1.0233581429778589
2021-02-12,272.0400085449219,270.5533447265625,10,4637.498146918544,4637.498146918544,539898.5511903123,37.675134204439075,WIN,540795.3260493635,-0.16582518669352608
2021-02-16,265.40667724609375,272.0400085449219,10,4658.033387239668,-1975.2979115884573,537923.2532787238,37.651076228070565,LOSS,540795.3260493635,-0.531083134837876
2021-02-17,266.04998779296875,265.40667724609375,10,4557.884764718075,4557.884764718075,542481.1380434419,37.71802223866554,WIN,542481.1380434419,0.0
2021-02-18,262.4599914550781,266.04998779296875,10,4484.941966992126,894.9456291015013,543376.0836725434,37.300397732872256,LOSS,543376.0836725434,0.0
2021-02-19,260.4333190917969,262.4599914550781,10,4426.2062411007155,2399.5338778194655,545775.6175503628,37.30938304255574,LOSS,545775.6175503628,0.0
2021-02-22,238.1666717529297,260.4333190917969,10,4393.386463188144,-17873.260875679043,527902.3566746837,37.31628432861221,LOSS,545775.6175503628,-3.2748368195524575
2021-02-23,232.94667053222656,238.1666717529297,10,4787.393540506967,-432.60768019615807,527469.7489944876,41.591152832496704,LOSS,545775.6175503628,-3.3541015698060277
2021-02-24,247.33999633789062,232.94667053222656,10,4419.697556997618,4419.697556997618,531889.4465514852,40.09892195329255,WIN,545775.6175503628,-2.5443003594047933
2021-02-25,227.4066619873047,247.33999633789062,10,5267.732499346407,-14665.601851239531,517223.8447002457,43.1739920207726,LOSS,545775.6175503628,-5.231412311577373
2021-02-26,225.1666717529297,227.4066619873047,10,5316.414507936175,3076.424273561175,520300.2689738069,45.92677789562778,LOSS,545775.6175503628,-4.667732994540592
2021-03-01,239.47666931152344,225.1666717529297,10,5216.383173470345,5216.383173470345,525516.6521472773,45.64674827935512,WIN,545775.6175503628,-3.711958678919204
2021-03-02,228.81333923339844,239.47666931152344,10,5845.198433419481,-4818.131644705519,520698.5205025717,47.289035635731814,LOSS,545775.6175503628,-4.594763166655583
2021-03-03,217.73333740234375,228.81333923339844,10,5330.05906900789,-5749.942762046798,514948.5777405249,45.81553465616517,LOSS,545775.6175503628,-5.648299194493292
2021-03-04,207.14666748046875,217.73333740234375,10,4963.271272585427,-5623.398649289573,509325.17909123533,45.155192661991414,LOSS,545775.6175503628,-6.678649116413476
2021-03-05,199.31666564941406,207.14666748046875,10,4818.380739023881,-3011.6210920308067,506313.55799920455,45.771040906759445,LOSS,545775.6175503628,-7.230454839349217
2021-03-08,187.6666717529297,199.31666564941406,10,4666.334411563025,-6983.65948492135,499329.8985142832,45.970717744632765,LOSS,545775.6175503628,-8.510039207054492
2021-03-09,224.52667236328125,187.6666717529297,10,4482.486298212141,4482.486298212141,503812.3848124953,46.59736326527221,WIN,545775.6175503628,-7.688733499347879
2021-03-10,222.68666076660156,224.52667236328125,10,8411.739636482562,6571.728039802874,510384.1128522982,64.56064002843462,LOSS,545775.6175503628,-6.484625468780456
2021-03-11,233.1999969482422,222.68666076660156,10,8341.197633806269,8341.197633806269,518725.31048610446,64.5510923274881,WIN,545775.6175503628,-4.956305520878686
2021-03-12,231.2433319091797,233.1999969482422,10,8793.978007424528,6837.312968362028,525562.6234544665,64.8856757013178,LOSS,545775.6175503628,-3.703535564050947
2021-03-15,235.97999572753906,231.2433319091797,10,8709.037042307638,8709.037042307638,534271.6604967741,64.82186077011983,WIN,545775.6175503628,-2.107818063625231
2021-03-16,225.6266632080078,235.97999572753906,10,8920.577034877175,-1432.7554846540752,532838.90501212,65.00768881428671,LOSS,545775.6175503628,-2.370335376341549
2021-03-17,233.93666076660156,225.6266632080078,10,8591.439478295259,8591.439478295259,541430.3444904153,65.37261984120194,WIN,545775.6175503628,-0.7961647461370078
2021-03-18,217.72000122070312,233.93666076660156,10,9007.603814677168,-7209.0557312212695,534221.2887591941,65.9366072084135,LOSS,545775.6175503628,-2.117047449468104
2021-03-19,218.2899932861328,217.72000122070312,10,8592.649643203395,8592.649643203395,542813.9384023974,67.20929159369827,WIN,545775.6175503628,-0.5426550862162864
2021-03-22,223.3333282470703,218.2899932861328,10,8620.057657576514,8620.057657576514,551433.996059974,67.23906168500085,WIN,551433.996059974,0.0
2021-03-23,220.72000122070312,223.3333282470703,10,8498.17411215683,5884.847085789643,557318.8431457636,65.3374383827306,LOSS,557318.8431457636,0.0
2021-03-24,210.08999633789062,220.72000122070312,10,8381.12405069225,-2248.8808321202505,555069.9623136434,65.23189974328903,LOSS,557318.8431457636,-0.4035178174537357
2021-03-25,213.4633331298828,210.08999633789062,10,7856.116433490532,7856.116433490532,562926.078747134,64.46768222213282,WIN,562926.078747134,0.0
2021-03-26,206.23666381835938,213.4633331298828,10,7680.746164502274,454.07685297883654,563380.1556001127,62.59914486653686,LOSS,563380.1556001127,0.0
2021-03-29,203.76333618164062,206.23666381835938,10,7471.898122856148,4998.570486137398,568378.7260862502,62.92742446633747,LOSS,568378.7260862502,0.0
2021-03-30,211.8733367919922,203.76333618164062,10,7133.1830356881255,7133.1830356881255,575511.9091219383,61.310167281301126,WIN,575511.9091219383,0.0
2021-03-31,222.64332580566406,211.8733367919922,10,7436.9691777682765,7436.9691777682765,582948.8782997066,61.434278258771066,WIN,582948.8782997066,0.0
2021-04-01,220.5833282470703,222.64332580566406,10,7827.3572095455565,5767.3596509518065,588716.2379506584,61.50766090649008,LOSS,588716.2379506584,0.0
2021-04-05,230.35000610351562,220.5833282470703,10,7600.962586830323,7600.962586830323,596317.2005374888,60.584262621457476,WIN,596317.2005374888,0.0
2021-04-06,230.5399932861328,230.35000610351562,10,7901.756841121785,7901.756841121785,604218.9573786106,60.378951526306224,WIN,604218.9573786106,0.0
2021-04-07,223.6566619873047,230.5399932861328,10,7608.086716586269,724.7554177581442,604943.7127963688,58.65642836667855,LOSS,604943.7127963688,0.0
2021-04-08,227.93333435058594,223.6566619873047,10,4620.089324874069,4620.089324874069,609563.8021212429,42.32672320133019,WIN,609563.8021212429,0.0
2021-04-09,225.67333984375,227.93333435058594,10,4733.542252586989,2473.5477457510515,612037.349866994,42.47245297938464,LOSS,612037.349866994,0.0
2021-04-12,233.9933319091797,225.67333984375,10,4465.701830434147,4465.701830434147,616503.0516974281,41.17751942005015,WIN,616503.0516974281,0.0
2021-04-13,254.10667419433594,233.9933319091797,10,4772.4078557978155,4772.4078557978155,621275.4595532259,41.980692651346175,WIN,621275.4595532259,0.0
2021-04-14,244.07666015625,254.10667419433594,10,5911.025521617768,-4118.988516468169,617156.4710367577,45.77271302129589,LOSS,621275.4595532259,-0.6629890901260238
2021-04-15,246.28334045410156,244.07666015625,10,5637.1292452867965,5637.1292452867965,622793.6002820445,45.552782232046155,WIN,622793.6002820445,0.0
2021-04-16,246.5933380126953,246.28334045410156,10,5580.435817791968,5580.435817791968,628374.0360998365,44.97451097181798,WIN,628374.0360998365,0.0
2021-04-19,238.2100067138672,246.5933380126953,10,4986.95062099377,-3396.380677834355,624977.6554220021,41.75301622104115,LOSS,628374.0360998365,-0.5405030257002482
2021-04-20,239.663330078125,238.2100067138672,10,4990.41651061962,4990.41651061962,629968.0719326216,42.71378332898895,WIN,629968.0719326216,0.0
2021-04-21,248.0399932861328,239.663330078125,10,4983.5728339372345,4983.5728339372345,634951.6447665589,42.507951163987414,WIN,634951.6447665589,0.0
2021-04-22,239.89666748046875,248.0399932861328,10,5224.409776702818,-2918.9160289612446,632032.7287375977,42.863428056750635,LOSS,634951.6447665589,-0.45970682224696574
2021-04-23,243.13333129882812,239.89666748046875,10,4893.879678178242,4893.879678178242,636926.6084157759,41.986595334398714,WIN,636926.6084157759,0.0
2021-04-26,246.06666564941406,243.13333129882812,10,4955.479215113471,4955.479215113471,641882.0876308894,41.96250152190257,WIN,641882.0876308894,0.0
2021-04-27,234.913330078125,246.06666564941406,10,4810.342746282676,-6342.992825006387,635539.094805883,40.86081823407221,LOSS,641882.0876308894,-0.9881866073592429
2021-04-28,231.46665954589844,234.913330078125,10,4866.3840438085435,1419.713511581981,636958.808317465,42.40423874577136,LOSS,641882.0876308894,-0.7670068083058073
2021-04-29,225.6666717529297,231.46665954589844,10,4722.597844038242,-1077.3899489305077,635881.4183685345,41.99053820970994,LOSS,641882.0876308894,-0.9348553851226169
2021-04-30,236.47999572753906,225.6666717529297,10,4445.4847563329995,4445.4847563329995,640326.9031248676,41.05977885662904,WIN,641882.0876308894,-0.24228507633883206
2021-05-03,228.3000030517578,236.47999572753906,10,4871.121462078059,-3308.8712137031907,637018.0319111644,42.24918857300845,LOSS,641882.0876308894,-0.7577802548872528
2021-05-04,224.53334045410156,228.3000030517578,10,4656.399968445384,889.7373707891338,637907.7692819536,41.9813319243857,LOSS,641882.0876308894,-0.6191664209862192
2021-05-05,223.64666748046875,224.53334045410156,10,4606.588555844765,3719.915582211953,641627.6848641655,42.14048543194599,LOSS,641882.0876308894,-0.039633878499843275
2021-05-06,221.17999267578125,223.64666748046875,10,4497.714545531846,2031.039740844346,643658.7246050099,41.60409450696238,LOSS,643658.7246050099,0.0
2021-05-07,224.1233367919922,221.17999267578125,10,4421.155508548558,4421.155508548558,648079.8801135585,41.44289350418178,WIN,648079.8801135585,0.0
2021-05-10,209.67999267578125,224.1233367919922,10,4490.338068670334,-9953.006047540603,638126.8740660179,41.50397321929452,LOSS,648079.8801135585,-1.535768406480476
2021-05-11,205.73333740234375,209.67999267578125,10,4424.674589429401,478.01931599190084,638604.8933820098,42.915368668765616,LOSS,648079.8801135585,-1.4620090859615087
2021-05-12,196.6300048828125,205.73333740234375,10,3456.087531608671,-5647.244987922579,632957.6483940872,37.2228157899981,LOSS,648079.8801135585,-2.3333900933356424
2021-05-13,190.56333923339844,196.6300048828125,10,3336.482240117546,-2730.1834092965164,630227.4649847907,37.44698683294987,LOSS,648079.8801135585,-2.7546627625038576
2021-05-14,196.5800018310547,190.56333923339844,10,3229.65250920914,3229.65250920914,633457.1174939998,37.41999273023218,WIN,648079.8801135585,-2.256321028975082
2021-05-17,192.27667236328125,196.5800018310547,10,3513.3378540361496,-789.9916137372879,632667.1258802625,38.64283789537679,LOSS,648079.8801135585,-2.3782182885534664
2021-05-18,192.6233367919922,192.27667236328125,10,3393.216761911184,3393.216761911184,636060.3426421736,38.345545734198225,WIN,648079.8801135585,-1.8546382691711951
2021-05-19,187.82000732421875,192.6233367919922,10,3386.5998630083436,-1416.7296047650939,634643.6130374086,38.25808797840838,LOSS,648079.8801135585,-2.0732424332931902
2021-05-20,195.5933380126953,187.82000732421875,10,3089.7262433945475,3089.7262433945475,637733.3392808031,36.76191816769699,WIN,648079.8801135585,-1.59649159775527
2021-05-21,193.6266632080078,195.5933380126953,10,3472.860063496849,1506.1852588093489,639239.5245396125,38.48833595125889,LOSS,648079.8801135585,-1.3640842502928798
2021-05-24,202.14666748046875,193.6266632080078,10,3378.825222810846,3378.825222810846,642618.3497624233,38.084453130058876,WIN,648079.8801135585,-0.8427248736958468
2021-05-25,201.56333923339844,202.14666748046875,10,3785.5036930015626,3202.17544593125,645820.5252083546,39.77285795415456,LOSS,648079.8801135585,-0.34862290506658306
2021-05-26,206.3766632080078,201.56333923339844,10,3634.822607491952,3634.822607491952,649455.3478158466,38.85561956810836,WIN,649455.3478158466,0.0
2021-05-27,210.28334045410156,206.3766632080078,10,3811.140541861031,3811.140541861031,653266.4883577076,39.42943385298659,WIN,653266.4883577076,0.0
2021-05-28,208.4066619873047,210.28334045410156,10,3893.7670374789896,2017.0885706821146,655283.5769283897,39.49537662409049,LOSS,655283.5769283897,0.0
2021-06-01,207.96665954589844,208.4066619873047,10,3556.380512873402,3116.378071467152,658399.9549998569,37.57437049961614,LOSS,658399.9549998569,0.0
2021-06-02,201.7066650390625,207.96665954589844,10,3448.0618497466066,-2811.932657089331,655588.0223427676,36.93311701865724,LOSS,658399.9549998569,-0.42708579120269363
2021-06-03,190.94667053222656,201.7066650390625,10,3402.311512625643,-7357.682994210294,648230.3393485573,37.3137647519882,LOSS,658399.9549998569,-1.5445954353538505
2021-06-04,199.68333435058594,190.94667053222656,10,3450.419714902607,3450.419714902607,651680.7590634599,38.90445578072011,WIN,658399.9549998569,-1.020534081962143
2021-06-07,201.7100067138672,199.68333435058594,10,3876.3219472866176,3876.3219472866176,655557.0810107465,40.68011974433439,WIN,658399.9549998569,-0.4317852647956157
2021-06-08,201.19667053222656,201.7100067138672,10,3905.4504497445423,3392.1142681039173,658949.1952788505,40.613133468303666,LOSS,658949.1952788505,0.0
2021-06-09,199.5933380126953,201.19667053222656,10,3507.050845478121,1903.7183259468711,660852.9136047973,38.05899085667945,LOSS,660852.9136047973,0.0
2021-06-10,203.3733367919922,199.5933380126953,10,3450.719254634877,3450.719254634877,664303.6328594323,37.870866039339816,WIN,664303.6328594323,0.0
2021-06-11,203.29666137695312,203.3733367919922,10,3326.2402000051425,3249.56478496608,667553.1976443983,36.63608196850382,LOSS,667553.1976443983,0.0
2021-06-14,205.89666748046875,203.29666137695312,10,3190.05784751135,3190.05784751135,670743.2554919097,35.75808740600857,WIN,670743.2554919097,0.0
2021-06-15,199.7866668701172,205.89666748046875,10,3140.456518625354,-2969.5440917262085,667773.7114001835,35.177274001490446,LOSS,670743.2554919097,-0.44272440571144966
2021-06-16,201.6233367919922,199.7866668701172,10,3101.288639642243,3101.288639642243,670875.0000398258,35.53500019012148,WIN,670875.0000398258,0.0
2021-06-17,205.53334045410156,201.6233367919922,10,3135.392052470139,3135.392052470139,674010.3920922959,35.571695135872375,WIN,674010.3920922959,0.0
2021-06-18,207.77000427246094,205.53334045410156,10,3123.3740449208562,3123.3740449208562,677133.7661372168,35.102993889061665,WIN,677133.7661372168,0.0
2021-06-21,206.94332885742188,207.77000427246094,10,2977.8050040407516,2151.129589001689,679284.8957262185,33.95974233894691,LOSS,679284.8957262185,0.0
2021-06-22,207.90333557128906,206.94332885742188,10,2948.509579846925,2948.509579846925,682233.4053060653,33.84821107700745,WIN,682233.4053060653,0.0
2021-06-23,218.85667419433594,207.90333557128906,10,2715.7210535926215,2715.7210535926215,684949.126359658,32.279959742552194,WIN,684949.126359658,0.0
2021-06-24,226.60667419433594,218.85667419433594,10,3221.7243209862504,3221.7243209862504,688170.8506806443,34.473660964456556,WIN,688170.8506806443,0.0
2021-06-25,223.9566650390625,226.60667419433594,10,3418.6859558592296,768.6768005857921,688939.5274812301,34.95747230744791,LOSS,688939.5274812301,0.0
2021-06-28,229.57333374023438,223.9566650390625,10,3383.9015301015706,3383.9015301015706,692323.4290113316,34.988156878961675,WIN,692323.4290113316,0.0
2021-06-29,226.9199981689453,229.57333374023438,10,3505.49328202999,852.1577107409275,693175.5867220726,35.199783868089355,LOSS,693175.5867220726,0.0
2021-06-30,226.56666564941406,226.9199981689453,10,3496.102813569482,3142.770294038232,696318.3570161108,35.3812327632125,LOSS,696318.3570161108,0.0
2021-07-01,225.97332763671875,226.56666564941406,10,3317.5487852824444,2724.210772587132,699042.5677886979,34.37047760980823,LOSS,699042.5677886979,0.0
2021-07-02,226.3000030517578,225.97332763671875,10,2734.527646627397,2734.527646627397,701777.0954353253,31.00826120027273,WIN,701777.0954353253,0.0
2021-07-06,219.86000061035156,226.3000030517578,10,2473.5090380798074,-3966.4934033264426,697810.6020319988,29.459323226197657,LOSS,701777.0954353253,-0.5652070193123072
2021-07-07,214.88333129882812,219.86000061035156,10,2609.3952941337852,-2367.2740173896523,695443.3280146092,30.700470757242385,LOSS,701777.0954353253,-0.902532650597148
2021-07-08,217.60333251953125,214.88333129882812,10,2662.211226528888,2662.211226528888,698105.539241138,31.389239687289994,WIN,701777.0954353253,-0.5231798270517398
2021-07-09,218.98333740234375,217.60333251953125,10,2684.436019653321,2684.436019653321,700789.9752607914,31.319488392553236,WIN,701777.0954353253,-0.1406600729711179
2021-07-12,228.56666564941406,218.98333740234375,10,2665.5184352411598,2665.5184352411598,703455.4936960326,31.102364176112545,WIN,703455.4936960326,0.0
2021-07-13,222.84666442871094,228.56666564941406,10,3032.9881116396255,-2687.0131090634995,700768.4805869691,32.5540301338653,LOSS,703455.4936960326,-0.3819734344451039
2021-07-14,217.7933349609375,222.84666442871094,10,3089.8109368926202,-1963.5185308808173,698804.9620560883,33.34191989855992,LOSS,703455.4936960326,-0.6610982047364349
2021-07-15,216.86666870117188,217.7933349609375,10,2955.3921956191416,2028.7259358535166,700833.6879919418,32.95103779845198,LOSS,703455.4936960326,-0.3727038494383616
2021-07-16,214.74000549316406,216.86666870117188,10,2949.9721152862776,823.3089072784651,701656.9968992203,32.99467995327877,LOSS,703455.4936960326,-0.2556660389931394
2021-07-19,215.4066619873047,214.74000549316406,10,2906.763279473637,2906.763279473637,704563.7601786939,32.90670708971972,WIN,704563.7601786939,0.0
2021-07-20,220.1666717529297,215.4066619873047,10,2904.6131204988164,2904.6131204988164,707468.3732991928,32.838083327590105,WIN,707468.3732991928,0.0
2021-07-21,218.42999267578125,220.1666717529297,10,3019.7047543856165,1283.025677237179,708751.39897643,33.14395373589829,LOSS,708751.39897643,0.0
2021-07-22,216.4199981689453,218.42999267578125,10,3013.4426291628643,1003.4481223269268,709754.8470987569,33.25028625707035,LOSS,709754.8470987569,0.0
2021-07-23,214.4600067138672,216.4199981689453,10,2579.777140934359,619.7856858562341,710374.6327846132,30.7689881032929,LOSS,710374.6327846132,0.0
2021-07-26,219.2066650390625,214.4600067138672,10,2323.5416431962735,2323.5416431962735,712698.1744278094,29.332540232085634,WIN,712698.1744278094,0.0
2021-07-27,214.92666625976562,219.2066650390625,10,2463.706207153544,-1816.2925721433312,710881.881855666,29.86805596557224,LOSS,712698.1744278094,-0.2548473726064451
2021-07-28,215.66000366210938,214.92666625976562,10,2336.7747504425065,2336.7747504425065,713218.6566061085,29.38287060241641,WIN,713218.6566061085,0.0
2021-07-29,225.78334045410156,215.66000366210938,10,2337.3594522415606,2337.3594522415606,715556.0160583501,29.33754922142719,WIN,715556.0160583501,0.0
2021-07-30,229.06666564941406,225.78334045410156,10,2867.7982147250823,2867.7982147250823,718423.8142730752,31.802570267623445,WIN,718423.8142730752,0.0
2021-08-02,236.55667114257812,229.06666564941406,10,2941.5475689526234,2941.5475689526234,721365.3618420279,31.9876383258368,WIN,721365.3618420279,0.0
2021-08-03,236.5800018310547,236.55667114257812,10,3201.2589481229766,3201.2589481229766,724566.6207901508,32.902126831055874,WIN,724566.6207901508,0.0
2021-08-04,236.97332763671875,236.5800018310547,10,3033.0075384966763,3033.0075384966763,727599.6283286475,31.95955619523759,WIN,727599.6283286475,0.0
2021-08-05,238.2100067138672,236.97332763671875,10,2907.77822675622,2907.77822675622,730507.4065554037,31.23232903983005,WIN,730507.4065554037,0.0
2021-08-06,233.03334045410156,238.2100067138672,10,2911.9222364348607,-2264.7440233307643,728242.662532073,31.171071444575823,LOSS,730507.4065554037,-0.31002341701226516
2021-08-09,237.9199981689453,233.03334045410156,10,2965.1217646233154,2965.1217646233154,731207.7842966963,31.832301294164903,WIN,731207.7842966963,0.0
2021-08-10,236.663330078125,237.9199981689453,10,2777.911394471025,1521.2433036507123,732729.0276003471,30.44565982369425,LOSS,732729.0276003471,0.0
2021-08-11,235.94000244140625,236.663330078125,10,2624.537442887433,1901.209806168683,734630.2374065157,29.670361855732548,LOSS,734630.2374065157,0.0
2021-08-12,240.75,235.94000244140625,10,2482.3419199803166,2482.3419199803166,737112.5793264961,28.918070953079564,WIN,737112.5793264961,0.0
2021-08-13,239.05667114257812,240.75,10,2567.9205973575467,874.5917399356717,737987.1710664318,29.110237356528547,LOSS,737987.1710664318,0.0
2021-08-16,228.72332763671875,239.05667114257812,10,2533.4689004633183,-7799.874605396057,730187.2964610357,29.019539034207565,LOSS,737987.1710664318,-1.056911950667763
2021-08-17,221.90333557128906,228.72332763671875,10,2849.400353715437,-3970.5917117142503,726216.7047493214,31.48018328406888,LOSS,737987.1710664318,-1.5949418605883594
2021-08-18,229.663330078125,221.90333557128906,10,2863.7525075298977,2863.7525075298977,729080.4572568514,32.07224664256479,WIN,737987.1710664318,-1.2068927697902576
2021-08-19,224.49000549316406,229.663330078125,10,3130.565401441015,-2042.7591835199223,727037.6980733315,33.03225946523216,LOSS,737987.1710664318,-1.4836942188680202
2021-08-20,226.75332641601562,224.49000549316406,10,3135.1503738715887,3135.1503738715887,730172.848447203,33.47482740675505,WIN,737987.1710664318,-1.0588697101518199
2021-08-23,235.43333435058594,226.75332641601562,10,3154.639045098452,3154.639045098452,733327.4874923015,33.40411896360007,WIN,737987.1710664318,-0.6314044141711563
2021-08-24,236.163330078125,235.43333435058594,10,3411.1115165389288,3411.1115165389288,736738.5990088404,34.16668425897425,WIN,737987.1710664318,-0.16918614666256965
2021-08-25,237.06666564941406,236.163330078125,10,3332.258148545516,3332.258148545516,740070.8571573859,33.6657394321198,WIN,740070.8571573859,0.0
2021-08-26,233.72000122070312,237.06666564941406,10,3344.823236130496,-1.841192580441657,740069.0159648055,33.66472968274407,LOSS,740070.8571573859,-0.00024878598618006725
2021-08-27,237.30667114257812,233.72000122070312,10,3039.659756457973,3039.659756457973,743108.6757212635,32.20474016736949,WIN,743108.6757212635,0.0
2021-08-30,243.6366729736328,237.30667114257812,10,3089.9103113851997,3089.9103113851997,746198.5860326487,32.224830254577256,WIN,746198.5860326487,0.0
2021-08-31,245.24000549316406,243.6366729736328,10,3112.3007161527607,3112.3007161527607,749310.8867488015,31.898879794421553,WIN,749310.8867488015,0.0
2021-09-01,244.69667053222656,245.24000549316406,10,3136.28515172902,2592.95019079152,751903.836939593,31.91777517165885,LOSS,751903.836939593,0.0
2021-09-02,244.1300048828125,244.69667053222656,10,3132.4210075950714,2565.755358181009,754469.5922977739,31.934449842789025,LOSS,754469.5922977739,0.0
2021-09-03,244.52333068847656,244.1300048828125,10,3125.6615080447505,3125.6615080447505,757595.2538058186,31.93712953641885,WIN,757595.2538058186,0.0
2021-09-07,250.97332763671875,244.52333068847656,10,3026.864975421399,3026.864975421399,760622.1187812401,31.37539443493695,WIN,760622.1187812401,0.0
2021-09-08,251.2899932861328,250.97332763671875,10,3149.882851022643,3149.882851022643,763772.0016322627,31.60297283633288,WIN,763772.0016322627,0.0
2021-09-09,251.6199951171875,251.2899932861328,10,3141.281172559566,3141.281172559566,766913.2828048223,31.536768281215565,WIN,766913.2828048223,0.0
2021-09-10,245.42333984375,251.6199951171875,10,3138.415627917696,-3058.239645519804,763855.0431593026,31.500014751136238,LOSS,766913.2828048223,-0.3987725488773513
2021-09-13,247.6666717529297,245.42333984375,10,3134.4709700392004,3134.4709700392004,766989.5141293418,31.89535861535197,WIN,766989.5141293418,0.0
2021-09-14,248.163330078125,247.6666717529297,10,3159.982481274524,3159.982481274524,770149.4966106163,31.878588737029595,WIN,770149.4966106163,0.0
2021-09-15,251.94332885742188,248.163330078125,10,2742.4511270692024,2742.4511270692024,772891.9477376855,29.619089094850704,WIN,772891.9477376855,0.0
2021-09-16,252.3300018310547,251.94332885742188,10,2525.7334499136928,2525.7334499136928,775417.6811875992,28.261836732915718,WIN,775417.6811875992,0.0
2021-09-17,253.163330078125,252.3300018310547,10,2320.2146903480634,2320.2146903480634,777737.8958779472,27.164053054320966,WIN,777737.8958779472,0.0
2021-09-20,243.38999938964844,253.163330078125,10,2114.8760370374152,-7658.454651439148,770079.4412265081,26.051039749722246,LOSS,777737.8958779472,-0.9847089478382525
2021-09-21,246.4600067138672,243.38999938964844,10,2495.7010391971016,2495.7010391971016,772575.1422657053,28.564658188585014,WIN,777737.8958779472,-0.6638166456340643
2021-09-22,250.64666748046875,246.4600067138672,10,2250.1357942865347,2250.1357942865347,774825.2780599918,27.077618205047294,WIN,777737.8958779472,-0.3744986368019962
2021-09-23,251.2133331298828,250.64666748046875,10,2340.459371868177,2340.459371868177,777165.73743186,27.35259481775508,WIN,777737.8958779472,-0.07356700105777791
2021-09-24,258.1300048828125,251.2133331298828,10,2345.7620879531246,2345.7620879531246,779511.4995198131,27.352654698544193,WIN,779511.4995198131,0.0
2021-09-27,263.78668212890625,258.1300048828125,10,2467.4539623389587,2467.4539623389587,781978.9534821521,27.645313276954305,WIN,781978.9534821521,0.0
2021-09-28,259.1866760253906,263.78668212890625,10,2567.014754693112,-2032.991348822513,779945.9621333296,27.873437350852527,LOSS,781978.9534821521,-0.2599803152974354
2021-09-29,260.4366760253906,259.1866760253906,10,2515.7454371178565,2515.7454371178565,782461.7075704475,27.840237180840436,WIN,782461.7075704475,0.0
2021-09-30,258.49334716796875,260.4366760253906,10,2525.6228467335877,582.2939893117127,783044.0015597591,27.828780607975148,LOSS,783044.0015597591,0.0
2021-10-01,258.40667724609375,258.49334716796875,10,2527.4725823919352,2440.8026605169352,785484.8042202761,27.93469246270006,LOSS,785484.8042202761,0.0
2021-10-04,260.510009765625,258.40667724609375,10,2522.408605758583,2522.408605758583,788007.2128260346,27.91310647783824,WIN,788007.2128260346,0.0
2021-10-05,260.1966552734375,260.510009765625,10,2548.677711320598,2235.323219133098,790242.5360451677,27.94224241570266,LOSS,790242.5360451677,0.0
2021-10-06,260.9166564941406,260.1966552734375,10,2402.9290397184973,2402.9290397184973,792645.4650848862,27.216822407938558,WIN,792645.4650848862,0.0
2021-10-07,264.53668212890625,260.9166564941406,10,2409.6244291973776,2409.6244291973776,795055.0895140836,27.217056355053735,WIN,795055.0895140836,0.0
2021-10-08,261.8299865722656,264.53668212890625,10,2478.823107771212,-227.8724488694129,794827.2170652142,27.395916956588774,LOSS,795055.0895140836,-0.028661215037145204
2021-10-11,263.9800109863281,261.8299865722656,10,2292.6217591472646,2292.6217591472646,797119.8388243614,26.58329323628662,WIN,797119.8388243614,0.0
2021-10-12,268.5733337402344,263.9800109863281,10,2308.6029057202186,2308.6029057202186,799428.4417300817,26.569037257243565,WIN,799428.4417300817,0.0
2021-10-13,270.3599853515625,268.5733337402344,10,2402.1105065991674,2402.1105065991674,801830.5522366809,26.831753610177362,WIN,801830.5522366809,0.0
2021-10-14,272.7733459472656,270.3599853515625,10,2382.9927015172466,2382.9927015172466,804213.5449381982,26.660020724032357,WIN,804213.5449381982,0.0
2021-10-15,281.010009765625,272.7733459472656,10,2410.3631260190186,2410.3631260190186,806623.9080642172,26.689597784307438,WIN,806623.9080642172,0.0
2021-10-18,290.03668212890625,281.010009765625,10,2671.591287684592,2671.591287684592,809295.4993519018,27.576715964523082,WIN,809295.4993519018,0.0
2021-10-19,288.0899963378906,290.03668212890625,10,2295.076977989107,348.39118697348204,809643.8905388752,25.467991288098617,LOSS,809643.8905388752,0.0
2021-10-20,288.6000061035156,288.0899963378906,10,2351.2505616173034,2351.2505616173034,811995.1411004926,25.796668289627362,WIN,811995.1411004926,0.0
2021-10-21,298.0,288.6000061035156,10,2336.6001712827524,2336.6001712827524,814331.7412717753,25.710434573566317,WIN,814331.7412717753,0.0
2021-10-22,303.2266540527344,298.0,10,2605.746492096934,2605.746492096934,816937.4877638723,26.567377848603055,WIN,816937.4877638723,0.0
2021-10-25,341.6199951171875,303.2266540527344,10,2557.1169669965543,2557.1169669965543,819494.6047308688,26.155839167753456,WIN,819494.6047308688,0.0
2021-10-26,339.4766540527344,341.6199951171875,10,6139.164479235385,3995.8234147822604,823490.4281456511,38.77305588363815,LOSS,823490.4281456511,0.0
2021-10-27,345.9533386230469,339.4766540527344,10,5997.694088273753,5997.694088273753,829488.1222339249,38.37186785596989,WIN,829488.1222339249,0.0
2021-10-28,359.0133361816406,345.9533386230469,10,6099.5443772017425,6099.5443772017425,835587.6666111266,38.3237777052675,WIN,835587.6666111266,0.0
2021-10-29,371.3333435058594,359.0133361816406,10,6318.140143303033,6318.140143303033,841905.8067544297,38.28078915594426,WIN,841905.8067544297,0.0
2021-11-01,402.86334228515625,371.3333435058594,10,6523.602689013567,6523.602689013567,848429.4094434433,38.24034545937535,WIN,848429.4094434433,0.0
2021-11-02,390.6666564941406,402.86334228515625,10,7895.219826649699,-4301.465964365926,844127.9434790773,40.92540200979121,LOSS,848429.4094434433,-0.5069916149167529
2021-11-03,404.6199951171875,390.6666564941406,10,8057.722982870884,8057.722982870884,852185.6664619482,42.28506617053159,WIN,852185.6664619482,0.0
2021-11-04,409.9700012207031,404.6199951171875,10,8313.094739457894,8313.094739457894,860498.7612014061,42.1790588346416,WIN,860498.7612014061,0.0
2021-11-05,407.36334228515625,409.9700012207031,10,8425.266452302116,5818.607516755241,866317.3687181614,42.18633033621235,LOSS,866317.3687181614,0.0
2021-11-08,387.64666748046875,407.36334228515625,10,8326.376051351399,-11390.298753336101,854927.0699648253,42.03915407643505,LOSS,866317.3687181614,-1.314795150672048
2021-11-09,341.1666564941406,387.64666748046875,10,8727.771276843732,-37752.23970948439,817174.8302553409,44.78422650769289,LOSS,866317.3687181614,-5.672579153703657
2021-11-10,355.98333740234375,341.1666564941406,10,10004.856832599238,10004.856832599238,827179.6870879402,53.79388940565705,WIN,866317.3687181614,-4.517707140990479
2021-11-11,354.5033264160156,355.98333740234375,10,10531.564455486227,9051.553469158102,836231.2405570983,54.13652345217953,LOSS,866317.3687181614,-3.4728760206643132
2021-11-12,344.47332763671875,354.5033264160156,10,10524.25596373621,494.2571844393351,836725.4977415376,54.27264138187288,LOSS,866317.3687181614,-3.4158233512516407
2021-11-15,337.7966613769531,344.47332763671875,10,10378.947239890365,3702.2809801247404,840427.7787216624,54.85811246374575,LOSS,866317.3687181614,-2.988464843410251
2021-11-16,351.57666015625,337.7966613769531,10,10219.007595797551,10219.007595797551,850646.7863174599,55.01956773958369,WIN,866317.3687181614,-1.8088731643333331
2021-11-17,363.0033264160156,351.57666015625,10,10708.802712693978,10708.802712693978,861355.5890301538,55.29395581101755,WIN,866317.3687181614,-0.572743877379395
2021-11-18,365.4599914550781,363.0033264160156,10,11092.420476659336,11092.420476659336,872448.0095068131,55.423577255828604,WIN,872448.0095068131,0.0
2021-11-19,379.0199890136719,365.4599914550781,10,11123.288809928457,11123.288809928457,883571.2983167416,55.26358102161196,WIN,883571.2983167416,0.0
2021-11-22,385.6233215332031,379.0199890136719,10,11606.661613773136,11606.661613773136,895177.9599305147,55.51018557310922,WIN,895177.9599305147,0.0
2021-11-23,369.6766662597656,385.6233215332031,10,10055.87031638503,-5890.78495705247,889287.1749734622,49.49652885060324,LOSS,895177.9599305147,-0.658057416595656
2021-11-24,372.0,369.6766662597656,10,9918.079151712502,9918.079151712502,899205.2541251747,50.49151638968577,WIN,899205.2541251747,0.0
2021-11-26,360.6400146484375,372.0,10,9954.306028744732,-1405.6793228177685,897799.574802357,50.398680411679486,LOSS,899205.2541251747,-0.15632463404423494
2021-11-29,378.9966735839844,360.6400146484375,10,9637.9544981732,9637.9544981732,907437.5293005302,50.3533020654688,WIN,907437.5293005302,0.0
2021-11-30,381.586669921875,378.9966735839844,10,10309.626685586303,10309.626685586303,917747.1559861165,50.98541916217112,WIN,917747.1559861165,0.0
2021-12-01,365.0,381.586669921875,10,9381.532098600186,-7205.137823274814,910542.0181628417,47.52367392019722,LOSS,917747.1559861165,-0.7850896378461588
2021-12-02,361.5333251953125,365.0,10,9101.444143099248,5634.769338411748,916176.7875012534,47.986517498884886,LOSS,917747.1559861165,-0.171111234136784
2021-12-03,338.3233337402344,361.5333251953125,10,8804.062319782623,-14405.929135295502,901770.858365958,47.2146781526646,LOSS,917747.1559861165,-1.740816903212524
2021-12-06,336.336669921875,338.3233337402344,10,8612.468815621238,6625.804997261863,908396.6633632198,48.675552922294585,LOSS,917747.1559861165,-1.018852802965061
2021-12-07,350.5833435058594,336.336669921875,10,8562.205746310856,8562.205746310856,916958.8691095307,48.67677256864188,WIN,917747.1559861165,-0.08589368775965188
2021-12-08,356.32000732421875,350.5833435058594,10,9004.134479918823,9004.134479918823,925963.0035894496,48.97580211172947,WIN,925963.0035894496,0.0
2021-12-09,334.6000061035156,356.32000732421875,10,7090.255224435928,-14629.745996267196,911333.2575931824,41.32332127054107,LOSS,925963.0035894496,-1.5799493003020317
2021-12-10,339.010009765625,334.6000061035156,10,6946.278743404153,6946.278743404153,918279.5363365866,42.462829882160804,WIN,925963.0035894496,-0.8297812356517928
2021-12-13,322.13665771484375,339.010009765625,10,7073.131171635194,-9800.220879146056,908479.3154574406,42.60058041298457,LOSS,925963.0035894496,-1.888162708902446
2021-12-14,319.5033264160156,322.13665771484375,10,6948.738390787337,4315.407091959212,912794.7225493998,43.53545733988551,LOSS,925963.0035894496,-1.4221174052314782
2021-12-15,325.3299865722656,319.5033264160156,10,6856.198749367041,6856.198749367041,919650.9212987669,43.3874929152349,WIN,925963.0035894496,-0.6816775903804185
2021-12-16,308.97332763671875,325.3299865722656,10,6769.072456667376,-9587.586478879499,910063.3348198874,42.52479492532227,LOSS,925963.0035894496,-1.7170954679536738
2021-12-17,310.8566589355469,308.97332763671875,10,6510.315202747938,6510.315202747938,916573.6500226354,42.87404840874538,WIN,925963.0035894496,-1.014009580341423
2021-12-20,299.9800109863281,310.8566589355469,10,6547.389861742926,-4329.258087475824,912244.3919351596,42.86294713787853,LOSS,925963.0035894496,-1.4815507316286376
2021-12-21,312.84332275390625,299.9800109863281,10,6114.109482769316,6114.109482769316,918358.5014179288,41.962485144996236,WIN,925963.0035894496,-0.821253348356495
2021-12-22,336.2900085449219,312.84332275390625,10,6670.019152738621,6670.019152738621,925028.5205706675,43.204552622122065,WIN,925963.0035894496,-0.10092012479544314
2021-12-23,355.6666564941406,336.2900085449219,10,7950.718082217007,7950.718082217007,932979.2386528845,46.27601512894879,WIN,932979.2386528845,0.0
2021-12-27,364.64666748046875,355.6666564941406,10,8901.426121208226,8901.426121208226,941880.6647740927,48.10819189894912,WIN,941880.6647740927,0.0
2021-12-28,362.8233337402344,364.64666748046875,10,9085.691488109544,7262.357747875169,949143.0225219679,47.96133258626553,LOSS,949143.0225219679,0.0
2021-12-29,362.0633239746094,362.8233337402344,10,8678.687224255254,7918.6774586302545,957061.6999805982,46.64301461153045,LOSS,957061.6999805982,0.0
2021-12-30,356.7799987792969,362.0633239746094,10,8650.22072706328,3366.8955317507807,960428.5955123489,46.60542826926973,LOSS,960428.5955123489,0.0
2021-12-31,352.260009765625,356.7799987792969,10,8293.053776454999,3773.064762783124,964201.660275132,45.74914229617147,LOSS,964201.660275132,0.0
2022-01-03,399.9266662597656,352.260009765625,10,8197.61768533164,8197.61768533164,972399.2779604637,45.78529656687835,WIN,972399.2779604637,0.0
2022-01-04,383.1966552734375,399.9266662597656,10,11148.623988317075,-5581.38699801105,966817.8909624526,51.87736905557718,LOSS,972399.2779604637,-0.5739809895496409
2022-01-05,362.7066650390625,383.1966552734375,10,10981.020681430555,-9508.969552944445,957308.9214095082,52.908798869853,LOSS,972399.2779604637,-1.5518683418406445
2022-01-06,354.8999938964844,362.7066650390625,10,10638.149987219527,2831.4788446414022,960140.4002541496,53.799809858686466,LOSS,972399.2779604637,-1.260683546786068
2022-01-07,342.32000732421875,354.8999938964844,10,10447.640018334112,-2132.346553931513,958008.0537002181,53.94316392141276,LOSS,972399.2779604637,-1.479970685542888
2022-01-10,352.7066650390625,342.32000732421875,10,9793.707569746817,9793.707569746817,967801.7612699649,52.847210341841475,WIN,972399.2779604637,-0.4728013270579298
2022-01-11,354.79998779296875,352.7066650390625,10,10167.338389444725,10167.338389444725,977969.0996594096,53.134024020968674,WIN,977969.0996594096,0.0
2022-01-12,368.739990234375,354.79998779296875,10,9879.38539859425,9879.38539859425,987848.4850580038,51.83539708306764,WIN,987848.4850580038,0.0
2022-01-13,343.85333251953125,368.739990234375,10,10368.792702357567,-14517.865012486183,973330.6200455176,52.198632658452134,LOSS,987848.4850580038,-1.4696449133729028
2022-01-14,349.8699951171875,343.85333251953125,10,10260.383418265947,10260.383418265947,983591.0034637835,54.47384002648945,WIN,987848.4850580038,-0.430985283534679
2022-01-18,343.5033264160156,349.8699951171875,10,10103.262920563677,3736.5942193918017,987327.5976831754,53.20093390569013,LOSS,987848.4850580038,-0.052729480553677016
2022-01-19,331.8833312988281,343.5033264160156,10,9988.95808631425,-1631.0370308732508,985696.5606523021,53.468767142341946,LOSS,987848.4850580038,-0.21783952076166174
2022-01-20,332.0899963378906,331.8833312988281,10,9640.869525693211,9640.869525693211,995337.4301779954,53.42817758816369,WIN,995337.4301779954,0.0
2022-01-21,314.6333312988281,332.0899963378906,10,9493.13815641862,-7963.5268826438805,987373.9032953514,52.81577735016543,LOSS,995337.4301779954,-0.8000831317294896
2022-01-24,310.0,314.6333312988281,10,8714.691519784465,4081.3602209563396,991455.2635163078,51.64091534551142,LOSS,995337.4301779954,-0.3900352326741395
2022-01-25,306.1333312988281,310.0,10,8184.241206093595,4317.57250492172,995772.8360212295,49.924946614662865,LOSS,995772.8360212295,0.0
2022-01-26,312.4700012207031,306.1333312988281,10,7971.254428976694,7971.254428976694,1003744.0904502062,49.445705024696935,WIN,1003744.0904502062,0.0
2022-01-27,276.3666687011719,312.4700012207031,10,8223.737480420208,-27879.595039111042,975864.4954110951,49.8160849612324,LOSS,1003744.0904502062,-2.7775600677864363
2022-01-28,282.1166687011719,276.3666687011719,10,8314.589586468348,8314.589586468348,984179.0849975634,54.799184906680715,WIN,1003744.0904502062,-1.9492025545941067
2022-01-31,312.239990234375,282.1166687011719,10,8578.007221183441,8578.007221183441,992757.0922187468,55.22320615838418,WIN,1003744.0904502062,-1.0946015359882661
2022-02-01,310.4166564941406,312.239990234375,10,10686.368261195305,8863.03452096093,1001620.1267397077,60.27522694379049,LOSS,1003744.0904502062,-0.2116041061368417
2022-02-02,301.88665771484375,310.4166564941406,10,8681.416225662626,151.41744636575095,1001771.5441860734,51.9968361562097,LOSS,1003744.0904502062,-0.19651884209331624
2022-02-03,297.0466613769531,301.88665771484375,10,8373.685415682074,3533.6890777914487,1005305.2332638648,51.69372030994191,LOSS,1005305.2332638648,0.0
2022-02-04,307.7733459472656,297.0466613769531,10,8048.389183797797,8048.389183797797,1013353.6224476625,50.842914605205564,WIN,1013353.6224476625,0.0
2022-02-07,302.4466552734375,307.7733459472656,10,8520.777535630474,3194.0868618023487,1016547.7093094649,51.62412394224472,LOSS,1016547.7093094649,0.0
2022-02-08,307.3333435058594,302.4466552734375,10,8295.019175446489,8295.019175446489,1024842.7284849114,51.281700385977004,WIN,1024842.7284849114,0.0
2022-02-09,310.6666564941406,307.3333435058594,10,8341.933582527538,8341.933582527538,1033184.6620674389,50.906747801943574,WIN,1033184.6620674389,0.0
2022-02-10,301.51666259765625,310.6666564941406,10,8447.462635290416,-702.5312611939589,1032482.130806245,50.970846686133335,LOSS,1033184.6620674389,-0.06799667929526998
2022-02-11,286.6666564941406,301.51666259765625,10,8019.476553422926,-6830.529550092699,1025651.6012561524,50.18468999768535,LOSS,1033184.6620674389,-0.7291107860827744
2022-02-14,291.9200134277344,286.6666564941406,10,7436.862344776839,7436.862344776839,1033088.4636009292,49.31875987869273,WIN,1033184.6620674389,-0.009310868622188072
2022-02-15,307.4766540527344,291.9200134277344,10,7577.744596101207,7577.744596101207,1040666.2081970305,49.33959094587828,WIN,1040666.2081970305,0.0
2022-02-16,307.7966613769531,307.4766540527344,10,8355.880511359888,8355.880511359888,1049022.0887083902,50.950016898255114,WIN,1049022.0887083902,0.0
2022-02-17,292.1166687011719,307.7966613769531,10,8268.830891358308,-7411.161784422942,1041610.9269239673,50.538511161740516,LOSS,1049022.0887083902,-0.7064829105312678
2022-02-18,285.6600036621094,292.1166687011719,10,8068.346932571141,1611.6818935086412,1043222.608817476,51.53820846630864,LOSS,1049022.0887083902,-0.5528463083227257
2022-02-22,273.84332275390625,285.6600036621094,10,7692.219453885483,-4124.461454317642,1039098.1473631583,50.62224225339384,LOSS,1049022.0887083902,-0.9460183395614502
2022-02-23,254.67999267578125,273.84332275390625,10,7493.807714143135,-11669.522363981865,1027428.6249991765,51.20090383284199,LOSS,1049022.0887083902,-2.0584374668221477
2022-02-24,266.92333984375,254.67999267578125,10,7311.859393846353,7311.859393846353,1034740.4843930228,52.97974347010529,WIN,1049022.0887083902,-1.3614207430990948
2022-02-25,269.9566650390625,266.92333984375,10,7862.182121635975,7862.182121635975,1042602.6665146588,53.96508013934553,WIN,1049022.0887083902,-0.6119434721946928
2022-02-28,290.1433410644531,269.9566650390625,10,6797.4435605128565,6797.4435605128565,1049400.1100751718,48.309689185692314,WIN,1049400.1100751718,0.0
2022-03-01,288.1233215332031,290.1433410644531,10,7837.727916636708,5817.708385386708,1055217.8184605585,50.7352314809848,LOSS,1055217.8184605585,0.0
2022-03-02,293.2966613769531,288.1233215332031,10,6522.606213445393,6522.606213445393,1061740.4246740039,44.94758259926641,WIN,1061740.4246740039,0.0
2022-03-03,279.7633361816406,293.2966613769531,10,6690.922856400208,-6842.402338912292,1054898.0223350916,45.17851931291013,LOSS,1061740.4246740039,-0.644451523168964
2022-03-04,279.42999267578125,279.7633361816406,10,6528.802726930724,6195.459221071349,1061093.481556163,45.87178722240411,LOSS,1061740.4246740039,-0.06093232421093424
2022-03-07,268.1933288574219,279.42999267578125,10,6501.117241265869,-4735.546577093506,1056357.9349790695,45.777546998008006,LOSS,1061740.4246740039,-0.5069496809059498
2022-03-08,274.79998779296875,268.1933288574219,10,6202.988869504952,6202.988869504952,1062560.9238485745,45.596521553928326,WIN,1062560.9238485745,0.0
2022-03-09,286.3233337402344,274.79998779296875,10,6438.054000201571,6438.054000201571,1068998.9778487762,45.99252286825205,WIN,1068998.9778487762,0.0
2022-03-10,279.4333190917969,286.3233337402344,10,6899.04102271318,9.0263742756797,1069008.004223052,46.87505990603594,LOSS,1069008.004223052,0.0
2022-03-11,265.1166687011719,279.4333190917969,10,6755.753100803897,-7560.897289821103,1061447.1069332308,46.982661698637244,LOSS,1069008.004223052,-0.7072816349318535
2022-03-14,255.4566650390625,265.1166687011719,10,6567.3748312723255,-3092.6288308370495,1058354.4781023937,47.76980028305279,LOSS,1069008.004223052,-0.9965805755029101
2022-03-15,267.2966613769531,255.4566650390625,10,6233.323699192161,6233.323699192161,1064587.8018015858,47.279103672839845,WIN,1069008.004223052,-0.4134863727871425
2022-03-16,280.07666015625,267.2966613769531,10,6731.732185889068,6731.732185889068,1071319.5339874749,48.3159590636162,WIN,1071319.5339874749,0.0
2022-03-17,290.5333251953125,280.07666015625,10,6990.681946392546,6990.681946392546,1078310.2159338675,48.01882762131135,WIN,1078310.2159338675,0.0
2022-03-18,301.7966613769531,290.5333251953125,10,7426.5941221638195,7426.5941221638195,1085736.8100560312,48.81526219453555,WIN,1085736.8100560312,0.0
2022-03-21,307.0533447265625,301.7966613769531,10,7586.81577955073,7586.81577955073,1093323.625835582,48.255549786351516,WIN,1093323.625835582,0.0
2022-03-22,331.32666015625,307.0533447265625,10,7665.767391858109,7665.767391858109,1100989.39322744,48.02636899361262,WIN,1100989.39322744,0.0
2022-03-23,333.03668212890625,331.32666015625,10,8609.78348598537,8609.78348598537,1109599.1767134254,49.37596288702752,WIN,1109599.1767134254,0.0
2022-03-24,337.97332763671875,333.03668212890625,10,7795.043731163359,7795.043731163359,1117394.2204445887,45.9631765481446,WIN,1117394.2204445887,0.0
2022-03-25,336.8800048828125,337.97332763671875,10,7744.55439544373,6651.23164153748,1124045.4520861262,45.31328698130402,LOSS,1124045.4520861262,0.0
2022-03-28,363.9466552734375,336.8800048828125,10,7752.481750301487,7752.481750301487,1131797.9338364278,45.442796333370254,WIN,1131797.9338364278,0.0
2022-03-29,366.5233459472656,363.9466552734375,10,8484.086013565106,8484.086013565106,1140282.0198499928,45.838010692405035,WIN,1140282.0198499928,0.0
2022-03-30,364.663330078125,366.5233459472656,10,8492.131926689048,6632.116057548423,1146914.1359075413,45.6502565623796,LOSS,1146914.1359075413,0.0
2022-03-31,359.20001220703125,364.663330078125,10,8488.717952367926,3025.400081274176,1149939.5359888154,45.794207696895896,LOSS,1149939.5359888154,0.0
2022-04-01,361.5299987792969,359.20001220703125,10,7960.1907265291975,7960.1907265291975,1157899.7267153445,44.31609734871073,WIN,1157899.7267153445,0.0
2022-04-04,381.8166809082031,361.5299987792969,10,7986.251124833924,7986.251124833924,1165885.9778401784,44.22251881636995,WIN,1165885.9778401784,0.0
2022-04-05,363.7533264160156,381.8166809082031,10,8176.309529851131,-9887.04496233637,1155998.932877842,43.32836114810087,LOSS,1165885.9778401784,-0.8480284650693038
2022-04-06,348.586669921875,363.7533264160156,10,8411.881960996468,-6754.7745331441565,1149244.158344698,45.591813339699385,LOSS,1165885.9778401784,-1.42739683054682
2022-04-07,352.4200134277344,348.586669921875,10,8356.845640723299,8356.845640723299,1157601.0039854213,46.713971327795434,WIN,1165885.9778401784,-0.7106161333293661
2022-04-08,341.8299865722656,352.4200134277344,10,8270.641848247626,-2319.3850072211244,1155281.6189782002,46.04542971398793,LOSS,1165885.9778401784,-0.9095536839393937
2022-04-11,325.30999755859375,341.8299865722656,10,7702.599031399943,-8817.389982271932,1146464.2289959283,44.80891420656995,LOSS,1165885.9778401784,-1.6658360434379005
2022-04-12,328.98333740234375,325.30999755859375,10,7508.808803776263,7508.808803776263,1153973.0377997046,45.53462987030718,WIN,1165885.9778401784,-1.0217928911489895
2022-04-13,340.7900085449219,328.98333740234375,10,7432.430205045911,7432.430205045911,1161405.4680047506,44.88656221112339,WIN,1165885.9778401784,-0.3843008596542239
2022-04-14,328.3333435058594,340.7900085449219,10,7592.622357961172,-4864.042681101328,1156541.4253236493,44.47297463878864,LOSS,1165885.9778401784,-0.8014979761434331
2022-04-18,334.7633361816406,328.3333435058594,10,7483.686643874908,7483.686643874908,1164025.1119675243,45.15224335458829,WIN,1165885.9778401784,-0.15960959373586558
2022-04-19,342.7166748046875,334.7633361816406,10,7507.292238862329,7507.292238862329,1171532.4042063865,44.66637342976203,WIN,1171532.4042063865,0.0
2022-04-20,325.73333740234375,342.7166748046875,10,7712.369161472579,-9270.96824087117,1162261.4359655154,44.76950396710184,LOSS,1171532.4042063865,-0.7913539742975685
2022-04-21,336.260009765625,325.73333740234375,10,6901.584481401884,6901.584481401884,1169163.0204469173,43.02887222982888,WIN,1171532.4042063865,-0.20224654059605934
2022-04-22,335.01666259765625,336.260009765625,10,7272.702523577301,6029.355355608551,1175192.3758025258,43.6114341252607,LOSS,1175192.3758025258,0.0
2022-04-25,332.67333984375,335.01666259765625,10,7218.960227310027,4875.637473403777,1180068.0132759295,43.505408265120515,LOSS,1180068.0132759295,0.0
2022-04-26,292.1400146484375,332.67333984375,10,7174.171769505103,-33359.153425807395,1146708.8598501221,43.52809662157739,LOSS,1180068.0132759295,-2.8268839635099203
2022-04-27,293.836669921875,292.1400146484375,10,7066.852993949344,7066.852993949344,1153775.7128440714,47.000298891513395,WIN,1180068.0132759295,-2.2280326333792635
2022-04-28,292.5033264160156,293.836669921875,10,7103.031797523636,5769.688291664261,1159545.4011357357,46.97840435611433,LOSS,1180068.0132759295,-1.7391041795313127
2022-04-29,290.2533264160156,292.5033264160156,10,7071.46177790641,4821.46177790641,1164366.862913642,46.98139573194033,LOSS,1180068.0132759295,-1.330529273367915
2022-05-02,300.9800109863281,290.2533264160156,10,7014.82034092784,7014.82034092784,1171381.68325457,46.97115833789168,WIN,1180068.0132759295,-0.7360872359590354
2022-05-03,303.0833435058594,300.9800109863281,10,7491.956925661993,7491.956925661993,1178873.640180232,47.92885596214902,WIN,1180068.0132759295,-0.1012122252497845
2022-05-04,317.5400085449219,303.0833435058594,10,7063.704379977364,7063.704379977364,1185937.3445602094,45.83113197201564,WIN,1185937.3445602094,0.0
2022-05-05,291.09332275390625,317.5400085449219,10,7607.513464390232,-18839.172326625394,1167098.172233584,46.69299644253263,LOSS,1185937.3445602094,-1.5885470183596928
2022-05-06,288.54998779296875,291.09332275390625,10,7486.2024935600475,4942.8675326225475,1172041.0397662066,49.02109996005691,LOSS,1185937.3445602094,-1.1717570795576953
2022-05-09,262.3699951171875,288.54998779296875,10,7380.049184092251,-18799.943491689,1153241.0962745177,48.834301907062894,LOSS,1185937.3445602094,-2.7569962642349144
2022-05-10,266.67999267578125,262.3699951171875,10,7274.395022831421,7274.395022831421,1160515.491297349,51.677669945188725,WIN,1185937.3445602094,-2.143608461228423
2022-05-11,244.6666717529297,266.67999267578125,10,7328.8617289927915,-14684.459193858771,1145831.0321034903,51.355081109642484,LOSS,1185937.3445602094,-3.3818238915135987
2022-05-12,242.6666717529297,244.6666717529297,10,7100.161236740286,5100.161236740286,1150931.1933402305,53.38949695577133,LOSS,1185937.3445602094,-2.951770713735348
2022-05-13,256.5299987792969,242.6666717529297,10,6840.2916079793295,6840.2916079793295,1157771.4849482097,52.28923786514358,WIN,1185937.3445602094,-2.374987156041087
2022-05-16,241.4566650390625,256.5299987792969,10,7604.081918027763,-7469.251822206612,1150302.233126003,54.212781740534886,LOSS,1185937.3445602094,-3.0048055740601725
2022-05-17,253.8699951171875,241.4566650390625,10,7236.312118709475,7236.312118709475,1157538.5452447126,54.645793733320325,WIN,1185937.3445602094,-2.3946289781462413
2022-05-18,236.60333251953125,253.8699951171875,10,7835.145803226134,-9431.516794430116,1148107.0284502825,55.827682829746735,LOSS,1185937.3445602094,-3.1899084958789135
2022-05-19,236.47332763671875,236.60333251953125,10,7421.2165560349795,7291.2116732224795,1155398.240123505,56.492850552312014,LOSS,1185937.3445602094,-2.5751026879105052
2022-05-20,221.3000030517578,236.47332763671875,10,7269.090432766443,-7904.2341521944945,1147494.0059713104,55.66464014132767,LOSS,1185937.3445602094,-3.2415994626727307
2022-05-23,224.96665954589844,221.3000030517578,10,6935.507376531918,6935.507376531918,1154429.5133478423,56.458715502289984,WIN,1185937.3445602094,-2.656787169818947
2022-05-24,209.3866729736328,224.96665954589844,10,7124.950006892251,-8455.036565373375,1145974.4767824688,56.896976778816466,LOSS,1185937.3445602094,-3.3697284229261144
2022-05-25,219.60000610351562,209.3866729736328,10,6089.919342873856,6089.919342873856,1152064.3961253427,53.475256941770795,WIN,1185937.3445602094,-2.8562173701873017
2022-05-26,235.91000366210938,219.60000610351562,10,6637.719161758782,6637.719161758782,1158702.1152871016,54.985777974941286,WIN,1185937.3445602094,-2.29651502231829
2022-05-27,253.2100067138672,235.91000366210938,10,7649.357367463239,7649.357367463239,1166351.4726545648,57.894105738632604,WIN,1185937.3445602094,-1.6515098369642656
2022-05-31,252.75332641601562,253.2100067138672,10,8677.507383392825,8220.827085541263,1174572.299740106,60.334951083366676,LOSS,1185937.3445602094,-0.958317475390567
2022-06-01,246.7899932861328,252.75332641601562,10,8532.092486971613,2568.7593570888002,1177141.0590971948,59.655781990331725,LOSS,1185937.3445602094,-0.7417158674834221
2022-06-02,258.3333435058594,246.7899932861328,10,8332.346684986725,8332.346684986725,1185473.4057821815,59.664122869213294,WIN,1185937.3445602094,-0.039120007490778375
2022-06-03,234.51666259765625,258.3333435058594,10,8714.579009385778,-15102.101898817347,1170371.3038833642,59.62569277073485,LOSS,1185937.3445602094,-1.312551691558184
2022-06-06,238.27999877929688,234.51666259765625,10,8003.039325343948,8003.039325343948,1178374.343208708,60.1440242091818,WIN,1185937.3445602094,-0.6377235177045525
2022-06-07,238.8866729736328,238.27999877929688,10,8171.458315017999,8171.458315017999,1186545.8015237262,60.36605393030361,WIN,1186545.8015237262,0.0
2022-06-08,241.86666870117188,238.8866729736328,10,7704.093243403448,7704.093243403448,1194249.8947671296,57.66272903710354,WIN,1194249.8947671296,0.0
2022-06-09,239.7066650390625,241.86666870117188,10,7790.172453794252,5630.168791684877,1199880.0635588143,57.607894452191495,LOSS,1199880.0635588143,0.0
2022-06-10,232.22999572753906,239.7066650390625,10,7248.454421209928,-228.2148903135094,1199651.8486685008,55.00224145829011,LOSS,1199880.0635588143,-0.019019808499583526
2022-06-13,215.73666381835938,232.22999572753906,10,7086.719876475945,-9406.612032703742,1190245.236635797,55.36881270568418,LOSS,1199880.0635588143,-0.8029824993041998
2022-06-14,220.88999938964844,215.73666381835938,10,6631.067892883876,6631.067892883876,1196876.3045286809,55.66104541722038,WIN,1199880.0635588143,-0.25033827307909523
2022-06-15,233.0,220.88999938964844,10,6651.466030191017,6651.466030191017,1203527.7705588718,54.83458965662926,WIN,1203527.7705588718,0.0
2022-06-16,213.10000610351562,233.0,10,7044.224445298873,-12855.7694511855,1190672.0011076862,54.99413317936209,LOSS,1203527.7705588718,-1.0681738939198613
2022-06-17,216.75999450683594,213.10000610351562,10,6610.485922966626,6610.485922966626,1197282.4870306528,56.03637094446435,WIN,1203527.7705588718,-0.518914783770956
2022-06-21,237.0366668701172,216.75999450683594,10,6751.654768320185,6751.654768320185,1204034.141798973,56.20501916366139,WIN,1204034.141798973,0.0
2022-06-22,236.086669921875,237.0366668701172,10,7690.451234697674,6740.454286455487,1210774.5960854285,57.91956536840078,LOSS,1210774.5960854285,0.0
2022-06-23,235.07000732421875,236.086669921875,10,7654.085228818022,6637.422631161772,1217412.0187165902,57.88849945625208,LOSS,1217412.0187165902,0.0
2022-06-24,245.7066650390625,235.07000732421875,10,7234.641318008471,7234.641318008471,1224646.6600345988,55.71353459780768,WIN,1224646.6600345988,0.0
2022-06-27,244.9199981689453,245.7066650390625,10,7540.5986005778095,6753.931730460622,1231400.5917650594,55.59830576944019,LOSS,1231400.5917650594,0.0
2022-06-28,232.663330078125,244.9199981689453,10,7149.146812553619,-5107.521278266693,1226293.0704867926,53.61437345606124,LOSS,1231400.5917650594,-0.41477333309916636
2022-06-29,228.49000549316406,232.663330078125,10,6569.38511467167,2396.060529710732,1228689.1310165033,52.35216734453706,LOSS,1231400.5917650594,-0.22019323091842344
2022-06-30,224.47332763671875,228.49000549316406,10,6467.134371775697,2450.4565153303847,1231139.5875318337,52.44240192481491,LOSS,1231400.5917650594,-0.021195720951505907
2022-07-01,227.26333618164062,224.47332763671875,10,6338.272087140567,6338.272087140567,1237477.8596189742,52.35297164475488,WIN,1237477.8596189742,0.0
2022-07-05,233.06666564941406,227.26333618164062,10,6235.755902652265,6235.755902652265,1243713.6155216263,51.29767042963482,WIN,1243713.6155216263,0.0
2022-07-06,231.73333740234375,233.06666564941406,10,5780.142468535246,4446.814221464933,1248160.4297430913,47.807822327692215,LOSS,1248160.4297430913,0.0
2022-07-07,244.5433349609375,231.73333740234375,10,5726.988065129558,5726.988065129558,1253887.417808221,47.69315142917918,WIN,1253887.417808221,0.0
2022-07-08,250.76333618164062,244.5433349609375,10,6316.019158781382,6316.019158781382,1260203.4369670022,49.166983068101636,WIN,1260203.4369670022,0.0
2022-07-11,234.3433380126953,250.76333618164062,10,6516.075183106366,-9903.922985838946,1250299.5139811633,49.374870587563414,LOSS,1260203.4369670022,-0.7858987442277773
2022-07-12,233.07000732421875,234.3433380126953,10,6450.633914907775,5177.303226431212,1255476.8172075944,51.414035240550305,LOSS,1260203.4369670022,-0.37506799463931234
2022-07-13,237.0399932861328,233.07000732421875,10,6337.298968331333,6337.298968331333,1261814.1161759258,50.969701221030114,WIN,1261814.1161759258,0.0
2022-07-14,238.31333923339844,237.0399932861328,10,5987.4616449449195,5987.4616449449195,1267801.5778208708,48.41489821496023,WIN,1267801.5778208708,0.0
2022-07-15,240.06666564941406,238.31333923339844,10,5988.003914412915,5988.003914412915,1273789.5817352836,48.23936725107494,WIN,1273789.5817352836,0.0
2022-07-18,240.54666137695312,240.06666564941406,10,5789.692410322656,5789.692410322656,1279579.2741456062,46.90381772461892,WIN,1279579.2741456062,0.0
2022-07-19,245.52999877929688,240.54666137695312,10,4980.863563891573,4980.863563891573,1284560.1377094977,42.392037430419684,WIN,1284560.1377094977,0.0
2022-07-20,247.5,245.52999877929688,10,5093.76709403343,5093.76709403343,1289653.9048035312,42.44438772105144,WIN,1289653.9048035312,0.0
2022-07-21,271.7066650390625,247.5,10,4148.592287852711,4148.592287852711,1293802.497091384,37.17402724173487,WIN,1293802.497091384,0.0
2022-07-22,272.24334716796875,271.7066650390625,10,5714.253045715046,5714.253045715046,1299516.750137099,42.821350067510984,WIN,1299516.750137099,0.0
2022-07-25,268.4333190917969,272.24334716796875,10,5711.735476548243,1901.7074003763682,1301418.4575374755,42.75427165205977,LOSS,1301418.4575374755,0.0
2022-07-26,258.8599853515625,268.4333190917969,10,5498.56130384086,-4074.772436393515,1297343.685101082,42.0976528320447,LOSS,1301418.4575374755,-0.31310240090674973
2022-07-27,274.82000732421875,258.8599853515625,10,5482.829742073292,5482.829742073292,1302826.5148431554,43.01940199203288,WIN,1302826.5148431554,0.0
2022-07-28,280.8999938964844,274.82000732421875,10,5811.471321463437,5811.471321463437,1308637.9861646187,42.974142089729064,WIN,1308637.9861646187,0.0
2022-07-29,297.1499938964844,280.8999938964844,10,5860.3705275120155,5860.3705275120155,1314498.3566921307,42.59893795548291,WIN,1314498.3566921307,0.0
2022-08-01,297.27667236328125,297.1499938964844,10,6346.372853365136,6346.372853365136,1320844.7295454957,43.25328056904628,WIN,1320844.7295454957,0.0
2022-08-02,300.586669921875,297.27667236328125,10,6374.311219010307,6374.311219010307,1327219.040764506,43.36556620934738,WIN,1327219.040764506,0.0
2022-08-03,307.39666748046875,300.586669921875,10,6427.740737662217,6427.740737662217,1333646.7815021682,43.28835272081949,WIN,1333646.7815021682,0.0
2022-08-04,308.6333312988281,307.39666748046875,10,6529.655695179108,6529.655695179108,1340176.4371973472,43.100247894551686,WIN,1340176.4371973472,0.0
2022-08-05,288.1700134277344,308.6333312988281,10,6324.387244839305,-14138.930626254445,1326037.5065710926,42.10782366618822,LOSS,1340176.4371973472,-1.055005164530624
2022-08-08,290.42333984375,288.1700134277344,10,6606.3038936015255,6606.3038936015255,1332643.8104646942,45.3269534881195,WIN,1340176.4371973472,-0.5620623168398381
2022-08-09,283.3333435058594,290.42333984375,10,5945.515420413896,-1144.4809174767288,1331499.3295472173,42.08176833683178,LOSS,1340176.4371973472,-0.6474600962449304
2022-08-10,294.3566589355469,283.3333435058594,10,5927.273775452736,5927.273775452736,1337426.60332267,42.67427964601444,WIN,1340176.4371973472,-0.2051844666384139
2022-08-11,286.6300048828125,294.3566589355469,10,6256.472277137451,-1470.1817755969241,1335956.4215470732,43.11736923114789,LOSS,1340176.4371973472,-0.31488508028831896
2022-08-12,300.0299987792969,286.6300048828125,10,6260.573612214544,6260.573612214544,1342216.9951592877,43.89425489370015,WIN,1342216.9951592877,0.0
2022-08-15,309.32000732421875,300.0299987792969,10,6717.062788988604,6717.062788988604,1348934.0579482764,44.61650127116569,WIN,1348934.0579482764,0.0
2022-08-16,306.5633239746094,309.32000732421875,10,6954.52116203879,4197.837812429415,1353131.895760706,44.74255309486719,LOSS,1353131.895760706,0.0
2022-08-17,303.9966735839844,306.5633239746094,10,6943.388706111849,4376.738315486849,1357508.6340761927,44.961965988384186,LOSS,1357508.6340761927,0.0
2022-08-18,302.8699951171875,303.9966735839844,10,6933.4276144151,5806.749147618225,1363315.383223811,45.17158869658208,LOSS,1363315.383223811,0.0
2022-08-19,296.6666564941406,302.8699951171875,10,5839.86535491185,-363.47326813502514,1362951.909955676,40.50736564911361,LOSS,1363315.383223811,-0.02666098194208632
2022-08-22,289.913330078125,296.6666564941406,10,5815.213596012417,-938.1128200032081,1362013.7971356728,40.930802567416876,LOSS,1363315.383223811,-0.09547211922895832
2022-08-23,296.4533386230469,289.913330078125,10,5739.006576147571,5739.006576147571,1367752.8037118204,41.187109383619934,WIN,1367752.8037118204,0.0
2022-08-24,297.0966796875,296.4533386230469,10,5660.246813964339,5660.246813964339,1373413.0505257847,40.25794699859569,WIN,1373413.0505257847,0.0
2022-08-25,296.07000732421875,297.0966796875,10,5194.350020171218,4167.677656889968,1377580.7281826746,38.128764667534924,LOSS,1377580.7281826746,0.0
2022-08-26,288.0899963378906,296.07000732421875,10,5129.69981003671,-2850.311176291415,1374730.4170063832,37.9201027831741,LOSS,1377580.7281826746,-0.2069070158996495
2022-08-29,284.82000732421875,288.0899963378906,10,4586.595507915843,1316.606494243968,1376047.0235006271,36.061111514886825,LOSS,1377580.7281826746,-0.11133319816913854
2022-08-30,277.70001220703125,284.82000732421875,10,4550.3060094307575,-2569.6891077567425,1373477.3343928703,36.13436166809061,LOSS,1377580.7281826746,-0.2978695698812197
2022-08-31,275.6099853515625,277.70001220703125,10,4486.607103763166,2396.5802482944164,1375873.9146411647,36.37278736985333,LOSS,1377580.7281826746,-0.12389934808115122
2022-09-01,277.1600036621094,275.6099853515625,10,4334.946063256919,4334.946063256919,1380208.8607044215,35.80691890685022,WIN,1380208.8607044215,0.0
2022-09-02,270.2099914550781,277.1600036621094,10,4364.613182343428,-2585.399024687822,1377623.4616797338,35.832156330090285,LOSS,1380208.8607044215,-0.18731940493181512
2022-09-06,274.4200134277344,270.2099914550781,10,3653.9645405060046,3653.9645405060046,1381277.4262202398,32.88883050098924,WIN,1381277.4262202398,0.0
2022-09-07,283.70001220703125,274.4200134277344,10,3753.8556063298975,3753.8556063298975,1385031.2818265697,33.095925781684855,WIN,1385031.2818265697,0.0
2022-09-08,289.260009765625,283.70001220703125,10,4012.017674725337,4012.017674725337,1389043.299501295,33.707790916788326,WIN,1389043.299501295,0.0
2022-09-09,299.67999267578125,289.260009765625,10,3864.3278132021287,3864.3278132021287,1392907.627314497,32.672768500642384,WIN,1392907.627314497,0.0
2022-09-12,304.4200134277344,299.67999267578125,10,4107.243526484818,4107.243526484818,1397014.8708409818,33.13058130446384,WIN,1397014.8708409818,0.0
2022-09-13,292.1300048828125,304.4200134277344,10,3767.4622735179832,-8522.546271403891,1388492.324569578,31.371736104519975,LOSS,1397014.8708409818,-0.6100540838390176
2022-09-14,302.6099853515625,292.1300048828125,10,3736.1316522457164,3736.1316522457164,1392228.4562218238,31.91862364703742,WIN,1397014.8708409818,-0.3426172991470501
2022-09-15,303.75,302.6099853515625,10,4160.463745125204,4160.463745125204,1396388.919966949,33.18768867708296,WIN,1397014.8708409818,-0.0448063143133262
2022-09-16,303.3500061035156,303.75,10,4164.910259259356,3764.9163627749813,1400153.836329724,33.138793051690214,LOSS,1400153.836329724,0.0
2022-09-19,309.07000732421875,303.3500061035156,10,4156.6417932846425,4156.6417932846425,1404310.4781230085,33.12665279864199,WIN,1404310.4781230085,0.0
2022-09-20,308.7300109863281,309.07000732421875,10,4199.174911043135,3859.1785731525097,1408169.656696161,32.97322979098938,LOSS,1408169.656696161,0.0
2022-09-21,300.79998779296875,308.7300109863281,10,4054.476671438898,-3875.546521920477,1404294.1101742405,32.37300649015185,LOSS,1408169.656696161,-0.27521872123088215
2022-09-22,288.5899963378906,300.79998779296875,10,4027.764125143289,-8182.227329934836,1396111.8828443056,32.71353498539915,LOSS,1408169.656696161,-0.8562728073650799
2022-09-23,275.3299865722656,288.5899963378906,10,4184.631539592912,-9075.378226032088,1387036.5046182736,34.182048100581625,LOSS,1408169.656696161,-1.5007532634576086
2022-09-26,276.010009765625,275.3299865722656,10,4322.1781332533565,4322.1781332533565,1391358.6827515268,35.76673268515984,WIN,1408169.656696161,-1.1938173688585225
2022-09-27,282.94000244140625,276.010009765625,10,4236.916790673877,4236.916790673877,1395595.5995422008,35.306923222306054,WIN,1408169.656696161,-0.8929362377727552
2022-09-28,287.80999755859375,282.94000244140625,10,4441.425533796839,4441.425533796839,1400037.0250759977,35.7657229936446,WIN,1408169.656696161,-0.5775320879477024
2022-09-29,268.2099914550781,287.80999755859375,10,4444.77800759097,-15155.228095924655,1384881.796980073,35.429758070827184,LOSS,1408169.656696161,-1.653768038911297
2022-09-30,265.25,268.2099914550781,10,4847.541325973155,1887.54987089503,1386769.346850968,38.90923013168462,LOSS,1408169.656696161,-1.519725250677701
2022-10-03,242.39999389648438,265.25,10,4800.373911276602,-18049.632192239023,1368719.714658729,38.94080220426074,LOSS,1408169.656696161,-2.8015049074405707
2022-10-04,249.44000244140625,242.39999389648438,10,5134.191584413594,5134.191584413594,1373853.9062431427,43.01937800691517,WIN,1408169.656696161,-2.4369045512264305
2022-10-05,240.80999755859375,249.44000244140625,10,5363.158326622947,-3266.8465561895528,1370587.0596869532,43.44287811743986,LOSS,1408169.656696161,-2.668896949347984
2022-10-06,238.1300048828125,240.80999755859375,10,5097.786287588906,2417.793611807656,1373004.853298761,43.004391201892844,LOSS,1408169.656696161,-2.4971993417258767
2022-10-07,223.07000732421875,238.1300048828125,10,4958.120962318212,-10101.876596275539,1362902.9767024855,42.543683633916245,LOSS,1408169.656696161,-3.214575728032655
2022-10-10,222.9600067138672,223.07000732421875,10,4685.396185922699,4575.395575571137,1367478.3722780566,42.785880429332224,LOSS,1408169.656696161,-2.8896578068280556
2022-10-11,216.5,222.9600067138672,10,4609.933798656831,-1850.0729152103568,1365628.2993628462,42.35185240501406,LOSS,1408169.656696161,-3.0210392001433344
2022-10-12,217.24000549316406,216.5,10,4430.710917094208,4430.710917094208,1370059.0102799404,42.072885029677124,WIN,1408169.656696161,-2.7063959399349327
2022-10-13,221.72000122070312,217.24000549316406,10,4212.8456673457795,4212.8456673457795,1374271.8559472861,40.65398100223214,WIN,1408169.656696161,-2.407224199703728
2022-10-14,204.99000549316406,221.72000122070312,10,4399.69511256544,-12330.300614973623,1361941.5553323126,41.25044887305266,LOSS,1408169.656696161,-3.2828502690725863
2022-10-17,219.35000610351562,204.99000549316406,10,4367.921662975424,4367.921662975424,1366309.476995288,43.18779978721946,WIN,1408169.656696161,-2.972665935657582
2022-10-18,220.19000244140625,219.35000610351562,10,5256.357213691109,5256.357213691109,1371565.834208979,46.70050969359005,WIN,1408169.656696161,-2.599390088624807
2022-10-19,222.0399932861328,220.19000244140625,10,5291.458567413261,5291.458567413261,1376857.2927763923,46.79046116297456,WIN,1408169.656696161,-2.223621548076358
2022-10-20,207.27999877929688,222.0399932861328,10,5374.494325240731,-9385.500181595206,1367471.7925947972,47.02030228173973,LOSS,1408169.656696161,-2.890125057576435
2022-10-21,214.44000244140625,207.27999877929688,10,5176.829074954141,5176.829074954141,1372648.6216697514,48.03889037263259,WIN,1408169.656696161,-2.5224968353421913
2022-10-24,211.25,214.44000244140625,10,5457.568146272757,2267.565704866507,1374916.187374618,48.66761778080775,LOSS,1408169.656696161,-2.361467537907485
2022-10-25,222.4199981689453,211.25,10,5360.595804215631,5360.595804215631,1380276.7831788335,48.56876538956414,WIN,1408169.656696161,-1.980789273841446
2022-10-26,224.63999938964844,222.4199981689453,10,5873.2511865029755,5873.2511865029755,1386150.0343653364,49.93202534580256,WIN,1408169.656696161,-1.5637052130839768
2022-10-27,225.08999633789062,224.63999938964844,10,5902.892171291028,5902.892171291028,1392052.9265366273,49.76136205417434,WIN,1408169.656696161,-1.1445162223809486
2022-10-28,228.52000427246094,225.08999633789062,10,5642.032393683854,5642.032393683854,1397694.9589303113,48.15876948225161,WIN,1408169.656696161,-0.7438519723841682
2022-10-31,227.5399932861328,228.52000427246094,10,5770.184606894262,4790.173620566137,1402485.1325508773,48.402925790630626,LOSS,1408169.656696161,-0.4036817664869113
2022-11-01,227.82000732421875,227.5399932861328,10,5145.340265165173,5145.340265165173,1407630.4728160424,44.9140616026023,WIN,1408169.656696161,-0.03828969595777849
2022-11-02,214.97999572753906,227.82000732421875,10,5053.537092158992,-7786.4745045206955,1399843.9983115217,44.34422341595595,LOSS,1408169.656696161,-0.5912397234984392
2022-11-03,215.30999755859375,214.97999572753906,10,4930.107629678059,4930.107629678059,1404774.1059411997,45.33733134277699,WIN,1408169.656696161,-0.24113222002865373
2022-11-04,207.47000122070312,215.30999755859375,10,4937.31793297316,-2902.678404917465,1401871.4275362822,45.33513432359673,LOSS,1408169.656696161,-0.44726351898930033
2022-11-07,197.0800018310547,207.47000122070312,10,4540.187559349137,-5849.811830299301,1396021.615705983,43.94926282583075,LOSS,1408169.656696161,-0.8626830533104701
2022-11-08,191.3000030517578,197.0800018310547,10,4487.527542730376,-1292.471236566499,1394729.1444694165,45.12198541025814,LOSS,1408169.656696161,-0.9544668259844912
2022-11-09,177.58999633789062,191.3000030517578,10,4357.25215833315,-9352.754555534037,1385376.3899138824,45.1312217110365,LOSS,1408169.656696161,-1.618644932014519
2022-11-10,190.72000122070312,177.58999633789062,10,4331.760854860132,4331.760854860132,1389708.1507687424,47.26747620164007,WIN,1408169.656696161,-1.311028528390028
2022-11-11,195.97000122070312,190.72000122070312,10,5069.1243103121915,5069.1243103121915,1394777.2750790545,50.160555275054186,WIN,1408169.656696161,-0.9510488706685827
2022-11-14,190.9499969482422,195.97000122070312,10,4912.921570109959,-107.08270235097825,1394670.1923767035,48.164179732379175,LOSS,1408169.656696161,-0.9586532599438261
2022-11-15,194.4199981689453,190.9499969482422,10,4413.128729549396,4413.128729549396,1399083.321106253,45.57355671303562,WIN,1408169.656696161,-0.645258584198325
2022-11-16,186.9199981689453,194.4199981689453,10,4531.665729348981,-2968.3342706510193,1396114.986835602,45.834432305448516,LOSS,1408169.656696161,-0.8560523799981348
2022-11-17,183.1699981689453,186.9199981689453,10,4416.613464669688,666.6134646696883,1396781.6003002718,46.25738545656783,LOSS,1408169.656696161,-0.8087133778047632
2022-11-18,180.19000244140625,183.1699981689453,10,4070.8840224795103,1090.8882949404478,1397872.488595212,44.40041176867004,LOSS,1408169.656696161,-0.7312448505038849
2022-11-21,167.8699951171875,180.19000244140625,10,3878.41116771318,-8441.59615650557,1389430.8924387065,43.47358702700902,LOSS,1408169.656696161,-1.3307177986933278
2022-11-22,169.91000366210938,167.8699951171875,10,3859.660641932259,3859.660641932259,1393290.5530806386,45.41550753762767,WIN,1408169.656696161,-1.0566272000514232
2022-11-23,183.1999969482422,169.91000366210938,10,3645.4703630139375,3645.4703630139375,1396936.0234436525,43.38269608766453,WIN,1408169.656696161,-0.7977471463818325
2022-11-25,182.86000061035156,183.1999969482422,10,4498.499063716091,4158.502725825466,1401094.526169478,47.483378804346316,LOSS,1408169.656696161,-0.5024345250616099
2022-11-28,182.9199981689453,182.86000061035156,10,4484.963004222533,4484.963004222533,1405579.4891737006,47.44585122194903,WIN,1408169.656696161,-0.1839385978914991
2022-11-29,180.8300018310547,182.9199981689453,10,4448.985069225734,2358.988731335109,1407938.4779050357,47.175016940846284,LOSS,1408169.656696161,-0.016416970073598606
2022-11-30,194.6999969482422,180.8300018310547,10,4395.526343516328,4395.526343516328,1412334.004248552,47.15580785383836,WIN,1412334.004248552,0.0
2022-12-01,194.6999969482422,194.6999969482422,10,5250.943635081689,5250.943635081689,1417584.9478836337,50.67717314997388,WIN,1417584.9478836337,0.0
2022-12-02,194.86000061035156,194.6999969482422,10,5072.793625895636,5072.793625895636,1422657.7415095293,49.46674524099074,WIN,1422657.7415095293,0.0
2022-12-05,182.4499969482422,194.86000061035156,10,5076.431670613425,-7333.57199149595,1415324.1695180333,49.46314201474395,LOSS,1422657.7415095293,-0.5154839268448812
2022-12-06,179.82000732421875,182.4499969482422,10,4914.265083758056,2284.2754597346184,1417608.444977768,50.6314702815814,LOSS,1422657.7415095293,-0.3549199771973037
2022-12-07,174.0399932861328,179.82000732421875,10,4716.877285277966,-1063.1367528079718,1416545.30822496,49.70048869243417,LOSS,1422657.7415095293,-0.42964889630331066
2022-12-08,173.44000244140625,174.0399932861328,10,4574.804528884892,3974.813684158329,1420520.1219091183,49.7730278875098,LOSS,1422657.7415095293,-0.150255366279657
2022-12-09,179.0500030517578,173.44000244140625,10,4245.924676670416,4245.924676670416,1424766.0465857887,47.384861110046835,WIN,1424766.0465857887,0.0
2022-12-12,167.82000732421875,179.0500030517578,10,4056.515171054725,-7173.480556484337,1417592.5660293044,44.970762773651,LOSS,1424766.0465857887,-0.5034848053597534
2022-12-13,160.9499969482422,167.82000732421875,10,3961.631297460066,-2908.3790785164965,1414684.186950788,46.228371891796655,LOSS,1424766.0465857887,-0.7076150964686652
2022-12-14,156.8000030517578,160.9499969482422,10,3850.37628992485,-299.61760655952503,1414384.5693442284,46.646903728853864,LOSS,1424766.0465857887,-0.7286443459568543
2022-12-15,157.6699981689453,156.8000030517578,10,3723.419331634658,3723.419331634658,1418107.988675863,46.413397278646286,WIN,1424766.0465857887,-0.4673088557858754
2022-12-16,150.22999572753906,157.6699981689453,10,3701.3085608818583,-3738.6938805243917,1414369.2947953385,46.0545509333828,LOSS,1424766.0465857887,-0.7297164201353792
2022-12-19,149.8699951171875,150.22999572753906,10,3608.5749732233626,3248.5743628718,1417617.8691582102,46.7759177195078,LOSS,1424766.0465857887,-0.5017088556193409
2022-12-20,137.8000030517578,149.8699951171875,10,3598.987620786697,-8471.004444642991,1409146.8647135673,46.76762035908555,LOSS,1424766.0465857887,-1.096262920473866
2022-12-21,137.57000732421875,137.8000030517578,10,3394.9662333996466,3164.970505860584,1412311.835219428,47.59156808459356,LOSS,1424766.0465857887,-0.87412325667117
2022-12-22,125.3499984741211,137.57000732421875,10,3367.8706061789044,-8852.138243918751,1403459.6969755092,47.385504097538345,LOSS,1424766.0465857887,-1.4954279449132448
2022-12-23,123.1500015258789,125.3499984741211,10,2926.30566518908,726.3087169468927,1404186.0056924562,45.88263719384156,LOSS,1424766.0465857887,-1.4444505427855443
2022-12-27,109.0999984741211,123.1500015258789,10,2861.182026103643,-11188.82102565417,1392997.184666802,45.73477873716221,LOSS,1424766.0465857887,-2.229759896027526
2022-12-28,112.70999908447266,109.0999984741211,10,2870.5526010449007,2870.5526010449007,1395867.737267847,49.80645469255401,WIN,1424766.0465857887,-2.0282845304456614
2022-12-29,121.81999969482422,112.70999908447266,10,3086.9374493343507,3086.9374493343507,1398954.6747171814,51.23134091958259,WIN,1424766.0465857887,-1.8116217697958168
2022-12-30,123.18000030517578,121.81999969482422,10,3371.375929754015,3371.375929754015,1402326.0506469354,51.61066454023832,WIN,1424766.0465857887,-1.5749951364034132
2023-01-03,108.0999984741211,123.18000030517578,10,3434.7524183988635,-11645.249412655823,1390680.8012342795,51.887078631461996,LOSS,1424766.0465857887,-2.392339811380874
2023-01-04,113.63999938964844,108.0999984741211,10,3325.3726482922566,3325.3726482922566,1394006.1738825717,55.694306975886846,WIN,1424766.0465857887,-2.158942008544337
2023-01-05,110.33999633789062,113.63999938964844,10,3642.739393205514,342.7363414477013,1394348.9102240195,57.40488638333288,LOSS,1424766.0465857887,-2.134886386060273
2023-01-06,113.05999755859375,110.33999633789062,10,3536.3530010934464,3536.3530010934464,1397885.263225113,57.39763866032157,WIN,1424766.0465857887,-1.8866805132738065
2023-01-09,119.7699966430664,113.05999755859375,10,3689.5871638550143,3689.5871638550143,1401574.8503889681,58.170574415577164,WIN,1424766.0465857887,-1.6277196001683485
2023-01-10,118.8499984741211,119.7699966430664,10,4105.633065445462,3185.63489650015,1404760.4852854682,60.347267137463454,LOSS,1424766.0465857887,-1.4041295655704669
2023-01-11,123.22000122070312,118.8499984741211,10,3994.2200929655087,3994.2200929655087,1408754.7053784337,59.458195975261546,WIN,1424766.0465857887,-1.1237873927248268
2023-01-12,123.55999755859375,123.22000122070312,10,4163.729594354337,4163.729594354337,1412918.434972788,59.701318471219544,WIN,1424766.0465857887,-0.8315478629906675
2023-01-13,122.4000015258789,123.55999755859375,10,4155.775263459002,2995.7792307441587,1415914.214203532,59.4931534033594,LOSS,1424766.0465857887,-0.6212832207412966
2023-01-17,131.49000549316406,122.4000015258789,10,4109.510048235541,4109.510048235541,1420023.7242517676,59.41479355559272,WIN,1424766.0465857887,-0.3328491962161277
2023-01-18,128.77999877929688,131.49000549316406,10,4657.656497812914,1947.649783945726,1421971.3740357133,61.85907776548719,LOSS,1424766.0465857887,-0.19614957534764502
2023-01-19,127.16999816894531,128.77999877929688,10,4511.53568096533,2901.535070613768,1424872.909106327,61.34415885996903,LOSS,1424872.909106327,0.0
2023-01-20,133.4199981689453,127.16999816894531,10,4455.961205671184,4455.961205671184,1429328.870311998,61.35277727336018,WIN,1429328.870311998,0.0
2023-01-23,143.75,133.4199981689453,10,4557.203778090793,4557.203778090793,1433886.074090089,60.18523473296917,WIN,1433886.074090089,0.0
2023-01-24,143.88999938964844,143.75,10,5131.628390008772,5131.628390008772,1439017.7024800978,62.224391446128635,WIN,1439017.7024800978,0.0
2023-01-25,144.42999267578125,143.88999938964844,10,4780.686546513755,4780.686546513755,1443798.3890266116,58.95200414163586,WIN,1443798.3890266116,0.0
2023-01-26,160.27000427246094,144.42999267578125,10,4770.73319262435,4770.73319262435,1448569.1222192359,58.69651124839316,WIN,1448569.1222192359,0.0
2023-01-27,177.89999389648438,160.27000427246094,10,4925.530904693418,4925.530904693418,1453494.6531239294,55.65554845380697,WIN,1453494.6531239294,0.0
2023-01-30,166.66000366210938,177.89999389648438,10,5865.761616057917,-5374.228618317083,1448120.4245056123,58.61817599360883,LOSS,1453494.6531239294,-0.3697453311414987
2023-01-31,173.22000122070312,166.66000366210938,10,5659.510399114905,5659.510399114905,1453779.9349047272,59.92276709893727,WIN,1453779.9349047272,0.0
2023-02-01,181.41000366210938,173.22000122070312,10,5901.975965147384,5901.975965147384,1459681.9108698745,60.07320326064656,WIN,1459681.9108698745,0.0
2023-02-02,188.27000427246094,181.41000366210938,10,5039.085072318984,5039.085072318984,1464720.9959421935,51.745950243973816,WIN,1464720.9959421935,0.0
2023-02-03,189.97999572753906,188.27000427246094,10,5199.089700145256,5199.089700145256,1469920.0856423387,51.53130631100166,WIN,1469920.0856423387,0.0
2023-02-06,194.75999450683594,189.97999572753906,10,5056.677819674431,5056.677819674431,1474976.763462013,50.21084396228227,WIN,1474976.763462013,0.0
2023-02-07,196.80999755859375,194.75999450683594,10,5183.655520420685,5183.655520420685,1480160.4189824339,50.20913887882364,WIN,1480160.4189824339,0.0
2023-02-08,201.2899932861328,196.80999755859375,10,5185.379581404926,5185.379581404926,1485345.7985638387,49.85398352739979,WIN,1485345.7985638387,0.0
2023-02-09,207.32000732421875,201.2899932861328,10,5217.882068683171,5217.882068683171,1490563.6806325219,49.29186443603995,WIN,1490563.6806325219,0.0
2023-02-10,196.88999938964844,207.32000732421875,10,5368.017101546646,-5061.990833023667,1485501.6897994983,49.252454617232395,LOSS,1490563.6806325219,-0.3396024536754782
2023-02-13,194.63999938964844,196.88999938964844,10,5464.489917662241,3214.489917662241,1488716.1797171605,51.715123695394325,LOSS,1490563.6806325219,-0.12394645994442499
2023-02-14,209.25,194.63999938964844,10,5411.498065724694,5411.498065724694,1494127.6777828853,51.7793828275568,WIN,1494127.6777828853,0.0
2023-02-15,214.24000549316406,209.25,10,5823.394518571732,5823.394518571732,1499951.072301457,51.8154209853226,WIN,1499951.072301457,0.0
2023-02-16,202.0399932861328,214.24000549316406,10,5804.614416898703,-6395.397790132547,1493555.6745113244,50.841966509434656,LOSS,1499951.072301457,-0.4263737603333786
2023-02-17,208.30999755859375,202.0399932861328,10,5840.652064895831,5840.652064895831,1499396.32657622,53.24221285803932,WIN,1499951.072301457,-0.03698425471876602
2023-02-21,197.3699951171875,208.30999755859375,10,5982.096668162577,-4957.905773243673,1494438.4208029765,52.989391503531586,LOSS,1499951.072301457,-0.36752208790531443
2023-02-22,200.86000061035156,197.3699951171875,10,5799.913107194823,5799.913107194823,1500238.3339101714,53.874013495086494,WIN,1500238.3339101714,0.0
2023-02-23,202.07000732421875,200.86000061035156,10,5884.732181706389,5884.732181706389,1506123.0660918779,53.75718868292006,WIN,1506123.0660918779,0.0
2023-02-24,196.8800048828125,202.07000732421875,10,5916.293197881209,726.2907564749594,1506849.3568483528,53.731726425440336,LOSS,1506849.3568483528,0.0
2023-02-27,207.6300048828125,196.8800048828125,10,5271.914125923553,5271.914125923553,1512121.2709742764,50.42303272184609,WIN,1512121.2709742764,0.0
2023-02-28,205.7100067138672,207.6300048828125,10,4935.342868316799,3015.344699371486,1515136.6156736477,46.4446119475176,LOSS,1515136.6156736477,0.0
2023-03-01,202.77000427246094,205.7100067138672,10,4463.718349760585,1523.7159083543347,1516660.331582002,43.70518762008774,LOSS,1516660.331582002,0.0
2023-03-02,190.89999389648438,202.77000427246094,10,4374.458103759995,-7495.552272216568,1509164.7793097855,43.53905414843453,LOSS,1516660.331582002,-0.4942143020512819
2023-03-03,197.7899932861328,190.89999389648438,10,4317.6678229878435,4317.6678229878435,1513482.4471327732,44.92005151557487,WIN,1516660.331582002,-0.20953171801586457
2023-03-06,193.80999755859375,197.7899932861328,10,4463.852931595729,483.8572040566669,1513966.3043368298,44.85551632302153,LOSS,1516660.331582002,-0.17762891196357763
2023-03-07,187.7100067138672,193.80999755859375,10,4411.567197059379,-1688.423647667183,1512277.8806891625,45.11173273437733,LOSS,1516660.331582002,-0.28895401307610663
2023-03-08,182.0,187.7100067138672,10,4302.911042978281,-1407.0956708889062,1510870.7850182736,45.32452220490241,LOSS,1516660.331582002,-0.3817299393391204
2023-03-09,172.9199981689453,182.0,10,4219.635676928857,-4860.366154125831,1506010.4188641477,45.67062259464133,LOSS,1516660.331582002,-0.702194980384674
2023-03-10,173.44000244140625,172.9199981689453,10,4095.974567865329,4095.974567865329,1510106.393432013,46.33509772660615,WIN,1516660.331582002,-0.43212959510537324
2023-03-13,174.47999572753906,173.44000244140625,10,4017.617759330281,4017.617759330281,1514124.0111913432,45.643500070566205,WIN,1516660.331582002,-0.1672306143863687
2023-03-14,183.25999450683594,174.47999572753906,10,3916.1042871608975,3916.1042871608975,1518040.115478504,44.69119184356523,WIN,1518040.115478504,0.0
2023-03-15,180.4499969482422,183.25999450683594,10,4329.701344039453,1519.703785445703,1519559.8192639498,46.254265390374655,LOSS,1519559.8192639498,0.0
2023-03-16,184.1300048828125,180.4499969482422,10,3786.701123210071,3786.701123210071,1523346.52038716,42.76023727009655,WIN,1523346.52038716,0.0
2023-03-17,180.1300048828125,184.1300048828125,10,3847.2384821738483,-152.7615178261517,1523193.7588693337,42.6403518934022,LOSS,1523346.52038716,-0.010028021581551284
2023-03-20,183.25,180.1300048828125,10,3567.239846022385,3567.239846022385,1526760.998715356,41.19782724603735,WIN,1526760.998715356,0.0
2023-03-21,197.5800018310547,183.25,10,3556.8459657336457,3556.8459657336457,1530317.8446810897,40.67675273422808,WIN,1530317.8446810897,0.0
2023-03-22,191.14999389648438,197.5800018310547,10,4206.811026235825,-2223.1969083344875,1528094.6477727552,43.16625084754661,LOSS,1530317.8446810897,-0.1452768074332823
2023-03-23,192.22000122070312,191.14999389648438,10,4127.767210712409,4127.767210712409,1532222.4149834677,43.56669070945925,WIN,1532222.4149834677,0.0
2023-03-24,190.41000366210938,192.22000122070312,10,4150.320501365722,2340.3229427719716,1534562.7379262396,43.56288585499167,LOSS,1534562.7379262396,0.0
2023-03-27,191.80999755859375,190.41000366210938,10,4067.323489883798,4067.323489883798,1538630.0614161235,43.25777598056229,WIN,1538630.0614161235,0.0
2023-03-28,189.19000244140625,191.80999755859375,10,3820.7520620520436,1200.7569448645436,1539830.818360988,41.35097207156507,LOSS,1539830.818360988,0.0
2023-03-29,193.8800048828125,189.19000244140625,10,3774.8359685330133,3774.8359685330133,1543605.654329521,41.39483345821388,WIN,1543605.654329521,0.0
2023-03-30,195.27999877929688,193.8800048828125,10,3925.0488901020353,3925.0488901020353,1547530.703219623,41.781264146493434,WIN,1547530.703219623,0.0
2023-03-31,207.4600067138672,195.27999877929688,10,3632.6980362441964,3632.6980362441964,1551163.4012558672,39.608806975048495,WIN,1551163.4012558672,0.0
2023-04-03,194.77000427246094,207.4600067138672,10,4111.94332088097,-8578.05912052528,1542585.3421353418,41.21994379680341,LOSS,1551163.4012558672,-0.5530080914480271
2023-04-04,192.5800018310547,194.77000427246094,10,4172.733900029707,1982.731458623457,1544568.0735939653,43.34116122748434,LOSS,1551163.4012558672,-0.4251858738133053
2023-04-05,185.52000427246094,192.5800018310547,10,4046.8039154593657,-3013.1936431343843,1541554.879950831,42.798412771697755,LOSS,1551163.4012558672,-0.6194396604030836
2023-04-06,185.05999755859375,185.52000427246094,10,3935.0667879535463,3475.060074086359,1545029.9400249172,43.059529629119055,LOSS,1551163.4012558672,-0.3954103884854513
2023-04-10,184.50999450683594,185.05999755859375,10,3691.7263289418433,3141.723277184031,1548171.6633021012,41.389792239668104,LOSS,1551163.4012558672,-0.19287058677015056
2023-04-11,186.7899932861328,184.50999450683594,10,3684.681795011078,3684.681795011078,1551856.3450971122,41.41795019305907,WIN,1551856.3450971122,0.0
2023-04-12,180.5399932861328,186.7899932861328,10,3736.295367111953,-2513.704632888047,1549342.6404642242,41.461022328209715,LOSS,1551856.3450971122,-0.16198049779735116
2023-04-13,185.89999389648438,180.5399932861328,10,3515.608575349634,3515.608575349634,1552858.2490395738,40.76001535205455,WIN,1552858.2490395738,0.0
2023-04-14,185.0,185.89999389648438,10,3670.9697610936346,2770.9758646092596,1555629.224904183,41.122843940759346,LOSS,1555629.224904183,0.0
2023-04-17,187.0399932861328,185.0,10,3624.3766757459503,3624.3766757459503,1559253.601579929,40.9167549774237,WIN,1559253.601579929,0.0
2023-04-18,184.30999755859375,187.0399932861328,10,3623.2117678781556,893.2160403390931,1560146.817620268,40.62584909437922,LOSS,1560146.817620268,0.0
2023-04-19,180.58999633789062,184.30999755859375,10,3571.5571159940914,-148.44410470903358,1559998.3735155591,40.63466997816918,LOSS,1560146.817620268,-0.00951475226769937
2023-04-20,162.99000549316406,180.58999633789062,10,2918.0313144757242,-14681.959530250839,1545316.4139853083,36.37545083493038,LOSS,1560146.817620268,-0.9505774371658834
2023-04-21,165.0800018310547,162.99000549316406,10,3287.4325836961225,3287.4325836961225,1548603.8465690045,41.68178653664522,WIN,1560146.817620268,-0.7398644102527744
2023-04-24,162.5500030517578,165.0800018310547,10,3347.929935865282,817.931156568407,1549421.777725573,41.828779739877746,LOSS,1560146.817620268,-0.6874378599223334
2023-04-25,160.6699981689453,162.5500030517578,10,3301.2815669430947,1421.2766841305947,1550843.0544097035,41.86671753291796,LOSS,1560146.817620268,-0.596338953839991
2023-04-26,153.75,160.6699981689453,10,3246.9323123871536,-3673.065856558159,1547169.9885531452,41.73360154458726,LOSS,1560146.817620268,-0.8317697360634803
2023-04-27,160.19000244140625,153.75,10,3188.1205802719505,3188.1205802719505,1550358.1091334173,42.430810423045585,WIN,1560146.817620268,-0.6274222641290778
2023-04-28,164.30999755859375,160.19000244140625,10,3426.721845091854,3426.721845091854,1553784.830978509,43.298438342373046,WIN,1560146.817620268,-0.4077812786531946
2023-05-01,161.8300018310547,164.30999755859375,10,3581.2374517985645,1101.241724259502,1554886.0727027685,43.83288851596146,LOSS,1560146.817620268,-0.33719550353113237
2023-05-02,160.30999755859375,161.8300018310547,10,3140.545462744117,1620.5411902831793,1556506.6138930516,40.67231718932943,LOSS,1560146.817620268,-0.23332443370739658
2023-05-03,160.61000061035156,160.30999755859375,10,2903.609811853935,2903.609811853935,1559410.2237049055,38.960543894727095,WIN,1560146.817620268,-0.04721311526861011
2023-05-04,161.1999969482422,160.61000061035156,10,2918.345013400618,2918.345013400618,1562328.568718306,39.037155581848154,WIN,1562328.568718306,0.0
2023-05-05,170.05999755859375,161.1999969482422,10,2867.984117547878,2867.984117547878,1565196.552835854,38.535896038357414,WIN,1565196.552835854,0.0
2023-05-08,171.7899932861328,170.05999755859375,10,3336.091864491985,3336.091864491985,1568532.644700346,40.951045369356905,WIN,1568532.644700346,0.0
2023-05-09,169.14999389648438,171.7899932861328,10,3385.195669818658,745.1962801702207,1569277.8409805163,41.067833493407164,LOSS,1569277.8409805163,0.0
2023-05-10,168.5399932861328,169.14999389648438,10,3323.111379977442,2713.1107696258796,1571990.9517501423,40.989141612885724,LOSS,1571990.9517501423,0.0
2023-05-11,172.0800018310547,168.5399932861328,10,3238.248791323554,3238.248791323554,1575229.2005414658,40.417115600130224,WIN,1575229.2005414658,0.0
2023-05-12,167.97999572753906,172.0800018310547,10,3263.996369162376,-836.0097343532489,1574393.1908071125,40.09217393401655,LOSS,1575229.2005414658,-0.053072259837864566
2023-05-15,166.35000610351562,167.97999572753906,10,3219.4751580078337,1589.4855339843962,1575982.6763410969,40.35400296727909,LOSS,1575982.6763410969,0.0
2023-05-16,166.52000427246094,166.35000610351562,10,3169.4383646532388,3169.4383646532388,1579152.11470575,40.20452479996182,WIN,1579152.11470575,0.0
2023-05-17,173.86000061035156,166.52000427246094,10,3167.9574623417357,3167.9574623417357,1582320.0721680918,40.167029168680045,WIN,1582320.0721680918,0.0
2023-05-18,176.88999938964844,173.86000061035156,10,3469.5836463184464,3469.5836463184464,1585789.6558144102,41.399561281690055,WIN,1585789.6558144102,0.0
2023-05-19,180.13999938964844,176.88999938964844,10,2608.488077001614,2608.488077001614,1588398.1438914118,34.50763404781617,WIN,1588398.1438914118,0.0
2023-05-22,188.8699951171875,180.13999938964844,10,2670.6027496250144,2670.6027496250144,1591068.7466410368,34.61183176999364,WIN,1591068.7466410368,0.0
2023-05-23,185.77000427246094,188.8699951171875,10,2954.5347731215857,-145.45607160497684,1590923.2905694318,35.6940341284019,LOSS,1591068.7466410368,-0.009142035623039682
2023-05-24,182.89999389648438,185.77000427246094,10,2929.6362771043314,59.625901127768884,1590982.9164705595,35.86205749805275,LOSS,1591068.7466410368,-0.005394497922134037
2023-05-25,184.47000122070312,182.89999389648438,10,2646.610766328209,2646.610766328209,1593629.5272368877,34.142356857741575,WIN,1593629.5272368877,0.0
2023-05-26,193.1699981689453,184.47000122070312,10,2528.228239628071,2528.228239628071,1596157.7554765157,33.13049041958746,WIN,1596157.7554765157,0.0
2023-05-30,201.16000366210938,193.1699981689453,10,2806.354296086867,2806.354296086867,1598964.1097726026,34.21860441208315,WIN,1598964.1097726026,0.0
2023-05-31,203.92999267578125,201.16000366210938,10,2971.287855947023,2971.287855947023,1601935.3976285495,34.53989013051229,WIN,1601935.3976285495,0.0
2023-06-01,207.52000427246094,203.92999267578125,10,2953.39833790319,2953.39833790319,1604888.7959664527,34.1584313373325,WIN,1604888.7959664527,0.0
2023-06-02,213.97000122070312,207.52000427246094,10,2992.4045450749436,2992.4045450749436,1607881.2005115277,34.07565074539255,WIN,1607881.2005115277,0.0
2023-06-05,217.61000061035156,213.97000122070312,10,3112.476058833002,3112.476058833002,1610993.6765703608,34.24297230063713,WIN,1610993.6765703608,0.0
2023-06-06,221.30999755859375,217.61000061035156,10,2914.5087068725184,2914.5087068725184,1613908.1852772334,32.71762605277599,WIN,1613908.1852772334,0.0
2023-06-07,224.57000732421875,221.30999755859375,10,2965.730362066028,2965.730362066028,1616873.9156392994,32.72758818006585,WIN,1616873.9156392994,0.0
2023-06-08,234.86000061035156,224.57000732421875,10,2872.0078669506056,2872.0078669506056,1619745.9235062501,31.918150980869896,WIN,1619745.9235062501,0.0
2023-06-09,244.39999389648438,234.86000061035156,10,3094.8790254925348,3094.8790254925348,1622840.8025317427,32.43225797922925,WIN,1622840.8025317427,0.0
2023-06-12,249.8300018310547,244.39999389648438,10,3311.448312554114,3311.448312554114,1626152.2508442968,32.924036279177464,WIN,1626152.2508442968,0.0
2023-06-13,258.7099914550781,249.8300018310547,10,3048.3001651048417,3048.3001651048417,1629200.5510094017,31.14106412207141,WIN,1629200.5510094017,0.0
2023-06-14,256.7900085449219,258.7099914550781,10,2999.1313537632295,1079.1484436069795,1630279.6994530086,30.33561898140257,LOSS,1630279.6994530086,0.0
2023-06-15,255.89999389648438,256.7900085449219,10,3065.869809057551,2175.855160620051,1632455.5546136287,30.794090106602333,LOSS,1632455.5546136287,0.0
2023-06-16,260.5400085449219,255.89999389648438,10,3066.4885413894285,3066.4885413894285,1635522.043155018,30.852220148992128,WIN,1635522.043155018,0.0
2023-06-20,274.45001220703125,260.5400085449219,10,3121.527913841004,3121.527913841004,1638643.571068859,30.849363436912583,WIN,1638643.571068859,0.0
2023-06-21,259.4599914550781,274.45001220703125,10,3512.58792422344,-11477.432827729685,1627166.1382411292,31.9310141963727,LOSS,1638643.571068859,-0.7004227783497299
2023-06-22,264.6099853515625,259.4599914550781,10,4099.930880715534,4099.930880715534,1631266.0691218448,35.90379607679398,WIN,1638643.571068859,-0.4502200525646898
2023-06-23,256.6000061035156,264.6099853515625,10,3998.735959123676,-4011.243288923199,1627254.8258329215,34.99104624188007,LOSS,1638643.571068859,-0.6950105219348423
2023-06-26,241.0500030517578,256.6000061035156,10,4066.850504424731,-11483.152547333082,1615771.6732855884,35.96624083797714,LOSS,1638643.571068859,-1.3957823523727997
2023-06-27,250.2100067138672,241.0500030517578,10,4576.608276866651,4576.608276866651,1620348.281562455,40.116297854078574,WIN,1638643.571068859,-1.116489871831631
2023-06-28,256.239990234375,250.2100067138672,10,4684.024165518595,4684.024165518595,1625032.3057279736,39.76472312146781,WIN,1638643.571068859,-0.8306422202606871
2023-06-29,257.5,256.239990234375,10,4707.998588259514,4707.998588259514,1629740.3043162331,39.305717124763675,WIN,1638643.571068859,-0.5433315035568331
2023-06-30,261.7699890136719,257.5,10,4738.33684331356,4738.33684331356,1634478.6411595468,39.342642554296134,WIN,1638643.571068859,-0.2541693619555993
2023-07-03,279.82000732421875,261.7699890136719,10,4815.550604957416,4815.550604957416,1639294.1917645042,39.33577159583892,WIN,1639294.1917645042,0.0
2023-07-05,282.4800109863281,279.82000732421875,10,5536.134268751724,5536.134268751724,1644830.326033256,41.172600450989535,WIN,1644830.326033256,0.0
2023-07-06,276.5400085449219,282.4800109863281,10,5589.93528260711,-350.0671587991401,1644480.2588744569,41.178097613143635,LOSS,1644830.326033256,-0.021282873574163114
2023-07-07,274.42999267578125,276.5400085449219,10,5618.578102295632,3508.5622331550067,1647988.8211076118,41.877413613106,LOSS,1647988.8211076118,0.0
2023-07-10,269.6099853515625,274.42999267578125,10,5619.251217641971,799.2438934232214,1648788.0650010349,42.0873112871485,LOSS,1648788.0650010349,0.0
2023-07-11,269.7900085449219,269.6099853515625,10,5439.578665761019,5439.578665761019,1654227.643666796,41.68998399263624,WIN,1654227.643666796,0.0
2023-07-12,271.989990234375,269.7900085449219,10,5297.70968868381,5297.70968868381,1659525.3533554797,40.9765408475847,WIN,1659525.3533554797,0.0
2023-07-13,277.8999938964844,271.989990234375,10,5303.595263439875,5303.595263439875,1664828.9486189196,40.79505611495219,WIN,1664828.9486189196,0.0
2023-07-14,281.3800048828125,277.8999938964844,10,5327.706307546986,5327.706307546986,1670156.6549264665,40.3612563111644,WIN,1670156.6549264665,0.0
2023-07-17,290.3800048828125,281.3800048828125,10,5383.223502052113,5383.223502052113,1675539.8784285185,40.308604718092525,WIN,1675539.8784285185,0.0
2023-07-18,293.3399963378906,290.3800048828125,10,5639.463452432487,5639.463452432487,1681179.341880951,40.691537936635044,WIN,1681179.341880951,0.0
2023-07-19,291.260009765625,293.3399963378906,10,5679.83325152279,3599.8466792571653,1684779.1885602083,40.61434932066847,LOSS,1684779.1885602083,0.0
2023-07-20,262.8999938964844,291.260009765625,10,5316.234910881275,-23043.78095825935,1661735.407601949,39.145840509841776,LOSS,1684779.1885602083,-1.367762678618566
2023-07-21,260.0199890136719,262.8999938964844,10,5639.045873266019,2759.040990453519,1664494.4485924025,43.37488276667938,LOSS,1684779.1885602083,-1.2039999131957992
2023-07-24,269.05999755859375,260.0199890136719,10,5549.347674336159,5549.347674336159,1670043.7962667386,43.23281767802116,WIN,1684779.1885602083,-0.8746186083923814
2023-07-25,265.2799987792969,269.05999755859375,10,5755.961580437604,1975.9628011407294,1672019.7590678793,43.30008740813243,LOSS,1684779.1885602083,-0.75733541694761
2023-07-26,264.3500061035156,265.2799987792969,10,5201.659222843105,4271.666547061855,1676291.4256149412,40.93919023649816,LOSS,1684779.1885602083,-0.5037908233256773
2023-07-27,255.7100067138672,264.3500061035156,10,5044.086913375614,-3595.9124762728234,1672695.5131386684,40.24191272188095,LOSS,1684779.1885602083,-0.7172260616458878
2023-07-28,266.44000244140625,255.7100067138672,10,4966.638208090995,4966.638208090995,1677662.1513467594,40.694124605268385,WIN,1684779.1885602083,-0.4224314534375887
2023-07-31,267.42999267578125,266.44000244140625,10,5383.706498247615,5383.706498247615,1683045.857845007,41.73012384703385,WIN,1684779.1885602083,-0.10288177388293909
2023-08-01,261.07000732421875,267.42999267578125,10,5377.143422219359,-982.8419293431407,1682063.015915664,41.59870741642432,LOSS,1684779.1885602083,-0.1612183165003125
2023-08-02,254.11000061035156,261.07000732421875,10,4687.890109738108,-2272.11660412908,1679790.8993115348,38.75414841997389,LOSS,1684779.1885602083,-0.29607970483873375
2023-08-03,259.32000732421875,254.11000061035156,10,4607.782392344403,4607.782392344403,1684398.6817038793,38.98773420243917,WIN,1684779.1885602083,-0.022584968933182105
2023-08-04,253.86000061035156,259.32000732421875,10,4741.8167730165615,-718.189940850626,1683680.4917630285,39.18954880012637,LOSS,1684779.1885602083,-0.06521310357107922
2023-08-07,251.4499969482422,253.86000061035156,10,4681.5458435590845,2271.5421814497095,1685952.0339444783,39.395741793952325,LOSS,1685952.0339444783,0.0
2023-08-08,249.6999969482422,251.4499969482422,10,4615.567505988823,2865.5675059888226,1688817.601450467,39.28244964900648,LOSS,1688817.601450467,0.0
2023-08-09,242.19000244140625,249.6999969482422,10,4583.313159923294,-2926.6813469126437,1685890.9201035544,39.2817520025845,LOSS,1688817.601450467,-0.17329765774581046
2023-08-10,245.33999633789062,242.19000244140625,10,4508.118244992958,4508.118244992958,1690399.0383485474,39.62397216418944,WIN,1690399.0383485474,0.0
2023-08-11,242.64999389648438,245.33999633789062,10,4516.592054092488,1826.589612686238,1692225.6279612337,39.35350845159684,LOSS,1692225.6279612337,0.0
2023-08-14,239.75999450683594,242.64999389648438,10,4425.124931551371,1535.125541902934,1693760.7535031366,39.12483079284816,LOSS,1693760.7535031366,0.0
2023-08-15,232.9600067138672,239.75999450683594,10,4170.264751570894,-2629.723041397856,1691131.0304617388,38.009433781165185,LOSS,1693760.7535031366,-0.15525941523670345
2023-08-16,225.60000610351562,232.9600067138672,10,4042.1911866150344,-3317.809423736528,1687813.2210380023,37.95379533684537,LOSS,1693760.7535031366,-0.3511435988130698
2023-08-17,219.22000122070312,225.60000610351562,10,3960.5796319888464,-2419.4252508236536,1685393.7957871787,38.224087922014704,LOSS,1693760.7535031366,-0.4939869871617259
2023-08-18,215.49000549316406,219.22000122070312,10,2869.4421114003026,-860.5536161387599,1684533.2421710398,32.315551012651675,LOSS,1693760.7535031366,-0.5447942581626052
2023-08-21,231.27999877929688,215.49000549316406,10,2830.082213238251,2830.082213238251,1687363.3243842782,32.373645030449474,WIN,1693760.7535031366,-0.3777055942302875
2023-08-22,233.19000244140625,231.27999877929688,10,3752.2888595938894,3752.2888595938894,1691115.613243872,36.46234698668691,WIN,1693760.7535031366,-0.15616965110294748
2023-08-23,236.86000061035156,233.19000244140625,10,3805.9503266662523,3805.9503266662523,1694921.5635705383,36.590972943092055,WIN,1694921.5635705383,0.0
2023-08-24,230.0399932861328,236.86000061035156,10,3927.3564539109575,-2892.6508703077925,1692028.9127002305,36.934493920833816,LOSS,1694921.5635705383,-0.17066576604371755
2023-08-25,238.58999633789062,230.0399932861328,10,3787.8820159383404,3787.8820159383404,1695816.794716169,36.78272061884766,WIN,1695816.794716169,0.0
2023-08-28,238.82000732421875,238.58999633789062,10,3869.5093719346123,3869.5093719346123,1699686.3040881036,36.45471237501934,WIN,1699686.3040881036,0.0
2023-08-29,257.17999267578125,238.82000732421875,10,3867.4217939490977,3867.4217939490977,1703553.7258820527,36.42248548692458,WIN,1703553.7258820527,0.0
2023-08-30,256.8999938964844,257.17999267578125,10,4974.50243786109,4694.503658564215,1708248.229540617,40.58771428899023,LOSS,1708248.229540617,0.0
2023-08-31,258.0799865722656,256.8999938964844,10,4876.56043028624,4876.56043028624,1713124.7899709032,40.11126208339721,WIN,1713124.7899709032,0.0
2023-09-01,245.00999450683594,258.0799865722656,10,4849.794452786507,-8220.19761264318,1704904.59235826,39.85925042517921,LOSS,1713124.7899709032,-0.4798364754725695
2023-09-05,256.489990234375,245.00999450683594,10,4855.521299181089,4855.521299181089,1709760.113657441,41.21628123593133,WIN,1713124.7899709032,-0.19640579210340828
2023-09-06,251.9199981689453,256.489990234375,10,5333.028867483259,763.0368020535716,1710523.1504594947,42.505689608385595,LOSS,1713124.7899709032,-0.15186514879938812
2023-09-07,251.49000549316406,251.9199981689453,10,5271.970477960147,4841.977802178897,1715365.1282616735,42.684032441526725,LOSS,1715365.1282616735,0.0
2023-09-08,248.5,251.49000549316406,10,5147.959506686752,2157.95401352269,1717523.0822751962,42.07904949823964,LOSS,1717523.0822751962,0.0
2023-09-11,273.5799865722656,248.5,10,5093.891056008578,5093.891056008578,1722616.9733312048,42.117040120432364,WIN,1722616.9733312048,0.0
2023-09-12,267.4800109863281,273.5799865722656,10,6667.904715728997,567.929129791497,1723184.9024609963,47.24215679064989,LOSS,1723184.9024609963,0.0
2023-09-13,271.29998779296875,267.4800109863281,10,6570.05121971848,6570.05121971848,1729754.9536807148,47.49349654995374,WIN,1729754.9536807148,0.0
2023-09-14,276.0400085449219,271.29998779296875,10,6534.429972533784,6534.429972533784,1736289.3836532487,46.86228795572964,WIN,1736289.3836532487,0.0
2023-09-15,274.3900146484375,276.0400085449219,10,6468.457939953072,4818.464043468697,1741107.8476967174,45.999004755522485,LOSS,1741107.8476967174,0.0
2023-09-18,265.2799987792969,274.3900146484375,10,6287.03554248168,-2822.980326658945,1738284.8673700583,45.31074682244328,LOSS,1741107.8476967174,-0.16213701697993724
2023-09-19,266.5,265.2799987792969,10,6207.11295968909,6207.11295968909,1744491.9803297473,45.953101113149344,WIN,1744491.9803297473,0.0
2023-09-20,262.5899963378906,266.5,10,5781.879968480349,1871.876306370974,1746363.8566361184,43.70059382181046,LOSS,1746363.8566361184,0.0
2023-09-21,255.6999969482422,262.5899963378906,10,5751.214126419529,-1138.7852632289087,1745225.0713728894,43.973461532037845,LOSS,1746363.8566361184,-0.06520893448988804
2023-09-22,244.8800048828125,255.6999969482422,10,5699.439819203371,-5120.552246226316,1740104.5191266632,44.48631316769891,LOSS,1746363.8566361184,-0.3584211552289007
2023-09-25,246.99000549316406,244.8800048828125,10,5568.8537173835675,5568.8537173835675,1745673.3728440467,45.0837180049579,WIN,1746363.8566361184,-0.03953836936374303
2023-09-26,244.1199951171875,246.99000549316406,10,5499.2066843218345,2629.196308345272,1748302.569152392,44.45368835028092,LOSS,1748302.569152392,0.0
2023-09-27,240.5,244.1199951171875,10,5454.566034304749,1834.5709171172493,1750137.1400695092,44.558056540232414,LOSS,1750137.1400695092,0.0
2023-09-28,246.3800048828125,240.5,10,4746.447268966802,4746.447268966802,1754883.587338476,41.107939885172264,WIN,1754883.587338476,0.0
2023-09-29,250.22000122070312,246.3800048828125,10,4945.682878670343,4945.682878670343,1759829.2702171463,41.554604068977696,WIN,1759829.2702171463,0.0
2023-10-02,251.60000610351562,250.22000122070312,10,5052.237323570121,5052.237323570121,1764881.5075407163,41.71042174373375,WIN,1764881.5075407163,0.0
2023-10-03,246.52999877929688,251.60000610351562,10,4766.146641918866,-303.8606822998836,1764577.6468584165,40.05969479467102,LOSS,1764881.5075407163,-0.017217058539144795
2023-10-04,261.1600036621094,246.52999877929688,10,4445.95887995032,4445.95887995032,1769023.6057383667,38.85693747984483,WIN,1769023.6057383667,0.0
2023-10-05,260.04998779296875,261.1600036621094,10,5123.485568595297,4013.469699454672,1773037.0754378214,40.95242087274144,LOSS,1773037.0754378214,0.0
2023-10-06,260.5299987792969,260.04998779296875,10,5105.0359103022665,5105.0359103022665,1778142.1113481238,40.96934452361322,WIN,1778142.1113481238,0.0
2023-10-09,259.6700134277344,260.5299987792969,10,5088.377289020595,4228.391937458095,1782370.503285582,40.83691119390458,LOSS,1782370.503285582,0.0
2023-10-10,263.6199951171875,259.6700134277344,10,3575.964005826475,3575.964005826475,1785946.4672914085,33.2175664641543,WIN,1785946.4672914085,0.0
2023-10-11,262.989990234375,263.6199951171875,10,3601.3592883741476,2971.3544055616476,1788917.8216969701,33.07203784863684,LOSS,1788917.8216969701,0.0
2023-10-12,258.8699951171875,262.989990234375,10,3550.889284885583,-569.105832301917,1788348.7158646681,32.86145923759052,LOSS,1788917.8216969701,-0.03181285497855664
2023-10-13,251.1199951171875,258.8699951171875,10,3458.392595113127,-4291.607404886873,1784057.1084597812,32.67305387894511,LOSS,1788917.8216969701,-0.2717124944609311
2023-10-16,253.9199981689453,251.1199951171875,10,3475.455764442325,3475.455764442325,1787532.5642242234,33.308362185634095,WIN,1788917.8216969701,-0.07743550072259414
2023-10-17,254.85000610351562,253.9199981689453,10,3389.197417882852,3389.197417882852,1790921.761642106,32.65708407467402,WIN,1790921.761642106,0.0
2023-10-18,242.67999267578125,254.85000610351562,10,3399.541483909893,-8770.471943824483,1782151.2896982816,32.64634318748989,LOSS,1790921.761642106,-0.4897183188942245
2023-10-19,220.11000061035156,242.67999267578125,10,3546.1587010564326,-19023.833364373255,1763127.4563339083,34.33050584251868,LOSS,1790921.761642106,-1.5519553061163938
2023-10-20,211.99000549316406,220.11000061035156,10,4123.17430623821,-3996.82081094929,1759130.635522959,39.78055017088702,LOSS,1790921.761642106,-1.7751264628108374
2023-10-23,212.0800018310547,211.99000549316406,10,3932.7939723121417,3932.7939723121417,1763063.4294952713,39.54171078534006,WIN,1790921.761642106,-1.5555303834876268
2023-10-24,216.52000427246094,212.0800018310547,10,3914.1013903594185,3914.1013903594185,1766977.5308856308,39.41469916016095,WIN,1790921.761642106,-1.3369780450107858
2023-10-25,212.4199981689453,216.52000427246094,10,4074.6869849903014,-25.319118525323574,1766952.2117671054,39.895178782534074,LOSS,1790921.761642106,-1.3383917928956826
2023-10-26,205.75999450683594,212.4199981689453,10,4007.4226779276073,-2652.5809841817677,1764299.6307829237,39.95679289970681,LOSS,1790921.761642106,-1.4865044040099478
2023-10-27,207.3000030517578,205.75999450683594,10,3839.4466970983813,3839.4466970983813,1768139.077480022,39.68463599291448,WIN,1790921.761642106,-1.2721205722127382
2023-10-30,197.36000061035156,207.3000030517578,10,3833.521096953327,-6106.481344452923,1762032.5961355693,39.463442640967266,LOSS,1790921.761642106,-1.6130891993879288
2023-10-31,200.83999633789062,197.36000061035156,10,3766.5192994856993,3766.5192994856993,1765799.115435055,40.24643631927941,WIN,1790921.761642106,-1.4027774269723556
2023-11-01,205.66000366210938,200.83999633789062,10,3902.906150575387,3902.906150575387,1769702.0215856305,40.70732735792913,WIN,1790921.761642106,-1.184850198984635
2023-11-02,218.50999450683594,205.66000366210938,10,3607.3647159614206,3607.3647159614206,1773309.386301592,38.20380666340883,WIN,1790921.761642106,-0.9834251678512875
2023-11-03,219.9600067138672,218.50999450683594,10,4403.075630669768,4403.075630669768,1777712.4619322617,41.65654527348552,WIN,1790921.761642106,-0.7375698923738983
2023-11-06,219.27000427246094,219.9600067138672,10,4444.402617026471,3754.4001756202206,1781466.862107882,41.729368276008884,LOSS,1790921.761642106,-0.5279348175184837
2023-11-07,222.17999267578125,219.27000427246094,10,4430.617706510619,4430.617706510619,1785897.4798143927,41.73031508509602,WIN,1790921.761642106,-0.28054167051421447
2023-11-08,222.11000061035156,222.17999267578125,10,4480.450819371105,4410.458753941418,1790307.938568334,41.676926411663544,LOSS,1790921.761642106,-0.03427414233937262
2023-11-09,209.97999572753906,222.11000061035156,10,4481.880013158971,-7648.124869653529,1782659.8136986806,41.69384514039051,LOSS,1790921.761642106,-0.46132377864737534
2023-11-10,214.64999389648438,209.97999572753906,10,4434.491909232469,4434.491909232469,1787094.305607913,42.93733455919484,WIN,1790921.761642106,-0.2137143071333073
2023-11-13,223.7100067138672,214.64999389648438,10,4579.6754169607475,4579.6754169607475,1791673.981024874,43.224278088070854,WIN,1791673.981024874,0.0
2023-11-14,237.41000366210938,223.7100067138672,10,4973.046832603943,4973.046832603943,1796647.0278574778,44.4073684289329,WIN,1796647.0278574778,0.0
2023-11-15,242.83999633789062,237.41000366210938,10,5688.715039091869,5688.715039091869,1802335.7428965697,46.69816991867621,WIN,1802335.7428965697,0.0
2023-11-16,233.58999633789062,242.83999633789062,10,5661.6004154342,-3588.3995845658,1798747.3433120039,45.841679599221855,LOSS,1802335.7428965697,-0.19909717702201193
2023-11-17,234.3000030517578,233.58999633789062,10,4687.607019113416,4687.607019113416,1803434.9503311173,41.54703243077865,WIN,1803434.9503311173,0.0
2023-11-20,235.60000610351562,234.3000030517578,10,4508.576640776192,4508.576640776192,1807943.5269718934,40.45576697182912,WIN,1807943.5269718934,0.0
2023-11-21,241.1999969482422,235.60000610351562,10,4530.446982447162,4530.446982447162,1812473.9739543404,40.43810639430059,WIN,1812473.9739543404,0.0
2023-11-22,234.2100067138672,241.1999969482422,10,4649.244331762026,-2340.7459026129736,1810133.2280517274,40.499055642315255,LOSS,1812473.9739543404,-0.12914645596295915
2023-11-24,235.4499969482422,234.2100067138672,10,4582.4635957713,4582.4635957713,1814715.6916474986,40.88288014787848,WIN,1814715.6916474986,0.0
2023-11-27,236.0800018310547,235.4499969482422,10,4442.140935947929,4442.140935947929,1819157.8325834465,39.95816597483643,WIN,1819157.8325834465,0.0
2023-11-28,246.72000122070312,236.0800018310547,10,4456.342222478498,4456.342222478498,1823614.174805925,39.97113941508796,WIN,1823614.174805925,0.0
2023-11-29,244.13999938964844,246.72000122070312,10,4402.42505513642,1822.4232240817328,1825436.5980300067,38.605143084997245,LOSS,1825436.5980300067,0.0
2023-11-30,240.0800018310547,244.13999938964844,10,4409.60102217477,349.60346358102015,1825786.2014935878,38.89347856733329,LOSS,1825786.2014935878,0.0
2023-12-01,238.8300018310547,240.0800018310547,10,4392.563805862843,3142.563805862843,1828928.7652994506,39.203664111254625,LOSS,1828928.7652994506,0.0
2023-12-04,235.5800018310547,238.8300018310547,10,3982.127987423347,732.1279874233469,1829660.893286874,37.05694482011761,LOSS,1829660.893286874,0.0
2023-12-05,238.72000122070312,235.5800018310547,10,3969.9949577721127,3969.9949577721127,1833630.8882446461,37.2931048535648,WIN,1833630.8882446461,0.0
2023-12-06,239.3699951171875,238.72000122070312,10,4026.7742226113387,4026.7742226113387,1837657.6624672576,37.31451726783731,WIN,1837657.6624672576,0.0
2023-12-07,242.63999938964844,239.3699951171875,10,4027.435781591194,4027.435781591194,1841685.0982488487,37.25757972329975,WIN,1841685.0982488487,0.0
2023-12-08,243.83999633789062,242.63999938964844,10,4090.9159526237163,4090.9159526237163,1845776.0142014725,37.303713881337494,WIN,1845776.0142014725,0.0
2023-12-11,239.74000549316406,243.83999633789062,10,3567.1489694640923,-532.8418752624702,1845243.17232621,34.35242208920542,LOSS,1845776.0142014725,-0.028868176374752533
2023-12-12,237.00999450683594,239.74000549316406,10,3556.455852501016,826.4448661728911,1846069.617192383,34.62437957557776,LOSS,1846069.617192383,0.0
2023-12-13,239.2899932861328,237.00999450683594,10,3334.0663375906247,3334.0663375906247,1849403.6835299735,33.609152753687546,WIN,1849403.6835299735,0.0
2023-12-14,251.0500030517578,239.2899932861328,10,2751.492905154741,2751.492905154741,1852155.1764351283,30.211179249968133,WIN,1852155.1764351283,0.0
2023-12-15,253.5,251.0500030517578,10,3242.807939556211,3242.807939556211,1855397.9843746845,32.08755875984331,WIN,1855397.9843746845,0.0
2023-12-18,252.0800018310547,253.5,10,2951.7200303485856,1531.7218614032731,1856929.7062360877,30.403386864280833,LOSS,1856929.7062360877,0.0
2023-12-19,257.2200012207031,252.0800018310547,10,2954.052154144924,2954.052154144924,1859883.7583902327,30.50239468226485,WIN,1859883.7583902327,0.0
2023-12-20,247.13999938964844,257.2200012207031,10,3067.854683790014,-7012.147147264674,1852871.6112429681,30.777895407186108,LOSS,1859883.7583902327,-0.37702072054942404
2023-12-21,254.5,247.13999938964844,10,3201.669530133713,3201.669530133713,1856073.2807731018,32.13769802109506,WIN,1859883.7583902327,-0.2048771919181064
2023-12-22,252.5399932861328,254.5,10,3241.7502091878855,1281.743495320698,1857355.0242684225,31.850422133797167,LOSS,1859883.7583902327,-0.13596194441736778
2023-12-26,256.6099853515625,252.5399932861328,10,3242.330422285329,3242.330422285329,1860597.3546907078,31.984240503931826,WIN,1860597.3546907078,0.0
2023-12-27,261.44000244140625,256.6099853515625,10,3321.62706491063,3321.62706491063,1863918.9817556185,32.12365002050653,WIN,1863918.9817556185,0.0
2023-12-28,253.17999267578125,261.44000244140625,10,3087.87810942594,-5172.131656199061,1858746.8500994195,30.624536184458478,LOSS,1863918.9817556185,-0.2774869351524809
2023-12-29,248.47999572753906,253.17999267578125,10,3186.344482527541,-1513.6524657146465,1857233.1976337049,31.64877821318677,LOSS,1863918.9817556185,-0.3586949962608507
2024-01-02,248.4199981689453,248.47999572753906,10,3141.32560564481,3081.32804705106,1860314.525680756,31.724014976096516,LOSS,1863918.9817556185,-0.193380512250993
2024-01-03,238.4499969482422,248.4199981689453,10,3131.7192505063967,-6838.281970196728,1853476.2437105593,31.676898748060026,LOSS,1863918.9817556185,-0.5602570791581922
2024-01-04,237.92999267578125,238.4499969482422,10,3264.7583332812906,2744.754060820353,1856220.9977713798,33.1122641038719,LOSS,1863918.9817556185,-0.41299992433083105
2024-01-05,237.49000549316406,237.92999267578125,10,3231.445746155976,2791.4585635387884,1859012.4563349185,32.96663321714237,LOSS,1863918.9817556185,-0.2632370542242415
2024-01-08,240.4499969482422,237.49000549316406,10,3224.7530458823353,3224.7530458823353,1862237.2093808008,32.962639272515204,WIN,1863918.9817556185,-0.09022776157542967
2024-01-09,234.9600067138672,240.4499969482422,10,3259.621196563866,-2230.369037811134,1860006.8403429897,32.933348230067054,LOSS,1863918.9817556185,-0.2098879538714705
2024-01-10,233.94000244140625,234.9600067138672,10,3257.6975290642413,2237.693256603304,1862244.533599593,33.3415416715361,LOSS,1863918.9817556185,-0.08983481430337369
2024-01-11,227.22000122070312,233.94000244140625,10,3206.2964935262767,-3513.7047271768483,1858730.8288724162,33.13085206223688,LOSS,1863918.9817556185,-0.2783464803988208
2024-01-12,218.88999938964844,227.22000122070312,10,3214.1460509869353,-5115.855780067752,1853614.9730923483,33.71276974444655,LOSS,1863918.9817556185,-0.5528141922544749
2024-01-16,219.91000366210938,218.88999938964844,10,3235.9213372419476,3235.9213372419476,1856850.8944295903,34.55649674352972,WIN,1863918.9817556185,-0.37920571630054145
2024-01-17,215.5500030517578,219.91000366210938,10,2818.906354320182,-1541.0942560313806,1855309.800173559,31.957221268956683,LOSS,1863918.9817556185,-0.4618860404517433
2024-01-18,211.8800048828125,215.5500030517578,10,2743.2743174701905,-926.723851475122,1854383.0763220838,31.8360508450417,LOSS,1863918.9817556185,-0.5116051463005549
2024-01-19,212.19000244140625,211.8800048828125,10,2707.9592916602746,2707.9592916602746,1857091.035613744,31.90718019895821,WIN,1863918.9817556185,-0.3663220455774961
2024-01-22,208.8000030517578,212.19000244140625,10,2591.1555709788363,-798.8438186696012,1856292.1917950744,31.154279584832594,LOSS,1863918.9817556185,-0.4091803364414716
2024-01-23,209.13999938964844,208.8000030517578,10,2404.3502801484065,2404.3502801484065,1858696.5420752228,30.233028766729248,WIN,1863918.9817556185,-0.28018598080248375
2024-01-24,207.8300018310547,209.13999938964844,10,2156.536070453098,846.5385118593481,1859543.080587082,28.640762533256876,LOSS,1863918.9817556185,-0.23476885054385513
2024-01-25,182.6300048828125,207.8300018310547,10,2144.4586337490823,-23055.538314493104,1836487.542272589,28.649868141697794,LOSS,1863918.9817556185,-1.4717077164583603
2024-01-26,183.25,182.6300048828125,10,3228.5236829050245,3228.5236829050245,1839716.065955494,38.38572671103546,WIN,1863918.9817556185,-1.298496127622874
2024-01-29,190.92999267578125,183.25,10,3153.7615881081447,3153.7615881081447,1842869.8275436023,37.76690001779609,WIN,1863918.9817556185,-1.129295555120643
2024-01-30,191.58999633789062,190.92999267578125,10,3588.911300301854,3588.911300301854,1846458.738843904,39.86609527658723,WIN,1863918.9817556185,-0.936749026251593
2024-01-31,187.2899932861328,191.58999633789062,10,3624.266766559695,-675.7362851981175,1845783.002558706,40.02455434145428,LOSS,1863918.9817556185,-0.9730025486317095
2024-02-01,188.86000061035156,187.2899932861328,10,3536.132827003375,3536.132827003375,1849319.1353857096,39.976582835500125,WIN,1863918.9817556185,-0.7832876059965518
2024-02-02,187.91000366210938,188.86000061035156,10,3532.8739897628834,2582.877041520696,1851902.0124272304,39.74612400728971,LOSS,1863918.9817556185,-0.6447152180975895
2024-02-05,181.05999755859375,187.91000366210938,10,3510.996992780596,-3339.009110735029,1848563.0033164953,39.71721759288698,LOSS,1863918.9817556185,-0.8238543943932262
2024-02-06,185.10000610351562,181.05999755859375,10,3427.4643007479203,3427.4643007479203,1851990.4676172433,40.04202554293164,WIN,1863918.9817556185,-0.6399695617209581
2024-02-07,187.5800018310547,185.10000610351562,10,3558.47276134139,3558.47276134139,1855548.9403785847,40.4317494955712,WIN,1863918.9817556185,-0.44905607265987996
2024-02-08,189.55999755859375,187.5800018310547,10,3651.798906885918,3651.798906885918,1859200.7392854707,40.7536828321912,WIN,1863918.9817556185,-0.2531355985067383
2024-02-09,193.57000732421875,189.55999755859375,10,3727.0025859099096,3727.0025859099096,1862927.7418713805,41.009501226555656,WIN,1863918.9817556185,-0.053180416849682305
2024-02-12,188.1300048828125,193.57000732421875,10,3851.0968053179204,-1588.9056360883296,1861338.8362352923,41.31875816546433,LOSS,1863918.9817556185,-0.13842584069271005
2024-02-13,184.02000427246094,188.1300048828125,10,3704.084890414408,-405.91571993715434,1860932.9205153552,41.04605113685349,LOSS,1863918.9817556185,-0.16020338166472897
2024-02-14,188.7100067138672,184.02000427246094,10,3627.515212978975,3627.515212978975,1864560.4357283341,41.07733645206246,WIN,1864560.4357283341,0.0
2024-02-15,200.4499969482422,188.7100067138672,10,3801.4744794822877,3801.4744794822877,1868361.9102078164,41.64870894557008,WIN,1868361.9102078164,0.0
2024-02-16,199.9499969482422,200.4499969482422,10,4418.537429757033,3918.5374297570334,1872280.4476375734,44.16026783673681,LOSS,1872280.4476375734,0.0
2024-02-20,193.75999450683594,199.9499969482422,10,4406.370286630176,-1783.6321547760735,1870496.8154827973,44.15268852418538,LOSS,1872280.4476375734,-0.09526522359546014
2024-02-21,194.77000427246094,193.75999450683594,10,4321.544428809296,4321.544428809296,1874818.3599116066,44.504882747977895,WIN,1874818.3599116066,0.0
2024-02-22,197.41000366210938,194.77000427246094,10,4347.852615193488,4347.852615193488,1879166.2125268,44.53056555071984,WIN,1879166.2125268,0.0
2024-02-23,191.97000122070312,197.41000366210938,10,4426.725574504486,-1013.2768669017642,1878152.9356598984,44.66418817486802,LOSS,1879166.2125268,-0.05392162013913471
2024-02-26,199.39999389648438,191.97000122070312,10,2955.3730912718443,2955.3730912718443,1881108.3087511703,35.365635727448826,WIN,1881108.3087511703,0.0
2024-02-27,199.72999572753906,199.39999389648438,10,3216.6665754180167,3216.6665754180167,1884324.9753265884,36.34027098713946,WIN,1884324.9753265884,0.0
2024-02-28,202.0399932861328,199.72999572753906,10,3045.1115527605994,3045.1115527605994,1887370.086879349,35.16874794821675,WIN,1887370.086879349,0.0
2024-02-29,201.8800048828125,202.0399932861328,10,3089.9832015863567,2929.994798266044,1890300.0816776152,35.231952530276054,LOSS,1890300.0816776152,0.0
2024-03-01,202.63999938964844,201.8800048828125,10,3004.5172713028387,3004.5172713028387,1893304.598948918,34.68794659550373,WIN,1893304.598948918,0.0
2024-03-04,188.13999938964844,202.63999938964844,10,3013.275906153285,-11486.724093846715,1881817.8748550713,34.67128578591886,LOSS,1893304.598948918,-0.6067023816571133
2024-03-05,180.74000549316406,188.13999938964844,10,3381.7305469825715,-4018.2633495018035,1877799.6115055694,38.77808562074066,LOSS,1893304.598948918,-0.8189378218357645
2024-03-06,176.5399932861328,180.74000549316406,10,3269.6640530361665,-930.3481539950835,1876869.2633515743,38.931386776981114,LOSS,1893304.598948918,-0.8680766743221318
2024-03-07,178.64999389648438,176.5399932861328,10,3190.9071112725187,3190.9071112725187,1880060.1704628468,38.91057832275826,WIN,1893304.598948918,-0.6995402902113076
2024-03-08,175.33999633789062,178.64999389648438,10,3225.0767921257334,-84.92076646801661,1879975.2496963788,38.88119631281599,LOSS,1893304.598948918,-0.7040256100333305
2024-03-11,177.77000427246094,175.33999633789062,10,3172.038774743577,3172.038774743577,1883147.2884711225,38.93186358591234,WIN,1893304.598948918,-0.5364858081174287
2024-03-12,177.5399932861328,177.77000427246094,10,3187.1467980139787,2957.1358116858537,1886104.4242828083,38.71715592265161,LOSS,1893304.598948918,-0.38029668707861153
2024-03-13,169.47999572753906,177.5399932861328,10,3124.3985358913906,-4935.599022702359,1881168.825260106,38.28033636145406,LOSS,1893304.598948918,-0.6409836903976943
2024-03-14,162.5,169.47999572753906,10,3111.0853815817272,-3868.9103459573353,1877299.9149141486,39.28356866490127,LOSS,1893304.598948918,-0.8453306479926443
2024-03-15,163.57000732421875,162.5,10,3011.041762716596,3011.041762716596,1880310.9566768652,39.51220828116206,WIN,1893304.598948918,-0.6862943384422315
2024-03-18,173.8000030517578,163.57000732421875,10,2602.5600605083555,2602.5600605083555,1882913.5167373735,36.04825574338284,WIN,1893304.598948918,-0.5488330941208927
2024-03-19,171.32000732421875,173.8000030517578,10,3238.633614993023,758.6378874539605,1883672.1546248274,39.650802596286205,LOSS,1893304.598948918,-0.5087635834951298
2024-03-20,175.66000366210938,171.32000732421875,10,3144.0622038090914,3144.0622038090914,1886816.2168286366,39.27739418097897,WIN,1893304.598948918,-0.3427014397938679
2024-03-21,172.82000732421875,175.66000366210938,10,3297.512850312489,457.5165124218638,1887273.7333410585,39.833196985889884,LOSS,1893304.598948918,-0.31853646852216205
2024-03-22,170.8300018310547,172.82000732421875,10,3222.778385430891,1232.7728922668284,1888506.5062333252,39.66922166751201,LOSS,1893304.598948918,-0.2534242360292432
2024-03-25,172.6300048828125,170.8300018310547,10,3147.0959629483486,3147.0959629483486,1891653.6021962736,39.370523856375186,WIN,1893304.598948918,-0.08720185613878434
2024-03-26,177.6699981689453,172.6300048828125,10,3022.878488679096,3022.878488679096,1894676.4806849528,38.164526728829244,WIN,1894676.4806849528,0.0
2024-03-27,179.8300018310547,177.6699981689453,10,3223.0104457082007,3223.0104457082007,1897899.491130661,38.997535318818436,WIN,1897899.491130661,0.0
2024-03-28,175.7899932861328,179.8300018310547,10,3264.1100211237795,-775.8985237980955,1897123.592606863,39.01163120701243,LOSS,1897899.491130661,-0.040881960684637904
2024-04-01,175.22000122070312,175.7899932861328,10,3213.4463263719504,2643.454260942263,1899767.0468678053,39.182206484289566,LOSS,1899767.0468678053,0.0
2024-04-02,166.6300048828125,175.22000122070312,10,3194.249929463445,-5395.74640842718,1894371.3004593782,39.1159424719469,LOSS,1899767.0468678053,-0.2840214760711446
2024-04-03,168.3800048828125,166.6300048828125,10,2818.8572666312098,2818.8572666312098,1897190.1577260094,37.37890863094714,WIN,1899767.0468678053,-0.13564237499774023
2024-04-04,171.11000061035156,168.3800048828125,10,2753.0112148652315,2753.0112148652315,1899943.1689408745,36.62900231584654,WIN,1899943.1689408745,0.0
2024-04-05,164.89999389648438,171.11000061035156,10,2787.337897322805,-3422.6688165443825,1896520.5001243302,36.54930416082206,LOSS,1899943.1689408745,-0.1801458523863279
2024-04-08,172.97999572753906,164.89999389648438,10,2774.9642944673246,2774.9642944673246,1899295.4644187975,37.2615697149546,WIN,1899943.1689408745,-0.03409073137898424
2024-04-09,176.8800048828125,172.97999572753906,10,3128.620358712509,3128.620358712509,1902424.08477751,38.92632564555316,WIN,1902424.08477751,0.0
2024-04-10,171.75999450683594,176.8800048828125,10,3228.372862067367,-1891.6375139091956,1900532.4472636008,39.144819924894904,LOSS,1902424.08477751,-0.09943300913005863
2024-04-11,174.60000610351562,171.75999450683594,10,3206.181988417755,3206.181988417755,1903738.6292520186,39.69364366168031,WIN,1903738.6292520186,0.0
2024-04-12,171.0500030517578,174.60000610351562,10,3092.655698396976,-457.3473533608367,1903281.2818986578,38.43183729287516,LOSS,1903738.6292520186,-0.024023642023828704
2024-04-15,161.47999572753906,171.0500030517578,10,2900.4108507518595,-6669.5964734668905,1896611.685425191,37.43135245276991,LOSS,1903738.6292520186,-0.37436566749858263
2024-04-16,157.11000061035156,161.47999572753906,10,3017.924549923061,-1352.070567264439,1895259.6148579265,39.72342719195166,LOSS,1903738.6292520186,-0.4453875266177456
2024-04-17,155.4499969482422,157.11000061035156,10,2632.814904290609,972.8112421812339,1896232.4261001078,37.168459861740715,LOSS,1903738.6292520186,-0.39428748445683404
2024-04-18,149.92999267578125,155.4499969482422,10,2599.88371339282,-2920.1205590681175,1893312.3055410397,37.12494653703598,LOSS,1903738.6292520186,-0.5476762172481355
2024-04-19,147.0500030517578,149.92999267578125,10,2498.143468660386,-381.84615536305137,1892930.4593856765,37.04184179388449,LOSS,1903738.6292520186,-0.5677339157943463
2024-04-22,142.0500030517578,147.0500030517578,10,2455.2844135411588,-2544.7155864588412,1890385.7437992177,37.087969470753855,LOSS,1903738.6292520186,-0.7014032938989773
2024-04-23,144.67999267578125,142.0500030517578,10,2423.8782269604008,2423.8782269604008,1892809.622026178,37.572963249091735,WIN,1903738.6292520186,-0.574081287100562
2024-04-24,162.1300048828125,144.67999267578125,10,2498.2135703013023,2498.2135703013023,1895307.8355964792,37.842314637642524,WIN,1903738.6292520186,-0.44285457709348824
2024-04-25,170.17999267578125,162.1300048828125,10,3900.580391542856,3900.580391542856,1899208.415988022,46.82620543401764,WIN,1903738.6292520186,-0.23796403531384822
2024-04-26,168.2899932861328,170.17999267578125,10,4260.68449800059,2370.6851083521524,1901579.1010963742,48.11996733392117,LOSS,1903738.6292520186,-0.11343616830913947
2024-04-29,194.0500030517578,168.2899932861328,10,4191.435467862533,4191.435467862533,1905770.5365642367,47.94757955538436,WIN,1905770.5365642367,0.0
2024-04-30,183.27999877929688,194.0500030517578,10,6285.237884436706,-4484.766388024232,1901285.7701762125,57.8476581076524,LOSS,1905770.5365642367,-0.23532562299496113
2024-05-01,179.99000549316406,183.27999877929688,10,5976.909397594298,2686.9161114614853,1903972.6862876741,58.14004795973856,LOSS,1905770.5365642367,-0.0943371849899527
2024-05-02,180.00999450683594,179.99000549316406,10,5896.697834871504,5896.697834871504,1909869.3841225456,58.33906203518489,WIN,1909869.3841225456,0.0
2024-05-03,181.19000244140625,180.00999450683594,10,5890.846365510104,5890.846365510104,1915760.2304880556,58.29124762635488,WIN,1915760.2304880556,0.0
2024-05-06,184.75999450683594,181.19000244140625,10,5839.690010697013,5839.690010697013,1921599.9204987527,57.63581680509331,WIN,1921599.9204987527,0.0
2024-05-07,177.80999755859375,184.75999450683594,10,5861.545944802561,-1088.4510034396262,1920511.469495313,56.968481623203665,LOSS,1921599.9204987527,-0.05664295631096905
2024-05-08,174.72000122070312,177.80999755859375,10,5708.308687646767,2618.312349756142,1923129.7818450693,57.46883021672054,LOSS,1923129.7818450693,0.0
2024-05-09,171.97000122070312,174.72000122070312,10,5579.205354455167,2829.2053544551673,1925958.9871995244,57.24241580276283,LOSS,1925958.9871995244,0.0
2024-05-10,168.47000122070312,171.97000122070312,10,5494.433520776889,1994.433520776889,1927953.4207203013,57.26581551423115,LOSS,1927953.4207203013,0.0
2024-05-13,171.88999938964844,168.47000122070312,10,5382.650738351165,5382.650738351165,1933336.0714586526,57.266145737539475,WIN,1933336.0714586526,0.0
2024-05-14,177.5500030517578,171.88999938964844,10,5332.252778830263,5332.252778830263,1938668.3242374829,56.0373344307766,WIN,1938668.3242374829,0.0
2024-05-15,173.99000549316406,177.5500030517578,10,5488.980720814706,1928.9831622209558,1940597.307399704,55.89686761162798,LOSS,1940597.307399704,0.0
2024-05-16,174.83999633789062,173.99000549316406,10,5401.527993523923,5401.527993523923,1945998.8353932279,56.068737626942294,WIN,1945998.8353932279,0.0
2024-05-17,177.4600067138672,174.83999633789062,10,5327.0901503992,5327.0901503992,1951325.925543627,55.305868350454546,WIN,1951325.925543627,0.0
2024-05-20,174.9499969482422,177.4600067138672,10,5362.060566379282,2852.050800754282,1954177.9763443812,54.97148156423783,LOSS,1954177.9763443812,0.0
2024-05-21,186.60000610351562,174.9499969482422,10,5209.079639826774,5209.079639826774,1959387.055984208,54.388195275558786,WIN,1959387.055984208,0.0
2024-05-22,180.11000061035156,186.60000610351562,10,5723.4198185860705,-766.585674577992,1958620.4703096298,55.575415309463544,LOSS,1959387.055984208,-0.03912374904370449
2024-05-23,173.74000549316406,180.11000061035156,10,4924.298408116667,-1445.696709070833,1957174.773600559,51.168088737986366,LOSS,1959387.055984208,-0.1129068591574253
2024-05-24,179.24000549316406,173.74000549316406,10,4718.716142144699,4718.716142144699,1961893.4897427037,50.928827630065314,WIN,1961893.4897427037,0.0
2024-05-28,176.75,179.24000549316406,10,4906.70339412594,2416.697900961877,1964310.1876436656,51.2137819129583,LOSS,1964310.1876436656,0.0
2024-05-29,176.19000244140625,176.75,10,3105.0246894614784,2545.0271308677284,1966855.2147745334,38.23938654322667,LOSS,1966855.2147745334,0.0
2024-05-30,178.7899932861328,176.19000244140625,10,2820.5561112610194,2820.5561112610194,1969675.7708857944,36.17739351238676,WIN,1969675.7708857944,0.0
2024-05-31,178.0800018310547,178.7899932861328,10,2856.7856606799332,2146.7942056018082,1971822.5650913962,36.13749284356814,LOSS,1971822.5650913962,0.0
2024-06-03,176.2899932861328,178.0800018310547,10,2847.0156803364907,1057.0071354146157,1972879.5722268107,36.14918966593967,LOSS,1972879.5722268107,0.0
2024-06-04,174.77000427246094,176.2899932861328,10,2822.309779716443,1302.3207660445678,1974181.8929928553,36.17854127941182,LOSS,1974181.8929928553,0.0
2024-06-05,175.0,174.77000427246094,10,2754.969951922144,2754.969951922144,1976936.8629447774,35.85302164002438,WIN,1976936.8629447774,0.0
2024-06-06,177.94000244140625,175.0,10,2618.5067740982304,2618.5067740982304,1979555.3697188755,34.79405065886259,WIN,1979555.3697188755,0.0
2024-06-07,177.47999572753906,177.94000244140625,10,2657.5756753828528,2197.5689615156653,1981752.938680391,34.7574582188535,LOSS,1981752.938680391,0.0
2024-06-10,173.7899932861328,177.47999572753906,10,2618.8370741936515,-1071.1653672125985,1980681.7733131784,34.519922778083796,LOSS,1981752.938680391,-0.05405140803908077
2024-06-11,170.66000366210938,173.7899932861328,10,2566.5828271950604,-563.4067968283771,1980118.36651635,34.536625071465,LOSS,1981752.938680391,-0.08248112729578787
2024-06-12,177.2899932861328,170.66000366210938,10,2518.1503004731717,2518.1503004731717,1982636.5168168233,34.51951047688216,WIN,1982636.5168168233,0.0
2024-06-13,182.47000122070312,177.2899932861328,10,2663.8203175063613,2663.8203175063613,1985300.3371343296,34.87649152343391,WIN,1985300.3371343296,0.0
2024-06-14,178.00999450683594,182.47000122070312,10,2776.925576409525,-1683.0811374576624,1983617.255996872,35.13222566822862,LOSS,1985300.3371343296,-0.08477715466905443
2024-06-17,187.44000244140625,178.00999450683594,10,2784.243550876056,2784.243550876056,1986401.4995477481,35.691018067445,WIN,1986401.4995477481,0.0
2024-06-18,184.86000061035156,187.44000244140625,10,3194.3908465301906,614.3890154755031,1987015.8885632236,37.544717403378016,LOSS,1987015.8885632236,0.0
2024-06-20,181.57000732421875,184.86000061035156,10,3149.0888104832775,-140.90447564953502,1986874.984087574,37.53517748968463,LOSS,1987015.8885632236,-0.007091260641678689
2024-06-21,183.00999450683594,181.57000732421875,10,2665.1567435600173,2665.1567435600173,1989540.140831134,34.41769472938168,WIN,1989540.140831134,0.0
2024-06-24,182.5800018310547,183.00999450683594,10,2547.408958587846,2117.416282806596,1991657.5571139406,33.41377737364427,LOSS,1991657.5571139406,0.0
2024-06-25,187.35000610351562,182.5800018310547,10,2365.1557420900454,2365.1557420900454,1994022.7128560306,32.13663556454827,WIN,1994022.7128560306,0.0
2024-06-26,196.3699951171875,187.35000610351562,10,2386.7118473258874,2386.7118473258874,1996409.4247033563,31.852537479253815,WIN,1996409.4247033563,0.0
2024-06-27,197.4199981689453,196.3699951171875,10,2729.4926783984833,2729.4926783984833,1999138.9173817548,33.38763307017548,WIN,1999138.9173817548,0.0
2024-06-28,197.8800048828125,197.4199981689453,10,2733.4070654647467,2733.4070654647467,2001872.3244472195,33.316065733466736,WIN,2001872.3244472195,0.0
2024-07-01,209.86000061035156,197.8800048828125,10,2729.9993923646134,2729.9993923646134,2004602.3238395841,33.25070571387877,WIN,2004602.3238395841,0.0
2024-07-02,231.25999450683594,209.86000061035156,10,3268.065463032251,3268.065463032251,2007870.3893026165,35.60061102238458,WIN,2007870.3893026165,0.0
2024-07-03,246.38999938964844,231.25999450683594,10,4563.473624801905,4563.473624801905,2012433.8629274184,41.104420592882576,WIN,2012433.8629274184,0.0
2024-07-05,251.52000427246094,246.38999938964844,10,5074.449841054013,5074.449841054013,2017508.3127684724,42.24488078484936,WIN,2017508.3127684724,0.0
2024-07-08,252.94000244140625,251.52000427246094,10,5147.136959159153,5147.136959159153,2022655.4497276314,42.07149357228162,WIN,2022655.4497276314,0.0
2024-07-09,262.3299865722656,252.94000244140625,10,5195.322308534015,5195.322308534015,2027850.7720361655,42.17152422814408,WIN,2027850.7720361655,0.0
2024-07-10,263.260009765625,262.3299865722656,10,5368.909765001752,5368.909765001752,2033219.6818011673,42.0742972150227,WIN,2033219.6818011673,0.0
2024-07-11,241.02999877929688,263.260009765625,10,5210.057323397846,-17019.95366293028,2016199.728138237,41.18042141374528,LOSS,2033219.6818011673,-0.8370936901344981
2024-07-12,248.22999572753906,241.02999877929688,10,5757.12110982462,5757.12110982462,2021956.8492480617,46.597541387832536,WIN,2033219.6818011673,-0.5539407597672014
2024-07-15,252.63999938964844,248.22999572753906,10,5899.9903046301915,5899.9903046301915,2027856.839552692,46.44242708862101,WIN,2033219.6818011673,-0.26376108280265287
2024-07-16,256.55999755859375,252.63999938964844,10,5990.799187395142,5990.799187395142,2033847.6387400872,46.3690722820371,WIN,2033847.6387400872,0.0
2024-07-17,248.5,256.55999755859375,10,5895.714045016646,-2164.283513577104,2031683.35522651,45.3995036496332,LOSS,2033847.6387400872,-0.10641325693983171
2024-07-18,249.22999572753906,248.5,10,5817.513412698353,5817.513412698353,2037500.8686392084,45.969202693727375,WIN,2037500.8686392084,0.0
2024-07-19,239.1999969482422,249.22999572753906,10,5764.278686610971,-4265.720092685904,2033235.1485465225,45.59593177764013,LOSS,2037500.8686392084,-0.20936040609076412
2024-07-22,251.50999450683594,239.1999969482422,10,5723.468592119781,5723.468592119781,2038958.6171386424,46.65316623042122,WIN,2038958.6171386424,0.0
2024-07-23,246.3800048828125,251.50999450683594,10,6138.0181979260615,1008.028573902624,2039966.645712545,47.284342668656464,LOSS,2039966.645712545,0.0
2024-07-24,215.99000549316406,246.3800048828125,10,6107.794935226364,-24282.204454422073,2015684.441258123,47.79427335281322,LOSS,2039966.645712545,-1.1903236018812653
2024-07-25,220.25,215.99000549316406,10,6688.040682111118,6688.040682111118,2022372.481940234,55.96229444215843,WIN,2039966.645712545,-0.8624731100034884
2024-07-26,219.8000030517578,220.25,10,6718.785586335557,6268.78863809337,2028641.2705783274,55.35467826063377,LOSS,2039966.645712545,-0.5551745249374744
2024-07-29,232.10000610351562,219.8000030517578,10,6710.274929220104,6710.274929220104,2035351.5455075474,55.38607471585738,WIN,2039966.645712545,-0.22623410116519052
2024-07-30,222.6199951171875,232.10000610351562,10,7247.441338773819,-2232.5696475543064,2033118.9758599931,56.30746859044158,LOSS,2039966.645712545,-0.33567557915438034
2024-07-31,232.07000732421875,222.6199951171875,10,6909.359282451478,6909.359282451478,2040028.3351424446,56.05751231047202,WIN,2040028.3351424446,0.0
2024-08-01,216.86000061035156,232.07000732421875,10,6591.037780919449,-8618.968932947739,2031409.3662094967,52.571091265105565,LOSS,2040028.3351424446,-0.4224926087777121
2024-08-02,207.6699981689453,216.86000061035156,10,6122.18514873227,-3067.81729267398,2028341.5489168228,52.34616650892277,LOSS,2040028.3351424446,-0.5728737206390712
2024-08-05,198.8800048828125,207.6699981689453,10,5897.222304624315,-2892.7709815084972,2025448.7779353142,52.565810617010726,LOSS,2040028.3351424446,-0.7146742501550767
2024-08-06,200.63999938964844,198.8800048828125,10,5702.781744955257,5702.781744955257,2031151.5596802696,52.93277832862353,WIN,2040028.3351424446,-0.43513000820918507
2024-08-07,191.75999450683594,200.63999938964844,10,5622.345577626101,-3257.6593051863993,2027893.900375083,52.06969753915858,LOSS,2040028.3351424446,-0.5948169718198651
2024-08-08,198.83999633789062,191.75999450683594,10,5416.211519995413,5416.211519995413,2033310.1118950786,52.364281238337654,WIN,2040028.3351424446,-0.3293200948062776
2024-08-09,200.0,198.83999633789062,10,5415.7726537163135,5415.7726537163135,2038725.884548795,51.03094916238243,WIN,2040028.3351424446,-0.06384473054677935
2024-08-12,197.49000549316406,200.0,10,5356.237399841808,2846.2428930058704,2041572.127441801,50.42818030751164,LOSS,2041572.127441801,0.0
2024-08-13,207.8300018310547,197.49000549316406,10,5233.086261045899,5233.086261045899,2046805.2137028468,50.053532966141745,WIN,2046805.2137028468,0.0
2024-08-14,201.3800048828125,207.8300018310547,10,5744.495128162197,-705.5018200799905,2046099.7118827668,51.56475336292922,LOSS,2046805.2137028468,-0.03446843966181173
2024-08-15,214.13999938964844,201.3800048828125,10,5565.069592986755,5565.069592986755,2051664.7814757535,51.55722965241384,WIN,2051664.7814757535,0.0
2024-08-16,216.1199951171875,214.13999938964844,10,6271.416883935768,6271.416883935768,2057936.1983596892,53.742433665356025,WIN,2057936.1983596892,0.0
2024-08-19,222.72000122070312,216.1199951171875,10,6257.486340356554,6257.486340356554,2064193.6847000457,53.30222344765008,WIN,2064193.6847000457,0.0
2024-08-20,221.10000610351562,222.72000122070312,10,6308.443797183845,4688.448679996345,2068882.1333800422,52.469857569363555,LOSS,2068882.1333800422,0.0
2024-08-21,223.27000427246094,221.10000610351562,10,6244.696619641965,6244.696619641965,2075126.8299996841,52.36298917351237,WIN,2075126.8299996841,0.0
2024-08-22,210.66000366210938,223.27000427246094,10,5072.969994517303,-7537.030615834259,2067589.7993838498,45.057367217153285,LOSS,2075126.8299996841,-0.3632081907897376
2024-08-23,220.32000732421875,210.66000366210938,10,5031.996826827749,5031.996826827749,2072621.7962106776,46.59928788192414,WIN,2075126.8299996841,-0.12071714137139794
2024-08-26,213.2100067138672,220.32000732421875,10,5445.234653377879,-1664.7659569736834,2070957.030253704,47.69502597199033,LOSS,2075126.8299996841,-0.20094192247424314
2024-08-27,209.2100067138672,213.2100067138672,10,5076.698489494951,1076.698489494951,2072033.7287431988,46.498713150191215,LOSS,2075126.8299996841,-0.14905601006015623
2024-08-28,205.75,209.2100067138672,10,4881.675732532222,1421.6690186650349,2073455.397761864,45.86778728324381,LOSS,2075126.8299996841,-0.08054602801412811
2024-08-29,206.27999877929688,205.75,10,4632.291851270741,4632.291851270741,2078087.6896131346,44.78345623021478,WIN,2078087.6896131346,0.0
2024-08-30,214.11000061035156,206.27999877929688,10,4302.264186678528,4302.264186678528,2082389.953799813,42.59046242924781,WIN,2082389.953799813,0.0
2024-09-03,210.60000610351562,214.11000061035156,10,4429.604017423676,919.6095105877384,2083309.5633104008,42.36824670306656,LOSS,2083309.5633104008,0.0
2024-09-04,219.41000366210938,210.60000610351562,10,4193.355844645331,4193.355844645331,2087502.919155046,41.340399815272235,WIN,2087502.919155046,0.0
2024-09-05,230.1699981689453,219.41000366210938,10,4511.933736334146,4511.933736334146,2092014.8528913802,42.20353310947085,WIN,2092014.8528913802,0.0
2024-09-06,210.72999572753906,230.1699981689453,10,4633.652708908152,-14806.349732498098,2077208.503158882,41.63138729447536,LOSS,2092014.8528913802,-0.7077554785060092
2024-09-09,216.27000427246094,210.72999572753906,10,4920.770718714142,4920.770718714142,2082129.2738775962,45.890561012773745,WIN,2092014.8528913802,-0.4725386629125057
2024-09-10,226.1699981689453,216.27000427246094,10,5092.736136753989,5092.736136753989,2087222.0100143503,46.15113757002553,WIN,2092014.8528913802,-0.22910176141463356
2024-09-11,228.1300048828125,226.1699981689453,10,5436.162476602267,5436.162476602267,2092658.1724909525,46.79629065762938,WIN,2092658.1724909525,0.0
2024-09-12,229.80999755859375,228.1300048828125,10,5291.0815052584185,5291.0815052584185,2097949.253996211,45.6818163544031,WIN,2097949.253996211,0.0
2024-09-13,230.2899932861328,229.80999755859375,10,5197.313492178159,5197.313492178159,2103146.567488389,44.917756259577146,WIN,2103146.567488389,0.0
2024-09-16,226.77999877929688,230.2899932861328,10,4879.171503974905,1369.1769971389676,2104515.744485528,43.027866559341135,LOSS,2104515.744485528,0.0
2024-09-17,227.8699951171875,226.77999877929688,10,4837.615012501767,4837.615012501767,2109353.35949803,43.21925727720029,WIN,2109353.35949803,0.0
2024-09-18,227.1999969482422,227.8699951171875,10,4780.535077634808,4110.536908689495,2113463.8964067195,42.75290126007589,LOSS,2113463.8964067195,0.0
2024-09-19,243.9199981689453,227.1999969482422,10,4760.296972570577,4760.296972570577,2118224.19337929,42.71690608584062,WIN,2118224.19337929,0.0
2024-09-20,238.25,243.9199981689453,10,5621.871014293238,-48.12715465207475,2118176.066224638,45.48965381756068,LOSS,2118224.19337929,-0.0022720519764836624
2024-09-23,250.0,238.25,10,5184.293216716333,5184.293216716333,2123360.3594413544,43.78562555103987,WIN,2123360.3594413544,0.0
2024-09-24,254.27000427246094,250.0,10,5470.559573508644,5470.559573508644,2128830.919014863,43.94748032773488,WIN,2128830.919014863,0.0
2024-09-25,257.0199890136719,254.27000427246094,10,5389.562618607887,5389.562618607887,2134220.481633471,43.03996170340041,WIN,2134220.481633471,0.0
2024-09-26,254.22000122070312,257.0199890136719,10,5350.818620086661,2550.830827117911,2136771.3124605888,42.540533780448584,LOSS,2136771.3124605888,0.0
2024-09-27,260.4599914550781,254.22000122070312,10,5260.070349415538,5260.070349415538,2142031.3828100045,42.37164258601376,WIN,2142031.3828100045,0.0
2024-09-30,261.6300048828125,260.4599914550781,10,5398.6585907618355,5398.6585907618355,2147430.0414007665,42.41977369480513,WIN,2147430.0414007665,0.0
2024-10-01,258.0199890136719,261.6300048828125,10,5344.207284808677,1734.1914156680523,2149164.2328164345,42.02183076577309,LOSS,2149164.2328164345,0.0
2024-10-02,249.02000427246094,258.0199890136719,10,5254.42521461562,-3745.559526595318,2145418.673289839,41.939584126025764,LOSS,2149164.2328164345,-0.17427981861054936
2024-10-03,240.66000366210938,249.02000427246094,10,5165.581644598089,-3194.4189657534735,2142224.2543240855,42.44125807991963,LOSS,2149164.2328164345,-0.32291522380559184
2024-10-04,250.0800018310547,240.66000366210938,10,4939.604532144993,4939.604532144993,2147163.8588562305,42.15234141152149,WIN,2149164.2328164345,-0.09307683096803211
2024-10-07,240.8300018310547,250.0800018310547,10,4241.158731279288,-5008.841268720712,2142155.01758751,37.434923207685685,LOSS,2149164.2328164345,-0.326136789450432
2024-10-08,244.5,240.8300018310547,10,4295.680738303997,4295.680738303997,2146450.6983258137,38.59611107185809,WIN,2149164.2328164345,-0.12625998744938574
2024-10-09,241.0500030517578,244.5,10,4154.272877876262,704.2759296340746,2147154.9742554477,37.47683622323352,LOSS,2149164.2328164345,-0.09349022891348013
2024-10-10,238.77000427246094,241.0500030517578,10,4134.847815175666,1854.8490358787913,2149009.8232913264,37.69192883126537,LOSS,2149164.2328164345,-0.007184631251084407
2024-10-11,217.8000030517578,238.77000427246094,10,4112.418703839773,-16857.582516863353,2132152.240774463,37.78434682464329,LOSS,2149164.2328164345,-0.791563147302041
2024-10-14,219.16000366210938,217.8000030517578,10,4583.553110857273,4583.553110857273,2136735.7938853204,42.83962691107717,WIN,2149164.2328164345,-0.578291725748052
2024-10-15,219.57000732421875,219.16000366210938,10,4600.119559341032,4600.119559341032,2141335.9134446615,42.76686473765698,WIN,2149164.2328164345,-0.3642494720617085
2024-10-16,221.3300018310547,219.57000732421875,10,4606.08663166727,4606.08663166727,2145942.000076329,42.75096629344279,WIN,2149164.2328164345,-0.14992957219853448
2024-10-17,220.88999938964844,221.3300018310547,10,4650.737684030339,4210.735242624089,2150152.735318953,42.79716988918016,LOSS,2150152.735318953,0.0
2024-10-18,220.6999969482422,220.88999938964844,10,4021.88418457246,3831.88174316621,2153984.6170621193,39.086435292871826,LOSS,2153984.6170621193,0.0
2024-10-21,218.85000610351562,220.6999969482422,10,3976.498643868884,2126.5077991423213,2156111.124861262,38.835130597962745,LOSS,2156111.124861262,0.0
2024-10-22,217.97000122070312,218.85000610351562,10,3591.652767213678,2711.647884401178,2158822.772745663,36.71034898954865,LOSS,2158822.772745663,0.0
2024-10-23,213.64999389648438,217.97000122070312,10,3505.7523750462424,-814.2549491725076,2158008.5177964903,36.27666396889805,LOSS,2158822.772745663,-0.03771754492551033
2024-10-24,260.4800109863281,213.64999389648438,10,3408.5207268604195,3408.5207268604195,2161417.038523351,36.104840719656536,WIN,2161417.038523351,0.0
2024-10-25,269.19000244140625,260.4800109863281,10,8984.183234882266,8984.183234882266,2170401.221758233,60.62713753452255,WIN,2170401.221758233,0.0
2024-10-28,262.510009765625,269.19000244140625,10,9318.880613421728,2638.8879376404784,2173040.109695873,60.795609749625825,LOSS,2173040.109695873,0.0
2024-10-29,259.5199890136719,262.510009765625,10,9140.220492467943,6150.199740514818,2179190.309436388,61.06062521760107,LOSS,2179190.309436388,0.0
2024-10-30,257.54998779296875,259.5199890136719,10,9031.252853960286,7061.251633257161,2186251.561069645,61.03585482901369,LOSS,2186251.561069645,0.0
2024-10-31,249.85000610351562,257.54998779296875,10,8871.655337162416,1171.673647709291,2187423.234717354,60.56822918290862,LOSS,2187423.234717354,0.0
