Date,Stock_Price,Strike,Contracts,Premium,PnL,Capital,VIX,Status,Peak,Drawdown_%
2019-01-03,20.02400016784668,20.674667358398438,4,185.34338568144472,-74.92349053925841,49925.07650946074,44.648149663254074,LOSS,49925.07650946074,0.0
2019-01-04,21.179332733154297,20.02400016784668,4,179.51031190288606,179.51031190288606,50104.58682136363,44.648149663254074,WIN,50104.58682136363,0.0
2019-01-07,22.33066749572754,21.179332733154297,4,189.86758854149463,189.86758854149463,50294.45440990512,44.648149663254074,WIN,50294.45440990512,0.0
2019-01-08,22.356666564941406,22.33066749572754,4,200.18902584681518,200.18902584681518,50494.64343575193,44.648149663254074,WIN,50494.64343575193,0.0
2019-01-09,22.568666458129883,22.356666564941406,4,200.42210120561683,200.42210120561683,50695.06553695755,44.648149663254074,WIN,50695.06553695755,0.0
2019-01-10,22.99799919128418,22.568666458129883,4,202.32262890391115,202.32262890391115,50897.388165861455,44.648149663254074,WIN,50897.388165861455,0.0
2019-01-11,23.150667190551758,22.99799919128418,4,206.1714928767751,206.1714928767751,51103.55965873823,44.648149663254074,WIN,51103.55965873823,0.0
2019-01-14,22.293333053588867,23.150667190551758,4,207.54012451562804,-135.3935302695282,50968.1661284687,44.648149663254074,LOSS,51103.55965873823,-0.2649395290145522
2019-01-15,22.961999893188477,22.293333053588867,4,199.85433161505048,199.85433161505048,51168.02046008375,44.648149663254074,WIN,51168.02046008375,0.0
2019-01-16,23.06999969482422,22.961999893188477,4,205.8487678879978,205.8487678879978,51373.86922797175,44.648149663254074,WIN,51373.86922797175,0.0
2019-01-17,23.15399932861328,23.06999969482422,4,206.81695995324822,206.81695995324822,51580.686187925,44.648149663254074,WIN,51580.686187925,0.0
2019-01-18,20.150667190551758,23.15399932861328,4,207.56999632634088,-993.7628588982685,50586.92332902673,44.648149663254074,LOSS,51580.686187925,-1.9266181440038868
2019-01-22,19.92799949645996,20.150667190551758,4,180.64585108401877,91.57877344730002,50678.50210247403,44.648149663254074,LOSS,51580.686187925,-1.7490734461422746
2019-01-23,19.172666549682617,19.92799949645996,4,178.64968913425523,-123.48348957668227,50555.018612897344,44.648149663254074,LOSS,51580.686187925,-1.988472141085559
2019-01-24,19.43400001525879,19.172666549682617,4,171.87831220007754,171.87831220007754,50726.89692509742,44.648149663254074,WIN,51580.686187925,-1.655249912180214
2019-01-25,19.80266761779785,19.43400001525879,4,174.2211034267561,174.2211034267561,50901.11802852417,44.648149663254074,WIN,51580.686187925,-1.31748569013786
2019-01-28,19.7586669921875,19.80266761779785,4,177.52611919610987,159.92586895196925,51061.04389747614,44.648149663254074,LOSS,51580.686187925,-1.0074357843081683
2019-01-29,19.83066749572754,19.7586669921875,4,177.13166424400103,177.13166424400103,51238.17556172014,44.648149663254074,WIN,51580.686187925,-0.6640288284591279
2019-01-30,20.584667205810547,19.83066749572754,4,177.7771313204741,177.7771313204741,51415.952693040614,44.648149663254074,WIN,51580.686187925,-0.31937049903564374
2019-01-31,20.468000411987305,20.584667205810547,4,184.53655611058295,137.86983858128607,51553.8225316219,44.648149663254074,LOSS,51580.686187925,-0.052080843215662156
2019-02-01,20.81399917602539,20.468000411987305,4,196.8219633353499,196.8219633353499,51750.644494957254,46.80220081707583,WIN,51750.644494957254,0.0
2019-02-04,20.859333038330078,20.81399917602539,4,197.33951982604586,197.33951982604586,51947.9840147833,46.355776999478046,WIN,51947.9840147833,0.0
2019-02-05,21.42333221435547,20.859333038330078,4,186.87448063587664,186.87448063587664,52134.858495419176,44.62842826987547,WIN,52134.858495419176,0.0
2019-02-06,21.148000717163086,21.42333221435547,4,183.53455834555015,73.40195946859703,52208.26045488777,43.33282385238693,LOSS,52208.26045488777,0.0
2019-02-07,20.500667572021484,21.148000717163086,4,181.6017484356703,-77.33150962097034,52130.9289452668,43.399437755442236,LOSS,52208.26045488777,-0.14812121481770238
2019-02-08,20.386667251586914,20.500667572021484,4,178.18667108791428,132.58654291408615,52263.515488180885,43.745260184141756,LOSS,52263.515488180885,0.0
2019-02-11,20.856000900268555,20.386667251586914,4,175.17769217464146,175.17769217464146,52438.69318035553,43.41787496582169,WIN,52438.69318035553,0.0
2019-02-12,20.78733253479004,20.856000900268555,4,181.57970425241012,154.11235806100387,52592.805538416535,43.79355580234635,LOSS,52592.805538416535,0.0
2019-02-13,20.544666290283203,20.78733253479004,4,176.91556990933734,79.84907210660296,52672.65461052314,43.14662488873877,LOSS,52672.65461052314,0.0
2019-02-14,20.251333236694336,20.544666290283203,4,170.82214523762232,53.48892380207545,52726.143534325216,42.498190304937,LOSS,52726.143534325216,0.0
2019-02-15,20.525333404541016,20.251333236694336,4,168.2953076433658,168.2953076433658,52894.43884196858,42.48384054763444,WIN,52894.43884196858,0.0
2019-02-19,20.375999450683594,20.525333404541016,4,171.62251655254363,111.88893500957488,53006.327776978156,42.653052524632706,LOSS,53006.327776978156,0.0
2019-02-20,20.17066764831543,20.375999450683594,4,92.93080692511676,10.79808597785113,53017.12586295601,30.083419886684943,LOSS,53017.12586295601,0.0
2019-02-21,19.415332794189453,20.17066764831543,4,91.84659291491211,-210.28734873547853,52806.83851422053,30.059196840823155,LOSS,53017.12586295601,-0.39664041630444613
2019-02-22,19.6473331451416,19.415332794189453,4,88.1802367328395,88.1802367328395,52895.01875095337,30.02053682384716,WIN,53017.12586295601,-0.2303163553570855
2019-02-25,19.917999267578125,19.6473331451416,4,88.96824152207034,88.96824152207034,52983.98699247544,29.975813760017576,WIN,53017.12586295601,-0.06250597319483689
2019-02-26,19.857332229614258,19.917999267578125,4,89.09369226044713,64.82687707490025,53048.81386955034,29.793136972431775,LOSS,53048.81386955034,0.0
2019-02-27,20.982667922973633,19.857332229614258,4,88.85634634415311,88.85634634415311,53137.67021589449,29.798802787179536,WIN,53137.67021589449,0.0
2019-02-28,21.325332641601562,20.982667922973633,4,113.30615937289762,113.30615937289762,53250.97637526739,32.85878235390604,WIN,53250.97637526739,0.0
2019-03-01,19.652666091918945,21.325332641601562,4,108.56581452647325,-560.5008053465737,52690.47556992082,31.83667442306774,LOSS,53250.97637526739,-1.0525643725227514
2019-03-04,19.02400016784668,19.652666091918945,4,131.16196396754125,-120.304405661365,52570.17116425945,37.07219217139845,LOSS,53250.97637526739,-1.2784839966317303
2019-03-05,18.43600082397461,19.02400016784668,4,128.92112485656313,-106.278612692265,52463.89255156719,37.412034279314625,LOSS,53250.97637526739,-1.4780645863721038
2019-03-06,18.416000366210938,18.43600082397461,4,127.48520294619506,119.48501984072631,52583.37757140792,37.86925904217834,LOSS,53250.97637526739,-1.253683686764365
2019-03-07,18.439332962036133,18.416000366210938,4,122.85455926194508,122.85455926194508,52706.232130669865,37.06251389918593,WIN,53250.97637526739,-1.022975129617592
2019-03-08,18.94266700744629,18.439332962036133,4,123.13048482175894,123.13048482175894,52829.36261549163,37.08408530286218,WIN,53250.97637526739,-0.7917484119062698
2019-03-11,19.39466667175293,18.94266700744629,4,128.15016211328864,128.15016211328864,52957.51277760492,37.37366175068515,WIN,53250.97637526739,-0.5510952430137426
2019-03-12,18.890666961669922,19.39466667175293,4,134.23548968470774,-67.36439434849538,52890.148383256426,37.88990891384918,LOSS,53250.97637526739,-0.6775988283635517
2019-03-13,19.263999938964844,18.890666961669922,4,130.0017941980216,130.0017941980216,53020.150177454445,37.75941461847674,WIN,53250.97637526739,-0.4334684798758976
2019-03-14,19.33066749572754,19.263999938964844,4,134.93671761337217,134.93671761337217,53155.08689506782,38.16555483463082,WIN,53250.97637526739,-0.1800708394975204
2019-03-15,18.36199951171875,19.33066749572754,4,135.26471582571287,-252.20247777780276,52902.88441729001,38.14177713442622,LOSS,53250.97637526739,-0.6536818320932213
2019-03-18,17.965999603271484,18.36199951171875,4,136.4137557340942,-21.986207644812055,52880.8982096452,39.569551429460674,LOSS,53250.97637526739,-0.6949697279054438
2019-03-19,17.83133316040039,17.965999603271484,4,133.14155791153473,79.27498076309723,52960.1731904083,39.508756761402324,LOSS,53250.97637526739,-0.5460992542366894
2019-03-20,18.239999771118164,17.83133316040039,4,132.14550854861648,132.14550854861648,53092.318698956915,39.5091147524404,WIN,53250.97637526739,-0.29794322491364506
2019-03-21,18.26799964904785,18.239999771118164,4,138.0448413253655,138.0448413253655,53230.363540282284,40.02962750173731,WIN,53250.97637526739,-0.03870883951468677
2019-03-22,17.635332107543945,18.26799964904785,4,134.0885826954177,-118.9784339061448,53111.38510637614,39.27503354778125,LOSS,53250.97637526739,-0.26213842147706434
2019-03-25,17.3613338470459,17.635332107543945,4,131.99397784311947,22.394673643900717,53133.77978002004,39.753094937582375,LOSS,53250.97637526739,-0.22008346743061752
2019-03-26,17.851333618164062,17.3613338470459,4,128.95595456897362,128.95595456897362,53262.73573458902,39.565032623379174,WIN,53262.73573458902,0.0
2019-03-27,18.32200050354004,17.851333618164062,4,136.67722593171334,136.67722593171334,53399.412960520734,40.32121391014401,WIN,53399.412960520734,0.0
2019-03-28,18.57466697692871,18.32200050354004,4,129.513177664236,129.513177664236,53528.92613818497,38.37760958056187,WIN,53528.92613818497,0.0
2019-03-29,18.657333374023438,18.57466697692871,4,130.8641710461583,130.8641710461583,53659.79030923113,38.3001520664412,WIN,53659.79030923113,0.0
2019-04-01,19.278667449951172,18.657333374023438,4,107.58721252919554,107.58721252919554,53767.377521760325,34.0708529252645,WIN,53767.377521760325,0.0
2019-04-02,19.058666229248047,19.278667449951172,4,112.05557500260706,24.055086721357057,53791.432608481686,34.22274874838374,LOSS,53791.432608481686,0.0
2019-04-03,19.45400047302246,19.058666229248047,4,106.30805230308286,106.30805230308286,53897.740660784766,33.44729487981999,WIN,53897.740660784766,0.0
2019-04-04,17.851999282836914,19.45400047302246,4,110.19937259114604,-530.6011034830727,53367.13955730169,33.73394465291577,LOSS,53897.740660784766,-0.9844588974935111
2019-04-05,18.33066749572754,17.851999282836914,4,130.09681696483727,130.09681696483727,53497.23637426653,39.10120979985763,WIN,53897.740660784766,-0.7430817722747967
2019-04-08,18.213333129882812,18.33066749572754,4,133.48095229091587,86.54720595302524,53583.783580219555,39.08241575273743,LOSS,53897.740660784766,-0.582505085957419
2019-04-09,18.15399932861328,18.213333129882812,4,130.1527984283497,106.41927792053721,53690.202858140095,38.633231670508295,LOSS,53897.740660784766,-0.3850584460503595
2019-04-10,18.40399932861328,18.15399932861328,4,127.5247625744574,127.5247625744574,53817.727620714555,38.23171341388553,WIN,53897.740660784766,-0.14845342140366813
2019-04-11,17.89466667175293,18.40399932861328,4,128.39813609318236,-75.33492665095827,53742.392694063594,38.073078495133785,LOSS,53897.740660784766,-0.2882272333062771
2019-04-12,17.84666633605957,17.89466667175293,4,127.11427931418207,107.91414503683832,53850.306839100434,38.492528340958415,LOSS,53897.740660784766,-0.08800706876168524
2019-04-15,17.7586669921875,17.84666633605957,4,117.72434637205849,82.52460882323037,53932.831447923665,36.815652983378556,LOSS,53932.831447923665,0.0
2019-04-16,18.224000930786133,17.7586669921875,4,115.41914091240335,115.41914091240335,54048.25058883607,36.49445841890049,WIN,54048.25058883607,0.0
2019-04-17,18.082000732421875,18.224000930786133,4,120.91959593779231,64.11951659208918,54112.370105428156,36.9438078321047,LOSS,54112.370105428156,0.0
2019-04-18,18.21733283996582,18.082000732421875,4,118.22177938831442,118.22177938831442,54230.59188481647,36.6227059467611,WIN,54230.59188481647,0.0
2019-04-22,17.516666412353516,18.21733283996582,4,119.3292334842186,-160.93733756070327,54069.65454725577,36.6631242559405,LOSS,54230.59188481647,-0.29676485534682545
2019-04-23,17.593332290649414,17.516666412353516,4,115.87250570148773,115.87250570148773,54185.52705295726,36.87701034683204,WIN,54230.59188481647,-0.08309854326305292
2019-04-24,17.243999481201172,17.593332290649414,4,115.39438464239433,-24.338739136902547,54161.188313820356,36.69180057914407,LOSS,54230.59188481647,-0.1279786345380989
2019-04-25,16.5086669921875,17.243999481201172,4,111.42074449139756,-182.7122511140712,53978.476062706286,36.369142142697214,LOSS,54230.59188481647,-0.464895944056208
2019-04-26,15.675999641418457,16.5086669921875,4,109.32886946280085,-223.73807084481632,53754.73799186147,36.90190460678183,LOSS,54230.59188481647,-0.8774639486983636
2019-04-29,16.097999572753906,15.675999641418457,4,109.15805291050677,109.15805291050677,53863.89604477197,38.02923802369219,WIN,54230.59188481647,-0.6761789375696781
2019-04-30,15.912667274475098,16.097999572753906,4,115.68647081043484,41.5535514989114,53905.44959627088,38.76674431160255,LOSS,54230.59188481647,-0.599555116853932
2019-05-01,15.600666999816895,15.912667274475098,4,108.51069252315808,-16.289417340123165,53889.16017893076,37.552182960252836,LOSS,54230.59188481647,-0.6295924385463081
2019-05-02,16.273332595825195,15.600666999816895,4,106.73208523011542,106.73208523011542,53995.89226416087,37.62616034570428,WIN,54230.59188481647,-0.43278085762753954
2019-05-03,17.00200080871582,16.273332595825195,4,117.7537587629536,117.7537587629536,54113.64602292383,38.93080518352101,WIN,54230.59188481647,-0.2156455569229853
2019-05-06,17.022666931152344,17.00200080871582,4,110.1073032513033,110.1073032513033,54223.75332617513,36.41781320419529,WIN,54230.59188481647,-0.012610149370796474
2019-05-07,16.470666885375977,17.022666931152344,4,106.77115167726951,-114.02886663327736,54109.72445954185,35.7436587108041,LOSS,54230.59188481647,-0.22287683219710724
2019-05-08,16.32266616821289,16.470666885375977,4,106.45053208240472,47.250245217170345,54156.97470475902,36.37448628982126,LOSS,54230.59188481647,-0.1357484355210651
2019-05-09,16.131999969482422,16.32266616821289,4,105.55132861444494,29.28484912225744,54186.259553881275,36.38610224490462,LOSS,54230.59188481647,-0.08174782792221436
2019-05-10,15.968000411987305,16.131999969482422,4,103.03258484225297,37.4327618442061,54223.69231572548,36.12250472232601,LOSS,54230.59188481647,-0.012722651277066255
2019-05-13,15.133999824523926,15.968000411987305,4,100.22776785604479,-233.37246712930676,53990.31984859617,35.75852810060809,LOSS,54230.59188481647,-0.4430562674488808
2019-05-14,15.487333297729492,15.133999824523926,4,102.26991603492604,102.26991603492604,54092.5897646311,37.34874847769985,WIN,54230.59188481647,-0.25447282684740935
2019-05-15,15.463333129882812,15.487333297729492,4,107.81881363926924,98.21874650059736,54190.8085111317,38.02379645188384,LOSS,54230.59188481647,-0.07335965236977937
2019-05-16,15.222000122070312,15.463333129882812,4,103.95561763833649,7.422414513336491,54198.23092564503,37.23329774287499,LOSS,54230.59188481647,-0.05967288581355436
2019-05-17,14.0686674118042,15.222000122070312,4,102.53140841572723,-358.80167569071807,53839.429249954315,37.27636037197671,LOSS,54230.59188481647,-0.7212951606594499
2019-05-20,13.690667152404785,14.0686674118042,4,106.60296299554976,-44.597140764215865,53794.8321091901,40.05966990805739,LOSS,54230.59188481647,-0.8035312919908876
2019-05-21,13.67199993133545,13.690667152404785,4,102.42251481330842,94.95562638557405,53889.78773557568,39.74171819324418,LOSS,54230.59188481647,-0.6284352381118163
2019-05-22,12.84866714477539,13.67199993133545,4,101.85488022845391,-227.47823439556953,53662.30950118011,39.638191582812965,LOSS,54230.59188481647,-1.0479000207915279
2019-05-23,13.03266716003418,12.84866714477539,4,101.25174068439378,101.25174068439378,53763.5612418645,41.06174269331087,WIN,54230.59188481647,-0.8611940727918356
2019-05-24,12.708666801452637,13.03266716003418,4,102.27221636691009,-27.3279270657071,53736.233314798796,40.95275080836985,LOSS,54230.59188481647,-0.9115861598333176
2019-05-28,12.579999923706055,12.708666801452637,4,96.27261862169179,44.80586752305898,53781.03918232185,40.053120334861546,LOSS,54230.59188481647,-0.8289651410212371
2019-05-29,12.657333374023438,12.579999923706055,4,91.63147732088602,91.63147732088602,53872.67065964274,39.0892391421711,WIN,54230.59188481647,-0.6599987437606128
2019-05-30,12.54800033569336,12.657333374023438,4,92.99929342012369,49.26607808809244,53921.93673773083,39.29945107941789,LOSS,54230.59188481647,-0.5691531963014781
2019-05-31,12.343999862670898,12.54800033569336,4,91.998694156942,10.398504947957619,53932.33524267879,39.2474556871804,LOSS,54230.59188481647,-0.5499785854655025
2019-06-03,11.9313325881958,12.343999862670898,4,82.48251913359972,-82.58439065643934,53849.75085202235,37.09861426254232,LOSS,54230.59188481647,-0.7022623570161548
2019-06-04,12.90666675567627,11.9313325881958,4,70.28648652054943,70.28648652054943,53920.0373385429,34.48237576222692,WIN,54230.59188481647,-0.5726556459741032
2019-06-05,13.105999946594238,12.90666675567627,4,101.9542155921504,101.9542155921504,54021.99155413505,41.12462852316822,WIN,54230.59188481647,-0.3846543499368071
2019-06-06,13.729999542236328,13.105999946594238,4,104.37829440235672,104.37829440235672,54126.369848537404,41.33898695130513,WIN,54230.59188481647,-0.19218310672402736
2019-06-07,13.633333206176758,13.729999542236328,4,117.54087029066243,78.8743358668343,54205.24418440424,43.31244738196659,LOSS,54230.59188481647,-0.04674059332796853
2019-06-10,14.192000389099121,13.633333206176758,4,116.68039571452363,116.68039571452363,54321.924580118764,43.30446022156308,WIN,54321.924580118764,0.0
2019-06-11,14.473333358764648,14.192000389099121,4,126.96822932008018,126.96822932008018,54448.89280943885,44.587650611006964,WIN,54448.89280943885,0.0
2019-06-12,13.950667381286621,14.473333358764648,4,124.88509568008091,-84.18129531113003,54364.71151412772,43.536524503174554,LOSS,54448.89280943885,-0.15460607363633358
2019-06-13,14.260666847229004,13.950667381286621,4,121.32754563828483,121.32754563828483,54486.039059766,43.76229001876755,WIN,54486.039059766,0.0
2019-06-14,14.32800006866455,14.260666847229004,4,125.70546618233256,125.70546618233256,54611.744525948336,44.1523360655919,WIN,54611.744525948336,0.0
2019-06-17,15.001999855041504,14.32800006866455,4,126.04321323292662,126.04321323292662,54737.787739181265,44.093295912170824,WIN,54737.787739181265,0.0
2019-06-18,14.982666969299316,15.001999855041504,4,122.04344481194323,114.31029051506823,54852.09802969633,41.904463341393004,LOSS,54852.09802969633,0.0
2019-06-19,15.095333099365234,14.982666969299316,4,119.21841528445043,119.21841528445043,54971.31644498078,41.31559848358465,WIN,54971.31644498078,0.0
2019-06-20,14.641332626342773,15.095333099365234,4,120.00349158634829,-61.596697622636086,54909.71974735815,41.2911882357088,LOSS,54971.31644498078,-0.11205243317082288
2019-06-21,14.790666580200195,14.641332626342773,4,107.39863802439777,107.39863802439777,55017.11838538254,39.25924048473884,WIN,55017.11838538254,0.0
2019-06-24,14.909333229064941,14.790666580200195,4,108.35854189480006,108.35854189480006,55125.47692727734,39.22894133343162,WIN,55125.47692727734,0.0
2019-06-25,14.650667190551758,14.909333229064941,4,105.92753397058077,2.4611185653073306,55127.938045842646,38.4968515672917,LOSS,55127.938045842646,0.0
2019-06-26,14.618000030517578,14.650667190551758,4,105.07789419695455,92.01103018328267,55219.94907602593,38.71990748950225,LOSS,55219.94907602593,0.0
2019-06-27,14.855999946594238,14.618000030517578,4,105.14833032122417,105.14833032122417,55325.09740634715,38.788850408986264,WIN,55325.09740634715,0.0
2019-06-28,14.897333145141602,14.855999946594238,4,106.1642357612222,106.1642357612222,55431.26164210837,38.63389934733215,WIN,55431.26164210837,0.0
2019-07-01,15.14466667175293,14.897333145141602,4,104.50377643461482,104.50377643461482,55535.765418542986,38.199706351741696,WIN,55535.765418542986,0.0
2019-07-02,14.970000267028809,15.14466667175293,4,99.64604171084027,29.779479821191828,55565.544898364176,36.760023777097885,LOSS,55565.544898364176,0.0
2019-07-03,15.65999984741211,14.970000267028809,4,80.75404621895062,80.75404621895062,55646.298944583126,32.84027386827534,WIN,55646.298944583126,0.0
2019-07-05,15.539999961853027,15.65999984741211,4,90.29619376448036,42.29623954084755,55688.59518412397,34.06938660315471,LOSS,55688.59518412397,0.0
2019-07-08,15.355999946594238,15.539999961853027,4,83.94140546484981,10.341399361334183,55698.93658348531,32.86422812953698,LOSS,55698.93658348531,0.0
2019-07-09,15.337332725524902,15.355999946594238,4,83.59732122071574,76.13043279298137,55775.06701627829,33.00417776361177,LOSS,55775.06701627829,0.0
2019-07-10,15.928000450134277,15.337332725524902,4,78.00840598516729,78.00840598516729,55853.07542226346,31.82095300588288,WIN,55853.07542226346,0.0
2019-07-11,15.90666675567627,15.928000450134277,4,85.26568892472393,76.7322111415208,55929.80763340498,32.704027646759016,LOSS,55929.80763340498,0.0
2019-07-12,16.338666915893555,15.90666675567627,4,77.0512435050926,77.0512435050926,56006.85887691007,31.019888991671465,WIN,56006.85887691007,0.0
2019-07-15,16.899999618530273,16.338666915893555,4,80.03711533421607,80.03711533421607,56086.89599224428,31.200702291028147,WIN,56086.89599224428,0.0
2019-07-16,16.825332641601562,16.899999618530273,4,86.36025543967645,56.493464668192075,56143.389456912475,31.899982559975022,LOSS,56143.389456912475,0.0
2019-07-17,16.99066734313965,16.825332641601562,4,78.4046463343102,78.4046463343102,56221.794103246786,30.411225460682118,WIN,56221.794103246786,0.0
2019-07-18,16.902666091918945,16.99066734313965,4,78.93666798116014,43.73616749287889,56265.53027073966,30.364816797981096,LOSS,56265.53027073966,0.0
2019-07-19,17.211999893188477,16.902666091918945,4,79.22461021931984,79.22461021931984,56344.75488095898,30.501150470617112,WIN,56344.75488095898,0.0
2019-07-22,17.045333862304688,17.211999893188477,4,73.37170954890789,6.705297195392262,56351.46017815437,29.097962027853622,LOSS,56351.46017815437,0.0
2019-07-23,17.344667434692383,17.045333862304688,4,74.45001654002368,74.45001654002368,56425.91019469439,29.44502572234416,WIN,56425.91019469439,0.0
2019-07-24,17.658666610717773,17.344667434692383,4,76.36122917942919,76.36122917942919,56502.27142387382,29.560153933239828,WIN,56502.27142387382,0.0
2019-07-25,15.254667282104492,17.658666610717773,4,74.09717035755095,-887.5025610877616,55614.768862786055,28.877228809328695,LOSS,56502.27142387382,-1.570737845970505
2019-07-26,15.202667236328125,15.254667282104492,4,135.4074327776932,114.60741446714633,55729.3762772532,44.356129682663294,LOSS,56502.27142387382,-1.3679010190978795
2019-07-29,15.718000411987305,15.202667236328125,4,134.5260288970602,134.5260288970602,55863.90230615026,44.26480036313971,WIN,56502.27142387382,-1.129811424632091
2019-07-30,16.150667190551758,15.718000411987305,4,141.69529205887534,141.69529205887534,56005.59759820913,44.81378792706832,WIN,56502.27142387382,-0.8790333789215189
2019-07-31,16.107332229614258,16.150667190551758,4,146.68290143422556,129.34891705922556,56134.946515268355,45.036412288852176,LOSS,56502.27142387382,-0.6501064458981354
2019-08-01,15.59000015258789,16.107332229614258,4,145.75183246664614,-61.18099834390074,56073.76551692445,44.92605295693421,LOSS,56502.27142387382,-0.7583870456016916
2019-08-02,15.62266731262207,15.59000015258789,4,139.1978523151004,139.1978523151004,56212.96336923955,44.52877619110529,WIN,56502.27142387382,-0.5120290695287467
2019-08-05,15.221332550048828,15.62266731262207,4,139.30795687459855,-21.22594815469833,56191.73742108485,44.49033943494041,LOSS,56502.27142387382,-0.5495956091028215
2019-08-06,15.383333206176758,15.221332550048828,4,137.1114052690124,137.1114052690124,56328.84882635386,44.7906473578782,WIN,56502.27142387382,-0.3069303112063612
2019-08-07,15.561332702636719,15.383333206176758,4,138.82486423698856,138.82486423698856,56467.67369059085,44.84529276268118,WIN,56502.27142387382,-0.06123246448522966
2019-08-08,15.886667251586914,15.561332702636719,4,136.88692081776367,136.88692081776367,56604.56061140861,44.09204156400973,WIN,56604.56061140861,0.0
2019-08-09,15.667332649230957,15.886667251586914,4,140.92624112818996,53.192400185807145,56657.75301159442,44.33716220366081,LOSS,56657.75301159442,0.0
2019-08-12,15.267333030700684,15.667332649230957,4,137.42139663919028,-22.578450772919098,56635.1745608215,44.008036057138895,LOSS,56657.75301159442,-0.03985059338357125
2019-08-13,15.666666984558105,15.267333030700684,4,131.5772670227845,131.5772670227845,56766.75182784428,43.502090544547045,WIN,56766.75182784428,0.0
2019-08-14,14.641332626342773,15.666666984558105,4,137.4428594658093,-272.6908838203235,56494.06094402396,44.01379932842079,LOSS,56766.75182784428,-0.4803707716927494
2019-08-15,14.37600040435791,14.641332626342773,4,136.94356819164344,30.810679397698124,56524.871623421655,45.93285924952435,LOSS,56766.75182784428,-0.4260948471319473
2019-08-16,14.662667274475098,14.37600040435791,4,134.74387219889041,134.74387219889041,56659.61549562054,45.99773637492957,WIN,56766.75182784428,-0.18873077774231012
2019-08-19,15.121999740600586,14.662667274475098,4,137.63569398092287,137.63569398092287,56797.25118960146,46.04396108350173,WIN,56797.25118960146,0.0
2019-08-20,15.057332992553711,15.121999740600586,4,145.3138232543511,119.44712403560109,56916.69831363706,46.78020805664111,LOSS,56916.69831363706,0.0
2019-08-21,14.722000122070312,15.057332992553711,4,143.4056878704096,9.272539677050219,56925.97085331411,46.49759214371561,LOSS,56925.97085331411,0.0
2019-08-22,14.8100004196167,14.722000122070312,4,139.22878089527813,139.22878089527813,57065.199634209384,46.2767224678406,WIN,57065.199634209384,0.0
2019-08-23,14.09333324432373,14.8100004196167,4,90.60438912207916,-196.06248099510833,56869.13715321427,35.23267003004509,LOSS,57065.199634209384,-0.3435762640836817
2019-08-26,14.333333015441895,14.09333324432373,4,93.34258782446587,93.34258782446587,56962.47974103874,36.90408665513968,WIN,57065.199634209384,-0.1800044402351761
2019-08-27,14.272000312805176,14.333333015441895,4,91.63226672495574,67.09918567026824,57029.57892670901,36.142691441881084,LOSS,57065.199634209384,-0.0624210687576792
2019-08-28,14.37266731262207,14.272000312805176,4,87.57674436925046,87.57674436925046,57117.15567107826,35.293781631456085,WIN,57117.15567107826,0.0
2019-08-29,14.780667304992676,14.37266731262207,4,88.73141110250376,88.73141110250376,57205.887082180765,35.41733470123646,WIN,57205.887082180765,0.0
2019-08-30,15.040666580200195,14.780667304992676,4,92.11722321850091,92.11722321850091,57298.00430539926,35.611321115695986,WIN,57298.00430539926,0.0
2019-09-03,15.000666618347168,15.040666580200195,4,95.06500614970051,79.06502140848957,57377.06932680775,35.903192963205896,LOSS,57377.06932680775,0.0
2019-09-04,14.711999893188477,15.000666618347168,4,92.60108258946136,-22.865607474015206,57354.20371933374,35.41571233969458,LOSS,57377.06932680775,-0.03985147331902944
2019-09-05,15.305333137512207,14.711999893188477,4,91.49528094517332,91.49528094517332,57445.69900027891,35.56771353949246,WIN,57445.69900027891,0.0
2019-09-06,15.16333293914795,15.305333137512207,4,100.83969708456078,44.03961773885766,57489.73861801777,36.789525779329026,LOSS,57489.73861801777,0.0
2019-09-09,15.452667236328125,15.16333293914795,4,98.41132135456306,98.41132135456306,57588.149939372335,36.463938992035395,WIN,57588.149939372335,0.0
2019-09-10,15.702667236328125,15.452667236328125,4,101.18502515757362,101.18502515757362,57689.33496452991,36.65567996097995,WIN,57689.33496452991,0.0
2019-09-11,16.47333335876465,15.702667236328125,4,101.17518589099093,101.17518589099093,57790.5101504209,36.308830586676144,WIN,57790.5101504209,0.0
2019-09-12,16.391332626342773,16.47333335876465,4,112.23571075924023,79.43541779049023,57869.94556821139,37.53245991737419,LOSS,57869.94556821139,0.0
2019-09-13,16.34666633605957,16.391332626342773,4,92.56636972121365,74.6998536079324,57944.645421819325,33.67660790868185,LOSS,57944.645421819325,0.0
2019-09-16,16.187332153320312,16.34666633605957,4,90.02498240327766,26.291309307574537,57970.9367311269,33.21347777624714,LOSS,57970.9367311269,0.0
2019-09-17,16.319332122802734,16.187332153320312,4,89.37331642450597,89.37331642450597,58060.31004755141,33.25961551791481,WIN,58060.31004755141,0.0
2019-09-18,16.232667922973633,16.319332122802734,4,86.90797068562445,52.24229075398382,58112.55233830539,32.61230757279023,LOSS,58112.55233830539,0.0
2019-09-19,16.440000534057617,16.232667922973633,4,86.53067473336105,86.53067473336105,58199.08301303875,32.62946848982564,WIN,58199.08301303875,0.0
2019-09-20,16.041332244873047,16.440000534057617,4,84.42387833547401,-75.04343733835411,58124.03957570039,31.98331657049743,LOSS,58199.08301303875,-0.12894264557663498
2019-09-23,16.082000732421875,16.041332244873047,4,86.32706909543766,86.32706909543766,58210.36664479583,32.797770218914984,WIN,58210.36664479583,0.0
2019-09-24,14.880666732788086,16.082000732421875,4,72.24253524408931,-408.2910646094263,57802.07558018641,29.856343554268,LOSS,58210.36664479583,-0.7014061036599338
2019-09-25,15.24666690826416,14.880666732788086,4,92.59030790315079,92.59030790315079,57894.665888089556,35.57795300149975,WIN,58210.36664479583,-0.5423445597460432
2019-09-26,16.17066764831543,15.24666690826416,4,96.40742079568695,96.40742079568695,57991.07330888524,35.911952551764664,WIN,58210.36664479583,-0.37672557063372086
2019-09-27,16.142000198364258,16.17066764831543,4,113.59652503063684,102.12954505016809,58093.202853935414,38.232509749179904,LOSS,58210.36664479583,-0.20127650384915044
2019-09-30,16.058000564575195,16.142000198364258,4,111.75706471840971,78.15721120278471,58171.3600651382,37.89689915019217,LOSS,58210.36664479583,-0.06700967869804379
2019-10-01,16.312667846679688,16.058000564575195,4,110.86245551720467,110.86245551720467,58282.22252065541,37.83242594968139,WIN,58282.22252065541,0.0
2019-10-02,16.208667755126953,16.312667846679688,4,112.94700669530341,71.34697007420966,58353.56949072961,37.89859128604648,LOSS,58353.56949072961,0.0
2019-10-03,15.535332679748535,16.208667755126953,4,110.59588234411841,-158.73814780724877,58194.83134292236,37.565796672103225,LOSS,58353.56949072961,-0.27202817101440113
2019-10-04,15.428667068481445,15.535332679748535,4,108.12846522493555,65.46222071809962,58260.293563640465,38.01857920664319,LOSS,58353.56949072961,-0.159846137782481
2019-10-07,15.847999572753906,15.428667068481445,4,107.2355246549272,107.2355246549272,58367.52908829539,37.98631248321421,WIN,58367.52908829539,0.0
2019-10-08,16.003332138061523,15.847999572753906,4,111.35575959093347,111.35575959093347,58478.88484788633,38.23792078455911,WIN,58478.88484788633,0.0
2019-10-09,16.302000045776367,16.003332138061523,4,111.94080201695667,111.94080201695667,58590.82564990329,38.1332700857963,WIN,58590.82564990329,0.0
2019-10-10,16.31599998474121,16.302000045776367,4,106.63958336019925,106.63958336019925,58697.46523326349,36.633987907493605,WIN,58697.46523326349,0.0
2019-10-11,16.525999069213867,16.31599998474121,4,106.64109173845443,106.64109173845443,58804.10632500194,36.61573061291363,WIN,58804.10632500194,0.0
2019-10-14,17.130666732788086,16.525999069213867,4,108.55698250429154,108.55698250429154,58912.663307506235,36.72446409919287,WIN,58912.663307506235,0.0
2019-10-15,17.19266700744629,17.130666732788086,4,116.6148823603662,116.6148823603662,59029.2781898666,37.513278577188125,WIN,59029.2781898666,0.0
2019-10-16,17.316667556762695,17.19266700744629,4,116.94046513500167,116.94046513500167,59146.218655001605,37.49472033726879,WIN,59146.218655001605,0.0
2019-10-17,17.46466636657715,17.316667556762695,4,117.55571495903996,117.55571495903996,59263.77436996064,37.45114323790254,WIN,59263.77436996064,0.0
2019-10-18,17.1299991607666,17.46466636657715,4,118.32476536742482,-15.542116956793933,59248.23225300385,37.40651900609636,LOSS,59263.77436996064,-0.026225324191755352
2019-10-21,16.899999618530273,17.1299991607666,4,115.06875308367037,23.068936189139123,59271.30118919299,37.21565376889838,LOSS,59271.30118919299,0.0
2019-10-22,17.038667678833008,16.899999618530273,4,114.57949421506963,114.57949421506963,59385.88068340806,37.42225250616617,WIN,59385.88068340806,0.0
2019-10-23,16.978666305541992,17.038667678833008,4,88.15850068642209,64.15795137001584,59450.03863477807,32.111480865838814,LOSS,59450.03863477807,0.0
2019-10-24,19.978666305541992,16.978666305541992,4,86.65754365322434,86.65754365322434,59536.696178431295,31.87958771379749,WIN,59536.696178431295,0.0
2019-10-25,21.875333786010742,19.978666305541992,4,203.3242707797621,203.3242707797621,59740.02044921106,48.6574929326979,WIN,59740.02044921106,0.0
2019-10-28,21.847333908081055,21.875333786010742,4,242.3890766780428,231.1891255061678,59971.20957471723,51.64522469017015,LOSS,59971.20957471723,0.0
2019-10-29,21.08133316040039,21.847333908081055,4,241.61900160791342,-64.7812974643522,59906.428277252875,51.575617931909235,LOSS,59971.20957471723,-0.10802066178712459
2019-10-30,21.000667572021484,21.08133316040039,4,240.32603574995744,208.05980039839494,60114.48807765127,52.70177384718166,LOSS,60114.48807765127,0.0
2019-10-31,20.994667053222656,21.000667572021484,4,239.1349492104502,236.73474169091895,60351.22281934219,52.65901745891566,LOSS,60351.22281934219,0.0
2019-11-01,20.887332916259766,20.994667053222656,4,230.62306866087195,187.6894138757157,60538.9122332179,51.32894515095325,LOSS,60538.9122332179,0.0
2019-11-04,21.1646671295166,20.887332916259766,4,229.22031473149076,229.22031473149076,60768.1325479494,51.29352480369696,WIN,60768.1325479494,0.0
2019-11-05,21.148000717163086,21.1646671295166,4,231.9058472467659,225.23928230535964,60993.37183025476,51.237588550411644,LOSS,60993.37183025476,0.0
2019-11-06,21.77199935913086,21.148000717163086,4,232.38571404162008,232.38571404162008,61225.75754429638,51.34118987305238,WIN,61225.75754429638,0.0
2019-11-07,22.369333267211914,21.77199935913086,4,239.8191329592026,239.8191329592026,61465.57667725558,51.42877343158902,WIN,61465.57667725558,0.0
2019-11-08,22.47599983215332,22.369333267211914,4,246.0697583660385,246.0697583660385,61711.64643562162,51.38012910539902,WIN,61711.64643562162,0.0
2019-11-11,23.006000518798828,22.47599983215332,4,247.63423084083175,247.63423084083175,61959.28066646245,51.437677734269705,WIN,61959.28066646245,0.0
2019-11-12,23.32866668701172,23.006000518798828,4,252.3186849695659,252.3186849695659,62211.599351432014,51.27165068406994,WIN,62211.599351432014,0.0
2019-11-13,23.073999404907227,23.32866668701172,4,255.3736951545993,153.50678231280241,62365.10613374482,51.203059621430405,LOSS,62365.10613374482,0.0
2019-11-14,23.290000915527344,23.073999404907227,4,254.6263715288085,254.6263715288085,62619.73250527363,51.49551842325453,WIN,62619.73250527363,0.0
2019-11-15,23.47800064086914,23.290000915527344,4,256.976392484942,256.976392484942,62876.708897758566,51.490747134127446,WIN,62876.708897758566,0.0
2019-11-18,23.332666397094727,23.47800064086914,4,255.2195131989778,197.08581568921218,63073.79471344778,50.95106819275055,LOSS,63073.79471344778,0.0
2019-11-19,23.968000411987305,23.332666397094727,4,252.37588957690332,252.37588957690332,63326.170603024686,50.771942507839896,WIN,63326.170603024686,0.0
2019-11-20,23.481332778930664,23.968000411987305,4,259.2604251081778,64.59337188552155,63390.76397491021,50.77366686031829,LOSS,63390.76397491021,0.0
2019-11-21,23.655332565307617,23.481332778930664,4,257.2434976333533,257.2434976333533,63648.00747254356,51.23103123734188,WIN,63648.00747254356,0.0
2019-11-22,22.202667236328125,23.655332565307617,4,147.54690699645985,-433.51922459533705,63214.488247948226,35.62814069257266,LOSS,63648.00747254356,-0.6811198681786668
2019-11-25,22.422666549682617,22.202667236328125,4,116.73591445277505,116.73591445277505,63331.224162401,32.38834997977206,WIN,63648.00747254356,-0.4977112760037583
2019-11-26,21.92799949645996,22.422666549682617,4,118.33443557991343,-79.53238570914907,63251.69177669185,32.453515585776515,LOSS,63648.00747254356,-0.6226678753811362
2019-11-27,22.086000442504883,21.92799949645996,4,110.63016603213029,110.63016603213029,63362.32194272398,31.685283287587136,WIN,63648.00747254356,-0.4488522754507585
2019-11-29,21.996000289916992,22.086000442504883,4,111.31446434919015,75.3144033140339,63437.636346038016,31.66838631325549,LOSS,63648.00747254356,-0.33052272154206247
2019-12-02,22.32466697692871,21.996000289916992,4,111.10230708517692,111.10230708517692,63548.73865312319,31.70468896381894,WIN,63648.00747254356,-0.15596532140176644
2019-12-03,22.413333892822266,22.32466697692871,4,113.2630555244553,113.2630555244553,63662.001708647644,31.7788548625774,WIN,63662.001708647644,0.0
2019-12-04,22.20199966430664,22.413333892822266,4,113.04936951544818,28.515678109198177,63690.517386756845,31.680947546713895,LOSS,63690.517386756845,0.0
2019-12-05,22.024667739868164,22.20199966430664,4,112.89942059166658,41.96665081627596,63732.48403757312,31.817392271260697,LOSS,63732.48403757312,0.0
2019-12-06,22.392667770385742,22.024667739868164,4,107.45238611401274,107.45238611401274,63839.93642368713,31.13487969466353,WIN,63839.93642368713,0.0
2019-12-09,22.635332107543945,22.392667770385742,4,105.9802016106126,105.9802016106126,63945.916625297745,30.65229187034342,WIN,63945.916625297745,0.0
2019-12-10,23.256000518798828,22.635332107543945,4,107.77871297691021,107.77871297691021,64053.69533827466,30.747265702171717,WIN,64053.69533827466,0.0
2019-12-11,23.51333236694336,23.256000518798828,4,112.13850276718524,112.13850276718524,64165.833841041844,30.946991319362546,WIN,64165.833841041844,0.0
2019-12-12,23.978666305541992,23.51333236694336,4,112.85812801073854,112.85812801073854,64278.69196905258,30.87368261380995,WIN,64278.69196905258,0.0
2019-12-13,23.892667770385742,23.978666305541992,4,116.51578234760056,82.11636828510056,64360.80833733769,31.070106859666772,LOSS,64360.80833733769,0.0
2019-12-16,25.433332443237305,23.892667770385742,4,115.88775506202933,115.88775506202933,64476.69609239972,31.04101846423626,WIN,64476.69609239972,0.0
2019-12-17,25.266000747680664,25.433332443237305,4,150.3507670278968,83.41808880524056,64560.11418120496,34.5506595464546,LOSS,64560.11418120496,0.0
2019-12-18,26.209999084472656,25.266000747680664,4,149.4153515526226,149.4153515526226,64709.52953275758,34.55769861499631,WIN,64709.52953275758,0.0
2019-12-19,26.93600082397461,26.209999084472656,4,158.73313381336976,158.73313381336976,64868.26266657095,35.02901619447747,WIN,64868.26266657095,0.0
2019-12-20,27.03933334350586,26.93600082397461,4,161.64324524042527,161.64324524042527,65029.90591181137,34.84647938340855,WIN,65029.90591181137,0.0
2019-12-23,27.947999954223633,27.03933334350586,4,162.33515474342323,162.33515474342323,65192.241066554794,34.85526247254167,WIN,65192.241066554794,0.0
2019-12-24,28.350000381469727,27.947999954223633,4,132.95468733983628,132.95468733983628,65325.19575389463,30.733014836379834,WIN,65325.19575389463,0.0
2019-12-26,28.729333877563477,28.350000381469727,4,134.8896081905721,134.8896081905721,65460.0853620852,30.73564166300963,WIN,65460.0853620852,0.0
2019-12-27,28.691999435424805,28.729333877563477,4,125.03476020438498,110.10098334891623,65570.18634543412,29.393428078998596,LOSS,65570.18634543412,0.0
2019-12-30,27.64666748046875,28.691999435424805,4,126.65891689833784,-291.473865084084,65278.71248035004,29.59936576553352,LOSS,65570.18634543412,-0.44452194103666326
2019-12-31,27.8886661529541,27.64666748046875,4,140.74483469887352,140.74483469887352,65419.457315048916,31.836379610362716,WIN,65570.18634543412,-0.22987433586224934
2020-01-02,28.68400001525879,27.8886661529541,4,141.94660514708855,141.94660514708855,65561.40392019601,31.832797533654034,WIN,65570.18634543412,-0.01339393057668524
2020-01-03,29.534000396728516,28.68400001525879,4,147.75886106716555,147.75886106716555,65709.16278126318,32.036204860806656,WIN,65709.16278126318,0.0
2020-01-06,30.1026668548584,29.534000396728516,4,149.74170377031285,149.74170377031285,65858.90448503349,31.767932880303086,WIN,65858.90448503349,0.0
2020-01-07,31.270666122436523,30.1026668548584,4,147.82922273828484,147.82922273828484,66006.73370777178,31.241059378529453,WIN,66006.73370777178,0.0
2020-01-08,32.80933380126953,31.270666122436523,4,158.29451979453555,158.29451979453555,66165.02822756632,31.7412460787108,WIN,66165.02822756632,0.0
2020-01-09,32.089332580566406,32.80933380126953,4,174.9072224709457,-113.0932658103043,66051.93496175602,32.63069222809335,LOSS,66165.02822756632,-0.17092604483040097
2020-01-10,31.876667022705078,32.089332580566406,4,184.08003684508074,99.01381370054949,66150.94877545658,33.97164726007111,LOSS,66165.02822756632,-0.021279295855987375
2020-01-13,34.990665435791016,31.876667022705078,4,186.9381223122107,186.9381223122107,66337.88689776878,34.394741843744086,WIN,66337.88689776878,0.0
2020-01-14,35.861331939697266,34.990665435791016,4,256.749970731345,256.749970731345,66594.63686850012,39.26706391611722,WIN,66594.63686850012,0.0
2020-01-15,34.56666564941406,35.861331939697266,4,259.0703964994311,-258.7961196138501,66335.84074888627,38.89188452164124,LOSS,66594.63686850012,-0.3886140563013752
2020-01-16,34.232666015625,34.56666564941406,4,255.8078460474507,122.20799253182571,66458.0487414181,39.474588861311105,LOSS,66594.63686850012,-0.20510379439674073
2020-01-17,34.03333282470703,34.232666015625,4,254.36931282245035,174.63603645526285,66632.68477787336,39.57440586819243,LOSS,66632.68477787336,0.0
2020-01-21,36.47999954223633,34.03333282470703,4,252.22610319496766,252.22610319496766,66884.91088106834,39.510071737976446,WIN,66884.91088106834,0.0
2020-01-22,37.97066879272461,36.47999954223633,4,292.59232684393675,292.59232684393675,67177.50320791228,41.52571758733528,WIN,67177.50320791228,0.0
2020-01-23,38.14666748046875,37.97066879272461,4,307.52393564496015,307.52393564496015,67485.02714355724,41.78488033611791,WIN,67485.02714355724,0.0
2020-01-24,37.654666900634766,38.14666748046875,4,308.0395397497918,111.23930781619805,67596.26645137343,41.706003105317976,LOSS,67596.26645137343,0.0
2020-01-27,37.201332092285156,37.654666900634766,4,309.7121679814414,128.37824464159763,67724.64469601504,42.20185311464479,LOSS,67724.64469601504,0.0
2020-01-28,37.793331146240234,37.201332092285156,4,310.663370307866,310.663370307866,68035.3080663229,42.61789608947346,WIN,68035.3080663229,0.0
2020-01-29,38.732666015625,37.793331146240234,4,314.02362342050014,314.02362342050014,68349.3316897434,42.4793326021982,WIN,68349.3316897434,0.0
2020-01-30,42.72066879272461,38.732666015625,4,302.4075535501508,302.4075535501508,68651.73924329354,40.821072481764595,WIN,68651.73924329354,0.0
2020-01-31,43.371334075927734,42.72066879272461,4,385.7385245265873,385.7385245265873,69037.47776782014,44.86166403275455,WIN,69037.47776782014,0.0
2020-02-03,52.0,43.371334075927734,4,391.6123547282225,391.6123547282225,69429.09012254835,44.86156994667922,WIN,69429.09012254835,0.0
2020-02-04,59.137332916259766,52.0,4,682.7734033420737,682.7734033420737,70111.86352589043,58.424245842603945,WIN,70111.86352589043,0.0
2020-02-05,48.97999954223633,59.137332916259766,4,846.3395453091952,-3216.5938043001797,66895.26972159024,62.330591590476196,LOSS,70111.86352589043,-4.587802466714323
2020-02-06,49.930667877197266,48.97999954223633,4,888.1481527246544,888.1481527246544,67783.4178743149,74.96884344252999,WIN,70111.86352589043,-3.321043735652095
2020-02-07,49.871334075927734,49.930667877197266,4,902.9760819717309,879.2425614639184,68662.66043577882,74.80918777745121,LOSS,70111.86352589043,-2.066986979423899
2020-02-10,51.41866683959961,49.871334075927734,4,895.6395816349843,895.6395816349843,69558.3000174138,74.39382917209488,WIN,70111.86352589043,-0.7895432821753615
2020-02-11,51.62533187866211,51.41866683959961,4,918.9516804031595,918.9516804031595,70477.25169781696,74.10590848300667,WIN,70477.25169781696,0.0
2020-02-12,51.15266799926758,51.62533187866211,4,900.7369605113088,711.6714087534963,71188.92310657045,72.70243762786654,LOSS,71188.92310657045,0.0
2020-02-13,53.599998474121094,51.15266799926758,4,896.5368494440567,896.5368494440567,72085.45995601451,72.96407200276175,WIN,72085.45995601451,0.0
2020-02-14,53.33533477783203,53.599998474121094,4,926.3839874860597,820.5185089704347,72905.97846498495,72.15908860109059,LOSS,72905.97846498495,0.0
2020-02-18,57.22666549682617,53.33533477783203,4,920.3926716896674,920.3926716896674,73826.37113667461,72.07122041983745,WIN,73826.37113667461,0.0
2020-02-19,61.16133117675781,57.22666549682617,4,992.8730526593754,992.8730526593754,74819.24418933399,72.37917712809804,WIN,74819.24418933399,0.0
2020-02-20,59.96066665649414,61.16133117675781,4,1059.7440872762888,579.4782791708201,75398.7224685048,72.30375823984846,LOSS,75398.7224685048,0.0
2020-02-21,60.06666564941406,59.96066665649414,4,1049.3636714142565,1049.3636714142565,76448.08613991906,72.87867831200813,WIN,76448.08613991906,0.0
2020-02-24,55.58599853515625,60.06666564941406,4,1051.884952832989,-740.381892870136,75707.70424704893,72.91535877175295,LOSS,76448.08613991906,-0.968476688239197
2020-02-25,53.32733154296875,55.58599853515625,4,1012.7991902825951,109.33239340759508,75817.03664045651,75.2583127080232,LOSS,76448.08613991906,-0.8254614750035336
2020-02-26,51.91999816894531,53.32733154296875,4,983.7491656967463,420.81581608737133,76237.85245654389,76.00895098237947,LOSS,76448.08613991906,-0.2750018921211395
2020-02-27,45.266666412353516,51.91999816894531,4,966.8169230169613,-1694.5157796197575,74543.33667692413,76.58410130591884,LOSS,76448.08613991906,-2.4915593825446063
2020-02-28,44.53266525268555,45.266666412353516,4,915.0008338713892,621.4003700042017,75164.73704692833,80.0,LOSS,76448.08613991906,-1.6787197139793386
2020-03-02,49.574668884277344,44.53266525268555,4,871.7237172413618,871.7237172413618,76036.4607641697,79.73798936945352,WIN,76448.08613991906,-0.5384377772335486
2020-03-03,49.70066833496094,49.574668884277344,4,1012.0692137459663,1012.0692137459663,77048.52997791566,80.0,WIN,77048.52997791566,0.0
2020-03-04,49.96666717529297,49.70066833496094,4,865.1565983446856,865.1565983446856,77913.68657626036,72.56937685726476,WIN,77913.68657626036,0.0
2020-03-05,48.30266571044922,49.96666717529297,4,779.8613253557035,114.26073941820346,78027.94731567855,66.61738916790992,LOSS,78027.94731567855,0.0
2020-03-06,46.89866638183594,48.30266571044922,4,610.7919804336832,49.19224898837069,78077.13956466693,56.819733425979635,LOSS,78077.13956466693,0.0
2020-03-09,40.53333282470703,46.89866638183594,4,595.3512139021332,-1950.7822089494293,76126.3573557175,56.98283704650094,LOSS,78077.13956466693,-2.4985318619846537
2020-03-10,43.02199935913086,40.53333282470703,4,591.2686202506461,591.2686202506461,76717.62597596814,63.24269367340155,WIN,78077.13956466693,-1.7412441033047523
2020-03-11,42.28200149536133,43.02199935913086,4,642.0594034390475,346.060257931235,77063.68623389938,64.35642037024704,LOSS,78077.13956466693,-1.2980154452612316
2020-03-12,37.369998931884766,42.28200149536133,4,630.8449095218392,-1333.9561158687857,75729.7301180306,64.3430622787848,LOSS,78077.13956466693,-3.006525930284758
2020-03-13,36.44133377075195,37.369998931884766,4,598.2705410620184,226.80447660889342,75956.5345946395,67.94605009459939,LOSS,78077.13956466693,-2.7160382435258814
2020-03-16,29.67133331298828,36.44133377075195,4,569.8404504642092,-2138.1597326412593,73818.37486199824,66.7151803635194,LOSS,78077.13956466693,-5.454560357121426
2020-03-17,28.68000030517578,29.67133331298828,4,535.2643919844279,138.7311888594279,73957.10605085766,74.66097191860419,LOSS,78077.13956466693,-5.2768755832773175
2020-03-18,24.08133316040039,28.68000030517578,4,491.87801546799176,-1347.5888424421646,72609.51720841549,71.7201399259326,LOSS,78077.13956466693,-7.002846654907112
2020-03-19,28.50933265686035,24.08133316040039,4,421.37138464204094,421.37138464204094,73030.88859305753,72.86867601640112,WIN,78077.13956466693,-6.463160663602263
2020-03-20,28.50200080871582,28.50933265686035,4,607.5312117721988,604.5984725143863,73635.48706557193,80.0,LOSS,78077.13956466693,-5.6888002350755
2020-03-23,28.952667236328125,28.50200080871582,4,607.0999329050769,607.0999329050769,74242.58699847701,80.0,WIN,78077.13956466693,-4.911235974537682
2020-03-24,33.66666793823242,28.952667236328125,4,617.1212548541768,617.1212548541768,74859.70825333119,80.0,WIN,78077.13956466693,-4.120836558914811
2020-03-25,35.95000076293945,33.66666793823242,4,795.4701754424548,795.4701754424548,75655.17842877365,80.0,WIN,78077.13956466693,-3.1020105877307396
2020-03-26,35.21066665649414,35.95000076293945,4,865.1161521784168,569.3825096002918,76224.56093837395,80.0,LOSS,78077.13956466693,-2.372754223095723
2020-03-27,34.29066848754883,35.21066665649414,4,816.3790719076534,448.3798043295284,76672.94074270347,80.0,LOSS,78077.13956466693,-1.7984762630813749
2020-03-30,33.47533416748047,34.29066848754883,4,795.62251820067,469.48879017332627,77142.4295328768,80.0,LOSS,78077.13956466693,-1.1971622385268768
2020-03-31,34.93333435058594,33.47533416748047,4,741.9872433245826,741.9872433245826,77884.41677620138,80.0,WIN,78077.13956466693,-0.24683638455520324
2020-04-01,32.104000091552734,34.93333435058594,4,781.5927802538322,-350.14092335944906,77534.27585284194,80.0,LOSS,78077.13956466693,-0.6952914961432036
2020-04-02,30.29800033569336,32.104000091552734,4,726.6411073131411,4.241204969391106,77538.51705781133,80.0,LOSS,78077.13956466693,-0.6898594260224956
2020-04-03,32.000667572021484,30.29800033569336,4,688.2363848573401,688.2363848573401,78226.75344266868,80.0,WIN,78226.75344266868,0.0
2020-04-06,34.41600036621094,32.000667572021484,4,737.8270876728465,737.8270876728465,78964.58053034153,80.0,WIN,78964.58053034153,0.0
2020-04-07,36.36333465576172,34.41600036621094,4,773.2790035970403,773.2790035970403,79737.85953393856,80.0,WIN,79737.85953393856,0.0
2020-04-08,36.589332580566406,36.36333465576172,4,815.5417793293171,815.5417793293171,80553.40131326788,80.0,WIN,80553.40131326788,0.0
2020-04-09,38.20000076293945,36.589332580566406,4,820.3904714289541,820.3904714289541,81373.79178469683,80.0,WIN,81373.79178469683,0.0
2020-04-13,43.39666748046875,38.20000076293945,4,825.2613837642637,825.2613837642637,82199.05316846109,80.0,WIN,82199.05316846109,0.0
2020-04-14,47.32600021362305,43.39666748046875,4,982.0978997235673,982.0978997235673,83181.15106818466,80.0,WIN,83181.15106818466,0.0
2020-04-15,48.65533447265625,47.32600021362305,4,945.2691794324911,945.2691794324911,84126.42024761715,80.0,WIN,84126.42024761715,0.0
2020-04-16,49.680667877197266,48.65533447265625,4,957.610613420095,957.610613420095,85084.03086103724,80.0,WIN,85084.03086103724,0.0
2020-04-17,50.259334564208984,49.680667877197266,4,820.630863384693,820.630863384693,85904.66172442194,69.62852240802559,WIN,85904.66172442194,0.0
2020-04-20,49.75733184814453,50.259334564208984,4,723.1000825770014,522.2989961512202,86426.96072057316,62.5817827697478,LOSS,86426.96072057316,0.0
2020-04-21,45.781333923339844,49.75733184814453,4,719.4675180581497,-870.9316518637253,85556.02906870944,62.82039295686531,LOSS,86426.96072057316,-1.0077082944979727
2020-04-22,48.807334899902344,45.781333923339844,4,714.6095216116162,714.6095216116162,86270.63859032106,66.62254232994519,WIN,86426.96072057316,-0.1808719512392697
2020-04-23,47.04199981689453,48.807334899902344,4,672.4801806480638,-33.653852555061235,86236.984737766,60.56731389000015,LOSS,86426.96072057316,-0.21981101871829745
2020-04-24,48.34333419799805,47.04199981689453,4,650.1572441552639,650.1572441552639,86887.14198192128,60.707941515492266,WIN,86887.14198192128,0.0
2020-04-27,53.25,48.34333419799805,4,661.592745875954,661.592745875954,87548.73472779723,60.25985598198082,WIN,87548.73472779723,0.0
2020-04-28,51.27466583251953,53.25,4,753.8920073539562,-36.24165963823134,87512.493068159,61.82184898727337,LOSS,87548.73472779723,-0.04139598333534521
2020-04-29,53.367332458496094,51.27466583251953,4,733.7775128669676,733.7775128669676,88246.27058102598,62.32826594713318,WIN,88246.27058102598,0.0
2020-04-30,52.12533187866211,53.367332458496094,4,763.1347887465939,266.3345568130002,88512.60513783898,62.29168516656542,LOSS,88512.60513783898,0.0
2020-05-01,46.75466537475586,52.12533187866211,4,694.7636095129271,-1453.5029920495729,87059.10214578941,59.080576192486156,LOSS,88512.60513783898,-1.6421423703280005
2020-05-04,50.74599838256836,46.75466537475586,4,673.1311683082815,673.1311683082815,87732.23331409768,62.613902719525534,WIN,88512.60513783898,-0.8816504977184206
2020-05-05,51.2140007019043,50.74599838256836,4,744.9260381684364,744.9260381684364,88477.15935226613,63.54789305927094,WIN,88512.60513783898,-0.040046031316844845
2020-05-06,52.172000885009766,51.2140007019043,4,738.416280183153,738.416280183153,89215.57563244928,62.683880741359744,WIN,89215.57563244928,0.0
2020-05-07,52.00266647338867,52.172000885009766,4,745.2072742258282,677.4735095773907,89893.04914202668,62.23877485414669,LOSS,89893.04914202668,0.0
2020-05-08,54.62799835205078,52.00266647338867,4,744.68187740882,744.68187740882,90637.7310194355,62.359183362469,WIN,90637.7310194355,0.0
2020-05-11,54.08599853515625,54.62799835205078,4,784.3439939964911,567.5440672386786,91205.27508667417,62.48433067848142,LOSS,91205.27508667417,0.0
2020-05-12,53.96066665649414,54.08599853515625,4,693.846718073778,643.7139666089342,91848.9890532831,57.426550164094564,LOSS,91848.9890532831,0.0
2020-05-13,52.73066711425781,53.96066665649414,4,650.7252124616753,158.725395567144,92007.71444885025,54.88222326303628,LOSS,92007.71444885025,0.0
2020-05-14,53.55533218383789,52.73066711425781,4,638.4946918069103,638.4946918069103,92646.20914065716,55.04543893536163,WIN,92646.20914065716,0.0
2020-05-15,53.27799987792969,53.55533218383789,4,647.5139955531204,536.5810731898391,93182.790213847,54.98577108966993,LOSS,93182.790213847,0.0
2020-05-18,54.242000579833984,53.27799987792969,4,644.4562301956342,644.4562301956342,93827.24644404263,55.00410394230484,WIN,93827.24644404263,0.0
2020-05-19,53.867332458496094,54.242000579833984,4,655.820005702242,505.9527571670858,94333.19920120972,54.98600303641318,LOSS,94333.19920120972,0.0
2020-05-20,54.37066650390625,53.867332458496094,4,599.1494439203648,599.1494439203648,94932.34864513009,51.78482752040155,WIN,94932.34864513009,0.0
2020-05-21,55.17333221435547,54.37066650390625,4,579.0053189322263,579.0053189322263,95511.3539640623,50.2189926154448,WIN,95511.3539640623,0.0
2020-05-22,54.45866775512695,55.17333221435547,4,572.7090910581213,286.84330736671507,95798.19727142902,49.32921684516693,LOSS,95798.19727142902,0.0
2020-05-26,54.591331481933594,54.45866775512695,4,565.6270846708875,565.6270846708875,96363.82435609991,49.349642181174076,WIN,96363.82435609991,0.0
2020-05-27,54.68199920654297,54.591331481933594,4,486.13175914522725,486.13175914522725,96849.95611524514,44.450274068106154,WIN,96849.95611524514,0.0
2020-05-28,53.72066879272461,54.68199920654297,4,471.84729402756534,87.31512850022159,96937.27124374536,43.53751268494071,LOSS,96937.27124374536,0.0
2020-05-29,55.66666793823242,53.72066879272461,4,453.2647528122415,453.2647528122415,97390.5359965576,42.904199653569066,WIN,97390.5359965576,0.0
2020-06-01,59.87333297729492,55.66666793823242,4,474.4941387852843,474.4941387852843,97865.0301353429,43.18997292905628,WIN,97865.0301353429,0.0
2020-06-02,58.770668029785156,59.87333297729492,4,417.94055139538085,-23.1254276085254,97841.90470773437,38.0855438225878,LOSS,97865.0301353429,-0.023629919263849747
2020-06-03,58.86399841308594,58.770668029785156,4,343.2049982230469,343.2049982230469,98185.10970595742,34.31310091524635,WIN,98185.10970595742,0.0
2020-06-04,57.62533187866211,58.86399841308594,4,344.22684264587133,-151.23977112365992,98033.86993483377,34.33989035714812,LOSS,98185.10970595742,-0.1540353436244914
2020-06-05,59.04399871826172,57.62533187866211,4,345.6985841404759,345.6985841404759,98379.56851897425,34.8400697315878,WIN,98379.56851897425,0.0
2020-06-08,63.327999114990234,59.04399871826172,4,358.11010395088067,358.11010395088067,98737.67862292513,35.05856432493952,WIN,98737.67862292513,0.0
2020-06-09,62.711334228515625,63.327999114990234,4,420.322963537817,173.65700894797322,98911.33563187311,36.95059940689603,LOSS,98911.33563187311,0.0
2020-06-10,68.336669921875,62.711334228515625,4,416.13721780921827,416.13721780921827,99327.47284968232,36.94570573139062,WIN,99327.47284968232,0.0
2020-06-11,64.85600280761719,68.336669921875,4,541.4889978035311,-850.7778478995939,98476.69500178273,41.205645290873775,LOSS,99327.47284968232,-0.8565383005234797
2020-06-12,62.35200119018555,64.85600280761719,4,546.7516923058805,-454.84895466677574,98021.84604711596,42.880399348616095,LOSS,99327.47284968232,-1.3144669496849433
2020-06-15,66.05999755859375,62.35200119018555,4,550.7106682189486,550.7106682189486,98572.55671533491,44.210038263512956,WIN,99327.47284968232,-0.7600275258083605
2020-06-16,65.47533416748047,66.05999755859375,4,608.2479071468578,374.38255070154526,98946.93926603645,45.45096800750528,LOSS,99327.47284968232,-0.38311010310485916
2020-06-17,66.11933135986328,65.47533416748047,4,606.4534807721914,606.4534807721914,99553.39274680865,45.632243276308984,WIN,99553.39274680865,0.0
2020-06-18,66.9306640625,66.11933135986328,4,609.1124307865603,609.1124307865603,100162.5051775952,45.46688425296059,WIN,100162.5051775952,0.0
2020-06-19,66.72666931152344,66.9306640625,4,616.5707030220783,534.9728026314533,100697.47798022666,45.466094441431494,LOSS,100697.47798022666,0.0
2020-06-22,66.28800201416016,66.72666931152344,4,616.5759470026995,441.10902805738704,101138.58700828404,45.55949437055828,LOSS,101138.58700828404,0.0
2020-06-23,66.78533172607422,66.28800201416016,4,609.7191837468504,609.7191837468504,101748.3061920309,45.41963252706847,WIN,101748.3061920309,0.0
2020-06-24,64.0566635131836,66.78533172607422,4,613.6560381035484,-477.81124705270156,101270.4949449782,45.388058750954926,LOSS,101748.3061920309,-0.46960118053554445
2020-06-25,65.73200225830078,64.0566635131836,4,614.3877502365713,614.3877502365713,101884.88269521476,46.720298610227374,WIN,101884.88269521476,0.0
2020-06-26,63.982666015625,65.73200225830078,4,625.4473680647384,-74.28712900557412,101810.59556620919,46.46827529223427,LOSS,101884.88269521476,-0.0729128081030478
2020-06-29,67.29000091552734,63.982666015625,4,614.5325071953082,614.5325071953082,102425.1280734045,46.76446621899791,WIN,102425.1280734045,0.0
2020-06-30,71.98733520507812,67.29000091552734,4,616.9810202630371,616.9810202630371,103042.10909366753,45.32356815747612,WIN,103042.10909366753,0.0
2020-07-01,74.64199829101562,71.98733520507812,4,694.7412312042817,694.7412312042817,103736.85032487182,46.9172900009586,WIN,103736.85032487182,0.0
2020-07-02,80.57733154296875,74.64199829101562,4,726.4611923580678,726.4611923580678,104463.31151722989,47.18757027084864,WIN,104463.31151722989,0.0
2020-07-06,91.43866729736328,80.57733154296875,4,818.8303510971202,818.8303510971202,105282.141868327,48.60780000823521,WIN,105282.141868327,0.0
2020-07-07,92.65733337402344,91.43866729736328,4,1092.7667523046064,1092.7667523046064,106374.90862063161,54.52361119551604,WIN,106374.90862063161,0.0
2020-07-08,91.05867004394531,92.65733337402344,4,1077.449294947005,437.983962915755,106812.89258354736,53.45705975052972,LOSS,106812.89258354736,0.0
2020-07-09,92.9520034790039,91.05867004394531,4,1064.8365980904648,1064.8365980904648,107877.72918163783,53.67414305672058,WIN,107877.72918163783,0.0
2020-07-10,102.97666931152344,92.9520034790039,4,1023.5906380936088,1023.5906380936088,108901.31981973143,51.41887978968267,WIN,108901.31981973143,0.0
2020-07-13,99.80400085449219,102.97666931152344,4,1169.536360668328,-99.53102214417208,108801.78879758726,52.56072103836333,LOSS,108901.31981973143,-0.09139560687504385
2020-07-14,101.12000274658203,99.80400085449219,4,1121.1132397464626,1121.1132397464626,109922.90203733373,52.15014927402038,WIN,109922.90203733373,0.0
2020-07-15,103.06732940673828,101.12000274658203,4,1119.752628645769,1119.752628645769,111042.6546659795,51.622168028566726,WIN,111042.6546659795,0.0
2020-07-16,100.04266357421875,103.06732940673828,4,1126.9667220107885,-82.89961099702396,110959.75505498248,51.161721898793004,LOSS,111042.6546659795,-0.07465564583842375
2020-07-17,100.05599975585938,100.04266357421875,4,1128.8326094971032,1128.8326094971032,112088.58766447958,52.31670881510647,WIN,112088.58766447958,0.0
2020-07-20,109.53333282470703,100.05599975585938,4,1134.0034393114988,1134.0034393114988,113222.59110379108,52.48264838729041,WIN,113222.59110379108,0.0
2020-07-21,104.55733489990234,109.53333282470703,4,1303.1098509565413,-687.2893189653337,112535.30178482574,54.345381306746,LOSS,113222.59110379108,-0.6070248987106317
2020-07-22,106.15533447265625,104.55733489990234,4,1295.868483499765,1295.868483499765,113831.17026832551,55.98882376914415,WIN,113831.17026832551,0.0
2020-07-23,100.87133026123047,106.15533447265625,4,1313.031273728107,-800.5704108422055,113030.5998574833,55.906496022931584,LOSS,113831.17026832551,-0.7032963018434085
2020-07-24,94.46666717529297,100.87133026123047,4,1262.9595062364067,-1298.9057281385933,111731.69412934472,56.40766212749581,LOSS,113831.17026832551,-1.8443771895095717
2020-07-27,102.63999938964844,94.46666717529297,4,1263.3509397157843,1263.3509397157843,112995.0450690605,59.228727775551384,WIN,113831.17026832551,-0.7345309701148401
2020-07-28,98.43267059326172,102.63999938964844,4,1391.9991892139913,-290.93232934069624,112704.11273971981,59.85195466879546,LOSS,113831.17026832551,-0.9901132756071758
2020-07-29,99.94066619873047,98.43267059326172,4,1370.590498043677,1370.590498043677,114074.70323776349,61.04977170278011,WIN,114074.70323776349,0.0
2020-07-30,99.16600036621094,99.94066619873047,4,1363.8319051100411,1053.9655721022286,115128.66880986572,60.13127874094617,LOSS,115128.66880986572,0.0
2020-07-31,95.38400268554688,99.16600036621094,4,1355.564444497651,-157.23462776797396,114971.43418209774,60.20811559679777,LOSS,115128.66880986572,-0.13657295736446612
2020-08-03,99.0,95.38400268554688,4,1284.20874988829,1284.20874988829,116255.64293198603,59.52655697018154,WIN,116255.64293198603,0.0
2020-08-04,99.13333129882812,99.0,4,1150.0241374433112,1150.0241374433112,117405.66706942934,53.41764986611825,WIN,117405.66706942934,0.0
2020-08-05,99.00133514404297,99.13333129882812,4,1150.7757119261757,1097.9772500121132,118503.64431944146,53.391052594007284,LOSS,118503.64431944146,0.0
2020-08-06,99.30533599853516,99.00133514404297,4,1143.4007448801087,1143.4007448801087,119647.04506432157,53.1958740182304,WIN,119647.04506432157,0.0
2020-08-07,96.84733581542969,99.30533599853516,4,1143.6216626120533,160.42158936986584,119807.46665369144,53.08630325341152,LOSS,119807.46665369144,0.0
2020-08-10,94.57133483886719,96.84733581542969,4,968.8279632177663,58.427572592766296,119865.89422628422,48.084000611597894,LOSS,119865.89422628422,0.0
2020-08-11,91.6259994506836,94.57133483886719,4,940.7906725936224,-237.3434826798151,119628.5507436044,47.89974387710738,LOSS,119865.89422628422,-0.19800751849542675
2020-08-12,103.65066528320312,91.6259994506836,4,918.8662999142963,918.8662999142963,120547.4170435187,48.16596452243639,WIN,120547.4170435187,0.0
2020-08-13,108.06666564941406,103.65066528320312,4,1280.1775058197652,1280.1775058197652,121827.59454933846,55.84671460095923,WIN,121827.59454933846,0.0
2020-08-14,110.04733276367188,108.06666564941406,4,1341.0706088139211,1341.0706088139211,123168.66515815239,56.04109371027469,WIN,123168.66515815239,0.0
2020-08-17,122.3759994506836,110.04733276367188,4,1367.4508075092215,1367.4508075092215,124536.11596566161,56.09521189570104,WIN,124536.11596566161,0.0
2020-08-18,125.80599975585938,122.3759994506836,4,1569.9487215588872,1569.9487215588872,126106.0646872205,57.427578804397264,WIN,126106.0646872205,0.0
2020-08-19,125.23533630371094,125.80599975585938,4,1575.4862727715554,1347.2208919121804,127453.28557913267,56.416395877767634,LOSS,127453.28557913267,0.0
2020-08-20,133.45533752441406,125.23533630371094,4,1571.143828342144,1571.143828342144,129024.42940747482,56.49044477377362,WIN,129024.42940747482,0.0
2020-08-21,136.6653289794922,133.45533752441406,4,1657.4187141110272,1657.4187141110272,130681.84812158585,56.072895782831026,WIN,130681.84812158585,0.0
2020-08-24,134.27999877929688,136.6653289794922,4,1584.8300261945515,630.6979461164265,131312.54606770226,53.35158989234177,LOSS,131312.54606770226,0.0
2020-08-25,134.8893280029297,134.27999877929688,4,1492.172927793035,1492.172927793035,132804.7189954953,51.75080536875343,WIN,132804.7189954953,0.0
2020-08-26,143.54466247558594,134.8893280029297,4,1441.0922826773544,1441.0922826773544,134245.81127817265,50.33240780337959,WIN,134245.81127817265,0.0
2020-08-27,149.25,143.54466247558594,4,1576.2367896997532,1576.2367896997532,135822.0480678724,51.315618436924225,WIN,135822.0480678724,0.0
2020-08-28,147.55999755859375,149.25,4,1630.237997788744,954.237021226244,136776.28508909864,51.12398927970588,LOSS,136776.28508909864,0.0
2020-08-31,166.10667419433594,147.55999755859375,4,1559.317706349969,1559.317706349969,138335.60279544862,49.948215422539086,WIN,138335.60279544862,0.0
2020-09-01,158.35000610351562,166.10667419433594,4,1978.2106049773538,-1124.4566313507712,137211.14616409785,54.386235735758135,LOSS,138335.60279544862,-0.8128468800713993
2020-09-02,149.1233367919922,158.35000610351562,4,1978.0755081445047,-1712.5922164648703,135498.553947633,56.3127223502984,LOSS,138335.60279544862,-2.050845039516447
2020-09-03,135.6666717529297,149.1233367919922,4,1969.5754164980206,-3413.090599126979,132085.46334850602,58.68034249821095,LOSS,138335.60279544862,-4.518098971372131
2020-09-04,139.44000244140625,135.6666717529297,4,1967.2533774374085,1967.2533774374085,134052.71672594344,62.956354490936995,WIN,138335.60279544862,-3.0960114265292344
2020-09-08,110.06999969482422,139.44000244140625,4,1995.4525343197379,-9752.548564313074,124300.16816163037,62.327444298687524,LOSS,138335.60279544862,-10.145930874043968
2020-09-09,122.09333038330078,110.06999969482422,4,2073.9745819066643,2073.9745819066643,126374.14274353703,77.31512883174172,WIN,138335.60279544862,-8.646696736196342
2020-09-10,123.77999877929688,122.09333038330078,4,2368.072653346714,2368.072653346714,128742.21539688374,79.14489746920287,WIN,138335.60279544862,-6.934865070671825
2020-09-11,124.23999786376953,123.77999877929688,4,2265.7650992698273,2265.7650992698273,131007.98049615357,75.53735499551672,WIN,138335.60279544862,-5.296989459850126
2020-09-14,139.8733367919922,124.23999786376953,4,2264.3170504063683,2264.3170504063683,133272.29754655994,75.27466906579023,WIN,138335.60279544862,-3.660160614166394
2020-09-15,149.9199981689453,139.8733367919922,4,2693.9783248106205,2693.9783248106205,135966.27587137057,78.69688505614592,WIN,138335.60279544862,-1.7127383523831388
2020-09-16,147.25332641601562,149.9199981689453,4,2812.8205974550856,1746.1518962832106,137712.42776765377,77.0499589314282,LOSS,138335.60279544862,-0.4504805814279851
2020-09-17,141.14332580566406,147.25332641601562,4,2770.3881878427283,326.38794370210326,138038.81571135588,77.22065027783263,LOSS,138335.60279544862,-0.21454136035506535
2020-09-18,147.38333129882812,141.14332580566406,4,2683.0694743582667,2683.0694743582667,140721.88518571414,77.8681389904578,WIN,140721.88518571414,0.0
2020-09-21,149.79666137695312,147.38333129882812,4,2778.2489644245297,2778.2489644245297,143500.13415013868,77.34215714315047,WIN,143500.13415013868,0.0
2020-09-22,141.41000366210938,149.79666137695312,4,2821.452666267553,-533.210419669947,142966.92373046873,77.29162604715239,LOSS,143500.13415013868,-0.3715748579803232
2020-09-23,126.78666687011719,141.41000366210938,4,2701.2921341378214,-3148.0425826590536,139818.88114780968,78.17575684515222,LOSS,143500.13415013868,-2.565330704483836
2020-09-24,129.26333618164062,126.78666687011719,4,2533.3430836078273,2533.3430836078273,142352.2242314175,80.0,WIN,143500.13415013868,-0.7999364777737205
2020-09-25,135.77999877929688,129.26333618164062,4,2545.235282288879,2545.235282288879,144897.4595137064,80.0,WIN,144897.4595137064,0.0
2020-09-28,140.39999389648438,135.77999877929688,4,2683.9482106525,2683.9482106525,147581.4077243589,80.0,WIN,147581.4077243589,0.0
2020-09-29,139.69000244140625,140.39999389648438,4,2786.5618495935155,2502.5652675622655,150083.97299192115,80.0,LOSS,150083.97299192115,0.0
2020-09-30,143.00332641601562,139.69000244140625,4,2591.700661002147,2591.700661002147,152675.6736529233,76.359038781333,WIN,152675.6736529233,0.0
2020-10-01,149.3866729736328,143.00332641601562,4,2640.6212932238313,2640.6212932238313,155316.29494614713,76.06874769688558,WIN,155316.29494614713,0.0
2020-10-02,138.3633270263672,149.3866729736328,4,2740.083685865637,-1669.254693040613,153647.0402531065,75.66120106297296,LOSS,155316.29494614713,-1.0747453727372298
2020-10-05,141.89332580566406,138.3633270263672,4,2505.542745004271,2505.542745004271,156152.58299811077,74.88800595677495,WIN,156152.58299811077,0.0
2020-10-06,137.9933319091797,141.89332580566406,4,2568.2152395235457,1008.2176809297957,157160.80067904055,74.85886579305767,LOSS,157160.80067904055,0.0
2020-10-07,141.76666259765625,137.9933319091797,4,1882.7938614021043,1882.7938614021043,159043.59454044266,60.123596357426635,WIN,159043.59454044266,0.0
2020-10-08,141.97332763671875,141.76666259765625,4,1779.9471943861813,1779.9471943861813,160823.54173482885,56.5233167029746,WIN,160823.54173482885,0.0
2020-10-09,144.6666717529297,141.97332763671875,4,1782.9030126624716,1782.9030126624716,162606.44474749133,56.53172696038812,WIN,162606.44474749133,0.0
2020-10-12,147.43333435058594,144.6666717529297,4,1818.2077955585478,1818.2077955585478,164424.6525430499,56.56560042991958,WIN,164424.6525430499,0.0
2020-10-13,148.88333129882812,147.43333435058594,4,1581.9299339213696,1581.9299339213696,166006.58247697126,50.48547225700854,WIN,166006.58247697126,0.0
2020-10-14,153.76666259765625,148.88333129882812,4,1492.9579370212828,1492.9579370212828,167499.54041399254,48.16351287262468,WIN,167499.54041399254,0.0
2020-10-15,149.6266632080078,153.76666259765625,4,1555.3525392155825,-100.64721664379249,167398.89319734875,48.45227722218241,LOSS,167499.54041399254,-0.06008805540303501
2020-10-16,146.55667114257812,149.6266632080078,4,1488.7013130642918,260.70448689241675,167659.59768424116,47.90467559705488,LOSS,167659.59768424116,0.0
2020-10-19,143.61000061035156,146.55667114257812,4,1429.8461812082799,251.17796831765486,167910.7756525588,47.26582402441599,LOSS,167910.7756525588,0.0
2020-10-20,140.64666748046875,143.61000061035156,4,1403.5091180150696,218.1758660619446,168128.95151862074,47.32135708949207,LOSS,168128.95151862074,0.0
2020-10-21,140.8800048828125,140.64666748046875,4,1314.794937322072,1314.794937322072,169443.7464559428,45.91630690151284,WIN,169443.7464559428,0.0
2020-10-22,141.92999267578125,140.8800048828125,4,1025.6598382222376,1025.6598382222376,170469.40629416503,39.0775905702521,WIN,170469.40629416503,0.0
2020-10-23,140.2100067138672,141.92999267578125,4,1027.5262745821474,339.5318898165224,170808.93818398155,38.94295716567846,LOSS,170808.93818398155,0.0
2020-10-26,140.0933380126953,140.2100067138672,4,956.128579184467,909.461098715717,171718.39928269727,37.55258470144409,LOSS,171718.39928269727,0.0
2020-10-27,141.55999755859375,140.0933380126953,4,921.129922660816,921.129922660816,172639.5292053581,36.74515161741515,WIN,172639.5292053581,0.0
2020-10-28,135.33999633789062,141.55999755859375,4,932.8642370108023,-1555.1362512704477,171084.39295408764,36.79399919365466,LOSS,172639.5292053581,-0.9007996363455012
2020-10-29,136.94332885742188,135.33999633789062,4,930.8206925596735,930.8206925596735,172015.21364664732,37.74567879362658,WIN,172639.5292053581,-0.36162955354688225
2020-10-30,129.34666442871094,136.94332885742188,4,877.4631015883035,-2161.2026698960717,169854.01097675125,36.19078354170075,LOSS,172639.5292053581,-1.6134880820332962
2020-11-02,133.50332641601562,129.34666442871094,4,757.2078268795041,757.2078268795041,170611.21880363076,34.36060363020587,WIN,172639.5292053581,-1.174881796227916
2020-11-03,141.3000030517578,133.50332641601562,4,795.9409634723756,795.9409634723756,171407.15976710315,34.71731626628989,WIN,172639.5292053581,-0.7138396657633469
2020-11-04,140.32666015625,141.3000030517578,4,936.282312168251,546.945153965126,171954.10492106827,36.9141021005353,LOSS,172639.5292053581,-0.39702627054462036
2020-11-05,146.02999877929688,140.32666015625,4,908.6325796498105,908.6325796498105,172862.73750071807,36.41446105294318,WIN,172862.73750071807,0.0
2020-11-06,143.31666564941406,146.02999877929688,4,998.3030018503872,-87.0302501027378,172775.70725061532,37.60889455988818,LOSS,172862.73750071807,-0.050346449073436494
2020-11-09,140.4199981689453,143.31666564941406,4,981.3309883009307,-177.3360038865693,172598.37124672876,37.64528812054553,LOSS,172862.73750071807,-0.15293420537680302
2020-11-10,136.7866668701172,140.4199981689453,4,960.2189307024867,-493.11358882876334,172105.2576579,37.61519484353075,LOSS,172862.73750071807,-0.43819729675109054
2020-11-11,139.0433349609375,136.7866668701172,4,946.3060038765958,946.3060038765958,173051.56366177657,37.879517497145045,WIN,173051.56366177657,0.0
2020-11-12,137.25332641601562,139.0433349609375,4,932.7797768760095,216.77635890725946,173268.34002068383,37.186458256858955,LOSS,173268.34002068383,0.0
2020-11-13,136.1666717529297,137.25332641601562,4,907.0745735833314,472.41270834895636,173740.75272903277,36.85642604224907,LOSS,173740.75272903277,0.0
2020-11-16,136.02999877929688,136.1666717529297,4,891.5230156969905,836.8538262438655,174577.60655527664,36.653134328498226,LOSS,174577.60655527664,0.0
2020-11-17,147.20333862304688,136.02999877929688,4,881.2965745110482,881.2965745110482,175458.90312978768,36.426262482296394,WIN,175458.90312978768,0.0
2020-11-18,162.2133331298828,147.20333862304688,4,1149.760052306354,1149.760052306354,176608.66318209402,40.83143828677879,WIN,176608.66318209402,0.0
2020-11-19,166.42333984375,162.2133331298828,4,1532.9404607039273,1532.9404607039273,178141.60364279794,46.25343610352259,WIN,178141.60364279794,0.0
2020-11-20,163.20333862304688,166.42333984375,4,1581.0485241178465,293.04803583659645,178434.65167863455,46.41882930504882,LOSS,178434.65167863455,0.0
2020-11-23,173.9499969482422,163.20333862304688,4,1559.569233278004,1559.569233278004,179994.22091191256,46.603461504330014,WIN,179994.22091191256,0.0
2020-11-24,185.1266632080078,173.9499969482422,4,1743.0421235944764,1743.0421235944764,181737.26303550703,48.139235877028106,WIN,181737.26303550703,0.0
2020-11-25,191.3333282470703,185.1266632080078,4,1926.922554572704,1926.922554572704,183664.18559007972,49.42344410805093,WIN,183664.18559007972,0.0
2020-11-27,195.25332641601562,191.3333282470703,4,1896.3446374300456,1896.3446374300456,185560.53022750976,47.77824331937628,WIN,185560.53022750976,0.0
2020-11-30,189.1999969482422,195.25332641601562,4,1934.0088343567136,-487.3229527526614,185073.2072747571,47.75812570670026,LOSS,185560.53022750976,-0.2626220954182336
2020-12-01,194.9199981689453,189.1999969482422,4,1783.238542111896,1783.238542111896,186856.44581686897,46.17075704832148,WIN,186856.44581686897,0.0
2020-12-02,189.60667419433594,194.9199981689453,4,1835.798647305034,-289.5309425387161,186566.91487433025,46.14782169341645,LOSS,186856.44581686897,-0.15494833013279216
2020-12-03,197.7933349609375,189.60667419433594,4,1796.7023206486995,1796.7023206486995,188363.61719497896,46.338740715799474,WIN,188363.61719497896,0.0
2020-12-04,199.67999267578125,197.7933349609375,4,1878.5925044072221,1878.5925044072221,190242.20969938618,46.41086997745089,WIN,190242.20969938618,0.0
2020-12-07,213.9199981689453,199.67999267578125,4,1880.9129778816641,1880.9129778816641,192123.12267726785,46.15252003056837,WIN,192123.12267726785,0.0
2020-12-08,216.6266632080078,213.9199981689453,4,2061.8019865490096,2061.8019865490096,194184.92466381687,46.875323460639414,WIN,194184.92466381687,0.0
2020-12-09,201.4933319091797,216.6266632080078,4,2029.8156603630428,-4023.5168591682072,190161.40780464865,45.988725978460465,LOSS,194184.92466381687,-2.072002688228213
2020-12-10,209.02333068847656,201.4933319091797,4,2077.4558970211865,2077.4558970211865,192238.86370166985,49.09809899875563,WIN,194184.92466381687,-1.0021689199180337
2020-12-11,203.3300018310547,209.02333068847656,4,2162.7711934972685,-114.56034947148146,192124.30335219836,49.219593465240315,LOSS,194184.92466381687,-1.0611644107728577
2020-12-14,213.27667236328125,203.3300018310547,4,2138.7905711275494,2138.7905711275494,194263.0939233259,49.787709060976866,WIN,194263.0939233259,0.0
2020-12-15,211.0833282470703,213.27667236328125,4,2237.6048905327716,1360.2672440483966,195623.3611673743,49.69757151105372,LOSS,195623.3611673743,0.0
2020-12-16,207.58999633789062,211.0833282470703,4,2230.9453793242033,833.6126156523283,196456.97378302662,49.95377104907871,LOSS,196456.97378302662,0.0
2020-12-17,218.63333129882812,207.58999633789062,4,2121.4720830908655,2121.4720830908655,198578.4458661175,48.79791683271063,WIN,198578.4458661175,0.0
2020-12-18,231.6666717529297,218.63333129882812,4,2033.5761384205175,2033.5761384205175,200612.022004538,45.761187592103155,WIN,200612.022004538,0.0
2020-12-21,216.6199951171875,231.6666717529297,4,2220.3807352750414,-3798.2899190218336,196813.73208551618,46.69734772899099,LOSS,200612.022004538,-1.8933510968429947
2020-12-22,213.44667053222656,216.6199951171875,4,2251.367046686962,982.0372127025871,197795.76929821877,49.37215775162662,LOSS,200612.022004538,-1.403830477445431
2020-12-23,215.32666015625,213.44667053222656,4,2155.021721159173,2155.021721159173,199950.79101937794,48.39037527449219,WIN,200612.022004538,-0.3296068593262648
2020-12-24,220.58999633789062,215.32666015625,4,2075.740343401779,2075.740343401779,202026.53136277973,46.88117028216439,WIN,202026.53136277973,0.0
2020-12-28,221.22999572753906,220.58999633789062,4,2113.293960766637,2113.293960766637,204139.82532354636,46.683498573065194,WIN,204139.82532354636,0.0
2020-12-29,221.99667358398438,221.22999572753906,4,2114.203573106522,2114.203573106522,206254.0288966529,46.605438816110066,WIN,206254.0288966529,0.0
2020-12-30,231.5933380126953,221.99667358398438,4,2068.3137181902202,2068.3137181902202,208322.3426148431,45.81264486562469,WIN,208322.3426148431,0.0
2020-12-31,235.22332763671875,231.5933380126953,4,2184.649309954534,2184.649309954534,210506.99192479765,46.19713430461305,WIN,210506.99192479765,0.0
2021-01-04,243.2566680908203,235.22332763671875,4,2165.4832975619483,2165.4832975619483,212672.4752223596,45.446227055663414,WIN,212672.4752223596,0.0
2021-01-05,245.0366668701172,243.2566680908203,4,2219.576897724627,2219.576897724627,214892.0521200842,45.17619482568058,WIN,214892.0521200842,0.0
2021-01-06,251.9933319091797,245.0366668701172,4,2236.2891949658974,2236.2891949658974,217128.34131505011,45.18254953980396,WIN,217128.34131505011,0.0
2021-01-07,272.0133361816406,251.9933319091797,4,2151.4581388922297,2151.4581388922297,219279.79945394234,43.23598122889131,WIN,219279.79945394234,0.0
2021-01-08,293.3399963378906,272.0133361816406,4,2541.4001018763097,2541.4001018763097,221821.19955581866,45.89881890473261,WIN,221821.19955581866,0.0
2021-01-11,270.39666748046875,293.3399963378906,4,2571.682633455831,-6605.648909512919,215215.55064630575,43.99379893660331,LOSS,221821.19955581866,-2.977915962378823
2021-01-12,283.14666748046875,270.39666748046875,4,2742.4822398874326,2742.4822398874326,217958.0328861932,48.5429706353428,WIN,221821.19955581866,-1.74156783813323
2021-01-13,284.8033447265625,283.14666748046875,4,2835.646910157193,2835.646910157193,220793.6797963504,48.12071706963565,WIN,221821.19955581866,-0.4632198191722904
2021-01-14,281.6666564941406,284.8033447265625,4,2811.330673787036,1556.6553808182862,222350.3351771687,47.64569199121149,LOSS,222350.3351771687,0.0
2021-01-15,275.38665771484375,281.6666564941406,4,2782.0082686906335,270.0087569718835,222620.34393414058,47.66495099160722,LOSS,222620.34393414058,0.0
2021-01-19,281.51666259765625,275.38665771484375,4,2736.741046671769,2736.741046671769,225357.08498081233,47.86622649205159,WIN,225357.08498081233,0.0
2021-01-20,283.48333740234375,281.51666259765625,4,2734.629156361926,2734.629156361926,228091.71413717425,47.125756824474806,WIN,228091.71413717425,0.0
2021-01-21,281.663330078125,283.48333740234375,4,2653.598133048384,1925.5952033608842,230017.30934053514,45.95755470094372,LOSS,230017.30934053514,0.0
2021-01-22,282.21331787109375,281.663330078125,4,2366.3540787766838,2366.3540787766838,232383.66341931184,42.78487531830066,WIN,232383.66341931184,0.0
2021-01-25,293.6000061035156,282.21331787109375,4,2335.960193585096,2335.960193585096,234719.62361289695,42.374548583473754,WIN,234719.62361289695,0.0
2021-01-26,294.36334228515625,293.6000061035156,4,2461.0979153620924,2461.0979153620924,237180.72152825905,42.722466369482206,WIN,237180.72152825905,0.0
2021-01-27,288.0533447265625,294.36334228515625,4,2472.4532215952318,-51.54580184226825,237129.17572641678,42.778154634505086,LOSS,237180.72152825905,-0.021732711457378547
2021-01-28,278.4766540527344,288.0533447265625,4,2478.86469389662,-1351.8115756346301,235777.36415078214,43.46026453908385,LOSS,237180.72152825905,-0.5916827339230853
2021-01-29,264.510009765625,278.4766540527344,4,2494.789654783767,-3091.868060059983,232685.49609072215,44.628125481591496,LOSS,237180.72152825905,-1.8952743749880647
2021-02-01,279.9366760253906,264.510009765625,4,2477.42161093794,2477.42161093794,235162.9177016601,45.97539428189641,WIN,237180.72152825905,-0.8507452939671291
2021-02-02,290.92999267578125,279.9366760253906,4,2729.982927520027,2729.982927520027,237892.90062918013,47.25218651331229,WIN,237892.90062918013,0.0
2021-02-03,284.89666748046875,290.92999267578125,4,2849.6924060496303,436.36232792463034,238329.26295710477,47.39429419983731,LOSS,238329.26295710477,0.0
2021-02-04,283.3299865722656,284.89666748046875,4,2829.3745941307893,2202.7022308495393,240531.9651879543,47.844459045960825,LOSS,240531.9651879543,0.0
2021-02-05,284.07666015625,283.3299865722656,4,2802.303426926918,2802.303426926918,243334.26861488124,47.71008328261451,WIN,243334.26861488124,0.0
2021-02-08,287.8066711425781,284.07666015625,4,2555.5301971213803,2555.5301971213803,245889.7988120026,44.751200634452616,WIN,245889.7988120026,0.0
2021-02-09,283.1533203125,287.8066711425781,4,2289.6719397741185,428.3316077428685,246318.1304197455,41.31064158674471,LOSS,246318.1304197455,0.0
2021-02-10,268.2733459472656,283.1533203125,4,1901.8738057524238,-4050.115940341326,242268.01447940417,37.213606348918475,LOSS,246318.1304197455,-1.6442622122210826
2021-02-11,270.5533447265625,268.2733459472656,4,1836.4067379533726,1836.4067379533726,244104.42121735754,37.63864267540322,WIN,246318.1304197455,-0.8987195536989573
2021-02-12,272.0400085449219,270.5533447265625,4,1854.9992587674178,1854.9992587674178,245959.42047612494,37.675134204439075,WIN,246318.1304197455,-0.14562872128384388
2021-02-16,265.40667724609375,272.0400085449219,4,1863.213354895867,-790.119164635383,245169.30131148957,37.651076228070565,LOSS,246318.1304197455,-0.46640054725091495
2021-02-17,266.04998779296875,265.40667724609375,4,1823.1539058872297,1823.1539058872297,246992.45521737682,37.71802223866554,WIN,246992.45521737682,0.0
2021-02-18,262.4599914550781,266.04998779296875,4,1793.9767867968505,357.97825164060055,247350.43346901741,37.300397732872256,LOSS,247350.43346901741,0.0
2021-02-19,260.4333190917969,262.4599914550781,4,1770.482496440286,959.813551127786,248310.2470201452,37.30938304255574,LOSS,248310.2470201452,0.0
2021-02-22,238.1666717529297,260.4333190917969,4,1757.3545852752577,-7149.304350271617,241160.9426698736,37.31628432861221,LOSS,248310.2470201452,-2.879182166691494
2021-02-23,232.94667053222656,238.1666717529297,4,1914.9574162027868,-173.04307207846318,240987.89959779513,41.591152832496704,LOSS,248310.2470201452,-2.948870419252583
2021-02-24,247.33999633789062,232.94667053222656,4,1767.8790227990476,1767.8790227990476,242755.77862059418,40.09892195329255,WIN,248310.2470201452,-2.2369066384523384
2021-02-25,227.4066619873047,247.33999633789062,4,2107.092999738563,-5866.240740495812,236889.53788009836,43.1739920207726,LOSS,248310.2470201452,-4.599370858472987
2021-02-26,225.1666717529297,227.4066619873047,4,2126.56580317447,1230.5697094244701,238120.10758952284,45.92677789562778,LOSS,248310.2470201452,-4.103793360487313
2021-03-01,239.47666931152344,225.1666717529297,4,2086.5532693881382,2086.5532693881382,240206.66085891097,45.64674827935512,WIN,248310.2470201452,-3.2634924488544383
2021-03-02,228.81333923339844,239.47666931152344,4,2338.0793733677924,-1927.2526578822076,238279.40820102877,47.289035635731814,LOSS,248310.2470201452,-4.039639499171634
2021-03-03,217.73333740234375,228.81333923339844,4,2132.023627603156,-2299.977104818719,235979.43109621006,45.81553465616517,LOSS,248310.2470201452,-4.965890885258055
2021-03-04,207.14666748046875,217.73333740234375,4,1985.308509034171,-2249.359459715829,233730.07163649422,45.155192661991414,LOSS,248310.2470201452,-5.871757431930753
2021-03-05,199.31666564941406,207.14666748046875,4,1927.3522956095524,-1204.6484368123226,232525.42319968189,45.771040906759445,LOSS,248310.2470201452,-6.356895863094492
2021-03-08,187.6666717529297,199.31666564941406,4,1866.53376462521,-2793.46379396854,229731.95940571334,45.970717744632765,LOSS,248310.2470201452,-7.4818851969989915
2021-03-09,224.52667236328125,187.6666717529297,4,1792.9945192848563,1792.9945192848563,231524.9539249982,46.59736326527221,WIN,248310.2470201452,-6.75980685315223
2021-03-10,222.68666076660156,224.52667236328125,4,3364.6958545930247,2628.6912159211497,234153.64514091937,64.56064002843462,LOSS,248310.2470201452,-5.701175061888335
2021-03-11,233.1999969482422,222.68666076660156,4,3336.4790535225075,3336.4790535225075,237490.1241944419,64.5510923274881,WIN,248310.2470201452,-4.357501535095929
2021-03-12,231.2433319091797,233.1999969482422,4,3517.591202969811,2734.925187344811,240225.0493817867,64.8856757013178,LOSS,248310.2470201452,-3.256086986093074
2021-03-15,235.97999572753906,231.2433319091797,4,3483.6148169230555,3483.6148169230555,243708.66419870974,64.82186077011983,WIN,248310.2470201452,-1.8531586499779638
2021-03-16,225.6266632080078,235.97999572753906,4,3568.23081395087,-573.10219386163,243135.56200484812,65.00768881428671,LOSS,248310.2470201452,-2.0839595133088764
2021-03-17,233.93666076660156,225.6266632080078,4,3436.5757913181037,3436.5757913181037,246572.13779616624,65.37261984120194,WIN,248310.2470201452,-0.6999748277959551
2021-03-18,217.72000122070312,233.93666076660156,4,3603.041525870867,-2883.622292488508,243688.5155036777,65.9366072084135,LOSS,248310.2470201452,-1.861272972795415
2021-03-19,218.2899932861328,217.72000122070312,4,3437.059857281358,3437.059857281358,247125.57536095908,67.20929159369827,WIN,248310.2470201452,-0.4770933432682791
2021-03-22,223.3333282470703,218.2899932861328,4,3448.0230630306055,3448.0230630306055,250573.5984239897,67.23906168500085,WIN,250573.5984239897,0.0
2021-03-23,220.72000122070312,223.3333282470703,4,3399.269644862732,2353.938834315857,252927.53725830556,65.3374383827306,LOSS,252927.53725830556,0.0
2021-03-24,210.08999633789062,220.72000122070312,4,3352.4496202769,-899.5523328480999,252027.98492545745,65.23189974328903,LOSS,252927.53725830556,-0.3556561466573041
2021-03-25,213.4633331298828,210.08999633789062,4,3142.4465733962124,3142.4465733962124,255170.43149885366,64.46768222213282,WIN,255170.43149885366,0.0
2021-03-26,206.23666381835938,213.4633331298828,4,3072.2984658009095,181.63074119153453,255352.0622400452,62.59914486653686,LOSS,255352.0622400452,0.0
2021-03-29,203.76333618164062,206.23666381835938,4,2988.7592491424593,1999.4281944549593,257351.49043450016,62.92742446633747,LOSS,257351.49043450016,0.0
2021-03-30,211.8733367919922,203.76333618164062,4,2853.27321427525,2853.27321427525,260204.7636487754,61.310167281301126,WIN,260204.7636487754,0.0
2021-03-31,222.64332580566406,211.8733367919922,4,2974.7876711073104,2974.7876711073104,263179.55131988274,61.434278258771066,WIN,263179.55131988274,0.0
2021-04-01,220.5833282470703,222.64332580566406,4,3130.9428838182225,2306.9438603807225,265486.4951802635,61.50766090649008,LOSS,265486.4951802635,0.0
2021-04-05,230.35000610351562,220.5833282470703,4,3040.385034732129,3040.385034732129,268526.8802149956,60.584262621457476,WIN,268526.8802149956,0.0
2021-04-06,230.5399932861328,230.35000610351562,4,3160.702736448714,3160.702736448714,271687.5829514443,60.378951526306224,WIN,271687.5829514443,0.0
2021-04-07,223.6566619873047,230.5399932861328,4,3043.234686634508,289.90216710325785,271977.48511854757,58.65642836667855,LOSS,271977.48511854757,0.0
2021-04-08,227.93333435058594,223.6566619873047,4,1848.0357299496272,1848.0357299496272,273825.5208484972,42.32672320133019,WIN,273825.5208484972,0.0
2021-04-09,225.67333984375,227.93333435058594,4,1893.4169010347955,989.4190983004205,274814.9399467976,42.47245297938464,LOSS,274814.9399467976,0.0
2021-04-12,233.9933319091797,225.67333984375,4,1786.2807321736589,1786.2807321736589,276601.22067897127,41.17751942005015,WIN,276601.22067897127,0.0
2021-04-13,254.10667419433594,233.9933319091797,4,1908.963142319126,1908.963142319126,278510.1838212904,41.980692651346175,WIN,278510.1838212904,0.0
2021-04-14,244.07666015625,254.10667419433594,4,2364.4102086471075,-1647.5954065872675,276862.5884147031,45.77271302129589,LOSS,278510.1838212904,-0.5915745643414226
2021-04-15,246.28334045410156,244.07666015625,4,2254.8516981147186,2254.8516981147186,279117.4401128178,45.552782232046155,WIN,279117.4401128178,0.0
2021-04-16,246.5933380126953,246.28334045410156,4,2232.174327116787,2232.174327116787,281349.6144399346,44.97451097181798,WIN,281349.6144399346,0.0
2021-04-19,238.2100067138672,246.5933380126953,4,1994.780248397508,-1358.552271133742,279991.06216880085,41.75301622104115,LOSS,281349.6144399346,-0.482869782437108
2021-04-20,239.663330078125,238.2100067138672,4,1996.166604247848,1996.166604247848,281987.22877304873,42.71378332898895,WIN,281987.22877304873,0.0
2021-04-21,248.0399932861328,239.663330078125,4,1993.4291335748937,1993.4291335748937,283980.6579066236,42.507951163987414,WIN,283980.6579066236,0.0
2021-04-22,239.89666748046875,248.0399932861328,4,2089.763910681127,-1167.566411584498,282813.0914950391,42.863428056750635,LOSS,283980.6579066236,-0.4111429349418614
2021-04-23,243.13333129882812,239.89666748046875,4,1957.5518712712967,1957.5518712712967,284770.6433663104,41.986595334398714,WIN,284770.6433663104,0.0
2021-04-26,246.06666564941406,243.13333129882812,4,1982.1916860453882,1982.1916860453882,286752.8350523558,41.96250152190257,WIN,286752.8350523558,0.0
2021-04-27,234.913330078125,246.06666564941406,4,1924.1370985130704,-2537.1971300025543,284215.6379223532,40.86081823407221,LOSS,286752.8350523558,-0.884802805712209
2021-04-28,231.46665954589844,234.913330078125,4,1946.5536175234174,567.8854046327924,284783.523326986,42.40423874577136,LOSS,286752.8350523558,-0.6867627742931333
2021-04-29,225.6666717529297,231.46665954589844,4,1889.039137615297,-430.955979572203,284352.5673474138,41.99053820970994,LOSS,286752.8350523558,-0.8370510807691677
2021-04-30,236.47999572753906,225.6666717529297,4,1778.1939025331997,1778.1939025331997,286130.761249947,41.05977885662904,WIN,286752.8350523558,-0.21693728060096878
2021-05-03,228.3000030517578,236.47999572753906,4,1948.4485848312236,-1323.5484854812764,284807.2127644657,42.24918857300845,LOSS,286752.8350523558,-0.678501500267582
2021-05-04,224.53334045410156,228.3000030517578,4,1862.5599873781534,355.89494831565344,285163.10771278135,41.9813319243857,LOSS,286752.8350523558,-0.5543894062230185
2021-05-05,223.64666748046875,224.53334045410156,4,1842.635422337906,1487.966232884781,286651.07394566614,42.14048543194599,LOSS,286752.8350523558,-0.03548739341009671
2021-05-06,221.17999267578125,223.64666748046875,4,1799.0858182127386,812.4158963377386,287463.48984200385,41.60409450696238,LOSS,287463.48984200385,0.0
2021-05-07,224.1233367919922,221.17999267578125,4,1768.462203419423,1768.462203419423,289231.95204542327,41.44289350418178,WIN,289231.95204542327,0.0
2021-05-10,209.67999267578125,224.1233367919922,4,1796.1352274681335,-3981.2024190162415,285250.74962640705,41.50397321929452,LOSS,289231.95204542327,-1.3764739306502969
2021-05-11,205.73333740234375,209.67999267578125,4,1769.8698357717603,191.20772639676034,285441.9573528038,42.915368668765616,LOSS,289231.95204542327,-1.3103651466641113
2021-05-12,196.6300048828125,205.73333740234375,4,1382.4350126434683,-2258.8979951690317,283183.05935763475,37.2228157899981,LOSS,289231.95204542327,-2.0913639191698152
2021-05-13,190.56333923339844,196.6300048828125,4,1334.5928960470185,-1092.0733637186065,282090.9859939161,37.44698683294987,LOSS,289231.95204542327,-2.4689409316663897
2021-05-14,196.5800018310547,190.56333923339844,4,1291.861003683656,1291.861003683656,283382.84699759976,37.41999273023218,WIN,289231.95204542327,-2.0222886878365784
2021-05-17,192.27667236328125,196.5800018310547,4,1405.3351416144599,-315.99664549491513,283066.85035210487,38.64283789537679,LOSS,289231.95204542327,-2.1315424003881094
2021-05-18,192.6233367919922,192.27667236328125,4,1357.2867047644736,1357.2867047644736,284424.13705686934,38.345545734198225,WIN,289231.95204542327,-1.662269660925593
2021-05-19,187.82000732421875,192.6233367919922,4,1354.6399452033374,-566.6918419060376,283857.4452149633,38.25808797840838,LOSS,289231.95204542327,-1.8581995496873491
2021-05-20,195.5933380126953,187.82000732421875,4,1235.890497357819,1235.890497357819,285093.3357123211,36.76191816769699,WIN,289231.95204542327,-1.4308987315662158
2021-05-21,193.6266632080078,195.5933380126953,4,1389.1440253987396,602.4741035237396,285695.80981584487,38.48833595125889,LOSS,289231.95204542327,-1.2225973667746972
2021-05-24,202.14666748046875,193.6266632080078,4,1351.5300891243382,1351.5300891243382,287047.3399049692,38.084453130058876,WIN,289231.95204542327,-0.7553149384100454
2021-05-25,201.56333923339844,202.14666748046875,4,1514.201477200625,1280.8701783725,288328.2100833417,39.77285795415456,LOSS,289231.95204542327,-0.3124626984295453
2021-05-26,206.3766632080078,201.56333923339844,4,1453.929042996781,1453.929042996781,289782.1391263385,38.85561956810836,WIN,289782.1391263385,0.0
2021-05-27,210.28334045410156,206.3766632080078,4,1524.4562167444124,1524.4562167444124,291306.5953430829,39.42943385298659,WIN,291306.5953430829,0.0
2021-05-28,208.4066619873047,210.28334045410156,4,1557.5068149915958,806.8354282728458,292113.43077135575,39.49537662409049,LOSS,292113.43077135575,0.0
2021-06-01,207.96665954589844,208.4066619873047,4,1422.5522051493608,1246.5512285868608,293359.9819999426,37.57437049961614,LOSS,293359.9819999426,0.0
2021-06-02,201.7066650390625,207.96665954589844,4,1379.2247398986426,-1124.7730628357324,292235.2089371069,36.93311701865724,LOSS,293359.9819999426,-0.3834105303551452
2021-06-03,190.94667053222656,201.7066650390625,4,1360.9246050502572,-2943.073197684118,289292.13573942275,37.3137647519882,LOSS,293359.9819999426,-1.3866397975578921
2021-06-04,199.68333435058594,190.94667053222656,4,1380.1678859610429,1380.1678859610429,290672.3036253838,38.90445578072011,WIN,293359.9819999426,-0.9161707592957683
2021-06-07,201.7100067138672,199.68333435058594,4,1550.528778914647,1550.528778914647,292222.8324042985,40.68011974433439,WIN,293359.9819999426,-0.3876294196269663
2021-06-08,201.19667053222656,201.7100067138672,4,1562.180179897817,1356.845707241567,293579.67811154004,40.613133468303666,LOSS,293579.67811154004,0.0
2021-06-09,199.5933380126953,201.19667053222656,4,1402.8203381912485,761.4873303787485,294341.16544191877,38.05899085667945,LOSS,294341.16544191877,0.0
2021-06-10,203.3733367919922,199.5933380126953,4,1380.2877018539507,1380.2877018539507,295721.4531437727,37.870866039339816,WIN,295721.4531437727,0.0
2021-06-11,203.29666137695312,203.3733367919922,4,1330.496080002057,1299.825913986432,297021.27905775915,36.63608196850382,LOSS,297021.27905775915,0.0
2021-06-14,205.89666748046875,203.29666137695312,4,1276.0231390045399,1276.0231390045399,298297.3021967637,35.75808740600857,WIN,298297.3021967637,0.0
2021-06-15,199.7866668701172,205.89666748046875,4,1256.1826074501416,-1187.8176366904834,297109.4845600732,35.177274001490446,LOSS,298297.3021967637,-0.3981992555557872
2021-06-16,201.6233367919922,199.7866668701172,4,1240.5154558568972,1240.5154558568972,298350.0000159301,35.53500019012148,WIN,298350.0000159301,0.0
2021-06-17,205.53334045410156,201.6233367919922,4,1254.1568209880556,1254.1568209880556,299604.15683691815,35.571695135872375,WIN,299604.15683691815,0.0
2021-06-18,207.77000427246094,205.53334045410156,4,1249.3496179683425,1249.3496179683425,300853.5064548865,35.102993889061665,WIN,300853.5064548865,0.0
2021-06-21,206.94332885742188,207.77000427246094,4,1191.1220016163006,860.4518356006756,301713.9582904872,33.95974233894691,LOSS,301713.9582904872,0.0
2021-06-22,207.90333557128906,206.94332885742188,4,1179.40383193877,1179.40383193877,302893.3621224259,33.84821107700745,WIN,302893.3621224259,0.0
2021-06-23,218.85667419433594,207.90333557128906,4,1086.2884214370486,1086.2884214370486,303979.65054386295,32.279959742552194,WIN,303979.65054386295,0.0
2021-06-24,226.60667419433594,218.85667419433594,4,1288.6897283945002,1288.6897283945002,305268.34027225745,34.473660964456556,WIN,305268.34027225745,0.0
2021-06-25,223.9566650390625,226.60667419433594,4,1367.4743823436918,307.4707202343168,305575.8109924918,34.95747230744791,LOSS,305575.8109924918,0.0
2021-06-28,229.57333374023438,223.9566650390625,4,1353.5606120406283,1353.5606120406283,306929.3716045324,34.988156878961675,WIN,306929.3716045324,0.0
2021-06-29,226.9199981689453,229.57333374023438,4,1402.197312811996,340.86308429637097,307270.23468882876,35.199783868089355,LOSS,307270.23468882876,0.0
2021-06-30,226.56666564941406,226.9199981689453,4,1398.4411254277927,1257.1081176152927,308527.34280644404,35.3812327632125,LOSS,308527.34280644404,0.0
2021-07-01,225.97332763671875,226.56666564941406,4,1327.0195141129777,1089.6843090348527,309617.0271154789,34.37047760980823,LOSS,309617.0271154789,0.0
2021-07-02,226.3000030517578,225.97332763671875,4,1093.8110586509588,1093.8110586509588,310710.83817412984,31.00826120027273,WIN,310710.83817412984,0.0
2021-07-06,219.86000061035156,226.3000030517578,4,989.4036152319229,-1586.597361330577,309124.24081279925,29.459323226197657,LOSS,310710.83817412984,-0.5106347015939675
2021-07-07,214.88333129882812,219.86000061035156,4,1043.758117653514,-946.9096069558609,308177.33120584337,30.700470757242385,LOSS,310710.83817412984,-0.8153906002038565
2021-07-08,217.60333251953125,214.88333129882812,4,1064.884490611555,1064.884490611555,309242.2156964549,31.389239687289994,WIN,310710.83817412984,-0.4726653522307656
2021-07-09,218.98333740234375,217.60333251953125,4,1073.7744078613284,1073.7744078613284,310315.99010431627,31.319488392553236,WIN,310710.83817412984,-0.1270789497186081
2021-07-12,228.56666564941406,218.98333740234375,4,1066.2073740964638,1066.2073740964638,311382.1974784127,31.102364176112545,WIN,311382.1974784127,0.0
2021-07-13,222.84666442871094,228.56666564941406,4,1213.1952446558503,-1074.8052436253997,310307.3922347873,32.5540301338653,LOSS,311382.1974784127,-0.34517234842879396
2021-07-14,217.7933349609375,222.84666442871094,4,1235.924374757048,-785.4074123523269,309521.98482243496,33.34191989855992,LOSS,311382.1974784127,-0.5974049483373939
2021-07-15,216.86666870117188,217.7933349609375,4,1182.1568782476566,811.4903743414066,310333.4751967764,32.95103779845198,LOSS,311382.1974784127,-0.33679583808224167
2021-07-16,214.74000549316406,216.86666870117188,4,1179.988846114511,329.32356291138603,310662.79875968775,32.99467995327877,LOSS,311382.1974784127,-0.23103399120138604
2021-07-19,215.4066619873047,214.74000549316406,4,1162.7053117894548,1162.7053117894548,311825.5040714772,32.90670708971972,WIN,311825.5040714772,0.0
2021-07-20,220.1666717529297,215.4066619873047,4,1161.8452481995266,1161.8452481995266,312987.34931967675,32.838083327590105,WIN,312987.34931967675,0.0
2021-07-21,218.42999267578125,220.1666717529297,4,1207.8819017542467,513.2102708948717,313500.5595905716,33.14395373589829,LOSS,313500.5595905716,0.0
2021-07-22,216.4199981689453,218.42999267578125,4,1205.3770516651457,401.3792489307707,313901.9388395024,33.25028625707035,LOSS,313901.9388395024,0.0
2021-07-23,214.4600067138672,216.4199981689453,4,1031.9108563737436,247.91427434249363,314149.8531138449,30.7689881032929,LOSS,314149.8531138449,0.0
2021-07-26,219.2066650390625,214.4600067138672,4,929.4166572785094,929.4166572785094,315079.26977112336,29.332540232085634,WIN,315079.26977112336,0.0
2021-07-27,214.92666625976562,219.2066650390625,4,985.4824828614176,-726.5170288573324,314352.75274226605,29.86805596557224,LOSS,315079.26977112336,-0.23058230056996848
2021-07-28,215.66000366210938,214.92666625976562,4,934.7099001770026,934.7099001770026,315287.4626424431,29.38287060241641,WIN,315287.4626424431,0.0
2021-07-29,225.78334045410156,215.66000366210938,4,934.9437808966242,934.9437808966242,316222.4064233397,29.33754922142719,WIN,316222.4064233397,0.0
2021-07-30,229.06666564941406,225.78334045410156,4,1147.1192858900329,1147.1192858900329,317369.5257092297,31.802570267623445,WIN,317369.5257092297,0.0
2021-08-02,236.55667114257812,229.06666564941406,4,1176.6190275810493,1176.6190275810493,318546.14473681076,31.9876383258368,WIN,318546.14473681076,0.0
2021-08-03,236.5800018310547,236.55667114257812,4,1280.5035792491906,1280.5035792491906,319826.64831605996,32.902126831055874,WIN,319826.64831605996,0.0
2021-08-04,236.97332763671875,236.5800018310547,4,1213.2030153986705,1213.2030153986705,321039.8513314586,31.95955619523759,WIN,321039.8513314586,0.0
2021-08-05,238.2100067138672,236.97332763671875,4,1163.111290702488,1163.111290702488,322202.9626221611,31.23232903983005,WIN,322202.9626221611,0.0
2021-08-06,233.03334045410156,238.2100067138672,4,1164.7688945739442,-905.8976093323058,321297.0650128288,31.171071444575823,LOSS,322202.9626221611,-0.2811574424890089
2021-08-09,237.9199981689453,233.03334045410156,4,1186.048705849326,1186.048705849326,322483.1137186781,31.832301294164903,WIN,322483.1137186781,0.0
2021-08-10,236.663330078125,237.9199981689453,4,1111.1645577884099,608.4973214602849,323091.6110401384,30.44565982369425,LOSS,323091.6110401384,0.0
2021-08-11,235.94000244140625,236.663330078125,4,1049.8149771549731,760.4839224674731,323852.09496260586,29.670361855732548,LOSS,323852.09496260586,0.0
2021-08-12,240.75,235.94000244140625,4,992.9367679921266,992.9367679921266,324845.03173059796,28.918070953079564,WIN,324845.03173059796,0.0
2021-08-13,239.05667114257812,240.75,4,1027.1682389430187,349.83669597426865,325194.86842657224,29.110237356528547,LOSS,325194.86842657224,0.0
2021-08-16,228.72332763671875,239.05667114257812,4,1013.3875601853273,-3119.9498421584226,322074.9185844138,29.019539034207565,LOSS,325194.86842657224,-0.9594093096407168
2021-08-17,221.90333557128906,228.72332763671875,4,1139.760141486175,-1588.2366846857,320486.68189972814,31.48018328406888,LOSS,325194.86842657224,-1.447804680813158
2021-08-18,229.663330078125,221.90333557128906,4,1145.501003011959,1145.501003011959,321632.1829027401,32.07224664256479,WIN,325194.86842657224,-1.095554041510529
2021-08-19,224.49000549316406,229.663330078125,4,1252.226160576406,-817.1036734079689,320815.0792293321,33.03225946523216,LOSS,325194.86842657224,-1.346819898613831
2021-08-20,226.75332641601562,224.49000549316406,4,1254.0601495486355,1254.0601495486355,322069.13937888073,33.47482740675505,WIN,325194.86842657224,-0.9611864611563775
2021-08-23,235.43333435058594,226.75332641601562,4,1261.8556180393807,1261.8556180393807,323330.9949969201,33.40411896360007,WIN,325194.86842657224,-0.5731558553400065
2021-08-24,236.163330078125,235.43333435058594,4,1364.4446066155715,1364.4446066155715,324695.4396035357,34.16668425897425,WIN,325194.86842657224,-0.15357832226965729
2021-08-25,237.06666564941406,236.163330078125,4,1332.9032594182065,1332.9032594182065,326028.3428629539,33.6657394321198,WIN,326028.3428629539,0.0
2021-08-26,233.72000122070312,237.06666564941406,4,1337.9292944521983,-0.7364770321767082,326027.6063859217,33.66472968274407,LOSS,326028.3428629539,-0.00022589356057825107
2021-08-27,237.30667114257812,233.72000122070312,4,1215.8639025831892,1215.8639025831892,327243.4702885049,32.20474016736949,WIN,327243.4702885049,0.0
2021-08-30,243.6366729736328,237.30667114257812,4,1235.96412455408,1235.96412455408,328479.434413059,32.224830254577256,WIN,328479.434413059,0.0
2021-08-31,245.24000549316406,243.6366729736328,4,1244.9202864611043,1244.9202864611043,329724.3546995201,31.898879794421553,WIN,329724.3546995201,0.0
2021-09-01,244.69667053222656,245.24000549316406,4,1254.514060691608,1037.180076316608,330761.5347758367,31.91777517165885,LOSS,330761.5347758367,0.0
2021-09-02,244.1300048828125,244.69667053222656,4,1252.9684030380286,1026.3021432724036,331787.8369191091,31.934449842789025,LOSS,331787.8369191091,0.0
2021-09-03,244.52333068847656,244.1300048828125,4,1250.2646032179002,1250.2646032179002,333038.101522327,31.93712953641885,WIN,333038.101522327,0.0
2021-09-07,250.97332763671875,244.52333068847656,4,1210.7459901685595,1210.7459901685595,334248.84751249553,31.37539443493695,WIN,334248.84751249553,0.0
2021-09-08,251.2899932861328,250.97332763671875,4,1259.9531404090571,1259.9531404090571,335508.8006529046,31.60297283633288,WIN,335508.8006529046,0.0
2021-09-09,251.6199951171875,251.2899932861328,4,1256.5124690238265,1256.5124690238265,336765.3131219284,31.536768281215565,WIN,336765.3131219284,0.0
2021-09-10,245.42333984375,251.6199951171875,4,1255.3662511670784,-1223.2958582079216,335542.0172637205,31.500014751136238,LOSS,336765.3131219284,-0.36324877015021195
2021-09-13,247.6666717529297,245.42333984375,4,1253.78838801568,1253.78838801568,336795.8056517362,31.89535861535197,WIN,336795.8056517362,0.0
2021-09-14,248.163330078125,247.6666717529297,4,1263.9929925098097,1263.9929925098097,338059.798644246,31.878588737029595,WIN,338059.798644246,0.0
2021-09-15,251.94332885742188,248.163330078125,4,1096.980450827681,1096.980450827681,339156.7790950737,29.619089094850704,WIN,339156.7790950737,0.0
2021-09-16,252.3300018310547,251.94332885742188,4,1010.2933799654771,1010.2933799654771,340167.07247503917,28.261836732915718,WIN,340167.07247503917,0.0
2021-09-17,253.163330078125,252.3300018310547,4,928.0858761392254,928.0858761392254,341095.1583511784,27.164053054320966,WIN,341095.1583511784,0.0
2021-09-20,243.38999938964844,253.163330078125,4,845.950414814966,-3063.3818605756587,338031.77649060276,26.051039749722246,LOSS,341095.1583511784,-0.8981018304052558
2021-09-21,246.4600067138672,243.38999938964844,4,998.2804156788407,998.2804156788407,339030.0569062816,28.564658188585014,WIN,341095.1583511784,-0.6054326466782116
2021-09-22,250.64666748046875,246.4600067138672,4,900.0543177146138,900.0543177146138,339930.1112239962,27.077618205047294,WIN,341095.1583511784,-0.34156073419919386
2021-09-23,251.2133331298828,250.64666748046875,4,936.1837487472709,936.1837487472709,340866.2949727435,27.35259481775508,WIN,341095.1583511784,-0.0670966364756426
2021-09-24,258.1300048828125,251.2133331298828,4,938.3048351812498,938.3048351812498,341804.59980792477,27.352654698544193,WIN,341804.59980792477,0.0
2021-09-27,263.78668212890625,258.1300048828125,4,986.9815849355834,986.9815849355834,342791.58139286033,27.645313276954305,WIN,342791.58139286033,0.0
2021-09-28,259.1866760253906,263.78668212890625,4,1026.8059018772449,-813.1965395290051,341978.3848533313,27.873437350852527,LOSS,342791.58139286033,-0.23722768692999016
2021-09-29,260.4366760253906,259.1866760253906,4,1006.2981748471426,1006.2981748471426,342984.68302817846,27.840237180840436,WIN,342984.68302817846,0.0
2021-09-30,258.49334716796875,260.4366760253906,4,1010.2491386934352,232.91759572468516,343217.60062390316,27.828780607975148,LOSS,343217.60062390316,0.0
2021-10-01,258.40667724609375,258.49334716796875,4,1010.9890329567742,976.3210642067742,344193.9216881099,27.93469246270006,LOSS,344193.9216881099,0.0
2021-10-04,260.510009765625,258.40667724609375,4,1008.9634423034331,1008.9634423034331,345202.88513041334,27.91310647783824,WIN,345202.88513041334,0.0
2021-10-05,260.1966552734375,260.510009765625,4,1019.4710845282392,894.1292876532392,346097.0144180666,27.94224241570266,LOSS,346097.0144180666,0.0
2021-10-06,260.9166564941406,260.1966552734375,4,961.171615887399,961.171615887399,347058.18603395397,27.216822407938558,WIN,347058.18603395397,0.0
2021-10-07,264.53668212890625,260.9166564941406,4,963.849771678951,963.849771678951,348022.03580563294,27.217056355053735,WIN,348022.03580563294,0.0
2021-10-08,261.8299865722656,264.53668212890625,4,991.5292431084848,-91.14897954776518,347930.88682608516,27.395916956588774,LOSS,348022.03580563294,-0.026190577081357188
2021-10-11,263.9800109863281,261.8299865722656,4,917.0487036589059,917.0487036589059,348847.9355297441,26.58329323628662,WIN,348847.9355297441,0.0
2021-10-12,268.5733337402344,263.9800109863281,4,923.4411622880874,923.4411622880874,349771.37669203215,26.569037257243565,WIN,349771.37669203215,0.0
2021-10-13,270.3599853515625,268.5733337402344,4,960.844202639667,960.844202639667,350732.2208946718,26.831753610177362,WIN,350732.2208946718,0.0
2021-10-14,272.7733459472656,270.3599853515625,4,953.1970806068987,953.1970806068987,351685.4179752787,26.660020724032357,WIN,351685.4179752787,0.0
2021-10-15,281.010009765625,272.7733459472656,4,964.1452504076075,964.1452504076075,352649.5632256863,26.689597784307438,WIN,352649.5632256863,0.0
2021-10-18,290.03668212890625,281.010009765625,4,1068.6365150738368,1068.6365150738368,353718.19974076014,27.576715964523082,WIN,353718.19974076014,0.0
2021-10-19,288.0899963378906,290.03668212890625,4,918.0307911956428,139.3564747893928,353857.5562155495,25.467991288098617,LOSS,353857.5562155495,0.0
2021-10-20,288.6000061035156,288.0899963378906,4,940.5002246469213,940.5002246469213,354798.05644019647,25.796668289627362,WIN,354798.05644019647,0.0
2021-10-21,298.0,288.6000061035156,4,934.6400685131009,934.6400685131009,355732.6965087096,25.710434573566317,WIN,355732.6965087096,0.0
2021-10-22,303.2266540527344,298.0,4,1042.2985968387736,1042.2985968387736,356774.99510554835,26.567377848603055,WIN,356774.99510554835,0.0
2021-10-25,341.6199951171875,303.2266540527344,4,1022.8467867986218,1022.8467867986218,357797.841892347,26.155839167753456,WIN,357797.841892347,0.0
2021-10-26,339.4766540527344,341.6199951171875,4,2455.665791694154,1598.329365912904,359396.17125825986,38.77305588363815,LOSS,359396.17125825986,0.0
2021-10-27,345.9533386230469,339.4766540527344,4,2399.077635309501,2399.077635309501,361795.24889356934,38.37186785596989,WIN,361795.24889356934,0.0
2021-10-28,359.0133361816406,345.9533386230469,4,2439.817750880697,2439.817750880697,364235.06664445,38.3237777052675,WIN,364235.06664445,0.0
2021-10-29,371.3333435058594,359.0133361816406,4,2527.256057321213,2527.256057321213,366762.3227017712,38.28078915594426,WIN,366762.3227017712,0.0
2021-11-01,402.86334228515625,371.3333435058594,4,2609.4410756054267,2609.4410756054267,369371.7637773766,38.24034545937535,WIN,369371.7637773766,0.0
2021-11-02,390.6666564941406,402.86334228515625,4,3158.0879306598795,-1720.5863857463705,367651.17739163025,40.92540200979121,LOSS,369371.7637773766,-0.46581427019510396
2021-11-03,404.6199951171875,390.6666564941406,4,3223.089193148354,3223.089193148354,370874.2665847786,42.28506617053159,WIN,370874.2665847786,0.0
2021-11-04,409.9700012207031,404.6199951171875,4,3325.2378957831575,3325.2378957831575,374199.50448056177,42.1790588346416,WIN,374199.50448056177,0.0
2021-11-05,407.36334228515625,409.9700012207031,4,3370.1065809208467,2327.4430067020967,376526.9474872639,42.18633033621235,LOSS,376526.9474872639,0.0
2021-11-08,387.64666748046875,407.36334228515625,4,3330.5504205405596,-4556.11950133444,371970.82798592944,42.03915407643505,LOSS,376526.9474872639,-1.2100380946807405
2021-11-09,341.1666564941406,387.64666748046875,4,3491.108510737493,-15100.895883793757,356869.9321021357,44.78422650769289,LOSS,376526.9474872639,-5.220613163628378
2021-11-10,355.98333740234375,341.1666564941406,4,4001.9427330396957,4001.9427330396957,360871.87483517535,53.79388940565705,WIN,376526.9474872639,-4.157756239377282
2021-11-11,354.5033264160156,355.98333740234375,4,4212.625782194491,3620.621387663241,364492.4962228386,54.13652345217953,LOSS,376526.9474872639,-3.196172636443867
2021-11-12,344.47332763671875,354.5033264160156,4,4209.702385494484,197.70287377573368,364690.1990966143,54.27264138187288,LOSS,376526.9474872639,-3.143665671113737
2021-11-15,337.7966613769531,344.47332763671875,4,4151.578895956146,1480.912392049896,366171.11148866423,54.85811246374575,LOSS,376526.9474872639,-2.750357196930756
2021-11-16,351.57666015625,337.7966613769531,4,4087.6030383190205,4087.6030383190205,370258.71452698327,55.01956773958369,WIN,376526.9474872639,-1.6647501598786998
2021-11-17,363.0033264160156,351.57666015625,4,4283.521085077591,4283.521085077591,374542.2356120609,55.29395581101755,WIN,376526.9474872639,-0.5271101812095775
2021-11-18,365.4599914550781,363.0033264160156,4,4436.968190663734,4436.968190663734,378979.2038027246,55.423577255828604,WIN,378979.2038027246,0.0
2021-11-19,379.0199890136719,365.4599914550781,4,4449.315523971383,4449.315523971383,383428.519326696,55.26358102161196,WIN,383428.519326696,0.0
2021-11-22,385.6233215332031,379.0199890136719,4,4642.664645509254,4642.664645509254,388071.18397220527,55.51018557310922,WIN,388071.18397220527,0.0
2021-11-23,369.6766662597656,385.6233215332031,4,4022.3481265540117,-2356.3139828209883,385714.86998938426,49.49652885060324,LOSS,388071.18397220527,-0.6071860215701502
2021-11-24,372.0,369.6766662597656,4,3967.231660685001,3967.231660685001,389682.10165006923,50.49151638968577,WIN,389682.10165006923,0.0
2021-11-26,360.6400146484375,372.0,4,3981.7224114978926,-562.2717291271074,389119.82992094214,50.398680411679486,LOSS,389682.10165006923,-0.1442898523556032
2021-11-29,378.9966735839844,360.6400146484375,4,3855.1817992692795,3855.1817992692795,392975.0117202114,50.3533020654688,WIN,392975.0117202114,0.0
2021-11-30,381.586669921875,378.9966735839844,4,4123.850674234522,4123.850674234522,397098.8623944459,50.98541916217112,WIN,397098.8623944459,0.0
2021-12-01,365.0,381.586669921875,4,3752.6128394400744,-2882.0551293099256,394216.807265136,47.52367392019722,LOSS,397098.8623944459,-0.7257777350283973
2021-12-02,361.5333251953125,365.0,4,3640.577657239699,2253.907735364699,396470.71500050067,47.986517498884886,LOSS,397098.8623944459,-0.15818413333083398
2021-12-03,338.3233337402344,361.5333251953125,4,3521.6249279130493,-5762.3716541182,390708.3433463825,47.2146781526646,LOSS,397098.8623944459,-1.6093017767740692
2021-12-06,336.336669921875,338.3233337402344,4,3444.987526248495,2650.321998904745,393358.66534528724,48.675552922294585,LOSS,397098.8623944459,-0.9418805751811683
2021-12-07,350.5833435058594,336.336669921875,4,3424.8822985243423,3424.8822985243423,396783.54764381156,48.67677256864188,WIN,397098.8623944459,-0.0794045968132637
2021-12-08,356.32000732421875,350.5833435058594,4,3601.6537919675293,3601.6537919675293,400385.2014357791,48.97580211172947,WIN,400385.2014357791,0.0
2021-12-09,334.6000061035156,356.32000732421875,4,2836.102089774371,-5851.898398506879,394533.30303727224,41.32332127054107,LOSS,400385.2014357791,-1.4615671052581334
2021-12-10,339.010009765625,334.6000061035156,4,2778.511497361661,2778.511497361661,397311.8145346339,42.462829882160804,WIN,400385.2014357791,-0.7676075164926353
2021-12-13,322.13665771484375,339.010009765625,4,2829.2524686540773,-3920.0883516584227,393391.72618297546,42.60058041298457,LOSS,400385.2014357791,-1.7466867475933388
2021-12-14,319.5033264160156,322.13665771484375,4,2779.4953563149347,1726.1628367836847,395117.88901975914,43.53545733988551,LOSS,400385.2014357791,-1.3155612138339312
2021-12-15,325.3299865722656,319.5033264160156,4,2742.4794997468166,2742.4794997468166,397860.36851950595,43.3874929152349,WIN,400385.2014357791,-0.6306009580821461
2021-12-16,308.97332763671875,325.3299865722656,4,2707.6289826669504,-3835.0345915517996,394025.33392795414,42.52479492532227,LOSS,400385.2014357791,-1.588437206225034
2021-12-17,310.8566589355469,308.97332763671875,4,2604.1260810991753,2604.1260810991753,396629.4600090533,42.87404840874538,WIN,400385.2014357791,-0.9380320284710189
2021-12-20,299.9800109863281,310.8566589355469,4,2618.9559446971703,-1731.7032349903297,394897.756774063,42.86294713787853,LOSS,400385.2014357791,-1.3705413292095137
2021-12-21,312.84332275390625,299.9800109863281,4,2445.643793107726,2445.643793107726,397343.4005671707,41.962485144996236,WIN,400385.2014357791,-0.7597186054081234
2021-12-22,336.2900085449219,312.84332275390625,4,2668.0076610954484,2668.0076610954484,400011.40822826617,43.204552622122065,WIN,400385.2014357791,-0.09335839740642643
2021-12-23,355.6666564941406,336.2900085449219,4,3180.2872328868025,3180.2872328868025,403191.695461153,46.27601512894879,WIN,403191.695461153,0.0
2021-12-27,364.64666748046875,355.6666564941406,4,3560.57044848329,3560.57044848329,406752.2659096363,48.10819189894912,WIN,406752.2659096363,0.0
2021-12-28,362.8233337402344,364.64666748046875,4,3634.276595243817,2904.943099150067,409657.20900878636,47.96133258626553,LOSS,409657.20900878636,0.0
2021-12-29,362.0633239746094,362.8233337402344,4,3471.474889702102,3167.470983452102,412824.67999223847,46.64301461153045,LOSS,412824.67999223847,0.0
2021-12-30,356.7799987792969,362.0633239746094,4,3460.088290825312,1346.758212700312,414171.4382049388,46.60542826926973,LOSS,414171.4382049388,0.0
2021-12-31,352.260009765625,356.7799987792969,4,3317.2215105819996,1509.2259051132496,415680.66411005205,45.74914229617147,LOSS,415680.66411005205,0.0
2022-01-03,399.9266662597656,352.260009765625,4,3279.047074132656,3279.047074132656,418959.7111841847,45.78529656687835,WIN,418959.7111841847,0.0
2022-01-04,383.1966552734375,399.9266662597656,4,4459.44959532683,-2232.5547992044203,416727.1563849803,51.87736905557718,LOSS,418959.7111841847,-0.5328805466506819
2022-01-05,362.7066650390625,383.1966552734375,4,4392.408272572222,-3803.587821177778,412923.5685638025,52.908798869853,LOSS,418959.7111841847,-1.440745365066513
2022-01-06,354.8999938964844,362.7066650390625,4,4255.2599948878105,1132.5915378565605,414056.1601016591,53.799809858686466,LOSS,418959.7111841847,-1.170411128236127
2022-01-07,342.32000732421875,354.8999938964844,4,4179.056007333645,-852.9386215726054,413203.22148008645,53.94316392141276,LOSS,418959.7111841847,-1.3739960073553639
2022-01-10,352.7066650390625,342.32000732421875,4,3917.4830278987265,3917.4830278987265,417120.70450798515,52.847210341841475,WIN,418959.7111841847,-0.43894594804870957
2022-01-11,354.79998779296875,352.7066650390625,4,4066.93535577789,4066.93535577789,421187.63986376306,53.134024020968674,WIN,421187.63986376306,0.0
2022-01-12,368.739990234375,354.79998779296875,4,3951.7541594377,3951.7541594377,425139.3940232008,51.83539708306764,WIN,425139.3940232008,0.0
2022-01-13,343.85333251953125,368.739990234375,4,4147.5170809430265,-5807.1460049944735,419332.24801820633,52.198632658452134,LOSS,425139.3940232008,-1.365939286416151
2022-01-14,349.8699951171875,343.85333251953125,4,4104.153367306379,4104.153367306379,423436.4013855127,54.47384002648945,WIN,425139.3940232008,-0.4005727678096858
2022-01-18,343.5033264160156,349.8699951171875,4,4041.305168225471,1494.6376877567209,424931.03907326947,53.20093390569013,LOSS,425139.3940232008,-0.04900861996335081
2022-01-19,331.8833312988281,343.5033264160156,4,3995.5832345256995,-652.4148123493005,424278.62426092016,53.468767142341946,LOSS,425139.3940232008,-0.202467655169508
2022-01-20,332.0899963378906,331.8833312988281,4,3856.347810277284,3856.347810277284,428134.97207119747,53.42817758816369,WIN,428134.97207119747,0.0
2022-01-21,314.6333312988281,332.0899963378906,4,3797.2552625674475,-3185.4107530575525,424949.5613181399,52.81577735016543,LOSS,428134.97207119747,-0.7440202181212722
2022-01-24,310.0,314.6333312988281,4,3485.876607913786,1632.5440883825358,426582.1054065224,51.64091534551142,LOSS,428134.97207119747,-0.3627049332510094
2022-01-25,306.1333312988281,310.0,4,3273.696482437438,1727.0290019686881,428309.1344084911,49.924946614662865,LOSS,428309.1344084911,0.0
2022-01-26,312.4700012207031,306.1333312988281,4,3188.5017715906774,3188.5017715906774,431497.63618008175,49.445705024696935,WIN,431497.63618008175,0.0
2022-01-27,276.3666687011719,312.4700012207031,4,3289.494992168083,-11151.838015644416,420345.79816443735,49.8160849612324,LOSS,431497.63618008175,-2.584449387572145
2022-01-28,282.1166687011719,276.3666687011719,4,3325.835834587339,3325.835834587339,423671.6339990247,54.799184906680715,WIN,431497.63618008175,-1.8136836739914255
2022-01-31,312.239990234375,282.1166687011719,4,3431.2028884733763,3431.2028884733763,427102.8368874981,55.22320615838418,WIN,431497.63618008175,-1.0184990424256988
2022-02-01,310.4166564941406,312.239990234375,4,4274.547304478122,3545.213808384372,430648.05069588247,60.27522694379049,LOSS,431497.63618008175,-0.1968922684537528
2022-02-02,301.88665771484375,310.4166564941406,4,3472.5664902650506,60.56697854630056,430708.6176744288,51.9968361562097,LOSS,431497.63618008175,-0.18285581182736052
2022-02-03,297.0466613769531,301.88665771484375,4,3349.4741662728293,1413.4756311165793,432122.0933055454,51.69372030994191,LOSS,432122.0933055454,0.0
2022-02-04,307.7733459472656,297.0466613769531,4,3219.3556735191187,3219.3556735191187,435341.44897906453,50.842914605205564,WIN,435341.44897906453,0.0
2022-02-07,302.4466552734375,307.7733459472656,4,3408.3110142521896,1277.6347447209396,436619.0837237855,51.62412394224472,LOSS,436619.0837237855,0.0
2022-02-08,307.3333435058594,302.4466552734375,4,3318.007670178595,3318.007670178595,439937.0913939641,51.281700385977004,WIN,439937.0913939641,0.0
2022-02-09,310.6666564941406,307.3333435058594,4,3336.773433011015,3336.773433011015,443273.8648269751,50.906747801943574,WIN,443273.8648269751,0.0
2022-02-10,301.51666259765625,310.6666564941406,4,3378.985054116167,-281.0125044775832,442992.8523224975,50.970846686133335,LOSS,443273.8648269751,-0.063394782949197
2022-02-11,286.6666564941406,301.51666259765625,4,3207.7906213691704,-2732.2118200370796,440260.6405024604,50.18468999768535,LOSS,443273.8648269751,-0.679765843107138
2022-02-14,291.9200134277344,286.6666564941406,4,2974.7449379107356,2974.7449379107356,443235.3854403712,49.31875987869273,WIN,443273.8648269751,-0.008680725316153073
2022-02-15,307.4766540527344,291.9200134277344,4,3031.097838440483,3031.097838440483,446266.4832788117,49.33959094587828,WIN,446266.4832788117,0.0
2022-02-16,307.7966613769531,307.4766540527344,4,3342.3522045439554,3342.3522045439554,449608.8354833556,50.950016898255114,WIN,449608.8354833556,0.0
2022-02-17,292.1166687011719,307.7966613769531,4,3307.532356543323,-2964.464713769177,446644.3707695865,50.538511161740516,LOSS,449608.8354833556,-0.6593430733144241
2022-02-18,285.6600036621094,292.1166687011719,4,3227.3387730284567,644.6727574034567,447289.04352698993,51.53820846630864,LOSS,449608.8354833556,-0.5159578222860722
2022-02-22,273.84332275390625,285.6600036621094,4,3076.887781554193,-1649.7845817270568,445639.2589452629,50.62224225339384,LOSS,449608.8354833556,-0.8828955805161662
2022-02-23,254.67999267578125,273.84332275390625,4,2997.523085657254,-4667.808945592746,440971.44999967015,51.20090383284199,LOSS,449608.8354833556,-1.9210889115201177
2022-02-24,266.92333984375,254.67999267578125,4,2924.743757538541,2924.743757538541,443896.1937572087,52.97974347010529,WIN,449608.8354833556,-1.270580396847739
2022-02-25,269.9566650390625,266.92333984375,4,3144.87284865439,3144.87284865439,447041.0666058631,53.96508013934553,WIN,449608.8354833556,-0.5711117475554097
2022-02-28,290.1433410644531,269.9566650390625,4,2718.9774242051426,2718.9774242051426,449760.04403006827,48.309689185692314,WIN,449760.04403006827,0.0
2022-03-01,288.1233215332031,290.1433410644531,4,3135.091166654683,2327.083354154683,452087.1273842229,50.7352314809848,LOSS,452087.1273842229,0.0
2022-03-02,293.2966613769531,288.1233215332031,4,2609.0424853781574,2609.0424853781574,454696.1698696011,44.94758259926641,WIN,454696.1698696011,0.0
2022-03-03,279.7633361816406,293.2966613769531,4,2676.369142560083,-2736.960935564917,451959.20893403614,45.17851931291013,LOSS,454696.1698696011,-0.6019318210553339
2022-03-04,279.42999267578125,279.7633361816406,4,2611.5210907722894,2478.1836884285394,454437.3926224647,45.87178722240411,LOSS,454696.1698696011,-0.05691212380579615
2022-03-07,268.1933288574219,279.42999267578125,4,2600.4468965063475,-1894.2186308374025,452543.1739916273,45.777546998008006,LOSS,454696.1698696011,-0.47350209230731705
2022-03-08,274.79998779296875,268.1933288574219,4,2481.195547801981,2481.195547801981,455024.36953942926,45.596521553928326,WIN,455024.36953942926,0.0
2022-03-09,286.3233337402344,274.79998779296875,4,2575.2216000806284,2575.2216000806284,457599.59113950987,45.99252286825205,WIN,457599.59113950987,0.0
2022-03-10,279.4333190917969,286.3233337402344,4,2759.6164090852717,3.610549710271698,457603.20168922015,46.87505990603594,LOSS,457603.20168922015,0.0
2022-03-11,265.1166687011719,279.4333190917969,4,2702.301240321559,-3024.358915928441,454578.8427732917,46.982661698637244,LOSS,457603.20168922015,-0.6609129710553128
2022-03-14,255.4566650390625,265.1166687011719,4,2626.94993250893,-1237.05153233482,453341.79124095687,47.76980028305279,LOSS,457603.20168922015,-0.9312457676284808
2022-03-15,267.2966613769531,255.4566650390625,4,2493.3294796768646,2493.3294796768646,455835.1207206337,47.279103672839845,WIN,457603.20168922015,-0.38637862717298554
2022-03-16,280.07666015625,267.2966613769531,4,2692.6928743556273,2692.6928743556273,458527.81359498936,48.3159590636162,WIN,458527.81359498936,0.0
2022-03-17,290.5333251953125,280.07666015625,4,2796.2727785570182,2796.2727785570182,461324.0863735464,48.01882762131135,WIN,461324.0863735464,0.0
2022-03-18,301.7966613769531,290.5333251953125,4,2970.637648865528,2970.637648865528,464294.7240224119,48.81526219453555,WIN,464294.7240224119,0.0
2022-03-21,307.0533447265625,301.7966613769531,4,3034.7263118202923,3034.7263118202923,467329.4503342322,48.255549786351516,WIN,467329.4503342322,0.0
2022-03-22,331.32666015625,307.0533447265625,4,3066.3069567432435,3066.3069567432435,470395.7572909754,48.02636899361262,WIN,470395.7572909754,0.0
2022-03-23,333.03668212890625,331.32666015625,4,3443.9133943941483,3443.9133943941483,473839.6706853696,49.37596288702752,WIN,473839.6706853696,0.0
2022-03-24,337.97332763671875,333.03668212890625,4,3118.0174924653434,3118.0174924653434,476957.6881778349,45.9631765481446,WIN,476957.6881778349,0.0
2022-03-25,336.8800048828125,337.97332763671875,4,3097.821758177492,2660.492656614992,479618.1808344499,45.31328698130402,LOSS,479618.1808344499,0.0
2022-03-28,363.9466552734375,336.8800048828125,4,3100.992700120595,3100.992700120595,482719.1735345705,45.442796333370254,WIN,482719.1735345705,0.0
2022-03-29,366.5233459472656,363.9466552734375,4,3393.6344054260426,3393.6344054260426,486112.80793999654,45.838010692405035,WIN,486112.80793999654,0.0
2022-03-30,364.663330078125,366.5233459472656,4,3396.852770675619,2652.846423019369,488765.6543630159,45.6502565623796,LOSS,488765.6543630159,0.0
2022-03-31,359.20001220703125,364.663330078125,4,3395.4871809471706,1210.1600325096706,489975.81439552555,45.794207696895896,LOSS,489975.81439552555,0.0
2022-04-01,361.5299987792969,359.20001220703125,4,3184.076290611679,3184.076290611679,493159.89068613725,44.31609734871073,WIN,493159.89068613725,0.0
2022-04-04,381.8166809082031,361.5299987792969,4,3194.5004499335696,3194.5004499335696,496354.39113607083,44.22251881636995,WIN,496354.39113607083,0.0
2022-04-05,363.7533264160156,381.8166809082031,4,3270.523811940452,-3954.817984934548,492399.5731511363,43.32836114810087,LOSS,496354.39113607083,-0.796773042721077
2022-04-06,348.586669921875,363.7533264160156,4,3364.7527843985877,-2701.9098132576623,489697.6633378786,45.591813339699385,LOSS,496354.39113607083,-1.3411239866249838
2022-04-07,352.4200134277344,348.586669921875,4,3342.7382562893195,3342.7382562893195,493040.4015941679,46.713971327795434,WIN,496354.39113607083,-0.6676660066042222
2022-04-08,341.8299865722656,352.4200134277344,4,3308.25673929905,-927.75400288845,492112.64759127947,46.04542971398793,LOSS,496354.39113607083,-0.8545796351438997
2022-04-11,325.30999755859375,341.8299865722656,4,3081.0396125599773,-3526.9559929087727,488585.6915983707,44.80891420656995,LOSS,496354.39113607083,-1.5651517698713064
2022-04-12,328.98333740234375,325.30999755859375,4,3003.523521510505,3003.523521510505,491589.21511988115,45.53462987030718,WIN,496354.39113607083,-0.9600350276509095
2022-04-13,340.7900085449219,328.98333740234375,4,2972.9720820183643,2972.9720820183643,494562.18720189953,44.88656221112339,WIN,496354.39113607083,-0.3610734519884563
2022-04-14,328.3333435058594,340.7900085449219,4,3037.048943184469,-1945.617072440531,492616.570129459,44.47297463878864,LOSS,496354.39113607083,-0.753054888475262
2022-04-18,334.7633361816406,328.3333435058594,4,2993.4746575499635,2993.4746575499635,495610.044787009,45.15224335458829,WIN,496354.39113607083,-0.1499626803659647
2022-04-19,342.7166748046875,334.7633361816406,4,3002.916895544932,3002.916895544932,498612.9616825539,44.66637342976203,WIN,498612.9616825539,0.0
2022-04-20,325.73333740234375,342.7166748046875,4,3084.947664589032,-3708.387296348468,494904.57438620547,44.76950396710184,LOSS,498612.9616825539,-0.7437406528371471
2022-04-21,336.260009765625,325.73333740234375,4,2760.6337925607536,2760.6337925607536,497665.20817876625,43.02887222982888,WIN,498612.9616825539,-0.19007799167304354
2022-04-22,335.01666259765625,336.260009765625,4,2909.0810094309204,2411.7421422434204,500076.9503210097,43.6114341252607,LOSS,500076.9503210097,0.0
2022-04-25,332.67333984375,335.01666259765625,4,2887.584090924011,1950.254989361511,502027.2053103712,43.505408265120515,LOSS,502027.2053103712,0.0
2022-04-26,292.1400146484375,332.67333984375,4,2869.6687078020414,-13343.66137032296,488683.5439400482,43.52809662157739,LOSS,502027.2053103712,-2.657955829719119
2022-04-27,293.836669921875,292.1400146484375,4,2826.7411975797377,2826.7411975797377,491510.2851376279,47.000298891513395,WIN,502027.2053103712,-2.094890488303583
2022-04-28,292.5033264160156,293.836669921875,4,2841.2127190094543,2307.8753166657043,493818.1604542936,46.97840435611433,LOSS,502027.2053103712,-1.6351792829638505
2022-04-29,290.2533264160156,292.5033264160156,4,2828.584711162564,1928.584711162564,495746.74516545614,46.98139573194033,LOSS,502027.2053103712,-1.25101988069197
2022-05-02,300.9800109863281,290.2533264160156,4,2805.928136371136,2805.928136371136,498552.6733018273,46.97115833789168,WIN,502027.2053103712,-0.692100342728602
2022-05-03,303.0833435058594,300.9800109863281,4,2996.7827702647974,2996.7827702647974,501549.45607209206,47.92885596214902,WIN,502027.2053103712,-0.09516401366809646
2022-05-04,317.5400085449219,303.0833435058594,4,2825.4817519909457,2825.4817519909457,504374.937824083,45.83113197201564,WIN,504374.937824083,0.0
2022-05-05,291.09332275390625,317.5400085449219,4,3043.005385756093,-7535.668930650158,496839.26889343286,46.69299644253263,LOSS,504374.937824083,-1.494060938705577
2022-05-06,288.54998779296875,291.09332275390625,4,2994.480997424019,1977.1470130490188,498816.41590648185,49.02109996005691,LOSS,504374.937824083,-1.1020614825909305
2022-05-09,262.3699951171875,288.54998779296875,4,2952.0196736369007,-7519.977396675599,491296.43850980623,48.834301907062894,LOSS,504374.937824083,-2.59301133611011
2022-05-10,266.67999267578125,262.3699951171875,4,2909.758009132568,2909.758009132568,494206.1965189388,51.677669945188725,WIN,504374.937824083,-2.016107570493696
2022-05-11,244.6666717529297,266.67999267578125,4,2931.5446915971165,-5873.783677543508,488332.4128413953,51.355081109642484,LOSS,504374.937824083,-3.1806744902703854
2022-05-12,242.6666717529297,244.6666717529297,4,2840.0644946961143,2040.0644946961143,490372.4773360914,53.38949695577133,LOSS,504374.937824083,-2.7762006868143474
2022-05-13,256.5299987792969,242.6666717529297,4,2736.116643191732,2736.116643191732,493108.5939792831,52.28923786514358,WIN,504374.937824083,-2.233723962059631
2022-05-16,241.4566650390625,256.5299987792969,4,3041.632767211105,-2987.700728882645,490120.8932504005,54.212781740534886,LOSS,504374.937824083,-2.826081056916847
2022-05-17,253.8699951171875,241.4566650390625,4,2894.52484748379,2894.52484748379,493015.4180978843,54.645793733320325,WIN,504374.937824083,-2.252197497204103
2022-05-18,236.60333251953125,253.8699951171875,4,3134.058321290454,-3772.606717772046,489242.81138011225,55.827682829746735,LOSS,504374.937824083,-3.0001741381623903
2022-05-19,236.47332763671875,236.60333251953125,4,2968.486622413992,2916.484669288992,492159.2960494012,56.492850552312014,LOSS,504374.937824083,-2.4219367098970332
2022-05-20,221.3000030517578,236.47332763671875,4,2907.636173106577,-3161.693660877798,488997.6023885234,55.66464014132767,LOSS,504374.937824083,-3.0487905489314704
2022-05-23,224.96665954589844,221.3000030517578,4,2774.2029506127674,2774.2029506127674,491771.80533913616,56.458715502289984,WIN,504374.937824083,-2.498762634661799
2022-05-24,209.3866729736328,224.96665954589844,4,2849.9800027569004,-3382.0146261493496,488389.79071298684,56.896976778816466,LOSS,504374.937824083,-3.1692984548473975
2022-05-25,219.60000610351562,209.3866729736328,4,2435.9677371495427,2435.9677371495427,490825.7584501364,53.475256941770795,WIN,504374.937824083,-2.686330814215106
2022-05-26,235.91000366210938,219.60000610351562,4,2655.087664703513,2655.087664703513,493480.8461148399,54.985777974941286,WIN,504374.937824083,-2.159919316419881
2022-05-27,253.2100067138672,235.91000366210938,4,3059.7429469852955,3059.7429469852955,496540.5890618252,57.894105738632604,WIN,504374.937824083,-1.5532787564853827
2022-05-31,252.75332641601562,253.2100067138672,4,3471.00295335713,3288.330834216505,499828.9198960417,60.334951083366676,LOSS,504374.937824083,-0.9013171724299499
2022-06-01,246.7899932861328,252.75332641601562,4,3412.8369947886454,1027.5037428355204,500856.4236388772,59.655781990331725,LOSS,504374.937824083,-0.6975989331240315
2022-06-02,258.3333435058594,246.7899932861328,4,3332.93867399469,3332.93867399469,504189.3623128719,59.664122869213294,WIN,504374.937824083,-0.036793166609687365
2022-06-03,234.51666259765625,258.3333435058594,4,3485.8316037543113,-6040.840759526938,498148.52155334497,59.62569277073485,LOSS,504374.937824083,-1.2344816928452784
2022-06-06,238.27999877929688,234.51666259765625,4,3201.215730137579,3201.215730137579,501349.73728348257,60.1440242091818,WIN,504374.937824083,-0.5997920026818615
2022-06-07,238.8866729736328,238.27999877929688,4,3268.5833260071995,3268.5833260071995,504618.32060948975,60.36605393030361,WIN,504618.32060948975,0.0
2022-06-08,241.86666870117188,238.8866729736328,4,3081.637297361379,3081.637297361379,507699.95790685114,57.66272903710354,WIN,507699.95790685114,0.0
2022-06-09,239.7066650390625,241.86666870117188,4,3116.0689815177006,2252.0675166739506,509952.0254235251,57.607894452191495,LOSS,509952.0254235251,0.0
2022-06-10,232.22999572753906,239.7066650390625,4,2899.3817684839714,-91.28595612540357,509860.73946739966,55.00224145829011,LOSS,509952.0254235251,-0.01790089098079386
2022-06-13,215.73666381835938,232.22999572753906,4,2834.687950590378,-3762.644813081497,506098.0946543182,55.36881270568418,LOSS,509952.0254235251,-0.7557437909980127
2022-06-14,220.88999938964844,215.73666381835938,4,2652.4271571535505,2652.4271571535505,508750.5218114717,55.66104541722038,WIN,509952.0254235251,-0.2356111069576546
2022-06-15,233.0,220.88999938964844,4,2660.5864120764068,2660.5864120764068,511411.10822354816,54.83458965662926,WIN,511411.10822354816,0.0
2022-06-16,213.10000610351562,233.0,4,2817.6897781195494,-5142.307780474201,506268.80044307397,54.99413317936209,LOSS,511411.10822354816,-1.0055135091485703
2022-06-17,216.75999450683594,213.10000610351562,4,2644.1943691866504,2644.1943691866504,508912.9948122606,56.03637094446435,WIN,511411.10822354816,-0.4884746090019555
2022-06-21,237.0366668701172,216.75999450683594,4,2700.661907328074,2700.661907328074,511613.6567195887,56.20501916366139,WIN,511613.6567195887,0.0
2022-06-22,236.086669921875,237.0366668701172,4,3076.1804938790697,2696.1817145821947,514309.8384341709,57.91956536840078,LOSS,514309.8384341709,0.0
2022-06-23,235.07000732421875,236.086669921875,4,3061.634091527209,2654.969052464709,516964.8074866356,57.88849945625208,LOSS,516964.8074866356,0.0
2022-06-24,245.7066650390625,235.07000732421875,4,2893.8565272033884,2893.8565272033884,519858.664013839,55.71353459780768,WIN,519858.664013839,0.0
2022-06-27,244.9199981689453,245.7066650390625,4,3016.239440231124,2701.572692184249,522560.2367060232,55.59830576944019,LOSS,522560.2367060232,0.0
2022-06-28,232.663330078125,244.9199981689453,4,2859.658725021448,-2043.008511306677,520517.22819471656,53.61437345606124,LOSS,522560.2367060232,-0.3909613414493295
2022-06-29,228.49000549316406,232.663330078125,4,2627.754045868668,958.4242118842931,521475.6524066008,52.35216734453706,LOSS,522560.2367060232,-0.20755201472257212
2022-06-30,224.47332763671875,228.49000549316406,4,2586.853748710279,980.182606132154,522455.835012733,52.44240192481491,LOSS,522560.2367060232,-0.019978882042061916
2022-07-01,227.26333618164062,224.47332763671875,4,2535.308834856227,2535.308834856227,524991.1438475893,52.35297164475488,WIN,524991.1438475893,0.0
2022-07-05,233.06666564941406,227.26333618164062,4,2494.302361060906,2494.302361060906,527485.4462086501,51.29767042963482,WIN,527485.4462086501,0.0
2022-07-06,231.73333740234375,233.06666564941406,4,2312.0569874140983,1778.7256885859733,529264.1718972361,47.807822327692215,LOSS,529264.1718972361,0.0
2022-07-07,244.5433349609375,231.73333740234375,4,2290.795226051823,2290.795226051823,531554.967123288,47.69315142917918,WIN,531554.967123288,0.0
2022-07-08,250.76333618164062,244.5433349609375,4,2526.407663512553,2526.407663512553,534081.3747868005,49.166983068101636,WIN,534081.3747868005,0.0
2022-07-11,234.3433380126953,250.76333618164062,4,2606.4300732425463,-3961.5691943355787,530119.8055924649,49.374870587563414,LOSS,534081.3747868005,-0.7417538565011788
2022-07-12,233.07000732421875,234.3433380126953,4,2580.25356596311,2070.921290572485,532190.7268830374,51.414035240550305,LOSS,534081.3747868005,-0.3539999694836453
2022-07-13,237.0399932861328,233.07000732421875,4,2534.919587332533,2534.919587332533,534725.6464703699,50.969701221030114,WIN,534725.6464703699,0.0
2022-07-14,238.31333923339844,237.0399932861328,4,2394.984657977968,2394.984657977968,537120.6311283478,48.41489821496023,WIN,537120.6311283478,0.0
2022-07-15,240.06666564941406,238.31333923339844,4,2395.201565765166,2395.201565765166,539515.832694113,48.23936725107494,WIN,539515.832694113,0.0
2022-07-18,240.54666137695312,240.06666564941406,4,2315.8769641290623,2315.8769641290623,541831.7096582421,46.90381772461892,WIN,541831.7096582421,0.0
2022-07-19,245.52999877929688,240.54666137695312,4,1992.3454255566294,1992.3454255566294,543824.0550837987,42.392037430419684,WIN,543824.0550837987,0.0
2022-07-20,247.5,245.52999877929688,4,2037.5068376133722,2037.5068376133722,545861.5619214121,42.44438772105144,WIN,545861.5619214121,0.0
2022-07-21,271.7066650390625,247.5,4,1659.4369151410845,1659.4369151410845,547520.9988365532,37.17402724173487,WIN,547520.9988365532,0.0
2022-07-22,272.24334716796875,271.7066650390625,4,2285.7012182860185,2285.7012182860185,549806.7000548393,42.821350067510984,WIN,549806.7000548393,0.0
2022-07-25,268.4333190917969,272.24334716796875,4,2284.6941906192974,760.6829601505474,550567.3830149898,42.75427165205977,LOSS,550567.3830149898,0.0
2022-07-26,258.8599853515625,268.4333190917969,4,2199.424521536344,-1629.908974557406,548937.4740404324,42.0976528320447,LOSS,550567.3830149898,-0.296041688054928
2022-07-27,274.82000732421875,258.8599853515625,4,2193.131896829317,2193.131896829317,551130.6059372617,43.01940199203288,WIN,551130.6059372617,0.0
2022-07-28,280.8999938964844,274.82000732421875,4,2324.5885285853747,2324.5885285853747,553455.1944658471,42.974142089729064,WIN,553455.1944658471,0.0
2022-07-29,297.1499938964844,280.8999938964844,4,2344.1482110048064,2344.1482110048064,555799.3426768519,42.59893795548291,WIN,555799.3426768519,0.0
2022-08-01,297.27667236328125,297.1499938964844,4,2538.549141346054,2538.549141346054,558337.8918181979,43.25328056904628,WIN,558337.8918181979,0.0
2022-08-02,300.586669921875,297.27667236328125,4,2549.7244876041227,2549.7244876041227,560887.616305802,43.36556620934738,WIN,560887.616305802,0.0
2022-08-03,307.39666748046875,300.586669921875,4,2571.096295064887,2571.096295064887,563458.7126008669,43.28835272081949,WIN,563458.7126008669,0.0
2022-08-04,308.6333312988281,307.39666748046875,4,2611.8622780716432,2611.8622780716432,566070.5748789386,43.100247894551686,WIN,566070.5748789386,0.0
2022-08-05,288.1700134277344,308.6333312988281,4,2529.754897935722,-5655.572250501778,560415.0026284368,42.10782366618822,LOSS,566070.5748789386,-0.9990931345815582
2022-08-08,290.42333984375,288.1700134277344,4,2642.52155744061,2642.52155744061,563057.5241858774,45.3269534881195,WIN,566070.5748789386,-0.5322747421919223
2022-08-09,283.3333435058594,290.42333984375,4,2378.2061681655587,-457.79236699069133,562599.7318188867,42.08176833683178,LOSS,566070.5748789386,-0.6131467018567764
2022-08-10,294.3566589355469,283.3333435058594,4,2370.9095101810944,2370.9095101810944,564970.6413290678,42.67427964601444,WIN,566070.5748789386,-0.19431032077689042
2022-08-11,286.6300048828125,294.3566589355469,4,2502.5889108549804,-588.0727102387696,564382.568618829,43.11736923114789,LOSS,566070.5748789386,-0.29819713919427826
2022-08-12,300.0299987792969,286.6300048828125,4,2504.2294448858174,2504.2294448858174,566886.7980637149,43.89425489370015,WIN,566886.7980637149,0.0
2022-08-15,309.32000732421875,300.0299987792969,4,2686.8251155954413,2686.8251155954413,569573.6231793104,44.61650127116569,WIN,569573.6231793104,0.0
2022-08-16,306.5633239746094,309.32000732421875,4,2781.808464815516,1679.135124971766,571252.7583042821,44.74255309486719,LOSS,571252.7583042821,0.0
2022-08-17,303.9966735839844,306.5633239746094,4,2777.3554824447397,1750.6953261947397,573003.4536304768,44.961965988384186,LOSS,573003.4536304768,0.0
2022-08-18,302.8699951171875,303.9966735839844,4,2773.37104576604,2322.69965904729,575326.1532895241,45.17158869658208,LOSS,575326.1532895241,0.0
2022-08-19,296.6666564941406,302.8699951171875,4,2335.94614196474,-145.38930725400996,575180.7639822701,40.50736564911361,LOSS,575326.1532895241,-0.025270762753041246
2022-08-22,289.913330078125,296.6666564941406,4,2326.0854384049667,-375.2451280012833,574805.5188542688,40.930802567416876,LOSS,575326.1532895241,-0.0904937890062008
2022-08-23,296.4533386230469,289.913330078125,4,2295.602630459028,2295.602630459028,577101.1214847278,41.187109383619934,WIN,577101.1214847278,0.0
2022-08-24,297.0966796875,296.4533386230469,4,2264.0987255857353,2264.0987255857353,579365.2202103136,40.25794699859569,WIN,579365.2202103136,0.0
2022-08-25,296.07000732421875,297.0966796875,4,2077.740008068487,1667.071062755987,581032.2912730696,38.128764667534924,LOSS,581032.2912730696,0.0
2022-08-26,288.0899963378906,296.07000732421875,4,2051.879924014684,-1140.124470516566,579892.166802553,37.9201027831741,LOSS,581032.2912730696,-0.19622394273793395
2022-08-29,284.82000732421875,288.0899963378906,4,1834.638203166337,526.642597697587,580418.8094002506,36.061111514886825,LOSS,581032.2912730696,-0.10558481551427146
2022-08-30,277.70001220703125,284.82000732421875,4,1820.122403772303,-1027.875643102697,579390.9337571479,36.13436166809061,LOSS,581032.2912730696,-0.2824898960994761
2022-08-31,275.6099853515625,277.70001220703125,4,1794.6428415052665,958.6320993177665,580349.5658564656,36.37278736985333,LOSS,581032.2912730696,-0.11750214693026437
2022-09-01,277.1600036621094,275.6099853515625,4,1733.9784253027674,1733.9784253027674,582083.5442817684,35.80691890685022,WIN,582083.5442817684,0.0
2022-09-02,270.2099914550781,277.1600036621094,4,1745.8452729373712,-1034.1596098751288,581049.3846718932,35.832156330090285,LOSS,582083.5442817684,-0.1776651513402983
2022-09-06,274.4200134277344,270.2099914550781,4,1461.585816202402,1461.585816202402,582510.9704880957,32.88883050098924,WIN,582510.9704880957,0.0
2022-09-07,283.70001220703125,274.4200134277344,4,1501.542242531959,1501.542242531959,584012.5127306277,33.095925781684855,WIN,584012.5127306277,0.0
2022-09-08,289.260009765625,283.70001220703125,4,1604.807069890135,1604.807069890135,585617.3198005178,33.707790916788326,WIN,585617.3198005178,0.0
2022-09-09,299.67999267578125,289.260009765625,4,1545.7311252808515,1545.7311252808515,587163.0509257986,32.672768500642384,WIN,587163.0509257986,0.0
2022-09-12,304.4200134277344,299.67999267578125,4,1642.8974105939271,1642.8974105939271,588805.9483363925,33.13058130446384,WIN,588805.9483363925,0.0
2022-09-13,292.1300048828125,304.4200134277344,4,1506.9849094071933,-3409.0185085615567,585396.929827831,31.371736104519975,LOSS,588805.9483363925,-0.5789714791763484
2022-09-14,302.6099853515625,292.1300048828125,4,1494.4526608982865,1494.4526608982865,586891.3824887293,31.91862364703742,WIN,588805.9483363925,-0.3251607516997081
2022-09-15,303.75,302.6099853515625,4,1664.1854980500816,1664.1854980500816,588555.5679867794,33.18768867708296,WIN,588805.9483363925,-0.042523406959553756
2022-09-16,303.3500061035156,303.75,4,1665.9641037037425,1505.9665451099925,590061.5345318894,33.138793051690214,LOSS,590061.5345318894,0.0
2022-09-19,309.07000732421875,303.3500061035156,4,1662.6567173138571,1662.6567173138571,591724.1912492032,33.12665279864199,WIN,591724.1912492032,0.0
2022-09-20,308.7300109863281,309.07000732421875,4,1679.6699644172538,1543.6714292610038,593267.8626784642,32.97322979098938,LOSS,593267.8626784642,0.0
2022-09-21,300.79998779296875,308.7300109863281,4,1621.7906685755593,-1550.2186087681907,591717.644069696,32.37300649015185,LOSS,593267.8626784642,-0.2613016322457314
2022-09-22,288.5899963378906,300.79998779296875,4,1611.1056500573156,-3272.890931973934,588444.753137722,32.71353498539915,LOSS,593267.8626784642,-0.8129733370297397
2022-09-23,275.3299865722656,288.5899963378906,4,1673.8526158371649,-3630.151290412835,584814.6018473092,34.182048100581625,LOSS,593267.8626784642,-1.4248641065758265
2022-09-26,276.010009765625,275.3299865722656,4,1728.8712533013427,1728.8712533013427,586543.4731006105,35.76673268515984,WIN,593267.8626784642,-1.1334491552423858
2022-09-27,282.94000244140625,276.010009765625,4,1694.7667162695507,1694.7667162695507,588238.2398168801,35.306923222306054,WIN,593267.8626784642,-0.8477827939097371
2022-09-28,287.80999755859375,282.94000244140625,4,1776.5702135187357,1776.5702135187357,590014.8100303988,35.7657229936446,WIN,593267.8626784642,-0.5483278048095535
2022-09-29,268.2099914550781,287.80999755859375,4,1777.911203036388,-6062.0912383698615,583952.718792029,35.429758070827184,LOSS,593267.8626784642,-1.5701413261085004
2022-09-30,265.25,268.2099914550781,4,1939.016530389262,755.019948358012,584707.738740387,38.90923013168462,LOSS,593267.8626784642,-1.442876730155278
2022-10-03,242.39999389648438,265.25,4,1920.1495645106406,-7219.852876895609,577487.8858634915,38.94080220426074,LOSS,593267.8626784642,-2.659840151079453
2022-10-04,249.44000244140625,242.39999389648438,4,2053.6766337654376,2053.6766337654376,579541.5624972569,43.01937800691517,WIN,593267.8626784642,-2.3136766787326466
2022-10-05,240.80999755859375,249.44000244140625,4,2145.263330649179,-1306.738622475821,578234.8238747811,43.44287811743986,LOSS,593267.8626784642,-2.533937829669788
2022-10-06,238.1300048828125,240.80999755859375,4,2039.1145150355624,967.1174447230624,579201.9413195042,43.004391201892844,LOSS,593267.8626784642,-2.3709225197966517
2022-10-07,223.07000732421875,238.1300048828125,4,1983.2483849272849,-4040.750638510215,575161.190680994,42.543683633916245,LOSS,593267.8626784642,-3.0520230635320202
2022-10-10,222.9600067138672,223.07000732421875,4,1874.1584743690798,1830.1582302284548,576991.3489112224,42.785880429332224,LOSS,593267.8626784642,-2.743535389521543
2022-10-11,216.5,222.9600067138672,4,1843.9735194627324,-740.0291660841426,576251.3197451383,42.35185240501406,LOSS,593267.8626784642,-2.8682731703180746
2022-10-12,217.24000549316406,216.5,4,1772.2843668376831,1772.2843668376831,578023.604111976,42.072885029677124,WIN,593267.8626784642,-2.569540594642012
2022-10-13,221.72000122070312,217.24000549316406,4,1685.1382669383117,1685.1382669383117,579708.7423789143,40.65398100223214,WIN,593267.8626784642,-2.285497184751196
2022-10-14,204.99000549316406,221.72000122070312,4,1759.8780450261756,-4932.120245989449,574776.6221329249,41.25044887305266,LOSS,593267.8626784642,-3.1168451400781634
2022-10-17,219.35000610351562,204.99000549316406,4,1747.1686651901696,1747.1686651901696,576523.7907981151,43.18779978721946,WIN,593267.8626784642,-2.8223460149608557
2022-10-18,220.19000244140625,219.35000610351562,4,2102.5428854764436,2102.5428854764436,578626.3336835916,46.70050969359005,WIN,593267.8626784642,-2.4679457486150596
2022-10-19,222.0399932861328,220.19000244140625,4,2116.5834269653046,2116.5834269653046,580742.9171105569,46.79046116297456,WIN,593267.8626784642,-2.111178837727722
2022-10-20,207.27999877929688,222.0399932861328,4,2149.7977300962925,-3754.2000726380825,576988.7170379187,47.02030228173973,LOSS,593267.8626784642,-2.743979012624907
2022-10-21,214.44000244140625,207.27999877929688,4,2070.7316299816566,2070.7316299816566,579059.4486679004,48.03889037263259,WIN,593267.8626784642,-2.3949407855022047
2022-10-24,211.25,214.44000244140625,4,2183.027258509103,907.0262819466029,579966.474949847,48.66761778080775,LOSS,593267.8626784642,-2.2420543173474043
2022-10-25,222.4199981689453,211.25,4,2144.238321686252,2144.238321686252,582110.7132715333,48.56876538956414,WIN,593267.8626784642,-1.8806259547852473
2022-10-26,224.63999938964844,222.4199981689453,4,2349.30047460119,2349.30047460119,584460.0137461345,49.93202534580256,WIN,593267.8626784642,-1.4846327411979348
2022-10-27,225.08999633789062,224.63999938964844,4,2361.156868516411,2361.156868516411,586821.1706146509,49.76136205417434,WIN,593267.8626784642,-1.0866410384523315
2022-10-28,228.52000427246094,225.08999633789062,4,2256.8129574735417,2256.8129574735417,589077.9835721245,48.15876948225161,WIN,593267.8626784642,-0.7062373288556936
2022-10-31,227.5399932861328,228.52000427246094,4,2308.073842757705,1916.0694482264548,590994.053020351,48.402925790630626,LOSS,593267.8626784642,-0.3832686381910956
2022-11-01,227.82000732421875,227.5399932861328,4,2058.1361060660693,2058.1361060660693,593052.189126417,44.9140616026023,WIN,593267.8626784642,-0.036353486445970105
2022-11-02,214.97999572753906,227.82000732421875,4,2021.4148368635967,-3114.589801808278,589937.5993246088,44.34422341595595,LOSS,593267.8626784642,-0.5613422811780159
2022-11-03,215.30999755859375,214.97999572753906,4,1972.0430518712237,1972.0430518712237,591909.64237648,45.33733134277699,WIN,593267.8626784642,-0.22893879601906417
2022-11-04,207.47000122070312,215.30999755859375,4,1974.927173189264,-1161.071361966986,590748.571014513,45.33513432359673,LOSS,593267.8626784642,-0.42464657576041914
2022-11-07,197.0800018310547,207.47000122070312,4,1816.0750237396549,-2339.92473211972,588408.6462823933,43.94926282583075,LOSS,593267.8626784642,-0.8190594336481817
2022-11-08,191.3000030517578,197.0800018310547,4,1795.0110170921505,-516.9884946265995,587891.6577877667,45.12198541025814,LOSS,593267.8626784642,-0.9062019416364814
2022-11-09,177.58999633789062,191.3000030517578,4,1742.90086333326,-3741.101822213615,584150.555965553,45.1312217110365,LOSS,593267.8626784642,-1.5367943026188258
2022-11-10,190.72000122070312,177.58999633789062,4,1732.7043419440529,1732.7043419440529,585883.2603074971,47.26747620164007,WIN,593267.8626784642,-1.2447332538168014
2022-11-11,195.97000122070312,190.72000122070312,4,2027.6497241248767,2027.6497241248767,587910.910031622,50.160555275054186,WIN,593267.8626784642,-0.9029568233574519
2022-11-14,190.9499969482422,195.97000122070312,4,1965.1686280439837,-42.833080940391255,587868.0769506816,48.164179732379175,LOSS,593267.8626784642,-0.9101766786091814
2022-11-15,194.4199981689453,190.9499969482422,4,1765.2514918197583,1765.2514918197583,589633.3284425014,45.57355671303562,WIN,593267.8626784642,-0.6126295497540891
2022-11-16,186.9199981689453,194.4199981689453,4,1812.6662917395922,-1187.3337082604078,588445.9947342409,45.834432305448516,LOSS,593267.8626784642,-0.8127640560966222
2022-11-17,183.1699981689453,186.9199981689453,4,1766.6453858678753,266.64538586787535,588712.6401201088,46.25738545656783,LOSS,593267.8626784642,-0.7678188630999757
2022-11-18,180.19000244140625,183.1699981689453,4,1628.353608991804,436.3553179761791,589148.995438085,44.40041176867004,LOSS,593267.8626784642,-0.6942677160673068
2022-11-21,167.8699951171875,180.19000244140625,4,1551.364467085272,-3376.638462602228,585772.3569754828,43.47358702700902,LOSS,593267.8626784642,-1.2634268893549938
2022-11-22,169.91000366210938,167.8699951171875,4,1543.8642567729034,1543.8642567729034,587316.2212322557,45.41550753762767,WIN,593267.8626784642,-1.0031963334973533
2022-11-23,183.1999969482422,169.91000366210938,4,1458.188145205575,1458.188145205575,588774.4093774613,43.38269608766453,WIN,593267.8626784642,-0.7574071652416793
2022-11-25,182.86000061035156,183.1999969482422,4,1799.3996254864364,1663.4010903301864,590437.8104677915,47.483378804346316,LOSS,593267.8626784642,-0.47702772873885757
2022-11-28,182.9199981689453,182.86000061035156,4,1793.9852016890131,1793.9852016890131,592231.7956694806,47.44585122194903,WIN,593267.8626784642,-0.17463730536590658
2022-11-29,180.8300018310547,182.9199981689453,4,1779.5940276902936,943.5954925340436,593175.3911620146,47.175016940846284,LOSS,593267.8626784642,-0.015586806949579143
2022-11-30,194.6999969482422,180.8300018310547,4,1758.210537406531,1758.210537406531,594933.6016994211,47.15580785383836,WIN,594933.6016994211,0.0
2022-12-01,194.6999969482422,194.6999969482422,4,2100.3774540326754,2100.3774540326754,597033.9791534537,50.67717314997388,WIN,597033.9791534537,0.0
2022-12-02,194.86000061035156,194.6999969482422,4,2029.1174503582542,2029.1174503582542,599063.096603812,49.46674524099074,WIN,599063.096603812,0.0
2022-12-05,182.4499969482422,194.86000061035156,4,2030.5726682453699,-2933.4287965983804,596129.6678072136,49.46314201474395,LOSS,599063.096603812,-0.48966942100563915
2022-12-06,179.82000732421875,182.4499969482422,4,1965.7060335032224,913.7101838938474,597043.3779911074,50.6314702815814,LOSS,599063.096603812,-0.33714622452203485
2022-12-07,174.0399932861328,179.82000732421875,4,1886.7509141111864,-425.2547011231886,596618.1232899842,49.70048869243417,LOSS,599063.096603812,-0.40813285406641225
2022-12-08,173.44000244140625,174.0399932861328,4,1829.9218115539568,1589.9254736633318,598208.0487636476,49.7730278875098,LOSS,599063.096603812,-0.14273084838839187
2022-12-09,179.0500030517578,173.44000244140625,4,1698.3698706681664,1698.3698706681664,599906.4186343157,47.384861110046835,WIN,599906.4186343157,0.0
2022-12-12,167.82000732421875,179.0500030517578,4,1622.60606842189,-2869.392222593735,597037.026411722,44.970762773651,LOSS,599906.4186343157,-0.4783066380796408
2022-12-13,160.9499969482422,167.82000732421875,4,1584.6525189840263,-1163.3516314065987,595873.6747803154,46.228371891796655,LOSS,599906.4186343157,-0.6722288224854924
2022-12-14,156.8000030517578,160.9499969482422,4,1540.15051596994,-119.84704262381001,595753.8277376916,46.646903728853864,LOSS,599906.4186343157,-0.6922064454781955
2022-12-15,157.6699981689453,156.8000030517578,4,1489.3677326538632,1489.3677326538632,597243.1954703454,46.413397278646286,WIN,599906.4186343157,-0.44393976814468766
2022-12-16,150.22999572753906,157.6699981689453,4,1480.5234243527434,-1495.4775522097566,595747.7179181357,46.0545509333828,LOSS,599906.4186343157,-0.6932249075859684
2022-12-19,149.8699951171875,150.22999572753906,4,1443.429989289345,1299.42974514872,597047.1476632844,46.7759177195078,LOSS,599906.4186343157,-0.4766194996780323
2022-12-20,137.8000030517578,149.8699951171875,4,1439.5950483146787,-3388.401777857196,593658.7458854272,46.76762035908555,LOSS,599906.4186343157,-1.0414412239681137
2022-12-21,137.57000732421875,137.8000030517578,4,1357.9864933598587,1265.9882023442337,594924.7340877715,47.59156808459356,LOSS,599906.4186343157,-0.8304102759702087
2022-12-22,125.3499984741211,137.57000732421875,4,1347.1482424715618,-3540.8552975675007,591383.878790204,47.385504097538345,LOSS,599906.4186343157,-1.4206448838325978
2022-12-23,123.1500015258789,125.3499984741211,4,1170.5222660756322,290.52348677875716,591674.4022769827,45.88263719384156,LOSS,599906.4186343157,-1.3722167494178839
2022-12-27,109.0999984741211,123.1500015258789,4,1144.472810441457,-4475.528410261668,587198.873866721,45.73477873716221,LOSS,599906.4186343157,-2.1182545098489416
2022-12-28,112.70999908447266,109.0999984741211,4,1148.2210404179602,1148.2210404179602,588347.094907139,49.80645469255401,WIN,599906.4186343157,-1.9268544839862702
2022-12-29,121.81999969482422,112.70999908447266,4,1234.7749797337403,1234.7749797337403,589581.8698868727,51.23134091958259,WIN,599906.4186343157,-1.7210265512655791
2022-12-30,123.18000030517578,121.81999969482422,4,1348.550371901606,1348.550371901606,590930.4202587743,51.61066454023832,WIN,599906.4186343157,-1.4962330951509462
2023-01-03,108.0999984741211,123.18000030517578,4,1373.9009673595453,-4658.099765062329,586272.320493712,51.887078631461996,LOSS,599906.4186343157,-2.272704161365986
2023-01-04,113.63999938964844,108.0999984741211,4,1330.1490593169026,1330.1490593169026,587602.4695530289,55.694306975886846,WIN,599906.4186343157,-2.0509780690956223
2023-01-05,110.33999633789062,113.63999938964844,4,1457.0957572822056,137.09453657908057,587739.564089608,57.40488638333288,LOSS,599906.4186343157,-2.0281254153615293
2023-01-06,113.05999755859375,110.33999633789062,4,1414.5412004373786,1414.5412004373786,589154.1052900454,57.39763866032157,WIN,599906.4186343157,-1.7923317721367165
2023-01-09,119.7699966430664,113.05999755859375,4,1475.8348655420057,1475.8348655420057,590629.9401555874,58.170574415577164,WIN,599906.4186343157,-1.5463209244945553
2023-01-10,118.8499984741211,119.7699966430664,4,1642.253226178185,1274.25395860006,591904.1941141875,60.347267137463454,LOSS,599906.4186343157,-1.3339121355536165
2023-01-11,123.22000122070312,118.8499984741211,4,1597.6880371862035,1597.6880371862035,593501.8821513737,59.458195975261546,WIN,599906.4186343157,-1.0675892579249204
2023-01-12,123.55999755859375,123.22000122070312,4,1665.4918377417346,1665.4918377417346,595167.3739891154,59.701318471219544,WIN,599906.4186343157,-0.7899639840475087
2023-01-13,122.4000015258789,123.55999755859375,4,1662.310105383601,1198.3116922976635,596365.685681413,59.4931534033594,LOSS,599906.4186343157,-0.590214213904085
2023-01-17,131.49000549316406,122.4000015258789,4,1643.8040192942165,1643.8040192942165,598009.4897007073,59.41479355559272,WIN,599906.4186343157,-0.3162041402935498
2023-01-18,128.77999877929688,131.49000549316406,4,1863.0625991251654,779.0599135782904,598788.5496142856,61.85907776548719,LOSS,599906.4186343157,-0.18634056667954296
2023-01-19,127.16999816894531,128.77999877929688,4,1804.6142723861321,1160.6140282455071,599949.1636425311,61.34415885996903,LOSS,599949.1636425311,0.0
2023-01-20,133.4199981689453,127.16999816894531,4,1782.3844822684734,1782.3844822684734,601731.5481247996,61.35277727336018,WIN,601731.5481247996,0.0
2023-01-23,143.75,133.4199981689453,4,1822.8815112363172,1822.8815112363172,603554.4296360359,60.18523473296917,WIN,603554.4296360359,0.0
2023-01-24,143.88999938964844,143.75,4,2052.6513560035087,2052.6513560035087,605607.0809920394,62.224391446128635,WIN,605607.0809920394,0.0
2023-01-25,144.42999267578125,143.88999938964844,4,1912.2746186055022,1912.2746186055022,607519.3556106449,58.95200414163586,WIN,607519.3556106449,0.0
2023-01-26,160.27000427246094,144.42999267578125,4,1908.29327704974,1908.29327704974,609427.6488876947,58.69651124839316,WIN,609427.6488876947,0.0
2023-01-27,177.89999389648438,160.27000427246094,4,1970.2123618773674,1970.2123618773674,611397.861249572,55.65554845380697,WIN,611397.861249572,0.0
2023-01-30,166.66000366210938,177.89999389648438,4,2346.304646423167,-2149.691447326833,609248.1698022452,58.61817599360883,LOSS,611397.861249572,-0.35160270972051944
2023-01-31,173.22000122070312,166.66000366210938,4,2263.804159645962,2263.804159645962,611511.9739618911,59.92276709893727,WIN,611511.9739618911,0.0
2023-02-01,181.41000366210938,173.22000122070312,4,2360.7903860589536,2360.7903860589536,613872.7643479501,60.07320326064656,WIN,613872.7643479501,0.0
2023-02-02,188.27000427246094,181.41000366210938,4,2015.6340289275938,2015.6340289275938,615888.3983768777,51.745950243973816,WIN,615888.3983768777,0.0
2023-02-03,189.97999572753906,188.27000427246094,4,2079.6358800581024,2079.6358800581024,617968.0342569357,51.53130631100166,WIN,617968.0342569357,0.0
2023-02-06,194.75999450683594,189.97999572753906,4,2022.6711278697724,2022.6711278697724,619990.7053848054,50.21084396228227,WIN,619990.7053848054,0.0
2023-02-07,196.80999755859375,194.75999450683594,4,2073.462208168274,2073.462208168274,622064.1675929737,50.20913887882364,WIN,622064.1675929737,0.0
2023-02-08,201.2899932861328,196.80999755859375,4,2074.1518325619704,2074.1518325619704,624138.3194255356,49.85398352739979,WIN,624138.3194255356,0.0
2023-02-09,207.32000732421875,201.2899932861328,4,2087.1528274732686,2087.1528274732686,626225.4722530089,49.29186443603995,WIN,626225.4722530089,0.0
2023-02-10,196.88999938964844,207.32000732421875,4,2147.206840618658,-2024.7963332094669,624200.6759197994,49.252454617232395,LOSS,626225.4722530089,-0.3233334354677021
2023-02-13,194.63999938964844,196.88999938964844,4,2185.7959670648966,1285.7959670648966,625486.4718868643,51.715123695394325,LOSS,626225.4722530089,-0.11800867241727407
2023-02-14,209.25,194.63999938964844,4,2164.5992262898776,2164.5992262898776,627651.0711131542,51.7793828275568,WIN,627651.0711131542,0.0
2023-02-15,214.24000549316406,209.25,4,2329.357807428693,2329.357807428693,629980.4289205829,51.8154209853226,WIN,629980.4289205829,0.0
2023-02-16,202.0399932861328,214.24000549316406,4,2321.845766759481,-2558.159116053019,627422.2698045298,50.841966509434656,LOSS,629980.4289205829,-0.4060696171841731
2023-02-17,208.30999755859375,202.0399932861328,4,2336.2608259583326,2336.2608259583326,629758.5306304882,53.24221285803932,WIN,629980.4289205829,-0.03522304501980962
2023-02-21,197.3699951171875,208.30999755859375,4,2392.838667265031,-1983.1623092974692,627775.3683211907,52.989391503531586,LOSS,629980.4289205829,-0.3500204924096364
2023-02-22,200.86000061035156,197.3699951171875,4,2319.965242877929,2319.965242877929,630095.3335640687,53.874013495086494,WIN,630095.3335640687,0.0
2023-02-23,202.07000732421875,200.86000061035156,4,2353.8928726825557,2353.8928726825557,632449.2264367512,53.75718868292006,WIN,632449.2264367512,0.0
2023-02-24,196.8800048828125,202.07000732421875,4,2366.5172791524838,290.51630258998375,632739.7427393412,53.731726425440336,LOSS,632739.7427393412,0.0
2023-02-27,207.6300048828125,196.8800048828125,4,2108.765650369421,2108.765650369421,634848.5083897107,50.42303272184609,WIN,634848.5083897107,0.0
2023-02-28,205.7100067138672,207.6300048828125,4,1974.1371473267193,1206.1378797485943,636054.6462694593,46.4446119475176,LOSS,636054.6462694593,0.0
2023-03-01,202.77000427246094,205.7100067138672,4,1785.4873399042337,609.4863633417337,636664.132632801,43.70518762008774,LOSS,636664.132632801,0.0
2023-03-02,190.89999389648438,202.77000427246094,4,1749.783241503998,-2998.220908886627,633665.9117239143,43.53905414843453,LOSS,636664.132632801,-0.47092662444923294
2023-03-03,197.7899932861328,190.89999389648438,4,1727.0671291951373,1727.0671291951373,635392.9788531094,44.92005151557487,WIN,636664.132632801,-0.19965845640384064
2023-03-06,193.80999755859375,197.7899932861328,4,1785.5411726382918,193.54288162266675,635586.5217347321,44.85551632302153,LOSS,636664.132632801,-0.16925892991845204
2023-03-07,187.7100067138672,193.80999755859375,4,1764.6268788237517,-675.3694590668733,634911.1522756652,45.11173273437733,LOSS,636664.132632801,-0.2753383247595011
2023-03-08,182.0,187.7100067138672,4,1721.1644171913126,-562.8382683555624,634348.3140073096,45.32452220490241,LOSS,636664.132632801,-0.3637425931180899
2023-03-09,172.9199981689453,182.0,4,1687.8542707715428,-1944.1464616503322,632404.1675456592,45.67062259464133,LOSS,636664.132632801,-0.6691071271009829
2023-03-10,173.44000244140625,172.9199981689453,4,1638.3898271461317,1638.3898271461317,634042.5573728053,46.33509772660615,WIN,636664.132632801,-0.41176738654251355
2023-03-13,174.47999572753906,173.44000244140625,4,1607.0471037321124,1607.0471037321124,635649.6044765374,45.643500070566205,WIN,636664.132632801,-0.1593506064285633
2023-03-14,183.25999450683594,174.47999572753906,4,1566.441714864359,1566.441714864359,637216.0461914018,44.69119184356523,WIN,637216.0461914018,0.0
2023-03-15,180.4499969482422,183.25999450683594,4,1731.8805376157811,607.8815141782811,637823.92770558,46.254265390374655,LOSS,637823.92770558,0.0
2023-03-16,184.1300048828125,180.4499969482422,4,1514.6804492840283,1514.6804492840283,639338.608154864,42.76023727009655,WIN,639338.608154864,0.0
2023-03-17,180.1300048828125,184.1300048828125,4,1538.8953928695394,-61.104607130460636,639277.5035477335,42.6403518934022,LOSS,639338.608154864,-0.00955747179211742
2023-03-20,183.25,180.1300048828125,4,1426.895938408954,1426.895938408954,640704.3994861424,41.19782724603735,WIN,640704.3994861424,0.0
2023-03-21,197.5800018310547,183.25,4,1422.7383862934582,1422.7383862934582,642127.1378724359,40.67675273422808,WIN,642127.1378724359,0.0
2023-03-22,191.14999389648438,197.5800018310547,4,1682.72441049433,-889.278763333795,641237.859109102,43.16625084754661,LOSS,642127.1378724359,-0.13848951568691747
2023-03-23,192.22000122070312,191.14999389648438,4,1651.1068842849636,1651.1068842849636,642888.965993387,43.56669070945925,WIN,642888.965993387,0.0
2023-03-24,190.41000366210938,192.22000122070312,4,1660.1282005462886,936.1291771087886,643825.0951704958,43.56288585499167,LOSS,643825.0951704958,0.0
2023-03-27,191.80999755859375,190.41000366210938,4,1626.9293959535194,1626.9293959535194,645452.0245664493,43.25777598056229,WIN,645452.0245664493,0.0
2023-03-28,189.19000244140625,191.80999755859375,4,1528.3008248208175,480.3027779458175,645932.3273443951,41.35097207156507,LOSS,645932.3273443951,0.0
2023-03-29,193.8800048828125,189.19000244140625,4,1509.9343874132053,1509.9343874132053,647442.2617318083,41.39483345821388,WIN,647442.2617318083,0.0
2023-03-30,195.27999877929688,193.8800048828125,4,1570.0195560408142,1570.0195560408142,649012.2812878491,41.781264146493434,WIN,649012.2812878491,0.0
2023-03-31,207.4600067138672,195.27999877929688,4,1453.0792144976785,1453.0792144976785,650465.3605023468,39.608806975048495,WIN,650465.3605023468,0.0
2023-04-03,194.77000427246094,207.4600067138672,4,1644.777328352388,-3431.223648210112,647034.1368541367,41.21994379680341,LOSS,650465.3605023468,-0.5275029012398389
2023-04-04,192.5800018310547,194.77000427246094,4,1669.0935600118828,793.0925834493828,647827.2294375862,43.34116122748434,LOSS,650465.3605023468,-0.4055759499204104
2023-04-05,185.52000427246094,192.5800018310547,4,1618.7215661837463,-1205.2774572537537,646621.9519803324,42.798412771697755,LOSS,650465.3605023468,-0.5908705913326684
2023-04-06,185.05999755859375,185.52000427246094,4,1574.0267151814185,1390.0240296345435,648011.9760099669,43.059529629119055,LOSS,650465.3605023468,-0.37717373458367187
2023-04-10,184.50999450683594,185.05999755859375,4,1476.6905315767374,1256.6893108736124,649268.6653208405,41.389792239668104,LOSS,650465.3605023468,-0.18397523591141374
2023-04-11,186.7899932861328,184.50999450683594,4,1473.8727180044311,1473.8727180044311,650742.5380388449,41.41795019305907,WIN,650742.5380388449,0.0
2023-04-12,180.5399932861328,186.7899932861328,4,1494.5181468447813,-1005.4818531552187,649737.0561856898,41.461022328209715,LOSS,650742.5380388449,-0.154513005433059
2023-04-13,185.89999389648438,180.5399932861328,4,1406.2434301398537,1406.2434301398537,651143.2996158296,40.76001535205455,WIN,651143.2996158296,0.0
2023-04-14,185.0,185.89999389648438,4,1468.387904437454,1108.390345843704,652251.6899616733,41.122843940759346,LOSS,652251.6899616733,0.0
2023-04-17,187.0399932861328,185.0,4,1449.75067029838,1449.75067029838,653701.4406319717,40.9167549774237,WIN,653701.4406319717,0.0
2023-04-18,184.30999755859375,187.0399932861328,4,1449.2847071512622,357.2864161356372,654058.7270481073,40.62584909437922,LOSS,654058.7270481073,0.0
2023-04-19,180.58999633789062,184.30999755859375,4,1428.6228463976365,-59.37764188361348,653999.3494062237,40.63466997816918,LOSS,654058.7270481073,-0.009078334930495466
2023-04-20,162.99000549316406,180.58999633789062,4,1167.2125257902896,-5872.783812100335,648126.5655941234,36.37545083493038,LOSS,654058.7270481073,-0.9069768827574317
2023-04-21,165.0800018310547,162.99000549316406,4,1314.973033478449,1314.973033478449,649441.5386276019,41.68178653664522,WIN,654058.7270481073,-0.70592872315054
2023-04-24,162.5500030517578,165.0800018310547,4,1339.1719743461128,327.17246262736285,649768.7110902293,41.828779739877746,LOSS,654058.7270481073,-0.6559068445183259
2023-04-25,160.6699981689453,162.5500030517578,4,1320.512626777238,568.510673652238,650337.2217638816,41.86671753291796,LOSS,654058.7270481073,-0.568986412125644
2023-04-26,153.75,160.6699981689453,4,1298.7729249548615,-1469.2263426232635,648867.9954212584,41.73360154458726,LOSS,654058.7270481073,-0.7936185868623284
2023-04-27,160.19000244140625,153.75,4,1275.2482321087803,1275.2482321087803,650143.2436533672,42.430810423045585,WIN,654058.7270481073,-0.5986440105174468
2023-04-28,164.30999755859375,160.19000244140625,4,1370.6887380367416,1370.6887380367416,651513.9323914039,43.298438342373046,WIN,654058.7270481073,-0.3890773949593964
2023-05-01,161.8300018310547,164.30999755859375,4,1432.4949807194257,440.4966897038007,651954.4290811077,43.83288851596146,LOSS,654058.7270481073,-0.32172920870526184
2023-05-02,160.30999755859375,161.8300018310547,4,1256.2181850976467,648.2164761132717,652602.645557221,40.67231718932943,LOSS,654058.7270481073,-0.2226224390366071
2023-05-03,160.61000061035156,160.30999755859375,4,1161.443924741574,1161.443924741574,653764.0894819626,38.960543894727095,WIN,654058.7270481073,-0.04504757049484693
2023-05-04,161.1999969482422,160.61000061035156,4,1167.3380053602473,1167.3380053602473,654931.4274873228,39.037155581848154,WIN,654931.4274873228,0.0
2023-05-05,170.05999755859375,161.1999969482422,4,1147.1936470191513,1147.1936470191513,656078.6211343419,38.535896038357414,WIN,656078.6211343419,0.0
2023-05-08,171.7899932861328,170.05999755859375,4,1334.436745796794,1334.436745796794,657413.0578801387,40.951045369356905,WIN,657413.0578801387,0.0
2023-05-09,169.14999389648438,171.7899932861328,4,1354.0782679274632,298.07851206808823,657711.1363922069,41.067833493407164,LOSS,657711.1363922069,0.0
2023-05-10,168.5399932861328,169.14999389648438,4,1329.2445519909768,1085.2443078503518,658796.3807000573,40.989141612885724,LOSS,658796.3807000573,0.0
2023-05-11,172.0800018310547,168.5399932861328,4,1295.2995165294217,1295.2995165294217,660091.6802165867,40.417115600130224,WIN,660091.6802165867,0.0
2023-05-12,167.97999572753906,172.0800018310547,4,1305.5985476649505,-334.4038937412995,659757.2763228454,40.09217393401655,LOSS,660091.6802165867,-0.05066021944581851
2023-05-15,166.35000610351562,167.97999572753906,4,1287.7900632031335,635.7942135937585,660393.0705364391,40.35400296727909,LOSS,660393.0705364391,0.0
2023-05-16,166.52000427246094,166.35000610351562,4,1267.7753458612956,1267.7753458612956,661660.8458823004,40.20452479996182,WIN,661660.8458823004,0.0
2023-05-17,173.86000061035156,166.52000427246094,4,1267.1829849366943,1267.1829849366943,662928.0288672372,40.167029168680045,WIN,662928.0288672372,0.0
2023-05-18,176.88999938964844,173.86000061035156,4,1387.8334585273785,1387.8334585273785,664315.8623257645,41.399561281690055,WIN,664315.8623257645,0.0
2023-05-19,180.13999938964844,176.88999938964844,4,1043.3952308006455,1043.3952308006455,665359.2575565651,34.50763404781617,WIN,665359.2575565651,0.0
2023-05-22,188.8699951171875,180.13999938964844,4,1068.2410998500059,1068.2410998500059,666427.4986564151,34.61183176999364,WIN,666427.4986564151,0.0
2023-05-23,185.77000427246094,188.8699951171875,4,1181.8139092486342,-58.18242864199078,666369.3162277732,35.6940341284019,LOSS,666427.4986564151,-0.008730496379462865
2023-05-24,182.89999389648438,185.77000427246094,4,1171.8545108417325,23.850360451107463,666393.1665882244,35.86205749805275,LOSS,666427.4986564151,-0.005151658396451288
2023-05-25,184.47000122070312,182.89999389648438,4,1058.6443065312837,1058.6443065312837,667451.8108947556,34.142356857741575,WIN,667451.8108947556,0.0
2023-05-26,193.1699981689453,184.47000122070312,4,1011.2912958512285,1011.2912958512285,668463.1021906069,33.13049041958746,WIN,668463.1021906069,0.0
2023-05-30,201.16000366210938,193.1699981689453,4,1122.5417184347468,1122.5417184347468,669585.6439090417,34.21860441208315,WIN,669585.6439090417,0.0
2023-05-31,203.92999267578125,201.16000366210938,4,1188.5151423788093,1188.5151423788093,670774.1590514205,34.53989013051229,WIN,670774.1590514205,0.0
2023-06-01,207.52000427246094,203.92999267578125,4,1181.359335161276,1181.359335161276,671955.5183865818,34.1584313373325,WIN,671955.5183865818,0.0
2023-06-02,213.97000122070312,207.52000427246094,4,1196.9618180299774,1196.9618180299774,673152.4802046118,34.07565074539255,WIN,673152.4802046118,0.0
2023-06-05,217.61000061035156,213.97000122070312,4,1244.9904235332008,1244.9904235332008,674397.470628145,34.24297230063713,WIN,674397.470628145,0.0
2023-06-06,221.30999755859375,217.61000061035156,4,1165.8034827490073,1165.8034827490073,675563.2741108941,32.71762605277599,WIN,675563.2741108941,0.0
2023-06-07,224.57000732421875,221.30999755859375,4,1186.2921448264112,1186.2921448264112,676749.5662557204,32.72758818006585,WIN,676749.5662557204,0.0
2023-06-08,234.86000061035156,224.57000732421875,4,1148.8031467802423,1148.8031467802423,677898.3694025007,31.918150980869896,WIN,677898.3694025007,0.0
2023-06-09,244.39999389648438,234.86000061035156,4,1237.951610197014,1237.951610197014,679136.3210126976,32.43225797922925,WIN,679136.3210126976,0.0
2023-06-12,249.8300018310547,244.39999389648438,4,1324.5793250216457,1324.5793250216457,680460.9003377192,32.924036279177464,WIN,680460.9003377192,0.0
2023-06-13,258.7099914550781,249.8300018310547,4,1219.3200660419366,1219.3200660419366,681680.2204037611,31.14106412207141,WIN,681680.2204037611,0.0
2023-06-14,256.7900085449219,258.7099914550781,4,1199.6525415052918,431.65937744279177,682111.8797812039,30.33561898140257,LOSS,682111.8797812039,0.0
2023-06-15,255.89999389648438,256.7900085449219,4,1226.3479236230203,870.3420642480203,682982.221845452,30.794090106602333,LOSS,682982.221845452,0.0
2023-06-16,260.5400085449219,255.89999389648438,4,1226.5954165557714,1226.5954165557714,684208.8172620077,30.852220148992128,WIN,684208.8172620077,0.0
2023-06-20,274.45001220703125,260.5400085449219,4,1248.6111655364016,1248.6111655364016,685457.4284275442,30.849363436912583,WIN,685457.4284275442,0.0
2023-06-21,259.4599914550781,274.45001220703125,4,1405.035169689376,-4590.973131091874,680866.4552964523,31.9310141963727,LOSS,685457.4284275442,-0.6697677989461314
2023-06-22,264.6099853515625,259.4599914550781,4,1639.9723522862137,1639.9723522862137,682506.4276487385,35.90379607679398,WIN,685457.4284275442,-0.43051554428046157
2023-06-23,256.6000061035156,264.6099853515625,4,1599.4943836494704,-1604.4973155692796,680901.9303331692,34.99104624188007,LOSS,685457.4284275442,-0.6645924174788556
2023-06-26,241.0500030517578,256.6000061035156,4,1626.7402017698923,-4593.261018933233,676308.6693142359,35.96624083797714,LOSS,685457.4284275442,-1.3346939917619316
2023-06-27,250.2100067138672,241.0500030517578,4,1830.6433107466603,1830.6433107466603,678139.3126249826,40.116297854078574,WIN,685457.4284275442,-1.067625136013124
2023-06-28,256.239990234375,250.2100067138672,4,1873.6096662074378,1873.6096662074378,680012.92229119,39.76472312146781,WIN,685457.4284275442,-0.7942880054336859
2023-06-29,257.5,256.239990234375,4,1883.1994353038056,1883.1994353038056,681896.1217264938,39.305717124763675,WIN,685457.4284275442,-0.519551842806649
2023-06-30,261.7699890136719,257.5,4,1895.3347373254242,1895.3347373254242,683791.4564638193,39.342642554296134,WIN,685457.4284275442,-0.24304528547406892
2023-07-03,279.82000732421875,261.7699890136719,4,1926.2202419829664,1926.2202419829664,685717.6767058022,39.33577159583892,WIN,685717.6767058022,0.0
2023-07-05,282.4800109863281,279.82000732421875,4,2214.4537075006897,2214.4537075006897,687932.1304133029,41.172600450989535,WIN,687932.1304133029,0.0
2023-07-06,276.5400085449219,282.4800109863281,4,2235.974113042844,-140.02686351965622,687792.1035497832,41.178097613143635,LOSS,687932.1304133029,-0.020354749738983356
2023-07-07,274.42999267578125,276.5400085449219,4,2247.4312409182526,1403.4248932620026,689195.5284430452,41.877413613106,LOSS,689195.5284430452,0.0
2023-07-10,269.6099853515625,274.42999267578125,4,2247.7004870567885,319.69755736928846,689515.2260004145,42.0873112871485,LOSS,689515.2260004145,0.0
2023-07-11,269.7900085449219,269.6099853515625,4,2175.8314663044075,2175.8314663044075,691691.0574667188,41.68998399263624,WIN,691691.0574667188,0.0
2023-07-12,271.989990234375,269.7900085449219,4,2119.083875473524,2119.083875473524,693810.1413421923,40.9765408475847,WIN,693810.1413421923,0.0
2023-07-13,277.8999938964844,271.989990234375,4,2121.4381053759503,2121.4381053759503,695931.5794475683,40.79505611495219,WIN,695931.5794475683,0.0
2023-07-14,281.3800048828125,277.8999938964844,4,2131.0825230187943,2131.0825230187943,698062.6619705871,40.3612563111644,WIN,698062.6619705871,0.0
2023-07-17,290.3800048828125,281.3800048828125,4,2153.289400820845,2153.289400820845,700215.951371408,40.308604718092525,WIN,700215.951371408,0.0
2023-07-18,293.3399963378906,290.3800048828125,4,2255.785380972995,2255.785380972995,702471.736752381,40.691537936635044,WIN,702471.736752381,0.0
2023-07-19,291.260009765625,293.3399963378906,4,2271.933300609116,1439.938671702866,703911.6754240838,40.61434932066847,LOSS,703911.6754240838,0.0
2023-07-20,262.8999938964844,291.260009765625,4,2126.49396435251,-9217.51238330374,694694.1630407801,39.145840509841776,LOSS,703911.6754240838,-1.3094700237427475
2023-07-21,260.0199890136719,262.8999938964844,4,2255.6183493064077,1103.6163961814077,695797.7794369615,43.37488276667938,LOSS,703911.6754240838,-1.15268666089875
2023-07-24,269.05999755859375,260.0199890136719,4,2219.7390697344636,2219.7390697344636,698017.518506696,43.23281767802116,WIN,703911.6754240838,-0.83734325245235
2023-07-25,265.2799987792969,269.05999755859375,4,2302.3846321750416,790.3851204562916,698807.9036271523,43.30008740813243,LOSS,703911.6754240838,-0.7250585513951955
2023-07-26,264.3500061035156,265.2799987792969,4,2080.6636891372423,1708.6666188247423,700516.570245977,40.93919023649816,LOSS,703911.6754240838,-0.48231977059641307
2023-07-27,255.7100067138672,264.3500061035156,4,2017.6347653502457,-1438.3649905091293,699078.2052554679,40.24191272188095,LOSS,703911.6754240838,-0.6866586160407008
2023-07-28,266.44000244140625,255.7100067138672,4,1986.655283236398,1986.655283236398,701064.8605387043,40.694124605268385,WIN,703911.6754240838,-0.4044278543418677
2023-07-31,267.42999267578125,266.44000244140625,4,2153.482599299046,2153.482599299046,703218.3431380034,41.73012384703385,WIN,703911.6754240838,-0.09849705727110604
2023-08-01,261.07000732421875,267.42999267578125,4,2150.8573688877436,-393.13677173725637,702825.2063662661,41.59870741642432,LOSS,703911.6754240838,-0.15434735574788533
2023-08-02,254.11000061035156,261.07000732421875,4,1875.156043895243,-908.8466416516319,701916.3597246145,38.75414841997389,LOSS,703911.6754240838,-0.28346108881731297
2023-08-03,259.32000732421875,254.11000061035156,4,1843.112956937761,1843.112956937761,703759.4726815523,38.98773420243917,WIN,703911.6754240838,-0.021622420517439095
2023-08-04,253.86000061035156,259.32000732421875,4,1896.7267092066245,-287.2759763402505,703472.196705212,39.18954880012637,LOSS,703911.6754240838,-0.06243378739343415
2023-08-07,251.4499969482422,253.86000061035156,4,1872.6183374236339,908.6168725798839,704380.8135777919,39.395741793952325,LOSS,704380.8135777919,0.0
2023-08-08,249.6999969482422,251.4499969482422,4,1846.227002395529,1146.227002395529,705527.0405801875,39.28244964900648,LOSS,705527.0405801875,0.0
2023-08-09,242.19000244140625,249.6999969482422,4,1833.3252639693176,-1170.6725387650574,704356.3680414225,39.2817520025845,LOSS,705527.0405801875,-0.16592879810847638
2023-08-10,245.33999633789062,242.19000244140625,4,1803.2472979971833,1803.2472979971833,706159.6153394197,39.62397216418944,WIN,706159.6153394197,0.0
2023-08-11,242.64999389648438,245.33999633789062,4,1806.6368216369951,730.6358450744951,706890.2511844942,39.35350845159684,LOSS,706890.2511844942,0.0
2023-08-14,239.75999450683594,242.64999389648438,4,1770.0499726205485,614.0502167611735,707504.3014012554,39.12483079284816,LOSS,707504.3014012554,0.0
2023-08-15,232.9600067138672,239.75999450683594,4,1668.1059006283576,-1051.8892165591424,706452.4121846963,38.009433781165185,LOSS,707504.3014012554,-0.14867601716000786
2023-08-16,225.60000610351562,232.9600067138672,4,1616.8764746460138,-1327.1237694946112,705125.2884152017,37.95379533684537,LOSS,707504.3014012554,-0.33625420811462664
2023-08-17,219.22000122070312,225.60000610351562,4,1584.2318527955385,-967.7701003294615,704157.5183148723,38.224087922014704,LOSS,707504.3014012554,-0.4730406698241446
2023-08-18,215.49000549316406,219.22000122070312,4,1147.776844560121,-344.22144645550406,703813.2968684168,32.315551012651675,LOSS,707504.3014012554,-0.5216935820076755
2023-08-21,231.27999877929688,215.49000549316406,4,1132.0328852953003,1132.0328852953003,704945.3297537122,32.373645030449474,WIN,707504.3014012554,-0.36168990668679346
2023-08-22,233.19000244140625,231.27999877929688,4,1500.9155438375558,1500.9155438375558,706446.2452975498,36.46234698668691,WIN,707504.3014012554,-0.14954765668705006
2023-08-23,236.86000061035156,233.19000244140625,4,1522.380130666501,1522.380130666501,707968.6254282163,36.590972943092055,WIN,707968.6254282163,0.0
2023-08-24,230.0399932861328,236.86000061035156,4,1570.942581564383,-1157.060348123117,706811.5650800932,36.934493920833816,LOSS,707968.6254282163,-0.163433845309632
2023-08-25,238.58999633789062,230.0399932861328,4,1515.1528063753362,1515.1528063753362,708326.7178864685,36.78272061884766,WIN,708326.7178864685,0.0
2023-08-28,238.82000732421875,238.58999633789062,4,1547.803748773845,1547.803748773845,709874.5216352424,36.45471237501934,WIN,709874.5216352424,0.0
2023-08-29,257.17999267578125,238.82000732421875,4,1546.9687175796391,1546.9687175796391,711421.490352822,36.42248548692458,WIN,711421.490352822,0.0
2023-08-30,256.8999938964844,257.17999267578125,4,1989.8009751444358,1877.8014634256858,713299.2918162477,40.58771428899023,LOSS,713299.2918162477,0.0
2023-08-31,258.0799865722656,256.8999938964844,4,1950.624172114496,1950.624172114496,715249.9159883623,40.11126208339721,WIN,715249.9159883623,0.0
2023-09-01,245.00999450683594,258.0799865722656,4,1939.9177811146026,-3288.079045057272,711961.836943305,39.85925042517921,LOSS,715249.9159883623,-0.4597105111873647
2023-09-05,256.489990234375,245.00999450683594,4,1942.2085196724354,1942.2085196724354,713904.0454629774,41.21628123593133,WIN,715249.9159883623,-0.18816786906225969
2023-09-06,251.9199981689453,256.489990234375,4,2133.2115469933037,305.2147208214287,714209.2601837988,42.505689608385595,LOSS,715249.9159883623,-0.145495410946733
2023-09-07,251.49000549316406,251.9199981689453,4,2108.7881911840586,1936.7911208715586,716146.0513046704,42.684032441526725,LOSS,716146.0513046704,0.0
2023-09-08,248.5,251.49000549316406,4,2059.183802674701,863.1816054090759,717009.2329100795,42.07904949823964,LOSS,717009.2329100795,0.0
2023-09-11,273.5799865722656,248.5,4,2037.5564224034313,2037.5564224034313,719046.789332483,42.117040120432364,WIN,719046.789332483,0.0
2023-09-12,267.4800109863281,273.5799865722656,4,2667.161886291599,227.17165191659888,719273.9609843995,47.24215679064989,LOSS,719273.9609843995,0.0
2023-09-13,271.29998779296875,267.4800109863281,4,2628.020487887392,2628.020487887392,721901.981472287,47.49349654995374,WIN,721901.981472287,0.0
2023-09-14,276.0400085449219,271.29998779296875,4,2613.7719890135136,2613.7719890135136,724515.7534613005,46.86228795572964,WIN,724515.7534613005,0.0
2023-09-15,274.3900146484375,276.0400085449219,4,2587.3831759812288,1927.3856173874788,726443.139078688,45.999004755522485,LOSS,726443.139078688,0.0
2023-09-18,265.2799987792969,274.3900146484375,4,2514.814216992672,-1129.1921306635782,725313.9469480244,45.31074682244328,LOSS,726443.139078688,-0.15544122725085507
2023-09-19,266.5,265.2799987792969,4,2482.845183875636,2482.845183875636,727796.7921319001,45.953101113149344,WIN,727796.7921319001,0.0
2023-09-20,262.5899963378906,266.5,4,2312.7519873921397,748.7505225483897,728545.5426544484,43.70059382181046,LOSS,728545.5426544484,0.0
2023-09-21,255.6999969482422,262.5899963378906,4,2300.4856505678117,-455.5141052915633,728090.0285491569,43.973461532037845,LOSS,728545.5426544484,-0.06252376531354654
2023-09-22,244.8800048828125,255.6999969482422,4,2279.7759276813485,-2048.2208984905265,726041.8076506663,44.48631316769891,LOSS,728545.5426544484,-0.3436621126882135
2023-09-25,246.99000549316406,244.8800048828125,4,2227.541486953427,2227.541486953427,728269.3491376197,45.0837180049579,WIN,728545.5426544484,-0.03791026101434833
2023-09-26,244.1199951171875,246.99000549316406,4,2199.682673728734,1051.6785233381088,729321.0276609578,44.45368835028092,LOSS,729321.0276609578,0.0
2023-09-27,240.5,244.1199951171875,4,2181.8264137219,733.8283668468998,730054.8560278047,44.558056540232414,LOSS,730054.8560278047,0.0
2023-09-28,246.3800048828125,240.5,4,1898.5789075867206,1898.5789075867206,731953.4349353914,41.107939885172264,WIN,731953.4349353914,0.0
2023-09-29,250.22000122070312,246.3800048828125,4,1978.273151468137,1978.273151468137,733931.7080868596,41.554604068977696,WIN,733931.7080868596,0.0
2023-10-02,251.60000610351562,250.22000122070312,4,2020.8949294280483,2020.8949294280483,735952.6030162876,41.71042174373375,WIN,735952.6030162876,0.0
2023-10-03,246.52999877929688,251.60000610351562,4,1906.4586567675467,-121.5442729199533,735831.0587433676,40.05969479467102,LOSS,735952.6030162876,-0.01651523106540469
2023-10-04,261.1600036621094,246.52999877929688,4,1778.383551980128,1778.383551980128,737609.4422953477,38.85693747984483,WIN,737609.4422953477,0.0
2023-10-05,260.04998779296875,261.1600036621094,4,2049.394227438119,1605.3878797818688,739214.8301751296,40.95242087274144,LOSS,739214.8301751296,0.0
2023-10-06,260.5299987792969,260.04998779296875,4,2042.0143641209065,2042.0143641209065,741256.8445392505,40.96934452361322,WIN,741256.8445392505,0.0
2023-10-09,259.6700134277344,260.5299987792969,4,2035.3509156082378,1691.3567749832378,742948.2013142337,40.83691119390458,LOSS,742948.2013142337,0.0
2023-10-10,263.6199951171875,259.6700134277344,4,1430.38560233059,1430.38560233059,744378.5869165643,33.2175664641543,WIN,744378.5869165643,0.0
2023-10-11,262.989990234375,263.6199951171875,4,1440.5437153496591,1188.5417622246591,745567.1286787889,33.07203784863684,LOSS,745567.1286787889,0.0
2023-10-12,258.8699951171875,262.989990234375,4,1420.3557139542331,-227.64233292076688,745339.4863458681,32.86145923759052,LOSS,745567.1286787889,-0.03053277487222472
2023-10-13,251.1199951171875,258.8699951171875,4,1383.3570380452506,-1716.6429619547494,743622.8433839134,32.67305387894511,LOSS,745567.1286787889,-0.2607793745307614
2023-10-16,253.9199981689453,251.1199951171875,4,1390.18230577693,1390.18230577693,745013.0256896904,33.308362185634095,WIN,745567.1286787889,-0.07431966455930568
2023-10-17,254.85000610351562,253.9199981689453,4,1355.6789671531408,1355.6789671531408,746368.7046568436,32.65708407467402,WIN,746368.7046568436,0.0
2023-10-18,242.67999267578125,254.85000610351562,4,1359.8165935639572,-3508.188777529793,742860.5158793138,32.64634318748989,LOSS,746368.7046568436,-0.4700342814001967
2023-10-19,220.11000061035156,242.67999267578125,4,1418.463480422573,-7609.533345749302,735250.9825335646,34.33050584251868,LOSS,746368.7046568436,-1.4895750657700173
2023-10-20,211.99000549316406,220.11000061035156,4,1649.2697224952842,-1598.7283243797158,733652.2542091848,39.78055017088702,LOSS,746368.7046568436,-1.7037759445588483
2023-10-23,212.0800018310547,211.99000549316406,4,1573.1175889248566,1573.1175889248566,735225.3717981096,39.54171078534006,WIN,746368.7046568436,-1.493006444295825
2023-10-24,216.52000427246094,212.0800018310547,4,1565.6405561437673,1565.6405561437673,736791.0123542533,39.41469916016095,WIN,746368.7046568436,-1.2832387321215126
2023-10-25,212.4199981689453,216.52000427246094,4,1629.8747939961206,-10.127647410129384,736780.8847068432,39.895178782534074,LOSS,746368.7046568436,-1.284595654959643
2023-10-26,205.75999450683594,212.4199981689453,4,1602.969071171043,-1061.032393672707,735719.8523131704,39.95679289970681,LOSS,746368.7046568436,-1.4267549372356283
2023-10-27,207.3000030517578,205.75999450683594,4,1535.7786788393526,1535.7786788393526,737255.6309920098,39.68463599291448,WIN,746368.7046568436,-1.220988180235088
2023-10-30,197.36000061035156,207.3000030517578,4,1533.4084387813307,-2442.592537781169,734813.0384542285,39.463442640967266,LOSS,746368.7046568436,-1.5482517059618597
2023-10-31,200.83999633789062,197.36000061035156,4,1506.6077197942798,1506.6077197942798,736319.6461740228,40.24643631927941,WIN,746368.7046568436,-1.3463933334987546
2023-11-01,205.66000366210938,200.83999633789062,4,1561.162460230155,1561.162460230155,737880.808634253,40.70732735792913,WIN,746368.7046568436,-1.1372256057404013
2023-11-02,218.50999450683594,205.66000366210938,4,1442.9458863845682,1442.9458863845682,739323.7545206376,38.20380666340883,WIN,746368.7046568436,-0.9438967754476039
2023-11-03,219.9600067138672,218.50999450683594,4,1761.230252267907,1761.230252267907,741084.9847729055,41.65654527348552,WIN,746368.7046568436,-0.7079235572139071
2023-11-06,219.27000427246094,219.9600067138672,4,1777.7610468105884,1501.7600702480884,742586.7448431535,41.729368276008884,LOSS,746368.7046568436,-0.5067146827155448
2023-11-07,222.17999267578125,219.27000427246094,4,1772.247082604248,1772.247082604248,744358.9919257577,41.73031508509602,WIN,746368.7046568436,-0.26926540710329433
2023-11-08,222.11000061035156,222.17999267578125,4,1792.180327748442,1764.183501576567,746123.1754273343,41.676926411663544,LOSS,746368.7046568436,-0.032896506509096125
2023-11-09,209.97999572753906,222.11000061035156,4,1792.7520052635884,-3059.249947861412,743063.9254794728,41.69384514039051,LOSS,746368.7046568436,-0.44278104866282486
2023-11-10,214.64999389648438,209.97999572753906,4,1773.7967636929877,1773.7967636929877,744837.7222431658,42.93733455919484,WIN,746368.7046568436,-0.20512414362036097
2023-11-13,223.7100067138672,214.64999389648438,4,1831.870166784299,1831.870166784299,746669.5924099501,43.224278088070854,WIN,746669.5924099501,0.0
2023-11-14,237.41000366210938,223.7100067138672,4,1989.218733041577,1989.218733041577,748658.8111429916,44.4073684289329,WIN,748658.8111429916,0.0
2023-11-15,242.83999633789062,237.41000366210938,4,2275.4860156367477,2275.4860156367477,750934.2971586284,46.69816991867621,WIN,750934.2971586284,0.0
2023-11-16,233.58999633789062,242.83999633789062,4,2264.64016617368,-1435.35983382632,749498.937324802,45.841679599221855,LOSS,750934.2971586284,-0.19114319844724093
2023-11-17,234.3000030517578,233.58999633789062,4,1875.0428076453663,1875.0428076453663,751373.9801324474,41.54703243077865,WIN,751373.9801324474,0.0
2023-11-20,235.60000610351562,234.3000030517578,4,1803.4306563104767,1803.4306563104767,753177.410788758,40.45576697182912,WIN,753177.410788758,0.0
2023-11-21,241.1999969482422,235.60000610351562,4,1812.1787929788645,1812.1787929788645,754989.5895817368,40.43810639430059,WIN,754989.5895817368,0.0
2023-11-22,234.2100067138672,241.1999969482422,4,1859.6977327048105,-936.2983610451895,754053.2912206916,40.499055642315255,LOSS,754989.5895817368,-0.12401473794677088
2023-11-24,235.4499969482422,234.2100067138672,4,1832.98543830852,1832.98543830852,755886.2766590002,40.88288014787848,WIN,755886.2766590002,0.0
2023-11-27,236.0800018310547,235.4499969482422,4,1776.8563743791717,1776.8563743791717,757663.1330333793,39.95816597483643,WIN,757663.1330333793,0.0
2023-11-28,246.72000122070312,236.0800018310547,4,1782.5368889913993,1782.5368889913993,759445.6699223707,39.97113941508796,WIN,759445.6699223707,0.0
2023-11-29,244.13999938964844,246.72000122070312,4,1760.970022054568,728.9692896326931,760174.6392120034,38.605143084997245,LOSS,760174.6392120034,0.0
2023-11-30,240.0800018310547,244.13999938964844,4,1763.840408869908,139.84138543240806,760314.4805974358,38.89347856733329,LOSS,760314.4805974358,0.0
2023-12-01,238.8300018310547,240.0800018310547,4,1757.0255223451372,1257.0255223451372,761571.5061197809,39.203664111254625,LOSS,761571.5061197809,0.0
2023-12-04,235.5800018310547,238.8300018310547,4,1592.8511949693388,292.85119496933885,761864.3573147503,37.05694482011761,LOSS,761864.3573147503,0.0
2023-12-05,238.72000122070312,235.5800018310547,4,1587.9979831088451,1587.9979831088451,763452.3552978592,37.2931048535648,WIN,763452.3552978592,0.0
2023-12-06,239.3699951171875,238.72000122070312,4,1610.7096890445355,1610.7096890445355,765063.0649869037,37.31451726783731,WIN,765063.0649869037,0.0
2023-12-07,242.63999938964844,239.3699951171875,4,1610.9743126364776,1610.9743126364776,766674.0392995402,37.25757972329975,WIN,766674.0392995402,0.0
2023-12-08,243.83999633789062,242.63999938964844,4,1636.3663810494866,1636.3663810494866,768310.4056805897,37.303713881337494,WIN,768310.4056805897,0.0
2023-12-11,239.74000549316406,243.83999633789062,4,1426.859587785637,-213.1367501049881,768097.2689304848,34.35242208920542,LOSS,768310.4056805897,-0.027740968823160912
2023-12-12,237.00999450683594,239.74000549316406,4,1422.5823410004064,330.57794646915636,768427.846876954,34.62437957557776,LOSS,768427.846876954,0.0
2023-12-13,239.2899932861328,237.00999450683594,4,1333.6265350362498,1333.6265350362498,769761.4734119902,33.609152753687546,WIN,769761.4734119902,0.0
2023-12-14,251.0500030517578,239.2899932861328,4,1100.5971620618964,1100.5971620618964,770862.0705740522,30.211179249968133,WIN,770862.0705740522,0.0
2023-12-15,253.5,251.0500030517578,4,1297.1231758224844,1297.1231758224844,772159.1937498746,32.08755875984331,WIN,772159.1937498746,0.0
2023-12-18,252.0800018310547,253.5,4,1180.6880121394342,612.6887445613092,772771.8824944359,30.403386864280833,LOSS,772771.8824944359,0.0
2023-12-19,257.2200012207031,252.0800018310547,4,1181.6208616579695,1181.6208616579695,773953.5033560939,30.50239468226485,WIN,773953.5033560939,0.0
2023-12-20,247.13999938964844,257.2200012207031,4,1227.1418735160055,-2804.8588589058695,771148.644497188,30.777895407186108,LOSS,773953.5033560939,-0.362406636412025
2023-12-21,254.5,247.13999938964844,4,1280.6678120534852,1280.6678120534852,772429.3123092415,32.13769802109506,WIN,773953.5033560939,-0.19693573841878578
2023-12-22,252.5399932861328,254.5,4,1296.7000836751542,512.6973981282792,772942.0097073698,31.850422133797167,LOSS,773953.5033560939,-0.13069178501523793
2023-12-26,256.6099853515625,252.5399932861328,4,1296.9321689141316,1296.9321689141316,774238.941876284,31.984240503931826,WIN,774238.941876284,0.0
2023-12-27,261.44000244140625,256.6099853515625,4,1328.650825964252,1328.650825964252,775567.5927022483,32.12365002050653,WIN,775567.5927022483,0.0
2023-12-28,253.17999267578125,261.44000244140625,4,1235.151243770376,-2068.852662479624,773498.7400397686,30.624536184458478,LOSS,775567.5927022483,-0.26675336643080755
2023-12-29,248.47999572753906,253.17999267578125,4,1274.5377930110164,-605.4609862858586,772893.2790534828,31.64877821318677,LOSS,775567.5927022483,-0.34482019026188854
2024-01-02,248.4199981689453,248.47999572753906,4,1256.5302422579239,1232.5312188204239,774125.8102723032,31.724014976096516,LOSS,775567.5927022483,-0.18590029334794478
2024-01-03,238.4499969482422,248.4199981689453,4,1252.6877002025587,-2735.3127880786915,771390.4974842245,31.676898748060026,LOSS,775567.5927022483,-0.5385855800743081
2024-01-04,237.92999267578125,238.4499969482422,4,1305.9033333125162,1097.9016243281412,772488.3991085526,33.1122641038719,LOSS,775567.5927022483,-0.39702453050765757
2024-01-05,237.49000549316406,237.92999267578125,4,1292.5782984623904,1116.5834254155154,773604.9825339682,32.96663321714237,LOSS,775567.5927022483,-0.25305469010662424
2024-01-08,240.4499969482422,237.49000549316406,4,1289.9012183529342,1289.9012183529342,774894.8837523211,32.962639272515204,WIN,775567.5927022483,-0.08673763012495896
2024-01-09,234.9600067138672,240.4499969482422,4,1303.8484786255462,-892.1476151244538,774002.7361371967,32.933348230067054,LOSS,775567.5927022483,-0.20176920487346445
2024-01-10,233.94000244140625,234.9600067138672,4,1303.0790116256965,895.0773026413215,774897.813439838,33.3415416715361,LOSS,775567.5927022483,-0.08635988258310091
2024-01-11,227.22000122070312,233.94000244140625,4,1282.5185974105107,-1405.4818908707393,773492.3315489673,33.13085206223688,LOSS,775567.5927022483,-0.2675796633083006
2024-01-12,218.88999938964844,227.22000122070312,4,1285.658420394774,-2046.342312027101,771445.9892369402,33.71276974444655,LOSS,775567.5927022483,-0.5314305940695011
2024-01-16,219.91000366210938,218.88999938964844,4,1294.368534896779,1294.368534896779,772740.3577718369,34.55649674352972,WIN,775567.5927022483,-0.3645375280007022
2024-01-17,215.5500030517578,219.91000366210938,4,1127.5625417280728,-616.4377024125522,772123.9200694243,31.957221268956683,LOSS,775567.5927022483,-0.44401966575542656
2024-01-18,211.8800048828125,215.5500030517578,4,1097.3097269880761,-370.68954059004886,771753.2305288343,31.8360508450417,LOSS,775567.5927022483,-0.4918155695654967
2024-01-19,212.19000244140625,211.8800048828125,4,1083.1837166641099,1083.1837166641099,772836.4142454984,31.90718019895821,WIN,775567.5927022483,-0.3521522150292351
2024-01-22,208.8000030517578,212.19000244140625,4,1036.4622283915346,-319.5375274678404,772516.8767180305,31.154279584832594,LOSS,775567.5927022483,-0.3933526894268931
2024-01-23,209.13999938964844,208.8000030517578,4,961.7401120593627,961.7401120593627,773478.61683009,30.233028766729248,WIN,775567.5927022483,-0.26934800935658665
2024-01-24,207.8300018310547,209.13999938964844,4,862.6144281812392,338.6154047437392,773817.2322348336,28.640762533256876,LOSS,775567.5927022483,-0.2256876749215324
2024-01-25,182.6300048828125,207.8300018310547,4,857.783453499633,-9222.215325797242,764595.0169090364,28.649868141697794,LOSS,775567.5927022483,-1.4147800780304582
2024-01-26,183.25,182.6300048828125,4,1291.4094731620098,1291.4094731620098,765886.4263821985,38.38572671103546,WIN,775567.5927022483,-1.248268546951333
2024-01-29,190.92999267578125,183.25,4,1261.5046352432578,1261.5046352432578,767147.9310174417,37.76690001779609,WIN,775567.5927022483,-1.0856128806865974
2024-01-30,191.58999633789062,190.92999267578125,4,1435.5645201207417,1435.5645201207417,768583.4955375624,39.86609527658723,WIN,775567.5927022483,-0.9005143111191258
2024-01-31,187.2899932861328,191.58999633789062,4,1449.706706623878,-270.29451407924694,768313.2010234832,40.02455434145428,LOSS,775567.5927022483,-0.9353654983815362
2024-02-01,188.86000061035156,187.2899932861328,4,1414.45313080135,1414.45313080135,769727.6541542845,39.976582835500125,WIN,775567.5927022483,-0.752988985475284
2024-02-02,187.91000366210938,188.86000061035156,4,1413.1495959051533,1033.1508166082783,770760.8049708927,39.74612400728971,LOSS,775567.5927022483,-0.6197767643446286
2024-02-05,181.05999755859375,187.91000366210938,4,1404.3987971122383,-1335.6036442940117,769425.2013265988,39.71721759288698,LOSS,775567.5927022483,-0.7919865958101787
2024-02-06,185.10000610351562,181.05999755859375,4,1370.9857202991682,1370.9857202991682,770796.187046898,40.04202554293164,WIN,775567.5927022483,-0.6152146763540849
2024-02-07,187.5800018310547,185.10000610351562,4,1423.389104536556,1423.389104536556,772219.5761514344,40.4317494955712,WIN,775567.5927022483,-0.4316859784133804
2024-02-08,189.55999755859375,187.5800018310547,4,1460.7195627543672,1460.7195627543672,773680.2957141888,40.7536828321912,WIN,775567.5927022483,-0.24334397231370372
2024-02-09,193.57000732421875,189.55999755859375,4,1490.801034363964,1490.801034363964,775171.0967485528,41.009501226555656,WIN,775567.5927022483,-0.05112332663540261
2024-02-12,188.1300048828125,193.57000732421875,4,1540.4387221271681,-635.5622544353319,774535.5344941174,41.31875816546433,LOSS,775567.5927022483,-0.13307134256795905
2024-02-13,184.02000427246094,188.1300048828125,4,1481.6339561657633,-162.36628797486173,774373.1682061425,41.04605113685349,LOSS,775567.5927022483,-0.15400649889768056
2024-02-14,188.7100067138672,184.02000427246094,4,1451.00608519159,1451.00608519159,775824.1742913341,41.07733645206246,WIN,775824.1742913341,0.0
2024-02-15,200.4499969482422,188.7100067138672,4,1520.589791792915,1520.589791792915,777344.764083127,41.64870894557008,WIN,777344.764083127,0.0
2024-02-16,199.9499969482422,200.4499969482422,4,1767.4149719028132,1567.4149719028132,778912.1790550299,44.16026783673681,LOSS,778912.1790550299,0.0
2024-02-20,193.75999450683594,199.9499969482422,4,1762.5481146520706,-713.4528619104294,778198.7261931194,44.15268852418538,LOSS,778912.1790550299,-0.09159605936268816
2024-02-21,194.77000427246094,193.75999450683594,4,1728.6177715237184,1728.6177715237184,779927.3439646432,44.504882747977895,WIN,779927.3439646432,0.0
2024-02-22,197.41000366210938,194.77000427246094,4,1739.1410460773955,1739.1410460773955,781666.4850107206,44.53056555071984,WIN,781666.4850107206,0.0
2024-02-23,191.97000122070312,197.41000366210938,4,1770.6902298017944,-405.31074676070557,781261.1742639599,44.66418817486802,LOSS,781666.4850107206,-0.051852133170981585
2024-02-26,199.39999389648438,191.97000122070312,4,1182.1492365087377,1182.1492365087377,782443.3235004686,35.365635727448826,WIN,782443.3235004686,0.0
2024-02-27,199.72999572753906,199.39999389648438,4,1286.6666301672067,1286.6666301672067,783729.9901306358,36.34027098713946,WIN,783729.9901306358,0.0
2024-02-28,202.0399932861328,199.72999572753906,4,1218.0446211042397,1218.0446211042397,784948.03475174,35.16874794821675,WIN,784948.03475174,0.0
2024-02-29,201.8800048828125,202.0399932861328,4,1235.9932806345428,1171.9979193064178,786120.0326710464,35.231952530276054,LOSS,786120.0326710464,0.0
2024-03-01,202.63999938964844,201.8800048828125,4,1201.8069085211355,1201.8069085211355,787321.8395795675,34.68794659550373,WIN,787321.8395795675,0.0
2024-03-04,188.13999938964844,202.63999938964844,4,1205.310362461314,-4594.689637538686,782727.1499420288,34.67128578591886,LOSS,787321.8395795675,-0.5835846799311859
2024-03-05,180.74000549316406,188.13999938964844,4,1352.6922187930286,-1607.3053398007214,781119.844602228,38.77808562074066,LOSS,787321.8395795675,-0.7877331309203116
2024-03-06,176.5399932861328,180.74000549316406,4,1307.8656212144665,-372.1392615980335,780747.70534063,38.931386776981114,LOSS,787321.8395795675,-0.8349996035227638
2024-03-07,178.64999389648438,176.5399932861328,4,1276.3628445090076,1276.3628445090076,782024.068185139,38.91057832275826,WIN,787321.8395795675,-0.672885105950775
2024-03-08,175.33999633789062,178.64999389648438,4,1290.0307168502934,-33.9683065872066,781990.0998785518,38.88119631281599,LOSS,787321.8395795675,-0.6771995177808003
2024-03-11,177.77000427246094,175.33999633789062,4,1268.8155098974307,1268.8155098974307,783258.9153884492,38.93186358591234,WIN,787321.8395795675,-0.5160436287767591
2024-03-12,177.5399932861328,177.77000427246094,4,1274.8587192055916,1182.8543246743416,784441.7697131236,38.71715592265161,LOSS,787321.8395795675,-0.3658059159113319
2024-03-13,169.47999572753906,177.5399932861328,4,1249.7594143565561,-1974.2396090809439,782467.5301040426,38.28033636145406,LOSS,787321.8395795675,-0.6165597385329932
2024-03-14,162.5,169.47999572753906,4,1244.434152632691,-1547.564138382934,780919.9659656597,39.28356866490127,LOSS,787321.8395795675,-0.8131202885628652
2024-03-15,163.57000732421875,162.5,4,1204.4167050866386,1204.4167050866386,782124.3826707463,39.51220828116206,WIN,787321.8395795675,-0.6601438760541309
2024-03-18,173.8000030517578,163.57000732421875,4,1041.0240242033422,1041.0240242033422,783165.4066949496,36.04825574338284,WIN,787321.8395795675,-0.5279204355410095
2024-03-19,171.32000732421875,173.8000030517578,4,1295.4534459972092,303.4551549815842,783468.8618499312,39.650802596286205,LOSS,787321.8395795675,-0.4893777278798545
2024-03-20,175.66000366210938,171.32000732421875,4,1257.6248815236365,1257.6248815236365,784726.4867314548,39.27739418097897,WIN,787321.8395795675,-0.32964319261086755
2024-03-21,172.82000732421875,175.66000366210938,4,1319.0051401249955,183.00660496874548,784909.4933364236,39.833196985889884,LOSS,787321.8395795675,-0.30639899998609177
2024-03-22,170.8300018310547,172.82000732421875,4,1289.1113541723564,493.1091569067314,785402.6024933304,39.66922166751201,LOSS,787321.8395795675,-0.24376779478923818
2024-03-25,172.6300048828125,170.8300018310547,4,1258.8383851793394,1258.8383851793394,786661.4408785097,39.370523856375186,WIN,787321.8395795675,-0.0838791289481492
2024-03-26,177.6699981689453,172.6300048828125,4,1209.1513954716384,1209.1513954716384,787870.5922739813,38.164526728829244,WIN,787870.5922739813,0.0
2024-03-27,179.8300018310547,177.6699981689453,4,1289.2041782832803,1289.2041782832803,789159.7964522645,38.997535318818436,WIN,789159.7964522645,0.0
2024-03-28,175.7899932861328,179.8300018310547,4,1305.6440084495118,-310.35940951923817,788849.4370427453,39.01163120701243,LOSS,789159.7964522645,-0.03932782826931702
2024-04-01,175.22000122070312,175.7899932861328,4,1285.3785305487802,1057.3817043769052,789906.8187471222,39.182206484289566,LOSS,789906.8187471222,0.0
2024-04-02,166.6300048828125,175.22000122070312,4,1277.699971785378,-2158.298563370872,787748.5201837514,39.1159424719469,LOSS,789906.8187471222,-0.2732345780726549
2024-04-03,168.3800048828125,166.6300048828125,4,1127.542906652484,1127.542906652484,788876.0630904038,37.37890863094714,WIN,789906.8187471222,-0.1304907910977757
2024-04-04,171.11000061035156,168.3800048828125,4,1101.2044859460925,1101.2044859460925,789977.2675763499,36.62900231584654,WIN,789977.2675763499,0.0
2024-04-05,164.89999389648438,171.11000061035156,4,1114.935158929122,-1369.067526617753,788608.2000497321,36.54930416082206,LOSS,789977.2675763499,-0.17330467379372633
2024-04-08,172.97999572753906,164.89999389648438,4,1109.9857177869299,1109.9857177869299,789718.185767519,37.2615697149546,WIN,789977.2675763499,-0.032796109390047026
2024-04-09,176.8800048828125,172.97999572753906,4,1251.4481434850036,1251.4481434850036,790969.633911004,38.92632564555316,WIN,790969.633911004,0.0
2024-04-10,171.75999450683594,176.8800048828125,4,1291.3491448269467,-756.6550055636783,790212.9789054404,39.144819924894904,LOSS,790969.633911004,-0.09566170092046386
2024-04-11,174.60000610351562,171.75999450683594,4,1282.472795367102,1282.472795367102,791495.4517008075,39.69364366168031,WIN,791495.4517008075,0.0
2024-04-12,171.0500030517578,174.60000610351562,4,1237.0622793587904,-182.93894134433458,791312.5127594632,38.43183729287516,LOSS,791495.4517008075,-0.023113075501732454
2024-04-15,161.47999572753906,171.0500030517578,4,1160.1643403007438,-2667.838589386756,788644.6741700764,37.43135245276991,LOSS,791495.4517008075,-0.3601761102486774
2024-04-16,157.11000061035156,161.47999572753906,4,1207.1698199692244,-540.8282269057756,788103.8459431706,39.72342719195166,LOSS,791495.4517008075,-0.4285060325171656
2024-04-17,155.4499969482422,157.11000061035156,4,1053.1259617162436,389.12449687249364,788492.9704400431,37.168459861740715,LOSS,791495.4517008075,-0.37934283189025547
2024-04-18,149.92999267578125,155.4499969482422,4,1039.953485357128,-1168.048223627247,787324.9222164159,37.12494653703598,LOSS,791495.4517008075,-0.5269176816404721
2024-04-19,147.0500030517578,149.92999267578125,4,999.2573874641545,-152.73846214522052,787172.1837542707,37.04184179388449,LOSS,791495.4517008075,-0.5462151345591206
2024-04-22,142.0500030517578,147.0500030517578,4,982.1137654164636,-1017.8862345835364,786154.2975196871,37.087969470753855,LOSS,791495.4517008075,-0.6748180510251948
2024-04-23,144.67999267578125,142.0500030517578,4,969.5512907841603,969.5512907841603,787123.8488104712,37.572963249091735,WIN,791495.4517008075,-0.5523219218685806
2024-04-24,162.1300048828125,144.67999267578125,4,999.2854281205209,999.2854281205209,788123.1342385918,37.842314637642524,WIN,791495.4517008075,-0.42606908921196796
2024-04-25,170.17999267578125,162.1300048828125,4,1560.2321566171424,1560.2321566171424,789683.3663952089,46.82620543401764,WIN,791495.4517008075,-0.2289445001490249
2024-04-26,168.2899932861328,170.17999267578125,4,1704.2737992002358,948.2740433408608,790631.6404385497,48.11996733392117,LOSS,791495.4517008075,-0.10913660468947221
2024-04-29,194.0500030517578,168.2899932861328,4,1676.5741871450132,1676.5741871450132,792308.2146256947,47.94757955538436,WIN,792308.2146256947,0.0
2024-04-30,183.27999877929688,194.0500030517578,4,2514.0951537746823,-1793.9065552096927,790514.308070485,57.8476581076524,LOSS,792308.2146256947,-0.22641524120220594
2024-05-01,179.99000549316406,183.27999877929688,4,2390.763759037719,1074.766444584594,791589.0745150696,58.14004795973856,LOSS,792308.2146256947,-0.09076519684512037
2024-05-02,180.00999450683594,179.99000549316406,4,2358.6791339486017,2358.6791339486017,793947.7536490182,58.33906203518489,WIN,793947.7536490182,0.0
2024-05-03,181.19000244140625,180.00999450683594,4,2356.3385462040414,2356.3385462040414,796304.0921952223,58.29124762635488,WIN,796304.0921952223,0.0
2024-05-06,184.75999450683594,181.19000244140625,4,2335.8760042788053,2335.8760042788053,798639.968199501,57.63581680509331,WIN,798639.968199501,0.0
2024-05-07,177.80999755859375,184.75999450683594,4,2344.6183779210246,-435.3804013758504,798204.5877981252,56.968481623203665,LOSS,798639.968199501,-0.05451522822697768
2024-05-08,174.72000122070312,177.80999755859375,4,2283.3234750587067,1047.3249399024567,799251.9127380276,57.46883021672054,LOSS,799251.9127380276,0.0
2024-05-09,171.97000122070312,174.72000122070312,4,2231.682141782067,1131.682141782067,800383.5948798097,57.24241580276283,LOSS,800383.5948798097,0.0
2024-05-10,168.47000122070312,171.97000122070312,4,2197.7734083107557,797.7734083107557,801181.3682881204,57.26581551423115,LOSS,801181.3682881204,0.0
2024-05-13,171.88999938964844,168.47000122070312,4,2153.060295340466,2153.060295340466,803334.4285834609,57.266145737539475,WIN,803334.4285834609,0.0
2024-05-14,177.5500030517578,171.88999938964844,4,2132.9011115321055,2132.9011115321055,805467.329694993,56.0373344307766,WIN,805467.329694993,0.0
2024-05-15,173.99000549316406,177.5500030517578,4,2195.5922883258822,771.5932648883822,806238.9229598814,55.89686761162798,LOSS,806238.9229598814,0.0
2024-05-16,174.83999633789062,173.99000549316406,4,2160.6111974095693,2160.6111974095693,808399.5341572909,56.068737626942294,WIN,808399.5341572909,0.0
2024-05-17,177.4600067138672,174.83999633789062,4,2130.83606015968,2130.83606015968,810530.3702174507,55.305868350454546,WIN,810530.3702174507,0.0
2024-05-20,174.9499969482422,177.4600067138672,4,2144.824226551713,1140.8203203017129,811671.1905377524,54.97148156423783,LOSS,811671.1905377524,0.0
2024-05-21,186.60000610351562,174.9499969482422,4,2083.6318559307097,2083.6318559307097,813754.822393683,54.388195275558786,WIN,813754.822393683,0.0
2024-05-22,180.11000061035156,186.60000610351562,4,2289.367927434428,-306.6342698311969,813448.1881238518,55.575415309463544,LOSS,813754.822393683,-0.03768140739605856
2024-05-23,173.74000549316406,180.11000061035156,4,1969.7193632466667,-578.2786836283333,812869.9094402235,51.168088737986366,LOSS,813754.822393683,-0.10874441897088176
2024-05-24,179.24000549316406,173.74000549316406,4,1887.4864568578796,1887.4864568578796,814757.3958970814,50.928827630065314,WIN,814757.3958970814,0.0
2024-05-28,176.75,179.24000549316406,4,1962.681357650376,966.679160384751,815724.075057466,51.2137819129583,LOSS,815724.075057466,0.0
2024-05-29,176.19000244140625,176.75,4,1242.0098757845913,1018.0108523470913,816742.0859098132,38.23938654322667,LOSS,816742.0859098132,0.0
2024-05-30,178.7899932861328,176.19000244140625,4,1128.2224445044078,1128.2224445044078,817870.3083543176,36.17739351238676,WIN,817870.3083543176,0.0
2024-05-31,178.0800018310547,178.7899932861328,4,1142.7142642719732,858.7176822407232,818729.0260365583,36.13749284356814,LOSS,818729.0260365583,0.0
2024-06-03,176.2899932861328,178.0800018310547,4,1138.8062721345964,422.8028541658464,819151.8288907242,36.14918966593967,LOSS,819151.8288907242,0.0
2024-06-04,174.77000427246094,176.2899932861328,4,1128.9239118865771,520.9283064178271,819672.757197142,36.17854127941182,LOSS,819672.757197142,0.0
2024-06-05,175.0,174.77000427246094,4,1101.9879807688576,1101.9879807688576,820774.7451779109,35.85302164002438,WIN,820774.7451779109,0.0
2024-06-06,177.94000244140625,175.0,4,1047.4027096392922,1047.4027096392922,821822.1478875502,34.79405065886259,WIN,821822.1478875502,0.0
2024-06-07,177.47999572753906,177.94000244140625,4,1063.0302701531411,879.0275846062661,822701.1754721565,34.7574582188535,LOSS,822701.1754721565,0.0
2024-06-10,173.7899932861328,177.47999572753906,4,1047.5348296774605,-428.4661468850395,822272.7093252714,34.519922778083796,LOSS,822701.1754721565,-0.052080410197441016
2024-06-11,170.66000366210938,173.7899932861328,4,1026.633130878024,-225.36271873135092,822047.34660654,34.536625071465,LOSS,822701.1754721565,-0.07947343277359813
2024-06-12,177.2899932861328,170.66000366210938,4,1007.2601201892686,1007.2601201892686,823054.6067267293,34.51951047688216,WIN,823054.6067267293,0.0
2024-06-13,182.47000122070312,177.2899932861328,4,1065.5281270025446,1065.5281270025446,824120.1348537318,34.87649152343391,WIN,824120.1348537318,0.0
2024-06-14,178.00999450683594,182.47000122070312,4,1110.77023056381,-673.232454983065,823446.9023987488,35.13222566822862,LOSS,824120.1348537318,-0.08169105771242198
2024-06-17,187.44000244140625,178.00999450683594,4,1113.6974203504224,1113.6974203504224,824560.5998190992,35.691018067445,WIN,824560.5998190992,0.0
2024-06-18,184.86000061035156,187.44000244140625,4,1277.7563386120762,245.7556061902012,824806.3554252894,37.544717403378016,LOSS,824806.3554252894,0.0
2024-06-20,181.57000732421875,184.86000061035156,4,1259.635524193311,-56.361790259813915,824749.9936350295,37.53517748968463,LOSS,824806.3554252894,-0.006833336078111683
2024-06-21,183.00999450683594,181.57000732421875,4,1066.062697424007,1066.062697424007,825816.0563324535,34.41769472938168,WIN,825816.0563324535,0.0
2024-06-24,182.5800018310547,183.00999450683594,4,1018.9635834351384,846.9665131226384,826663.0228455762,33.41377737364427,LOSS,826663.0228455762,0.0
2024-06-25,187.35000610351562,182.5800018310547,4,946.062296836018,946.062296836018,827609.0851424122,32.13663556454827,WIN,827609.0851424122,0.0
2024-06-26,196.3699951171875,187.35000610351562,4,954.6847389303549,954.6847389303549,828563.7698813425,31.852537479253815,WIN,828563.7698813425,0.0
2024-06-27,197.4199981689453,196.3699951171875,4,1091.7970713593934,1091.7970713593934,829655.5669527019,33.38763307017548,WIN,829655.5669527019,0.0
2024-06-28,197.8800048828125,197.4199981689453,4,1093.3628261858987,1093.3628261858987,830748.9297788878,33.316065733466736,WIN,830748.9297788878,0.0
2024-07-01,209.86000061035156,197.8800048828125,4,1091.9997569458453,1091.9997569458453,831840.9295358337,33.25070571387877,WIN,831840.9295358337,0.0
2024-07-02,231.25999450683594,209.86000061035156,4,1307.2261852129004,1307.2261852129004,833148.1557210465,35.60061102238458,WIN,833148.1557210465,0.0
2024-07-03,246.38999938964844,231.25999450683594,4,1825.3894499207622,1825.3894499207622,834973.5451709672,41.104420592882576,WIN,834973.5451709672,0.0
2024-07-05,251.52000427246094,246.38999938964844,4,2029.779936421605,2029.779936421605,837003.3251073889,42.24488078484936,WIN,837003.3251073889,0.0
2024-07-08,252.94000244140625,251.52000427246094,4,2058.8547836636612,2058.8547836636612,839062.1798910525,42.07149357228162,WIN,839062.1798910525,0.0
2024-07-09,262.3299865722656,252.94000244140625,4,2078.128923413606,2078.128923413606,841140.3088144661,42.17152422814408,WIN,841140.3088144661,0.0
2024-07-10,263.260009765625,262.3299865722656,4,2147.5639060007006,2147.5639060007006,843287.8727204668,42.0742972150227,WIN,843287.8727204668,0.0
2024-07-11,241.02999877929688,263.260009765625,4,2084.0229293591383,-6807.981465172112,836479.8912552947,41.18042141374528,LOSS,843287.8727204668,-0.807314048429207
2024-07-12,248.22999572753906,241.02999877929688,4,2302.848443929848,2302.848443929848,838782.7396992245,46.597541387832536,WIN,843287.8727204668,-0.5342342949518137
2024-07-15,252.63999938964844,248.22999572753906,4,2359.9961218520766,2359.9961218520766,841142.7358210766,46.44242708862101,WIN,843287.8727204668,-0.2543777716700698
2024-07-16,256.55999755859375,252.63999938964844,4,2396.319674958057,2396.319674958057,843539.0554960346,46.3690722820371,WIN,843539.0554960346,0.0
2024-07-17,248.5,256.55999755859375,4,2358.2856180066583,-865.7134054308417,842673.3420906037,45.3995036496332,LOSS,843539.0554960346,-0.10262872830728922
2024-07-18,249.22999572753906,248.5,4,2327.005365079341,2327.005365079341,845000.347455683,45.969202693727375,WIN,845000.347455683,0.0
2024-07-19,239.1999969482422,249.22999572753906,4,2305.7114746443885,-1706.2880370743615,843294.0594186087,45.59593177764013,LOSS,845000.347455683,-0.2019274953213991
2024-07-22,251.50999450683594,239.1999969482422,4,2289.3874368479123,2289.3874368479123,845583.4468554566,46.65316623042122,WIN,845583.4468554566,0.0
2024-07-23,246.3800048828125,251.50999450683594,4,2455.2072791704245,403.2114295610495,845986.6582850176,47.284342668656464,LOSS,845986.6582850176,0.0
2024-07-24,215.99000549316406,246.3800048828125,4,2443.1179740905454,-9712.881781768829,836273.7765032487,47.79427335281322,LOSS,845986.6582850176,-1.1481128793991624
2024-07-25,220.25,215.99000549316406,4,2675.2162728444473,2675.2162728444473,838948.9927760932,55.96229444215843,WIN,845986.6582850176,-0.831888474836133
2024-07-26,219.8000030517578,220.25,4,2687.514234534223,2507.515455237348,841456.5082313305,55.35467826063377,LOSS,845986.6582850176,-0.5354871745696977
2024-07-29,232.10000610351562,219.8000030517578,4,2684.1099716880417,2684.1099716880417,844140.6182030186,55.38607471585738,WIN,845986.6582850176,-0.21821148878888
2024-07-30,222.6199951171875,232.10000610351562,4,2898.9765355095274,-893.0278590217226,843247.5903439969,56.30746859044158,LOSS,845986.6582850176,-0.3237720020991042
2024-07-31,232.07000732421875,222.6199951171875,4,2763.743712980591,2763.743712980591,846011.3340569774,56.05751231047202,WIN,846011.3340569774,0.0
2024-08-01,216.86000061035156,232.07000732421875,4,2636.4151123677793,-3447.5875731790957,842563.7464837984,52.571091265105565,LOSS,846011.3340569774,-0.4075108020889534
2024-08-02,207.6699981689453,216.86000061035156,4,2448.874059492908,-1227.1269170695919,841336.6195667288,52.34616650892277,LOSS,846011.3340569774,-0.5525593218510894
2024-08-05,198.8800048828125,207.6699981689453,4,2358.888921849726,-1157.108392603399,840179.5111741255,52.565810617010726,LOSS,846011.3340569774,-0.6893315311611619
2024-08-06,200.63999938964844,198.8800048828125,4,2281.112697982103,2281.112697982103,842460.6238721076,52.93277832862353,WIN,846011.3340569774,-0.4197000727924867
2024-08-07,191.75999450683594,200.63999938964844,4,2248.93823105044,-1303.0637220745598,841157.560150033,52.06969753915858,LOSS,846011.3340569774,-0.5737244539820247
2024-08-08,198.83999633789062,191.75999450683594,4,2166.4846079981653,2166.4846079981653,843324.0447580311,52.364281238337654,WIN,846011.3340569774,-0.3176422337109359
2024-08-09,200.0,198.83999633789062,4,2166.3090614865255,2166.3090614865255,845490.3538195177,51.03094916238243,WIN,846011.3340569774,-0.061580763340538976
2024-08-12,197.49000549316406,200.0,4,2142.4949599367233,1138.4971572023483,846628.85097672,50.42818030751164,LOSS,846628.85097672,0.0
2024-08-13,207.8300018310547,197.49000549316406,4,2093.2345044183594,2093.2345044183594,848722.0854811383,50.053532966141745,WIN,848722.0854811383,0.0
2024-08-14,201.3800048828125,207.8300018310547,4,2297.7980512648787,-282.2007280319963,848439.8847531063,51.56475336292922,LOSS,848722.0854811383,-0.03325007477236328
2024-08-15,214.13999938964844,201.3800048828125,4,2226.027837194702,2226.027837194702,850665.912590301,51.55722965241384,WIN,850665.912590301,0.0
2024-08-16,216.1199951171875,214.13999938964844,4,2508.5667535743073,2508.5667535743073,853174.4793438753,53.742433665356025,WIN,853174.4793438753,0.0
2024-08-19,222.72000122070312,216.1199951171875,4,2502.9945361426217,2502.9945361426217,855677.4738800179,53.30222344765008,WIN,855677.4738800179,0.0
2024-08-20,221.10000610351562,222.72000122070312,4,2523.377518873538,1875.379471998538,857552.8533520164,52.469857569363555,LOSS,857552.8533520164,0.0
2024-08-21,223.27000427246094,221.10000610351562,4,2497.8786478567863,2497.8786478567863,860050.7319998732,52.36298917351237,WIN,860050.7319998732,0.0
2024-08-22,210.66000366210938,223.27000427246094,4,2029.1879978069212,-3014.812246333704,857035.9197535395,45.057367217153285,LOSS,860050.7319998732,-0.3505388849938373
2024-08-23,220.32000732421875,210.66000366210938,4,2012.7987307310996,2012.7987307310996,859048.7184842706,46.59928788192414,WIN,860050.7319998732,-0.11650632669919199
2024-08-26,213.2100067138672,220.32000732421875,4,2178.0938613511516,-665.9063827894734,858382.8121014811,47.69502597199033,LOSS,860050.7319998732,-0.19393273400438157
2024-08-27,209.2100067138672,213.2100067138672,4,2030.6793957979803,430.6793957979803,858813.4914972791,46.498713150191215,LOSS,860050.7319998732,-0.1438566885138377
2024-08-28,205.75,209.2100067138672,4,1952.6702930128888,568.6676074660138,859382.1591047451,45.86778728324381,LOSS,860050.7319998732,-0.07773644858988919
2024-08-29,206.27999877929688,205.75,4,1852.9167405082965,1852.9167405082965,861235.0758452534,44.78345623021478,WIN,861235.0758452534,0.0
2024-08-30,214.11000061035156,206.27999877929688,4,1720.9056746714111,1720.9056746714111,862955.9815199248,42.59046242924781,WIN,862955.9815199248,0.0
2024-09-03,210.60000610351562,214.11000061035156,4,1771.8416069694704,367.8438042350954,863323.8253241599,42.36824670306656,LOSS,863323.8253241599,0.0
2024-09-04,219.41000366210938,210.60000610351562,4,1677.3423378581324,1677.3423378581324,865001.1676620181,41.340399815272235,WIN,865001.1676620181,0.0
2024-09-05,230.1699981689453,219.41000366210938,4,1804.7734945336583,1804.7734945336583,866805.9411565517,42.20353310947085,WIN,866805.9411565517,0.0
2024-09-06,210.72999572753906,230.1699981689453,4,1853.461083563261,-5922.539892999239,860883.4012635525,41.63138729447536,LOSS,866805.9411565517,-0.683260186829934
2024-09-09,216.27000427246094,210.72999572753906,4,1968.308287485657,1968.308287485657,862851.7095510381,45.890561012773745,WIN,866805.9411565517,-0.456184183536813
2024-09-10,226.1699981689453,216.27000427246094,4,2037.0944547015956,2037.0944547015956,864888.8040057397,46.15113757002553,WIN,866805.9411565517,-0.22117259005562276
2024-09-11,228.1300048828125,226.1699981689453,4,2174.4649906409068,2174.4649906409068,867063.2689963806,46.79629065762938,WIN,867063.2689963806,0.0
2024-09-12,229.80999755859375,228.1300048828125,4,2116.4326021033676,2116.4326021033676,869179.701598484,45.6818163544031,WIN,869179.701598484,0.0
2024-09-13,230.2899932861328,229.80999755859375,4,2078.9253968712637,2078.9253968712637,871258.6269953552,44.917756259577146,WIN,871258.6269953552,0.0
2024-09-16,226.77999877929688,230.2899932861328,4,1951.668601589962,547.670798855587,871806.2977942108,43.027866559341135,LOSS,871806.2977942108,0.0
2024-09-17,227.8699951171875,226.77999877929688,4,1935.0460050007066,1935.0460050007066,873741.3437992116,43.21925727720029,WIN,873741.3437992116,0.0
2024-09-18,227.1999969482422,227.8699951171875,4,1912.2140310539232,1644.2147634757982,875385.5585626874,42.75290126007589,LOSS,875385.5585626874,0.0
2024-09-19,243.9199981689453,227.1999969482422,4,1904.1187890282308,1904.1187890282308,877289.6773517156,42.71690608584062,WIN,877289.6773517156,0.0
2024-09-20,238.25,243.9199981689453,4,2248.748405717295,-19.2508618608299,877270.4264898548,45.48965381756068,LOSS,877289.6773517156,-0.0021943563634447983
2024-09-23,250.0,238.25,4,2073.717286686533,2073.717286686533,879344.1437765413,43.78562555103987,WIN,879344.1437765413,0.0
2024-09-24,254.27000427246094,250.0,4,2188.2238294034573,2188.2238294034573,881532.3676059447,43.94748032773488,WIN,881532.3676059447,0.0
2024-09-25,257.0199890136719,254.27000427246094,4,2155.8250474431547,2155.8250474431547,883688.1926533879,43.03996170340041,WIN,883688.1926533879,0.0
2024-09-26,254.22000122070312,257.0199890136719,4,2140.3274480346645,1020.3323308471645,884708.5249842351,42.540533780448584,LOSS,884708.5249842351,0.0
2024-09-27,260.4599914550781,254.22000122070312,4,2104.028139766215,2104.028139766215,886812.5531240012,42.37164258601376,WIN,886812.5531240012,0.0
2024-09-30,261.6300048828125,260.4599914550781,4,2159.4634363047344,2159.4634363047344,888972.016560306,42.41977369480513,WIN,888972.016560306,0.0
2024-10-01,258.0199890136719,261.6300048828125,4,2137.682913923471,693.676566267221,889665.6931265732,42.02183076577309,LOSS,889665.6931265732,0.0
2024-10-02,249.02000427246094,258.0199890136719,4,2101.7700858462476,-1498.2238106381274,888167.469315935,41.939584126025764,LOSS,889665.6931265732,-0.1684030105030735
2024-10-03,240.66000366210938,249.02000427246094,4,2066.232657839236,-1277.7675863013892,886889.7017296336,42.44125807991963,LOSS,889665.6931265732,-0.3120263508401546
2024-10-04,250.0800018310547,240.66000366210938,4,1975.8418128579972,1975.8418128579972,888865.5435424916,42.15234141152149,WIN,889665.6931265732,-0.08993823076054797
2024-10-07,240.8300018310547,250.0800018310547,4,1696.4634925117152,-2003.5365074882848,886862.0070350034,37.434923207685685,LOSS,889665.6931265732,-0.31513928357929305
2024-10-08,244.5,240.8300018310547,4,1718.2722953215987,1718.2722953215987,888580.279330325,38.59611107185809,WIN,889665.6931265732,-0.12200243356959942
2024-10-09,241.0500030517578,244.5,4,1661.7091511505048,281.7103718536298,888861.9897021786,37.47683622323352,LOSS,889665.6931265732,-0.09033768870755512
2024-10-10,238.77000427246094,241.0500030517578,4,1653.9391260702664,741.9396143515164,889603.9293165301,37.69192883126537,LOSS,889665.6931265732,-0.006942361666891838
2024-10-11,217.8000030517578,238.77000427246094,4,1644.9674815359092,-6743.033006745341,882860.8963097847,37.78434682464329,LOSS,889665.6931265732,-0.764871217285477
2024-10-14,219.16000366210938,217.8000030517578,4,1833.4212443429092,1833.4212443429092,884694.3175541277,42.83962691107717,WIN,889665.6931265732,-0.5587914214129744
2024-10-15,219.57000732421875,219.16000366210938,4,1840.0478237364127,1840.0478237364127,886534.3653778641,42.76686473765698,WIN,889665.6931265732,-0.3519667862772842
2024-10-16,221.3300018310547,219.57000732421875,4,1842.434652666908,1842.434652666908,888376.800030531,42.75096629344279,WIN,889665.6931265732,-0.14487386734140859
2024-10-17,220.88999938964844,221.3300018310547,4,1860.2950736121356,1684.2940970496356,890061.0941275806,42.79716988918016,LOSS,890061.0941275806,0.0
2024-10-18,220.6999969482422,220.88999938964844,4,1608.7536738289841,1532.7526972664841,891593.8468248472,39.086435292871826,LOSS,891593.8468248472,0.0
2024-10-21,218.85000610351562,220.6999969482422,4,1590.5994575475536,850.6031196569286,892444.4499445041,38.835130597962745,LOSS,892444.4499445041,0.0
2024-10-22,217.97000122070312,218.85000610351562,4,1436.6611068854713,1084.6591537604713,893529.1090982646,36.71034898954865,LOSS,893529.1090982646,0.0
2024-10-23,213.64999389648438,217.97000122070312,4,1402.300950018497,-325.7019796690031,893203.4071185956,36.27666396889805,LOSS,893529.1090982646,-0.036451188478653716
2024-10-24,260.4800109863281,213.64999389648438,4,1363.4082907441677,1363.4082907441677,894566.8154093397,36.104840719656536,WIN,894566.8154093397,0.0
2024-10-25,269.19000244140625,260.4800109863281,4,3593.6732939529065,3593.6732939529065,898160.4887032927,60.62713753452255,WIN,898160.4887032927,0.0
2024-10-28,262.510009765625,269.19000244140625,4,3727.5522453686913,1055.5551750561913,899216.0438783489,60.795609749625825,LOSS,899216.0438783489,0.0
2024-10-29,259.5199890136719,262.510009765625,4,3656.088196987177,2460.079896205927,901676.1237745548,61.06062521760107,LOSS,901676.1237745548,0.0
2024-10-30,257.54998779296875,259.5199890136719,4,3612.5011415841145,2824.5006533028645,904500.6244278577,61.03585482901369,LOSS,904500.6244278577,0.0
2024-10-31,249.85000610351562,257.54998779296875,4,3548.6621348649664,468.66945908371645,904969.2938869414,60.56822918290862,LOSS,904969.2938869414,0.0
